{
"type": "FeatureCollection",
"name": "malawi_hex_pop",
"crs": { "type": "name", "properties": { "name": "urn:ogc:def:crs:OGC:1.3:CRS84" } },
"xy_coordinate_resolution": 1e-05,
"features": [
{ "type": "Feature", "properties": { "pop": 2483.0 }, "geometry": { "type": "Polygon", "coordinates": [ [ [ 32.68428, -13.66004 ], [ 32.63563, -13.63534 ], [ 32.63545, -13.58568 ], [ 32.68391, -13.56072 ], [ 32.73256, -13.5854 ], [ 32.73274, -13.63506 ], [ 32.68428, -13.66004 ] ] ] } },
{ "type": "Feature", "properties": { "pop": 784.0 }, "geometry": { "type": "Polygon", "coordinates": [ [ [ 32.73256, -13.5854 ], [ 32.68391, -13.56072 ], [ 32.68373, -13.51107 ], [ 32.73219, -13.48611 ], [ 32.78083, -13.51079 ], [ 32.78102, -13.56043 ], [ 32.73256, -13.5854 ] ] ] } },
{ "type": "Feature", "properties": { "pop": 5568.0 }, "geometry": { "type": "Polygon", "coordinates": [ [ [ 32.78195, -13.8088 ], [ 32.7333, -13.78409 ], [ 32.73311, -13.73441 ], [ 32.78157, -13.70943 ], [ 32.83022, -13.73412 ], [ 32.83041, -13.78381 ], [ 32.78195, -13.8088 ] ] ] } },
{ "type": "Feature", "properties": { "pop": 4868.0 }, "geometry": { "type": "Polygon", "coordinates": [ [ [ 32.78139, -13.65975 ], [ 32.73274, -13.63506 ], [ 32.73256, -13.5854 ], [ 32.78102, -13.56043 ], [ 32.82966, -13.58512 ], [ 32.82985, -13.63478 ], [ 32.78139, -13.65975 ] ] ] } },
{ "type": "Feature", "properties": { "pop": 4319.0 }, "geometry": { "type": "Polygon", "coordinates": [ [ [ 32.83022, -13.73412 ], [ 32.78157, -13.70943 ], [ 32.78139, -13.65975 ], [ 32.82985, -13.63478 ], [ 32.8785, -13.65947 ], [ 32.87869, -13.70914 ], [ 32.83022, -13.73412 ] ] ] } },
{ "type": "Feature", "properties": { "pop": 7225.0 }, "geometry": { "type": "Polygon", "coordinates": [ [ [ 32.82966, -13.58512 ], [ 32.78102, -13.56043 ], [ 32.78083, -13.51079 ], [ 32.82929, -13.48583 ], [ 32.87794, -13.5105 ], [ 32.87812, -13.56015 ], [ 32.82966, -13.58512 ] ] ] } },
{ "type": "Feature", "properties": { "pop": 26767.0 }, "geometry": { "type": "Polygon", "coordinates": [ [ [ 32.87906, -13.80851 ], [ 32.83041, -13.78381 ], [ 32.83022, -13.73412 ], [ 32.87869, -13.70914 ], [ 32.92734, -13.73383 ], [ 32.92753, -13.78352 ], [ 32.87906, -13.80851 ] ] ] } },
{ "type": "Feature", "properties": { "pop": 9053.0 }, "geometry": { "type": "Polygon", "coordinates": [ [ [ 32.8785, -13.65947 ], [ 32.82985, -13.63478 ], [ 32.82966, -13.58512 ], [ 32.87812, -13.56015 ], [ 32.92677, -13.58483 ], [ 32.92696, -13.63449 ], [ 32.8785, -13.65947 ] ] ] } },
{ "type": "Feature", "properties": { "pop": 8281.0 }, "geometry": { "type": "Polygon", "coordinates": [ [ [ 32.87794, -13.5105 ], [ 32.82929, -13.48583 ], [ 32.8291, -13.43619 ], [ 32.87756, -13.41124 ], [ 32.9262, -13.4359 ], [ 32.92639, -13.48554 ], [ 32.87794, -13.5105 ] ] ] } },
{ "type": "Feature", "properties": { "pop": 21552.0 }, "geometry": { "type": "Polygon", "coordinates": [ [ [ 32.92791, -13.88292 ], [ 32.87925, -13.85821 ], [ 32.87906, -13.80851 ], [ 32.92753, -13.78352 ], [ 32.97618, -13.80822 ], [ 32.97637, -13.85792 ], [ 32.92791, -13.88292 ] ] ] } },
{ "type": "Feature", "properties": { "pop": 12608.0 }, "geometry": { "type": "Polygon", "coordinates": [ [ [ 32.92734, -13.73383 ], [ 32.87869, -13.70914 ], [ 32.8785, -13.65947 ], [ 32.92696, -13.63449 ], [ 32.97561, -13.65918 ], [ 32.9758, -13.70885 ], [ 32.92734, -13.73383 ] ] ] } },
{ "type": "Feature", "properties": { "pop": 23851.0 }, "geometry": { "type": "Polygon", "coordinates": [ [ [ 32.92677, -13.58483 ], [ 32.87812, -13.56015 ], [ 32.87794, -13.5105 ], [ 32.92639, -13.48554 ], [ 32.97504, -13.51021 ], [ 32.97523, -13.55986 ], [ 32.92677, -13.58483 ] ] ] } },
{ "type": "Feature", "properties": { "pop": 2883.0 }, "geometry": { "type": "Polygon", "coordinates": [ [ [ 32.9262, -13.4359 ], [ 32.87756, -13.41124 ], [ 32.87737, -13.36162 ], [ 32.92583, -13.33667 ], [ 32.97447, -13.36133 ], [ 32.97466, -13.41095 ], [ 32.9262, -13.4359 ] ] ] } },
{ "type": "Feature", "properties": { "pop": 85.0 }, "geometry": { "type": "Polygon", "coordinates": [ [ [ 32.92564, -13.28706 ], [ 32.877, -13.26241 ], [ 32.87681, -13.21281 ], [ 32.92526, -13.18787 ], [ 32.9739, -13.21252 ], [ 32.97409, -13.26212 ], [ 32.92564, -13.28706 ] ] ] } },
{ "type": "Feature", "properties": { "pop": 10.0 }, "geometry": { "type": "Polygon", "coordinates": [ [ [ 32.92394, -12.84099 ], [ 32.87531, -12.81637 ], [ 32.87512, -12.76686 ], [ 32.92356, -12.74196 ], [ 32.97219, -12.76657 ], [ 32.97238, -12.81609 ], [ 32.92394, -12.84099 ] ] ] } },
{ "type": "Feature", "properties": { "pop": 557.0 }, "geometry": { "type": "Polygon", "coordinates": [ [ [ 32.91092, -9.4414 ], [ 32.86237, -9.41702 ], [ 32.86218, -9.36798 ], [ 32.91054, -9.34332 ], [ 32.95909, -9.36769 ], [ 32.95928, -9.41673 ], [ 32.91092, -9.4414 ] ] ] } },
{ "type": "Feature", "properties": { "pop": 12.0 }, "geometry": { "type": "Polygon", "coordinates": [ [ [ 32.97732, -14.10656 ], [ 32.92866, -14.08183 ], [ 32.92847, -14.03209 ], [ 32.97694, -14.00708 ], [ 33.0256, -14.0318 ], [ 33.02579, -14.08154 ], [ 32.97732, -14.10656 ] ] ] } },
{ "type": "Feature", "properties": { "pop": 12165.0 }, "geometry": { "type": "Polygon", "coordinates": [ [ [ 32.97675, -13.95735 ], [ 32.9281, -13.93263 ], [ 32.92791, -13.88292 ], [ 32.97637, -13.85792 ], [ 33.02503, -13.88263 ], [ 33.02522, -13.93234 ], [ 32.97675, -13.95735 ] ] ] } },
{ "type": "Feature", "properties": { "pop": 23101.0 }, "geometry": { "type": "Polygon", "coordinates": [ [ [ 32.97618, -13.80822 ], [ 32.92753, -13.78352 ], [ 32.92734, -13.73383 ], [ 32.9758, -13.70885 ], [ 33.02445, -13.73354 ], [ 33.02464, -13.78323 ], [ 32.97618, -13.80822 ] ] ] } },
{ "type": "Feature", "properties": { "pop": 18217.0 }, "geometry": { "type": "Polygon", "coordinates": [ [ [ 32.97561, -13.65918 ], [ 32.92696, -13.63449 ], [ 32.92677, -13.58483 ], [ 32.97523, -13.55986 ], [ 33.02388, -13.58454 ], [ 33.02407, -13.6342 ], [ 32.97561, -13.65918 ] ] ] } },
{ "type": "Feature", "properties": { "pop": 14832.0 }, "geometry": { "type": "Polygon", "coordinates": [ [ [ 32.97504, -13.51021 ], [ 32.92639, -13.48554 ], [ 32.9262, -13.4359 ], [ 32.97466, -13.41095 ], [ 33.0233, -13.43561 ], [ 33.0235, -13.48525 ], [ 32.97504, -13.51021 ] ] ] } },
{ "type": "Feature", "properties": { "pop": 1030.0 }, "geometry": { "type": "Polygon", "coordinates": [ [ [ 32.97447, -13.36133 ], [ 32.92583, -13.33667 ], [ 32.92564, -13.28706 ], [ 32.97409, -13.26212 ], [ 33.02273, -13.28677 ], [ 33.02292, -13.33637 ], [ 32.97447, -13.36133 ] ] ] } },
{ "type": "Feature", "properties": { "pop": 70.0 }, "geometry": { "type": "Polygon", "coordinates": [ [ [ 32.97333, -13.06379 ], [ 32.92469, -13.03916 ], [ 32.9245, -12.98961 ], [ 32.97295, -12.96469 ], [ 33.02158, -12.98931 ], [ 33.02177, -13.03887 ], [ 32.97333, -13.06379 ] ] ] } },
{ "type": "Feature", "properties": { "pop": 56.0 }, "geometry": { "type": "Polygon", "coordinates": [ [ [ 32.97219, -12.76657 ], [ 32.92356, -12.74196 ], [ 32.92337, -12.69245 ], [ 32.97181, -12.66756 ], [ 33.02043, -12.69216 ], [ 33.02063, -12.74167 ], [ 32.97219, -12.76657 ] ] ] } },
{ "type": "Feature", "properties": { "pop": 14.0 }, "geometry": { "type": "Polygon", "coordinates": [ [ [ 32.96022, -9.66201 ], [ 32.91167, -9.63762 ], [ 32.91148, -9.58856 ], [ 32.95985, -9.56388 ], [ 33.0084, -9.58827 ], [ 33.00859, -9.63733 ], [ 32.96022, -9.66201 ] ] ] } },
{ "type": "Feature", "properties": { "pop": 1437.0 }, "geometry": { "type": "Polygon", "coordinates": [ [ [ 32.95966, -9.51483 ], [ 32.9111, -9.49044 ], [ 32.91092, -9.4414 ], [ 32.95928, -9.41673 ], [ 33.00783, -9.44111 ], [ 33.00802, -9.49016 ], [ 32.95966, -9.51483 ] ] ] } },
{ "type": "Feature", "properties": { "pop": 11543.0 }, "geometry": { "type": "Polygon", "coordinates": [ [ [ 33.0256, -14.0318 ], [ 32.97694, -14.00708 ], [ 32.97675, -13.95735 ], [ 33.02522, -13.93234 ], [ 33.07388, -13.95705 ], [ 33.07407, -14.00678 ], [ 33.0256, -14.0318 ] ] ] } },
{ "type": "Feature", "properties": { "pop": 40183.0 }, "geometry": { "type": "Polygon", "coordinates": [ [ [ 33.02503, -13.88263 ], [ 32.97637, -13.85792 ], [ 32.97618, -13.80822 ], [ 33.02464, -13.78323 ], [ 33.0733, -13.80793 ], [ 33.07349, -13.85763 ], [ 33.02503, -13.88263 ] ] ] } },
{ "type": "Feature", "properties": { "pop": 22969.0 }, "geometry": { "type": "Polygon", "coordinates": [ [ [ 33.02445, -13.73354 ], [ 32.9758, -13.70885 ], [ 32.97561, -13.65918 ], [ 33.02407, -13.6342 ], [ 33.07272, -13.65888 ], [ 33.07291, -13.70855 ], [ 33.02445, -13.73354 ] ] ] } },
{ "type": "Feature", "properties": { "pop": 15708.0 }, "geometry": { "type": "Polygon", "coordinates": [ [ [ 33.02388, -13.58454 ], [ 32.97523, -13.55986 ], [ 32.97504, -13.51021 ], [ 33.0235, -13.48525 ], [ 33.07214, -13.50992 ], [ 33.07234, -13.55956 ], [ 33.02388, -13.58454 ] ] ] } },
{ "type": "Feature", "properties": { "pop": 6973.0 }, "geometry": { "type": "Polygon", "coordinates": [ [ [ 33.0233, -13.43561 ], [ 32.97466, -13.41095 ], [ 32.97447, -13.36133 ], [ 33.02292, -13.33637 ], [ 33.07157, -13.36103 ], [ 33.07176, -13.41065 ], [ 33.0233, -13.43561 ] ] ] } },
{ "type": "Feature", "properties": { "pop": 59.0 }, "geometry": { "type": "Polygon", "coordinates": [ [ [ 33.02273, -13.28677 ], [ 32.97409, -13.26212 ], [ 32.9739, -13.21252 ], [ 33.02235, -13.18758 ], [ 33.07099, -13.21223 ], [ 33.07118, -13.26182 ], [ 33.02273, -13.28677 ] ] ] } },
{ "type": "Feature", "properties": { "pop": 64.0 }, "geometry": { "type": "Polygon", "coordinates": [ [ [ 33.02216, -13.138 ], [ 32.97352, -13.11336 ], [ 32.97333, -13.06379 ], [ 33.02177, -13.03887 ], [ 33.07041, -13.0635 ], [ 33.0706, -13.11307 ], [ 33.02216, -13.138 ] ] ] } },
{ "type": "Feature", "properties": { "pop": 14.0 }, "geometry": { "type": "Polygon", "coordinates": [ [ [ 33.02158, -12.98931 ], [ 32.97295, -12.96469 ], [ 32.97276, -12.91514 ], [ 33.0212, -12.89023 ], [ 33.06983, -12.91485 ], [ 33.07003, -12.96439 ], [ 33.02158, -12.98931 ] ] ] } },
{ "type": "Feature", "properties": { "pop": 67.0 }, "geometry": { "type": "Polygon", "coordinates": [ [ [ 33.02043, -12.69216 ], [ 32.97181, -12.66756 ], [ 32.97162, -12.61807 ], [ 33.02005, -12.59318 ], [ 33.06868, -12.61778 ], [ 33.06887, -12.66727 ], [ 33.02043, -12.69216 ] ] ] } },
{ "type": "Feature", "properties": { "pop": 974.0 }, "geometry": { "type": "Polygon", "coordinates": [ [ [ 33.0084, -9.58827 ], [ 32.95985, -9.56388 ], [ 32.95966, -9.51483 ], [ 33.00802, -9.49016 ], [ 33.05657, -9.51454 ], [ 33.05676, -9.56359 ], [ 33.0084, -9.58827 ] ] ] } },
{ "type": "Feature", "properties": { "pop": 4401.0 }, "geometry": { "type": "Polygon", "coordinates": [ [ [ 33.00783, -9.44111 ], [ 32.95928, -9.41673 ], [ 32.95909, -9.36769 ], [ 33.00745, -9.34303 ], [ 33.056, -9.3674 ], [ 33.05619, -9.41644 ], [ 33.00783, -9.44111 ] ] ] } },
{ "type": "Feature", "properties": { "pop": 1179.0 }, "geometry": { "type": "Polygon", "coordinates": [ [ [ 33.07446, -14.10626 ], [ 33.02579, -14.08154 ], [ 33.0256, -14.0318 ], [ 33.07407, -14.00678 ], [ 33.12273, -14.0315 ], [ 33.12292, -14.08124 ], [ 33.07446, -14.10626 ] ] ] } },
{ "type": "Feature", "properties": { "pop": 24193.0 }, "geometry": { "type": "Polygon", "coordinates": [ [ [ 33.07388, -13.95705 ], [ 33.02522, -13.93234 ], [ 33.02503, -13.88263 ], [ 33.07349, -13.85763 ], [ 33.12215, -13.88233 ], [ 33.12234, -13.93205 ], [ 33.07388, -13.95705 ] ] ] } },
{ "type": "Feature", "properties": { "pop": 22035.0 }, "geometry": { "type": "Polygon", "coordinates": [ [ [ 33.0733, -13.80793 ], [ 33.02464, -13.78323 ], [ 33.02445, -13.73354 ], [ 33.07291, -13.70855 ], [ 33.12157, -13.73325 ], [ 33.12176, -13.78293 ], [ 33.0733, -13.80793 ] ] ] } },
{ "type": "Feature", "properties": { "pop": 17712.0 }, "geometry": { "type": "Polygon", "coordinates": [ [ [ 33.07272, -13.65888 ], [ 33.02407, -13.6342 ], [ 33.02388, -13.58454 ], [ 33.07234, -13.55956 ], [ 33.12099, -13.58424 ], [ 33.12118, -13.6339 ], [ 33.07272, -13.65888 ] ] ] } },
{ "type": "Feature", "properties": { "pop": 11475.0 }, "geometry": { "type": "Polygon", "coordinates": [ [ [ 33.07214, -13.50992 ], [ 33.0235, -13.48525 ], [ 33.0233, -13.43561 ], [ 33.07176, -13.41065 ], [ 33.1204, -13.43532 ], [ 33.1206, -13.48495 ], [ 33.07214, -13.50992 ] ] ] } },
{ "type": "Feature", "properties": { "pop": 3978.0 }, "geometry": { "type": "Polygon", "coordinates": [ [ [ 33.07157, -13.36103 ], [ 33.02292, -13.33637 ], [ 33.02273, -13.28677 ], [ 33.07118, -13.26182 ], [ 33.11982, -13.28647 ], [ 33.12002, -13.33608 ], [ 33.07157, -13.36103 ] ] ] } },
{ "type": "Feature", "properties": { "pop": 183.0 }, "geometry": { "type": "Polygon", "coordinates": [ [ [ 33.06868, -12.61778 ], [ 33.02005, -12.59318 ], [ 33.01986, -12.5437 ], [ 33.06829, -12.51882 ], [ 33.11692, -12.5434 ], [ 33.11711, -12.59288 ], [ 33.06868, -12.61778 ] ] ] } },
{ "type": "Feature", "properties": { "pop": 3995.0 }, "geometry": { "type": "Polygon", "coordinates": [ [ [ 33.05715, -9.66172 ], [ 33.00859, -9.63733 ], [ 33.0084, -9.58827 ], [ 33.05676, -9.56359 ], [ 33.10532, -9.58798 ], [ 33.10551, -9.63704 ], [ 33.05715, -9.66172 ] ] ] } },
{ "type": "Feature", "properties": { "pop": 3743.0 }, "geometry": { "type": "Polygon", "coordinates": [ [ [ 33.05657, -9.51454 ], [ 33.00802, -9.49016 ], [ 33.00783, -9.44111 ], [ 33.05619, -9.41644 ], [ 33.10474, -9.44082 ], [ 33.10493, -9.48986 ], [ 33.05657, -9.51454 ] ] ] } },
{ "type": "Feature", "properties": { "pop": 3485.0 }, "geometry": { "type": "Polygon", "coordinates": [ [ [ 33.12273, -14.0315 ], [ 33.07407, -14.00678 ], [ 33.07388, -13.95705 ], [ 33.12234, -13.93205 ], [ 33.171, -13.95676 ], [ 33.1712, -14.00648 ], [ 33.12273, -14.0315 ] ] ] } },
{ "type": "Feature", "properties": { "pop": 24065.0 }, "geometry": { "type": "Polygon", "coordinates": [ [ [ 33.12215, -13.88233 ], [ 33.07349, -13.85763 ], [ 33.0733, -13.80793 ], [ 33.12176, -13.78293 ], [ 33.17042, -13.80763 ], [ 33.17061, -13.85733 ], [ 33.12215, -13.88233 ] ] ] } },
{ "type": "Feature", "properties": { "pop": 21504.0 }, "geometry": { "type": "Polygon", "coordinates": [ [ [ 33.12157, -13.73325 ], [ 33.07291, -13.70855 ], [ 33.07272, -13.65888 ], [ 33.12118, -13.6339 ], [ 33.16983, -13.65858 ], [ 33.17003, -13.70826 ], [ 33.12157, -13.73325 ] ] ] } },
{ "type": "Feature", "properties": { "pop": 12178.0 }, "geometry": { "type": "Polygon", "coordinates": [ [ [ 33.12099, -13.58424 ], [ 33.07234, -13.55956 ], [ 33.07214, -13.50992 ], [ 33.1206, -13.48495 ], [ 33.16925, -13.50962 ], [ 33.16944, -13.55927 ], [ 33.12099, -13.58424 ] ] ] } },
{ "type": "Feature", "properties": { "pop": 12122.0 }, "geometry": { "type": "Polygon", "coordinates": [ [ [ 33.1204, -13.43532 ], [ 33.07176, -13.41065 ], [ 33.07157, -13.36103 ], [ 33.12002, -13.33608 ], [ 33.16866, -13.36074 ], [ 33.16886, -13.41036 ], [ 33.1204, -13.43532 ] ] ] } },
{ "type": "Feature", "properties": { "pop": 1493.0 }, "geometry": { "type": "Polygon", "coordinates": [ [ [ 33.11982, -13.28647 ], [ 33.07118, -13.26182 ], [ 33.07099, -13.21223 ], [ 33.11944, -13.18729 ], [ 33.16808, -13.21193 ], [ 33.16827, -13.26153 ], [ 33.11982, -13.28647 ] ] ] } },
{ "type": "Feature", "properties": { "pop": 98.0 }, "geometry": { "type": "Polygon", "coordinates": [ [ [ 33.1175, -12.69187 ], [ 33.06887, -12.66727 ], [ 33.06868, -12.61778 ], [ 33.11711, -12.59288 ], [ 33.16574, -12.61748 ], [ 33.16593, -12.66697 ], [ 33.1175, -12.69187 ] ] ] } },
{ "type": "Feature", "properties": { "pop": 711.0 }, "geometry": { "type": "Polygon", "coordinates": [ [ [ 33.1059, -9.73519 ], [ 33.05734, -9.7108 ], [ 33.05715, -9.66172 ], [ 33.10551, -9.63704 ], [ 33.15407, -9.66143 ], [ 33.15427, -9.7105 ], [ 33.1059, -9.73519 ] ] ] } },
{ "type": "Feature", "properties": { "pop": 5718.0 }, "geometry": { "type": "Polygon", "coordinates": [ [ [ 33.10532, -9.58798 ], [ 33.05676, -9.56359 ], [ 33.05657, -9.51454 ], [ 33.10493, -9.48986 ], [ 33.15349, -9.51424 ], [ 33.15368, -9.5633 ], [ 33.10532, -9.58798 ] ] ] } },
{ "type": "Feature", "properties": { "pop": 19224.0 }, "geometry": { "type": "Polygon", "coordinates": [ [ [ 33.171, -13.95676 ], [ 33.12234, -13.93205 ], [ 33.12215, -13.88233 ], [ 33.17061, -13.85733 ], [ 33.21927, -13.88203 ], [ 33.21947, -13.93175 ], [ 33.171, -13.95676 ] ] ] } },
{ "type": "Feature", "properties": { "pop": 23371.0 }, "geometry": { "type": "Polygon", "coordinates": [ [ [ 33.17042, -13.80763 ], [ 33.12176, -13.78293 ], [ 33.12157, -13.73325 ], [ 33.17003, -13.70826 ], [ 33.21868, -13.73295 ], [ 33.21888, -13.78263 ], [ 33.17042, -13.80763 ] ] ] } },
{ "type": "Feature", "properties": { "pop": 20696.0 }, "geometry": { "type": "Polygon", "coordinates": [ [ [ 33.16983, -13.65858 ], [ 33.12118, -13.6339 ], [ 33.12099, -13.58424 ], [ 33.16944, -13.55927 ], [ 33.21809, -13.58394 ], [ 33.21829, -13.6336 ], [ 33.16983, -13.65858 ] ] ] } },
{ "type": "Feature", "properties": { "pop": 12111.0 }, "geometry": { "type": "Polygon", "coordinates": [ [ [ 33.16925, -13.50962 ], [ 33.1206, -13.48495 ], [ 33.1204, -13.43532 ], [ 33.16886, -13.41036 ], [ 33.2175, -13.43502 ], [ 33.2177, -13.48465 ], [ 33.16925, -13.50962 ] ] ] } },
{ "type": "Feature", "properties": { "pop": 7393.0 }, "geometry": { "type": "Polygon", "coordinates": [ [ [ 33.16866, -13.36074 ], [ 33.12002, -13.33608 ], [ 33.11982, -13.28647 ], [ 33.16827, -13.26153 ], [ 33.21692, -13.28618 ], [ 33.21711, -13.33578 ], [ 33.16866, -13.36074 ] ] ] } },
{ "type": "Feature", "properties": { "pop": 135.0 }, "geometry": { "type": "Polygon", "coordinates": [ [ [ 33.16574, -12.61748 ], [ 33.11711, -12.59288 ], [ 33.11692, -12.5434 ], [ 33.16535, -12.51852 ], [ 33.21398, -12.54311 ], [ 33.21417, -12.59259 ], [ 33.16574, -12.61748 ] ] ] } },
{ "type": "Feature", "properties": { "pop": 1934.0 }, "geometry": { "type": "Polygon", "coordinates": [ [ [ 33.15407, -9.66143 ], [ 33.10551, -9.63704 ], [ 33.10532, -9.58798 ], [ 33.15368, -9.5633 ], [ 33.20224, -9.58768 ], [ 33.20244, -9.63675 ], [ 33.15407, -9.66143 ] ] ] } },
{ "type": "Feature", "properties": { "pop": 3781.0 }, "geometry": { "type": "Polygon", "coordinates": [ [ [ 33.15349, -9.51424 ], [ 33.10493, -9.48986 ], [ 33.10474, -9.44082 ], [ 33.1531, -9.41615 ], [ 33.20165, -9.44052 ], [ 33.20185, -9.48957 ], [ 33.15349, -9.51424 ] ] ] } },
{ "type": "Feature", "properties": { "pop": 15837.0 }, "geometry": { "type": "Polygon", "coordinates": [ [ [ 33.21986, -14.0312 ], [ 33.1712, -14.00648 ], [ 33.171, -13.95676 ], [ 33.21947, -13.93175 ], [ 33.26813, -13.95645 ], [ 33.26832, -14.00618 ], [ 33.21986, -14.0312 ] ] ] } },
{ "type": "Feature", "properties": { "pop": 18951.0 }, "geometry": { "type": "Polygon", "coordinates": [ [ [ 33.21927, -13.88203 ], [ 33.17061, -13.85733 ], [ 33.17042, -13.80763 ], [ 33.21888, -13.78263 ], [ 33.26753, -13.80733 ], [ 33.26773, -13.85703 ], [ 33.21927, -13.88203 ] ] ] } },
{ "type": "Feature", "properties": { "pop": 15578.0 }, "geometry": { "type": "Polygon", "coordinates": [ [ [ 33.21868, -13.73295 ], [ 33.17003, -13.70826 ], [ 33.16983, -13.65858 ], [ 33.21829, -13.6336 ], [ 33.26694, -13.65828 ], [ 33.26714, -13.70796 ], [ 33.21868, -13.73295 ] ] ] } },
{ "type": "Feature", "properties": { "pop": 23330.0 }, "geometry": { "type": "Polygon", "coordinates": [ [ [ 33.21809, -13.58394 ], [ 33.16944, -13.55927 ], [ 33.16925, -13.50962 ], [ 33.2177, -13.48465 ], [ 33.26635, -13.50932 ], [ 33.26655, -13.55897 ], [ 33.21809, -13.58394 ] ] ] } },
{ "type": "Feature", "properties": { "pop": 10193.0 }, "geometry": { "type": "Polygon", "coordinates": [ [ [ 33.2175, -13.43502 ], [ 33.16886, -13.41036 ], [ 33.16866, -13.36074 ], [ 33.21711, -13.33578 ], [ 33.26576, -13.36044 ], [ 33.26596, -13.41006 ], [ 33.2175, -13.43502 ] ] ] } },
{ "type": "Feature", "properties": { "pop": 3345.0 }, "geometry": { "type": "Polygon", "coordinates": [ [ [ 33.21692, -13.28618 ], [ 33.16827, -13.26153 ], [ 33.16808, -13.21193 ], [ 33.21652, -13.18699 ], [ 33.26517, -13.21163 ], [ 33.26536, -13.26122 ], [ 33.21692, -13.28618 ] ] ] } },
{ "type": "Feature", "properties": { "pop": 126.0 }, "geometry": { "type": "Polygon", "coordinates": [ [ [ 33.21633, -13.13741 ], [ 33.16769, -13.11277 ], [ 33.16749, -13.06321 ], [ 33.21594, -13.03828 ], [ 33.26458, -13.0629 ], [ 33.26477, -13.11247 ], [ 33.21633, -13.13741 ] ] ] } },
{ "type": "Feature", "properties": { "pop": 135.0 }, "geometry": { "type": "Polygon", "coordinates": [ [ [ 33.21456, -12.69157 ], [ 33.16593, -12.66697 ], [ 33.16574, -12.61748 ], [ 33.21417, -12.59259 ], [ 33.2628, -12.61718 ], [ 33.263, -12.66667 ], [ 33.21456, -12.69157 ] ] ] } },
{ "type": "Feature", "properties": { "pop": 163.0 }, "geometry": { "type": "Polygon", "coordinates": [ [ [ 33.21045, -11.65381 ], [ 33.16185, -11.6293 ], [ 33.16165, -11.57997 ], [ 33.21006, -11.55516 ], [ 33.25867, -11.57967 ], [ 33.25886, -11.629 ], [ 33.21045, -11.65381 ] ] ] } },
{ "type": "Feature", "properties": { "pop": 844.0 }, "geometry": { "type": "Polygon", "coordinates": [ [ [ 33.20987, -11.50584 ], [ 33.16126, -11.48133 ], [ 33.16107, -11.43202 ], [ 33.20947, -11.40722 ], [ 33.25807, -11.43172 ], [ 33.25827, -11.48103 ], [ 33.20987, -11.50584 ] ] ] } },
{ "type": "Feature", "properties": { "pop": 4232.0 }, "geometry": { "type": "Polygon", "coordinates": [ [ [ 33.20283, -9.73489 ], [ 33.15427, -9.7105 ], [ 33.15407, -9.66143 ], [ 33.20244, -9.63675 ], [ 33.25099, -9.66113 ], [ 33.25119, -9.71021 ], [ 33.20283, -9.73489 ] ] ] } },
{ "type": "Feature", "properties": { "pop": 11778.0 }, "geometry": { "type": "Polygon", "coordinates": [ [ [ 33.20224, -9.58768 ], [ 33.15368, -9.5633 ], [ 33.15349, -9.51424 ], [ 33.20185, -9.48957 ], [ 33.25041, -9.51395 ], [ 33.2506, -9.563 ], [ 33.20224, -9.58768 ] ] ] } },
{ "type": "Feature", "properties": { "pop": 3314.0 }, "geometry": { "type": "Polygon", "coordinates": [ [ [ 33.26872, -14.10567 ], [ 33.22005, -14.08094 ], [ 33.21986, -14.0312 ], [ 33.26832, -14.00618 ], [ 33.31699, -14.0309 ], [ 33.31718, -14.08064 ], [ 33.26872, -14.10567 ] ] ] } },
{ "type": "Feature", "properties": { "pop": 27866.0 }, "geometry": { "type": "Polygon", "coordinates": [ [ [ 33.26813, -13.95645 ], [ 33.21947, -13.93175 ], [ 33.21927, -13.88203 ], [ 33.26773, -13.85703 ], [ 33.31639, -13.88173 ], [ 33.31659, -13.93144 ], [ 33.26813, -13.95645 ] ] ] } },
{ "type": "Feature", "properties": { "pop": 16718.0 }, "geometry": { "type": "Polygon", "coordinates": [ [ [ 33.26753, -13.80733 ], [ 33.21888, -13.78263 ], [ 33.21868, -13.73295 ], [ 33.26714, -13.70796 ], [ 33.3158, -13.73264 ], [ 33.31599, -13.78233 ], [ 33.26753, -13.80733 ] ] ] } },
{ "type": "Feature", "properties": { "pop": 15109.0 }, "geometry": { "type": "Polygon", "coordinates": [ [ [ 33.26694, -13.65828 ], [ 33.21829, -13.6336 ], [ 33.21809, -13.58394 ], [ 33.26655, -13.55897 ], [ 33.3152, -13.58364 ], [ 33.3154, -13.6333 ], [ 33.26694, -13.65828 ] ] ] } },
{ "type": "Feature", "properties": { "pop": 15630.0 }, "geometry": { "type": "Polygon", "coordinates": [ [ [ 33.26635, -13.50932 ], [ 33.2177, -13.48465 ], [ 33.2175, -13.43502 ], [ 33.26596, -13.41006 ], [ 33.3146, -13.43472 ], [ 33.3148, -13.48435 ], [ 33.26635, -13.50932 ] ] ] } },
{ "type": "Feature", "properties": { "pop": 7344.0 }, "geometry": { "type": "Polygon", "coordinates": [ [ [ 33.26576, -13.36044 ], [ 33.21711, -13.33578 ], [ 33.21692, -13.28618 ], [ 33.26536, -13.26122 ], [ 33.31401, -13.28587 ], [ 33.31421, -13.33548 ], [ 33.26576, -13.36044 ] ] ] } },
{ "type": "Feature", "properties": { "pop": 2809.0 }, "geometry": { "type": "Polygon", "coordinates": [ [ [ 33.26517, -13.21163 ], [ 33.21652, -13.18699 ], [ 33.21633, -13.13741 ], [ 33.26477, -13.11247 ], [ 33.31341, -13.13711 ], [ 33.31361, -13.18669 ], [ 33.26517, -13.21163 ] ] ] } },
{ "type": "Feature", "properties": { "pop": 271.0 }, "geometry": { "type": "Polygon", "coordinates": [ [ [ 33.26458, -13.0629 ], [ 33.21594, -13.03828 ], [ 33.21574, -12.98872 ], [ 33.26418, -12.9638 ], [ 33.31282, -12.98842 ], [ 33.31302, -13.03797 ], [ 33.26458, -13.0629 ] ] ] } },
{ "type": "Feature", "properties": { "pop": 1062.0 }, "geometry": { "type": "Polygon", "coordinates": [ [ [ 33.26398, -12.91425 ], [ 33.21535, -12.88964 ], [ 33.21515, -12.84011 ], [ 33.26359, -12.8152 ], [ 33.31222, -12.83981 ], [ 33.31242, -12.88934 ], [ 33.26398, -12.91425 ] ] ] } },
{ "type": "Feature", "properties": { "pop": 2255.0 }, "geometry": { "type": "Polygon", "coordinates": [ [ [ 33.26339, -12.76568 ], [ 33.21476, -12.74107 ], [ 33.21456, -12.69157 ], [ 33.263, -12.66667 ], [ 33.31163, -12.69127 ], [ 33.31183, -12.74077 ], [ 33.26339, -12.76568 ] ] ] } },
{ "type": "Feature", "properties": { "pop": 1611.0 }, "geometry": { "type": "Polygon", "coordinates": [ [ [ 33.2628, -12.61718 ], [ 33.21417, -12.59259 ], [ 33.21398, -12.54311 ], [ 33.26241, -12.51822 ], [ 33.31104, -12.54281 ], [ 33.31123, -12.59229 ], [ 33.2628, -12.61718 ] ] ] } },
{ "type": "Feature", "properties": { "pop": 4441.0 }, "geometry": { "type": "Polygon", "coordinates": [ [ [ 33.26103, -12.17211 ], [ 33.21241, -12.14756 ], [ 33.21221, -12.09815 ], [ 33.26063, -12.0733 ], [ 33.30925, -12.09785 ], [ 33.30945, -12.14726 ], [ 33.26103, -12.17211 ] ] ] } },
{ "type": "Feature", "properties": { "pop": 95.0 }, "geometry": { "type": "Polygon", "coordinates": [ [ [ 33.26044, -12.0239 ], [ 33.21182, -11.99935 ], [ 33.21163, -11.94997 ], [ 33.26004, -11.92513 ], [ 33.30866, -11.94967 ], [ 33.30886, -11.99905 ], [ 33.26044, -12.0239 ] ] ] } },
{ "type": "Feature", "properties": { "pop": 13.0 }, "geometry": { "type": "Polygon", "coordinates": [ [ [ 33.25985, -11.87576 ], [ 33.21124, -11.85122 ], [ 33.21104, -11.80186 ], [ 33.25945, -11.77703 ], [ 33.30806, -11.80156 ], [ 33.30826, -11.85092 ], [ 33.25985, -11.87576 ] ] ] } },
{ "type": "Feature", "properties": { "pop": 4452.0 }, "geometry": { "type": "Polygon", "coordinates": [ [ [ 33.25867, -11.57967 ], [ 33.21006, -11.55516 ], [ 33.20987, -11.50584 ], [ 33.25827, -11.48103 ], [ 33.30688, -11.50554 ], [ 33.30707, -11.55486 ], [ 33.25867, -11.57967 ] ] ] } },
{ "type": "Feature", "properties": { "pop": 822.0 }, "geometry": { "type": "Polygon", "coordinates": [ [ [ 33.25807, -11.43172 ], [ 33.20947, -11.40722 ], [ 33.20928, -11.35792 ], [ 33.25768, -11.33313 ], [ 33.30628, -11.35762 ], [ 33.30648, -11.40692 ], [ 33.25807, -11.43172 ] ] ] } },
{ "type": "Feature", "properties": { "pop": 2447.0 }, "geometry": { "type": "Polygon", "coordinates": [ [ [ 33.25158, -9.80837 ], [ 33.20302, -9.78398 ], [ 33.20283, -9.73489 ], [ 33.25119, -9.71021 ], [ 33.29975, -9.73459 ], [ 33.29995, -9.78368 ], [ 33.25158, -9.80837 ] ] ] } },
{ "type": "Feature", "properties": { "pop": 7880.0 }, "geometry": { "type": "Polygon", "coordinates": [ [ [ 33.25099, -9.66113 ], [ 33.20244, -9.63675 ], [ 33.20224, -9.58768 ], [ 33.2506, -9.563 ], [ 33.29916, -9.58738 ], [ 33.29936, -9.63645 ], [ 33.25099, -9.66113 ] ] ] } },
{ "type": "Feature", "properties": { "pop": 2141.0 }, "geometry": { "type": "Polygon", "coordinates": [ [ [ 33.25041, -9.51395 ], [ 33.20185, -9.48957 ], [ 33.20165, -9.44052 ], [ 33.25001, -9.41585 ], [ 33.29857, -9.44022 ], [ 33.29876, -9.48927 ], [ 33.25041, -9.51395 ] ] ] } },
{ "type": "Feature", "properties": { "pop": 10656.0 }, "geometry": { "type": "Polygon", "coordinates": [ [ [ 33.31758, -14.18015 ], [ 33.26892, -14.15542 ], [ 33.26872, -14.10567 ], [ 33.31718, -14.08064 ], [ 33.36585, -14.10536 ], [ 33.36605, -14.15512 ], [ 33.31758, -14.18015 ] ] ] } },
{ "type": "Feature", "properties": { "pop": 32788.0 }, "geometry": { "type": "Polygon", "coordinates": [ [ [ 33.31699, -14.0309 ], [ 33.26832, -14.00618 ], [ 33.26813, -13.95645 ], [ 33.31659, -13.93144 ], [ 33.36525, -13.95615 ], [ 33.36545, -14.00588 ], [ 33.31699, -14.0309 ] ] ] } },
{ "type": "Feature", "properties": { "pop": 19482.0 }, "geometry": { "type": "Polygon", "coordinates": [ [ [ 33.31639, -13.88173 ], [ 33.26773, -13.85703 ], [ 33.26753, -13.80733 ], [ 33.31599, -13.78233 ], [ 33.36465, -13.80702 ], [ 33.36485, -13.85672 ], [ 33.31639, -13.88173 ] ] ] } },
{ "type": "Feature", "properties": { "pop": 17169.0 }, "geometry": { "type": "Polygon", "coordinates": [ [ [ 33.3158, -13.73264 ], [ 33.26714, -13.70796 ], [ 33.26694, -13.65828 ], [ 33.3154, -13.6333 ], [ 33.36405, -13.65798 ], [ 33.36425, -13.70765 ], [ 33.3158, -13.73264 ] ] ] } },
{ "type": "Feature", "properties": { "pop": 12716.0 }, "geometry": { "type": "Polygon", "coordinates": [ [ [ 33.3152, -13.58364 ], [ 33.26655, -13.55897 ], [ 33.26635, -13.50932 ], [ 33.3148, -13.48435 ], [ 33.36345, -13.50902 ], [ 33.36365, -13.55866 ], [ 33.3152, -13.58364 ] ] ] } },
{ "type": "Feature", "properties": { "pop": 11157.0 }, "geometry": { "type": "Polygon", "coordinates": [ [ [ 33.3146, -13.43472 ], [ 33.26596, -13.41006 ], [ 33.26576, -13.36044 ], [ 33.31421, -13.33548 ], [ 33.36286, -13.36013 ], [ 33.36306, -13.40975 ], [ 33.3146, -13.43472 ] ] ] } },
{ "type": "Feature", "properties": { "pop": 4765.0 }, "geometry": { "type": "Polygon", "coordinates": [ [ [ 33.31401, -13.28587 ], [ 33.26536, -13.26122 ], [ 33.26517, -13.21163 ], [ 33.31361, -13.18669 ], [ 33.36226, -13.21133 ], [ 33.36246, -13.26092 ], [ 33.31401, -13.28587 ] ] ] } },
{ "type": "Feature", "properties": { "pop": 6577.0 }, "geometry": { "type": "Polygon", "coordinates": [ [ [ 33.31341, -13.13711 ], [ 33.26477, -13.11247 ], [ 33.26458, -13.0629 ], [ 33.31302, -13.03797 ], [ 33.36166, -13.0626 ], [ 33.36186, -13.11217 ], [ 33.31341, -13.13711 ] ] ] } },
{ "type": "Feature", "properties": { "pop": 1260.0 }, "geometry": { "type": "Polygon", "coordinates": [ [ [ 33.31282, -12.98842 ], [ 33.26418, -12.9638 ], [ 33.26398, -12.91425 ], [ 33.31242, -12.88934 ], [ 33.36106, -12.91395 ], [ 33.36126, -12.96349 ], [ 33.31282, -12.98842 ] ] ] } },
{ "type": "Feature", "properties": { "pop": 9898.0 }, "geometry": { "type": "Polygon", "coordinates": [ [ [ 33.31222, -12.83981 ], [ 33.26359, -12.8152 ], [ 33.26339, -12.76568 ], [ 33.31183, -12.74077 ], [ 33.36046, -12.76538 ], [ 33.36066, -12.81489 ], [ 33.31222, -12.83981 ] ] ] } },
{ "type": "Feature", "properties": { "pop": 11034.0 }, "geometry": { "type": "Polygon", "coordinates": [ [ [ 33.31163, -12.69127 ], [ 33.263, -12.66667 ], [ 33.2628, -12.61718 ], [ 33.31123, -12.59229 ], [ 33.35986, -12.61688 ], [ 33.36006, -12.66637 ], [ 33.31163, -12.69127 ] ] ] } },
{ "type": "Feature", "properties": { "pop": 668.0 }, "geometry": { "type": "Polygon", "coordinates": [ [ [ 33.31104, -12.54281 ], [ 33.26241, -12.51822 ], [ 33.26221, -12.46875 ], [ 33.31064, -12.44387 ], [ 33.35927, -12.46845 ], [ 33.35946, -12.51792 ], [ 33.31104, -12.54281 ] ] ] } },
{ "type": "Feature", "properties": { "pop": 6875.0 }, "geometry": { "type": "Polygon", "coordinates": [ [ [ 33.30985, -12.2461 ], [ 33.26123, -12.22153 ], [ 33.26103, -12.17211 ], [ 33.30945, -12.14726 ], [ 33.35807, -12.17181 ], [ 33.35827, -12.22123 ], [ 33.30985, -12.2461 ] ] ] } },
{ "type": "Feature", "properties": { "pop": 9427.0 }, "geometry": { "type": "Polygon", "coordinates": [ [ [ 33.30925, -12.09785 ], [ 33.26063, -12.0733 ], [ 33.26044, -12.0239 ], [ 33.30886, -11.99905 ], [ 33.35747, -12.0236 ], [ 33.35767, -12.07299 ], [ 33.30925, -12.09785 ] ] ] } },
{ "type": "Feature", "properties": { "pop": 5552.0 }, "geometry": { "type": "Polygon", "coordinates": [ [ [ 33.30866, -11.94967 ], [ 33.26004, -11.92513 ], [ 33.25985, -11.87576 ], [ 33.30826, -11.85092 ], [ 33.35687, -11.87545 ], [ 33.35707, -11.92483 ], [ 33.30866, -11.94967 ] ] ] } },
{ "type": "Feature", "properties": { "pop": 3310.0 }, "geometry": { "type": "Polygon", "coordinates": [ [ [ 33.30806, -11.80156 ], [ 33.25945, -11.77703 ], [ 33.25926, -11.72768 ], [ 33.30767, -11.70285 ], [ 33.35628, -11.72738 ], [ 33.35648, -11.77673 ], [ 33.30806, -11.80156 ] ] ] } },
{ "type": "Feature", "properties": { "pop": 4891.0 }, "geometry": { "type": "Polygon", "coordinates": [ [ [ 33.30747, -11.65351 ], [ 33.25886, -11.629 ], [ 33.25867, -11.57967 ], [ 33.30707, -11.55486 ], [ 33.35568, -11.57937 ], [ 33.35588, -11.6287 ], [ 33.30747, -11.65351 ] ] ] } },
{ "type": "Feature", "properties": { "pop": 6141.0 }, "geometry": { "type": "Polygon", "coordinates": [ [ [ 33.30688, -11.50554 ], [ 33.25827, -11.48103 ], [ 33.25807, -11.43172 ], [ 33.30648, -11.40692 ], [ 33.35508, -11.43142 ], [ 33.35528, -11.48073 ], [ 33.30688, -11.50554 ] ] ] } },
{ "type": "Feature", "properties": { "pop": 570.0 }, "geometry": { "type": "Polygon", "coordinates": [ [ [ 33.30628, -11.35762 ], [ 33.25768, -11.33313 ], [ 33.25748, -11.28384 ], [ 33.30589, -11.25905 ], [ 33.35448, -11.28354 ], [ 33.35468, -11.33283 ], [ 33.30628, -11.35762 ] ] ] } },
{ "type": "Feature", "properties": { "pop": 13.0 }, "geometry": { "type": "Polygon", "coordinates": [ [ [ 33.30509, -11.06199 ], [ 33.2565, -11.03752 ], [ 33.2563, -10.98827 ], [ 33.3047, -10.9635 ], [ 33.35329, -10.98797 ], [ 33.35349, -11.03722 ], [ 33.30509, -11.06199 ] ] ] } },
{ "type": "Feature", "properties": { "pop": 86.0 }, "geometry": { "type": "Polygon", "coordinates": [ [ [ 33.3045, -10.91427 ], [ 33.25591, -10.88981 ], [ 33.25571, -10.84058 ], [ 33.3041, -10.81582 ], [ 33.35269, -10.84028 ], [ 33.35289, -10.8895 ], [ 33.3045, -10.91427 ] ] ] } },
{ "type": "Feature", "properties": { "pop": 90.0 }, "geometry": { "type": "Polygon", "coordinates": [ [ [ 33.30094, -10.02918 ], [ 33.25237, -10.00477 ], [ 33.25217, -9.95566 ], [ 33.30054, -9.93096 ], [ 33.34911, -9.95536 ], [ 33.34931, -10.00447 ], [ 33.30094, -10.02918 ] ] ] } },
{ "type": "Feature", "properties": { "pop": 1295.0 }, "geometry": { "type": "Polygon", "coordinates": [ [ [ 33.30035, -9.88186 ], [ 33.25178, -9.85746 ], [ 33.25158, -9.80837 ], [ 33.29995, -9.78368 ], [ 33.34851, -9.80807 ], [ 33.34871, -9.85716 ], [ 33.30035, -9.88186 ] ] ] } },
{ "type": "Feature", "properties": { "pop": 40966.0 }, "geometry": { "type": "Polygon", "coordinates": [ [ [ 33.29975, -9.73459 ], [ 33.25119, -9.71021 ], [ 33.25099, -9.66113 ], [ 33.29936, -9.63645 ], [ 33.34792, -9.66083 ], [ 33.34812, -9.7099 ], [ 33.29975, -9.73459 ] ] ] } },
{ "type": "Feature", "properties": { "pop": 9774.0 }, "geometry": { "type": "Polygon", "coordinates": [ [ [ 33.29916, -9.58738 ], [ 33.2506, -9.563 ], [ 33.25041, -9.51395 ], [ 33.29876, -9.48927 ], [ 33.34732, -9.51365 ], [ 33.34752, -9.5627 ], [ 33.29916, -9.58738 ] ] ] } },
{ "type": "Feature", "properties": { "pop": 3182.0 }, "geometry": { "type": "Polygon", "coordinates": [ [ [ 33.36645, -14.25465 ], [ 33.31778, -14.22992 ], [ 33.31758, -14.18015 ], [ 33.36605, -14.15512 ], [ 33.41472, -14.17984 ], [ 33.41492, -14.22961 ], [ 33.36645, -14.25465 ] ] ] } },
{ "type": "Feature", "properties": { "pop": 35484.0 }, "geometry": { "type": "Polygon", "coordinates": [ [ [ 33.36585, -14.10536 ], [ 33.31718, -14.08064 ], [ 33.31699, -14.0309 ], [ 33.36545, -14.00588 ], [ 33.41411, -14.03059 ], [ 33.41431, -14.08033 ], [ 33.36585, -14.10536 ] ] ] } },
{ "type": "Feature", "properties": { "pop": 28761.0 }, "geometry": { "type": "Polygon", "coordinates": [ [ [ 33.36525, -13.95615 ], [ 33.31659, -13.93144 ], [ 33.31639, -13.88173 ], [ 33.36485, -13.85672 ], [ 33.41351, -13.88142 ], [ 33.41371, -13.93114 ], [ 33.36525, -13.95615 ] ] ] } },
{ "type": "Feature", "properties": { "pop": 26576.0 }, "geometry": { "type": "Polygon", "coordinates": [ [ [ 33.36465, -13.80702 ], [ 33.31599, -13.78233 ], [ 33.3158, -13.73264 ], [ 33.36425, -13.70765 ], [ 33.41291, -13.73234 ], [ 33.41311, -13.78202 ], [ 33.36465, -13.80702 ] ] ] } },
{ "type": "Feature", "properties": { "pop": 19599.0 }, "geometry": { "type": "Polygon", "coordinates": [ [ [ 33.36405, -13.65798 ], [ 33.3154, -13.6333 ], [ 33.3152, -13.58364 ], [ 33.36365, -13.55866 ], [ 33.41231, -13.58333 ], [ 33.41251, -13.63299 ], [ 33.36405, -13.65798 ] ] ] } },
{ "type": "Feature", "properties": { "pop": 18705.0 }, "geometry": { "type": "Polygon", "coordinates": [ [ [ 33.36345, -13.50902 ], [ 33.3148, -13.48435 ], [ 33.3146, -13.43472 ], [ 33.36306, -13.40975 ], [ 33.4117, -13.43441 ], [ 33.41191, -13.48404 ], [ 33.36345, -13.50902 ] ] ] } },
{ "type": "Feature", "properties": { "pop": 8586.0 }, "geometry": { "type": "Polygon", "coordinates": [ [ [ 33.36286, -13.36013 ], [ 33.31421, -13.33548 ], [ 33.31401, -13.28587 ], [ 33.36246, -13.26092 ], [ 33.4111, -13.28557 ], [ 33.4113, -13.33517 ], [ 33.36286, -13.36013 ] ] ] } },
{ "type": "Feature", "properties": { "pop": 6760.0 }, "geometry": { "type": "Polygon", "coordinates": [ [ [ 33.36226, -13.21133 ], [ 33.31361, -13.18669 ], [ 33.31341, -13.13711 ], [ 33.36186, -13.11217 ], [ 33.4105, -13.1368 ], [ 33.4107, -13.18638 ], [ 33.36226, -13.21133 ] ] ] } },
{ "type": "Feature", "properties": { "pop": 10894.0 }, "geometry": { "type": "Polygon", "coordinates": [ [ [ 33.36166, -13.0626 ], [ 33.31302, -13.03797 ], [ 33.31282, -12.98842 ], [ 33.36126, -12.96349 ], [ 33.4099, -12.98811 ], [ 33.4101, -13.03767 ], [ 33.36166, -13.0626 ] ] ] } },
{ "type": "Feature", "properties": { "pop": 14088.0 }, "geometry": { "type": "Polygon", "coordinates": [ [ [ 33.36106, -12.91395 ], [ 33.31242, -12.88934 ], [ 33.31222, -12.83981 ], [ 33.36066, -12.81489 ], [ 33.4093, -12.8395 ], [ 33.4095, -12.88903 ], [ 33.36106, -12.91395 ] ] ] } },
{ "type": "Feature", "properties": { "pop": 12199.0 }, "geometry": { "type": "Polygon", "coordinates": [ [ [ 33.36046, -12.76538 ], [ 33.31183, -12.74077 ], [ 33.31163, -12.69127 ], [ 33.36006, -12.66637 ], [ 33.4087, -12.69096 ], [ 33.4089, -12.74047 ], [ 33.36046, -12.76538 ] ] ] } },
{ "type": "Feature", "properties": { "pop": 10139.0 }, "geometry": { "type": "Polygon", "coordinates": [ [ [ 33.35986, -12.61688 ], [ 33.31123, -12.59229 ], [ 33.31104, -12.54281 ], [ 33.35946, -12.51792 ], [ 33.40809, -12.5425 ], [ 33.40829, -12.59198 ], [ 33.35986, -12.61688 ] ] ] } },
{ "type": "Feature", "properties": { "pop": 8210.0 }, "geometry": { "type": "Polygon", "coordinates": [ [ [ 33.35867, -12.32009 ], [ 33.31004, -12.29553 ], [ 33.30985, -12.2461 ], [ 33.35827, -12.22123 ], [ 33.40689, -12.24579 ], [ 33.40709, -12.29522 ], [ 33.35867, -12.32009 ] ] ] } },
{ "type": "Feature", "properties": { "pop": 12121.0 }, "geometry": { "type": "Polygon", "coordinates": [ [ [ 33.35807, -12.17181 ], [ 33.30945, -12.14726 ], [ 33.30925, -12.09785 ], [ 33.35767, -12.07299 ], [ 33.40629, -12.09754 ], [ 33.40649, -12.14695 ], [ 33.35807, -12.17181 ] ] ] } },
{ "type": "Feature", "properties": { "pop": 9935.0 }, "geometry": { "type": "Polygon", "coordinates": [ [ [ 33.35747, -12.0236 ], [ 33.30886, -11.99905 ], [ 33.30866, -11.94967 ], [ 33.35707, -11.92483 ], [ 33.40569, -11.94936 ], [ 33.40589, -11.99875 ], [ 33.35747, -12.0236 ] ] ] } },
{ "type": "Feature", "properties": { "pop": 10194.0 }, "geometry": { "type": "Polygon", "coordinates": [ [ [ 33.35687, -11.87545 ], [ 33.30826, -11.85092 ], [ 33.30806, -11.80156 ], [ 33.35648, -11.77673 ], [ 33.40509, -11.80125 ], [ 33.40529, -11.85062 ], [ 33.35687, -11.87545 ] ] ] } },
{ "type": "Feature", "properties": { "pop": 7489.0 }, "geometry": { "type": "Polygon", "coordinates": [ [ [ 33.35628, -11.72738 ], [ 33.30767, -11.70285 ], [ 33.30747, -11.65351 ], [ 33.35588, -11.6287 ], [ 33.40449, -11.65321 ], [ 33.40469, -11.70255 ], [ 33.35628, -11.72738 ] ] ] } },
{ "type": "Feature", "properties": { "pop": 9998.0 }, "geometry": { "type": "Polygon", "coordinates": [ [ [ 33.35568, -11.57937 ], [ 33.30707, -11.55486 ], [ 33.30688, -11.50554 ], [ 33.35528, -11.48073 ], [ 33.40388, -11.50523 ], [ 33.40409, -11.55455 ], [ 33.35568, -11.57937 ] ] ] } },
{ "type": "Feature", "properties": { "pop": 9977.0 }, "geometry": { "type": "Polygon", "coordinates": [ [ [ 33.35508, -11.43142 ], [ 33.30648, -11.40692 ], [ 33.30628, -11.35762 ], [ 33.35468, -11.33283 ], [ 33.40328, -11.35732 ], [ 33.40348, -11.40662 ], [ 33.35508, -11.43142 ] ] ] } },
{ "type": "Feature", "properties": { "pop": 1570.0 }, "geometry": { "type": "Polygon", "coordinates": [ [ [ 33.35448, -11.28354 ], [ 33.30589, -11.25905 ], [ 33.30569, -11.20978 ], [ 33.35409, -11.18499 ], [ 33.40268, -11.20947 ], [ 33.40288, -11.25875 ], [ 33.35448, -11.28354 ] ] ] } },
{ "type": "Feature", "properties": { "pop": 10.0 }, "geometry": { "type": "Polygon", "coordinates": [ [ [ 33.35329, -10.98797 ], [ 33.3047, -10.9635 ], [ 33.3045, -10.91427 ], [ 33.35289, -10.8895 ], [ 33.40148, -10.91397 ], [ 33.40168, -10.9632 ], [ 33.35329, -10.98797 ] ] ] } },
{ "type": "Feature", "properties": { "pop": 169.0 }, "geometry": { "type": "Polygon", "coordinates": [ [ [ 33.35269, -10.84028 ], [ 33.3041, -10.81582 ], [ 33.30391, -10.76661 ], [ 33.35229, -10.74185 ], [ 33.40088, -10.7663 ], [ 33.40108, -10.81552 ], [ 33.35269, -10.84028 ] ] ] } },
{ "type": "Feature", "properties": { "pop": 4136.0 }, "geometry": { "type": "Polygon", "coordinates": [ [ [ 33.34971, -10.10271 ], [ 33.30114, -10.07829 ], [ 33.30094, -10.02918 ], [ 33.34931, -10.00447 ], [ 33.39788, -10.02887 ], [ 33.39808, -10.07799 ], [ 33.34971, -10.10271 ] ] ] } },
{ "type": "Feature", "properties": { "pop": 1014.0 }, "geometry": { "type": "Polygon", "coordinates": [ [ [ 33.34911, -9.95536 ], [ 33.30054, -9.93096 ], [ 33.30035, -9.88186 ], [ 33.34871, -9.85716 ], [ 33.39728, -9.88156 ], [ 33.39748, -9.93066 ], [ 33.34911, -9.95536 ] ] ] } },
{ "type": "Feature", "properties": { "pop": 11360.0 }, "geometry": { "type": "Polygon", "coordinates": [ [ [ 33.34851, -9.80807 ], [ 33.29995, -9.78368 ], [ 33.29975, -9.73459 ], [ 33.34812, -9.7099 ], [ 33.39668, -9.73429 ], [ 33.39688, -9.78337 ], [ 33.34851, -9.80807 ] ] ] } },
{ "type": "Feature", "properties": { "pop": 6784.0 }, "geometry": { "type": "Polygon", "coordinates": [ [ [ 33.34792, -9.66083 ], [ 33.29936, -9.63645 ], [ 33.29916, -9.58738 ], [ 33.34752, -9.5627 ], [ 33.39608, -9.58708 ], [ 33.39628, -9.63615 ], [ 33.34792, -9.66083 ] ] ] } },
{ "type": "Feature", "properties": { "pop": 906.0 }, "geometry": { "type": "Polygon", "coordinates": [ [ [ 33.34732, -9.51365 ], [ 33.29876, -9.48927 ], [ 33.29857, -9.44022 ], [ 33.34692, -9.41555 ], [ 33.39548, -9.43992 ], [ 33.39568, -9.48897 ], [ 33.34732, -9.51365 ] ] ] } },
{ "type": "Feature", "properties": { "pop": 290.0 }, "geometry": { "type": "Polygon", "coordinates": [ [ [ 33.41532, -14.32918 ], [ 33.36665, -14.30444 ], [ 33.36645, -14.25465 ], [ 33.41492, -14.22961 ], [ 33.46359, -14.25435 ], [ 33.46379, -14.30413 ], [ 33.41532, -14.32918 ] ] ] } },
{ "type": "Feature", "properties": { "pop": 20783.0 }, "geometry": { "type": "Polygon", "coordinates": [ [ [ 33.41472, -14.17984 ], [ 33.36605, -14.15512 ], [ 33.36585, -14.10536 ], [ 33.41431, -14.08033 ], [ 33.46298, -14.10505 ], [ 33.46318, -14.15481 ], [ 33.41472, -14.17984 ] ] ] } },
{ "type": "Feature", "properties": { "pop": 29179.0 }, "geometry": { "type": "Polygon", "coordinates": [ [ [ 33.41411, -14.03059 ], [ 33.36545, -14.00588 ], [ 33.36525, -13.95615 ], [ 33.41371, -13.93114 ], [ 33.46237, -13.95584 ], [ 33.46258, -14.00557 ], [ 33.41411, -14.03059 ] ] ] } },
{ "type": "Feature", "properties": { "pop": 30750.0 }, "geometry": { "type": "Polygon", "coordinates": [ [ [ 33.41351, -13.88142 ], [ 33.36485, -13.85672 ], [ 33.36465, -13.80702 ], [ 33.41311, -13.78202 ], [ 33.46177, -13.80672 ], [ 33.46197, -13.85641 ], [ 33.41351, -13.88142 ] ] ] } },
{ "type": "Feature", "properties": { "pop": 23422.0 }, "geometry": { "type": "Polygon", "coordinates": [ [ [ 33.41291, -13.73234 ], [ 33.36425, -13.70765 ], [ 33.36405, -13.65798 ], [ 33.41251, -13.63299 ], [ 33.46116, -13.65767 ], [ 33.46137, -13.70734 ], [ 33.41291, -13.73234 ] ] ] } },
{ "type": "Feature", "properties": { "pop": 15616.0 }, "geometry": { "type": "Polygon", "coordinates": [ [ [ 33.41231, -13.58333 ], [ 33.36365, -13.55866 ], [ 33.36345, -13.50902 ], [ 33.41191, -13.48404 ], [ 33.46056, -13.50871 ], [ 33.46076, -13.55835 ], [ 33.41231, -13.58333 ] ] ] } },
{ "type": "Feature", "properties": { "pop": 13575.0 }, "geometry": { "type": "Polygon", "coordinates": [ [ [ 33.4117, -13.43441 ], [ 33.36306, -13.40975 ], [ 33.36286, -13.36013 ], [ 33.4113, -13.33517 ], [ 33.45995, -13.35982 ], [ 33.46015, -13.40944 ], [ 33.4117, -13.43441 ] ] ] } },
{ "type": "Feature", "properties": { "pop": 8586.0 }, "geometry": { "type": "Polygon", "coordinates": [ [ [ 33.4111, -13.28557 ], [ 33.36246, -13.26092 ], [ 33.36226, -13.21133 ], [ 33.4107, -13.18638 ], [ 33.45935, -13.21102 ], [ 33.45955, -13.26061 ], [ 33.4111, -13.28557 ] ] ] } },
{ "type": "Feature", "properties": { "pop": 15170.0 }, "geometry": { "type": "Polygon", "coordinates": [ [ [ 33.4105, -13.1368 ], [ 33.36186, -13.11217 ], [ 33.36166, -13.0626 ], [ 33.4101, -13.03767 ], [ 33.45874, -13.06229 ], [ 33.45894, -13.11186 ], [ 33.4105, -13.1368 ] ] ] } },
{ "type": "Feature", "properties": { "pop": 10922.0 }, "geometry": { "type": "Polygon", "coordinates": [ [ [ 33.4099, -12.98811 ], [ 33.36126, -12.96349 ], [ 33.36106, -12.91395 ], [ 33.4095, -12.88903 ], [ 33.45814, -12.91364 ], [ 33.45834, -12.96319 ], [ 33.4099, -12.98811 ] ] ] } },
{ "type": "Feature", "properties": { "pop": 15555.0 }, "geometry": { "type": "Polygon", "coordinates": [ [ [ 33.4093, -12.8395 ], [ 33.36066, -12.81489 ], [ 33.36046, -12.76538 ], [ 33.4089, -12.74047 ], [ 33.45753, -12.76507 ], [ 33.45773, -12.81459 ], [ 33.4093, -12.8395 ] ] ] } },
{ "type": "Feature", "properties": { "pop": 13610.0 }, "geometry": { "type": "Polygon", "coordinates": [ [ [ 33.4087, -12.69096 ], [ 33.36006, -12.66637 ], [ 33.35986, -12.61688 ], [ 33.40829, -12.59198 ], [ 33.45693, -12.61657 ], [ 33.45713, -12.66606 ], [ 33.4087, -12.69096 ] ] ] } },
{ "type": "Feature", "properties": { "pop": 4208.0 }, "geometry": { "type": "Polygon", "coordinates": [ [ [ 33.40809, -12.5425 ], [ 33.35946, -12.51792 ], [ 33.35927, -12.46845 ], [ 33.40769, -12.44357 ], [ 33.45632, -12.46814 ], [ 33.45652, -12.51761 ], [ 33.40809, -12.5425 ] ] ] } },
{ "type": "Feature", "properties": { "pop": 5969.0 }, "geometry": { "type": "Polygon", "coordinates": [ [ [ 33.40749, -12.39411 ], [ 33.35887, -12.36954 ], [ 33.35867, -12.32009 ], [ 33.40709, -12.29522 ], [ 33.45572, -12.31979 ], [ 33.45592, -12.36923 ], [ 33.40749, -12.39411 ] ] ] } },
{ "type": "Feature", "properties": { "pop": 12911.0 }, "geometry": { "type": "Polygon", "coordinates": [ [ [ 33.40689, -12.24579 ], [ 33.35827, -12.22123 ], [ 33.35807, -12.17181 ], [ 33.40649, -12.14695 ], [ 33.45511, -12.1715 ], [ 33.45531, -12.22092 ], [ 33.40689, -12.24579 ] ] ] } },
{ "type": "Feature", "properties": { "pop": 10078.0 }, "geometry": { "type": "Polygon", "coordinates": [ [ [ 33.40629, -12.09754 ], [ 33.35767, -12.07299 ], [ 33.35747, -12.0236 ], [ 33.40589, -11.99875 ], [ 33.45451, -12.02329 ], [ 33.45471, -12.07269 ], [ 33.40629, -12.09754 ] ] ] } },
{ "type": "Feature", "properties": { "pop": 14150.0 }, "geometry": { "type": "Polygon", "coordinates": [ [ [ 33.40569, -11.94936 ], [ 33.35707, -11.92483 ], [ 33.35687, -11.87545 ], [ 33.40529, -11.85062 ], [ 33.4539, -11.87515 ], [ 33.4541, -11.92452 ], [ 33.40569, -11.94936 ] ] ] } },
{ "type": "Feature", "properties": { "pop": 8198.0 }, "geometry": { "type": "Polygon", "coordinates": [ [ [ 33.40509, -11.80125 ], [ 33.35648, -11.77673 ], [ 33.35628, -11.72738 ], [ 33.40469, -11.70255 ], [ 33.4533, -11.72707 ], [ 33.4535, -11.77642 ], [ 33.40509, -11.80125 ] ] ] } },
{ "type": "Feature", "properties": { "pop": 7534.0 }, "geometry": { "type": "Polygon", "coordinates": [ [ [ 33.40449, -11.65321 ], [ 33.35588, -11.6287 ], [ 33.35568, -11.57937 ], [ 33.40409, -11.55455 ], [ 33.45269, -11.57906 ], [ 33.45289, -11.62839 ], [ 33.40449, -11.65321 ] ] ] } },
{ "type": "Feature", "properties": { "pop": 16506.0 }, "geometry": { "type": "Polygon", "coordinates": [ [ [ 33.40388, -11.50523 ], [ 33.35528, -11.48073 ], [ 33.35508, -11.43142 ], [ 33.40348, -11.40662 ], [ 33.45209, -11.43112 ], [ 33.45229, -11.48042 ], [ 33.40388, -11.50523 ] ] ] } },
{ "type": "Feature", "properties": { "pop": 6716.0 }, "geometry": { "type": "Polygon", "coordinates": [ [ [ 33.40328, -11.35732 ], [ 33.35468, -11.33283 ], [ 33.35448, -11.28354 ], [ 33.40288, -11.25875 ], [ 33.45148, -11.28324 ], [ 33.45168, -11.33252 ], [ 33.40328, -11.35732 ] ] ] } },
{ "type": "Feature", "properties": { "pop": 741.0 }, "geometry": { "type": "Polygon", "coordinates": [ [ [ 33.40268, -11.20947 ], [ 33.35409, -11.18499 ], [ 33.35389, -11.13573 ], [ 33.40228, -11.11094 ], [ 33.45088, -11.13542 ], [ 33.45108, -11.18469 ], [ 33.40268, -11.20947 ] ] ] } },
{ "type": "Feature", "properties": { "pop": 973.0 }, "geometry": { "type": "Polygon", "coordinates": [ [ [ 33.40148, -10.91397 ], [ 33.35289, -10.8895 ], [ 33.35269, -10.84028 ], [ 33.40108, -10.81552 ], [ 33.44967, -10.83998 ], [ 33.44987, -10.8892 ], [ 33.40148, -10.91397 ] ] ] } },
{ "type": "Feature", "properties": { "pop": 408.0 }, "geometry": { "type": "Polygon", "coordinates": [ [ [ 33.39848, -10.17625 ], [ 33.34991, -10.15183 ], [ 33.34971, -10.10271 ], [ 33.39808, -10.07799 ], [ 33.44665, -10.1024 ], [ 33.44685, -10.15153 ], [ 33.39848, -10.17625 ] ] ] } },
{ "type": "Feature", "properties": { "pop": 4798.0 }, "geometry": { "type": "Polygon", "coordinates": [ [ [ 33.39788, -10.02887 ], [ 33.34931, -10.00447 ], [ 33.34911, -9.95536 ], [ 33.39748, -9.93066 ], [ 33.44605, -9.95506 ], [ 33.44625, -10.00416 ], [ 33.39788, -10.02887 ] ] ] } },
{ "type": "Feature", "properties": { "pop": 8270.0 }, "geometry": { "type": "Polygon", "coordinates": [ [ [ 33.39728, -9.88156 ], [ 33.34871, -9.85716 ], [ 33.34851, -9.80807 ], [ 33.39688, -9.78337 ], [ 33.44544, -9.80777 ], [ 33.44565, -9.85686 ], [ 33.39728, -9.88156 ] ] ] } },
{ "type": "Feature", "properties": { "pop": 9909.0 }, "geometry": { "type": "Polygon", "coordinates": [ [ [ 33.39668, -9.73429 ], [ 33.34812, -9.7099 ], [ 33.34792, -9.66083 ], [ 33.39628, -9.63615 ], [ 33.44484, -9.66053 ], [ 33.44504, -9.7096 ], [ 33.39668, -9.73429 ] ] ] } },
{ "type": "Feature", "properties": { "pop": 3663.0 }, "geometry": { "type": "Polygon", "coordinates": [ [ [ 33.39608, -9.58708 ], [ 33.34752, -9.5627 ], [ 33.34732, -9.51365 ], [ 33.39568, -9.48897 ], [ 33.44424, -9.51334 ], [ 33.44444, -9.5624 ], [ 33.39608, -9.58708 ] ] ] } },
{ "type": "Feature", "properties": { "pop": 10005.0 }, "geometry": { "type": "Polygon", "coordinates": [ [ [ 33.46359, -14.25435 ], [ 33.41492, -14.22961 ], [ 33.41472, -14.17984 ], [ 33.46318, -14.15481 ], [ 33.51185, -14.17953 ], [ 33.51205, -14.2293 ], [ 33.46359, -14.25435 ] ] ] } },
{ "type": "Feature", "properties": { "pop": 35081.0 }, "geometry": { "type": "Polygon", "coordinates": [ [ [ 33.46298, -14.10505 ], [ 33.41431, -14.08033 ], [ 33.41411, -14.03059 ], [ 33.46258, -14.00557 ], [ 33.51124, -14.03028 ], [ 33.51144, -14.08002 ], [ 33.46298, -14.10505 ] ] ] } },
{ "type": "Feature", "properties": { "pop": 24923.0 }, "geometry": { "type": "Polygon", "coordinates": [ [ [ 33.46237, -13.95584 ], [ 33.41371, -13.93114 ], [ 33.41351, -13.88142 ], [ 33.46197, -13.85641 ], [ 33.51063, -13.88111 ], [ 33.51084, -13.93083 ], [ 33.46237, -13.95584 ] ] ] } },
{ "type": "Feature", "properties": { "pop": 24170.0 }, "geometry": { "type": "Polygon", "coordinates": [ [ [ 33.46177, -13.80672 ], [ 33.41311, -13.78202 ], [ 33.41291, -13.73234 ], [ 33.46137, -13.70734 ], [ 33.51002, -13.73203 ], [ 33.51023, -13.78171 ], [ 33.46177, -13.80672 ] ] ] } },
{ "type": "Feature", "properties": { "pop": 21376.0 }, "geometry": { "type": "Polygon", "coordinates": [ [ [ 33.46116, -13.65767 ], [ 33.41251, -13.63299 ], [ 33.41231, -13.58333 ], [ 33.46076, -13.55835 ], [ 33.50941, -13.58302 ], [ 33.50962, -13.63268 ], [ 33.46116, -13.65767 ] ] ] } },
{ "type": "Feature", "properties": { "pop": 12743.0 }, "geometry": { "type": "Polygon", "coordinates": [ [ [ 33.46056, -13.50871 ], [ 33.41191, -13.48404 ], [ 33.4117, -13.43441 ], [ 33.46015, -13.40944 ], [ 33.5088, -13.4341 ], [ 33.50901, -13.48373 ], [ 33.46056, -13.50871 ] ] ] } },
{ "type": "Feature", "properties": { "pop": 16207.0 }, "geometry": { "type": "Polygon", "coordinates": [ [ [ 33.45995, -13.35982 ], [ 33.4113, -13.33517 ], [ 33.4111, -13.28557 ], [ 33.45955, -13.26061 ], [ 33.5082, -13.28526 ], [ 33.5084, -13.33486 ], [ 33.45995, -13.35982 ] ] ] } },
{ "type": "Feature", "properties": { "pop": 12716.0 }, "geometry": { "type": "Polygon", "coordinates": [ [ [ 33.45935, -13.21102 ], [ 33.4107, -13.18638 ], [ 33.4105, -13.1368 ], [ 33.45894, -13.11186 ], [ 33.50759, -13.13649 ], [ 33.50779, -13.18607 ], [ 33.45935, -13.21102 ] ] ] } },
{ "type": "Feature", "properties": { "pop": 53287.0 }, "geometry": { "type": "Polygon", "coordinates": [ [ [ 33.45874, -13.06229 ], [ 33.4101, -13.03767 ], [ 33.4099, -12.98811 ], [ 33.45834, -12.96319 ], [ 33.50698, -12.9878 ], [ 33.50718, -13.03736 ], [ 33.45874, -13.06229 ] ] ] } },
{ "type": "Feature", "properties": { "pop": 11224.0 }, "geometry": { "type": "Polygon", "coordinates": [ [ [ 33.45814, -12.91364 ], [ 33.4095, -12.88903 ], [ 33.4093, -12.8395 ], [ 33.45773, -12.81459 ], [ 33.50637, -12.83919 ], [ 33.50657, -12.88872 ], [ 33.45814, -12.91364 ] ] ] } },
{ "type": "Feature", "properties": { "pop": 18166.0 }, "geometry": { "type": "Polygon", "coordinates": [ [ [ 33.45753, -12.76507 ], [ 33.4089, -12.74047 ], [ 33.4087, -12.69096 ], [ 33.45713, -12.66606 ], [ 33.50576, -12.69066 ], [ 33.50596, -12.74016 ], [ 33.45753, -12.76507 ] ] ] } },
{ "type": "Feature", "properties": { "pop": 17545.0 }, "geometry": { "type": "Polygon", "coordinates": [ [ [ 33.45693, -12.61657 ], [ 33.40829, -12.59198 ], [ 33.40809, -12.5425 ], [ 33.45652, -12.51761 ], [ 33.50515, -12.54219 ], [ 33.50536, -12.59167 ], [ 33.45693, -12.61657 ] ] ] } },
{ "type": "Feature", "properties": { "pop": 2121.0 }, "geometry": { "type": "Polygon", "coordinates": [ [ [ 33.45632, -12.46814 ], [ 33.40769, -12.44357 ], [ 33.40749, -12.39411 ], [ 33.45592, -12.36923 ], [ 33.50454, -12.3938 ], [ 33.50475, -12.44326 ], [ 33.45632, -12.46814 ] ] ] } },
{ "type": "Feature", "properties": { "pop": 13159.0 }, "geometry": { "type": "Polygon", "coordinates": [ [ [ 33.45572, -12.31979 ], [ 33.40709, -12.29522 ], [ 33.40689, -12.24579 ], [ 33.45531, -12.22092 ], [ 33.50394, -12.24548 ], [ 33.50414, -12.29491 ], [ 33.45572, -12.31979 ] ] ] } },
{ "type": "Feature", "properties": { "pop": 17021.0 }, "geometry": { "type": "Polygon", "coordinates": [ [ [ 33.45511, -12.1715 ], [ 33.40649, -12.14695 ], [ 33.40629, -12.09754 ], [ 33.45471, -12.07269 ], [ 33.50333, -12.09723 ], [ 33.50353, -12.14664 ], [ 33.45511, -12.1715 ] ] ] } },
{ "type": "Feature", "properties": { "pop": 13804.0 }, "geometry": { "type": "Polygon", "coordinates": [ [ [ 33.45451, -12.02329 ], [ 33.40589, -11.99875 ], [ 33.40569, -11.94936 ], [ 33.4541, -11.92452 ], [ 33.50272, -11.94906 ], [ 33.50292, -11.99844 ], [ 33.45451, -12.02329 ] ] ] } },
{ "type": "Feature", "properties": { "pop": 13301.0 }, "geometry": { "type": "Polygon", "coordinates": [ [ [ 33.4539, -11.87515 ], [ 33.40529, -11.85062 ], [ 33.40509, -11.80125 ], [ 33.4535, -11.77642 ], [ 33.50211, -11.80095 ], [ 33.50231, -11.85031 ], [ 33.4539, -11.87515 ] ] ] } },
{ "type": "Feature", "properties": { "pop": 10271.0 }, "geometry": { "type": "Polygon", "coordinates": [ [ [ 33.4533, -11.72707 ], [ 33.40469, -11.70255 ], [ 33.40449, -11.65321 ], [ 33.45289, -11.62839 ], [ 33.5015, -11.6529 ], [ 33.50171, -11.70224 ], [ 33.4533, -11.72707 ] ] ] } },
{ "type": "Feature", "properties": { "pop": 11773.0 }, "geometry": { "type": "Polygon", "coordinates": [ [ [ 33.45269, -11.57906 ], [ 33.40409, -11.55455 ], [ 33.40388, -11.50523 ], [ 33.45229, -11.48042 ], [ 33.50089, -11.50493 ], [ 33.5011, -11.55424 ], [ 33.45269, -11.57906 ] ] ] } },
{ "type": "Feature", "properties": { "pop": 11383.0 }, "geometry": { "type": "Polygon", "coordinates": [ [ [ 33.45209, -11.43112 ], [ 33.40348, -11.40662 ], [ 33.40328, -11.35732 ], [ 33.45168, -11.33252 ], [ 33.50029, -11.35701 ], [ 33.50049, -11.40631 ], [ 33.45209, -11.43112 ] ] ] } },
{ "type": "Feature", "properties": { "pop": 7168.0 }, "geometry": { "type": "Polygon", "coordinates": [ [ [ 33.45148, -11.28324 ], [ 33.40288, -11.25875 ], [ 33.40268, -11.20947 ], [ 33.45108, -11.18469 ], [ 33.49968, -11.20917 ], [ 33.49988, -11.25844 ], [ 33.45148, -11.28324 ] ] ] } },
{ "type": "Feature", "properties": { "pop": 2814.0 }, "geometry": { "type": "Polygon", "coordinates": [ [ [ 33.44967, -10.83998 ], [ 33.40108, -10.81552 ], [ 33.40088, -10.7663 ], [ 33.44927, -10.74155 ], [ 33.49786, -10.766 ], [ 33.49806, -10.81521 ], [ 33.44967, -10.83998 ] ] ] } },
{ "type": "Feature", "properties": { "pop": 2046.0 }, "geometry": { "type": "Polygon", "coordinates": [ [ [ 33.44665, -10.1024 ], [ 33.39808, -10.07799 ], [ 33.39788, -10.02887 ], [ 33.44625, -10.00416 ], [ 33.49482, -10.02857 ], [ 33.49502, -10.07769 ], [ 33.44665, -10.1024 ] ] ] } },
{ "type": "Feature", "properties": { "pop": 3186.0 }, "geometry": { "type": "Polygon", "coordinates": [ [ [ 33.44605, -9.95506 ], [ 33.39748, -9.93066 ], [ 33.39728, -9.88156 ], [ 33.44565, -9.85686 ], [ 33.49421, -9.88125 ], [ 33.49442, -9.93035 ], [ 33.44605, -9.95506 ] ] ] } },
{ "type": "Feature", "properties": { "pop": 8441.0 }, "geometry": { "type": "Polygon", "coordinates": [ [ [ 33.44544, -9.80777 ], [ 33.39688, -9.78337 ], [ 33.39668, -9.73429 ], [ 33.44504, -9.7096 ], [ 33.49361, -9.73399 ], [ 33.49381, -9.78307 ], [ 33.44544, -9.80777 ] ] ] } },
{ "type": "Feature", "properties": { "pop": 5883.0 }, "geometry": { "type": "Polygon", "coordinates": [ [ [ 33.44484, -9.66053 ], [ 33.39628, -9.63615 ], [ 33.39608, -9.58708 ], [ 33.44444, -9.5624 ], [ 33.493, -9.58678 ], [ 33.4932, -9.63584 ], [ 33.44484, -9.66053 ] ] ] } },
{ "type": "Feature", "properties": { "pop": 58.0 }, "geometry": { "type": "Polygon", "coordinates": [ [ [ 33.51246, -14.32887 ], [ 33.46379, -14.30413 ], [ 33.46359, -14.25435 ], [ 33.51205, -14.2293 ], [ 33.56073, -14.25403 ], [ 33.56093, -14.30382 ], [ 33.51246, -14.32887 ] ] ] } },
{ "type": "Feature", "properties": { "pop": 24989.0 }, "geometry": { "type": "Polygon", "coordinates": [ [ [ 33.51185, -14.17953 ], [ 33.46318, -14.15481 ], [ 33.46298, -14.10505 ], [ 33.51144, -14.08002 ], [ 33.56011, -14.10474 ], [ 33.56032, -14.15449 ], [ 33.51185, -14.17953 ] ] ] } },
{ "type": "Feature", "properties": { "pop": 28169.0 }, "geometry": { "type": "Polygon", "coordinates": [ [ [ 33.51124, -14.03028 ], [ 33.46258, -14.00557 ], [ 33.46237, -13.95584 ], [ 33.51084, -13.93083 ], [ 33.5595, -13.95553 ], [ 33.5597, -14.00526 ], [ 33.51124, -14.03028 ] ] ] } },
{ "type": "Feature", "properties": { "pop": 27734.0 }, "geometry": { "type": "Polygon", "coordinates": [ [ [ 33.51063, -13.88111 ], [ 33.46197, -13.85641 ], [ 33.46177, -13.80672 ], [ 33.51023, -13.78171 ], [ 33.55889, -13.8064 ], [ 33.55909, -13.8561 ], [ 33.51063, -13.88111 ] ] ] } },
{ "type": "Feature", "properties": { "pop": 29058.0 }, "geometry": { "type": "Polygon", "coordinates": [ [ [ 33.51002, -13.73203 ], [ 33.46137, -13.70734 ], [ 33.46116, -13.65767 ], [ 33.50962, -13.63268 ], [ 33.55827, -13.65736 ], [ 33.55848, -13.70703 ], [ 33.51002, -13.73203 ] ] ] } },
{ "type": "Feature", "properties": { "pop": 19177.0 }, "geometry": { "type": "Polygon", "coordinates": [ [ [ 33.50941, -13.58302 ], [ 33.46076, -13.55835 ], [ 33.46056, -13.50871 ], [ 33.50901, -13.48373 ], [ 33.55766, -13.5084 ], [ 33.55787, -13.55804 ], [ 33.50941, -13.58302 ] ] ] } },
{ "type": "Feature", "properties": { "pop": 14354.0 }, "geometry": { "type": "Polygon", "coordinates": [ [ [ 33.5088, -13.4341 ], [ 33.46015, -13.40944 ], [ 33.45995, -13.35982 ], [ 33.5084, -13.33486 ], [ 33.55705, -13.35951 ], [ 33.55725, -13.40913 ], [ 33.5088, -13.4341 ] ] ] } },
{ "type": "Feature", "properties": { "pop": 21725.0 }, "geometry": { "type": "Polygon", "coordinates": [ [ [ 33.5082, -13.28526 ], [ 33.45955, -13.26061 ], [ 33.45935, -13.21102 ], [ 33.50779, -13.18607 ], [ 33.55644, -13.21071 ], [ 33.55664, -13.2603 ], [ 33.5082, -13.28526 ] ] ] } },
{ "type": "Feature", "properties": { "pop": 37290.0 }, "geometry": { "type": "Polygon", "coordinates": [ [ [ 33.50759, -13.13649 ], [ 33.45894, -13.11186 ], [ 33.45874, -13.06229 ], [ 33.50718, -13.03736 ], [ 33.55582, -13.06198 ], [ 33.55603, -13.11155 ], [ 33.50759, -13.13649 ] ] ] } },
{ "type": "Feature", "properties": { "pop": 12528.0 }, "geometry": { "type": "Polygon", "coordinates": [ [ [ 33.50698, -12.9878 ], [ 33.45834, -12.96319 ], [ 33.45814, -12.91364 ], [ 33.50657, -12.88872 ], [ 33.55521, -12.91333 ], [ 33.55542, -12.96287 ], [ 33.50698, -12.9878 ] ] ] } },
{ "type": "Feature", "properties": { "pop": 16482.0 }, "geometry": { "type": "Polygon", "coordinates": [ [ [ 33.50637, -12.83919 ], [ 33.45773, -12.81459 ], [ 33.45753, -12.76507 ], [ 33.50596, -12.74016 ], [ 33.5546, -12.76476 ], [ 33.5548, -12.81428 ], [ 33.50637, -12.83919 ] ] ] } },
{ "type": "Feature", "properties": { "pop": 17179.0 }, "geometry": { "type": "Polygon", "coordinates": [ [ [ 33.50576, -12.69066 ], [ 33.45713, -12.66606 ], [ 33.45693, -12.61657 ], [ 33.50536, -12.59167 ], [ 33.55399, -12.61626 ], [ 33.55419, -12.66575 ], [ 33.50576, -12.69066 ] ] ] } },
{ "type": "Feature", "properties": { "pop": 11309.0 }, "geometry": { "type": "Polygon", "coordinates": [ [ [ 33.50515, -12.54219 ], [ 33.45652, -12.51761 ], [ 33.45632, -12.46814 ], [ 33.50475, -12.44326 ], [ 33.55338, -12.46783 ], [ 33.55358, -12.5173 ], [ 33.50515, -12.54219 ] ] ] } },
{ "type": "Feature", "properties": { "pop": 7161.0 }, "geometry": { "type": "Polygon", "coordinates": [ [ [ 33.50454, -12.3938 ], [ 33.45592, -12.36923 ], [ 33.45572, -12.31979 ], [ 33.50414, -12.29491 ], [ 33.55276, -12.31948 ], [ 33.55297, -12.36892 ], [ 33.50454, -12.3938 ] ] ] } },
{ "type": "Feature", "properties": { "pop": 11530.0 }, "geometry": { "type": "Polygon", "coordinates": [ [ [ 33.50394, -12.24548 ], [ 33.45531, -12.22092 ], [ 33.45511, -12.1715 ], [ 33.50353, -12.14664 ], [ 33.55215, -12.17119 ], [ 33.55236, -12.22061 ], [ 33.50394, -12.24548 ] ] ] } },
{ "type": "Feature", "properties": { "pop": 10739.0 }, "geometry": { "type": "Polygon", "coordinates": [ [ [ 33.50333, -12.09723 ], [ 33.45471, -12.07269 ], [ 33.45451, -12.02329 ], [ 33.50292, -11.99844 ], [ 33.55154, -12.02298 ], [ 33.55174, -12.07238 ], [ 33.50333, -12.09723 ] ] ] } },
{ "type": "Feature", "properties": { "pop": 16685.0 }, "geometry": { "type": "Polygon", "coordinates": [ [ [ 33.50272, -11.94906 ], [ 33.4541, -11.92452 ], [ 33.4539, -11.87515 ], [ 33.50231, -11.85031 ], [ 33.55093, -11.87484 ], [ 33.55113, -11.92421 ], [ 33.50272, -11.94906 ] ] ] } },
{ "type": "Feature", "properties": { "pop": 10542.0 }, "geometry": { "type": "Polygon", "coordinates": [ [ [ 33.50211, -11.80095 ], [ 33.4535, -11.77642 ], [ 33.4533, -11.72707 ], [ 33.50171, -11.70224 ], [ 33.55032, -11.72676 ], [ 33.55052, -11.77611 ], [ 33.50211, -11.80095 ] ] ] } },
{ "type": "Feature", "properties": { "pop": 9359.0 }, "geometry": { "type": "Polygon", "coordinates": [ [ [ 33.5015, -11.6529 ], [ 33.45289, -11.62839 ], [ 33.45269, -11.57906 ], [ 33.5011, -11.55424 ], [ 33.54971, -11.57875 ], [ 33.54991, -11.62808 ], [ 33.5015, -11.6529 ] ] ] } },
{ "type": "Feature", "properties": { "pop": 9122.0 }, "geometry": { "type": "Polygon", "coordinates": [ [ [ 33.50089, -11.50493 ], [ 33.45229, -11.48042 ], [ 33.45209, -11.43112 ], [ 33.50049, -11.40631 ], [ 33.54909, -11.43081 ], [ 33.5493, -11.48011 ], [ 33.50089, -11.50493 ] ] ] } },
{ "type": "Feature", "properties": { "pop": 5343.0 }, "geometry": { "type": "Polygon", "coordinates": [ [ [ 33.50029, -11.35701 ], [ 33.45168, -11.33252 ], [ 33.45148, -11.28324 ], [ 33.49988, -11.25844 ], [ 33.54848, -11.28293 ], [ 33.54869, -11.33221 ], [ 33.50029, -11.35701 ] ] ] } },
{ "type": "Feature", "properties": { "pop": 1847.0 }, "geometry": { "type": "Polygon", "coordinates": [ [ [ 33.49968, -11.20917 ], [ 33.45108, -11.18469 ], [ 33.45088, -11.13542 ], [ 33.49927, -11.11064 ], [ 33.54787, -11.13511 ], [ 33.54808, -11.18438 ], [ 33.49968, -11.20917 ] ] ] } },
{ "type": "Feature", "properties": { "pop": 501.0 }, "geometry": { "type": "Polygon", "coordinates": [ [ [ 33.49907, -11.06138 ], [ 33.45048, -11.03691 ], [ 33.45027, -10.98767 ], [ 33.49867, -10.96289 ], [ 33.54726, -10.98736 ], [ 33.54746, -11.0366 ], [ 33.49907, -11.06138 ] ] ] } },
{ "type": "Feature", "properties": { "pop": 10171.0 }, "geometry": { "type": "Polygon", "coordinates": [ [ [ 33.49846, -10.91366 ], [ 33.44987, -10.8892 ], [ 33.44967, -10.83998 ], [ 33.49806, -10.81521 ], [ 33.54665, -10.83967 ], [ 33.54685, -10.88889 ], [ 33.49846, -10.91366 ] ] ] } },
{ "type": "Feature", "properties": { "pop": 388.0 }, "geometry": { "type": "Polygon", "coordinates": [ [ [ 33.49786, -10.766 ], [ 33.44927, -10.74155 ], [ 33.44907, -10.69234 ], [ 33.49745, -10.66759 ], [ 33.54604, -10.69204 ], [ 33.54624, -10.74124 ], [ 33.49786, -10.766 ] ] ] } },
{ "type": "Feature", "properties": { "pop": 23.0 }, "geometry": { "type": "Polygon", "coordinates": [ [ [ 33.49603, -10.32337 ], [ 33.44746, -10.29895 ], [ 33.44726, -10.2498 ], [ 33.49563, -10.22508 ], [ 33.54421, -10.24949 ], [ 33.54441, -10.29864 ], [ 33.49603, -10.32337 ] ] ] } },
{ "type": "Feature", "properties": { "pop": 1131.0 }, "geometry": { "type": "Polygon", "coordinates": [ [ [ 33.49543, -10.17594 ], [ 33.44685, -10.15153 ], [ 33.44665, -10.1024 ], [ 33.49502, -10.07769 ], [ 33.5436, -10.10209 ], [ 33.5438, -10.15122 ], [ 33.49543, -10.17594 ] ] ] } },
{ "type": "Feature", "properties": { "pop": 1561.0 }, "geometry": { "type": "Polygon", "coordinates": [ [ [ 33.49482, -10.02857 ], [ 33.44625, -10.00416 ], [ 33.44605, -9.95506 ], [ 33.49442, -9.93035 ], [ 33.54299, -9.95475 ], [ 33.54319, -10.00386 ], [ 33.49482, -10.02857 ] ] ] } },
{ "type": "Feature", "properties": { "pop": 3979.0 }, "geometry": { "type": "Polygon", "coordinates": [ [ [ 33.49421, -9.88125 ], [ 33.44565, -9.85686 ], [ 33.44544, -9.80777 ], [ 33.49381, -9.78307 ], [ 33.54237, -9.80746 ], [ 33.54258, -9.85655 ], [ 33.49421, -9.88125 ] ] ] } },
{ "type": "Feature", "properties": { "pop": 8340.0 }, "geometry": { "type": "Polygon", "coordinates": [ [ [ 33.49361, -9.73399 ], [ 33.44504, -9.7096 ], [ 33.44484, -9.66053 ], [ 33.4932, -9.63584 ], [ 33.54176, -9.66022 ], [ 33.54197, -9.70929 ], [ 33.49361, -9.73399 ] ] ] } },
{ "type": "Feature", "properties": { "pop": 89.0 }, "geometry": { "type": "Polygon", "coordinates": [ [ [ 33.56134, -14.40341 ], [ 33.51266, -14.37867 ], [ 33.51246, -14.32887 ], [ 33.56093, -14.30382 ], [ 33.6096, -14.32856 ], [ 33.60981, -14.37835 ], [ 33.56134, -14.40341 ] ] ] } },
{ "type": "Feature", "properties": { "pop": 17083.0 }, "geometry": { "type": "Polygon", "coordinates": [ [ [ 33.56073, -14.25403 ], [ 33.51205, -14.2293 ], [ 33.51185, -14.17953 ], [ 33.56032, -14.15449 ], [ 33.60899, -14.17922 ], [ 33.60919, -14.22899 ], [ 33.56073, -14.25403 ] ] ] } },
{ "type": "Feature", "properties": { "pop": 30200.0 }, "geometry": { "type": "Polygon", "coordinates": [ [ [ 33.56011, -14.10474 ], [ 33.51144, -14.08002 ], [ 33.51124, -14.03028 ], [ 33.5597, -14.00526 ], [ 33.60837, -14.02997 ], [ 33.60858, -14.07971 ], [ 33.56011, -14.10474 ] ] ] } },
{ "type": "Feature", "properties": { "pop": 25553.0 }, "geometry": { "type": "Polygon", "coordinates": [ [ [ 33.5595, -13.95553 ], [ 33.51084, -13.93083 ], [ 33.51063, -13.88111 ], [ 33.55909, -13.8561 ], [ 33.60775, -13.8808 ], [ 33.60796, -13.93051 ], [ 33.5595, -13.95553 ] ] ] } },
{ "type": "Feature", "properties": { "pop": 28368.0 }, "geometry": { "type": "Polygon", "coordinates": [ [ [ 33.55889, -13.8064 ], [ 33.51023, -13.78171 ], [ 33.51002, -13.73203 ], [ 33.55848, -13.70703 ], [ 33.60714, -13.73171 ], [ 33.60734, -13.7814 ], [ 33.55889, -13.8064 ] ] ] } },
{ "type": "Feature", "properties": { "pop": 22335.0 }, "geometry": { "type": "Polygon", "coordinates": [ [ [ 33.55827, -13.65736 ], [ 33.50962, -13.63268 ], [ 33.50941, -13.58302 ], [ 33.55787, -13.55804 ], [ 33.60652, -13.58271 ], [ 33.60673, -13.63237 ], [ 33.55827, -13.65736 ] ] ] } },
{ "type": "Feature", "properties": { "pop": 15254.0 }, "geometry": { "type": "Polygon", "coordinates": [ [ [ 33.55766, -13.5084 ], [ 33.50901, -13.48373 ], [ 33.5088, -13.4341 ], [ 33.55725, -13.40913 ], [ 33.60591, -13.43379 ], [ 33.60611, -13.48342 ], [ 33.55766, -13.5084 ] ] ] } },
{ "type": "Feature", "properties": { "pop": 26021.0 }, "geometry": { "type": "Polygon", "coordinates": [ [ [ 33.55705, -13.35951 ], [ 33.5084, -13.33486 ], [ 33.5082, -13.28526 ], [ 33.55664, -13.2603 ], [ 33.60529, -13.28494 ], [ 33.60549, -13.33455 ], [ 33.55705, -13.35951 ] ] ] } },
{ "type": "Feature", "properties": { "pop": 11072.0 }, "geometry": { "type": "Polygon", "coordinates": [ [ [ 33.55644, -13.21071 ], [ 33.50779, -13.18607 ], [ 33.50759, -13.13649 ], [ 33.55603, -13.11155 ], [ 33.60467, -13.13618 ], [ 33.60488, -13.18576 ], [ 33.55644, -13.21071 ] ] ] } },
{ "type": "Feature", "properties": { "pop": 11013.0 }, "geometry": { "type": "Polygon", "coordinates": [ [ [ 33.55582, -13.06198 ], [ 33.50718, -13.03736 ], [ 33.50698, -12.9878 ], [ 33.55542, -12.96287 ], [ 33.60406, -12.98749 ], [ 33.60426, -13.03705 ], [ 33.55582, -13.06198 ] ] ] } },
{ "type": "Feature", "properties": { "pop": 11538.0 }, "geometry": { "type": "Polygon", "coordinates": [ [ [ 33.55521, -12.91333 ], [ 33.50657, -12.88872 ], [ 33.50637, -12.83919 ], [ 33.5548, -12.81428 ], [ 33.60344, -12.83888 ], [ 33.60365, -12.88841 ], [ 33.55521, -12.91333 ] ] ] } },
{ "type": "Feature", "properties": { "pop": 13157.0 }, "geometry": { "type": "Polygon", "coordinates": [ [ [ 33.5546, -12.76476 ], [ 33.50596, -12.74016 ], [ 33.50576, -12.69066 ], [ 33.55419, -12.66575 ], [ 33.60283, -12.69034 ], [ 33.60303, -12.73985 ], [ 33.5546, -12.76476 ] ] ] } },
{ "type": "Feature", "properties": { "pop": 18645.0 }, "geometry": { "type": "Polygon", "coordinates": [ [ [ 33.55399, -12.61626 ], [ 33.50536, -12.59167 ], [ 33.50515, -12.54219 ], [ 33.55358, -12.5173 ], [ 33.60221, -12.54188 ], [ 33.60242, -12.59136 ], [ 33.55399, -12.61626 ] ] ] } },
{ "type": "Feature", "properties": { "pop": 8558.0 }, "geometry": { "type": "Polygon", "coordinates": [ [ [ 33.55338, -12.46783 ], [ 33.50475, -12.44326 ], [ 33.50454, -12.3938 ], [ 33.55297, -12.36892 ], [ 33.6016, -12.39349 ], [ 33.6018, -12.44295 ], [ 33.55338, -12.46783 ] ] ] } },
{ "type": "Feature", "properties": { "pop": 10947.0 }, "geometry": { "type": "Polygon", "coordinates": [ [ [ 33.55276, -12.31948 ], [ 33.50414, -12.29491 ], [ 33.50394, -12.24548 ], [ 33.55236, -12.22061 ], [ 33.60098, -12.24517 ], [ 33.60119, -12.2946 ], [ 33.55276, -12.31948 ] ] ] } },
{ "type": "Feature", "properties": { "pop": 6483.0 }, "geometry": { "type": "Polygon", "coordinates": [ [ [ 33.55215, -12.17119 ], [ 33.50353, -12.14664 ], [ 33.50333, -12.09723 ], [ 33.55174, -12.07238 ], [ 33.60036, -12.09692 ], [ 33.60057, -12.14633 ], [ 33.55215, -12.17119 ] ] ] } },
{ "type": "Feature", "properties": { "pop": 9300.0 }, "geometry": { "type": "Polygon", "coordinates": [ [ [ 33.55154, -12.02298 ], [ 33.50292, -11.99844 ], [ 33.50272, -11.94906 ], [ 33.55113, -11.92421 ], [ 33.59975, -11.94874 ], [ 33.59995, -11.99813 ], [ 33.55154, -12.02298 ] ] ] } },
{ "type": "Feature", "properties": { "pop": 9570.0 }, "geometry": { "type": "Polygon", "coordinates": [ [ [ 33.55093, -11.87484 ], [ 33.50231, -11.85031 ], [ 33.50211, -11.80095 ], [ 33.55052, -11.77611 ], [ 33.59913, -11.80063 ], [ 33.59934, -11.85 ], [ 33.55093, -11.87484 ] ] ] } },
{ "type": "Feature", "properties": { "pop": 8738.0 }, "geometry": { "type": "Polygon", "coordinates": [ [ [ 33.55032, -11.72676 ], [ 33.50171, -11.70224 ], [ 33.5015, -11.6529 ], [ 33.54991, -11.62808 ], [ 33.59852, -11.65259 ], [ 33.59872, -11.70193 ], [ 33.55032, -11.72676 ] ] ] } },
{ "type": "Feature", "properties": { "pop": 9220.0 }, "geometry": { "type": "Polygon", "coordinates": [ [ [ 33.54971, -11.57875 ], [ 33.5011, -11.55424 ], [ 33.50089, -11.50493 ], [ 33.5493, -11.48011 ], [ 33.5979, -11.50462 ], [ 33.59811, -11.55393 ], [ 33.54971, -11.57875 ] ] ] } },
{ "type": "Feature", "properties": { "pop": 4312.0 }, "geometry": { "type": "Polygon", "coordinates": [ [ [ 33.54909, -11.43081 ], [ 33.50049, -11.40631 ], [ 33.50029, -11.35701 ], [ 33.54869, -11.33221 ], [ 33.59729, -11.3567 ], [ 33.59749, -11.406 ], [ 33.54909, -11.43081 ] ] ] } },
{ "type": "Feature", "properties": { "pop": 4533.0 }, "geometry": { "type": "Polygon", "coordinates": [ [ [ 33.54848, -11.28293 ], [ 33.49988, -11.25844 ], [ 33.49968, -11.20917 ], [ 33.54808, -11.18438 ], [ 33.59668, -11.20886 ], [ 33.59688, -11.25813 ], [ 33.54848, -11.28293 ] ] ] } },
{ "type": "Feature", "properties": { "pop": 668.0 }, "geometry": { "type": "Polygon", "coordinates": [ [ [ 33.54787, -11.13511 ], [ 33.49927, -11.11064 ], [ 33.49907, -11.06138 ], [ 33.54746, -11.0366 ], [ 33.59606, -11.06107 ], [ 33.59627, -11.11033 ], [ 33.54787, -11.13511 ] ] ] } },
{ "type": "Feature", "properties": { "pop": 5209.0 }, "geometry": { "type": "Polygon", "coordinates": [ [ [ 33.54726, -10.98736 ], [ 33.49867, -10.96289 ], [ 33.49846, -10.91366 ], [ 33.54685, -10.88889 ], [ 33.59545, -10.91335 ], [ 33.59565, -10.96258 ], [ 33.54726, -10.98736 ] ] ] } },
{ "type": "Feature", "properties": { "pop": 12965.0 }, "geometry": { "type": "Polygon", "coordinates": [ [ [ 33.54665, -10.83967 ], [ 33.49806, -10.81521 ], [ 33.49786, -10.766 ], [ 33.54624, -10.74124 ], [ 33.59483, -10.76569 ], [ 33.59504, -10.8149 ], [ 33.54665, -10.83967 ] ] ] } },
{ "type": "Feature", "properties": { "pop": 3207.0 }, "geometry": { "type": "Polygon", "coordinates": [ [ [ 33.54482, -10.39695 ], [ 33.49624, -10.37252 ], [ 33.49603, -10.32337 ], [ 33.54441, -10.29864 ], [ 33.59299, -10.32306 ], [ 33.59319, -10.37221 ], [ 33.54482, -10.39695 ] ] ] } },
{ "type": "Feature", "properties": { "pop": 4233.0 }, "geometry": { "type": "Polygon", "coordinates": [ [ [ 33.54421, -10.24949 ], [ 33.49563, -10.22508 ], [ 33.49543, -10.17594 ], [ 33.5438, -10.15122 ], [ 33.59237, -10.17563 ], [ 33.59258, -10.22477 ], [ 33.54421, -10.24949 ] ] ] } },
{ "type": "Feature", "properties": { "pop": 2376.0 }, "geometry": { "type": "Polygon", "coordinates": [ [ [ 33.5436, -10.10209 ], [ 33.49502, -10.07769 ], [ 33.49482, -10.02857 ], [ 33.54319, -10.00386 ], [ 33.59176, -10.02826 ], [ 33.59197, -10.07738 ], [ 33.5436, -10.10209 ] ] ] } },
{ "type": "Feature", "properties": { "pop": 1341.0 }, "geometry": { "type": "Polygon", "coordinates": [ [ [ 33.54299, -9.95475 ], [ 33.49442, -9.93035 ], [ 33.49421, -9.88125 ], [ 33.54258, -9.85655 ], [ 33.59115, -9.88094 ], [ 33.59135, -9.93004 ], [ 33.54299, -9.95475 ] ] ] } },
{ "type": "Feature", "properties": { "pop": 3132.0 }, "geometry": { "type": "Polygon", "coordinates": [ [ [ 33.54237, -9.80746 ], [ 33.49381, -9.78307 ], [ 33.49361, -9.73399 ], [ 33.54197, -9.70929 ], [ 33.59053, -9.73368 ], [ 33.59074, -9.78276 ], [ 33.54237, -9.80746 ] ] ] } },
{ "type": "Feature", "properties": { "pop": 2982.0 }, "geometry": { "type": "Polygon", "coordinates": [ [ [ 33.54176, -9.66022 ], [ 33.4932, -9.63584 ], [ 33.493, -9.58678 ], [ 33.54136, -9.56209 ], [ 33.58992, -9.58647 ], [ 33.59012, -9.63553 ], [ 33.54176, -9.66022 ] ] ] } },
{ "type": "Feature", "properties": { "pop": 10.0 }, "geometry": { "type": "Polygon", "coordinates": [ [ [ 33.61084, -14.62749 ], [ 33.56216, -14.60272 ], [ 33.56195, -14.55288 ], [ 33.61042, -14.52781 ], [ 33.6591, -14.55256 ], [ 33.65931, -14.60241 ], [ 33.61084, -14.62749 ] ] ] } },
{ "type": "Feature", "properties": { "pop": 1368.0 }, "geometry": { "type": "Polygon", "coordinates": [ [ [ 33.61022, -14.47798 ], [ 33.56154, -14.45323 ], [ 33.56134, -14.40341 ], [ 33.60981, -14.37835 ], [ 33.65848, -14.4031 ], [ 33.65869, -14.45291 ], [ 33.61022, -14.47798 ] ] ] } },
{ "type": "Feature", "properties": { "pop": 13551.0 }, "geometry": { "type": "Polygon", "coordinates": [ [ [ 33.6096, -14.32856 ], [ 33.56093, -14.30382 ], [ 33.56073, -14.25403 ], [ 33.60919, -14.22899 ], [ 33.65786, -14.25372 ], [ 33.65807, -14.3035 ], [ 33.6096, -14.32856 ] ] ] } },
{ "type": "Feature", "properties": { "pop": 31936.0 }, "geometry": { "type": "Polygon", "coordinates": [ [ [ 33.60899, -14.17922 ], [ 33.56032, -14.15449 ], [ 33.56011, -14.10474 ], [ 33.60858, -14.07971 ], [ 33.65724, -14.10442 ], [ 33.65745, -14.15418 ], [ 33.60899, -14.17922 ] ] ] } },
{ "type": "Feature", "properties": { "pop": 39049.0 }, "geometry": { "type": "Polygon", "coordinates": [ [ [ 33.60837, -14.02997 ], [ 33.5597, -14.00526 ], [ 33.5595, -13.95553 ], [ 33.60796, -13.93051 ], [ 33.65662, -13.95521 ], [ 33.65683, -14.00494 ], [ 33.60837, -14.02997 ] ] ] } },
{ "type": "Feature", "properties": { "pop": 29574.0 }, "geometry": { "type": "Polygon", "coordinates": [ [ [ 33.60775, -13.8808 ], [ 33.55909, -13.8561 ], [ 33.55889, -13.8064 ], [ 33.60734, -13.7814 ], [ 33.656, -13.80609 ], [ 33.65621, -13.85579 ], [ 33.60775, -13.8808 ] ] ] } },
{ "type": "Feature", "properties": { "pop": 39032.0 }, "geometry": { "type": "Polygon", "coordinates": [ [ [ 33.60714, -13.73171 ], [ 33.55848, -13.70703 ], [ 33.55827, -13.65736 ], [ 33.60673, -13.63237 ], [ 33.65538, -13.65704 ], [ 33.65559, -13.70672 ], [ 33.60714, -13.73171 ] ] ] } },
{ "type": "Feature", "properties": { "pop": 21272.0 }, "geometry": { "type": "Polygon", "coordinates": [ [ [ 33.60652, -13.58271 ], [ 33.55787, -13.55804 ], [ 33.55766, -13.5084 ], [ 33.60611, -13.48342 ], [ 33.65476, -13.50808 ], [ 33.65497, -13.55773 ], [ 33.60652, -13.58271 ] ] ] } },
{ "type": "Feature", "properties": { "pop": 32865.0 }, "geometry": { "type": "Polygon", "coordinates": [ [ [ 33.60591, -13.43379 ], [ 33.55725, -13.40913 ], [ 33.55705, -13.35951 ], [ 33.60549, -13.33455 ], [ 33.65415, -13.3592 ], [ 33.65435, -13.40882 ], [ 33.60591, -13.43379 ] ] ] } },
{ "type": "Feature", "properties": { "pop": 18208.0 }, "geometry": { "type": "Polygon", "coordinates": [ [ [ 33.60529, -13.28494 ], [ 33.55664, -13.2603 ], [ 33.55644, -13.21071 ], [ 33.60488, -13.18576 ], [ 33.65353, -13.21039 ], [ 33.65373, -13.25999 ], [ 33.60529, -13.28494 ] ] ] } },
{ "type": "Feature", "properties": { "pop": 11085.0 }, "geometry": { "type": "Polygon", "coordinates": [ [ [ 33.60467, -13.13618 ], [ 33.55603, -13.11155 ], [ 33.55582, -13.06198 ], [ 33.60426, -13.03705 ], [ 33.65291, -13.06167 ], [ 33.65311, -13.11124 ], [ 33.60467, -13.13618 ] ] ] } },
{ "type": "Feature", "properties": { "pop": 7058.0 }, "geometry": { "type": "Polygon", "coordinates": [ [ [ 33.60406, -12.98749 ], [ 33.55542, -12.96287 ], [ 33.55521, -12.91333 ], [ 33.60365, -12.88841 ], [ 33.65229, -12.91302 ], [ 33.65249, -12.96256 ], [ 33.60406, -12.98749 ] ] ] } },
{ "type": "Feature", "properties": { "pop": 12420.0 }, "geometry": { "type": "Polygon", "coordinates": [ [ [ 33.60344, -12.83888 ], [ 33.5548, -12.81428 ], [ 33.5546, -12.76476 ], [ 33.60303, -12.73985 ], [ 33.65167, -12.76445 ], [ 33.65187, -12.81396 ], [ 33.60344, -12.83888 ] ] ] } },
{ "type": "Feature", "properties": { "pop": 12018.0 }, "geometry": { "type": "Polygon", "coordinates": [ [ [ 33.60283, -12.69034 ], [ 33.55419, -12.66575 ], [ 33.55399, -12.61626 ], [ 33.60242, -12.59136 ], [ 33.65105, -12.61595 ], [ 33.65126, -12.66544 ], [ 33.60283, -12.69034 ] ] ] } },
{ "type": "Feature", "properties": { "pop": 12682.0 }, "geometry": { "type": "Polygon", "coordinates": [ [ [ 33.60221, -12.54188 ], [ 33.55358, -12.5173 ], [ 33.55338, -12.46783 ], [ 33.6018, -12.44295 ], [ 33.65043, -12.46752 ], [ 33.65064, -12.51699 ], [ 33.60221, -12.54188 ] ] ] } },
{ "type": "Feature", "properties": { "pop": 19246.0 }, "geometry": { "type": "Polygon", "coordinates": [ [ [ 33.6016, -12.39349 ], [ 33.55297, -12.36892 ], [ 33.55276, -12.31948 ], [ 33.60119, -12.2946 ], [ 33.64981, -12.31916 ], [ 33.65002, -12.36861 ], [ 33.6016, -12.39349 ] ] ] } },
{ "type": "Feature", "properties": { "pop": 6745.0 }, "geometry": { "type": "Polygon", "coordinates": [ [ [ 33.60098, -12.24517 ], [ 33.55236, -12.22061 ], [ 33.55215, -12.17119 ], [ 33.60057, -12.14633 ], [ 33.64919, -12.17088 ], [ 33.6494, -12.2203 ], [ 33.60098, -12.24517 ] ] ] } },
{ "type": "Feature", "properties": { "pop": 1217.0 }, "geometry": { "type": "Polygon", "coordinates": [ [ [ 33.60036, -12.09692 ], [ 33.55174, -12.07238 ], [ 33.55154, -12.02298 ], [ 33.59995, -11.99813 ], [ 33.64857, -12.02267 ], [ 33.64878, -12.07207 ], [ 33.60036, -12.09692 ] ] ] } },
{ "type": "Feature", "properties": { "pop": 39075.0 }, "geometry": { "type": "Polygon", "coordinates": [ [ [ 33.59975, -11.94874 ], [ 33.55113, -11.92421 ], [ 33.55093, -11.87484 ], [ 33.59934, -11.85 ], [ 33.64796, -11.87452 ], [ 33.64816, -11.9239 ], [ 33.59975, -11.94874 ] ] ] } },
{ "type": "Feature", "properties": { "pop": 7014.0 }, "geometry": { "type": "Polygon", "coordinates": [ [ [ 33.59913, -11.80063 ], [ 33.55052, -11.77611 ], [ 33.55032, -11.72676 ], [ 33.59872, -11.70193 ], [ 33.64734, -11.72645 ], [ 33.64754, -11.7758 ], [ 33.59913, -11.80063 ] ] ] } },
{ "type": "Feature", "properties": { "pop": 8691.0 }, "geometry": { "type": "Polygon", "coordinates": [ [ [ 33.59852, -11.65259 ], [ 33.54991, -11.62808 ], [ 33.54971, -11.57875 ], [ 33.59811, -11.55393 ], [ 33.64672, -11.57844 ], [ 33.64692, -11.62777 ], [ 33.59852, -11.65259 ] ] ] } },
{ "type": "Feature", "properties": { "pop": 11267.0 }, "geometry": { "type": "Polygon", "coordinates": [ [ [ 33.5979, -11.50462 ], [ 33.5493, -11.48011 ], [ 33.54909, -11.43081 ], [ 33.59749, -11.406 ], [ 33.6461, -11.43049 ], [ 33.64631, -11.4798 ], [ 33.5979, -11.50462 ] ] ] } },
{ "type": "Feature", "properties": { "pop": 10657.0 }, "geometry": { "type": "Polygon", "coordinates": [ [ [ 33.59729, -11.3567 ], [ 33.54869, -11.33221 ], [ 33.54848, -11.28293 ], [ 33.59688, -11.25813 ], [ 33.64548, -11.28262 ], [ 33.64569, -11.3319 ], [ 33.59729, -11.3567 ] ] ] } },
{ "type": "Feature", "properties": { "pop": 4774.0 }, "geometry": { "type": "Polygon", "coordinates": [ [ [ 33.59668, -11.20886 ], [ 33.54808, -11.18438 ], [ 33.54787, -11.13511 ], [ 33.59627, -11.11033 ], [ 33.64486, -11.1348 ], [ 33.64507, -11.18406 ], [ 33.59668, -11.20886 ] ] ] } },
{ "type": "Feature", "properties": { "pop": 6395.0 }, "geometry": { "type": "Polygon", "coordinates": [ [ [ 33.59606, -11.06107 ], [ 33.54746, -11.0366 ], [ 33.54726, -10.98736 ], [ 33.59565, -10.96258 ], [ 33.64425, -10.98705 ], [ 33.64445, -11.03629 ], [ 33.59606, -11.06107 ] ] ] } },
{ "type": "Feature", "properties": { "pop": 4348.0 }, "geometry": { "type": "Polygon", "coordinates": [ [ [ 33.59545, -10.91335 ], [ 33.54685, -10.88889 ], [ 33.54665, -10.83967 ], [ 33.59504, -10.8149 ], [ 33.64363, -10.83935 ], [ 33.64383, -10.88858 ], [ 33.59545, -10.91335 ] ] ] } },
{ "type": "Feature", "properties": { "pop": 496.0 }, "geometry": { "type": "Polygon", "coordinates": [ [ [ 33.59483, -10.76569 ], [ 33.54624, -10.74124 ], [ 33.54604, -10.69204 ], [ 33.59442, -10.66728 ], [ 33.64301, -10.69172 ], [ 33.64322, -10.74093 ], [ 33.59483, -10.76569 ] ] ] } },
{ "type": "Feature", "properties": { "pop": 1922.0 }, "geometry": { "type": "Polygon", "coordinates": [ [ [ 33.5936, -10.47054 ], [ 33.54502, -10.44611 ], [ 33.54482, -10.39695 ], [ 33.59319, -10.37221 ], [ 33.64177, -10.39664 ], [ 33.64198, -10.4458 ], [ 33.5936, -10.47054 ] ] ] } },
{ "type": "Feature", "properties": { "pop": 9154.0 }, "geometry": { "type": "Polygon", "coordinates": [ [ [ 33.59299, -10.32306 ], [ 33.54441, -10.29864 ], [ 33.54421, -10.24949 ], [ 33.59258, -10.22477 ], [ 33.64116, -10.24918 ], [ 33.64136, -10.29833 ], [ 33.59299, -10.32306 ] ] ] } },
{ "type": "Feature", "properties": { "pop": 5795.0 }, "geometry": { "type": "Polygon", "coordinates": [ [ [ 33.59237, -10.17563 ], [ 33.5438, -10.15122 ], [ 33.5436, -10.10209 ], [ 33.59197, -10.07738 ], [ 33.64054, -10.10178 ], [ 33.64075, -10.15091 ], [ 33.59237, -10.17563 ] ] ] } },
{ "type": "Feature", "properties": { "pop": 251.0 }, "geometry": { "type": "Polygon", "coordinates": [ [ [ 33.59176, -10.02826 ], [ 33.54319, -10.00386 ], [ 33.54299, -9.95475 ], [ 33.59135, -9.93004 ], [ 33.63992, -9.95444 ], [ 33.64013, -10.00355 ], [ 33.59176, -10.02826 ] ] ] } },
{ "type": "Feature", "properties": { "pop": 934.0 }, "geometry": { "type": "Polygon", "coordinates": [ [ [ 33.59115, -9.88094 ], [ 33.54258, -9.85655 ], [ 33.54237, -9.80746 ], [ 33.59074, -9.78276 ], [ 33.6393, -9.80715 ], [ 33.63951, -9.85624 ], [ 33.59115, -9.88094 ] ] ] } },
{ "type": "Feature", "properties": { "pop": 5531.0 }, "geometry": { "type": "Polygon", "coordinates": [ [ [ 33.59053, -9.73368 ], [ 33.54197, -9.70929 ], [ 33.54176, -9.66022 ], [ 33.59012, -9.63553 ], [ 33.63869, -9.65991 ], [ 33.63889, -9.70898 ], [ 33.59053, -9.73368 ] ] ] } },
{ "type": "Feature", "properties": { "pop": 229.0 }, "geometry": { "type": "Polygon", "coordinates": [ [ [ 33.58992, -9.58647 ], [ 33.54136, -9.56209 ], [ 33.54115, -9.51304 ], [ 33.58951, -9.48835 ], [ 33.63807, -9.51272 ], [ 33.63828, -9.56178 ], [ 33.58992, -9.58647 ] ] ] } },
{ "type": "Feature", "properties": { "pop": 2984.0 }, "geometry": { "type": "Polygon", "coordinates": [ [ [ 33.6591, -14.55256 ], [ 33.61042, -14.52781 ], [ 33.61022, -14.47798 ], [ 33.65869, -14.45291 ], [ 33.70737, -14.47766 ], [ 33.70758, -14.52749 ], [ 33.6591, -14.55256 ] ] ] } },
{ "type": "Feature", "properties": { "pop": 21198.0 }, "geometry": { "type": "Polygon", "coordinates": [ [ [ 33.65848, -14.4031 ], [ 33.60981, -14.37835 ], [ 33.6096, -14.32856 ], [ 33.65807, -14.3035 ], [ 33.70674, -14.32824 ], [ 33.70695, -14.37804 ], [ 33.65848, -14.4031 ] ] ] } },
{ "type": "Feature", "properties": { "pop": 26734.0 }, "geometry": { "type": "Polygon", "coordinates": [ [ [ 33.65786, -14.25372 ], [ 33.60919, -14.22899 ], [ 33.60899, -14.17922 ], [ 33.65745, -14.15418 ], [ 33.70612, -14.1789 ], [ 33.70633, -14.22867 ], [ 33.65786, -14.25372 ] ] ] } },
{ "type": "Feature", "properties": { "pop": 47846.0 }, "geometry": { "type": "Polygon", "coordinates": [ [ [ 33.65724, -14.10442 ], [ 33.60858, -14.07971 ], [ 33.60837, -14.02997 ], [ 33.65683, -14.00494 ], [ 33.7055, -14.02965 ], [ 33.70571, -14.07939 ], [ 33.65724, -14.10442 ] ] ] } },
{ "type": "Feature", "properties": { "pop": 34075.0 }, "geometry": { "type": "Polygon", "coordinates": [ [ [ 33.65662, -13.95521 ], [ 33.60796, -13.93051 ], [ 33.60775, -13.8808 ], [ 33.65621, -13.85579 ], [ 33.70487, -13.88048 ], [ 33.70508, -13.93019 ], [ 33.65662, -13.95521 ] ] ] } },
{ "type": "Feature", "properties": { "pop": 34890.0 }, "geometry": { "type": "Polygon", "coordinates": [ [ [ 33.656, -13.80609 ], [ 33.60734, -13.7814 ], [ 33.60714, -13.73171 ], [ 33.65559, -13.70672 ], [ 33.70425, -13.7314 ], [ 33.70446, -13.78108 ], [ 33.656, -13.80609 ] ] ] } },
{ "type": "Feature", "properties": { "pop": 27996.0 }, "geometry": { "type": "Polygon", "coordinates": [ [ [ 33.65538, -13.65704 ], [ 33.60673, -13.63237 ], [ 33.60652, -13.58271 ], [ 33.65497, -13.55773 ], [ 33.70363, -13.58239 ], [ 33.70384, -13.63205 ], [ 33.65538, -13.65704 ] ] ] } },
{ "type": "Feature", "properties": { "pop": 22669.0 }, "geometry": { "type": "Polygon", "coordinates": [ [ [ 33.65476, -13.50808 ], [ 33.60611, -13.48342 ], [ 33.60591, -13.43379 ], [ 33.65435, -13.40882 ], [ 33.70301, -13.43347 ], [ 33.70321, -13.4831 ], [ 33.65476, -13.50808 ] ] ] } },
{ "type": "Feature", "properties": { "pop": 18042.0 }, "geometry": { "type": "Polygon", "coordinates": [ [ [ 33.65415, -13.3592 ], [ 33.60549, -13.33455 ], [ 33.60529, -13.28494 ], [ 33.65373, -13.25999 ], [ 33.70238, -13.28463 ], [ 33.70259, -13.33423 ], [ 33.65415, -13.3592 ] ] ] } },
{ "type": "Feature", "properties": { "pop": 12182.0 }, "geometry": { "type": "Polygon", "coordinates": [ [ [ 33.65353, -13.21039 ], [ 33.60488, -13.18576 ], [ 33.60467, -13.13618 ], [ 33.65311, -13.11124 ], [ 33.70176, -13.13586 ], [ 33.70197, -13.18544 ], [ 33.65353, -13.21039 ] ] ] } },
{ "type": "Feature", "properties": { "pop": 13900.0 }, "geometry": { "type": "Polygon", "coordinates": [ [ [ 33.65291, -13.06167 ], [ 33.60426, -13.03705 ], [ 33.60406, -12.98749 ], [ 33.65249, -12.96256 ], [ 33.70114, -12.98718 ], [ 33.70134, -13.03673 ], [ 33.65291, -13.06167 ] ] ] } },
{ "type": "Feature", "properties": { "pop": 9897.0 }, "geometry": { "type": "Polygon", "coordinates": [ [ [ 33.65229, -12.91302 ], [ 33.60365, -12.88841 ], [ 33.60344, -12.83888 ], [ 33.65187, -12.81396 ], [ 33.70051, -12.83856 ], [ 33.70072, -12.88809 ], [ 33.65229, -12.91302 ] ] ] } },
{ "type": "Feature", "properties": { "pop": 13396.0 }, "geometry": { "type": "Polygon", "coordinates": [ [ [ 33.65167, -12.76445 ], [ 33.60303, -12.73985 ], [ 33.60283, -12.69034 ], [ 33.65126, -12.66544 ], [ 33.69989, -12.69003 ], [ 33.7001, -12.73953 ], [ 33.65167, -12.76445 ] ] ] } },
{ "type": "Feature", "properties": { "pop": 11745.0 }, "geometry": { "type": "Polygon", "coordinates": [ [ [ 33.65105, -12.61595 ], [ 33.60242, -12.59136 ], [ 33.60221, -12.54188 ], [ 33.65064, -12.51699 ], [ 33.69927, -12.54156 ], [ 33.69948, -12.59104 ], [ 33.65105, -12.61595 ] ] ] } },
{ "type": "Feature", "properties": { "pop": 3814.0 }, "geometry": { "type": "Polygon", "coordinates": [ [ [ 33.65043, -12.46752 ], [ 33.6018, -12.44295 ], [ 33.6016, -12.39349 ], [ 33.65002, -12.36861 ], [ 33.69865, -12.39317 ], [ 33.69885, -12.44263 ], [ 33.65043, -12.46752 ] ] ] } },
{ "type": "Feature", "properties": { "pop": 9860.0 }, "geometry": { "type": "Polygon", "coordinates": [ [ [ 33.64981, -12.31916 ], [ 33.60119, -12.2946 ], [ 33.60098, -12.24517 ], [ 33.6494, -12.2203 ], [ 33.69802, -12.24486 ], [ 33.69823, -12.29429 ], [ 33.64981, -12.31916 ] ] ] } },
{ "type": "Feature", "properties": { "pop": 3803.0 }, "geometry": { "type": "Polygon", "coordinates": [ [ [ 33.64919, -12.17088 ], [ 33.60057, -12.14633 ], [ 33.60036, -12.09692 ], [ 33.64878, -12.07207 ], [ 33.6974, -12.09661 ], [ 33.69761, -12.14602 ], [ 33.64919, -12.17088 ] ] ] } },
{ "type": "Feature", "properties": { "pop": 6366.0 }, "geometry": { "type": "Polygon", "coordinates": [ [ [ 33.64857, -12.02267 ], [ 33.59995, -11.99813 ], [ 33.59975, -11.94874 ], [ 33.64816, -11.9239 ], [ 33.69678, -11.94843 ], [ 33.69699, -11.99782 ], [ 33.64857, -12.02267 ] ] ] } },
{ "type": "Feature", "properties": { "pop": 7244.0 }, "geometry": { "type": "Polygon", "coordinates": [ [ [ 33.64796, -11.87452 ], [ 33.59934, -11.85 ], [ 33.59913, -11.80063 ], [ 33.64754, -11.7758 ], [ 33.69616, -11.80032 ], [ 33.69637, -11.84968 ], [ 33.64796, -11.87452 ] ] ] } },
{ "type": "Feature", "properties": { "pop": 9544.0 }, "geometry": { "type": "Polygon", "coordinates": [ [ [ 33.64734, -11.72645 ], [ 33.59872, -11.70193 ], [ 33.59852, -11.65259 ], [ 33.64692, -11.62777 ], [ 33.69554, -11.65228 ], [ 33.69574, -11.70162 ], [ 33.64734, -11.72645 ] ] ] } },
{ "type": "Feature", "properties": { "pop": 7252.0 }, "geometry": { "type": "Polygon", "coordinates": [ [ [ 33.64672, -11.57844 ], [ 33.59811, -11.55393 ], [ 33.5979, -11.50462 ], [ 33.64631, -11.4798 ], [ 33.69491, -11.5043 ], [ 33.69512, -11.55362 ], [ 33.64672, -11.57844 ] ] ] } },
{ "type": "Feature", "properties": { "pop": 6994.0 }, "geometry": { "type": "Polygon", "coordinates": [ [ [ 33.6461, -11.43049 ], [ 33.59749, -11.406 ], [ 33.59729, -11.3567 ], [ 33.64569, -11.3319 ], [ 33.69429, -11.35639 ], [ 33.6945, -11.40569 ], [ 33.6461, -11.43049 ] ] ] } },
{ "type": "Feature", "properties": { "pop": 7067.0 }, "geometry": { "type": "Polygon", "coordinates": [ [ [ 33.64548, -11.28262 ], [ 33.59688, -11.25813 ], [ 33.59668, -11.20886 ], [ 33.64507, -11.18406 ], [ 33.69367, -11.20854 ], [ 33.69388, -11.25782 ], [ 33.64548, -11.28262 ] ] ] } },
{ "type": "Feature", "properties": { "pop": 4198.0 }, "geometry": { "type": "Polygon", "coordinates": [ [ [ 33.64486, -11.1348 ], [ 33.59627, -11.11033 ], [ 33.59606, -11.06107 ], [ 33.64445, -11.03629 ], [ 33.69305, -11.06076 ], [ 33.69326, -11.11001 ], [ 33.64486, -11.1348 ] ] ] } },
{ "type": "Feature", "properties": { "pop": 9514.0 }, "geometry": { "type": "Polygon", "coordinates": [ [ [ 33.64425, -10.98705 ], [ 33.59565, -10.96258 ], [ 33.59545, -10.91335 ], [ 33.64383, -10.88858 ], [ 33.69243, -10.91304 ], [ 33.69264, -10.96227 ], [ 33.64425, -10.98705 ] ] ] } },
{ "type": "Feature", "properties": { "pop": 176.0 }, "geometry": { "type": "Polygon", "coordinates": [ [ [ 33.64301, -10.69172 ], [ 33.59442, -10.66728 ], [ 33.59422, -10.61809 ], [ 33.6426, -10.59334 ], [ 33.69119, -10.61777 ], [ 33.69139, -10.66697 ], [ 33.64301, -10.69172 ] ] ] } },
{ "type": "Feature", "properties": { "pop": 1649.0 }, "geometry": { "type": "Polygon", "coordinates": [ [ [ 33.64239, -10.54415 ], [ 33.59381, -10.51972 ], [ 33.5936, -10.47054 ], [ 33.64198, -10.4458 ], [ 33.69056, -10.47023 ], [ 33.69077, -10.51941 ], [ 33.64239, -10.54415 ] ] ] } },
{ "type": "Feature", "properties": { "pop": 10529.0 }, "geometry": { "type": "Polygon", "coordinates": [ [ [ 33.64177, -10.39664 ], [ 33.59319, -10.37221 ], [ 33.59299, -10.32306 ], [ 33.64136, -10.29833 ], [ 33.68994, -10.32275 ], [ 33.69015, -10.3719 ], [ 33.64177, -10.39664 ] ] ] } },
{ "type": "Feature", "properties": { "pop": 3842.0 }, "geometry": { "type": "Polygon", "coordinates": [ [ [ 33.64116, -10.24918 ], [ 33.59258, -10.22477 ], [ 33.59237, -10.17563 ], [ 33.64075, -10.15091 ], [ 33.68932, -10.17532 ], [ 33.68953, -10.22445 ], [ 33.64116, -10.24918 ] ] ] } },
{ "type": "Feature", "properties": { "pop": 672.0 }, "geometry": { "type": "Polygon", "coordinates": [ [ [ 33.64054, -10.10178 ], [ 33.59197, -10.07738 ], [ 33.59176, -10.02826 ], [ 33.64013, -10.00355 ], [ 33.6887, -10.02795 ], [ 33.68891, -10.07706 ], [ 33.64054, -10.10178 ] ] ] } },
{ "type": "Feature", "properties": { "pop": 2299.0 }, "geometry": { "type": "Polygon", "coordinates": [ [ [ 33.63992, -9.95444 ], [ 33.59135, -9.93004 ], [ 33.59115, -9.88094 ], [ 33.63951, -9.85624 ], [ 33.68808, -9.88063 ], [ 33.68829, -9.92973 ], [ 33.63992, -9.95444 ] ] ] } },
{ "type": "Feature", "properties": { "pop": 1960.0 }, "geometry": { "type": "Polygon", "coordinates": [ [ [ 33.6393, -9.80715 ], [ 33.59074, -9.78276 ], [ 33.59053, -9.73368 ], [ 33.63889, -9.70898 ], [ 33.68746, -9.73337 ], [ 33.68767, -9.78245 ], [ 33.6393, -9.80715 ] ] ] } },
{ "type": "Feature", "properties": { "pop": 1694.0 }, "geometry": { "type": "Polygon", "coordinates": [ [ [ 33.63869, -9.65991 ], [ 33.59012, -9.63553 ], [ 33.58992, -9.58647 ], [ 33.63828, -9.56178 ], [ 33.68684, -9.58615 ], [ 33.68705, -9.63522 ], [ 33.63869, -9.65991 ] ] ] } },
{ "type": "Feature", "properties": { "pop": 92.0 }, "geometry": { "type": "Polygon", "coordinates": [ [ [ 33.70799, -14.62717 ], [ 33.65931, -14.60241 ], [ 33.6591, -14.55256 ], [ 33.70758, -14.52749 ], [ 33.75626, -14.55224 ], [ 33.75646, -14.60209 ], [ 33.70799, -14.62717 ] ] ] } },
{ "type": "Feature", "properties": { "pop": 18654.0 }, "geometry": { "type": "Polygon", "coordinates": [ [ [ 33.70737, -14.47766 ], [ 33.65869, -14.45291 ], [ 33.65848, -14.4031 ], [ 33.70695, -14.37804 ], [ 33.75563, -14.40278 ], [ 33.75584, -14.45259 ], [ 33.70737, -14.47766 ] ] ] } },
{ "type": "Feature", "properties": { "pop": 29053.0 }, "geometry": { "type": "Polygon", "coordinates": [ [ [ 33.70674, -14.32824 ], [ 33.65807, -14.3035 ], [ 33.65786, -14.25372 ], [ 33.70633, -14.22867 ], [ 33.755, -14.2534 ], [ 33.75521, -14.30318 ], [ 33.70674, -14.32824 ] ] ] } },
{ "type": "Feature", "properties": { "pop": 35842.0 }, "geometry": { "type": "Polygon", "coordinates": [ [ [ 33.70612, -14.1789 ], [ 33.65745, -14.15418 ], [ 33.65724, -14.10442 ], [ 33.70571, -14.07939 ], [ 33.75437, -14.1041 ], [ 33.75458, -14.15386 ], [ 33.70612, -14.1789 ] ] ] } },
{ "type": "Feature", "properties": { "pop": 168606.0 }, "geometry": { "type": "Polygon", "coordinates": [ [ [ 33.7055, -14.02965 ], [ 33.65683, -14.00494 ], [ 33.65662, -13.95521 ], [ 33.70508, -13.93019 ], [ 33.75375, -13.9549 ], [ 33.75396, -14.00462 ], [ 33.7055, -14.02965 ] ] ] } },
{ "type": "Feature", "properties": { "pop": 34953.0 }, "geometry": { "type": "Polygon", "coordinates": [ [ [ 33.70487, -13.88048 ], [ 33.65621, -13.85579 ], [ 33.656, -13.80609 ], [ 33.70446, -13.78108 ], [ 33.75312, -13.80577 ], [ 33.75333, -13.85547 ], [ 33.70487, -13.88048 ] ] ] } },
{ "type": "Feature", "properties": { "pop": 29452.0 }, "geometry": { "type": "Polygon", "coordinates": [ [ [ 33.70425, -13.7314 ], [ 33.65559, -13.70672 ], [ 33.65538, -13.65704 ], [ 33.70384, -13.63205 ], [ 33.75249, -13.65673 ], [ 33.7527, -13.7064 ], [ 33.70425, -13.7314 ] ] ] } },
{ "type": "Feature", "properties": { "pop": 43603.0 }, "geometry": { "type": "Polygon", "coordinates": [ [ [ 33.70363, -13.58239 ], [ 33.65497, -13.55773 ], [ 33.65476, -13.50808 ], [ 33.70321, -13.4831 ], [ 33.75187, -13.50776 ], [ 33.75208, -13.55741 ], [ 33.70363, -13.58239 ] ] ] } },
{ "type": "Feature", "properties": { "pop": 22783.0 }, "geometry": { "type": "Polygon", "coordinates": [ [ [ 33.70301, -13.43347 ], [ 33.65435, -13.40882 ], [ 33.65415, -13.3592 ], [ 33.70259, -13.33423 ], [ 33.75124, -13.35888 ], [ 33.75145, -13.4085 ], [ 33.70301, -13.43347 ] ] ] } },
{ "type": "Feature", "properties": { "pop": 16294.0 }, "geometry": { "type": "Polygon", "coordinates": [ [ [ 33.70238, -13.28463 ], [ 33.65373, -13.25999 ], [ 33.65353, -13.21039 ], [ 33.70197, -13.18544 ], [ 33.75062, -13.21008 ], [ 33.75082, -13.25967 ], [ 33.70238, -13.28463 ] ] ] } },
{ "type": "Feature", "properties": { "pop": 11138.0 }, "geometry": { "type": "Polygon", "coordinates": [ [ [ 33.70176, -13.13586 ], [ 33.65311, -13.11124 ], [ 33.65291, -13.06167 ], [ 33.70134, -13.03673 ], [ 33.74999, -13.06135 ], [ 33.7502, -13.11092 ], [ 33.70176, -13.13586 ] ] ] } },
{ "type": "Feature", "properties": { "pop": 10026.0 }, "geometry": { "type": "Polygon", "coordinates": [ [ [ 33.70114, -12.98718 ], [ 33.65249, -12.96256 ], [ 33.65229, -12.91302 ], [ 33.70072, -12.88809 ], [ 33.74936, -12.9127 ], [ 33.74957, -12.96224 ], [ 33.70114, -12.98718 ] ] ] } },
{ "type": "Feature", "properties": { "pop": 9351.0 }, "geometry": { "type": "Polygon", "coordinates": [ [ [ 33.70051, -12.83856 ], [ 33.65187, -12.81396 ], [ 33.65167, -12.76445 ], [ 33.7001, -12.73953 ], [ 33.74874, -12.76413 ], [ 33.74895, -12.81364 ], [ 33.70051, -12.83856 ] ] ] } },
{ "type": "Feature", "properties": { "pop": 11415.0 }, "geometry": { "type": "Polygon", "coordinates": [ [ [ 33.69989, -12.69003 ], [ 33.65126, -12.66544 ], [ 33.65105, -12.61595 ], [ 33.69948, -12.59104 ], [ 33.74811, -12.61563 ], [ 33.74832, -12.66512 ], [ 33.69989, -12.69003 ] ] ] } },
{ "type": "Feature", "properties": { "pop": 11076.0 }, "geometry": { "type": "Polygon", "coordinates": [ [ [ 33.69927, -12.54156 ], [ 33.65064, -12.51699 ], [ 33.65043, -12.46752 ], [ 33.69885, -12.44263 ], [ 33.74749, -12.4672 ], [ 33.74769, -12.51667 ], [ 33.69927, -12.54156 ] ] ] } },
{ "type": "Feature", "properties": { "pop": 7163.0 }, "geometry": { "type": "Polygon", "coordinates": [ [ [ 33.69865, -12.39317 ], [ 33.65002, -12.36861 ], [ 33.64981, -12.31916 ], [ 33.69823, -12.29429 ], [ 33.74686, -12.31885 ], [ 33.74707, -12.36829 ], [ 33.69865, -12.39317 ] ] ] } },
{ "type": "Feature", "properties": { "pop": 6924.0 }, "geometry": { "type": "Polygon", "coordinates": [ [ [ 33.69802, -12.24486 ], [ 33.6494, -12.2203 ], [ 33.64919, -12.17088 ], [ 33.69761, -12.14602 ], [ 33.74623, -12.17056 ], [ 33.74644, -12.21998 ], [ 33.69802, -12.24486 ] ] ] } },
{ "type": "Feature", "properties": { "pop": 1168.0 }, "geometry": { "type": "Polygon", "coordinates": [ [ [ 33.6974, -12.09661 ], [ 33.64878, -12.07207 ], [ 33.64857, -12.02267 ], [ 33.69699, -11.99782 ], [ 33.74561, -12.02235 ], [ 33.74582, -12.07175 ], [ 33.6974, -12.09661 ] ] ] } },
{ "type": "Feature", "properties": { "pop": 2925.0 }, "geometry": { "type": "Polygon", "coordinates": [ [ [ 33.69678, -11.94843 ], [ 33.64816, -11.9239 ], [ 33.64796, -11.87452 ], [ 33.69637, -11.84968 ], [ 33.74498, -11.87421 ], [ 33.74519, -11.92358 ], [ 33.69678, -11.94843 ] ] ] } },
{ "type": "Feature", "properties": { "pop": 11983.0 }, "geometry": { "type": "Polygon", "coordinates": [ [ [ 33.69616, -11.80032 ], [ 33.64754, -11.7758 ], [ 33.64734, -11.72645 ], [ 33.69574, -11.70162 ], [ 33.74436, -11.72613 ], [ 33.74457, -11.77548 ], [ 33.69616, -11.80032 ] ] ] } },
{ "type": "Feature", "properties": { "pop": 7227.0 }, "geometry": { "type": "Polygon", "coordinates": [ [ [ 33.69554, -11.65228 ], [ 33.64692, -11.62777 ], [ 33.64672, -11.57844 ], [ 33.69512, -11.55362 ], [ 33.74373, -11.57812 ], [ 33.74394, -11.62745 ], [ 33.69554, -11.65228 ] ] ] } },
{ "type": "Feature", "properties": { "pop": 8620.0 }, "geometry": { "type": "Polygon", "coordinates": [ [ [ 33.69491, -11.5043 ], [ 33.64631, -11.4798 ], [ 33.6461, -11.43049 ], [ 33.6945, -11.40569 ], [ 33.74311, -11.43018 ], [ 33.74332, -11.47949 ], [ 33.69491, -11.5043 ] ] ] } },
{ "type": "Feature", "properties": { "pop": 5016.0 }, "geometry": { "type": "Polygon", "coordinates": [ [ [ 33.69429, -11.35639 ], [ 33.64569, -11.3319 ], [ 33.64548, -11.28262 ], [ 33.69388, -11.25782 ], [ 33.74248, -11.2823 ], [ 33.74269, -11.33159 ], [ 33.69429, -11.35639 ] ] ] } },
{ "type": "Feature", "properties": { "pop": 7541.0 }, "geometry": { "type": "Polygon", "coordinates": [ [ [ 33.69367, -11.20854 ], [ 33.64507, -11.18406 ], [ 33.64486, -11.1348 ], [ 33.69326, -11.11001 ], [ 33.74186, -11.13448 ], [ 33.74206, -11.18375 ], [ 33.69367, -11.20854 ] ] ] } },
{ "type": "Feature", "properties": { "pop": 7581.0 }, "geometry": { "type": "Polygon", "coordinates": [ [ [ 33.69305, -11.06076 ], [ 33.64445, -11.03629 ], [ 33.64425, -10.98705 ], [ 33.69264, -10.96227 ], [ 33.74123, -10.98673 ], [ 33.74144, -11.03598 ], [ 33.69305, -11.06076 ] ] ] } },
{ "type": "Feature", "properties": { "pop": 2291.0 }, "geometry": { "type": "Polygon", "coordinates": [ [ [ 33.69243, -10.91304 ], [ 33.64383, -10.88858 ], [ 33.64363, -10.83935 ], [ 33.69201, -10.81459 ], [ 33.74061, -10.83904 ], [ 33.74081, -10.88826 ], [ 33.69243, -10.91304 ] ] ] } },
{ "type": "Feature", "properties": { "pop": 10.0 }, "geometry": { "type": "Polygon", "coordinates": [ [ [ 33.69181, -10.76537 ], [ 33.64322, -10.74093 ], [ 33.64301, -10.69172 ], [ 33.69139, -10.66697 ], [ 33.73998, -10.69141 ], [ 33.74019, -10.74061 ], [ 33.69181, -10.76537 ] ] ] } },
{ "type": "Feature", "properties": { "pop": 122.0 }, "geometry": { "type": "Polygon", "coordinates": [ [ [ 33.69119, -10.61777 ], [ 33.6426, -10.59334 ], [ 33.64239, -10.54415 ], [ 33.69077, -10.51941 ], [ 33.73936, -10.54384 ], [ 33.73957, -10.59302 ], [ 33.69119, -10.61777 ] ] ] } },
{ "type": "Feature", "properties": { "pop": 3910.0 }, "geometry": { "type": "Polygon", "coordinates": [ [ [ 33.69056, -10.47023 ], [ 33.64198, -10.4458 ], [ 33.64177, -10.39664 ], [ 33.69015, -10.3719 ], [ 33.73873, -10.39632 ], [ 33.73894, -10.44549 ], [ 33.69056, -10.47023 ] ] ] } },
{ "type": "Feature", "properties": { "pop": 3632.0 }, "geometry": { "type": "Polygon", "coordinates": [ [ [ 33.68994, -10.32275 ], [ 33.64136, -10.29833 ], [ 33.64116, -10.24918 ], [ 33.68953, -10.22445 ], [ 33.73811, -10.24887 ], [ 33.73832, -10.29801 ], [ 33.68994, -10.32275 ] ] ] } },
{ "type": "Feature", "properties": { "pop": 4415.0 }, "geometry": { "type": "Polygon", "coordinates": [ [ [ 33.68932, -10.17532 ], [ 33.64075, -10.15091 ], [ 33.64054, -10.10178 ], [ 33.68891, -10.07706 ], [ 33.73748, -10.10147 ], [ 33.73769, -10.15059 ], [ 33.68932, -10.17532 ] ] ] } },
{ "type": "Feature", "properties": { "pop": 1929.0 }, "geometry": { "type": "Polygon", "coordinates": [ [ [ 33.6887, -10.02795 ], [ 33.64013, -10.00355 ], [ 33.63992, -9.95444 ], [ 33.68829, -9.92973 ], [ 33.73686, -9.95412 ], [ 33.73707, -10.00323 ], [ 33.6887, -10.02795 ] ] ] } },
{ "type": "Feature", "properties": { "pop": 640.0 }, "geometry": { "type": "Polygon", "coordinates": [ [ [ 33.68808, -9.88063 ], [ 33.63951, -9.85624 ], [ 33.6393, -9.80715 ], [ 33.68767, -9.78245 ], [ 33.73623, -9.80683 ], [ 33.73644, -9.85592 ], [ 33.68808, -9.88063 ] ] ] } },
{ "type": "Feature", "properties": { "pop": 2457.0 }, "geometry": { "type": "Polygon", "coordinates": [ [ [ 33.68746, -9.73337 ], [ 33.63889, -9.70898 ], [ 33.63869, -9.65991 ], [ 33.68705, -9.63522 ], [ 33.73561, -9.6596 ], [ 33.73582, -9.70867 ], [ 33.68746, -9.73337 ] ] ] } },
{ "type": "Feature", "properties": { "pop": 686.0 }, "geometry": { "type": "Polygon", "coordinates": [ [ [ 33.75626, -14.55224 ], [ 33.70758, -14.52749 ], [ 33.70737, -14.47766 ], [ 33.75584, -14.45259 ], [ 33.80452, -14.47734 ], [ 33.80473, -14.52717 ], [ 33.75626, -14.55224 ] ] ] } },
{ "type": "Feature", "properties": { "pop": 19329.0 }, "geometry": { "type": "Polygon", "coordinates": [ [ [ 33.75563, -14.40278 ], [ 33.70695, -14.37804 ], [ 33.70674, -14.32824 ], [ 33.75521, -14.30318 ], [ 33.80389, -14.32792 ], [ 33.8041, -14.37771 ], [ 33.75563, -14.40278 ] ] ] } },
{ "type": "Feature", "properties": { "pop": 38802.0 }, "geometry": { "type": "Polygon", "coordinates": [ [ [ 33.755, -14.2534 ], [ 33.70633, -14.22867 ], [ 33.70612, -14.1789 ], [ 33.75458, -14.15386 ], [ 33.80326, -14.17858 ], [ 33.80347, -14.22835 ], [ 33.755, -14.2534 ] ] ] } },
{ "type": "Feature", "properties": { "pop": 193631.0 }, "geometry": { "type": "Polygon", "coordinates": [ [ [ 33.75437, -14.1041 ], [ 33.70571, -14.07939 ], [ 33.7055, -14.02965 ], [ 33.75396, -14.00462 ], [ 33.80263, -14.02933 ], [ 33.80284, -14.07907 ], [ 33.75437, -14.1041 ] ] ] } },
{ "type": "Feature", "properties": { "pop": 349491.0 }, "geometry": { "type": "Polygon", "coordinates": [ [ [ 33.75375, -13.9549 ], [ 33.70508, -13.93019 ], [ 33.70487, -13.88048 ], [ 33.75333, -13.85547 ], [ 33.802, -13.88016 ], [ 33.80221, -13.92987 ], [ 33.75375, -13.9549 ] ] ] } },
{ "type": "Feature", "properties": { "pop": 29324.0 }, "geometry": { "type": "Polygon", "coordinates": [ [ [ 33.75312, -13.80577 ], [ 33.70446, -13.78108 ], [ 33.70425, -13.7314 ], [ 33.7527, -13.7064 ], [ 33.80136, -13.73108 ], [ 33.80158, -13.78076 ], [ 33.75312, -13.80577 ] ] ] } },
{ "type": "Feature", "properties": { "pop": 29570.0 }, "geometry": { "type": "Polygon", "coordinates": [ [ [ 33.75249, -13.65673 ], [ 33.70384, -13.63205 ], [ 33.70363, -13.58239 ], [ 33.75208, -13.55741 ], [ 33.80073, -13.58207 ], [ 33.80094, -13.63173 ], [ 33.75249, -13.65673 ] ] ] } },
{ "type": "Feature", "properties": { "pop": 30335.0 }, "geometry": { "type": "Polygon", "coordinates": [ [ [ 33.75187, -13.50776 ], [ 33.70321, -13.4831 ], [ 33.70301, -13.43347 ], [ 33.75145, -13.4085 ], [ 33.80011, -13.43315 ], [ 33.80031, -13.48278 ], [ 33.75187, -13.50776 ] ] ] } },
{ "type": "Feature", "properties": { "pop": 16929.0 }, "geometry": { "type": "Polygon", "coordinates": [ [ [ 33.75124, -13.35888 ], [ 33.70259, -13.33423 ], [ 33.70238, -13.28463 ], [ 33.75082, -13.25967 ], [ 33.79948, -13.28431 ], [ 33.79969, -13.33391 ], [ 33.75124, -13.35888 ] ] ] } },
{ "type": "Feature", "properties": { "pop": 15748.0 }, "geometry": { "type": "Polygon", "coordinates": [ [ [ 33.75062, -13.21008 ], [ 33.70197, -13.18544 ], [ 33.70176, -13.13586 ], [ 33.7502, -13.11092 ], [ 33.79885, -13.13554 ], [ 33.79906, -13.18512 ], [ 33.75062, -13.21008 ] ] ] } },
{ "type": "Feature", "properties": { "pop": 10803.0 }, "geometry": { "type": "Polygon", "coordinates": [ [ [ 33.74999, -13.06135 ], [ 33.70134, -13.03673 ], [ 33.70114, -12.98718 ], [ 33.74957, -12.96224 ], [ 33.79822, -12.98686 ], [ 33.79843, -13.03641 ], [ 33.74999, -13.06135 ] ] ] } },
{ "type": "Feature", "properties": { "pop": 10614.0 }, "geometry": { "type": "Polygon", "coordinates": [ [ [ 33.74936, -12.9127 ], [ 33.70072, -12.88809 ], [ 33.70051, -12.83856 ], [ 33.74895, -12.81364 ], [ 33.79759, -12.83825 ], [ 33.7978, -12.88777 ], [ 33.74936, -12.9127 ] ] ] } },
{ "type": "Feature", "properties": { "pop": 7575.0 }, "geometry": { "type": "Polygon", "coordinates": [ [ [ 33.74874, -12.76413 ], [ 33.7001, -12.73953 ], [ 33.69989, -12.69003 ], [ 33.74832, -12.66512 ], [ 33.79696, -12.68971 ], [ 33.79717, -12.73921 ], [ 33.74874, -12.76413 ] ] ] } },
{ "type": "Feature", "properties": { "pop": 6295.0 }, "geometry": { "type": "Polygon", "coordinates": [ [ [ 33.74811, -12.61563 ], [ 33.69948, -12.59104 ], [ 33.69927, -12.54156 ], [ 33.74769, -12.51667 ], [ 33.79633, -12.54125 ], [ 33.79654, -12.59073 ], [ 33.74811, -12.61563 ] ] ] } },
{ "type": "Feature", "properties": { "pop": 9994.0 }, "geometry": { "type": "Polygon", "coordinates": [ [ [ 33.74749, -12.4672 ], [ 33.69885, -12.44263 ], [ 33.69865, -12.39317 ], [ 33.74707, -12.36829 ], [ 33.7957, -12.39286 ], [ 33.79591, -12.44231 ], [ 33.74749, -12.4672 ] ] ] } },
{ "type": "Feature", "properties": { "pop": 3731.0 }, "geometry": { "type": "Polygon", "coordinates": [ [ [ 33.74686, -12.31885 ], [ 33.69823, -12.29429 ], [ 33.69802, -12.24486 ], [ 33.74644, -12.21998 ], [ 33.79507, -12.24454 ], [ 33.79528, -12.29397 ], [ 33.74686, -12.31885 ] ] ] } },
{ "type": "Feature", "properties": { "pop": 857.0 }, "geometry": { "type": "Polygon", "coordinates": [ [ [ 33.74623, -12.17056 ], [ 33.69761, -12.14602 ], [ 33.6974, -12.09661 ], [ 33.74582, -12.07175 ], [ 33.79444, -12.09629 ], [ 33.79465, -12.1457 ], [ 33.74623, -12.17056 ] ] ] } },
{ "type": "Feature", "properties": { "pop": 3755.0 }, "geometry": { "type": "Polygon", "coordinates": [ [ [ 33.74561, -12.02235 ], [ 33.69699, -11.99782 ], [ 33.69678, -11.94843 ], [ 33.74519, -11.92358 ], [ 33.79381, -11.94811 ], [ 33.79402, -11.9975 ], [ 33.74561, -12.02235 ] ] ] } },
{ "type": "Feature", "properties": { "pop": 8059.0 }, "geometry": { "type": "Polygon", "coordinates": [ [ [ 33.74498, -11.87421 ], [ 33.69637, -11.84968 ], [ 33.69616, -11.80032 ], [ 33.74457, -11.77548 ], [ 33.79318, -11.8 ], [ 33.79339, -11.84936 ], [ 33.74498, -11.87421 ] ] ] } },
{ "type": "Feature", "properties": { "pop": 2845.0 }, "geometry": { "type": "Polygon", "coordinates": [ [ [ 33.74436, -11.72613 ], [ 33.69574, -11.70162 ], [ 33.69554, -11.65228 ], [ 33.74394, -11.62745 ], [ 33.79255, -11.65196 ], [ 33.79276, -11.7013 ], [ 33.74436, -11.72613 ] ] ] } },
{ "type": "Feature", "properties": { "pop": 8050.0 }, "geometry": { "type": "Polygon", "coordinates": [ [ [ 33.74373, -11.57812 ], [ 33.69512, -11.55362 ], [ 33.69491, -11.5043 ], [ 33.74332, -11.47949 ], [ 33.79192, -11.50398 ], [ 33.79213, -11.5533 ], [ 33.74373, -11.57812 ] ] ] } },
{ "type": "Feature", "properties": { "pop": 8167.0 }, "geometry": { "type": "Polygon", "coordinates": [ [ [ 33.74311, -11.43018 ], [ 33.6945, -11.40569 ], [ 33.69429, -11.35639 ], [ 33.74269, -11.33159 ], [ 33.7913, -11.35607 ], [ 33.7915, -11.40537 ], [ 33.74311, -11.43018 ] ] ] } },
{ "type": "Feature", "properties": { "pop": 6203.0 }, "geometry": { "type": "Polygon", "coordinates": [ [ [ 33.74248, -11.2823 ], [ 33.69388, -11.25782 ], [ 33.69367, -11.20854 ], [ 33.74206, -11.18375 ], [ 33.79067, -11.20822 ], [ 33.79088, -11.2575 ], [ 33.74248, -11.2823 ] ] ] } },
{ "type": "Feature", "properties": { "pop": 9311.0 }, "geometry": { "type": "Polygon", "coordinates": [ [ [ 33.74186, -11.13448 ], [ 33.69326, -11.11001 ], [ 33.69305, -11.06076 ], [ 33.74144, -11.03598 ], [ 33.79004, -11.06044 ], [ 33.79025, -11.1097 ], [ 33.74186, -11.13448 ] ] ] } },
{ "type": "Feature", "properties": { "pop": 18629.0 }, "geometry": { "type": "Polygon", "coordinates": [ [ [ 33.74123, -10.98673 ], [ 33.69264, -10.96227 ], [ 33.69243, -10.91304 ], [ 33.74081, -10.88826 ], [ 33.78941, -10.91272 ], [ 33.78962, -10.96195 ], [ 33.74123, -10.98673 ] ] ] } },
{ "type": "Feature", "properties": { "pop": 29.0 }, "geometry": { "type": "Polygon", "coordinates": [ [ [ 33.73998, -10.69141 ], [ 33.69139, -10.66697 ], [ 33.69119, -10.61777 ], [ 33.73957, -10.59302 ], [ 33.78815, -10.61746 ], [ 33.78836, -10.66665 ], [ 33.73998, -10.69141 ] ] ] } },
{ "type": "Feature", "properties": { "pop": 695.0 }, "geometry": { "type": "Polygon", "coordinates": [ [ [ 33.73873, -10.39632 ], [ 33.69015, -10.3719 ], [ 33.68994, -10.32275 ], [ 33.73832, -10.29801 ], [ 33.7869, -10.32243 ], [ 33.78711, -10.37158 ], [ 33.73873, -10.39632 ] ] ] } },
{ "type": "Feature", "properties": { "pop": 2655.0 }, "geometry": { "type": "Polygon", "coordinates": [ [ [ 33.73811, -10.24887 ], [ 33.68953, -10.22445 ], [ 33.68932, -10.17532 ], [ 33.73769, -10.15059 ], [ 33.78627, -10.175 ], [ 33.78648, -10.22414 ], [ 33.73811, -10.24887 ] ] ] } },
{ "type": "Feature", "properties": { "pop": 1047.0 }, "geometry": { "type": "Polygon", "coordinates": [ [ [ 33.73748, -10.10147 ], [ 33.68891, -10.07706 ], [ 33.6887, -10.02795 ], [ 33.73707, -10.00323 ], [ 33.78564, -10.02763 ], [ 33.78585, -10.07675 ], [ 33.73748, -10.10147 ] ] ] } },
{ "type": "Feature", "properties": { "pop": 914.0 }, "geometry": { "type": "Polygon", "coordinates": [ [ [ 33.73686, -9.95412 ], [ 33.68829, -9.92973 ], [ 33.68808, -9.88063 ], [ 33.73644, -9.85592 ], [ 33.78501, -9.88031 ], [ 33.78522, -9.92941 ], [ 33.73686, -9.95412 ] ] ] } },
{ "type": "Feature", "properties": { "pop": 1474.0 }, "geometry": { "type": "Polygon", "coordinates": [ [ [ 33.73623, -9.80683 ], [ 33.68767, -9.78245 ], [ 33.68746, -9.73337 ], [ 33.73582, -9.70867 ], [ 33.78439, -9.73305 ], [ 33.7846, -9.78213 ], [ 33.73623, -9.80683 ] ] ] } },
{ "type": "Feature", "properties": { "pop": 11998.0 }, "geometry": { "type": "Polygon", "coordinates": [ [ [ 33.73561, -9.6596 ], [ 33.68705, -9.63522 ], [ 33.68684, -9.58615 ], [ 33.73519, -9.56147 ], [ 33.78376, -9.58584 ], [ 33.78397, -9.6349 ], [ 33.73561, -9.6596 ] ] ] } },
{ "type": "Feature", "properties": { "pop": 627.0 }, "geometry": { "type": "Polygon", "coordinates": [ [ [ 33.80452, -14.47734 ], [ 33.75584, -14.45259 ], [ 33.75563, -14.40278 ], [ 33.8041, -14.37771 ], [ 33.85277, -14.40245 ], [ 33.85299, -14.45227 ], [ 33.80452, -14.47734 ] ] ] } },
{ "type": "Feature", "properties": { "pop": 47166.0 }, "geometry": { "type": "Polygon", "coordinates": [ [ [ 33.80389, -14.32792 ], [ 33.75521, -14.30318 ], [ 33.755, -14.2534 ], [ 33.80347, -14.22835 ], [ 33.85214, -14.25308 ], [ 33.85235, -14.30286 ], [ 33.80389, -14.32792 ] ] ] } },
{ "type": "Feature", "properties": { "pop": 43769.0 }, "geometry": { "type": "Polygon", "coordinates": [ [ [ 33.80326, -14.17858 ], [ 33.75458, -14.15386 ], [ 33.75437, -14.1041 ], [ 33.80284, -14.07907 ], [ 33.85151, -14.10378 ], [ 33.85172, -14.15354 ], [ 33.80326, -14.17858 ] ] ] } },
{ "type": "Feature", "properties": { "pop": 507027.0 }, "geometry": { "type": "Polygon", "coordinates": [ [ [ 33.80263, -14.02933 ], [ 33.75396, -14.00462 ], [ 33.75375, -13.9549 ], [ 33.80221, -13.92987 ], [ 33.85087, -13.95457 ], [ 33.85108, -14.0043 ], [ 33.80263, -14.02933 ] ] ] } },
{ "type": "Feature", "properties": { "pop": 37030.0 }, "geometry": { "type": "Polygon", "coordinates": [ [ [ 33.802, -13.88016 ], [ 33.75333, -13.85547 ], [ 33.75312, -13.80577 ], [ 33.80158, -13.78076 ], [ 33.85024, -13.80545 ], [ 33.85045, -13.85515 ], [ 33.802, -13.88016 ] ] ] } },
{ "type": "Feature", "properties": { "pop": 26834.0 }, "geometry": { "type": "Polygon", "coordinates": [ [ [ 33.80136, -13.73108 ], [ 33.7527, -13.7064 ], [ 33.75249, -13.65673 ], [ 33.80094, -13.63173 ], [ 33.84961, -13.6564 ], [ 33.84982, -13.70608 ], [ 33.80136, -13.73108 ] ] ] } },
{ "type": "Feature", "properties": { "pop": 27809.0 }, "geometry": { "type": "Polygon", "coordinates": [ [ [ 33.80073, -13.58207 ], [ 33.75208, -13.55741 ], [ 33.75187, -13.50776 ], [ 33.80031, -13.48278 ], [ 33.84897, -13.50744 ], [ 33.84918, -13.55709 ], [ 33.80073, -13.58207 ] ] ] } },
{ "type": "Feature", "properties": { "pop": 23190.0 }, "geometry": { "type": "Polygon", "coordinates": [ [ [ 33.80011, -13.43315 ], [ 33.75145, -13.4085 ], [ 33.75124, -13.35888 ], [ 33.79969, -13.33391 ], [ 33.84834, -13.35856 ], [ 33.84855, -13.40818 ], [ 33.80011, -13.43315 ] ] ] } },
{ "type": "Feature", "properties": { "pop": 17478.0 }, "geometry": { "type": "Polygon", "coordinates": [ [ [ 33.79948, -13.28431 ], [ 33.75082, -13.25967 ], [ 33.75062, -13.21008 ], [ 33.79906, -13.18512 ], [ 33.84771, -13.20976 ], [ 33.84792, -13.25935 ], [ 33.79948, -13.28431 ] ] ] } },
{ "type": "Feature", "properties": { "pop": 12197.0 }, "geometry": { "type": "Polygon", "coordinates": [ [ [ 33.79885, -13.13554 ], [ 33.7502, -13.11092 ], [ 33.74999, -13.06135 ], [ 33.79843, -13.03641 ], [ 33.84707, -13.06103 ], [ 33.84728, -13.1106 ], [ 33.79885, -13.13554 ] ] ] } },
{ "type": "Feature", "properties": { "pop": 17227.0 }, "geometry": { "type": "Polygon", "coordinates": [ [ [ 33.79822, -12.98686 ], [ 33.74957, -12.96224 ], [ 33.74936, -12.9127 ], [ 33.7978, -12.88777 ], [ 33.84644, -12.91238 ], [ 33.84665, -12.96192 ], [ 33.79822, -12.98686 ] ] ] } },
{ "type": "Feature", "properties": { "pop": 5345.0 }, "geometry": { "type": "Polygon", "coordinates": [ [ [ 33.79759, -12.83825 ], [ 33.74895, -12.81364 ], [ 33.74874, -12.76413 ], [ 33.79717, -12.73921 ], [ 33.84581, -12.76381 ], [ 33.84602, -12.81332 ], [ 33.79759, -12.83825 ] ] ] } },
{ "type": "Feature", "properties": { "pop": 10011.0 }, "geometry": { "type": "Polygon", "coordinates": [ [ [ 33.79696, -12.68971 ], [ 33.74832, -12.66512 ], [ 33.74811, -12.61563 ], [ 33.79654, -12.59073 ], [ 33.84517, -12.61531 ], [ 33.84538, -12.6648 ], [ 33.79696, -12.68971 ] ] ] } },
{ "type": "Feature", "properties": { "pop": 6634.0 }, "geometry": { "type": "Polygon", "coordinates": [ [ [ 33.79633, -12.54125 ], [ 33.74769, -12.51667 ], [ 33.74749, -12.4672 ], [ 33.79591, -12.44231 ], [ 33.84454, -12.46688 ], [ 33.84475, -12.51635 ], [ 33.79633, -12.54125 ] ] ] } },
{ "type": "Feature", "properties": { "pop": 2615.0 }, "geometry": { "type": "Polygon", "coordinates": [ [ [ 33.7957, -12.39286 ], [ 33.74707, -12.36829 ], [ 33.74686, -12.31885 ], [ 33.79528, -12.29397 ], [ 33.84391, -12.31853 ], [ 33.84412, -12.36797 ], [ 33.7957, -12.39286 ] ] ] } },
{ "type": "Feature", "properties": { "pop": 1644.0 }, "geometry": { "type": "Polygon", "coordinates": [ [ [ 33.79507, -12.24454 ], [ 33.74644, -12.21998 ], [ 33.74623, -12.17056 ], [ 33.79465, -12.1457 ], [ 33.84327, -12.17024 ], [ 33.84349, -12.21966 ], [ 33.79507, -12.24454 ] ] ] } },
{ "type": "Feature", "properties": { "pop": 150.0 }, "geometry": { "type": "Polygon", "coordinates": [ [ [ 33.79444, -12.09629 ], [ 33.74582, -12.07175 ], [ 33.74561, -12.02235 ], [ 33.79402, -11.9975 ], [ 33.84264, -12.02203 ], [ 33.84285, -12.07143 ], [ 33.79444, -12.09629 ] ] ] } },
{ "type": "Feature", "properties": { "pop": 6718.0 }, "geometry": { "type": "Polygon", "coordinates": [ [ [ 33.79381, -11.94811 ], [ 33.74519, -11.92358 ], [ 33.74498, -11.87421 ], [ 33.79339, -11.84936 ], [ 33.84201, -11.87389 ], [ 33.84222, -11.92326 ], [ 33.79381, -11.94811 ] ] ] } },
{ "type": "Feature", "properties": { "pop": 1982.0 }, "geometry": { "type": "Polygon", "coordinates": [ [ [ 33.79318, -11.8 ], [ 33.74457, -11.77548 ], [ 33.74436, -11.72613 ], [ 33.79276, -11.7013 ], [ 33.84138, -11.72581 ], [ 33.84159, -11.77516 ], [ 33.79318, -11.8 ] ] ] } },
{ "type": "Feature", "properties": { "pop": 3525.0 }, "geometry": { "type": "Polygon", "coordinates": [ [ [ 33.79255, -11.65196 ], [ 33.74394, -11.62745 ], [ 33.74373, -11.57812 ], [ 33.79213, -11.5533 ], [ 33.84075, -11.5778 ], [ 33.84096, -11.62713 ], [ 33.79255, -11.65196 ] ] ] } },
{ "type": "Feature", "properties": { "pop": 11597.0 }, "geometry": { "type": "Polygon", "coordinates": [ [ [ 33.79192, -11.50398 ], [ 33.74332, -11.47949 ], [ 33.74311, -11.43018 ], [ 33.7915, -11.40537 ], [ 33.84011, -11.42986 ], [ 33.84032, -11.47917 ], [ 33.79192, -11.50398 ] ] ] } },
{ "type": "Feature", "properties": { "pop": 7733.0 }, "geometry": { "type": "Polygon", "coordinates": [ [ [ 33.7913, -11.35607 ], [ 33.74269, -11.33159 ], [ 33.74248, -11.2823 ], [ 33.79088, -11.2575 ], [ 33.83948, -11.28198 ], [ 33.83969, -11.33127 ], [ 33.7913, -11.35607 ] ] ] } },
{ "type": "Feature", "properties": { "pop": 6898.0 }, "geometry": { "type": "Polygon", "coordinates": [ [ [ 33.79067, -11.20822 ], [ 33.74206, -11.18375 ], [ 33.74186, -11.13448 ], [ 33.79025, -11.1097 ], [ 33.83885, -11.13416 ], [ 33.83906, -11.18343 ], [ 33.79067, -11.20822 ] ] ] } },
{ "type": "Feature", "properties": { "pop": 15364.0 }, "geometry": { "type": "Polygon", "coordinates": [ [ [ 33.79004, -11.06044 ], [ 33.74144, -11.03598 ], [ 33.74123, -10.98673 ], [ 33.78962, -10.96195 ], [ 33.83822, -10.98641 ], [ 33.83843, -11.03566 ], [ 33.79004, -11.06044 ] ] ] } },
{ "type": "Feature", "properties": { "pop": 1365.0 }, "geometry": { "type": "Polygon", "coordinates": [ [ [ 33.78941, -10.91272 ], [ 33.74081, -10.88826 ], [ 33.74061, -10.83904 ], [ 33.78899, -10.81427 ], [ 33.83759, -10.83872 ], [ 33.8378, -10.88794 ], [ 33.78941, -10.91272 ] ] ] } },
{ "type": "Feature", "properties": { "pop": 16.0 }, "geometry": { "type": "Polygon", "coordinates": [ [ [ 33.78878, -10.76506 ], [ 33.74019, -10.74061 ], [ 33.73998, -10.69141 ], [ 33.78836, -10.66665 ], [ 33.83695, -10.69109 ], [ 33.83716, -10.74029 ], [ 33.78878, -10.76506 ] ] ] } },
{ "type": "Feature", "properties": { "pop": 20.0 }, "geometry": { "type": "Polygon", "coordinates": [ [ [ 33.7869, -10.32243 ], [ 33.73832, -10.29801 ], [ 33.73811, -10.24887 ], [ 33.78648, -10.22414 ], [ 33.83506, -10.24855 ], [ 33.83527, -10.29769 ], [ 33.7869, -10.32243 ] ] ] } },
{ "type": "Feature", "properties": { "pop": 704.0 }, "geometry": { "type": "Polygon", "coordinates": [ [ [ 33.78627, -10.175 ], [ 33.73769, -10.15059 ], [ 33.73748, -10.10147 ], [ 33.78585, -10.07675 ], [ 33.83443, -10.10115 ], [ 33.83464, -10.15028 ], [ 33.78627, -10.175 ] ] ] } },
{ "type": "Feature", "properties": { "pop": 5590.0 }, "geometry": { "type": "Polygon", "coordinates": [ [ [ 33.78564, -10.02763 ], [ 33.73707, -10.00323 ], [ 33.73686, -9.95412 ], [ 33.78522, -9.92941 ], [ 33.8338, -9.95381 ], [ 33.83401, -10.00291 ], [ 33.78564, -10.02763 ] ] ] } },
{ "type": "Feature", "properties": { "pop": 3921.0 }, "geometry": { "type": "Polygon", "coordinates": [ [ [ 33.78501, -9.88031 ], [ 33.73644, -9.85592 ], [ 33.73623, -9.80683 ], [ 33.7846, -9.78213 ], [ 33.83316, -9.80651 ], [ 33.83338, -9.85561 ], [ 33.78501, -9.88031 ] ] ] } },
{ "type": "Feature", "properties": { "pop": 5499.0 }, "geometry": { "type": "Polygon", "coordinates": [ [ [ 33.78439, -9.73305 ], [ 33.73582, -9.70867 ], [ 33.73561, -9.6596 ], [ 33.78397, -9.6349 ], [ 33.83253, -9.65928 ], [ 33.83274, -9.70835 ], [ 33.78439, -9.73305 ] ] ] } },
{ "type": "Feature", "properties": { "pop": 952.0 }, "geometry": { "type": "Polygon", "coordinates": [ [ [ 33.78376, -9.58584 ], [ 33.73519, -9.56147 ], [ 33.73499, -9.51241 ], [ 33.78334, -9.48773 ], [ 33.8319, -9.51209 ], [ 33.83211, -9.56115 ], [ 33.78376, -9.58584 ] ] ] } },
{ "type": "Feature", "properties": { "pop": 1160.0 }, "geometry": { "type": "Polygon", "coordinates": [ [ [ 33.85341, -14.55192 ], [ 33.80473, -14.52717 ], [ 33.80452, -14.47734 ], [ 33.85299, -14.45227 ], [ 33.90167, -14.47701 ], [ 33.90188, -14.52684 ], [ 33.85341, -14.55192 ] ] ] } },
{ "type": "Feature", "properties": { "pop": 26369.0 }, "geometry": { "type": "Polygon", "coordinates": [ [ [ 33.85277, -14.40245 ], [ 33.8041, -14.37771 ], [ 33.80389, -14.32792 ], [ 33.85235, -14.30286 ], [ 33.90103, -14.32759 ], [ 33.90124, -14.37739 ], [ 33.85277, -14.40245 ] ] ] } },
{ "type": "Feature", "properties": { "pop": 40158.0 }, "geometry": { "type": "Polygon", "coordinates": [ [ [ 33.85214, -14.25308 ], [ 33.80347, -14.22835 ], [ 33.80326, -14.17858 ], [ 33.85172, -14.15354 ], [ 33.90039, -14.17825 ], [ 33.9006, -14.22802 ], [ 33.85214, -14.25308 ] ] ] } },
{ "type": "Feature", "properties": { "pop": 110339.0 }, "geometry": { "type": "Polygon", "coordinates": [ [ [ 33.85151, -14.10378 ], [ 33.80284, -14.07907 ], [ 33.80263, -14.02933 ], [ 33.85108, -14.0043 ], [ 33.89975, -14.029 ], [ 33.89997, -14.07874 ], [ 33.85151, -14.10378 ] ] ] } },
{ "type": "Feature", "properties": { "pop": 71423.0 }, "geometry": { "type": "Polygon", "coordinates": [ [ [ 33.85087, -13.95457 ], [ 33.80221, -13.92987 ], [ 33.802, -13.88016 ], [ 33.85045, -13.85515 ], [ 33.89912, -13.87984 ], [ 33.89933, -13.92955 ], [ 33.85087, -13.95457 ] ] ] } },
{ "type": "Feature", "properties": { "pop": 53254.0 }, "geometry": { "type": "Polygon", "coordinates": [ [ [ 33.85024, -13.80545 ], [ 33.80158, -13.78076 ], [ 33.80136, -13.73108 ], [ 33.84982, -13.70608 ], [ 33.89848, -13.73075 ], [ 33.89869, -13.78044 ], [ 33.85024, -13.80545 ] ] ] } },
{ "type": "Feature", "properties": { "pop": 24313.0 }, "geometry": { "type": "Polygon", "coordinates": [ [ [ 33.84961, -13.6564 ], [ 33.80094, -13.63173 ], [ 33.80073, -13.58207 ], [ 33.84918, -13.55709 ], [ 33.89784, -13.58175 ], [ 33.89805, -13.63141 ], [ 33.84961, -13.6564 ] ] ] } },
{ "type": "Feature", "properties": { "pop": 24628.0 }, "geometry": { "type": "Polygon", "coordinates": [ [ [ 33.84897, -13.50744 ], [ 33.80031, -13.48278 ], [ 33.80011, -13.43315 ], [ 33.84855, -13.40818 ], [ 33.8972, -13.43283 ], [ 33.89742, -13.48246 ], [ 33.84897, -13.50744 ] ] ] } },
{ "type": "Feature", "properties": { "pop": 21435.0 }, "geometry": { "type": "Polygon", "coordinates": [ [ [ 33.84834, -13.35856 ], [ 33.79969, -13.33391 ], [ 33.79948, -13.28431 ], [ 33.84792, -13.25935 ], [ 33.89657, -13.28398 ], [ 33.89678, -13.33359 ], [ 33.84834, -13.35856 ] ] ] } },
{ "type": "Feature", "properties": { "pop": 19562.0 }, "geometry": { "type": "Polygon", "coordinates": [ [ [ 33.84771, -13.20976 ], [ 33.79906, -13.18512 ], [ 33.79885, -13.13554 ], [ 33.84728, -13.1106 ], [ 33.89593, -13.13522 ], [ 33.89614, -13.1848 ], [ 33.84771, -13.20976 ] ] ] } },
{ "type": "Feature", "properties": { "pop": 15089.0 }, "geometry": { "type": "Polygon", "coordinates": [ [ [ 33.84707, -13.06103 ], [ 33.79843, -13.03641 ], [ 33.79822, -12.98686 ], [ 33.84665, -12.96192 ], [ 33.89529, -12.98653 ], [ 33.89551, -13.03609 ], [ 33.84707, -13.06103 ] ] ] } },
{ "type": "Feature", "properties": { "pop": 15124.0 }, "geometry": { "type": "Polygon", "coordinates": [ [ [ 33.84644, -12.91238 ], [ 33.7978, -12.88777 ], [ 33.79759, -12.83825 ], [ 33.84602, -12.81332 ], [ 33.89466, -12.83792 ], [ 33.89487, -12.88745 ], [ 33.84644, -12.91238 ] ] ] } },
{ "type": "Feature", "properties": { "pop": 3867.0 }, "geometry": { "type": "Polygon", "coordinates": [ [ [ 33.84581, -12.76381 ], [ 33.79717, -12.73921 ], [ 33.79696, -12.68971 ], [ 33.84538, -12.6648 ], [ 33.89402, -12.68939 ], [ 33.89423, -12.73889 ], [ 33.84581, -12.76381 ] ] ] } },
{ "type": "Feature", "properties": { "pop": 1931.0 }, "geometry": { "type": "Polygon", "coordinates": [ [ [ 33.84517, -12.61531 ], [ 33.79654, -12.59073 ], [ 33.79633, -12.54125 ], [ 33.84475, -12.51635 ], [ 33.89339, -12.54092 ], [ 33.8936, -12.5904 ], [ 33.84517, -12.61531 ] ] ] } },
{ "type": "Feature", "properties": { "pop": 4352.0 }, "geometry": { "type": "Polygon", "coordinates": [ [ [ 33.84454, -12.46688 ], [ 33.79591, -12.44231 ], [ 33.7957, -12.39286 ], [ 33.84412, -12.36797 ], [ 33.89275, -12.39253 ], [ 33.89296, -12.44199 ], [ 33.84454, -12.46688 ] ] ] } },
{ "type": "Feature", "properties": { "pop": 897.0 }, "geometry": { "type": "Polygon", "coordinates": [ [ [ 33.84391, -12.31853 ], [ 33.79528, -12.29397 ], [ 33.79507, -12.24454 ], [ 33.84349, -12.21966 ], [ 33.89211, -12.24422 ], [ 33.89233, -12.29365 ], [ 33.84391, -12.31853 ] ] ] } },
{ "type": "Feature", "properties": { "pop": 476.0 }, "geometry": { "type": "Polygon", "coordinates": [ [ [ 33.84327, -12.17024 ], [ 33.79465, -12.1457 ], [ 33.79444, -12.09629 ], [ 33.84285, -12.07143 ], [ 33.89148, -12.09597 ], [ 33.89169, -12.14538 ], [ 33.84327, -12.17024 ] ] ] } },
{ "type": "Feature", "properties": { "pop": 134.0 }, "geometry": { "type": "Polygon", "coordinates": [ [ [ 33.84264, -12.02203 ], [ 33.79402, -11.9975 ], [ 33.79381, -11.94811 ], [ 33.84222, -11.92326 ], [ 33.89084, -11.94779 ], [ 33.89105, -11.99717 ], [ 33.84264, -12.02203 ] ] ] } },
{ "type": "Feature", "properties": { "pop": 1418.0 }, "geometry": { "type": "Polygon", "coordinates": [ [ [ 33.84201, -11.87389 ], [ 33.79339, -11.84936 ], [ 33.79318, -11.8 ], [ 33.84159, -11.77516 ], [ 33.89021, -11.79968 ], [ 33.89042, -11.84904 ], [ 33.84201, -11.87389 ] ] ] } },
{ "type": "Feature", "properties": { "pop": 374.0 }, "geometry": { "type": "Polygon", "coordinates": [ [ [ 33.84138, -11.72581 ], [ 33.79276, -11.7013 ], [ 33.79255, -11.65196 ], [ 33.84096, -11.62713 ], [ 33.88957, -11.65164 ], [ 33.88978, -11.70098 ], [ 33.84138, -11.72581 ] ] ] } },
{ "type": "Feature", "properties": { "pop": 6625.0 }, "geometry": { "type": "Polygon", "coordinates": [ [ [ 33.84075, -11.5778 ], [ 33.79213, -11.5533 ], [ 33.79192, -11.50398 ], [ 33.84032, -11.47917 ], [ 33.88893, -11.50366 ], [ 33.88915, -11.55298 ], [ 33.84075, -11.5778 ] ] ] } },
{ "type": "Feature", "properties": { "pop": 23616.0 }, "geometry": { "type": "Polygon", "coordinates": [ [ [ 33.84011, -11.42986 ], [ 33.7915, -11.40537 ], [ 33.7913, -11.35607 ], [ 33.83969, -11.33127 ], [ 33.8883, -11.35575 ], [ 33.88851, -11.40505 ], [ 33.84011, -11.42986 ] ] ] } },
{ "type": "Feature", "properties": { "pop": 13448.0 }, "geometry": { "type": "Polygon", "coordinates": [ [ [ 33.83948, -11.28198 ], [ 33.79088, -11.2575 ], [ 33.79067, -11.20822 ], [ 33.83906, -11.18343 ], [ 33.88766, -11.2079 ], [ 33.88787, -11.25718 ], [ 33.83948, -11.28198 ] ] ] } },
{ "type": "Feature", "properties": { "pop": 8914.0 }, "geometry": { "type": "Polygon", "coordinates": [ [ [ 33.83885, -11.13416 ], [ 33.79025, -11.1097 ], [ 33.79004, -11.06044 ], [ 33.83843, -11.03566 ], [ 33.88703, -11.06012 ], [ 33.88724, -11.10937 ], [ 33.83885, -11.13416 ] ] ] } },
{ "type": "Feature", "properties": { "pop": 2562.0 }, "geometry": { "type": "Polygon", "coordinates": [ [ [ 33.83822, -10.98641 ], [ 33.78962, -10.96195 ], [ 33.78941, -10.91272 ], [ 33.8378, -10.88794 ], [ 33.88639, -10.9124 ], [ 33.8866, -10.96163 ], [ 33.83822, -10.98641 ] ] ] } },
{ "type": "Feature", "properties": { "pop": 10.0 }, "geometry": { "type": "Polygon", "coordinates": [ [ [ 33.83759, -10.83872 ], [ 33.78899, -10.81427 ], [ 33.78878, -10.76506 ], [ 33.83716, -10.74029 ], [ 33.88576, -10.76474 ], [ 33.88597, -10.81395 ], [ 33.83759, -10.83872 ] ] ] } },
{ "type": "Feature", "properties": { "pop": 123.0 }, "geometry": { "type": "Polygon", "coordinates": [ [ [ 33.83506, -10.24855 ], [ 33.78648, -10.22414 ], [ 33.78627, -10.175 ], [ 33.83464, -10.15028 ], [ 33.88322, -10.17468 ], [ 33.88343, -10.22382 ], [ 33.83506, -10.24855 ] ] ] } },
{ "type": "Feature", "properties": { "pop": 1812.0 }, "geometry": { "type": "Polygon", "coordinates": [ [ [ 33.83443, -10.10115 ], [ 33.78585, -10.07675 ], [ 33.78564, -10.02763 ], [ 33.83401, -10.00291 ], [ 33.88258, -10.02731 ], [ 33.88279, -10.07643 ], [ 33.83443, -10.10115 ] ] ] } },
{ "type": "Feature", "properties": { "pop": 14688.0 }, "geometry": { "type": "Polygon", "coordinates": [ [ [ 33.8338, -9.95381 ], [ 33.78522, -9.92941 ], [ 33.78501, -9.88031 ], [ 33.83338, -9.85561 ], [ 33.88195, -9.87999 ], [ 33.88216, -9.92909 ], [ 33.8338, -9.95381 ] ] ] } },
{ "type": "Feature", "properties": { "pop": 29141.0 }, "geometry": { "type": "Polygon", "coordinates": [ [ [ 33.83316, -9.80651 ], [ 33.7846, -9.78213 ], [ 33.78439, -9.73305 ], [ 33.83274, -9.70835 ], [ 33.88131, -9.73273 ], [ 33.88152, -9.78181 ], [ 33.83316, -9.80651 ] ] ] } },
{ "type": "Feature", "properties": { "pop": 5903.0 }, "geometry": { "type": "Polygon", "coordinates": [ [ [ 33.83253, -9.65928 ], [ 33.78397, -9.6349 ], [ 33.78376, -9.58584 ], [ 33.83211, -9.56115 ], [ 33.88068, -9.58552 ], [ 33.88089, -9.63458 ], [ 33.83253, -9.65928 ] ] ] } },
{ "type": "Feature", "properties": { "pop": 16906.0 }, "geometry": { "type": "Polygon", "coordinates": [ [ [ 33.90167, -14.47701 ], [ 33.85299, -14.45227 ], [ 33.85277, -14.40245 ], [ 33.90124, -14.37739 ], [ 33.94992, -14.40213 ], [ 33.95013, -14.45194 ], [ 33.90167, -14.47701 ] ] ] } },
{ "type": "Feature", "properties": { "pop": 29742.0 }, "geometry": { "type": "Polygon", "coordinates": [ [ [ 33.90103, -14.32759 ], [ 33.85235, -14.30286 ], [ 33.85214, -14.25308 ], [ 33.9006, -14.22802 ], [ 33.94928, -14.25275 ], [ 33.94949, -14.30253 ], [ 33.90103, -14.32759 ] ] ] } },
{ "type": "Feature", "properties": { "pop": 43632.0 }, "geometry": { "type": "Polygon", "coordinates": [ [ [ 33.90039, -14.17825 ], [ 33.85172, -14.15354 ], [ 33.85151, -14.10378 ], [ 33.89997, -14.07874 ], [ 33.94864, -14.10346 ], [ 33.94885, -14.15321 ], [ 33.90039, -14.17825 ] ] ] } },
{ "type": "Feature", "properties": { "pop": 32260.0 }, "geometry": { "type": "Polygon", "coordinates": [ [ [ 33.89975, -14.029 ], [ 33.85108, -14.0043 ], [ 33.85087, -13.95457 ], [ 33.89933, -13.92955 ], [ 33.948, -13.95425 ], [ 33.94821, -14.00397 ], [ 33.89975, -14.029 ] ] ] } },
{ "type": "Feature", "properties": { "pop": 33240.0 }, "geometry": { "type": "Polygon", "coordinates": [ [ [ 33.89912, -13.87984 ], [ 33.85045, -13.85515 ], [ 33.85024, -13.80545 ], [ 33.89869, -13.78044 ], [ 33.94736, -13.80512 ], [ 33.94757, -13.85482 ], [ 33.89912, -13.87984 ] ] ] } },
{ "type": "Feature", "properties": { "pop": 33736.0 }, "geometry": { "type": "Polygon", "coordinates": [ [ [ 33.89848, -13.73075 ], [ 33.84982, -13.70608 ], [ 33.84961, -13.6564 ], [ 33.89805, -13.63141 ], [ 33.94672, -13.65608 ], [ 33.94693, -13.70575 ], [ 33.89848, -13.73075 ] ] ] } },
{ "type": "Feature", "properties": { "pop": 23349.0 }, "geometry": { "type": "Polygon", "coordinates": [ [ [ 33.89784, -13.58175 ], [ 33.84918, -13.55709 ], [ 33.84897, -13.50744 ], [ 33.89742, -13.48246 ], [ 33.94608, -13.50712 ], [ 33.94629, -13.55676 ], [ 33.89784, -13.58175 ] ] ] } },
{ "type": "Feature", "properties": { "pop": 32296.0 }, "geometry": { "type": "Polygon", "coordinates": [ [ [ 33.8972, -13.43283 ], [ 33.84855, -13.40818 ], [ 33.84834, -13.35856 ], [ 33.89678, -13.33359 ], [ 33.94543, -13.35823 ], [ 33.94565, -13.40785 ], [ 33.8972, -13.43283 ] ] ] } },
{ "type": "Feature", "properties": { "pop": 12784.0 }, "geometry": { "type": "Polygon", "coordinates": [ [ [ 33.89657, -13.28398 ], [ 33.84792, -13.25935 ], [ 33.84771, -13.20976 ], [ 33.89614, -13.1848 ], [ 33.94479, -13.20943 ], [ 33.94501, -13.25902 ], [ 33.89657, -13.28398 ] ] ] } },
{ "type": "Feature", "properties": { "pop": 7949.0 }, "geometry": { "type": "Polygon", "coordinates": [ [ [ 33.89593, -13.13522 ], [ 33.84728, -13.1106 ], [ 33.84707, -13.06103 ], [ 33.89551, -13.03609 ], [ 33.94415, -13.0607 ], [ 33.94437, -13.11027 ], [ 33.89593, -13.13522 ] ] ] } },
{ "type": "Feature", "properties": { "pop": 19032.0 }, "geometry": { "type": "Polygon", "coordinates": [ [ [ 33.89529, -12.98653 ], [ 33.84665, -12.96192 ], [ 33.84644, -12.91238 ], [ 33.89487, -12.88745 ], [ 33.94351, -12.91206 ], [ 33.94373, -12.9616 ], [ 33.89529, -12.98653 ] ] ] } },
{ "type": "Feature", "properties": { "pop": 514.0 }, "geometry": { "type": "Polygon", "coordinates": [ [ [ 33.89402, -12.68939 ], [ 33.84538, -12.6648 ], [ 33.84517, -12.61531 ], [ 33.8936, -12.5904 ], [ 33.94223, -12.61498 ], [ 33.94245, -12.66447 ], [ 33.89402, -12.68939 ] ] ] } },
{ "type": "Feature", "properties": { "pop": 3333.0 }, "geometry": { "type": "Polygon", "coordinates": [ [ [ 33.89339, -12.54092 ], [ 33.84475, -12.51635 ], [ 33.84454, -12.46688 ], [ 33.89296, -12.44199 ], [ 33.94159, -12.46656 ], [ 33.94181, -12.51602 ], [ 33.89339, -12.54092 ] ] ] } },
{ "type": "Feature", "properties": { "pop": 100.0 }, "geometry": { "type": "Polygon", "coordinates": [ [ [ 33.89275, -12.39253 ], [ 33.84412, -12.36797 ], [ 33.84391, -12.31853 ], [ 33.89233, -12.29365 ], [ 33.94096, -12.3182 ], [ 33.94117, -12.36765 ], [ 33.89275, -12.39253 ] ] ] } },
{ "type": "Feature", "properties": { "pop": 1640.0 }, "geometry": { "type": "Polygon", "coordinates": [ [ [ 33.89211, -12.24422 ], [ 33.84349, -12.21966 ], [ 33.84327, -12.17024 ], [ 33.89169, -12.14538 ], [ 33.94032, -12.16992 ], [ 33.94053, -12.21934 ], [ 33.89211, -12.24422 ] ] ] } },
{ "type": "Feature", "properties": { "pop": 102.0 }, "geometry": { "type": "Polygon", "coordinates": [ [ [ 33.89148, -12.09597 ], [ 33.84285, -12.07143 ], [ 33.84264, -12.02203 ], [ 33.89105, -11.99717 ], [ 33.93968, -12.02171 ], [ 33.93989, -12.0711 ], [ 33.89148, -12.09597 ] ] ] } },
{ "type": "Feature", "properties": { "pop": 390.0 }, "geometry": { "type": "Polygon", "coordinates": [ [ [ 33.89084, -11.94779 ], [ 33.84222, -11.92326 ], [ 33.84201, -11.87389 ], [ 33.89042, -11.84904 ], [ 33.93904, -11.87356 ], [ 33.93925, -11.92294 ], [ 33.89084, -11.94779 ] ] ] } },
{ "type": "Feature", "properties": { "pop": 1906.0 }, "geometry": { "type": "Polygon", "coordinates": [ [ [ 33.89021, -11.79968 ], [ 33.84159, -11.77516 ], [ 33.84138, -11.72581 ], [ 33.88978, -11.70098 ], [ 33.9384, -11.72549 ], [ 33.93861, -11.77484 ], [ 33.89021, -11.79968 ] ] ] } },
{ "type": "Feature", "properties": { "pop": 307.0 }, "geometry": { "type": "Polygon", "coordinates": [ [ [ 33.88957, -11.65164 ], [ 33.84096, -11.62713 ], [ 33.84075, -11.5778 ], [ 33.88915, -11.55298 ], [ 33.93776, -11.57748 ], [ 33.93797, -11.62681 ], [ 33.88957, -11.65164 ] ] ] } },
{ "type": "Feature", "properties": { "pop": 12019.0 }, "geometry": { "type": "Polygon", "coordinates": [ [ [ 33.88893, -11.50366 ], [ 33.84032, -11.47917 ], [ 33.84011, -11.42986 ], [ 33.88851, -11.40505 ], [ 33.93712, -11.42954 ], [ 33.93733, -11.47884 ], [ 33.88893, -11.50366 ] ] ] } },
{ "type": "Feature", "properties": { "pop": 8959.0 }, "geometry": { "type": "Polygon", "coordinates": [ [ [ 33.8883, -11.35575 ], [ 33.83969, -11.33127 ], [ 33.83948, -11.28198 ], [ 33.88787, -11.25718 ], [ 33.93648, -11.28166 ], [ 33.93669, -11.33094 ], [ 33.8883, -11.35575 ] ] ] } },
{ "type": "Feature", "properties": { "pop": 18275.0 }, "geometry": { "type": "Polygon", "coordinates": [ [ [ 33.88766, -11.2079 ], [ 33.83906, -11.18343 ], [ 33.83885, -11.13416 ], [ 33.88724, -11.10937 ], [ 33.93584, -11.13384 ], [ 33.93605, -11.18311 ], [ 33.88766, -11.2079 ] ] ] } },
{ "type": "Feature", "properties": { "pop": 26504.0 }, "geometry": { "type": "Polygon", "coordinates": [ [ [ 33.88703, -11.06012 ], [ 33.83843, -11.03566 ], [ 33.83822, -10.98641 ], [ 33.8866, -10.96163 ], [ 33.9352, -10.98609 ], [ 33.93542, -11.03533 ], [ 33.88703, -11.06012 ] ] ] } },
{ "type": "Feature", "properties": { "pop": 11.0 }, "geometry": { "type": "Polygon", "coordinates": [ [ [ 33.88639, -10.9124 ], [ 33.8378, -10.88794 ], [ 33.83759, -10.83872 ], [ 33.88597, -10.81395 ], [ 33.93456, -10.8384 ], [ 33.93478, -10.88762 ], [ 33.88639, -10.9124 ] ] ] } },
{ "type": "Feature", "properties": { "pop": 25.0 }, "geometry": { "type": "Polygon", "coordinates": [ [ [ 33.88576, -10.76474 ], [ 33.83716, -10.74029 ], [ 33.83695, -10.69109 ], [ 33.88533, -10.66633 ], [ 33.93392, -10.69077 ], [ 33.93414, -10.73997 ], [ 33.88576, -10.76474 ] ] ] } },
{ "type": "Feature", "properties": { "pop": 16.0 }, "geometry": { "type": "Polygon", "coordinates": [ [ [ 33.88512, -10.61714 ], [ 33.83653, -10.5927 ], [ 33.83632, -10.54352 ], [ 33.8847, -10.51877 ], [ 33.93329, -10.5432 ], [ 33.9335, -10.59238 ], [ 33.88512, -10.61714 ] ] ] } },
{ "type": "Feature", "properties": { "pop": 1199.0 }, "geometry": { "type": "Polygon", "coordinates": [ [ [ 33.88322, -10.17468 ], [ 33.83464, -10.15028 ], [ 33.83443, -10.10115 ], [ 33.88279, -10.07643 ], [ 33.93137, -10.10083 ], [ 33.93158, -10.14995 ], [ 33.88322, -10.17468 ] ] ] } },
{ "type": "Feature", "properties": { "pop": 27195.0 }, "geometry": { "type": "Polygon", "coordinates": [ [ [ 33.88258, -10.02731 ], [ 33.83401, -10.00291 ], [ 33.8338, -9.95381 ], [ 33.88216, -9.92909 ], [ 33.93073, -9.95348 ], [ 33.93095, -10.00259 ], [ 33.88258, -10.02731 ] ] ] } },
{ "type": "Feature", "properties": { "pop": 34660.0 }, "geometry": { "type": "Polygon", "coordinates": [ [ [ 33.88195, -9.87999 ], [ 33.83338, -9.85561 ], [ 33.83316, -9.80651 ], [ 33.88152, -9.78181 ], [ 33.93009, -9.80619 ], [ 33.93031, -9.85528 ], [ 33.88195, -9.87999 ] ] ] } },
{ "type": "Feature", "properties": { "pop": 20107.0 }, "geometry": { "type": "Polygon", "coordinates": [ [ [ 33.88131, -9.73273 ], [ 33.83274, -9.70835 ], [ 33.83253, -9.65928 ], [ 33.88089, -9.63458 ], [ 33.92946, -9.65896 ], [ 33.92967, -9.70803 ], [ 33.88131, -9.73273 ] ] ] } },
{ "type": "Feature", "properties": { "pop": 2746.0 }, "geometry": { "type": "Polygon", "coordinates": [ [ [ 33.95056, -14.55159 ], [ 33.90188, -14.52684 ], [ 33.90167, -14.47701 ], [ 33.95013, -14.45194 ], [ 33.99881, -14.47668 ], [ 33.99903, -14.52651 ], [ 33.95056, -14.55159 ] ] ] } },
{ "type": "Feature", "properties": { "pop": 29907.0 }, "geometry": { "type": "Polygon", "coordinates": [ [ [ 33.94992, -14.40213 ], [ 33.90124, -14.37739 ], [ 33.90103, -14.32759 ], [ 33.94949, -14.30253 ], [ 33.99817, -14.32726 ], [ 33.99838, -14.37706 ], [ 33.94992, -14.40213 ] ] ] } },
{ "type": "Feature", "properties": { "pop": 35805.0 }, "geometry": { "type": "Polygon", "coordinates": [ [ [ 33.94928, -14.25275 ], [ 33.9006, -14.22802 ], [ 33.90039, -14.17825 ], [ 33.94885, -14.15321 ], [ 33.99753, -14.17793 ], [ 33.99774, -14.2277 ], [ 33.94928, -14.25275 ] ] ] } },
{ "type": "Feature", "properties": { "pop": 36640.0 }, "geometry": { "type": "Polygon", "coordinates": [ [ [ 33.94864, -14.10346 ], [ 33.89997, -14.07874 ], [ 33.89975, -14.029 ], [ 33.94821, -14.00397 ], [ 33.99688, -14.02868 ], [ 33.9971, -14.07842 ], [ 33.94864, -14.10346 ] ] ] } },
{ "type": "Feature", "properties": { "pop": 24131.0 }, "geometry": { "type": "Polygon", "coordinates": [ [ [ 33.948, -13.95425 ], [ 33.89933, -13.92955 ], [ 33.89912, -13.87984 ], [ 33.94757, -13.85482 ], [ 33.99624, -13.87951 ], [ 33.99645, -13.92922 ], [ 33.948, -13.95425 ] ] ] } },
{ "type": "Feature", "properties": { "pop": 20306.0 }, "geometry": { "type": "Polygon", "coordinates": [ [ [ 33.94736, -13.80512 ], [ 33.89869, -13.78044 ], [ 33.89848, -13.73075 ], [ 33.94693, -13.70575 ], [ 33.99559, -13.73042 ], [ 33.99581, -13.78011 ], [ 33.94736, -13.80512 ] ] ] } },
{ "type": "Feature", "properties": { "pop": 16883.0 }, "geometry": { "type": "Polygon", "coordinates": [ [ [ 33.94672, -13.65608 ], [ 33.89805, -13.63141 ], [ 33.89784, -13.58175 ], [ 33.94629, -13.55676 ], [ 33.99495, -13.58142 ], [ 33.99516, -13.63108 ], [ 33.94672, -13.65608 ] ] ] } },
{ "type": "Feature", "properties": { "pop": 16734.0 }, "geometry": { "type": "Polygon", "coordinates": [ [ [ 33.94608, -13.50712 ], [ 33.89742, -13.48246 ], [ 33.8972, -13.43283 ], [ 33.94565, -13.40785 ], [ 33.9943, -13.4325 ], [ 33.99452, -13.48213 ], [ 33.94608, -13.50712 ] ] ] } },
{ "type": "Feature", "properties": { "pop": 14068.0 }, "geometry": { "type": "Polygon", "coordinates": [ [ [ 33.94543, -13.35823 ], [ 33.89678, -13.33359 ], [ 33.89657, -13.28398 ], [ 33.94501, -13.25902 ], [ 33.99366, -13.28366 ], [ 33.99388, -13.33326 ], [ 33.94543, -13.35823 ] ] ] } },
{ "type": "Feature", "properties": { "pop": 7875.0 }, "geometry": { "type": "Polygon", "coordinates": [ [ [ 33.94479, -13.20943 ], [ 33.89614, -13.1848 ], [ 33.89593, -13.13522 ], [ 33.94437, -13.11027 ], [ 33.99302, -13.13489 ], [ 33.99323, -13.18447 ], [ 33.94479, -13.20943 ] ] ] } },
{ "type": "Feature", "properties": { "pop": 2958.0 }, "geometry": { "type": "Polygon", "coordinates": [ [ [ 33.94415, -13.0607 ], [ 33.89551, -13.03609 ], [ 33.89529, -12.98653 ], [ 33.94373, -12.9616 ], [ 33.99237, -12.98621 ], [ 33.99259, -13.03576 ], [ 33.94415, -13.0607 ] ] ] } },
{ "type": "Feature", "properties": { "pop": 12437.0 }, "geometry": { "type": "Polygon", "coordinates": [ [ [ 33.94351, -12.91206 ], [ 33.89487, -12.88745 ], [ 33.89466, -12.83792 ], [ 33.94309, -12.813 ], [ 33.99173, -12.8376 ], [ 33.99194, -12.88712 ], [ 33.94351, -12.91206 ] ] ] } },
{ "type": "Feature", "properties": { "pop": 730.0 }, "geometry": { "type": "Polygon", "coordinates": [ [ [ 33.94223, -12.61498 ], [ 33.8936, -12.5904 ], [ 33.89339, -12.54092 ], [ 33.94181, -12.51602 ], [ 33.99044, -12.5406 ], [ 33.99066, -12.59008 ], [ 33.94223, -12.61498 ] ] ] } },
{ "type": "Feature", "properties": { "pop": 814.0 }, "geometry": { "type": "Polygon", "coordinates": [ [ [ 33.94159, -12.46656 ], [ 33.89296, -12.44199 ], [ 33.89275, -12.39253 ], [ 33.94117, -12.36765 ], [ 33.9898, -12.39221 ], [ 33.99002, -12.44166 ], [ 33.94159, -12.46656 ] ] ] } },
{ "type": "Feature", "properties": { "pop": 3666.0 }, "geometry": { "type": "Polygon", "coordinates": [ [ [ 33.94096, -12.3182 ], [ 33.89233, -12.29365 ], [ 33.89211, -12.24422 ], [ 33.94053, -12.21934 ], [ 33.98916, -12.24389 ], [ 33.98937, -12.29332 ], [ 33.94096, -12.3182 ] ] ] } },
{ "type": "Feature", "properties": { "pop": 750.0 }, "geometry": { "type": "Polygon", "coordinates": [ [ [ 33.94032, -12.16992 ], [ 33.89169, -12.14538 ], [ 33.89148, -12.09597 ], [ 33.93989, -12.0711 ], [ 33.98851, -12.09564 ], [ 33.98873, -12.14505 ], [ 33.94032, -12.16992 ] ] ] } },
{ "type": "Feature", "properties": { "pop": 936.0 }, "geometry": { "type": "Polygon", "coordinates": [ [ [ 33.93968, -12.02171 ], [ 33.89105, -11.99717 ], [ 33.89084, -11.94779 ], [ 33.93925, -11.92294 ], [ 33.98787, -11.94746 ], [ 33.98809, -11.99685 ], [ 33.93968, -12.02171 ] ] ] } },
{ "type": "Feature", "properties": { "pop": 414.0 }, "geometry": { "type": "Polygon", "coordinates": [ [ [ 33.93904, -11.87356 ], [ 33.89042, -11.84904 ], [ 33.89021, -11.79968 ], [ 33.93861, -11.77484 ], [ 33.98723, -11.79935 ], [ 33.98744, -11.84872 ], [ 33.93904, -11.87356 ] ] ] } },
{ "type": "Feature", "properties": { "pop": 3970.0 }, "geometry": { "type": "Polygon", "coordinates": [ [ [ 33.9384, -11.72549 ], [ 33.88978, -11.70098 ], [ 33.88957, -11.65164 ], [ 33.93797, -11.62681 ], [ 33.98659, -11.65131 ], [ 33.9868, -11.70065 ], [ 33.9384, -11.72549 ] ] ] } },
{ "type": "Feature", "properties": { "pop": 6122.0 }, "geometry": { "type": "Polygon", "coordinates": [ [ [ 33.93776, -11.57748 ], [ 33.88915, -11.55298 ], [ 33.88893, -11.50366 ], [ 33.93733, -11.47884 ], [ 33.98594, -11.50334 ], [ 33.98616, -11.55265 ], [ 33.93776, -11.57748 ] ] ] } },
{ "type": "Feature", "properties": { "pop": 16479.0 }, "geometry": { "type": "Polygon", "coordinates": [ [ [ 33.93712, -11.42954 ], [ 33.88851, -11.40505 ], [ 33.8883, -11.35575 ], [ 33.93669, -11.33094 ], [ 33.9853, -11.35543 ], [ 33.98552, -11.40472 ], [ 33.93712, -11.42954 ] ] ] } },
{ "type": "Feature", "properties": { "pop": 7121.0 }, "geometry": { "type": "Polygon", "coordinates": [ [ [ 33.93648, -11.28166 ], [ 33.88787, -11.25718 ], [ 33.88766, -11.2079 ], [ 33.93605, -11.18311 ], [ 33.98466, -11.20758 ], [ 33.98487, -11.25685 ], [ 33.93648, -11.28166 ] ] ] } },
{ "type": "Feature", "properties": { "pop": 13286.0 }, "geometry": { "type": "Polygon", "coordinates": [ [ [ 33.93584, -11.13384 ], [ 33.88724, -11.10937 ], [ 33.88703, -11.06012 ], [ 33.93542, -11.03533 ], [ 33.98402, -11.0598 ], [ 33.98423, -11.10905 ], [ 33.93584, -11.13384 ] ] ] } },
{ "type": "Feature", "properties": { "pop": 11402.0 }, "geometry": { "type": "Polygon", "coordinates": [ [ [ 33.9352, -10.98609 ], [ 33.8866, -10.96163 ], [ 33.88639, -10.9124 ], [ 33.93478, -10.88762 ], [ 33.98337, -10.91207 ], [ 33.98359, -10.96131 ], [ 33.9352, -10.98609 ] ] ] } },
{ "type": "Feature", "properties": { "pop": 88.0 }, "geometry": { "type": "Polygon", "coordinates": [ [ [ 33.93456, -10.8384 ], [ 33.88597, -10.81395 ], [ 33.88576, -10.76474 ], [ 33.93414, -10.73997 ], [ 33.98273, -10.76441 ], [ 33.98295, -10.81363 ], [ 33.93456, -10.8384 ] ] ] } },
{ "type": "Feature", "properties": { "pop": 17.0 }, "geometry": { "type": "Polygon", "coordinates": [ [ [ 33.93392, -10.69077 ], [ 33.88533, -10.66633 ], [ 33.88512, -10.61714 ], [ 33.9335, -10.59238 ], [ 33.98209, -10.61681 ], [ 33.9823, -10.66601 ], [ 33.93392, -10.69077 ] ] ] } },
{ "type": "Feature", "properties": { "pop": 11.0 }, "geometry": { "type": "Polygon", "coordinates": [ [ [ 33.93329, -10.5432 ], [ 33.8847, -10.51877 ], [ 33.88449, -10.46959 ], [ 33.93286, -10.44485 ], [ 33.98145, -10.46927 ], [ 33.98166, -10.51844 ], [ 33.93329, -10.5432 ] ] ] } },
{ "type": "Feature", "properties": { "pop": 349.0 }, "geometry": { "type": "Polygon", "coordinates": [ [ [ 33.93201, -10.24823 ], [ 33.88343, -10.22382 ], [ 33.88322, -10.17468 ], [ 33.93158, -10.14995 ], [ 33.98016, -10.17436 ], [ 33.98038, -10.22349 ], [ 33.93201, -10.24823 ] ] ] } },
{ "type": "Feature", "properties": { "pop": 8604.0 }, "geometry": { "type": "Polygon", "coordinates": [ [ [ 33.93137, -10.10083 ], [ 33.88279, -10.07643 ], [ 33.88258, -10.02731 ], [ 33.93095, -10.00259 ], [ 33.97952, -10.02699 ], [ 33.97974, -10.0761 ], [ 33.93137, -10.10083 ] ] ] } },
{ "type": "Feature", "properties": { "pop": 53485.0 }, "geometry": { "type": "Polygon", "coordinates": [ [ [ 33.93073, -9.95348 ], [ 33.88216, -9.92909 ], [ 33.88195, -9.87999 ], [ 33.93031, -9.85528 ], [ 33.97888, -9.87967 ], [ 33.97909, -9.92877 ], [ 33.93073, -9.95348 ] ] ] } },
{ "type": "Feature", "properties": { "pop": 5917.0 }, "geometry": { "type": "Polygon", "coordinates": [ [ [ 33.93009, -9.80619 ], [ 33.88152, -9.78181 ], [ 33.88131, -9.73273 ], [ 33.92967, -9.70803 ], [ 33.97824, -9.73241 ], [ 33.97845, -9.78149 ], [ 33.93009, -9.80619 ] ] ] } },
{ "type": "Feature", "properties": { "pop": 28856.0 }, "geometry": { "type": "Polygon", "coordinates": [ [ [ 33.99881, -14.47668 ], [ 33.95013, -14.45194 ], [ 33.94992, -14.40213 ], [ 33.99838, -14.37706 ], [ 34.04706, -14.4018 ], [ 34.04728, -14.45161 ], [ 33.99881, -14.47668 ] ] ] } },
{ "type": "Feature", "properties": { "pop": 30306.0 }, "geometry": { "type": "Polygon", "coordinates": [ [ [ 33.99817, -14.32726 ], [ 33.94949, -14.30253 ], [ 33.94928, -14.25275 ], [ 33.99774, -14.2277 ], [ 34.04642, -14.25242 ], [ 34.04663, -14.3022 ], [ 33.99817, -14.32726 ] ] ] } },
{ "type": "Feature", "properties": { "pop": 34590.0 }, "geometry": { "type": "Polygon", "coordinates": [ [ [ 33.99753, -14.17793 ], [ 33.94885, -14.15321 ], [ 33.94864, -14.10346 ], [ 33.9971, -14.07842 ], [ 34.04577, -14.10313 ], [ 34.04598, -14.15288 ], [ 33.99753, -14.17793 ] ] ] } },
{ "type": "Feature", "properties": { "pop": 25898.0 }, "geometry": { "type": "Polygon", "coordinates": [ [ [ 33.99688, -14.02868 ], [ 33.94821, -14.00397 ], [ 33.948, -13.95425 ], [ 33.99645, -13.92922 ], [ 34.04512, -13.95392 ], [ 34.04534, -14.00364 ], [ 33.99688, -14.02868 ] ] ] } },
{ "type": "Feature", "properties": { "pop": 21824.0 }, "geometry": { "type": "Polygon", "coordinates": [ [ [ 33.99624, -13.87951 ], [ 33.94757, -13.85482 ], [ 33.94736, -13.80512 ], [ 33.99581, -13.78011 ], [ 34.04447, -13.80479 ], [ 34.04469, -13.85449 ], [ 33.99624, -13.87951 ] ] ] } },
{ "type": "Feature", "properties": { "pop": 20122.0 }, "geometry": { "type": "Polygon", "coordinates": [ [ [ 33.99559, -13.73042 ], [ 33.94693, -13.70575 ], [ 33.94672, -13.65608 ], [ 33.99516, -13.63108 ], [ 34.04383, -13.65575 ], [ 34.04404, -13.70542 ], [ 33.99559, -13.73042 ] ] ] } },
{ "type": "Feature", "properties": { "pop": 11582.0 }, "geometry": { "type": "Polygon", "coordinates": [ [ [ 33.99495, -13.58142 ], [ 33.94629, -13.55676 ], [ 33.94608, -13.50712 ], [ 33.99452, -13.48213 ], [ 34.04318, -13.50679 ], [ 34.04339, -13.55643 ], [ 33.99495, -13.58142 ] ] ] } },
{ "type": "Feature", "properties": { "pop": 9967.0 }, "geometry": { "type": "Polygon", "coordinates": [ [ [ 33.9943, -13.4325 ], [ 33.94565, -13.40785 ], [ 33.94543, -13.35823 ], [ 33.99388, -13.33326 ], [ 34.04253, -13.3579 ], [ 34.04275, -13.40752 ], [ 33.9943, -13.4325 ] ] ] } },
{ "type": "Feature", "properties": { "pop": 13164.0 }, "geometry": { "type": "Polygon", "coordinates": [ [ [ 33.99366, -13.28366 ], [ 33.94501, -13.25902 ], [ 33.94479, -13.20943 ], [ 33.99323, -13.18447 ], [ 34.04188, -13.2091 ], [ 34.0421, -13.25869 ], [ 33.99366, -13.28366 ] ] ] } },
{ "type": "Feature", "properties": { "pop": 5015.0 }, "geometry": { "type": "Polygon", "coordinates": [ [ [ 33.99237, -12.98621 ], [ 33.94373, -12.9616 ], [ 33.94351, -12.91206 ], [ 33.99194, -12.88712 ], [ 34.04059, -12.91173 ], [ 34.04081, -12.96127 ], [ 33.99237, -12.98621 ] ] ] } },
{ "type": "Feature", "properties": { "pop": 33.0 }, "geometry": { "type": "Polygon", "coordinates": [ [ [ 33.99109, -12.68906 ], [ 33.94245, -12.66447 ], [ 33.94223, -12.61498 ], [ 33.99066, -12.59008 ], [ 34.0393, -12.61465 ], [ 34.03951, -12.66415 ], [ 33.99109, -12.68906 ] ] ] } },
{ "type": "Feature", "properties": { "pop": 1725.0 }, "geometry": { "type": "Polygon", "coordinates": [ [ [ 33.99044, -12.5406 ], [ 33.94181, -12.51602 ], [ 33.94159, -12.46656 ], [ 33.99002, -12.44166 ], [ 34.03865, -12.46623 ], [ 34.03887, -12.5157 ], [ 33.99044, -12.5406 ] ] ] } },
{ "type": "Feature", "properties": { "pop": 10908.0 }, "geometry": { "type": "Polygon", "coordinates": [ [ [ 33.9898, -12.39221 ], [ 33.94117, -12.36765 ], [ 33.94096, -12.3182 ], [ 33.98937, -12.29332 ], [ 34.038, -12.31788 ], [ 34.03822, -12.36732 ], [ 33.9898, -12.39221 ] ] ] } },
{ "type": "Feature", "properties": { "pop": 10661.0 }, "geometry": { "type": "Polygon", "coordinates": [ [ [ 33.98916, -12.24389 ], [ 33.94053, -12.21934 ], [ 33.94032, -12.16992 ], [ 33.98873, -12.14505 ], [ 34.03736, -12.16959 ], [ 34.03757, -12.21901 ], [ 33.98916, -12.24389 ] ] ] } },
{ "type": "Feature", "properties": { "pop": 2469.0 }, "geometry": { "type": "Polygon", "coordinates": [ [ [ 33.98851, -12.09564 ], [ 33.93989, -12.0711 ], [ 33.93968, -12.02171 ], [ 33.98809, -11.99685 ], [ 34.03671, -12.02138 ], [ 34.03693, -12.07078 ], [ 33.98851, -12.09564 ] ] ] } },
{ "type": "Feature", "properties": { "pop": 1769.0 }, "geometry": { "type": "Polygon", "coordinates": [ [ [ 33.98787, -11.94746 ], [ 33.93925, -11.92294 ], [ 33.93904, -11.87356 ], [ 33.98744, -11.84872 ], [ 34.03606, -11.87324 ], [ 34.03628, -11.92261 ], [ 33.98787, -11.94746 ] ] ] } },
{ "type": "Feature", "properties": { "pop": 3274.0 }, "geometry": { "type": "Polygon", "coordinates": [ [ [ 33.98723, -11.79935 ], [ 33.93861, -11.77484 ], [ 33.9384, -11.72549 ], [ 33.9868, -11.70065 ], [ 34.03542, -11.72516 ], [ 34.03563, -11.77451 ], [ 33.98723, -11.79935 ] ] ] } },
{ "type": "Feature", "properties": { "pop": 2529.0 }, "geometry": { "type": "Polygon", "coordinates": [ [ [ 33.98659, -11.65131 ], [ 33.93797, -11.62681 ], [ 33.93776, -11.57748 ], [ 33.98616, -11.55265 ], [ 34.03477, -11.57715 ], [ 34.03499, -11.62648 ], [ 33.98659, -11.65131 ] ] ] } },
{ "type": "Feature", "properties": { "pop": 185814.0 }, "geometry": { "type": "Polygon", "coordinates": [ [ [ 33.98594, -11.50334 ], [ 33.93733, -11.47884 ], [ 33.93712, -11.42954 ], [ 33.98552, -11.40472 ], [ 34.03413, -11.42921 ], [ 34.03434, -11.47852 ], [ 33.98594, -11.50334 ] ] ] } },
{ "type": "Feature", "properties": { "pop": 5573.0 }, "geometry": { "type": "Polygon", "coordinates": [ [ [ 33.9853, -11.35543 ], [ 33.93669, -11.33094 ], [ 33.93648, -11.28166 ], [ 33.98487, -11.25685 ], [ 34.03348, -11.28133 ], [ 34.03369, -11.33062 ], [ 33.9853, -11.35543 ] ] ] } },
{ "type": "Feature", "properties": { "pop": 1909.0 }, "geometry": { "type": "Polygon", "coordinates": [ [ [ 33.98466, -11.20758 ], [ 33.93605, -11.18311 ], [ 33.93584, -11.13384 ], [ 33.98423, -11.10905 ], [ 34.03283, -11.13352 ], [ 34.03305, -11.18278 ], [ 33.98466, -11.20758 ] ] ] } },
{ "type": "Feature", "properties": { "pop": 11456.0 }, "geometry": { "type": "Polygon", "coordinates": [ [ [ 33.98402, -11.0598 ], [ 33.93542, -11.03533 ], [ 33.9352, -10.98609 ], [ 33.98359, -10.96131 ], [ 34.03219, -10.98576 ], [ 34.0324, -11.03501 ], [ 33.98402, -11.0598 ] ] ] } },
{ "type": "Feature", "properties": { "pop": 10416.0 }, "geometry": { "type": "Polygon", "coordinates": [ [ [ 33.98337, -10.91207 ], [ 33.93478, -10.88762 ], [ 33.93456, -10.8384 ], [ 33.98295, -10.81363 ], [ 34.03154, -10.83807 ], [ 34.03176, -10.8873 ], [ 33.98337, -10.91207 ] ] ] } },
{ "type": "Feature", "properties": { "pop": 1331.0 }, "geometry": { "type": "Polygon", "coordinates": [ [ [ 33.98273, -10.76441 ], [ 33.93414, -10.73997 ], [ 33.93392, -10.69077 ], [ 33.9823, -10.66601 ], [ 34.0309, -10.69044 ], [ 34.03111, -10.73965 ], [ 33.98273, -10.76441 ] ] ] } },
{ "type": "Feature", "properties": { "pop": 20.0 }, "geometry": { "type": "Polygon", "coordinates": [ [ [ 33.98209, -10.61681 ], [ 33.9335, -10.59238 ], [ 33.93329, -10.5432 ], [ 33.98166, -10.51844 ], [ 34.03025, -10.54287 ], [ 34.03047, -10.59205 ], [ 33.98209, -10.61681 ] ] ] } },
{ "type": "Feature", "properties": { "pop": 990.0 }, "geometry": { "type": "Polygon", "coordinates": [ [ [ 33.98081, -10.32179 ], [ 33.93222, -10.29737 ], [ 33.93201, -10.24823 ], [ 33.98038, -10.22349 ], [ 34.02896, -10.2479 ], [ 34.02918, -10.29705 ], [ 33.98081, -10.32179 ] ] ] } },
{ "type": "Feature", "properties": { "pop": 6336.0 }, "geometry": { "type": "Polygon", "coordinates": [ [ [ 33.98016, -10.17436 ], [ 33.93158, -10.14995 ], [ 33.93137, -10.10083 ], [ 33.97974, -10.0761 ], [ 34.02831, -10.1005 ], [ 34.02853, -10.14963 ], [ 33.98016, -10.17436 ] ] ] } },
{ "type": "Feature", "properties": { "pop": 5572.0 }, "geometry": { "type": "Polygon", "coordinates": [ [ [ 33.97952, -10.02699 ], [ 33.93095, -10.00259 ], [ 33.93073, -9.95348 ], [ 33.97909, -9.92877 ], [ 34.02767, -9.95316 ], [ 34.02788, -10.00227 ], [ 33.97952, -10.02699 ] ] ] } },
{ "type": "Feature", "properties": { "pop": 77.0 }, "geometry": { "type": "Polygon", "coordinates": [ [ [ 33.97824, -9.73241 ], [ 33.92967, -9.70803 ], [ 33.92946, -9.65896 ], [ 33.97781, -9.63426 ], [ 34.02638, -9.65863 ], [ 34.02659, -9.7077 ], [ 33.97824, -9.73241 ] ] ] } },
{ "type": "Feature", "properties": { "pop": 6067.0 }, "geometry": { "type": "Polygon", "coordinates": [ [ [ 34.04771, -14.55126 ], [ 33.99903, -14.52651 ], [ 33.99881, -14.47668 ], [ 34.04728, -14.45161 ], [ 34.09596, -14.47635 ], [ 34.09618, -14.52618 ], [ 34.04771, -14.55126 ] ] ] } },
{ "type": "Feature", "properties": { "pop": 34273.0 }, "geometry": { "type": "Polygon", "coordinates": [ [ [ 34.04706, -14.4018 ], [ 33.99838, -14.37706 ], [ 33.99817, -14.32726 ], [ 34.04663, -14.3022 ], [ 34.09531, -14.32693 ], [ 34.09553, -14.37673 ], [ 34.04706, -14.4018 ] ] ] } },
{ "type": "Feature", "properties": { "pop": 32348.0 }, "geometry": { "type": "Polygon", "coordinates": [ [ [ 34.04642, -14.25242 ], [ 33.99774, -14.2277 ], [ 33.99753, -14.17793 ], [ 34.04598, -14.15288 ], [ 34.09466, -14.17759 ], [ 34.09488, -14.22736 ], [ 34.04642, -14.25242 ] ] ] } },
{ "type": "Feature", "properties": { "pop": 37079.0 }, "geometry": { "type": "Polygon", "coordinates": [ [ [ 34.04577, -14.10313 ], [ 33.9971, -14.07842 ], [ 33.99688, -14.02868 ], [ 34.04534, -14.00364 ], [ 34.09401, -14.02834 ], [ 34.09423, -14.07808 ], [ 34.04577, -14.10313 ] ] ] } },
{ "type": "Feature", "properties": { "pop": 12539.0 }, "geometry": { "type": "Polygon", "coordinates": [ [ [ 34.04512, -13.95392 ], [ 33.99645, -13.92922 ], [ 33.99624, -13.87951 ], [ 34.04469, -13.85449 ], [ 34.09336, -13.87918 ], [ 34.09357, -13.92889 ], [ 34.04512, -13.95392 ] ] ] } },
{ "type": "Feature", "properties": { "pop": 23032.0 }, "geometry": { "type": "Polygon", "coordinates": [ [ [ 34.04447, -13.80479 ], [ 33.99581, -13.78011 ], [ 33.99559, -13.73042 ], [ 34.04404, -13.70542 ], [ 34.09271, -13.73009 ], [ 34.09292, -13.77978 ], [ 34.04447, -13.80479 ] ] ] } },
{ "type": "Feature", "properties": { "pop": 18120.0 }, "geometry": { "type": "Polygon", "coordinates": [ [ [ 34.04383, -13.65575 ], [ 33.99516, -13.63108 ], [ 33.99495, -13.58142 ], [ 34.04339, -13.55643 ], [ 34.09206, -13.58109 ], [ 34.09227, -13.63075 ], [ 34.04383, -13.65575 ] ] ] } },
{ "type": "Feature", "properties": { "pop": 17720.0 }, "geometry": { "type": "Polygon", "coordinates": [ [ [ 34.04318, -13.50679 ], [ 33.99452, -13.48213 ], [ 33.9943, -13.4325 ], [ 34.04275, -13.40752 ], [ 34.0914, -13.43217 ], [ 34.09162, -13.4818 ], [ 34.04318, -13.50679 ] ] ] } },
{ "type": "Feature", "properties": { "pop": 5722.0 }, "geometry": { "type": "Polygon", "coordinates": [ [ [ 34.04253, -13.3579 ], [ 33.99388, -13.33326 ], [ 33.99366, -13.28366 ], [ 34.0421, -13.25869 ], [ 34.09075, -13.28333 ], [ 34.09097, -13.33293 ], [ 34.04253, -13.3579 ] ] ] } },
{ "type": "Feature", "properties": { "pop": 824.0 }, "geometry": { "type": "Polygon", "coordinates": [ [ [ 34.04188, -13.2091 ], [ 33.99323, -13.18447 ], [ 33.99302, -13.13489 ], [ 34.04145, -13.10994 ], [ 34.0901, -13.13456 ], [ 34.09032, -13.18414 ], [ 34.04188, -13.2091 ] ] ] } },
{ "type": "Feature", "properties": { "pop": 3056.0 }, "geometry": { "type": "Polygon", "coordinates": [ [ [ 34.0393, -12.61465 ], [ 33.99066, -12.59008 ], [ 33.99044, -12.5406 ], [ 34.03887, -12.5157 ], [ 34.0875, -12.54027 ], [ 34.08772, -12.58975 ], [ 34.0393, -12.61465 ] ] ] } },
{ "type": "Feature", "properties": { "pop": 11061.0 }, "geometry": { "type": "Polygon", "coordinates": [ [ [ 34.03865, -12.46623 ], [ 33.99002, -12.44166 ], [ 33.9898, -12.39221 ], [ 34.03822, -12.36732 ], [ 34.08685, -12.39188 ], [ 34.08707, -12.44133 ], [ 34.03865, -12.46623 ] ] ] } },
{ "type": "Feature", "properties": { "pop": 8963.0 }, "geometry": { "type": "Polygon", "coordinates": [ [ [ 34.038, -12.31788 ], [ 33.98937, -12.29332 ], [ 33.98916, -12.24389 ], [ 34.03757, -12.21901 ], [ 34.0862, -12.24356 ], [ 34.08642, -12.29299 ], [ 34.038, -12.31788 ] ] ] } },
{ "type": "Feature", "properties": { "pop": 6788.0 }, "geometry": { "type": "Polygon", "coordinates": [ [ [ 34.03736, -12.16959 ], [ 33.98873, -12.14505 ], [ 33.98851, -12.09564 ], [ 34.03693, -12.07078 ], [ 34.08555, -12.09531 ], [ 34.08577, -12.14472 ], [ 34.03736, -12.16959 ] ] ] } },
{ "type": "Feature", "properties": { "pop": 8944.0 }, "geometry": { "type": "Polygon", "coordinates": [ [ [ 34.03671, -12.02138 ], [ 33.98809, -11.99685 ], [ 33.98787, -11.94746 ], [ 34.03628, -11.92261 ], [ 34.0849, -11.94714 ], [ 34.08512, -11.99652 ], [ 34.03671, -12.02138 ] ] ] } },
{ "type": "Feature", "properties": { "pop": 1096.0 }, "geometry": { "type": "Polygon", "coordinates": [ [ [ 34.03606, -11.87324 ], [ 33.98744, -11.84872 ], [ 33.98723, -11.79935 ], [ 34.03563, -11.77451 ], [ 34.08425, -11.79903 ], [ 34.08447, -11.84839 ], [ 34.03606, -11.87324 ] ] ] } },
{ "type": "Feature", "properties": { "pop": 7637.0 }, "geometry": { "type": "Polygon", "coordinates": [ [ [ 34.03542, -11.72516 ], [ 33.9868, -11.70065 ], [ 33.98659, -11.65131 ], [ 34.03499, -11.62648 ], [ 34.0836, -11.65098 ], [ 34.08382, -11.70032 ], [ 34.03542, -11.72516 ] ] ] } },
{ "type": "Feature", "properties": { "pop": 8806.0 }, "geometry": { "type": "Polygon", "coordinates": [ [ [ 34.03477, -11.57715 ], [ 33.98616, -11.55265 ], [ 33.98594, -11.50334 ], [ 34.03434, -11.47852 ], [ 34.08295, -11.50301 ], [ 34.08317, -11.55233 ], [ 34.03477, -11.57715 ] ] ] } },
{ "type": "Feature", "properties": { "pop": 17579.0 }, "geometry": { "type": "Polygon", "coordinates": [ [ [ 34.03413, -11.42921 ], [ 33.98552, -11.40472 ], [ 33.9853, -11.35543 ], [ 34.03369, -11.33062 ], [ 34.0823, -11.3551 ], [ 34.08252, -11.40439 ], [ 34.03413, -11.42921 ] ] ] } },
{ "type": "Feature", "properties": { "pop": 640.0 }, "geometry": { "type": "Polygon", "coordinates": [ [ [ 34.03348, -11.28133 ], [ 33.98487, -11.25685 ], [ 33.98466, -11.20758 ], [ 34.03305, -11.18278 ], [ 34.08165, -11.20725 ], [ 34.08187, -11.25653 ], [ 34.03348, -11.28133 ] ] ] } },
{ "type": "Feature", "properties": { "pop": 2359.0 }, "geometry": { "type": "Polygon", "coordinates": [ [ [ 34.03283, -11.13352 ], [ 33.98423, -11.10905 ], [ 33.98402, -11.0598 ], [ 34.0324, -11.03501 ], [ 34.081, -11.05947 ], [ 34.08122, -11.10872 ], [ 34.03283, -11.13352 ] ] ] } },
{ "type": "Feature", "properties": { "pop": 9931.0 }, "geometry": { "type": "Polygon", "coordinates": [ [ [ 34.03219, -10.98576 ], [ 33.98359, -10.96131 ], [ 33.98337, -10.91207 ], [ 34.03176, -10.8873 ], [ 34.08036, -10.91175 ], [ 34.08057, -10.96098 ], [ 34.03219, -10.98576 ] ] ] } },
{ "type": "Feature", "properties": { "pop": 7549.0 }, "geometry": { "type": "Polygon", "coordinates": [ [ [ 34.03154, -10.83807 ], [ 33.98295, -10.81363 ], [ 33.98273, -10.76441 ], [ 34.03111, -10.73965 ], [ 34.07971, -10.76409 ], [ 34.07992, -10.8133 ], [ 34.03154, -10.83807 ] ] ] } },
{ "type": "Feature", "properties": { "pop": 4274.0 }, "geometry": { "type": "Polygon", "coordinates": [ [ [ 34.0309, -10.69044 ], [ 33.9823, -10.66601 ], [ 33.98209, -10.61681 ], [ 34.03047, -10.59205 ], [ 34.07906, -10.61648 ], [ 34.07927, -10.66568 ], [ 34.0309, -10.69044 ] ] ] } },
{ "type": "Feature", "properties": { "pop": 1740.0 }, "geometry": { "type": "Polygon", "coordinates": [ [ [ 34.02961, -10.39536 ], [ 33.98102, -10.37094 ], [ 33.98081, -10.32179 ], [ 34.02918, -10.29705 ], [ 34.07776, -10.32146 ], [ 34.07798, -10.37061 ], [ 34.02961, -10.39536 ] ] ] } },
{ "type": "Feature", "properties": { "pop": 8643.0 }, "geometry": { "type": "Polygon", "coordinates": [ [ [ 34.02896, -10.2479 ], [ 33.98038, -10.22349 ], [ 33.98016, -10.17436 ], [ 34.02853, -10.14963 ], [ 34.07711, -10.17403 ], [ 34.07733, -10.22317 ], [ 34.02896, -10.2479 ] ] ] } },
{ "type": "Feature", "properties": { "pop": 5728.0 }, "geometry": { "type": "Polygon", "coordinates": [ [ [ 34.02831, -10.1005 ], [ 33.97974, -10.0761 ], [ 33.97952, -10.02699 ], [ 34.02788, -10.00227 ], [ 34.07646, -10.02666 ], [ 34.07668, -10.07578 ], [ 34.02831, -10.1005 ] ] ] } },
{ "type": "Feature", "properties": { "pop": 25722.0 }, "geometry": { "type": "Polygon", "coordinates": [ [ [ 34.09596, -14.47635 ], [ 34.04728, -14.45161 ], [ 34.04706, -14.4018 ], [ 34.09553, -14.37673 ], [ 34.14421, -14.40146 ], [ 34.14443, -14.45128 ], [ 34.09596, -14.47635 ] ] ] } },
{ "type": "Feature", "properties": { "pop": 38499.0 }, "geometry": { "type": "Polygon", "coordinates": [ [ [ 34.09531, -14.32693 ], [ 34.04663, -14.3022 ], [ 34.04642, -14.25242 ], [ 34.09488, -14.22736 ], [ 34.14355, -14.25208 ], [ 34.14377, -14.30187 ], [ 34.09531, -14.32693 ] ] ] } },
{ "type": "Feature", "properties": { "pop": 33536.0 }, "geometry": { "type": "Polygon", "coordinates": [ [ [ 34.09466, -14.17759 ], [ 34.04598, -14.15288 ], [ 34.04577, -14.10313 ], [ 34.09423, -14.07808 ], [ 34.1429, -14.10279 ], [ 34.14312, -14.15255 ], [ 34.09466, -14.17759 ] ] ] } },
{ "type": "Feature", "properties": { "pop": 37495.0 }, "geometry": { "type": "Polygon", "coordinates": [ [ [ 34.09401, -14.02834 ], [ 34.04534, -14.00364 ], [ 34.04512, -13.95392 ], [ 34.09357, -13.92889 ], [ 34.14225, -13.95358 ], [ 34.14246, -14.00331 ], [ 34.09401, -14.02834 ] ] ] } },
{ "type": "Feature", "properties": { "pop": 11664.0 }, "geometry": { "type": "Polygon", "coordinates": [ [ [ 34.09336, -13.87918 ], [ 34.04469, -13.85449 ], [ 34.04447, -13.80479 ], [ 34.09292, -13.77978 ], [ 34.14159, -13.80446 ], [ 34.14181, -13.85416 ], [ 34.09336, -13.87918 ] ] ] } },
{ "type": "Feature", "properties": { "pop": 22206.0 }, "geometry": { "type": "Polygon", "coordinates": [ [ [ 34.09271, -13.73009 ], [ 34.04404, -13.70542 ], [ 34.04383, -13.65575 ], [ 34.09227, -13.63075 ], [ 34.14094, -13.65542 ], [ 34.14115, -13.70509 ], [ 34.09271, -13.73009 ] ] ] } },
{ "type": "Feature", "properties": { "pop": 7320.0 }, "geometry": { "type": "Polygon", "coordinates": [ [ [ 34.09206, -13.58109 ], [ 34.04339, -13.55643 ], [ 34.04318, -13.50679 ], [ 34.09162, -13.4818 ], [ 34.14028, -13.50645 ], [ 34.1405, -13.5561 ], [ 34.09206, -13.58109 ] ] ] } },
{ "type": "Feature", "properties": { "pop": 20214.0 }, "geometry": { "type": "Polygon", "coordinates": [ [ [ 34.0914, -13.43217 ], [ 34.04275, -13.40752 ], [ 34.04253, -13.3579 ], [ 34.09097, -13.33293 ], [ 34.13963, -13.35757 ], [ 34.13985, -13.40719 ], [ 34.0914, -13.43217 ] ] ] } },
{ "type": "Feature", "properties": { "pop": 8864.0 }, "geometry": { "type": "Polygon", "coordinates": [ [ [ 34.09075, -13.28333 ], [ 34.0421, -13.25869 ], [ 34.04188, -13.2091 ], [ 34.09032, -13.18414 ], [ 34.13897, -13.20877 ], [ 34.13919, -13.25836 ], [ 34.09075, -13.28333 ] ] ] } },
{ "type": "Feature", "properties": { "pop": 1546.0 }, "geometry": { "type": "Polygon", "coordinates": [ [ [ 34.08815, -12.68873 ], [ 34.03951, -12.66415 ], [ 34.0393, -12.61465 ], [ 34.08772, -12.58975 ], [ 34.13636, -12.61432 ], [ 34.13658, -12.66381 ], [ 34.08815, -12.68873 ] ] ] } },
{ "type": "Feature", "properties": { "pop": 27230.0 }, "geometry": { "type": "Polygon", "coordinates": [ [ [ 34.0875, -12.54027 ], [ 34.03887, -12.5157 ], [ 34.03865, -12.46623 ], [ 34.08707, -12.44133 ], [ 34.1357, -12.4659 ], [ 34.13592, -12.51536 ], [ 34.0875, -12.54027 ] ] ] } },
{ "type": "Feature", "properties": { "pop": 4905.0 }, "geometry": { "type": "Polygon", "coordinates": [ [ [ 34.08685, -12.39188 ], [ 34.03822, -12.36732 ], [ 34.038, -12.31788 ], [ 34.08642, -12.29299 ], [ 34.13505, -12.31754 ], [ 34.13527, -12.36699 ], [ 34.08685, -12.39188 ] ] ] } },
{ "type": "Feature", "properties": { "pop": 6784.0 }, "geometry": { "type": "Polygon", "coordinates": [ [ [ 34.08555, -12.09531 ], [ 34.03693, -12.07078 ], [ 34.03671, -12.02138 ], [ 34.08512, -11.99652 ], [ 34.13374, -12.02105 ], [ 34.13396, -12.07045 ], [ 34.08555, -12.09531 ] ] ] } },
{ "type": "Feature", "properties": { "pop": 7352.0 }, "geometry": { "type": "Polygon", "coordinates": [ [ [ 34.0849, -11.94714 ], [ 34.03628, -11.92261 ], [ 34.03606, -11.87324 ], [ 34.08447, -11.84839 ], [ 34.13309, -11.87291 ], [ 34.13331, -11.92228 ], [ 34.0849, -11.94714 ] ] ] } },
{ "type": "Feature", "properties": { "pop": 4795.0 }, "geometry": { "type": "Polygon", "coordinates": [ [ [ 34.08425, -11.79903 ], [ 34.03563, -11.77451 ], [ 34.03542, -11.72516 ], [ 34.08382, -11.70032 ], [ 34.13244, -11.72483 ], [ 34.13266, -11.77418 ], [ 34.08425, -11.79903 ] ] ] } },
{ "type": "Feature", "properties": { "pop": 6733.0 }, "geometry": { "type": "Polygon", "coordinates": [ [ [ 34.0836, -11.65098 ], [ 34.03499, -11.62648 ], [ 34.03477, -11.57715 ], [ 34.08317, -11.55233 ], [ 34.13178, -11.57682 ], [ 34.132, -11.62615 ], [ 34.0836, -11.65098 ] ] ] } },
{ "type": "Feature", "properties": { "pop": 10270.0 }, "geometry": { "type": "Polygon", "coordinates": [ [ [ 34.08295, -11.50301 ], [ 34.03434, -11.47852 ], [ 34.03413, -11.42921 ], [ 34.08252, -11.40439 ], [ 34.13113, -11.42888 ], [ 34.13135, -11.47819 ], [ 34.08295, -11.50301 ] ] ] } },
{ "type": "Feature", "properties": { "pop": 2678.0 }, "geometry": { "type": "Polygon", "coordinates": [ [ [ 34.0823, -11.3551 ], [ 34.03369, -11.33062 ], [ 34.03348, -11.28133 ], [ 34.08187, -11.25653 ], [ 34.13048, -11.281 ], [ 34.1307, -11.33029 ], [ 34.0823, -11.3551 ] ] ] } },
{ "type": "Feature", "properties": { "pop": 311.0 }, "geometry": { "type": "Polygon", "coordinates": [ [ [ 34.08165, -11.20725 ], [ 34.03305, -11.18278 ], [ 34.03283, -11.13352 ], [ 34.08122, -11.10872 ], [ 34.12983, -11.13319 ], [ 34.13004, -11.18245 ], [ 34.08165, -11.20725 ] ] ] } },
{ "type": "Feature", "properties": { "pop": 4283.0 }, "geometry": { "type": "Polygon", "coordinates": [ [ [ 34.081, -11.05947 ], [ 34.0324, -11.03501 ], [ 34.03219, -10.98576 ], [ 34.08057, -10.96098 ], [ 34.12917, -10.98543 ], [ 34.12939, -11.03468 ], [ 34.081, -11.05947 ] ] ] } },
{ "type": "Feature", "properties": { "pop": 5007.0 }, "geometry": { "type": "Polygon", "coordinates": [ [ [ 34.08036, -10.91175 ], [ 34.03176, -10.8873 ], [ 34.03154, -10.83807 ], [ 34.07992, -10.8133 ], [ 34.12852, -10.83774 ], [ 34.12874, -10.88697 ], [ 34.08036, -10.91175 ] ] ] } },
{ "type": "Feature", "properties": { "pop": 5009.0 }, "geometry": { "type": "Polygon", "coordinates": [ [ [ 34.07971, -10.76409 ], [ 34.03111, -10.73965 ], [ 34.0309, -10.69044 ], [ 34.07927, -10.66568 ], [ 34.12787, -10.69011 ], [ 34.12809, -10.73932 ], [ 34.07971, -10.76409 ] ] ] } },
{ "type": "Feature", "properties": { "pop": 3839.0 }, "geometry": { "type": "Polygon", "coordinates": [ [ [ 34.07906, -10.61648 ], [ 34.03047, -10.59205 ], [ 34.03025, -10.54287 ], [ 34.07862, -10.51812 ], [ 34.12722, -10.54254 ], [ 34.12743, -10.59173 ], [ 34.07906, -10.61648 ] ] ] } },
{ "type": "Feature", "properties": { "pop": 4632.0 }, "geometry": { "type": "Polygon", "coordinates": [ [ [ 34.07841, -10.46894 ], [ 34.02982, -10.44452 ], [ 34.02961, -10.39536 ], [ 34.07798, -10.37061 ], [ 34.12656, -10.39503 ], [ 34.12678, -10.44419 ], [ 34.07841, -10.46894 ] ] ] } },
{ "type": "Feature", "properties": { "pop": 15203.0 }, "geometry": { "type": "Polygon", "coordinates": [ [ [ 34.07776, -10.32146 ], [ 34.02918, -10.29705 ], [ 34.02896, -10.2479 ], [ 34.07733, -10.22317 ], [ 34.12591, -10.24757 ], [ 34.12613, -10.29672 ], [ 34.07776, -10.32146 ] ] ] } },
{ "type": "Feature", "properties": { "pop": 2166.0 }, "geometry": { "type": "Polygon", "coordinates": [ [ [ 34.07711, -10.17403 ], [ 34.02853, -10.14963 ], [ 34.02831, -10.1005 ], [ 34.07668, -10.07578 ], [ 34.12526, -10.10017 ], [ 34.12548, -10.1493 ], [ 34.07711, -10.17403 ] ] ] } },
{ "type": "Feature", "properties": { "pop": 24229.0 }, "geometry": { "type": "Polygon", "coordinates": [ [ [ 34.14421, -14.40146 ], [ 34.09553, -14.37673 ], [ 34.09531, -14.32693 ], [ 34.14377, -14.30187 ], [ 34.19245, -14.32659 ], [ 34.19267, -14.37639 ], [ 34.14421, -14.40146 ] ] ] } },
{ "type": "Feature", "properties": { "pop": 25593.0 }, "geometry": { "type": "Polygon", "coordinates": [ [ [ 34.14355, -14.25208 ], [ 34.09488, -14.22736 ], [ 34.09466, -14.17759 ], [ 34.14312, -14.15255 ], [ 34.19179, -14.17726 ], [ 34.19201, -14.22703 ], [ 34.14355, -14.25208 ] ] ] } },
{ "type": "Feature", "properties": { "pop": 34285.0 }, "geometry": { "type": "Polygon", "coordinates": [ [ [ 34.1429, -14.10279 ], [ 34.09423, -14.07808 ], [ 34.09401, -14.02834 ], [ 34.14246, -14.00331 ], [ 34.19114, -14.02801 ], [ 34.19136, -14.07775 ], [ 34.1429, -14.10279 ] ] ] } },
{ "type": "Feature", "properties": { "pop": 13039.0 }, "geometry": { "type": "Polygon", "coordinates": [ [ [ 34.14225, -13.95358 ], [ 34.09357, -13.92889 ], [ 34.09336, -13.87918 ], [ 34.14181, -13.85416 ], [ 34.19048, -13.87884 ], [ 34.1907, -13.92856 ], [ 34.14225, -13.95358 ] ] ] } },
{ "type": "Feature", "properties": { "pop": 19031.0 }, "geometry": { "type": "Polygon", "coordinates": [ [ [ 34.14159, -13.80446 ], [ 34.09292, -13.77978 ], [ 34.09271, -13.73009 ], [ 34.14115, -13.70509 ], [ 34.18982, -13.72976 ], [ 34.19004, -13.77944 ], [ 34.14159, -13.80446 ] ] ] } },
{ "type": "Feature", "properties": { "pop": 22082.0 }, "geometry": { "type": "Polygon", "coordinates": [ [ [ 34.14094, -13.65542 ], [ 34.09227, -13.63075 ], [ 34.09206, -13.58109 ], [ 34.1405, -13.5561 ], [ 34.18916, -13.58076 ], [ 34.18938, -13.63042 ], [ 34.14094, -13.65542 ] ] ] } },
{ "type": "Feature", "properties": { "pop": 5011.0 }, "geometry": { "type": "Polygon", "coordinates": [ [ [ 34.14028, -13.50645 ], [ 34.09162, -13.4818 ], [ 34.0914, -13.43217 ], [ 34.13985, -13.40719 ], [ 34.1885, -13.43184 ], [ 34.18872, -13.48147 ], [ 34.14028, -13.50645 ] ] ] } },
{ "type": "Feature", "properties": { "pop": 18194.0 }, "geometry": { "type": "Polygon", "coordinates": [ [ [ 34.13963, -13.35757 ], [ 34.09097, -13.33293 ], [ 34.09075, -13.28333 ], [ 34.13919, -13.25836 ], [ 34.18785, -13.28299 ], [ 34.18807, -13.3326 ], [ 34.13963, -13.35757 ] ] ] } },
{ "type": "Feature", "properties": { "pop": 2572.0 }, "geometry": { "type": "Polygon", "coordinates": [ [ [ 34.13897, -13.20877 ], [ 34.09032, -13.18414 ], [ 34.0901, -13.13456 ], [ 34.13854, -13.10961 ], [ 34.18719, -13.13423 ], [ 34.18741, -13.18381 ], [ 34.13897, -13.20877 ] ] ] } },
{ "type": "Feature", "properties": { "pop": 131.0 }, "geometry": { "type": "Polygon", "coordinates": [ [ [ 34.13832, -13.06004 ], [ 34.08967, -13.03543 ], [ 34.08945, -12.98588 ], [ 34.13788, -12.96094 ], [ 34.18653, -12.98554 ], [ 34.18675, -13.0351 ], [ 34.13832, -13.06004 ] ] ] } },
{ "type": "Feature", "properties": { "pop": 914.0 }, "geometry": { "type": "Polygon", "coordinates": [ [ [ 34.13767, -12.9114 ], [ 34.08902, -12.88679 ], [ 34.0888, -12.83727 ], [ 34.13723, -12.81234 ], [ 34.18587, -12.83693 ], [ 34.18609, -12.88646 ], [ 34.13767, -12.9114 ] ] ] } },
{ "type": "Feature", "properties": { "pop": 6998.0 }, "geometry": { "type": "Polygon", "coordinates": [ [ [ 34.13701, -12.76282 ], [ 34.08837, -12.73823 ], [ 34.08815, -12.68873 ], [ 34.13658, -12.66381 ], [ 34.18522, -12.6884 ], [ 34.18544, -12.7379 ], [ 34.13701, -12.76282 ] ] ] } },
{ "type": "Feature", "properties": { "pop": 7702.0 }, "geometry": { "type": "Polygon", "coordinates": [ [ [ 34.13636, -12.61432 ], [ 34.08772, -12.58975 ], [ 34.0875, -12.54027 ], [ 34.13592, -12.51536 ], [ 34.18456, -12.53993 ], [ 34.18478, -12.58941 ], [ 34.13636, -12.61432 ] ] ] } },
{ "type": "Feature", "properties": { "pop": 6857.0 }, "geometry": { "type": "Polygon", "coordinates": [ [ [ 34.1357, -12.4659 ], [ 34.08707, -12.44133 ], [ 34.08685, -12.39188 ], [ 34.13527, -12.36699 ], [ 34.1839, -12.39155 ], [ 34.18412, -12.441 ], [ 34.1357, -12.4659 ] ] ] } },
{ "type": "Feature", "properties": { "pop": 8633.0 }, "geometry": { "type": "Polygon", "coordinates": [ [ [ 34.13374, -12.02105 ], [ 34.08512, -11.99652 ], [ 34.0849, -11.94714 ], [ 34.13331, -11.92228 ], [ 34.18193, -11.9468 ], [ 34.18215, -11.99619 ], [ 34.13374, -12.02105 ] ] ] } },
{ "type": "Feature", "properties": { "pop": 14396.0 }, "geometry": { "type": "Polygon", "coordinates": [ [ [ 34.13309, -11.87291 ], [ 34.08447, -11.84839 ], [ 34.08425, -11.79903 ], [ 34.13266, -11.77418 ], [ 34.18128, -11.79869 ], [ 34.18149, -11.84806 ], [ 34.13309, -11.87291 ] ] ] } },
{ "type": "Feature", "properties": { "pop": 9602.0 }, "geometry": { "type": "Polygon", "coordinates": [ [ [ 34.13244, -11.72483 ], [ 34.08382, -11.70032 ], [ 34.0836, -11.65098 ], [ 34.132, -11.62615 ], [ 34.18062, -11.65065 ], [ 34.18084, -11.69999 ], [ 34.13244, -11.72483 ] ] ] } },
{ "type": "Feature", "properties": { "pop": 10589.0 }, "geometry": { "type": "Polygon", "coordinates": [ [ [ 34.13178, -11.57682 ], [ 34.08317, -11.55233 ], [ 34.08295, -11.50301 ], [ 34.13135, -11.47819 ], [ 34.17996, -11.50268 ], [ 34.18018, -11.55199 ], [ 34.13178, -11.57682 ] ] ] } },
{ "type": "Feature", "properties": { "pop": 5152.0 }, "geometry": { "type": "Polygon", "coordinates": [ [ [ 34.13113, -11.42888 ], [ 34.08252, -11.40439 ], [ 34.0823, -11.3551 ], [ 34.1307, -11.33029 ], [ 34.17931, -11.35477 ], [ 34.17953, -11.40406 ], [ 34.13113, -11.42888 ] ] ] } },
{ "type": "Feature", "properties": { "pop": 1815.0 }, "geometry": { "type": "Polygon", "coordinates": [ [ [ 34.13048, -11.281 ], [ 34.08187, -11.25653 ], [ 34.08165, -11.20725 ], [ 34.13004, -11.18245 ], [ 34.17865, -11.20692 ], [ 34.17887, -11.25619 ], [ 34.13048, -11.281 ] ] ] } },
{ "type": "Feature", "properties": { "pop": 756.0 }, "geometry": { "type": "Polygon", "coordinates": [ [ [ 34.12983, -11.13319 ], [ 34.08122, -11.10872 ], [ 34.081, -11.05947 ], [ 34.12939, -11.03468 ], [ 34.17799, -11.05914 ], [ 34.17821, -11.10839 ], [ 34.12983, -11.13319 ] ] ] } },
{ "type": "Feature", "properties": { "pop": 2992.0 }, "geometry": { "type": "Polygon", "coordinates": [ [ [ 34.12917, -10.98543 ], [ 34.08057, -10.96098 ], [ 34.08036, -10.91175 ], [ 34.12874, -10.88697 ], [ 34.17734, -10.91141 ], [ 34.17756, -10.96065 ], [ 34.12917, -10.98543 ] ] ] } },
{ "type": "Feature", "properties": { "pop": 3524.0 }, "geometry": { "type": "Polygon", "coordinates": [ [ [ 34.12852, -10.83774 ], [ 34.07992, -10.8133 ], [ 34.07971, -10.76409 ], [ 34.12809, -10.73932 ], [ 34.17668, -10.76375 ], [ 34.1769, -10.81297 ], [ 34.12852, -10.83774 ] ] ] } },
{ "type": "Feature", "properties": { "pop": 5686.0 }, "geometry": { "type": "Polygon", "coordinates": [ [ [ 34.12787, -10.69011 ], [ 34.07927, -10.66568 ], [ 34.07906, -10.61648 ], [ 34.12743, -10.59173 ], [ 34.17603, -10.61615 ], [ 34.17624, -10.66535 ], [ 34.12787, -10.69011 ] ] ] } },
{ "type": "Feature", "properties": { "pop": 10581.0 }, "geometry": { "type": "Polygon", "coordinates": [ [ [ 34.12722, -10.54254 ], [ 34.07862, -10.51812 ], [ 34.07841, -10.46894 ], [ 34.12678, -10.44419 ], [ 34.17537, -10.46861 ], [ 34.17559, -10.51779 ], [ 34.12722, -10.54254 ] ] ] } },
{ "type": "Feature", "properties": { "pop": 13644.0 }, "geometry": { "type": "Polygon", "coordinates": [ [ [ 34.12656, -10.39503 ], [ 34.07798, -10.37061 ], [ 34.07776, -10.32146 ], [ 34.12613, -10.29672 ], [ 34.17471, -10.32113 ], [ 34.17493, -10.37028 ], [ 34.12656, -10.39503 ] ] ] } },
{ "type": "Feature", "properties": { "pop": 5171.0 }, "geometry": { "type": "Polygon", "coordinates": [ [ [ 34.12591, -10.24757 ], [ 34.07733, -10.22317 ], [ 34.07711, -10.17403 ], [ 34.12548, -10.1493 ], [ 34.17406, -10.1737 ], [ 34.17428, -10.22284 ], [ 34.12591, -10.24757 ] ] ] } },
{ "type": "Feature", "properties": { "pop": 10916.0 }, "geometry": { "type": "Polygon", "coordinates": [ [ [ 34.19311, -14.47602 ], [ 34.14443, -14.45128 ], [ 34.14421, -14.40146 ], [ 34.19267, -14.37639 ], [ 34.24135, -14.40113 ], [ 34.24157, -14.45094 ], [ 34.19311, -14.47602 ] ] ] } },
{ "type": "Feature", "properties": { "pop": 15605.0 }, "geometry": { "type": "Polygon", "coordinates": [ [ [ 34.19245, -14.32659 ], [ 34.14377, -14.30187 ], [ 34.14355, -14.25208 ], [ 34.19201, -14.22703 ], [ 34.24069, -14.25175 ], [ 34.24091, -14.30153 ], [ 34.19245, -14.32659 ] ] ] } },
{ "type": "Feature", "properties": { "pop": 34327.0 }, "geometry": { "type": "Polygon", "coordinates": [ [ [ 34.19179, -14.17726 ], [ 34.14312, -14.15255 ], [ 34.1429, -14.10279 ], [ 34.19136, -14.07775 ], [ 34.24003, -14.10245 ], [ 34.24025, -14.15221 ], [ 34.19179, -14.17726 ] ] ] } },
{ "type": "Feature", "properties": { "pop": 12501.0 }, "geometry": { "type": "Polygon", "coordinates": [ [ [ 34.19114, -14.02801 ], [ 34.14246, -14.00331 ], [ 34.14225, -13.95358 ], [ 34.1907, -13.92856 ], [ 34.23937, -13.95325 ], [ 34.23959, -14.00297 ], [ 34.19114, -14.02801 ] ] ] } },
{ "type": "Feature", "properties": { "pop": 4171.0 }, "geometry": { "type": "Polygon", "coordinates": [ [ [ 34.19048, -13.87884 ], [ 34.14181, -13.85416 ], [ 34.14159, -13.80446 ], [ 34.19004, -13.77944 ], [ 34.23871, -13.80412 ], [ 34.23893, -13.85382 ], [ 34.19048, -13.87884 ] ] ] } },
{ "type": "Feature", "properties": { "pop": 12075.0 }, "geometry": { "type": "Polygon", "coordinates": [ [ [ 34.18982, -13.72976 ], [ 34.14115, -13.70509 ], [ 34.14094, -13.65542 ], [ 34.18938, -13.63042 ], [ 34.23805, -13.65508 ], [ 34.23827, -13.70475 ], [ 34.18982, -13.72976 ] ] ] } },
{ "type": "Feature", "properties": { "pop": 9487.0 }, "geometry": { "type": "Polygon", "coordinates": [ [ [ 34.18916, -13.58076 ], [ 34.1405, -13.5561 ], [ 34.14028, -13.50645 ], [ 34.18872, -13.48147 ], [ 34.23739, -13.50612 ], [ 34.23761, -13.55576 ], [ 34.18916, -13.58076 ] ] ] } },
{ "type": "Feature", "properties": { "pop": 6958.0 }, "geometry": { "type": "Polygon", "coordinates": [ [ [ 34.1885, -13.43184 ], [ 34.13985, -13.40719 ], [ 34.13963, -13.35757 ], [ 34.18807, -13.3326 ], [ 34.23672, -13.35724 ], [ 34.23694, -13.40685 ], [ 34.1885, -13.43184 ] ] ] } },
{ "type": "Feature", "properties": { "pop": 7402.0 }, "geometry": { "type": "Polygon", "coordinates": [ [ [ 34.18785, -13.28299 ], [ 34.13919, -13.25836 ], [ 34.13897, -13.20877 ], [ 34.18741, -13.18381 ], [ 34.23606, -13.20843 ], [ 34.23628, -13.25803 ], [ 34.18785, -13.28299 ] ] ] } },
{ "type": "Feature", "properties": { "pop": 585.0 }, "geometry": { "type": "Polygon", "coordinates": [ [ [ 34.18719, -13.13423 ], [ 34.13854, -13.10961 ], [ 34.13832, -13.06004 ], [ 34.18675, -13.0351 ], [ 34.2354, -13.05971 ], [ 34.23562, -13.10927 ], [ 34.18719, -13.13423 ] ] ] } },
{ "type": "Feature", "properties": { "pop": 7370.0 }, "geometry": { "type": "Polygon", "coordinates": [ [ [ 34.18653, -12.98554 ], [ 34.13788, -12.96094 ], [ 34.13767, -12.9114 ], [ 34.18609, -12.88646 ], [ 34.23474, -12.91106 ], [ 34.23496, -12.9606 ], [ 34.18653, -12.98554 ] ] ] } },
{ "type": "Feature", "properties": { "pop": 10548.0 }, "geometry": { "type": "Polygon", "coordinates": [ [ [ 34.18587, -12.83693 ], [ 34.13723, -12.81234 ], [ 34.13701, -12.76282 ], [ 34.18544, -12.7379 ], [ 34.23408, -12.76249 ], [ 34.2343, -12.812 ], [ 34.18587, -12.83693 ] ] ] } },
{ "type": "Feature", "properties": { "pop": 14254.0 }, "geometry": { "type": "Polygon", "coordinates": [ [ [ 34.18522, -12.6884 ], [ 34.13658, -12.66381 ], [ 34.13636, -12.61432 ], [ 34.18478, -12.58941 ], [ 34.23342, -12.61399 ], [ 34.23364, -12.66348 ], [ 34.18522, -12.6884 ] ] ] } },
{ "type": "Feature", "properties": { "pop": 15132.0 }, "geometry": { "type": "Polygon", "coordinates": [ [ [ 34.18456, -12.53993 ], [ 34.13592, -12.51536 ], [ 34.1357, -12.4659 ], [ 34.18412, -12.441 ], [ 34.23276, -12.46556 ], [ 34.23298, -12.51503 ], [ 34.18456, -12.53993 ] ] ] } },
{ "type": "Feature", "properties": { "pop": 12513.0 }, "geometry": { "type": "Polygon", "coordinates": [ [ [ 34.18193, -11.9468 ], [ 34.13331, -11.92228 ], [ 34.13309, -11.87291 ], [ 34.18149, -11.84806 ], [ 34.23012, -11.87257 ], [ 34.23034, -11.92195 ], [ 34.18193, -11.9468 ] ] ] } },
{ "type": "Feature", "properties": { "pop": 9508.0 }, "geometry": { "type": "Polygon", "coordinates": [ [ [ 34.18128, -11.79869 ], [ 34.13266, -11.77418 ], [ 34.13244, -11.72483 ], [ 34.18084, -11.69999 ], [ 34.22946, -11.7245 ], [ 34.22968, -11.77385 ], [ 34.18128, -11.79869 ] ] ] } },
{ "type": "Feature", "properties": { "pop": 12825.0 }, "geometry": { "type": "Polygon", "coordinates": [ [ [ 34.18062, -11.65065 ], [ 34.132, -11.62615 ], [ 34.13178, -11.57682 ], [ 34.18018, -11.55199 ], [ 34.2288, -11.57649 ], [ 34.22902, -11.62582 ], [ 34.18062, -11.65065 ] ] ] } },
{ "type": "Feature", "properties": { "pop": 5401.0 }, "geometry": { "type": "Polygon", "coordinates": [ [ [ 34.17996, -11.50268 ], [ 34.13135, -11.47819 ], [ 34.13113, -11.42888 ], [ 34.17953, -11.40406 ], [ 34.22814, -11.42855 ], [ 34.22836, -11.47785 ], [ 34.17996, -11.50268 ] ] ] } },
{ "type": "Feature", "properties": { "pop": 2643.0 }, "geometry": { "type": "Polygon", "coordinates": [ [ [ 34.17931, -11.35477 ], [ 34.1307, -11.33029 ], [ 34.13048, -11.281 ], [ 34.17887, -11.25619 ], [ 34.22748, -11.28067 ], [ 34.2277, -11.32995 ], [ 34.17931, -11.35477 ] ] ] } },
{ "type": "Feature", "properties": { "pop": 3162.0 }, "geometry": { "type": "Polygon", "coordinates": [ [ [ 34.17865, -11.20692 ], [ 34.13004, -11.18245 ], [ 34.12983, -11.13319 ], [ 34.17821, -11.10839 ], [ 34.22682, -11.13285 ], [ 34.22704, -11.18212 ], [ 34.17865, -11.20692 ] ] ] } },
{ "type": "Feature", "properties": { "pop": 1010.0 }, "geometry": { "type": "Polygon", "coordinates": [ [ [ 34.17799, -11.05914 ], [ 34.12939, -11.03468 ], [ 34.12917, -10.98543 ], [ 34.17756, -10.96065 ], [ 34.22616, -10.9851 ], [ 34.22638, -11.03434 ], [ 34.17799, -11.05914 ] ] ] } },
{ "type": "Feature", "properties": { "pop": 1814.0 }, "geometry": { "type": "Polygon", "coordinates": [ [ [ 34.17734, -10.91141 ], [ 34.12874, -10.88697 ], [ 34.12852, -10.83774 ], [ 34.1769, -10.81297 ], [ 34.2255, -10.83741 ], [ 34.22572, -10.88663 ], [ 34.17734, -10.91141 ] ] ] } },
{ "type": "Feature", "properties": { "pop": 10349.0 }, "geometry": { "type": "Polygon", "coordinates": [ [ [ 34.17668, -10.76375 ], [ 34.12809, -10.73932 ], [ 34.12787, -10.69011 ], [ 34.17624, -10.66535 ], [ 34.22484, -10.68978 ], [ 34.22506, -10.73898 ], [ 34.17668, -10.76375 ] ] ] } },
{ "type": "Feature", "properties": { "pop": 12135.0 }, "geometry": { "type": "Polygon", "coordinates": [ [ [ 34.17603, -10.61615 ], [ 34.12743, -10.59173 ], [ 34.12722, -10.54254 ], [ 34.17559, -10.51779 ], [ 34.22418, -10.54221 ], [ 34.2244, -10.59139 ], [ 34.17603, -10.61615 ] ] ] } },
{ "type": "Feature", "properties": { "pop": 16032.0 }, "geometry": { "type": "Polygon", "coordinates": [ [ [ 34.17537, -10.46861 ], [ 34.12678, -10.44419 ], [ 34.12656, -10.39503 ], [ 34.17493, -10.37028 ], [ 34.22352, -10.3947 ], [ 34.22374, -10.44386 ], [ 34.17537, -10.46861 ] ] ] } },
{ "type": "Feature", "properties": { "pop": 8108.0 }, "geometry": { "type": "Polygon", "coordinates": [ [ [ 34.17471, -10.32113 ], [ 34.12613, -10.29672 ], [ 34.12591, -10.24757 ], [ 34.17428, -10.22284 ], [ 34.22286, -10.24724 ], [ 34.22308, -10.29639 ], [ 34.17471, -10.32113 ] ] ] } },
{ "type": "Feature", "properties": { "pop": 2194.0 }, "geometry": { "type": "Polygon", "coordinates": [ [ [ 34.24798, -15.89988 ], [ 34.19926, -15.87499 ], [ 34.19904, -15.82489 ], [ 34.24753, -15.79967 ], [ 34.29625, -15.82455 ], [ 34.29647, -15.87465 ], [ 34.24798, -15.89988 ] ] ] } },
{ "type": "Feature", "properties": { "pop": 18430.0 }, "geometry": { "type": "Polygon", "coordinates": [ [ [ 34.24135, -14.40113 ], [ 34.19267, -14.37639 ], [ 34.19245, -14.32659 ], [ 34.24091, -14.30153 ], [ 34.28959, -14.32626 ], [ 34.28982, -14.37605 ], [ 34.24135, -14.40113 ] ] ] } },
{ "type": "Feature", "properties": { "pop": 14579.0 }, "geometry": { "type": "Polygon", "coordinates": [ [ [ 34.24069, -14.25175 ], [ 34.19201, -14.22703 ], [ 34.19179, -14.17726 ], [ 34.24025, -14.15221 ], [ 34.28893, -14.17692 ], [ 34.28915, -14.22669 ], [ 34.24069, -14.25175 ] ] ] } },
{ "type": "Feature", "properties": { "pop": 24540.0 }, "geometry": { "type": "Polygon", "coordinates": [ [ [ 34.24003, -14.10245 ], [ 34.19136, -14.07775 ], [ 34.19114, -14.02801 ], [ 34.23959, -14.00297 ], [ 34.28826, -14.02767 ], [ 34.28849, -14.07741 ], [ 34.24003, -14.10245 ] ] ] } },
{ "type": "Feature", "properties": { "pop": 907.0 }, "geometry": { "type": "Polygon", "coordinates": [ [ [ 34.23937, -13.95325 ], [ 34.1907, -13.92856 ], [ 34.19048, -13.87884 ], [ 34.23893, -13.85382 ], [ 34.2876, -13.8785 ], [ 34.28782, -13.92822 ], [ 34.23937, -13.95325 ] ] ] } },
{ "type": "Feature", "properties": { "pop": 16271.0 }, "geometry": { "type": "Polygon", "coordinates": [ [ [ 34.23871, -13.80412 ], [ 34.19004, -13.77944 ], [ 34.18982, -13.72976 ], [ 34.23827, -13.70475 ], [ 34.28693, -13.72942 ], [ 34.28716, -13.77911 ], [ 34.23871, -13.80412 ] ] ] } },
{ "type": "Feature", "properties": { "pop": 17989.0 }, "geometry": { "type": "Polygon", "coordinates": [ [ [ 34.23805, -13.65508 ], [ 34.18938, -13.63042 ], [ 34.18916, -13.58076 ], [ 34.23761, -13.55576 ], [ 34.28627, -13.58042 ], [ 34.28649, -13.63008 ], [ 34.23805, -13.65508 ] ] ] } },
{ "type": "Feature", "properties": { "pop": 17266.0 }, "geometry": { "type": "Polygon", "coordinates": [ [ [ 34.23739, -13.50612 ], [ 34.18872, -13.48147 ], [ 34.1885, -13.43184 ], [ 34.23694, -13.40685 ], [ 34.2856, -13.4315 ], [ 34.28583, -13.48113 ], [ 34.23739, -13.50612 ] ] ] } },
{ "type": "Feature", "properties": { "pop": 7896.0 }, "geometry": { "type": "Polygon", "coordinates": [ [ [ 34.23672, -13.35724 ], [ 34.18807, -13.3326 ], [ 34.18785, -13.28299 ], [ 34.23628, -13.25803 ], [ 34.28494, -13.28266 ], [ 34.28516, -13.33226 ], [ 34.23672, -13.35724 ] ] ] } },
{ "type": "Feature", "properties": { "pop": 8884.0 }, "geometry": { "type": "Polygon", "coordinates": [ [ [ 34.23606, -13.20843 ], [ 34.18741, -13.18381 ], [ 34.18719, -13.13423 ], [ 34.23562, -13.10927 ], [ 34.28428, -13.13389 ], [ 34.2845, -13.18347 ], [ 34.23606, -13.20843 ] ] ] } },
{ "type": "Feature", "properties": { "pop": 11321.0 }, "geometry": { "type": "Polygon", "coordinates": [ [ [ 34.2354, -13.05971 ], [ 34.18675, -13.0351 ], [ 34.18653, -12.98554 ], [ 34.23496, -12.9606 ], [ 34.28361, -12.98521 ], [ 34.28383, -13.03476 ], [ 34.2354, -13.05971 ] ] ] } },
{ "type": "Feature", "properties": { "pop": 20081.0 }, "geometry": { "type": "Polygon", "coordinates": [ [ [ 34.23474, -12.91106 ], [ 34.18609, -12.88646 ], [ 34.18587, -12.83693 ], [ 34.2343, -12.812 ], [ 34.28295, -12.83659 ], [ 34.28317, -12.88612 ], [ 34.23474, -12.91106 ] ] ] } },
{ "type": "Feature", "properties": { "pop": 8593.0 }, "geometry": { "type": "Polygon", "coordinates": [ [ [ 34.23408, -12.76249 ], [ 34.18544, -12.7379 ], [ 34.18522, -12.6884 ], [ 34.23364, -12.66348 ], [ 34.28228, -12.68806 ], [ 34.2825, -12.73756 ], [ 34.23408, -12.76249 ] ] ] } },
{ "type": "Feature", "properties": { "pop": 10.0 }, "geometry": { "type": "Polygon", "coordinates": [ [ [ 34.23342, -12.61399 ], [ 34.18478, -12.58941 ], [ 34.18456, -12.53993 ], [ 34.23298, -12.51503 ], [ 34.28162, -12.5396 ], [ 34.28184, -12.58908 ], [ 34.23342, -12.61399 ] ] ] } },
{ "type": "Feature", "properties": { "pop": 7527.0 }, "geometry": { "type": "Polygon", "coordinates": [ [ [ 34.23012, -11.87257 ], [ 34.18149, -11.84806 ], [ 34.18128, -11.79869 ], [ 34.22968, -11.77385 ], [ 34.2783, -11.79836 ], [ 34.27852, -11.84772 ], [ 34.23012, -11.87257 ] ] ] } },
{ "type": "Feature", "properties": { "pop": 12514.0 }, "geometry": { "type": "Polygon", "coordinates": [ [ [ 34.22946, -11.7245 ], [ 34.18084, -11.69999 ], [ 34.18062, -11.65065 ], [ 34.22902, -11.62582 ], [ 34.27764, -11.65032 ], [ 34.27786, -11.69966 ], [ 34.22946, -11.7245 ] ] ] } },
{ "type": "Feature", "properties": { "pop": 11628.0 }, "geometry": { "type": "Polygon", "coordinates": [ [ [ 34.2288, -11.57649 ], [ 34.18018, -11.55199 ], [ 34.17996, -11.50268 ], [ 34.22836, -11.47785 ], [ 34.27697, -11.50234 ], [ 34.27719, -11.55166 ], [ 34.2288, -11.57649 ] ] ] } },
{ "type": "Feature", "properties": { "pop": 2567.0 }, "geometry": { "type": "Polygon", "coordinates": [ [ [ 34.22814, -11.42855 ], [ 34.17953, -11.40406 ], [ 34.17931, -11.35477 ], [ 34.2277, -11.32995 ], [ 34.27631, -11.35443 ], [ 34.27653, -11.40373 ], [ 34.22814, -11.42855 ] ] ] } },
{ "type": "Feature", "properties": { "pop": 8339.0 }, "geometry": { "type": "Polygon", "coordinates": [ [ [ 34.22748, -11.28067 ], [ 34.17887, -11.25619 ], [ 34.17865, -11.20692 ], [ 34.22704, -11.18212 ], [ 34.27565, -11.20658 ], [ 34.27587, -11.25586 ], [ 34.22748, -11.28067 ] ] ] } },
{ "type": "Feature", "properties": { "pop": 2913.0 }, "geometry": { "type": "Polygon", "coordinates": [ [ [ 34.22682, -11.13285 ], [ 34.17821, -11.10839 ], [ 34.17799, -11.05914 ], [ 34.22638, -11.03434 ], [ 34.27498, -11.0588 ], [ 34.2752, -11.10806 ], [ 34.22682, -11.13285 ] ] ] } },
{ "type": "Feature", "properties": { "pop": 2192.0 }, "geometry": { "type": "Polygon", "coordinates": [ [ [ 34.22616, -10.9851 ], [ 34.17756, -10.96065 ], [ 34.17734, -10.91141 ], [ 34.22572, -10.88663 ], [ 34.27432, -10.91108 ], [ 34.27454, -10.96031 ], [ 34.22616, -10.9851 ] ] ] } },
{ "type": "Feature", "properties": { "pop": 4136.0 }, "geometry": { "type": "Polygon", "coordinates": [ [ [ 34.2255, -10.83741 ], [ 34.1769, -10.81297 ], [ 34.17668, -10.76375 ], [ 34.22506, -10.73898 ], [ 34.27366, -10.76342 ], [ 34.27388, -10.81263 ], [ 34.2255, -10.83741 ] ] ] } },
{ "type": "Feature", "properties": { "pop": 1629.0 }, "geometry": { "type": "Polygon", "coordinates": [ [ [ 34.22484, -10.68978 ], [ 34.17624, -10.66535 ], [ 34.17603, -10.61615 ], [ 34.2244, -10.59139 ], [ 34.27299, -10.61582 ], [ 34.27321, -10.66501 ], [ 34.22484, -10.68978 ] ] ] } },
{ "type": "Feature", "properties": { "pop": 18812.0 }, "geometry": { "type": "Polygon", "coordinates": [ [ [ 34.22418, -10.54221 ], [ 34.17559, -10.51779 ], [ 34.17537, -10.46861 ], [ 34.22374, -10.44386 ], [ 34.27233, -10.46828 ], [ 34.27255, -10.51745 ], [ 34.22418, -10.54221 ] ] ] } },
{ "type": "Feature", "properties": { "pop": 5805.0 }, "geometry": { "type": "Polygon", "coordinates": [ [ [ 34.22352, -10.3947 ], [ 34.17493, -10.37028 ], [ 34.17471, -10.32113 ], [ 34.22308, -10.29639 ], [ 34.27167, -10.32079 ], [ 34.27189, -10.36995 ], [ 34.22352, -10.3947 ] ] ] } },
{ "type": "Feature", "properties": { "pop": 2243.0 }, "geometry": { "type": "Polygon", "coordinates": [ [ [ 34.29692, -15.9749 ], [ 34.2482, -15.95 ], [ 34.24798, -15.89988 ], [ 34.29647, -15.87465 ], [ 34.34519, -15.89954 ], [ 34.34541, -15.94966 ], [ 34.29692, -15.9749 ] ] ] } },
{ "type": "Feature", "properties": { "pop": 9640.0 }, "geometry": { "type": "Polygon", "coordinates": [ [ [ 34.29625, -15.82455 ], [ 34.24753, -15.79967 ], [ 34.24731, -15.74958 ], [ 34.29581, -15.72437 ], [ 34.34452, -15.74924 ], [ 34.34474, -15.79933 ], [ 34.29625, -15.82455 ] ] ] } },
{ "type": "Feature", "properties": { "pop": 7840.0 }, "geometry": { "type": "Polygon", "coordinates": [ [ [ 34.29026, -14.47568 ], [ 34.24157, -14.45094 ], [ 34.24135, -14.40113 ], [ 34.28982, -14.37605 ], [ 34.3385, -14.40078 ], [ 34.33872, -14.4506 ], [ 34.29026, -14.47568 ] ] ] } },
{ "type": "Feature", "properties": { "pop": 20056.0 }, "geometry": { "type": "Polygon", "coordinates": [ [ [ 34.28959, -14.32626 ], [ 34.24091, -14.30153 ], [ 34.24069, -14.25175 ], [ 34.28915, -14.22669 ], [ 34.33783, -14.25141 ], [ 34.33805, -14.30119 ], [ 34.28959, -14.32626 ] ] ] } },
{ "type": "Feature", "properties": { "pop": 24458.0 }, "geometry": { "type": "Polygon", "coordinates": [ [ [ 34.28893, -14.17692 ], [ 34.24025, -14.15221 ], [ 34.24003, -14.10245 ], [ 34.28849, -14.07741 ], [ 34.33716, -14.10211 ], [ 34.33738, -14.15187 ], [ 34.28893, -14.17692 ] ] ] } },
{ "type": "Feature", "properties": { "pop": 8686.0 }, "geometry": { "type": "Polygon", "coordinates": [ [ [ 34.28826, -14.02767 ], [ 34.23959, -14.00297 ], [ 34.23937, -13.95325 ], [ 34.28782, -13.92822 ], [ 34.33649, -13.95291 ], [ 34.33672, -14.00263 ], [ 34.28826, -14.02767 ] ] ] } },
{ "type": "Feature", "properties": { "pop": 5890.0 }, "geometry": { "type": "Polygon", "coordinates": [ [ [ 34.2876, -13.8785 ], [ 34.23893, -13.85382 ], [ 34.23871, -13.80412 ], [ 34.28716, -13.77911 ], [ 34.33583, -13.80378 ], [ 34.33605, -13.85348 ], [ 34.2876, -13.8785 ] ] ] } },
{ "type": "Feature", "properties": { "pop": 20227.0 }, "geometry": { "type": "Polygon", "coordinates": [ [ [ 34.28693, -13.72942 ], [ 34.23827, -13.70475 ], [ 34.23805, -13.65508 ], [ 34.28649, -13.63008 ], [ 34.33516, -13.65474 ], [ 34.33538, -13.70441 ], [ 34.28693, -13.72942 ] ] ] } },
{ "type": "Feature", "properties": { "pop": 23424.0 }, "geometry": { "type": "Polygon", "coordinates": [ [ [ 34.28627, -13.58042 ], [ 34.23761, -13.55576 ], [ 34.23739, -13.50612 ], [ 34.28583, -13.48113 ], [ 34.33449, -13.50578 ], [ 34.33471, -13.55542 ], [ 34.28627, -13.58042 ] ] ] } },
{ "type": "Feature", "properties": { "pop": 21389.0 }, "geometry": { "type": "Polygon", "coordinates": [ [ [ 34.2856, -13.4315 ], [ 34.23694, -13.40685 ], [ 34.23672, -13.35724 ], [ 34.28516, -13.33226 ], [ 34.33382, -13.3569 ], [ 34.33404, -13.40651 ], [ 34.2856, -13.4315 ] ] ] } },
{ "type": "Feature", "properties": { "pop": 21052.0 }, "geometry": { "type": "Polygon", "coordinates": [ [ [ 34.28494, -13.28266 ], [ 34.23628, -13.25803 ], [ 34.23606, -13.20843 ], [ 34.2845, -13.18347 ], [ 34.33315, -13.20809 ], [ 34.33338, -13.25769 ], [ 34.28494, -13.28266 ] ] ] } },
{ "type": "Feature", "properties": { "pop": 17817.0 }, "geometry": { "type": "Polygon", "coordinates": [ [ [ 34.28428, -13.13389 ], [ 34.23562, -13.10927 ], [ 34.2354, -13.05971 ], [ 34.28383, -13.03476 ], [ 34.33248, -13.05937 ], [ 34.33271, -13.10894 ], [ 34.28428, -13.13389 ] ] ] } },
{ "type": "Feature", "properties": { "pop": 44114.0 }, "geometry": { "type": "Polygon", "coordinates": [ [ [ 34.28361, -12.98521 ], [ 34.23496, -12.9606 ], [ 34.23474, -12.91106 ], [ 34.28317, -12.88612 ], [ 34.33182, -12.91072 ], [ 34.33204, -12.96026 ], [ 34.28361, -12.98521 ] ] ] } },
{ "type": "Feature", "properties": { "pop": 5154.0 }, "geometry": { "type": "Polygon", "coordinates": [ [ [ 34.28295, -12.83659 ], [ 34.2343, -12.812 ], [ 34.23408, -12.76249 ], [ 34.2825, -12.73756 ], [ 34.33115, -12.76215 ], [ 34.33137, -12.81166 ], [ 34.28295, -12.83659 ] ] ] } },
{ "type": "Feature", "properties": { "pop": 13265.0 }, "geometry": { "type": "Polygon", "coordinates": [ [ [ 34.2783, -11.79836 ], [ 34.22968, -11.77385 ], [ 34.22946, -11.7245 ], [ 34.27786, -11.69966 ], [ 34.32648, -11.72416 ], [ 34.3267, -11.77351 ], [ 34.2783, -11.79836 ] ] ] } },
{ "type": "Feature", "properties": { "pop": 28088.0 }, "geometry": { "type": "Polygon", "coordinates": [ [ [ 34.27764, -11.65032 ], [ 34.22902, -11.62582 ], [ 34.2288, -11.57649 ], [ 34.27719, -11.55166 ], [ 34.32581, -11.57615 ], [ 34.32603, -11.62548 ], [ 34.27764, -11.65032 ] ] ] } },
{ "type": "Feature", "properties": { "pop": 6256.0 }, "geometry": { "type": "Polygon", "coordinates": [ [ [ 34.27697, -11.50234 ], [ 34.22836, -11.47785 ], [ 34.22814, -11.42855 ], [ 34.27653, -11.40373 ], [ 34.32514, -11.42821 ], [ 34.32537, -11.47752 ], [ 34.27697, -11.50234 ] ] ] } },
{ "type": "Feature", "properties": { "pop": 1404.0 }, "geometry": { "type": "Polygon", "coordinates": [ [ [ 34.27631, -11.35443 ], [ 34.2277, -11.32995 ], [ 34.22748, -11.28067 ], [ 34.27587, -11.25586 ], [ 34.32448, -11.28033 ], [ 34.3247, -11.32962 ], [ 34.27631, -11.35443 ] ] ] } },
{ "type": "Feature", "properties": { "pop": 445.0 }, "geometry": { "type": "Polygon", "coordinates": [ [ [ 34.27565, -11.20658 ], [ 34.22704, -11.18212 ], [ 34.22682, -11.13285 ], [ 34.2752, -11.10806 ], [ 34.32381, -11.13252 ], [ 34.32403, -11.18178 ], [ 34.27565, -11.20658 ] ] ] } },
{ "type": "Feature", "properties": { "pop": 11875.0 }, "geometry": { "type": "Polygon", "coordinates": [ [ [ 34.27233, -10.46828 ], [ 34.22374, -10.44386 ], [ 34.22352, -10.3947 ], [ 34.27189, -10.36995 ], [ 34.32048, -10.39436 ], [ 34.3207, -10.44352 ], [ 34.27233, -10.46828 ] ] ] } },
{ "type": "Feature", "properties": { "pop": 22.0 }, "geometry": { "type": "Polygon", "coordinates": [ [ [ 34.34653, -16.20044 ], [ 34.29781, -16.17552 ], [ 34.29758, -16.12535 ], [ 34.34608, -16.10009 ], [ 34.39481, -16.125 ], [ 34.39503, -16.17517 ], [ 34.34653, -16.20044 ] ] ] } },
{ "type": "Feature", "properties": { "pop": 449.0 }, "geometry": { "type": "Polygon", "coordinates": [ [ [ 34.34586, -16.04994 ], [ 34.29714, -16.02504 ], [ 34.29692, -15.9749 ], [ 34.34541, -15.94966 ], [ 34.39414, -15.97455 ], [ 34.39436, -16.02469 ], [ 34.34586, -16.04994 ] ] ] } },
{ "type": "Feature", "properties": { "pop": 8328.0 }, "geometry": { "type": "Polygon", "coordinates": [ [ [ 34.34519, -15.89954 ], [ 34.29647, -15.87465 ], [ 34.29625, -15.82455 ], [ 34.34474, -15.79933 ], [ 34.39346, -15.8242 ], [ 34.39369, -15.87431 ], [ 34.34519, -15.89954 ] ] ] } },
{ "type": "Feature", "properties": { "pop": 5132.0 }, "geometry": { "type": "Polygon", "coordinates": [ [ [ 34.34452, -15.74924 ], [ 34.29581, -15.72437 ], [ 34.29558, -15.6743 ], [ 34.34408, -15.64909 ], [ 34.39279, -15.67395 ], [ 34.39301, -15.72402 ], [ 34.34452, -15.74924 ] ] ] } },
{ "type": "Feature", "properties": { "pop": 35585.0 }, "geometry": { "type": "Polygon", "coordinates": [ [ [ 34.3385, -14.40078 ], [ 34.28982, -14.37605 ], [ 34.28959, -14.32626 ], [ 34.33805, -14.30119 ], [ 34.38674, -14.32591 ], [ 34.38696, -14.37571 ], [ 34.3385, -14.40078 ] ] ] } },
{ "type": "Feature", "properties": { "pop": 23155.0 }, "geometry": { "type": "Polygon", "coordinates": [ [ [ 34.33783, -14.25141 ], [ 34.28915, -14.22669 ], [ 34.28893, -14.17692 ], [ 34.33738, -14.15187 ], [ 34.38606, -14.17658 ], [ 34.38629, -14.22635 ], [ 34.33783, -14.25141 ] ] ] } },
{ "type": "Feature", "properties": { "pop": 8486.0 }, "geometry": { "type": "Polygon", "coordinates": [ [ [ 34.33716, -14.10211 ], [ 34.28849, -14.07741 ], [ 34.28826, -14.02767 ], [ 34.33672, -14.00263 ], [ 34.38539, -14.02733 ], [ 34.38562, -14.07707 ], [ 34.33716, -14.10211 ] ] ] } },
{ "type": "Feature", "properties": { "pop": 9764.0 }, "geometry": { "type": "Polygon", "coordinates": [ [ [ 34.33649, -13.95291 ], [ 34.28782, -13.92822 ], [ 34.2876, -13.8785 ], [ 34.33605, -13.85348 ], [ 34.38472, -13.87816 ], [ 34.38494, -13.92787 ], [ 34.33649, -13.95291 ] ] ] } },
{ "type": "Feature", "properties": { "pop": 16819.0 }, "geometry": { "type": "Polygon", "coordinates": [ [ [ 34.33583, -13.80378 ], [ 34.28716, -13.77911 ], [ 34.28693, -13.72942 ], [ 34.33538, -13.70441 ], [ 34.38405, -13.72908 ], [ 34.38427, -13.77876 ], [ 34.33583, -13.80378 ] ] ] } },
{ "type": "Feature", "properties": { "pop": 27861.0 }, "geometry": { "type": "Polygon", "coordinates": [ [ [ 34.33516, -13.65474 ], [ 34.28649, -13.63008 ], [ 34.28627, -13.58042 ], [ 34.33471, -13.55542 ], [ 34.38338, -13.58008 ], [ 34.3836, -13.62974 ], [ 34.33516, -13.65474 ] ] ] } },
{ "type": "Feature", "properties": { "pop": 12413.0 }, "geometry": { "type": "Polygon", "coordinates": [ [ [ 34.33449, -13.50578 ], [ 34.28583, -13.48113 ], [ 34.2856, -13.4315 ], [ 34.33404, -13.40651 ], [ 34.3827, -13.43116 ], [ 34.38293, -13.48079 ], [ 34.33449, -13.50578 ] ] ] } },
{ "type": "Feature", "properties": { "pop": 8842.0 }, "geometry": { "type": "Polygon", "coordinates": [ [ [ 34.33382, -13.3569 ], [ 34.28516, -13.33226 ], [ 34.28494, -13.28266 ], [ 34.33338, -13.25769 ], [ 34.38203, -13.28231 ], [ 34.38226, -13.33192 ], [ 34.33382, -13.3569 ] ] ] } },
{ "type": "Feature", "properties": { "pop": 17619.0 }, "geometry": { "type": "Polygon", "coordinates": [ [ [ 34.33315, -13.20809 ], [ 34.2845, -13.18347 ], [ 34.28428, -13.13389 ], [ 34.33271, -13.10894 ], [ 34.38136, -13.13355 ], [ 34.38159, -13.18313 ], [ 34.33315, -13.20809 ] ] ] } },
{ "type": "Feature", "properties": { "pop": 13740.0 }, "geometry": { "type": "Polygon", "coordinates": [ [ [ 34.33248, -13.05937 ], [ 34.28383, -13.03476 ], [ 34.28361, -12.98521 ], [ 34.33204, -12.96026 ], [ 34.38069, -12.98486 ], [ 34.38091, -13.03442 ], [ 34.33248, -13.05937 ] ] ] } },
{ "type": "Feature", "properties": { "pop": 2540.0 }, "geometry": { "type": "Polygon", "coordinates": [ [ [ 34.33182, -12.91072 ], [ 34.28317, -12.88612 ], [ 34.28295, -12.83659 ], [ 34.33137, -12.81166 ], [ 34.38002, -12.83625 ], [ 34.38024, -12.88578 ], [ 34.33182, -12.91072 ] ] ] } },
{ "type": "Feature", "properties": { "pop": 12256.0 }, "geometry": { "type": "Polygon", "coordinates": [ [ [ 34.32648, -11.72416 ], [ 34.27786, -11.69966 ], [ 34.27764, -11.65032 ], [ 34.32603, -11.62548 ], [ 34.37465, -11.64998 ], [ 34.37488, -11.69932 ], [ 34.32648, -11.72416 ] ] ] } },
{ "type": "Feature", "properties": { "pop": 2846.0 }, "geometry": { "type": "Polygon", "coordinates": [ [ [ 34.32581, -11.57615 ], [ 34.27719, -11.55166 ], [ 34.27697, -11.50234 ], [ 34.32537, -11.47752 ], [ 34.37398, -11.502 ], [ 34.37421, -11.55132 ], [ 34.32581, -11.57615 ] ] ] } },
{ "type": "Feature", "properties": { "pop": 54.0 }, "geometry": { "type": "Polygon", "coordinates": [ [ [ 34.32514, -11.42821 ], [ 34.27653, -11.40373 ], [ 34.27631, -11.35443 ], [ 34.3247, -11.32962 ], [ 34.37331, -11.35409 ], [ 34.37353, -11.40339 ], [ 34.32514, -11.42821 ] ] ] } },
{ "type": "Feature", "properties": { "pop": 252.0 }, "geometry": { "type": "Polygon", "coordinates": [ [ [ 34.39481, -16.125 ], [ 34.34608, -16.10009 ], [ 34.34586, -16.04994 ], [ 34.39436, -16.02469 ], [ 34.44308, -16.04959 ], [ 34.44331, -16.09974 ], [ 34.39481, -16.125 ] ] ] } },
{ "type": "Feature", "properties": { "pop": 11144.0 }, "geometry": { "type": "Polygon", "coordinates": [ [ [ 34.39414, -15.97455 ], [ 34.34541, -15.94966 ], [ 34.34519, -15.89954 ], [ 34.39369, -15.87431 ], [ 34.44241, -15.89919 ], [ 34.44263, -15.94931 ], [ 34.39414, -15.97455 ] ] ] } },
{ "type": "Feature", "properties": { "pop": 18698.0 }, "geometry": { "type": "Polygon", "coordinates": [ [ [ 34.39346, -15.8242 ], [ 34.34474, -15.79933 ], [ 34.34452, -15.74924 ], [ 34.39301, -15.72402 ], [ 34.44173, -15.74889 ], [ 34.44195, -15.79898 ], [ 34.39346, -15.8242 ] ] ] } },
{ "type": "Feature", "properties": { "pop": 2553.0 }, "geometry": { "type": "Polygon", "coordinates": [ [ [ 34.39279, -15.67395 ], [ 34.34408, -15.64909 ], [ 34.34385, -15.59904 ], [ 34.39234, -15.57384 ], [ 34.44105, -15.59869 ], [ 34.44128, -15.64875 ], [ 34.39279, -15.67395 ] ] ] } },
{ "type": "Feature", "properties": { "pop": 1162.0 }, "geometry": { "type": "Polygon", "coordinates": [ [ [ 34.39212, -15.5238 ], [ 34.34341, -15.49895 ], [ 34.34318, -15.44893 ], [ 34.39167, -15.42375 ], [ 34.44038, -15.44858 ], [ 34.4406, -15.49861 ], [ 34.39212, -15.5238 ] ] ] } },
{ "type": "Feature", "properties": { "pop": 6692.0 }, "geometry": { "type": "Polygon", "coordinates": [ [ [ 34.38741, -14.47533 ], [ 34.33872, -14.4506 ], [ 34.3385, -14.40078 ], [ 34.38696, -14.37571 ], [ 34.43564, -14.40044 ], [ 34.43587, -14.45025 ], [ 34.38741, -14.47533 ] ] ] } },
{ "type": "Feature", "properties": { "pop": 17513.0 }, "geometry": { "type": "Polygon", "coordinates": [ [ [ 34.38674, -14.32591 ], [ 34.33805, -14.30119 ], [ 34.33783, -14.25141 ], [ 34.38629, -14.22635 ], [ 34.43497, -14.25106 ], [ 34.43519, -14.30085 ], [ 34.38674, -14.32591 ] ] ] } },
{ "type": "Feature", "properties": { "pop": 14733.0 }, "geometry": { "type": "Polygon", "coordinates": [ [ [ 34.38606, -14.17658 ], [ 34.33738, -14.15187 ], [ 34.33716, -14.10211 ], [ 34.38562, -14.07707 ], [ 34.43429, -14.10177 ], [ 34.43452, -14.15152 ], [ 34.38606, -14.17658 ] ] ] } },
{ "type": "Feature", "properties": { "pop": 4303.0 }, "geometry": { "type": "Polygon", "coordinates": [ [ [ 34.38539, -14.02733 ], [ 34.33672, -14.00263 ], [ 34.33649, -13.95291 ], [ 34.38494, -13.92787 ], [ 34.43362, -13.95256 ], [ 34.43384, -14.00229 ], [ 34.38539, -14.02733 ] ] ] } },
{ "type": "Feature", "properties": { "pop": 13012.0 }, "geometry": { "type": "Polygon", "coordinates": [ [ [ 34.38472, -13.87816 ], [ 34.33605, -13.85348 ], [ 34.33583, -13.80378 ], [ 34.38427, -13.77876 ], [ 34.43294, -13.80344 ], [ 34.43317, -13.85314 ], [ 34.38472, -13.87816 ] ] ] } },
{ "type": "Feature", "properties": { "pop": 12748.0 }, "geometry": { "type": "Polygon", "coordinates": [ [ [ 34.38405, -13.72908 ], [ 34.33538, -13.70441 ], [ 34.33516, -13.65474 ], [ 34.3836, -13.62974 ], [ 34.43227, -13.6544 ], [ 34.43249, -13.70407 ], [ 34.38405, -13.72908 ] ] ] } },
{ "type": "Feature", "properties": { "pop": 19103.0 }, "geometry": { "type": "Polygon", "coordinates": [ [ [ 34.38338, -13.58008 ], [ 34.33471, -13.55542 ], [ 34.33449, -13.50578 ], [ 34.38293, -13.48079 ], [ 34.43159, -13.50543 ], [ 34.43182, -13.55508 ], [ 34.38338, -13.58008 ] ] ] } },
{ "type": "Feature", "properties": { "pop": 6565.0 }, "geometry": { "type": "Polygon", "coordinates": [ [ [ 34.38203, -13.28231 ], [ 34.33338, -13.25769 ], [ 34.33315, -13.20809 ], [ 34.38159, -13.18313 ], [ 34.43024, -13.20775 ], [ 34.43047, -13.25734 ], [ 34.38203, -13.28231 ] ] ] } },
{ "type": "Feature", "properties": { "pop": 63.0 }, "geometry": { "type": "Polygon", "coordinates": [ [ [ 34.44376, -16.20009 ], [ 34.39503, -16.17517 ], [ 34.39481, -16.125 ], [ 34.44331, -16.09974 ], [ 34.49203, -16.12465 ], [ 34.49226, -16.17482 ], [ 34.44376, -16.20009 ] ] ] } },
{ "type": "Feature", "properties": { "pop": 12956.0 }, "geometry": { "type": "Polygon", "coordinates": [ [ [ 34.44308, -16.04959 ], [ 34.39436, -16.02469 ], [ 34.39414, -15.97455 ], [ 34.44263, -15.94931 ], [ 34.49135, -15.9742 ], [ 34.49158, -16.02434 ], [ 34.44308, -16.04959 ] ] ] } },
{ "type": "Feature", "properties": { "pop": 9822.0 }, "geometry": { "type": "Polygon", "coordinates": [ [ [ 34.44241, -15.89919 ], [ 34.39369, -15.87431 ], [ 34.39346, -15.8242 ], [ 34.44195, -15.79898 ], [ 34.49067, -15.82385 ], [ 34.4909, -15.87396 ], [ 34.44241, -15.89919 ] ] ] } },
{ "type": "Feature", "properties": { "pop": 12665.0 }, "geometry": { "type": "Polygon", "coordinates": [ [ [ 34.44173, -15.74889 ], [ 34.39301, -15.72402 ], [ 34.39279, -15.67395 ], [ 34.44128, -15.64875 ], [ 34.48999, -15.6736 ], [ 34.49022, -15.72368 ], [ 34.44173, -15.74889 ] ] ] } },
{ "type": "Feature", "properties": { "pop": 11264.0 }, "geometry": { "type": "Polygon", "coordinates": [ [ [ 34.44105, -15.59869 ], [ 34.39234, -15.57384 ], [ 34.39212, -15.5238 ], [ 34.4406, -15.49861 ], [ 34.48931, -15.52345 ], [ 34.48954, -15.57349 ], [ 34.44105, -15.59869 ] ] ] } },
{ "type": "Feature", "properties": { "pop": 1967.0 }, "geometry": { "type": "Polygon", "coordinates": [ [ [ 34.44038, -15.44858 ], [ 34.39167, -15.42375 ], [ 34.39144, -15.37374 ], [ 34.43993, -15.34857 ], [ 34.48863, -15.37339 ], [ 34.48886, -15.4234 ], [ 34.44038, -15.44858 ] ] ] } },
{ "type": "Feature", "properties": { "pop": 7402.0 }, "geometry": { "type": "Polygon", "coordinates": [ [ [ 34.43632, -14.5499 ], [ 34.38763, -14.52516 ], [ 34.38741, -14.47533 ], [ 34.43587, -14.45025 ], [ 34.48456, -14.47499 ], [ 34.48478, -14.52481 ], [ 34.43632, -14.5499 ] ] ] } },
{ "type": "Feature", "properties": { "pop": 21996.0 }, "geometry": { "type": "Polygon", "coordinates": [ [ [ 34.43564, -14.40044 ], [ 34.38696, -14.37571 ], [ 34.38674, -14.32591 ], [ 34.43519, -14.30085 ], [ 34.48388, -14.32557 ], [ 34.4841, -14.37536 ], [ 34.43564, -14.40044 ] ] ] } },
{ "type": "Feature", "properties": { "pop": 2357.0 }, "geometry": { "type": "Polygon", "coordinates": [ [ [ 34.43497, -14.25106 ], [ 34.38629, -14.22635 ], [ 34.38606, -14.17658 ], [ 34.43452, -14.15152 ], [ 34.4832, -14.17623 ], [ 34.48342, -14.226 ], [ 34.43497, -14.25106 ] ] ] } },
{ "type": "Feature", "properties": { "pop": 3906.0 }, "geometry": { "type": "Polygon", "coordinates": [ [ [ 34.43429, -14.10177 ], [ 34.38562, -14.07707 ], [ 34.38539, -14.02733 ], [ 34.43384, -14.00229 ], [ 34.48252, -14.02698 ], [ 34.48275, -14.07672 ], [ 34.43429, -14.10177 ] ] ] } },
{ "type": "Feature", "properties": { "pop": 11721.0 }, "geometry": { "type": "Polygon", "coordinates": [ [ [ 34.43362, -13.95256 ], [ 34.38494, -13.92787 ], [ 34.38472, -13.87816 ], [ 34.43317, -13.85314 ], [ 34.48184, -13.87782 ], [ 34.48207, -13.92753 ], [ 34.43362, -13.95256 ] ] ] } },
{ "type": "Feature", "properties": { "pop": 60059.0 }, "geometry": { "type": "Polygon", "coordinates": [ [ [ 34.43294, -13.80344 ], [ 34.38427, -13.77876 ], [ 34.38405, -13.72908 ], [ 34.43249, -13.70407 ], [ 34.48116, -13.72873 ], [ 34.48139, -13.77842 ], [ 34.43294, -13.80344 ] ] ] } },
{ "type": "Feature", "properties": { "pop": 7029.0 }, "geometry": { "type": "Polygon", "coordinates": [ [ [ 34.43227, -13.6544 ], [ 34.3836, -13.62974 ], [ 34.38338, -13.58008 ], [ 34.43182, -13.55508 ], [ 34.48048, -13.57973 ], [ 34.48071, -13.62939 ], [ 34.43227, -13.6544 ] ] ] } },
{ "type": "Feature", "properties": { "pop": 2402.0 }, "geometry": { "type": "Polygon", "coordinates": [ [ [ 34.49203, -16.12465 ], [ 34.44331, -16.09974 ], [ 34.44308, -16.04959 ], [ 34.49158, -16.02434 ], [ 34.5403, -16.04924 ], [ 34.54053, -16.09939 ], [ 34.49203, -16.12465 ] ] ] } },
{ "type": "Feature", "properties": { "pop": 819.0 }, "geometry": { "type": "Polygon", "coordinates": [ [ [ 34.49135, -15.9742 ], [ 34.44263, -15.94931 ], [ 34.44241, -15.89919 ], [ 34.4909, -15.87396 ], [ 34.53962, -15.89884 ], [ 34.53985, -15.94896 ], [ 34.49135, -15.9742 ] ] ] } },
{ "type": "Feature", "properties": { "pop": 16537.0 }, "geometry": { "type": "Polygon", "coordinates": [ [ [ 34.49067, -15.82385 ], [ 34.44195, -15.79898 ], [ 34.44173, -15.74889 ], [ 34.49022, -15.72368 ], [ 34.53894, -15.74854 ], [ 34.53916, -15.79863 ], [ 34.49067, -15.82385 ] ] ] } },
{ "type": "Feature", "properties": { "pop": 41666.0 }, "geometry": { "type": "Polygon", "coordinates": [ [ [ 34.48999, -15.6736 ], [ 34.44128, -15.64875 ], [ 34.44105, -15.59869 ], [ 34.48954, -15.57349 ], [ 34.53825, -15.59834 ], [ 34.53848, -15.6484 ], [ 34.48999, -15.6736 ] ] ] } },
{ "type": "Feature", "properties": { "pop": 15701.0 }, "geometry": { "type": "Polygon", "coordinates": [ [ [ 34.48931, -15.52345 ], [ 34.4406, -15.49861 ], [ 34.44038, -15.44858 ], [ 34.48886, -15.4234 ], [ 34.53757, -15.44823 ], [ 34.5378, -15.49826 ], [ 34.48931, -15.52345 ] ] ] } },
{ "type": "Feature", "properties": { "pop": 524.0 }, "geometry": { "type": "Polygon", "coordinates": [ [ [ 34.48863, -15.37339 ], [ 34.43993, -15.34857 ], [ 34.4397, -15.29857 ], [ 34.48818, -15.27341 ], [ 34.53689, -15.29822 ], [ 34.53711, -15.34822 ], [ 34.48863, -15.37339 ] ] ] } },
{ "type": "Feature", "properties": { "pop": 266.0 }, "geometry": { "type": "Polygon", "coordinates": [ [ [ 34.48591, -14.77409 ], [ 34.43722, -14.74933 ], [ 34.437, -14.69946 ], [ 34.48546, -14.67435 ], [ 34.53415, -14.69911 ], [ 34.53438, -14.74898 ], [ 34.48591, -14.77409 ] ] ] } },
{ "type": "Feature", "properties": { "pop": 2436.0 }, "geometry": { "type": "Polygon", "coordinates": [ [ [ 34.48524, -14.6245 ], [ 34.43655, -14.59975 ], [ 34.43632, -14.5499 ], [ 34.48478, -14.52481 ], [ 34.53347, -14.54956 ], [ 34.5337, -14.5994 ], [ 34.48524, -14.6245 ] ] ] } },
{ "type": "Feature", "properties": { "pop": 16386.0 }, "geometry": { "type": "Polygon", "coordinates": [ [ [ 34.48456, -14.47499 ], [ 34.43587, -14.45025 ], [ 34.43564, -14.40044 ], [ 34.4841, -14.37536 ], [ 34.53279, -14.40009 ], [ 34.53302, -14.4499 ], [ 34.48456, -14.47499 ] ] ] } },
{ "type": "Feature", "properties": { "pop": 17964.0 }, "geometry": { "type": "Polygon", "coordinates": [ [ [ 34.48388, -14.32557 ], [ 34.43519, -14.30085 ], [ 34.43497, -14.25106 ], [ 34.48342, -14.226 ], [ 34.53211, -14.25071 ], [ 34.53233, -14.3005 ], [ 34.48388, -14.32557 ] ] ] } },
{ "type": "Feature", "properties": { "pop": 14116.0 }, "geometry": { "type": "Polygon", "coordinates": [ [ [ 34.4832, -14.17623 ], [ 34.43452, -14.15152 ], [ 34.43429, -14.10177 ], [ 34.48275, -14.07672 ], [ 34.53142, -14.10142 ], [ 34.53165, -14.15118 ], [ 34.4832, -14.17623 ] ] ] } },
{ "type": "Feature", "properties": { "pop": 18725.0 }, "geometry": { "type": "Polygon", "coordinates": [ [ [ 34.48252, -14.02698 ], [ 34.43384, -14.00229 ], [ 34.43362, -13.95256 ], [ 34.48207, -13.92753 ], [ 34.53074, -13.95221 ], [ 34.53097, -14.00194 ], [ 34.48252, -14.02698 ] ] ] } },
{ "type": "Feature", "properties": { "pop": 36527.0 }, "geometry": { "type": "Polygon", "coordinates": [ [ [ 34.48184, -13.87782 ], [ 34.43317, -13.85314 ], [ 34.43294, -13.80344 ], [ 34.48139, -13.77842 ], [ 34.53006, -13.80309 ], [ 34.53029, -13.85279 ], [ 34.48184, -13.87782 ] ] ] } },
{ "type": "Feature", "properties": { "pop": 9233.0 }, "geometry": { "type": "Polygon", "coordinates": [ [ [ 34.48116, -13.72873 ], [ 34.43249, -13.70407 ], [ 34.43227, -13.6544 ], [ 34.48071, -13.62939 ], [ 34.52938, -13.65405 ], [ 34.5296, -13.70372 ], [ 34.48116, -13.72873 ] ] ] } },
{ "type": "Feature", "properties": { "pop": 395.0 }, "geometry": { "type": "Polygon", "coordinates": [ [ [ 34.54099, -16.19974 ], [ 34.49226, -16.17482 ], [ 34.49203, -16.12465 ], [ 34.54053, -16.09939 ], [ 34.58926, -16.1243 ], [ 34.58949, -16.17447 ], [ 34.54099, -16.19974 ] ] ] } },
{ "type": "Feature", "properties": { "pop": 6337.0 }, "geometry": { "type": "Polygon", "coordinates": [ [ [ 34.5403, -16.04924 ], [ 34.49158, -16.02434 ], [ 34.49135, -15.9742 ], [ 34.53985, -15.94896 ], [ 34.58857, -15.97385 ], [ 34.5888, -16.02399 ], [ 34.5403, -16.04924 ] ] ] } },
{ "type": "Feature", "properties": { "pop": 2988.0 }, "geometry": { "type": "Polygon", "coordinates": [ [ [ 34.53962, -15.89884 ], [ 34.4909, -15.87396 ], [ 34.49067, -15.82385 ], [ 34.53916, -15.79863 ], [ 34.58788, -15.8235 ], [ 34.58811, -15.87361 ], [ 34.53962, -15.89884 ] ] ] } },
{ "type": "Feature", "properties": { "pop": 11732.0 }, "geometry": { "type": "Polygon", "coordinates": [ [ [ 34.53894, -15.74854 ], [ 34.49022, -15.72368 ], [ 34.48999, -15.6736 ], [ 34.53848, -15.6484 ], [ 34.5872, -15.67325 ], [ 34.58743, -15.72332 ], [ 34.53894, -15.74854 ] ] ] } },
{ "type": "Feature", "properties": { "pop": 17468.0 }, "geometry": { "type": "Polygon", "coordinates": [ [ [ 34.53825, -15.59834 ], [ 34.48954, -15.57349 ], [ 34.48931, -15.52345 ], [ 34.5378, -15.49826 ], [ 34.58651, -15.5231 ], [ 34.58674, -15.57314 ], [ 34.53825, -15.59834 ] ] ] } },
{ "type": "Feature", "properties": { "pop": 7339.0 }, "geometry": { "type": "Polygon", "coordinates": [ [ [ 34.53757, -15.44823 ], [ 34.48886, -15.4234 ], [ 34.48863, -15.37339 ], [ 34.53711, -15.34822 ], [ 34.58582, -15.37304 ], [ 34.58605, -15.42305 ], [ 34.53757, -15.44823 ] ] ] } },
{ "type": "Feature", "properties": { "pop": 1348.0 }, "geometry": { "type": "Polygon", "coordinates": [ [ [ 34.5362, -15.14831 ], [ 34.4875, -15.1235 ], [ 34.48727, -15.07356 ], [ 34.53575, -15.04841 ], [ 34.58445, -15.07321 ], [ 34.58468, -15.12315 ], [ 34.5362, -15.14831 ] ] ] } },
{ "type": "Feature", "properties": { "pop": 27.0 }, "geometry": { "type": "Polygon", "coordinates": [ [ [ 34.53552, -14.99848 ], [ 34.48682, -14.9737 ], [ 34.48659, -14.92378 ], [ 34.53507, -14.89865 ], [ 34.58376, -14.92343 ], [ 34.58399, -14.97335 ], [ 34.53552, -14.99848 ] ] ] } },
{ "type": "Feature", "properties": { "pop": 3508.0 }, "geometry": { "type": "Polygon", "coordinates": [ [ [ 34.53484, -14.84875 ], [ 34.48614, -14.82398 ], [ 34.48591, -14.77409 ], [ 34.53438, -14.74898 ], [ 34.58308, -14.77374 ], [ 34.58331, -14.82363 ], [ 34.53484, -14.84875 ] ] ] } },
{ "type": "Feature", "properties": { "pop": 10624.0 }, "geometry": { "type": "Polygon", "coordinates": [ [ [ 34.53415, -14.69911 ], [ 34.48546, -14.67435 ], [ 34.48524, -14.6245 ], [ 34.5337, -14.5994 ], [ 34.58239, -14.62415 ], [ 34.58262, -14.674 ], [ 34.53415, -14.69911 ] ] ] } },
{ "type": "Feature", "properties": { "pop": 19857.0 }, "geometry": { "type": "Polygon", "coordinates": [ [ [ 34.53347, -14.54956 ], [ 34.48478, -14.52481 ], [ 34.48456, -14.47499 ], [ 34.53302, -14.4499 ], [ 34.5817, -14.47464 ], [ 34.58193, -14.52446 ], [ 34.53347, -14.54956 ] ] ] } },
{ "type": "Feature", "properties": { "pop": 7528.0 }, "geometry": { "type": "Polygon", "coordinates": [ [ [ 34.53279, -14.40009 ], [ 34.4841, -14.37536 ], [ 34.48388, -14.32557 ], [ 34.53233, -14.3005 ], [ 34.58102, -14.32522 ], [ 34.58125, -14.37501 ], [ 34.53279, -14.40009 ] ] ] } },
{ "type": "Feature", "properties": { "pop": 28196.0 }, "geometry": { "type": "Polygon", "coordinates": [ [ [ 34.53211, -14.25071 ], [ 34.48342, -14.226 ], [ 34.4832, -14.17623 ], [ 34.53165, -14.15118 ], [ 34.58033, -14.17588 ], [ 34.58056, -14.22565 ], [ 34.53211, -14.25071 ] ] ] } },
{ "type": "Feature", "properties": { "pop": 18930.0 }, "geometry": { "type": "Polygon", "coordinates": [ [ [ 34.53142, -14.10142 ], [ 34.48275, -14.07672 ], [ 34.48252, -14.02698 ], [ 34.53097, -14.00194 ], [ 34.57965, -14.02663 ], [ 34.57988, -14.07637 ], [ 34.53142, -14.10142 ] ] ] } },
{ "type": "Feature", "properties": { "pop": 30519.0 }, "geometry": { "type": "Polygon", "coordinates": [ [ [ 34.53074, -13.95221 ], [ 34.48207, -13.92753 ], [ 34.48184, -13.87782 ], [ 34.53029, -13.85279 ], [ 34.57896, -13.87747 ], [ 34.57919, -13.92718 ], [ 34.53074, -13.95221 ] ] ] } },
{ "type": "Feature", "properties": { "pop": 14942.0 }, "geometry": { "type": "Polygon", "coordinates": [ [ [ 34.53006, -13.80309 ], [ 34.48139, -13.77842 ], [ 34.48116, -13.72873 ], [ 34.5296, -13.70372 ], [ 34.57828, -13.72838 ], [ 34.5785, -13.77807 ], [ 34.53006, -13.80309 ] ] ] } },
{ "type": "Feature", "properties": { "pop": 1916.0 }, "geometry": { "type": "Polygon", "coordinates": [ [ [ 34.52938, -13.65405 ], [ 34.48071, -13.62939 ], [ 34.48048, -13.57973 ], [ 34.52892, -13.55473 ], [ 34.57759, -13.57938 ], [ 34.57782, -13.62904 ], [ 34.52938, -13.65405 ] ] ] } },
{ "type": "Feature", "properties": { "pop": 127.0 }, "geometry": { "type": "Polygon", "coordinates": [ [ [ 34.59063, -16.4255 ], [ 34.5419, -16.40056 ], [ 34.54167, -16.35034 ], [ 34.59018, -16.32505 ], [ 34.63891, -16.34998 ], [ 34.63914, -16.4002 ], [ 34.59063, -16.4255 ] ] ] } },
{ "type": "Feature", "properties": { "pop": 409.0 }, "geometry": { "type": "Polygon", "coordinates": [ [ [ 34.58995, -16.27485 ], [ 34.54122, -16.24993 ], [ 34.54099, -16.19974 ], [ 34.58949, -16.17447 ], [ 34.63822, -16.19938 ], [ 34.63845, -16.24957 ], [ 34.58995, -16.27485 ] ] ] } },
{ "type": "Feature", "properties": { "pop": 16677.0 }, "geometry": { "type": "Polygon", "coordinates": [ [ [ 34.58926, -16.1243 ], [ 34.54053, -16.09939 ], [ 34.5403, -16.04924 ], [ 34.5888, -16.02399 ], [ 34.63753, -16.04888 ], [ 34.63776, -16.09904 ], [ 34.58926, -16.1243 ] ] ] } },
{ "type": "Feature", "properties": { "pop": 6391.0 }, "geometry": { "type": "Polygon", "coordinates": [ [ [ 34.58788, -15.8235 ], [ 34.53916, -15.79863 ], [ 34.53894, -15.74854 ], [ 34.58743, -15.72332 ], [ 34.63614, -15.74819 ], [ 34.63637, -15.79828 ], [ 34.58788, -15.8235 ] ] ] } },
{ "type": "Feature", "properties": { "pop": 7993.0 }, "geometry": { "type": "Polygon", "coordinates": [ [ [ 34.5872, -15.67325 ], [ 34.53848, -15.6484 ], [ 34.53825, -15.59834 ], [ 34.58674, -15.57314 ], [ 34.63545, -15.59799 ], [ 34.63568, -15.64804 ], [ 34.5872, -15.67325 ] ] ] } },
{ "type": "Feature", "properties": { "pop": 12743.0 }, "geometry": { "type": "Polygon", "coordinates": [ [ [ 34.58651, -15.5231 ], [ 34.5378, -15.49826 ], [ 34.53757, -15.44823 ], [ 34.58605, -15.42305 ], [ 34.63476, -15.44788 ], [ 34.63499, -15.4979 ], [ 34.58651, -15.5231 ] ] ] } },
{ "type": "Feature", "properties": { "pop": 4933.0 }, "geometry": { "type": "Polygon", "coordinates": [ [ [ 34.58582, -15.37304 ], [ 34.53711, -15.34822 ], [ 34.53689, -15.29822 ], [ 34.58537, -15.27305 ], [ 34.63407, -15.29787 ], [ 34.6343, -15.34786 ], [ 34.58582, -15.37304 ] ] ] } },
{ "type": "Feature", "properties": { "pop": 10447.0 }, "geometry": { "type": "Polygon", "coordinates": [ [ [ 34.58514, -15.22308 ], [ 34.53643, -15.19827 ], [ 34.5362, -15.14831 ], [ 34.58468, -15.12315 ], [ 34.63338, -15.14795 ], [ 34.63361, -15.19792 ], [ 34.58514, -15.22308 ] ] ] } },
{ "type": "Feature", "properties": { "pop": 7474.0 }, "geometry": { "type": "Polygon", "coordinates": [ [ [ 34.58445, -15.07321 ], [ 34.53575, -15.04841 ], [ 34.53552, -14.99848 ], [ 34.58399, -14.97335 ], [ 34.63269, -14.99813 ], [ 34.63292, -15.04806 ], [ 34.58445, -15.07321 ] ] ] } },
{ "type": "Feature", "properties": { "pop": 9202.0 }, "geometry": { "type": "Polygon", "coordinates": [ [ [ 34.58376, -14.92343 ], [ 34.53507, -14.89865 ], [ 34.53484, -14.84875 ], [ 34.58331, -14.82363 ], [ 34.632, -14.8484 ], [ 34.63223, -14.8983 ], [ 34.58376, -14.92343 ] ] ] } },
{ "type": "Feature", "properties": { "pop": 19296.0 }, "geometry": { "type": "Polygon", "coordinates": [ [ [ 34.58308, -14.77374 ], [ 34.53438, -14.74898 ], [ 34.53415, -14.69911 ], [ 34.58262, -14.674 ], [ 34.63131, -14.69876 ], [ 34.63154, -14.74863 ], [ 34.58308, -14.77374 ] ] ] } },
{ "type": "Feature", "properties": { "pop": 19655.0 }, "geometry": { "type": "Polygon", "coordinates": [ [ [ 34.58239, -14.62415 ], [ 34.5337, -14.5994 ], [ 34.53347, -14.54956 ], [ 34.58193, -14.52446 ], [ 34.63062, -14.5492 ], [ 34.63085, -14.59905 ], [ 34.58239, -14.62415 ] ] ] } },
{ "type": "Feature", "properties": { "pop": 23758.0 }, "geometry": { "type": "Polygon", "coordinates": [ [ [ 34.5817, -14.47464 ], [ 34.53302, -14.4499 ], [ 34.53279, -14.40009 ], [ 34.58125, -14.37501 ], [ 34.62993, -14.39974 ], [ 34.63016, -14.44955 ], [ 34.5817, -14.47464 ] ] ] } },
{ "type": "Feature", "properties": { "pop": 17300.0 }, "geometry": { "type": "Polygon", "coordinates": [ [ [ 34.58102, -14.32522 ], [ 34.53233, -14.3005 ], [ 34.53211, -14.25071 ], [ 34.58056, -14.22565 ], [ 34.62924, -14.25036 ], [ 34.62947, -14.30015 ], [ 34.58102, -14.32522 ] ] ] } },
{ "type": "Feature", "properties": { "pop": 6343.0 }, "geometry": { "type": "Polygon", "coordinates": [ [ [ 34.58033, -14.17588 ], [ 34.53165, -14.15118 ], [ 34.53142, -14.10142 ], [ 34.57988, -14.07637 ], [ 34.62856, -14.10107 ], [ 34.62878, -14.15083 ], [ 34.58033, -14.17588 ] ] ] } },
{ "type": "Feature", "properties": { "pop": 118.0 }, "geometry": { "type": "Polygon", "coordinates": [ [ [ 34.57965, -14.02663 ], [ 34.53097, -14.00194 ], [ 34.53074, -13.95221 ], [ 34.57919, -13.92718 ], [ 34.62787, -13.95186 ], [ 34.6281, -14.00159 ], [ 34.57965, -14.02663 ] ] ] } },
{ "type": "Feature", "properties": { "pop": 19162.0 }, "geometry": { "type": "Polygon", "coordinates": [ [ [ 34.57896, -13.87747 ], [ 34.53029, -13.85279 ], [ 34.53006, -13.80309 ], [ 34.5785, -13.77807 ], [ 34.62718, -13.80274 ], [ 34.62741, -13.85244 ], [ 34.57896, -13.87747 ] ] ] } },
{ "type": "Feature", "properties": { "pop": 6732.0 }, "geometry": { "type": "Polygon", "coordinates": [ [ [ 34.57828, -13.72838 ], [ 34.5296, -13.70372 ], [ 34.52938, -13.65405 ], [ 34.57782, -13.62904 ], [ 34.62649, -13.6537 ], [ 34.62672, -13.70337 ], [ 34.57828, -13.72838 ] ] ] } },
{ "type": "Feature", "properties": { "pop": 364.0 }, "geometry": { "type": "Polygon", "coordinates": [ [ [ 34.6396, -16.50068 ], [ 34.59086, -16.47574 ], [ 34.59063, -16.4255 ], [ 34.63914, -16.4002 ], [ 34.68787, -16.42514 ], [ 34.6881, -16.47538 ], [ 34.6396, -16.50068 ] ] ] } },
{ "type": "Feature", "properties": { "pop": 2397.0 }, "geometry": { "type": "Polygon", "coordinates": [ [ [ 34.63891, -16.34998 ], [ 34.59018, -16.32505 ], [ 34.58995, -16.27485 ], [ 34.63845, -16.24957 ], [ 34.68718, -16.27449 ], [ 34.68741, -16.3247 ], [ 34.63891, -16.34998 ] ] ] } },
{ "type": "Feature", "properties": { "pop": 10166.0 }, "geometry": { "type": "Polygon", "coordinates": [ [ [ 34.63822, -16.19938 ], [ 34.58949, -16.17447 ], [ 34.58926, -16.1243 ], [ 34.63776, -16.09904 ], [ 34.68648, -16.12394 ], [ 34.68672, -16.17411 ], [ 34.63822, -16.19938 ] ] ] } },
{ "type": "Feature", "properties": { "pop": 2961.0 }, "geometry": { "type": "Polygon", "coordinates": [ [ [ 34.63614, -15.74819 ], [ 34.58743, -15.72332 ], [ 34.5872, -15.67325 ], [ 34.63568, -15.64804 ], [ 34.6844, -15.6729 ], [ 34.68463, -15.72297 ], [ 34.63614, -15.74819 ] ] ] } },
{ "type": "Feature", "properties": { "pop": 7490.0 }, "geometry": { "type": "Polygon", "coordinates": [ [ [ 34.63545, -15.59799 ], [ 34.58674, -15.57314 ], [ 34.58651, -15.5231 ], [ 34.63499, -15.4979 ], [ 34.68371, -15.52274 ], [ 34.68394, -15.57278 ], [ 34.63545, -15.59799 ] ] ] } },
{ "type": "Feature", "properties": { "pop": 15380.0 }, "geometry": { "type": "Polygon", "coordinates": [ [ [ 34.63476, -15.44788 ], [ 34.58605, -15.42305 ], [ 34.58582, -15.37304 ], [ 34.6343, -15.34786 ], [ 34.68301, -15.37268 ], [ 34.68324, -15.42269 ], [ 34.63476, -15.44788 ] ] ] } },
{ "type": "Feature", "properties": { "pop": 11228.0 }, "geometry": { "type": "Polygon", "coordinates": [ [ [ 34.63407, -15.29787 ], [ 34.58537, -15.27305 ], [ 34.58514, -15.22308 ], [ 34.63361, -15.19792 ], [ 34.68232, -15.22272 ], [ 34.68255, -15.2727 ], [ 34.63407, -15.29787 ] ] ] } },
{ "type": "Feature", "properties": { "pop": 18605.0 }, "geometry": { "type": "Polygon", "coordinates": [ [ [ 34.63338, -15.14795 ], [ 34.58468, -15.12315 ], [ 34.58445, -15.07321 ], [ 34.63292, -15.04806 ], [ 34.68163, -15.07285 ], [ 34.68186, -15.1228 ], [ 34.63338, -15.14795 ] ] ] } },
{ "type": "Feature", "properties": { "pop": 11957.0 }, "geometry": { "type": "Polygon", "coordinates": [ [ [ 34.63269, -14.99813 ], [ 34.58399, -14.97335 ], [ 34.58376, -14.92343 ], [ 34.63223, -14.8983 ], [ 34.68093, -14.92308 ], [ 34.68116, -14.97299 ], [ 34.63269, -14.99813 ] ] ] } },
{ "type": "Feature", "properties": { "pop": 40665.0 }, "geometry": { "type": "Polygon", "coordinates": [ [ [ 34.632, -14.8484 ], [ 34.58331, -14.82363 ], [ 34.58308, -14.77374 ], [ 34.63154, -14.74863 ], [ 34.68024, -14.77339 ], [ 34.68047, -14.82327 ], [ 34.632, -14.8484 ] ] ] } },
{ "type": "Feature", "properties": { "pop": 25596.0 }, "geometry": { "type": "Polygon", "coordinates": [ [ [ 34.63131, -14.69876 ], [ 34.58262, -14.674 ], [ 34.58239, -14.62415 ], [ 34.63085, -14.59905 ], [ 34.67955, -14.62379 ], [ 34.67978, -14.67365 ], [ 34.63131, -14.69876 ] ] ] } },
{ "type": "Feature", "properties": { "pop": 14307.0 }, "geometry": { "type": "Polygon", "coordinates": [ [ [ 34.63062, -14.5492 ], [ 34.58193, -14.52446 ], [ 34.5817, -14.47464 ], [ 34.63016, -14.44955 ], [ 34.67885, -14.47428 ], [ 34.67908, -14.52411 ], [ 34.63062, -14.5492 ] ] ] } },
{ "type": "Feature", "properties": { "pop": 16531.0 }, "geometry": { "type": "Polygon", "coordinates": [ [ [ 34.62993, -14.39974 ], [ 34.58125, -14.37501 ], [ 34.58102, -14.32522 ], [ 34.62947, -14.30015 ], [ 34.67816, -14.32486 ], [ 34.67839, -14.37466 ], [ 34.62993, -14.39974 ] ] ] } },
{ "type": "Feature", "properties": { "pop": 9110.0 }, "geometry": { "type": "Polygon", "coordinates": [ [ [ 34.62924, -14.25036 ], [ 34.58056, -14.22565 ], [ 34.58033, -14.17588 ], [ 34.62878, -14.15083 ], [ 34.67747, -14.17553 ], [ 34.6777, -14.2253 ], [ 34.62924, -14.25036 ] ] ] } },
{ "type": "Feature", "properties": { "pop": 1225.0 }, "geometry": { "type": "Polygon", "coordinates": [ [ [ 34.62787, -13.95186 ], [ 34.57919, -13.92718 ], [ 34.57896, -13.87747 ], [ 34.62741, -13.85244 ], [ 34.67608, -13.87711 ], [ 34.67631, -13.92683 ], [ 34.62787, -13.95186 ] ] ] } },
{ "type": "Feature", "properties": { "pop": 20961.0 }, "geometry": { "type": "Polygon", "coordinates": [ [ [ 34.62718, -13.80274 ], [ 34.5785, -13.77807 ], [ 34.57828, -13.72838 ], [ 34.62672, -13.70337 ], [ 34.67539, -13.72803 ], [ 34.67562, -13.77772 ], [ 34.62718, -13.80274 ] ] ] } },
{ "type": "Feature", "properties": { "pop": 102.0 }, "geometry": { "type": "Polygon", "coordinates": [ [ [ 34.61891, -12.01934 ], [ 34.57028, -11.99482 ], [ 34.57005, -11.94544 ], [ 34.61845, -11.92057 ], [ 34.66708, -11.94509 ], [ 34.66731, -11.99447 ], [ 34.61891, -12.01934 ] ] ] } },
{ "type": "Feature", "properties": { "pop": 556.0 }, "geometry": { "type": "Polygon", "coordinates": [ [ [ 34.68857, -16.57589 ], [ 34.63983, -16.55094 ], [ 34.6396, -16.50068 ], [ 34.6881, -16.47538 ], [ 34.73684, -16.50032 ], [ 34.73707, -16.55058 ], [ 34.68857, -16.57589 ] ] ] } },
{ "type": "Feature", "properties": { "pop": 10403.0 }, "geometry": { "type": "Polygon", "coordinates": [ [ [ 34.68787, -16.42514 ], [ 34.63914, -16.4002 ], [ 34.63891, -16.34998 ], [ 34.68741, -16.3247 ], [ 34.73614, -16.34962 ], [ 34.73638, -16.39985 ], [ 34.68787, -16.42514 ] ] ] } },
{ "type": "Feature", "properties": { "pop": 9364.0 }, "geometry": { "type": "Polygon", "coordinates": [ [ [ 34.68718, -16.27449 ], [ 34.63845, -16.24957 ], [ 34.63822, -16.19938 ], [ 34.68672, -16.17411 ], [ 34.73544, -16.19902 ], [ 34.73568, -16.24921 ], [ 34.68718, -16.27449 ] ] ] } },
{ "type": "Feature", "properties": { "pop": 3612.0 }, "geometry": { "type": "Polygon", "coordinates": [ [ [ 34.68648, -16.12394 ], [ 34.63776, -16.09904 ], [ 34.63753, -16.04888 ], [ 34.68602, -16.02363 ], [ 34.73475, -16.04853 ], [ 34.73498, -16.09868 ], [ 34.68648, -16.12394 ] ] ] } },
{ "type": "Feature", "properties": { "pop": 338.0 }, "geometry": { "type": "Polygon", "coordinates": [ [ [ 34.68579, -15.97349 ], [ 34.63707, -15.94861 ], [ 34.63684, -15.89849 ], [ 34.68533, -15.87325 ], [ 34.73405, -15.89813 ], [ 34.73428, -15.94825 ], [ 34.68579, -15.97349 ] ] ] } },
{ "type": "Feature", "properties": { "pop": 1649.0 }, "geometry": { "type": "Polygon", "coordinates": [ [ [ 34.6851, -15.82315 ], [ 34.63637, -15.79828 ], [ 34.63614, -15.74819 ], [ 34.68463, -15.72297 ], [ 34.73335, -15.74783 ], [ 34.73358, -15.79792 ], [ 34.6851, -15.82315 ] ] ] } },
{ "type": "Feature", "properties": { "pop": 3499.0 }, "geometry": { "type": "Polygon", "coordinates": [ [ [ 34.6844, -15.6729 ], [ 34.63568, -15.64804 ], [ 34.63545, -15.59799 ], [ 34.68394, -15.57278 ], [ 34.73265, -15.59763 ], [ 34.73289, -15.64768 ], [ 34.6844, -15.6729 ] ] ] } },
{ "type": "Feature", "properties": { "pop": 9311.0 }, "geometry": { "type": "Polygon", "coordinates": [ [ [ 34.68371, -15.52274 ], [ 34.63499, -15.4979 ], [ 34.63476, -15.44788 ], [ 34.68324, -15.42269 ], [ 34.73196, -15.44752 ], [ 34.73219, -15.49755 ], [ 34.68371, -15.52274 ] ] ] } },
{ "type": "Feature", "properties": { "pop": 11520.0 }, "geometry": { "type": "Polygon", "coordinates": [ [ [ 34.68301, -15.37268 ], [ 34.6343, -15.34786 ], [ 34.63407, -15.29787 ], [ 34.68255, -15.2727 ], [ 34.73126, -15.29751 ], [ 34.73149, -15.34751 ], [ 34.68301, -15.37268 ] ] ] } },
{ "type": "Feature", "properties": { "pop": 7320.0 }, "geometry": { "type": "Polygon", "coordinates": [ [ [ 34.68232, -15.22272 ], [ 34.63361, -15.19792 ], [ 34.63338, -15.14795 ], [ 34.68186, -15.1228 ], [ 34.73056, -15.1476 ], [ 34.7308, -15.19756 ], [ 34.68232, -15.22272 ] ] ] } },
{ "type": "Feature", "properties": { "pop": 9045.0 }, "geometry": { "type": "Polygon", "coordinates": [ [ [ 34.68163, -15.07285 ], [ 34.63292, -15.04806 ], [ 34.63269, -14.99813 ], [ 34.68116, -14.97299 ], [ 34.72987, -14.99777 ], [ 34.7301, -15.0477 ], [ 34.68163, -15.07285 ] ] ] } },
{ "type": "Feature", "properties": { "pop": 19482.0 }, "geometry": { "type": "Polygon", "coordinates": [ [ [ 34.68093, -14.92308 ], [ 34.63223, -14.8983 ], [ 34.632, -14.8484 ], [ 34.68047, -14.82327 ], [ 34.72917, -14.84804 ], [ 34.7294, -14.89794 ], [ 34.68093, -14.92308 ] ] ] } },
{ "type": "Feature", "properties": { "pop": 23975.0 }, "geometry": { "type": "Polygon", "coordinates": [ [ [ 34.68024, -14.77339 ], [ 34.63154, -14.74863 ], [ 34.63131, -14.69876 ], [ 34.67978, -14.67365 ], [ 34.72847, -14.6984 ], [ 34.7287, -14.74827 ], [ 34.68024, -14.77339 ] ] ] } },
{ "type": "Feature", "properties": { "pop": 16970.0 }, "geometry": { "type": "Polygon", "coordinates": [ [ [ 34.67955, -14.62379 ], [ 34.63085, -14.59905 ], [ 34.63062, -14.5492 ], [ 34.67908, -14.52411 ], [ 34.72778, -14.54885 ], [ 34.72801, -14.59869 ], [ 34.67955, -14.62379 ] ] ] } },
{ "type": "Feature", "properties": { "pop": 3911.0 }, "geometry": { "type": "Polygon", "coordinates": [ [ [ 34.67885, -14.47428 ], [ 34.63016, -14.44955 ], [ 34.62993, -14.39974 ], [ 34.67839, -14.37466 ], [ 34.72708, -14.39938 ], [ 34.72731, -14.4492 ], [ 34.67885, -14.47428 ] ] ] } },
{ "type": "Feature", "properties": { "pop": 11481.0 }, "geometry": { "type": "Polygon", "coordinates": [ [ [ 34.67816, -14.32486 ], [ 34.62947, -14.30015 ], [ 34.62924, -14.25036 ], [ 34.6777, -14.2253 ], [ 34.72638, -14.25001 ], [ 34.72661, -14.29979 ], [ 34.67816, -14.32486 ] ] ] } },
{ "type": "Feature", "properties": { "pop": 30.0 }, "geometry": { "type": "Polygon", "coordinates": [ [ [ 34.73754, -16.65113 ], [ 34.6888, -16.62617 ], [ 34.68857, -16.57589 ], [ 34.73707, -16.55058 ], [ 34.78581, -16.57553 ], [ 34.78605, -16.62581 ], [ 34.73754, -16.65113 ] ] ] } },
{ "type": "Feature", "properties": { "pop": 10986.0 }, "geometry": { "type": "Polygon", "coordinates": [ [ [ 34.73684, -16.50032 ], [ 34.6881, -16.47538 ], [ 34.68787, -16.42514 ], [ 34.73638, -16.39985 ], [ 34.78511, -16.42478 ], [ 34.78534, -16.47502 ], [ 34.73684, -16.50032 ] ] ] } },
{ "type": "Feature", "properties": { "pop": 2292.0 }, "geometry": { "type": "Polygon", "coordinates": [ [ [ 34.73614, -16.34962 ], [ 34.68741, -16.3247 ], [ 34.68718, -16.27449 ], [ 34.73568, -16.24921 ], [ 34.78441, -16.27413 ], [ 34.78464, -16.32434 ], [ 34.73614, -16.34962 ] ] ] } },
{ "type": "Feature", "properties": { "pop": 17543.0 }, "geometry": { "type": "Polygon", "coordinates": [ [ [ 34.73544, -16.19902 ], [ 34.68672, -16.17411 ], [ 34.68648, -16.12394 ], [ 34.73498, -16.09868 ], [ 34.78371, -16.12358 ], [ 34.78394, -16.17375 ], [ 34.73544, -16.19902 ] ] ] } },
{ "type": "Feature", "properties": { "pop": 5086.0 }, "geometry": { "type": "Polygon", "coordinates": [ [ [ 34.73475, -16.04853 ], [ 34.68602, -16.02363 ], [ 34.68579, -15.97349 ], [ 34.73428, -15.94825 ], [ 34.78301, -15.97313 ], [ 34.78324, -16.02327 ], [ 34.73475, -16.04853 ] ] ] } },
{ "type": "Feature", "properties": { "pop": 2028.0 }, "geometry": { "type": "Polygon", "coordinates": [ [ [ 34.73405, -15.89813 ], [ 34.68533, -15.87325 ], [ 34.6851, -15.82315 ], [ 34.73358, -15.79792 ], [ 34.78231, -15.82279 ], [ 34.78254, -15.87289 ], [ 34.73405, -15.89813 ] ] ] } },
{ "type": "Feature", "properties": { "pop": 1678.0 }, "geometry": { "type": "Polygon", "coordinates": [ [ [ 34.73335, -15.74783 ], [ 34.68463, -15.72297 ], [ 34.6844, -15.6729 ], [ 34.73289, -15.64768 ], [ 34.78161, -15.67254 ], [ 34.78184, -15.72261 ], [ 34.73335, -15.74783 ] ] ] } },
{ "type": "Feature", "properties": { "pop": 4894.0 }, "geometry": { "type": "Polygon", "coordinates": [ [ [ 34.73265, -15.59763 ], [ 34.68394, -15.57278 ], [ 34.68371, -15.52274 ], [ 34.73219, -15.49755 ], [ 34.7809, -15.52238 ], [ 34.78114, -15.57242 ], [ 34.73265, -15.59763 ] ] ] } },
{ "type": "Feature", "properties": { "pop": 8401.0 }, "geometry": { "type": "Polygon", "coordinates": [ [ [ 34.73196, -15.44752 ], [ 34.68324, -15.42269 ], [ 34.68301, -15.37268 ], [ 34.73149, -15.34751 ], [ 34.7802, -15.37233 ], [ 34.78044, -15.42233 ], [ 34.73196, -15.44752 ] ] ] } },
{ "type": "Feature", "properties": { "pop": 2046.0 }, "geometry": { "type": "Polygon", "coordinates": [ [ [ 34.73126, -15.29751 ], [ 34.68255, -15.2727 ], [ 34.68232, -15.22272 ], [ 34.7308, -15.19756 ], [ 34.7795, -15.22236 ], [ 34.77974, -15.27234 ], [ 34.73126, -15.29751 ] ] ] } },
{ "type": "Feature", "properties": { "pop": 7312.0 }, "geometry": { "type": "Polygon", "coordinates": [ [ [ 34.73056, -15.1476 ], [ 34.68186, -15.1228 ], [ 34.68163, -15.07285 ], [ 34.7301, -15.0477 ], [ 34.7788, -15.07249 ], [ 34.77904, -15.12244 ], [ 34.73056, -15.1476 ] ] ] } },
{ "type": "Feature", "properties": { "pop": 13524.0 }, "geometry": { "type": "Polygon", "coordinates": [ [ [ 34.72987, -14.99777 ], [ 34.68116, -14.97299 ], [ 34.68093, -14.92308 ], [ 34.7294, -14.89794 ], [ 34.7781, -14.92272 ], [ 34.77834, -14.97263 ], [ 34.72987, -14.99777 ] ] ] } },
{ "type": "Feature", "properties": { "pop": 23448.0 }, "geometry": { "type": "Polygon", "coordinates": [ [ [ 34.72917, -14.84804 ], [ 34.68047, -14.82327 ], [ 34.68024, -14.77339 ], [ 34.7287, -14.74827 ], [ 34.7774, -14.77303 ], [ 34.77764, -14.82292 ], [ 34.72917, -14.84804 ] ] ] } },
{ "type": "Feature", "properties": { "pop": 20406.0 }, "geometry": { "type": "Polygon", "coordinates": [ [ [ 34.72847, -14.6984 ], [ 34.67978, -14.67365 ], [ 34.67955, -14.62379 ], [ 34.72801, -14.59869 ], [ 34.7767, -14.62343 ], [ 34.77694, -14.67329 ], [ 34.72847, -14.6984 ] ] ] } },
{ "type": "Feature", "properties": { "pop": 17281.0 }, "geometry": { "type": "Polygon", "coordinates": [ [ [ 34.72778, -14.54885 ], [ 34.67908, -14.52411 ], [ 34.67885, -14.47428 ], [ 34.72731, -14.4492 ], [ 34.776, -14.47393 ], [ 34.77623, -14.52375 ], [ 34.72778, -14.54885 ] ] ] } },
{ "type": "Feature", "properties": { "pop": 7112.0 }, "geometry": { "type": "Polygon", "coordinates": [ [ [ 34.72708, -14.39938 ], [ 34.67839, -14.37466 ], [ 34.67816, -14.32486 ], [ 34.72661, -14.29979 ], [ 34.7753, -14.32451 ], [ 34.77553, -14.3743 ], [ 34.72708, -14.39938 ] ] ] } },
{ "type": "Feature", "properties": { "pop": 98.0 }, "geometry": { "type": "Polygon", "coordinates": [ [ [ 34.72638, -14.25001 ], [ 34.6777, -14.2253 ], [ 34.67747, -14.17553 ], [ 34.72592, -14.15047 ], [ 34.7746, -14.17517 ], [ 34.77483, -14.22494 ], [ 34.72638, -14.25001 ] ] ] } },
{ "type": "Feature", "properties": { "pop": 408.0 }, "geometry": { "type": "Polygon", "coordinates": [ [ [ 34.71664, -12.1672 ], [ 34.66801, -12.14267 ], [ 34.66778, -12.09326 ], [ 34.71618, -12.06839 ], [ 34.76481, -12.09291 ], [ 34.76505, -12.14232 ], [ 34.71664, -12.1672 ] ] ] } },
{ "type": "Feature", "properties": { "pop": 7093.0 }, "geometry": { "type": "Polygon", "coordinates": [ [ [ 34.78581, -16.57553 ], [ 34.73707, -16.55058 ], [ 34.73684, -16.50032 ], [ 34.78534, -16.47502 ], [ 34.83408, -16.49996 ], [ 34.83432, -16.55022 ], [ 34.78581, -16.57553 ] ] ] } },
{ "type": "Feature", "properties": { "pop": 12987.0 }, "geometry": { "type": "Polygon", "coordinates": [ [ [ 34.78511, -16.42478 ], [ 34.73638, -16.39985 ], [ 34.73614, -16.34962 ], [ 34.78464, -16.32434 ], [ 34.83338, -16.34926 ], [ 34.83361, -16.39948 ], [ 34.78511, -16.42478 ] ] ] } },
{ "type": "Feature", "properties": { "pop": 5610.0 }, "geometry": { "type": "Polygon", "coordinates": [ [ [ 34.78441, -16.27413 ], [ 34.73568, -16.24921 ], [ 34.73544, -16.19902 ], [ 34.78394, -16.17375 ], [ 34.83267, -16.19866 ], [ 34.83291, -16.24885 ], [ 34.78441, -16.27413 ] ] ] } },
{ "type": "Feature", "properties": { "pop": 22099.0 }, "geometry": { "type": "Polygon", "coordinates": [ [ [ 34.78371, -16.12358 ], [ 34.73498, -16.09868 ], [ 34.73475, -16.04853 ], [ 34.78324, -16.02327 ], [ 34.83197, -16.04816 ], [ 34.8322, -16.09832 ], [ 34.78371, -16.12358 ] ] ] } },
{ "type": "Feature", "properties": { "pop": 5893.0 }, "geometry": { "type": "Polygon", "coordinates": [ [ [ 34.78301, -15.97313 ], [ 34.73428, -15.94825 ], [ 34.73405, -15.89813 ], [ 34.78254, -15.87289 ], [ 34.83126, -15.89777 ], [ 34.8315, -15.94789 ], [ 34.78301, -15.97313 ] ] ] } },
{ "type": "Feature", "properties": { "pop": 2459.0 }, "geometry": { "type": "Polygon", "coordinates": [ [ [ 34.78231, -15.82279 ], [ 34.73358, -15.79792 ], [ 34.73335, -15.74783 ], [ 34.78184, -15.72261 ], [ 34.83056, -15.74747 ], [ 34.83079, -15.79756 ], [ 34.78231, -15.82279 ] ] ] } },
{ "type": "Feature", "properties": { "pop": 2556.0 }, "geometry": { "type": "Polygon", "coordinates": [ [ [ 34.78161, -15.67254 ], [ 34.73289, -15.64768 ], [ 34.73265, -15.59763 ], [ 34.78114, -15.57242 ], [ 34.82986, -15.59727 ], [ 34.83009, -15.64732 ], [ 34.78161, -15.67254 ] ] ] } },
{ "type": "Feature", "properties": { "pop": 10651.0 }, "geometry": { "type": "Polygon", "coordinates": [ [ [ 34.7809, -15.52238 ], [ 34.73219, -15.49755 ], [ 34.73196, -15.44752 ], [ 34.78044, -15.42233 ], [ 34.82915, -15.44716 ], [ 34.82939, -15.49719 ], [ 34.7809, -15.52238 ] ] ] } },
{ "type": "Feature", "properties": { "pop": 6876.0 }, "geometry": { "type": "Polygon", "coordinates": [ [ [ 34.7802, -15.37233 ], [ 34.73149, -15.34751 ], [ 34.73126, -15.29751 ], [ 34.77974, -15.27234 ], [ 34.82845, -15.29715 ], [ 34.82868, -15.34715 ], [ 34.7802, -15.37233 ] ] ] } },
{ "type": "Feature", "properties": { "pop": 4146.0 }, "geometry": { "type": "Polygon", "coordinates": [ [ [ 34.7795, -15.22236 ], [ 34.7308, -15.19756 ], [ 34.73056, -15.1476 ], [ 34.77904, -15.12244 ], [ 34.82774, -15.14724 ], [ 34.82798, -15.1972 ], [ 34.7795, -15.22236 ] ] ] } },
{ "type": "Feature", "properties": { "pop": 13500.0 }, "geometry": { "type": "Polygon", "coordinates": [ [ [ 34.7788, -15.07249 ], [ 34.7301, -15.0477 ], [ 34.72987, -14.99777 ], [ 34.77834, -14.97263 ], [ 34.82704, -14.99741 ], [ 34.82727, -15.04734 ], [ 34.7788, -15.07249 ] ] ] } },
{ "type": "Feature", "properties": { "pop": 25252.0 }, "geometry": { "type": "Polygon", "coordinates": [ [ [ 34.7781, -14.92272 ], [ 34.7294, -14.89794 ], [ 34.72917, -14.84804 ], [ 34.77764, -14.82292 ], [ 34.82633, -14.84768 ], [ 34.82657, -14.89758 ], [ 34.7781, -14.92272 ] ] ] } },
{ "type": "Feature", "properties": { "pop": 16522.0 }, "geometry": { "type": "Polygon", "coordinates": [ [ [ 34.7774, -14.77303 ], [ 34.7287, -14.74827 ], [ 34.72847, -14.6984 ], [ 34.77694, -14.67329 ], [ 34.82563, -14.69804 ], [ 34.82587, -14.74791 ], [ 34.7774, -14.77303 ] ] ] } },
{ "type": "Feature", "properties": { "pop": 14743.0 }, "geometry": { "type": "Polygon", "coordinates": [ [ [ 34.7767, -14.62343 ], [ 34.72801, -14.59869 ], [ 34.72778, -14.54885 ], [ 34.77623, -14.52375 ], [ 34.82493, -14.54849 ], [ 34.82516, -14.59833 ], [ 34.7767, -14.62343 ] ] ] } },
{ "type": "Feature", "properties": { "pop": 12978.0 }, "geometry": { "type": "Polygon", "coordinates": [ [ [ 34.776, -14.47393 ], [ 34.72731, -14.4492 ], [ 34.72708, -14.39938 ], [ 34.77553, -14.3743 ], [ 34.82422, -14.39903 ], [ 34.82446, -14.44884 ], [ 34.776, -14.47393 ] ] ] } },
{ "type": "Feature", "properties": { "pop": 4729.0 }, "geometry": { "type": "Polygon", "coordinates": [ [ [ 34.7753, -14.32451 ], [ 34.72661, -14.29979 ], [ 34.72638, -14.25001 ], [ 34.77483, -14.22494 ], [ 34.82352, -14.24965 ], [ 34.82375, -14.29943 ], [ 34.7753, -14.32451 ] ] ] } },
{ "type": "Feature", "properties": { "pop": 1164.0 }, "geometry": { "type": "Polygon", "coordinates": [ [ [ 34.7746, -14.17517 ], [ 34.72592, -14.15047 ], [ 34.72569, -14.10072 ], [ 34.77413, -14.07566 ], [ 34.82282, -14.10036 ], [ 34.82305, -14.15011 ], [ 34.7746, -14.17517 ] ] ] } },
{ "type": "Feature", "properties": { "pop": 6118.0 }, "geometry": { "type": "Polygon", "coordinates": [ [ [ 34.76481, -12.09291 ], [ 34.71618, -12.06839 ], [ 34.71595, -12.01899 ], [ 34.76435, -11.99412 ], [ 34.81298, -12.01864 ], [ 34.81321, -12.06803 ], [ 34.76481, -12.09291 ] ] ] } },
{ "type": "Feature", "properties": { "pop": 1840.0 }, "geometry": { "type": "Polygon", "coordinates": [ [ [ 34.83479, -16.65077 ], [ 34.78605, -16.62581 ], [ 34.78581, -16.57553 ], [ 34.83432, -16.55022 ], [ 34.88306, -16.57517 ], [ 34.88329, -16.62544 ], [ 34.83479, -16.65077 ] ] ] } },
{ "type": "Feature", "properties": { "pop": 23999.0 }, "geometry": { "type": "Polygon", "coordinates": [ [ [ 34.83408, -16.49996 ], [ 34.78534, -16.47502 ], [ 34.78511, -16.42478 ], [ 34.83361, -16.39948 ], [ 34.88235, -16.42442 ], [ 34.88259, -16.47466 ], [ 34.83408, -16.49996 ] ] ] } },
{ "type": "Feature", "properties": { "pop": 31240.0 }, "geometry": { "type": "Polygon", "coordinates": [ [ [ 34.83338, -16.34926 ], [ 34.78464, -16.32434 ], [ 34.78441, -16.27413 ], [ 34.83291, -16.24885 ], [ 34.88164, -16.27377 ], [ 34.88188, -16.32397 ], [ 34.83338, -16.34926 ] ] ] } },
{ "type": "Feature", "properties": { "pop": 18744.0 }, "geometry": { "type": "Polygon", "coordinates": [ [ [ 34.83267, -16.19866 ], [ 34.78394, -16.17375 ], [ 34.78371, -16.12358 ], [ 34.8322, -16.09832 ], [ 34.88093, -16.12322 ], [ 34.88117, -16.17339 ], [ 34.83267, -16.19866 ] ] ] } },
{ "type": "Feature", "properties": { "pop": 18104.0 }, "geometry": { "type": "Polygon", "coordinates": [ [ [ 34.83197, -16.04816 ], [ 34.78324, -16.02327 ], [ 34.78301, -15.97313 ], [ 34.8315, -15.94789 ], [ 34.88023, -15.97277 ], [ 34.88046, -16.02291 ], [ 34.83197, -16.04816 ] ] ] } },
{ "type": "Feature", "properties": { "pop": 6509.0 }, "geometry": { "type": "Polygon", "coordinates": [ [ [ 34.83126, -15.89777 ], [ 34.78254, -15.87289 ], [ 34.78231, -15.82279 ], [ 34.83079, -15.79756 ], [ 34.87952, -15.82242 ], [ 34.87975, -15.87253 ], [ 34.83126, -15.89777 ] ] ] } },
{ "type": "Feature", "properties": { "pop": 14493.0 }, "geometry": { "type": "Polygon", "coordinates": [ [ [ 34.83056, -15.74747 ], [ 34.78184, -15.72261 ], [ 34.78161, -15.67254 ], [ 34.83009, -15.64732 ], [ 34.87881, -15.67217 ], [ 34.87905, -15.72225 ], [ 34.83056, -15.74747 ] ] ] } },
{ "type": "Feature", "properties": { "pop": 8436.0 }, "geometry": { "type": "Polygon", "coordinates": [ [ [ 34.82986, -15.59727 ], [ 34.78114, -15.57242 ], [ 34.7809, -15.52238 ], [ 34.82939, -15.49719 ], [ 34.8781, -15.52202 ], [ 34.87834, -15.57206 ], [ 34.82986, -15.59727 ] ] ] } },
{ "type": "Feature", "properties": { "pop": 11176.0 }, "geometry": { "type": "Polygon", "coordinates": [ [ [ 34.82915, -15.44716 ], [ 34.78044, -15.42233 ], [ 34.7802, -15.37233 ], [ 34.82868, -15.34715 ], [ 34.87739, -15.37196 ], [ 34.87763, -15.42197 ], [ 34.82915, -15.44716 ] ] ] } },
{ "type": "Feature", "properties": { "pop": 3563.0 }, "geometry": { "type": "Polygon", "coordinates": [ [ [ 34.82845, -15.29715 ], [ 34.77974, -15.27234 ], [ 34.7795, -15.22236 ], [ 34.82798, -15.1972 ], [ 34.87669, -15.222 ], [ 34.87692, -15.27198 ], [ 34.82845, -15.29715 ] ] ] } },
{ "type": "Feature", "properties": { "pop": 8042.0 }, "geometry": { "type": "Polygon", "coordinates": [ [ [ 34.82774, -15.14724 ], [ 34.77904, -15.12244 ], [ 34.7788, -15.07249 ], [ 34.82727, -15.04734 ], [ 34.87598, -15.07213 ], [ 34.87621, -15.12208 ], [ 34.82774, -15.14724 ] ] ] } },
{ "type": "Feature", "properties": { "pop": 17571.0 }, "geometry": { "type": "Polygon", "coordinates": [ [ [ 34.82704, -14.99741 ], [ 34.77834, -14.97263 ], [ 34.7781, -14.92272 ], [ 34.82657, -14.89758 ], [ 34.87527, -14.92236 ], [ 34.87551, -14.97227 ], [ 34.82704, -14.99741 ] ] ] } },
{ "type": "Feature", "properties": { "pop": 19617.0 }, "geometry": { "type": "Polygon", "coordinates": [ [ [ 34.82633, -14.84768 ], [ 34.77764, -14.82292 ], [ 34.7774, -14.77303 ], [ 34.82587, -14.74791 ], [ 34.87456, -14.77267 ], [ 34.8748, -14.82255 ], [ 34.82633, -14.84768 ] ] ] } },
{ "type": "Feature", "properties": { "pop": 18734.0 }, "geometry": { "type": "Polygon", "coordinates": [ [ [ 34.82563, -14.69804 ], [ 34.77694, -14.67329 ], [ 34.7767, -14.62343 ], [ 34.82516, -14.59833 ], [ 34.87386, -14.62307 ], [ 34.87409, -14.67293 ], [ 34.82563, -14.69804 ] ] ] } },
{ "type": "Feature", "properties": { "pop": 9821.0 }, "geometry": { "type": "Polygon", "coordinates": [ [ [ 34.82493, -14.54849 ], [ 34.77623, -14.52375 ], [ 34.776, -14.47393 ], [ 34.82446, -14.44884 ], [ 34.87315, -14.47357 ], [ 34.87339, -14.52339 ], [ 34.82493, -14.54849 ] ] ] } },
{ "type": "Feature", "properties": { "pop": 9707.0 }, "geometry": { "type": "Polygon", "coordinates": [ [ [ 34.82422, -14.39903 ], [ 34.77553, -14.3743 ], [ 34.7753, -14.32451 ], [ 34.82375, -14.29943 ], [ 34.87244, -14.32415 ], [ 34.87268, -14.37394 ], [ 34.82422, -14.39903 ] ] ] } },
{ "type": "Feature", "properties": { "pop": 13983.0 }, "geometry": { "type": "Polygon", "coordinates": [ [ [ 34.82352, -14.24965 ], [ 34.77483, -14.22494 ], [ 34.7746, -14.17517 ], [ 34.82305, -14.15011 ], [ 34.87174, -14.17481 ], [ 34.87197, -14.22458 ], [ 34.82352, -14.24965 ] ] ] } },
{ "type": "Feature", "properties": { "pop": 10070.0 }, "geometry": { "type": "Polygon", "coordinates": [ [ [ 34.82282, -14.10036 ], [ 34.77413, -14.07566 ], [ 34.7739, -14.02592 ], [ 34.82235, -14.00088 ], [ 34.87103, -14.02556 ], [ 34.87126, -14.0753 ], [ 34.82282, -14.10036 ] ] ] } },
{ "type": "Feature", "properties": { "pop": 331.0 }, "geometry": { "type": "Polygon", "coordinates": [ [ [ 34.82141, -13.80203 ], [ 34.77274, -13.77736 ], [ 34.7725, -13.72768 ], [ 34.82094, -13.70266 ], [ 34.86962, -13.72732 ], [ 34.86985, -13.777 ], [ 34.82141, -13.80203 ] ] ] } },
{ "type": "Feature", "properties": { "pop": 1768.0 }, "geometry": { "type": "Polygon", "coordinates": [ [ [ 34.82071, -13.65299 ], [ 34.77204, -13.62833 ], [ 34.7718, -13.57867 ], [ 34.82024, -13.55367 ], [ 34.86891, -13.57832 ], [ 34.86914, -13.62797 ], [ 34.82071, -13.65299 ] ] ] } },
{ "type": "Feature", "properties": { "pop": 845.0 }, "geometry": { "type": "Polygon", "coordinates": [ [ [ 34.88377, -16.72603 ], [ 34.83502, -16.70106 ], [ 34.83479, -16.65077 ], [ 34.88329, -16.62544 ], [ 34.93204, -16.6504 ], [ 34.93227, -16.70069 ], [ 34.88377, -16.72603 ] ] ] } },
{ "type": "Feature", "properties": { "pop": 21726.0 }, "geometry": { "type": "Polygon", "coordinates": [ [ [ 34.88306, -16.57517 ], [ 34.83432, -16.55022 ], [ 34.83408, -16.49996 ], [ 34.88259, -16.47466 ], [ 34.93133, -16.4996 ], [ 34.93156, -16.54985 ], [ 34.88306, -16.57517 ] ] ] } },
{ "type": "Feature", "properties": { "pop": 18648.0 }, "geometry": { "type": "Polygon", "coordinates": [ [ [ 34.88235, -16.42442 ], [ 34.83361, -16.39948 ], [ 34.83338, -16.34926 ], [ 34.88188, -16.32397 ], [ 34.93061, -16.34889 ], [ 34.93085, -16.39912 ], [ 34.88235, -16.42442 ] ] ] } },
{ "type": "Feature", "properties": { "pop": 18386.0 }, "geometry": { "type": "Polygon", "coordinates": [ [ [ 34.88164, -16.27377 ], [ 34.83291, -16.24885 ], [ 34.83267, -16.19866 ], [ 34.88117, -16.17339 ], [ 34.9299, -16.1983 ], [ 34.93014, -16.24848 ], [ 34.88164, -16.27377 ] ] ] } },
{ "type": "Feature", "properties": { "pop": 31040.0 }, "geometry": { "type": "Polygon", "coordinates": [ [ [ 34.88093, -16.12322 ], [ 34.8322, -16.09832 ], [ 34.83197, -16.04816 ], [ 34.88046, -16.02291 ], [ 34.92919, -16.0478 ], [ 34.92943, -16.09795 ], [ 34.88093, -16.12322 ] ] ] } },
{ "type": "Feature", "properties": { "pop": 10620.0 }, "geometry": { "type": "Polygon", "coordinates": [ [ [ 34.88023, -15.97277 ], [ 34.8315, -15.94789 ], [ 34.83126, -15.89777 ], [ 34.87975, -15.87253 ], [ 34.92848, -15.8974 ], [ 34.92872, -15.94752 ], [ 34.88023, -15.97277 ] ] ] } },
{ "type": "Feature", "properties": { "pop": 12376.0 }, "geometry": { "type": "Polygon", "coordinates": [ [ [ 34.87952, -15.82242 ], [ 34.83079, -15.79756 ], [ 34.83056, -15.74747 ], [ 34.87905, -15.72225 ], [ 34.92777, -15.7471 ], [ 34.928, -15.79719 ], [ 34.87952, -15.82242 ] ] ] } },
{ "type": "Feature", "properties": { "pop": 15837.0 }, "geometry": { "type": "Polygon", "coordinates": [ [ [ 34.87881, -15.67217 ], [ 34.83009, -15.64732 ], [ 34.82986, -15.59727 ], [ 34.87834, -15.57206 ], [ 34.92706, -15.5969 ], [ 34.92729, -15.64696 ], [ 34.87881, -15.67217 ] ] ] } },
{ "type": "Feature", "properties": { "pop": 14158.0 }, "geometry": { "type": "Polygon", "coordinates": [ [ [ 34.8781, -15.52202 ], [ 34.82939, -15.49719 ], [ 34.82915, -15.44716 ], [ 34.87763, -15.42197 ], [ 34.92634, -15.4468 ], [ 34.92658, -15.49682 ], [ 34.8781, -15.52202 ] ] ] } },
{ "type": "Feature", "properties": { "pop": 8874.0 }, "geometry": { "type": "Polygon", "coordinates": [ [ [ 34.87739, -15.37196 ], [ 34.82868, -15.34715 ], [ 34.82845, -15.29715 ], [ 34.87692, -15.27198 ], [ 34.92563, -15.29679 ], [ 34.92587, -15.34678 ], [ 34.87739, -15.37196 ] ] ] } },
{ "type": "Feature", "properties": { "pop": 8051.0 }, "geometry": { "type": "Polygon", "coordinates": [ [ [ 34.87669, -15.222 ], [ 34.82798, -15.1972 ], [ 34.82774, -15.14724 ], [ 34.87621, -15.12208 ], [ 34.92492, -15.14687 ], [ 34.92516, -15.19683 ], [ 34.87669, -15.222 ] ] ] } },
{ "type": "Feature", "properties": { "pop": 16624.0 }, "geometry": { "type": "Polygon", "coordinates": [ [ [ 34.87598, -15.07213 ], [ 34.82727, -15.04734 ], [ 34.82704, -14.99741 ], [ 34.87551, -14.97227 ], [ 34.92421, -14.99705 ], [ 34.92445, -15.04698 ], [ 34.87598, -15.07213 ] ] ] } },
{ "type": "Feature", "properties": { "pop": 21038.0 }, "geometry": { "type": "Polygon", "coordinates": [ [ [ 34.87527, -14.92236 ], [ 34.82657, -14.89758 ], [ 34.82633, -14.84768 ], [ 34.8748, -14.82255 ], [ 34.9235, -14.84732 ], [ 34.92374, -14.89722 ], [ 34.87527, -14.92236 ] ] ] } },
{ "type": "Feature", "properties": { "pop": 16443.0 }, "geometry": { "type": "Polygon", "coordinates": [ [ [ 34.87456, -14.77267 ], [ 34.82587, -14.74791 ], [ 34.82563, -14.69804 ], [ 34.87409, -14.67293 ], [ 34.92279, -14.69768 ], [ 34.92303, -14.74755 ], [ 34.87456, -14.77267 ] ] ] } },
{ "type": "Feature", "properties": { "pop": 9014.0 }, "geometry": { "type": "Polygon", "coordinates": [ [ [ 34.87386, -14.62307 ], [ 34.82516, -14.59833 ], [ 34.82493, -14.54849 ], [ 34.87339, -14.52339 ], [ 34.92208, -14.54813 ], [ 34.92232, -14.59797 ], [ 34.87386, -14.62307 ] ] ] } },
{ "type": "Feature", "properties": { "pop": 7186.0 }, "geometry": { "type": "Polygon", "coordinates": [ [ [ 34.87315, -14.47357 ], [ 34.82446, -14.44884 ], [ 34.82422, -14.39903 ], [ 34.87268, -14.37394 ], [ 34.92137, -14.39866 ], [ 34.92161, -14.44847 ], [ 34.87315, -14.47357 ] ] ] } },
{ "type": "Feature", "properties": { "pop": 5825.0 }, "geometry": { "type": "Polygon", "coordinates": [ [ [ 34.87244, -14.32415 ], [ 34.82375, -14.29943 ], [ 34.82352, -14.24965 ], [ 34.87197, -14.22458 ], [ 34.92066, -14.24929 ], [ 34.9209, -14.29907 ], [ 34.87244, -14.32415 ] ] ] } },
{ "type": "Feature", "properties": { "pop": 10785.0 }, "geometry": { "type": "Polygon", "coordinates": [ [ [ 34.87174, -14.17481 ], [ 34.82305, -14.15011 ], [ 34.82282, -14.10036 ], [ 34.87126, -14.0753 ], [ 34.91995, -14.1 ], [ 34.92018, -14.14975 ], [ 34.87174, -14.17481 ] ] ] } },
{ "type": "Feature", "properties": { "pop": 3030.0 }, "geometry": { "type": "Polygon", "coordinates": [ [ [ 34.87103, -14.02556 ], [ 34.82235, -14.00088 ], [ 34.82211, -13.95115 ], [ 34.87056, -13.92611 ], [ 34.91924, -13.95079 ], [ 34.91947, -14.00051 ], [ 34.87103, -14.02556 ] ] ] } },
{ "type": "Feature", "properties": { "pop": 11999.0 }, "geometry": { "type": "Polygon", "coordinates": [ [ [ 34.86962, -13.72732 ], [ 34.82094, -13.70266 ], [ 34.82071, -13.65299 ], [ 34.86914, -13.62797 ], [ 34.91782, -13.65262 ], [ 34.91805, -13.7023 ], [ 34.86962, -13.72732 ] ] ] } },
{ "type": "Feature", "properties": { "pop": 2172.0 }, "geometry": { "type": "Polygon", "coordinates": [ [ [ 34.86891, -13.57832 ], [ 34.82024, -13.55367 ], [ 34.82, -13.50403 ], [ 34.86844, -13.47903 ], [ 34.91711, -13.50366 ], [ 34.91734, -13.55331 ], [ 34.86891, -13.57832 ] ] ] } },
{ "type": "Feature", "properties": { "pop": 570.0 }, "geometry": { "type": "Polygon", "coordinates": [ [ [ 34.93275, -16.80131 ], [ 34.884, -16.77634 ], [ 34.88377, -16.72603 ], [ 34.93227, -16.70069 ], [ 34.98102, -16.72566 ], [ 34.98126, -16.77597 ], [ 34.93275, -16.80131 ] ] ] } },
{ "type": "Feature", "properties": { "pop": 9326.0 }, "geometry": { "type": "Polygon", "coordinates": [ [ [ 34.93204, -16.6504 ], [ 34.88329, -16.62544 ], [ 34.88306, -16.57517 ], [ 34.93156, -16.54985 ], [ 34.9803, -16.5748 ], [ 34.98054, -16.62507 ], [ 34.93204, -16.6504 ] ] ] } },
{ "type": "Feature", "properties": { "pop": 27953.0 }, "geometry": { "type": "Polygon", "coordinates": [ [ [ 34.93133, -16.4996 ], [ 34.88259, -16.47466 ], [ 34.88235, -16.42442 ], [ 34.93085, -16.39912 ], [ 34.97959, -16.42405 ], [ 34.97983, -16.47429 ], [ 34.93133, -16.4996 ] ] ] } },
{ "type": "Feature", "properties": { "pop": 13581.0 }, "geometry": { "type": "Polygon", "coordinates": [ [ [ 34.93061, -16.34889 ], [ 34.88188, -16.32397 ], [ 34.88164, -16.27377 ], [ 34.93014, -16.24848 ], [ 34.97887, -16.2734 ], [ 34.97911, -16.3236 ], [ 34.93061, -16.34889 ] ] ] } },
{ "type": "Feature", "properties": { "pop": 20788.0 }, "geometry": { "type": "Polygon", "coordinates": [ [ [ 34.9299, -16.1983 ], [ 34.88117, -16.17339 ], [ 34.88093, -16.12322 ], [ 34.92943, -16.09795 ], [ 34.97816, -16.12285 ], [ 34.9784, -16.17302 ], [ 34.9299, -16.1983 ] ] ] } },
{ "type": "Feature", "properties": { "pop": 21885.0 }, "geometry": { "type": "Polygon", "coordinates": [ [ [ 34.92919, -16.0478 ], [ 34.88046, -16.02291 ], [ 34.88023, -15.97277 ], [ 34.92872, -15.94752 ], [ 34.97744, -15.9724 ], [ 34.97768, -16.02254 ], [ 34.92919, -16.0478 ] ] ] } },
{ "type": "Feature", "properties": { "pop": 27976.0 }, "geometry": { "type": "Polygon", "coordinates": [ [ [ 34.92848, -15.8974 ], [ 34.87975, -15.87253 ], [ 34.87952, -15.82242 ], [ 34.928, -15.79719 ], [ 34.97673, -15.82206 ], [ 34.97697, -15.87216 ], [ 34.92848, -15.8974 ] ] ] } },
{ "type": "Feature", "properties": { "pop": 25481.0 }, "geometry": { "type": "Polygon", "coordinates": [ [ [ 34.92777, -15.7471 ], [ 34.87905, -15.72225 ], [ 34.87881, -15.67217 ], [ 34.92729, -15.64696 ], [ 34.97601, -15.67181 ], [ 34.97625, -15.72188 ], [ 34.92777, -15.7471 ] ] ] } },
{ "type": "Feature", "properties": { "pop": 14779.0 }, "geometry": { "type": "Polygon", "coordinates": [ [ [ 34.92706, -15.5969 ], [ 34.87834, -15.57206 ], [ 34.8781, -15.52202 ], [ 34.92658, -15.49682 ], [ 34.9753, -15.52165 ], [ 34.97554, -15.57169 ], [ 34.92706, -15.5969 ] ] ] } },
{ "type": "Feature", "properties": { "pop": 14066.0 }, "geometry": { "type": "Polygon", "coordinates": [ [ [ 34.92634, -15.4468 ], [ 34.87763, -15.42197 ], [ 34.87739, -15.37196 ], [ 34.92587, -15.34678 ], [ 34.97458, -15.3716 ], [ 34.97482, -15.42161 ], [ 34.92634, -15.4468 ] ] ] } },
{ "type": "Feature", "properties": { "pop": 10345.0 }, "geometry": { "type": "Polygon", "coordinates": [ [ [ 34.92563, -15.29679 ], [ 34.87692, -15.27198 ], [ 34.87669, -15.222 ], [ 34.92516, -15.19683 ], [ 34.97387, -15.22164 ], [ 34.97411, -15.27161 ], [ 34.92563, -15.29679 ] ] ] } },
{ "type": "Feature", "properties": { "pop": 13015.0 }, "geometry": { "type": "Polygon", "coordinates": [ [ [ 34.92492, -15.14687 ], [ 34.87621, -15.12208 ], [ 34.87598, -15.07213 ], [ 34.92445, -15.04698 ], [ 34.97315, -15.07177 ], [ 34.97339, -15.12171 ], [ 34.92492, -15.14687 ] ] ] } },
{ "type": "Feature", "properties": { "pop": 34872.0 }, "geometry": { "type": "Polygon", "coordinates": [ [ [ 34.92421, -14.99705 ], [ 34.87551, -14.97227 ], [ 34.87527, -14.92236 ], [ 34.92374, -14.89722 ], [ 34.97244, -14.92199 ], [ 34.97268, -14.97191 ], [ 34.92421, -14.99705 ] ] ] } },
{ "type": "Feature", "properties": { "pop": 16315.0 }, "geometry": { "type": "Polygon", "coordinates": [ [ [ 34.9235, -14.84732 ], [ 34.8748, -14.82255 ], [ 34.87456, -14.77267 ], [ 34.92303, -14.74755 ], [ 34.97173, -14.7723 ], [ 34.97196, -14.82219 ], [ 34.9235, -14.84732 ] ] ] } },
{ "type": "Feature", "properties": { "pop": 13678.0 }, "geometry": { "type": "Polygon", "coordinates": [ [ [ 34.92279, -14.69768 ], [ 34.87409, -14.67293 ], [ 34.87386, -14.62307 ], [ 34.92232, -14.59797 ], [ 34.97101, -14.62271 ], [ 34.97125, -14.67256 ], [ 34.92279, -14.69768 ] ] ] } },
{ "type": "Feature", "properties": { "pop": 6629.0 }, "geometry": { "type": "Polygon", "coordinates": [ [ [ 34.92208, -14.54813 ], [ 34.87339, -14.52339 ], [ 34.87315, -14.47357 ], [ 34.92161, -14.44847 ], [ 34.9703, -14.4732 ], [ 34.97054, -14.52303 ], [ 34.92208, -14.54813 ] ] ] } },
{ "type": "Feature", "properties": { "pop": 4608.0 }, "geometry": { "type": "Polygon", "coordinates": [ [ [ 34.92137, -14.39866 ], [ 34.87268, -14.37394 ], [ 34.87244, -14.32415 ], [ 34.9209, -14.29907 ], [ 34.96958, -14.32378 ], [ 34.96982, -14.37358 ], [ 34.92137, -14.39866 ] ] ] } },
{ "type": "Feature", "properties": { "pop": 10883.0 }, "geometry": { "type": "Polygon", "coordinates": [ [ [ 34.92066, -14.24929 ], [ 34.87197, -14.22458 ], [ 34.87174, -14.17481 ], [ 34.92018, -14.14975 ], [ 34.96887, -14.17445 ], [ 34.96911, -14.22422 ], [ 34.92066, -14.24929 ] ] ] } },
{ "type": "Feature", "properties": { "pop": 12061.0 }, "geometry": { "type": "Polygon", "coordinates": [ [ [ 34.91995, -14.1 ], [ 34.87126, -14.0753 ], [ 34.87103, -14.02556 ], [ 34.91947, -14.00051 ], [ 34.96816, -14.0252 ], [ 34.96839, -14.07494 ], [ 34.91995, -14.1 ] ] ] } },
{ "type": "Feature", "properties": { "pop": 5671.0 }, "geometry": { "type": "Polygon", "coordinates": [ [ [ 34.91853, -13.80167 ], [ 34.86985, -13.777 ], [ 34.86962, -13.72732 ], [ 34.91805, -13.7023 ], [ 34.96673, -13.72695 ], [ 34.96697, -13.77664 ], [ 34.91853, -13.80167 ] ] ] } },
{ "type": "Feature", "properties": { "pop": 5631.0 }, "geometry": { "type": "Polygon", "coordinates": [ [ [ 34.91782, -13.65262 ], [ 34.86914, -13.62797 ], [ 34.86891, -13.57832 ], [ 34.91734, -13.55331 ], [ 34.96602, -13.57795 ], [ 34.96625, -13.62761 ], [ 34.91782, -13.65262 ] ] ] } },
{ "type": "Feature", "properties": { "pop": 13.0 }, "geometry": { "type": "Polygon", "coordinates": [ [ [ 34.91711, -13.50366 ], [ 34.86844, -13.47903 ], [ 34.8682, -13.4294 ], [ 34.91663, -13.4044 ], [ 34.9653, -13.42903 ], [ 34.96554, -13.47866 ], [ 34.91711, -13.50366 ] ] ] } },
{ "type": "Feature", "properties": { "pop": 1945.0 }, "geometry": { "type": "Polygon", "coordinates": [ [ [ 34.98102, -16.72566 ], [ 34.93227, -16.70069 ], [ 34.93204, -16.6504 ], [ 34.98054, -16.62507 ], [ 35.02929, -16.65003 ], [ 35.02953, -16.70032 ], [ 34.98102, -16.72566 ] ] ] } },
{ "type": "Feature", "properties": { "pop": 27212.0 }, "geometry": { "type": "Polygon", "coordinates": [ [ [ 34.9803, -16.5748 ], [ 34.93156, -16.54985 ], [ 34.93133, -16.4996 ], [ 34.97983, -16.47429 ], [ 35.02857, -16.49923 ], [ 35.02881, -16.54948 ], [ 34.9803, -16.5748 ] ] ] } },
{ "type": "Feature", "properties": { "pop": 2440.0 }, "geometry": { "type": "Polygon", "coordinates": [ [ [ 34.97959, -16.42405 ], [ 34.93085, -16.39912 ], [ 34.93061, -16.34889 ], [ 34.97911, -16.3236 ], [ 35.02785, -16.34853 ], [ 35.02809, -16.39875 ], [ 34.97959, -16.42405 ] ] ] } },
{ "type": "Feature", "properties": { "pop": 17027.0 }, "geometry": { "type": "Polygon", "coordinates": [ [ [ 34.97887, -16.2734 ], [ 34.93014, -16.24848 ], [ 34.9299, -16.1983 ], [ 34.9784, -16.17302 ], [ 35.02713, -16.19793 ], [ 35.02737, -16.24812 ], [ 34.97887, -16.2734 ] ] ] } },
{ "type": "Feature", "properties": { "pop": 39704.0 }, "geometry": { "type": "Polygon", "coordinates": [ [ [ 34.97816, -16.12285 ], [ 34.92943, -16.09795 ], [ 34.92919, -16.0478 ], [ 34.97768, -16.02254 ], [ 35.02641, -16.04743 ], [ 35.02665, -16.09758 ], [ 34.97816, -16.12285 ] ] ] } },
{ "type": "Feature", "properties": { "pop": 38351.0 }, "geometry": { "type": "Polygon", "coordinates": [ [ [ 34.97744, -15.9724 ], [ 34.92872, -15.94752 ], [ 34.92848, -15.8974 ], [ 34.97697, -15.87216 ], [ 35.02569, -15.89703 ], [ 35.02593, -15.94715 ], [ 34.97744, -15.9724 ] ] ] } },
{ "type": "Feature", "properties": { "pop": 218887.0 }, "geometry": { "type": "Polygon", "coordinates": [ [ [ 34.97673, -15.82206 ], [ 34.928, -15.79719 ], [ 34.92777, -15.7471 ], [ 34.97625, -15.72188 ], [ 35.02497, -15.74673 ], [ 35.02521, -15.79682 ], [ 34.97673, -15.82206 ] ] ] } },
{ "type": "Feature", "properties": { "pop": 27957.0 }, "geometry": { "type": "Polygon", "coordinates": [ [ [ 34.97601, -15.67181 ], [ 34.92729, -15.64696 ], [ 34.92706, -15.5969 ], [ 34.97554, -15.57169 ], [ 35.02426, -15.59653 ], [ 35.0245, -15.64659 ], [ 34.97601, -15.67181 ] ] ] } },
{ "type": "Feature", "properties": { "pop": 23383.0 }, "geometry": { "type": "Polygon", "coordinates": [ [ [ 34.9753, -15.52165 ], [ 34.92658, -15.49682 ], [ 34.92634, -15.4468 ], [ 34.97482, -15.42161 ], [ 35.02354, -15.44643 ], [ 35.02378, -15.49645 ], [ 34.9753, -15.52165 ] ] ] } },
{ "type": "Feature", "properties": { "pop": 14701.0 }, "geometry": { "type": "Polygon", "coordinates": [ [ [ 34.97458, -15.3716 ], [ 34.92587, -15.34678 ], [ 34.92563, -15.29679 ], [ 34.97411, -15.27161 ], [ 35.02282, -15.29642 ], [ 35.02306, -15.34641 ], [ 34.97458, -15.3716 ] ] ] } },
{ "type": "Feature", "properties": { "pop": 7070.0 }, "geometry": { "type": "Polygon", "coordinates": [ [ [ 34.97387, -15.22164 ], [ 34.92516, -15.19683 ], [ 34.92492, -15.14687 ], [ 34.97339, -15.12171 ], [ 35.0221, -15.14651 ], [ 35.02234, -15.19647 ], [ 34.97387, -15.22164 ] ] ] } },
{ "type": "Feature", "properties": { "pop": 48395.0 }, "geometry": { "type": "Polygon", "coordinates": [ [ [ 34.97315, -15.07177 ], [ 34.92445, -15.04698 ], [ 34.92421, -14.99705 ], [ 34.97268, -14.97191 ], [ 35.02138, -14.99668 ], [ 35.02162, -15.04661 ], [ 34.97315, -15.07177 ] ] ] } },
{ "type": "Feature", "properties": { "pop": 17845.0 }, "geometry": { "type": "Polygon", "coordinates": [ [ [ 34.97244, -14.92199 ], [ 34.92374, -14.89722 ], [ 34.9235, -14.84732 ], [ 34.97196, -14.82219 ], [ 35.02067, -14.84695 ], [ 35.02091, -14.89685 ], [ 34.97244, -14.92199 ] ] ] } },
{ "type": "Feature", "properties": { "pop": 20276.0 }, "geometry": { "type": "Polygon", "coordinates": [ [ [ 34.97173, -14.7723 ], [ 34.92303, -14.74755 ], [ 34.92279, -14.69768 ], [ 34.97125, -14.67256 ], [ 35.01995, -14.69731 ], [ 35.02019, -14.74718 ], [ 34.97173, -14.7723 ] ] ] } },
{ "type": "Feature", "properties": { "pop": 814.0 }, "geometry": { "type": "Polygon", "coordinates": [ [ [ 34.97101, -14.62271 ], [ 34.92232, -14.59797 ], [ 34.92208, -14.54813 ], [ 34.97054, -14.52303 ], [ 35.01923, -14.54776 ], [ 35.01947, -14.5976 ], [ 34.97101, -14.62271 ] ] ] } },
{ "type": "Feature", "properties": { "pop": 6360.0 }, "geometry": { "type": "Polygon", "coordinates": [ [ [ 34.9703, -14.4732 ], [ 34.92161, -14.44847 ], [ 34.92137, -14.39866 ], [ 34.96982, -14.37358 ], [ 35.01851, -14.3983 ], [ 35.01875, -14.44811 ], [ 34.9703, -14.4732 ] ] ] } },
{ "type": "Feature", "properties": { "pop": 3961.0 }, "geometry": { "type": "Polygon", "coordinates": [ [ [ 34.96958, -14.32378 ], [ 34.9209, -14.29907 ], [ 34.92066, -14.24929 ], [ 34.96911, -14.22422 ], [ 35.0178, -14.24892 ], [ 35.01804, -14.2987 ], [ 34.96958, -14.32378 ] ] ] } },
{ "type": "Feature", "properties": { "pop": 9190.0 }, "geometry": { "type": "Polygon", "coordinates": [ [ [ 34.96887, -14.17445 ], [ 34.92018, -14.14975 ], [ 34.91995, -14.1 ], [ 34.96839, -14.07494 ], [ 35.01708, -14.09963 ], [ 35.01732, -14.14938 ], [ 34.96887, -14.17445 ] ] ] } },
{ "type": "Feature", "properties": { "pop": 17135.0 }, "geometry": { "type": "Polygon", "coordinates": [ [ [ 34.96673, -13.72695 ], [ 34.91805, -13.7023 ], [ 34.91782, -13.65262 ], [ 34.96625, -13.62761 ], [ 35.01493, -13.65226 ], [ 35.01517, -13.70193 ], [ 34.96673, -13.72695 ] ] ] } },
{ "type": "Feature", "properties": { "pop": 228.0 }, "geometry": { "type": "Polygon", "coordinates": [ [ [ 34.96602, -13.57795 ], [ 34.91734, -13.55331 ], [ 34.91711, -13.50366 ], [ 34.96554, -13.47866 ], [ 35.01421, -13.5033 ], [ 35.01445, -13.55294 ], [ 34.96602, -13.57795 ] ] ] } },
{ "type": "Feature", "properties": { "pop": 743.0 }, "geometry": { "type": "Polygon", "coordinates": [ [ [ 35.03144, -17.10308 ], [ 34.98269, -17.07807 ], [ 34.98245, -17.02769 ], [ 35.03096, -17.00232 ], [ 35.07972, -17.02732 ], [ 35.07996, -17.0777 ], [ 35.03144, -17.10308 ] ] ] } },
{ "type": "Feature", "properties": { "pop": 2508.0 }, "geometry": { "type": "Polygon", "coordinates": [ [ [ 35.03001, -16.80094 ], [ 34.98126, -16.77597 ], [ 34.98102, -16.72566 ], [ 35.02953, -16.70032 ], [ 35.07827, -16.72529 ], [ 35.07851, -16.7756 ], [ 35.03001, -16.80094 ] ] ] } },
{ "type": "Feature", "properties": { "pop": 9541.0 }, "geometry": { "type": "Polygon", "coordinates": [ [ [ 35.02929, -16.65003 ], [ 34.98054, -16.62507 ], [ 34.9803, -16.5748 ], [ 35.02881, -16.54948 ], [ 35.07755, -16.57443 ], [ 35.07779, -16.6247 ], [ 35.02929, -16.65003 ] ] ] } },
{ "type": "Feature", "properties": { "pop": 4296.0 }, "geometry": { "type": "Polygon", "coordinates": [ [ [ 35.02857, -16.49923 ], [ 34.97983, -16.47429 ], [ 34.97959, -16.42405 ], [ 35.02809, -16.39875 ], [ 35.07683, -16.42368 ], [ 35.07707, -16.47392 ], [ 35.02857, -16.49923 ] ] ] } },
{ "type": "Feature", "properties": { "pop": 17005.0 }, "geometry": { "type": "Polygon", "coordinates": [ [ [ 35.02785, -16.34853 ], [ 34.97911, -16.3236 ], [ 34.97887, -16.2734 ], [ 35.02737, -16.24812 ], [ 35.07611, -16.27303 ], [ 35.07635, -16.32323 ], [ 35.02785, -16.34853 ] ] ] } },
{ "type": "Feature", "properties": { "pop": 34038.0 }, "geometry": { "type": "Polygon", "coordinates": [ [ [ 35.02713, -16.19793 ], [ 34.9784, -16.17302 ], [ 34.97816, -16.12285 ], [ 35.02665, -16.09758 ], [ 35.07538, -16.12248 ], [ 35.07562, -16.17265 ], [ 35.02713, -16.19793 ] ] ] } },
{ "type": "Feature", "properties": { "pop": 51231.0 }, "geometry": { "type": "Polygon", "coordinates": [ [ [ 35.02641, -16.04743 ], [ 34.97768, -16.02254 ], [ 34.97744, -15.9724 ], [ 35.02593, -15.94715 ], [ 35.07466, -15.97203 ], [ 35.0749, -16.02217 ], [ 35.02641, -16.04743 ] ] ] } },
{ "type": "Feature", "properties": { "pop": 247376.0 }, "geometry": { "type": "Polygon", "coordinates": [ [ [ 35.02569, -15.89703 ], [ 34.97697, -15.87216 ], [ 34.97673, -15.82206 ], [ 35.02521, -15.79682 ], [ 35.07394, -15.82169 ], [ 35.07418, -15.87179 ], [ 35.02569, -15.89703 ] ] ] } },
{ "type": "Feature", "properties": { "pop": 91392.0 }, "geometry": { "type": "Polygon", "coordinates": [ [ [ 35.02497, -15.74673 ], [ 34.97625, -15.72188 ], [ 34.97601, -15.67181 ], [ 35.0245, -15.64659 ], [ 35.07322, -15.67144 ], [ 35.07346, -15.72151 ], [ 35.02497, -15.74673 ] ] ] } },
{ "type": "Feature", "properties": { "pop": 26731.0 }, "geometry": { "type": "Polygon", "coordinates": [ [ [ 35.02426, -15.59653 ], [ 34.97554, -15.57169 ], [ 34.9753, -15.52165 ], [ 35.02378, -15.49645 ], [ 35.0725, -15.52128 ], [ 35.07274, -15.57132 ], [ 35.02426, -15.59653 ] ] ] } },
{ "type": "Feature", "properties": { "pop": 19663.0 }, "geometry": { "type": "Polygon", "coordinates": [ [ [ 35.02354, -15.44643 ], [ 34.97482, -15.42161 ], [ 34.97458, -15.3716 ], [ 35.02306, -15.34641 ], [ 35.07177, -15.37123 ], [ 35.07201, -15.42124 ], [ 35.02354, -15.44643 ] ] ] } },
{ "type": "Feature", "properties": { "pop": 10086.0 }, "geometry": { "type": "Polygon", "coordinates": [ [ [ 35.02282, -15.29642 ], [ 34.97411, -15.27161 ], [ 34.97387, -15.22164 ], [ 35.02234, -15.19647 ], [ 35.07105, -15.22127 ], [ 35.07129, -15.27124 ], [ 35.02282, -15.29642 ] ] ] } },
{ "type": "Feature", "properties": { "pop": 15259.0 }, "geometry": { "type": "Polygon", "coordinates": [ [ [ 35.0221, -15.14651 ], [ 34.97339, -15.12171 ], [ 34.97315, -15.07177 ], [ 35.02162, -15.04661 ], [ 35.07033, -15.0714 ], [ 35.07057, -15.12134 ], [ 35.0221, -15.14651 ] ] ] } },
{ "type": "Feature", "properties": { "pop": 17877.0 }, "geometry": { "type": "Polygon", "coordinates": [ [ [ 35.02138, -14.99668 ], [ 34.97268, -14.97191 ], [ 34.97244, -14.92199 ], [ 35.02091, -14.89685 ], [ 35.06961, -14.92162 ], [ 35.06985, -14.97154 ], [ 35.02138, -14.99668 ] ] ] } },
{ "type": "Feature", "properties": { "pop": 18516.0 }, "geometry": { "type": "Polygon", "coordinates": [ [ [ 35.02067, -14.84695 ], [ 34.97196, -14.82219 ], [ 34.97173, -14.7723 ], [ 35.02019, -14.74718 ], [ 35.06889, -14.77194 ], [ 35.06913, -14.82182 ], [ 35.02067, -14.84695 ] ] ] } },
{ "type": "Feature", "properties": { "pop": 12924.0 }, "geometry": { "type": "Polygon", "coordinates": [ [ [ 35.01995, -14.69731 ], [ 34.97125, -14.67256 ], [ 34.97101, -14.62271 ], [ 35.01947, -14.5976 ], [ 35.06817, -14.62234 ], [ 35.06841, -14.6722 ], [ 35.01995, -14.69731 ] ] ] } },
{ "type": "Feature", "properties": { "pop": 14493.0 }, "geometry": { "type": "Polygon", "coordinates": [ [ [ 35.01923, -14.54776 ], [ 34.97054, -14.52303 ], [ 34.9703, -14.4732 ], [ 35.01875, -14.44811 ], [ 35.06745, -14.47283 ], [ 35.06769, -14.52266 ], [ 35.01923, -14.54776 ] ] ] } },
{ "type": "Feature", "properties": { "pop": 3960.0 }, "geometry": { "type": "Polygon", "coordinates": [ [ [ 35.01851, -14.3983 ], [ 34.96982, -14.37358 ], [ 34.96958, -14.32378 ], [ 35.01804, -14.2987 ], [ 35.06673, -14.32341 ], [ 35.06697, -14.37321 ], [ 35.01851, -14.3983 ] ] ] } },
{ "type": "Feature", "properties": { "pop": 12705.0 }, "geometry": { "type": "Polygon", "coordinates": [ [ [ 35.0178, -14.24892 ], [ 34.96911, -14.22422 ], [ 34.96887, -14.17445 ], [ 35.01732, -14.14938 ], [ 35.066, -14.17408 ], [ 35.06624, -14.22385 ], [ 35.0178, -14.24892 ] ] ] } },
{ "type": "Feature", "properties": { "pop": 8090.0 }, "geometry": { "type": "Polygon", "coordinates": [ [ [ 35.01564, -13.8013 ], [ 34.96697, -13.77664 ], [ 34.96673, -13.72695 ], [ 35.01517, -13.70193 ], [ 35.06384, -13.72659 ], [ 35.06408, -13.77627 ], [ 35.01564, -13.8013 ] ] ] } },
{ "type": "Feature", "properties": { "pop": 4114.0 }, "geometry": { "type": "Polygon", "coordinates": [ [ [ 35.01493, -13.65226 ], [ 34.96625, -13.62761 ], [ 34.96602, -13.57795 ], [ 35.01445, -13.55294 ], [ 35.06312, -13.57759 ], [ 35.06336, -13.62724 ], [ 35.01493, -13.65226 ] ] ] } },
{ "type": "Feature", "properties": { "pop": 1886.0 }, "geometry": { "type": "Polygon", "coordinates": [ [ [ 35.08044, -17.1785 ], [ 35.03168, -17.15348 ], [ 35.03144, -17.10308 ], [ 35.07996, -17.0777 ], [ 35.12871, -17.10271 ], [ 35.12896, -17.1531 ], [ 35.08044, -17.1785 ] ] ] } },
{ "type": "Feature", "properties": { "pop": 5563.0 }, "geometry": { "type": "Polygon", "coordinates": [ [ [ 35.07972, -17.02732 ], [ 35.03096, -17.00232 ], [ 35.03072, -16.95196 ], [ 35.07924, -16.92659 ], [ 35.12799, -16.95158 ], [ 35.12823, -17.00194 ], [ 35.07972, -17.02732 ] ] ] } },
{ "type": "Feature", "properties": { "pop": 1028.0 }, "geometry": { "type": "Polygon", "coordinates": [ [ [ 35.07899, -16.87625 ], [ 35.03025, -16.85127 ], [ 35.03001, -16.80094 ], [ 35.07851, -16.7756 ], [ 35.12726, -16.80057 ], [ 35.1275, -16.85089 ], [ 35.07899, -16.87625 ] ] ] } },
{ "type": "Feature", "properties": { "pop": 1791.0 }, "geometry": { "type": "Polygon", "coordinates": [ [ [ 35.07827, -16.72529 ], [ 35.02953, -16.70032 ], [ 35.02929, -16.65003 ], [ 35.07779, -16.6247 ], [ 35.12654, -16.64966 ], [ 35.12678, -16.69995 ], [ 35.07827, -16.72529 ] ] ] } },
{ "type": "Feature", "properties": { "pop": 10195.0 }, "geometry": { "type": "Polygon", "coordinates": [ [ [ 35.07755, -16.57443 ], [ 35.02881, -16.54948 ], [ 35.02857, -16.49923 ], [ 35.07707, -16.47392 ], [ 35.12581, -16.49885 ], [ 35.12605, -16.54911 ], [ 35.07755, -16.57443 ] ] ] } },
{ "type": "Feature", "properties": { "pop": 10357.0 }, "geometry": { "type": "Polygon", "coordinates": [ [ [ 35.07683, -16.42368 ], [ 35.02809, -16.39875 ], [ 35.02785, -16.34853 ], [ 35.07635, -16.32323 ], [ 35.12508, -16.34815 ], [ 35.12533, -16.39837 ], [ 35.07683, -16.42368 ] ] ] } },
{ "type": "Feature", "properties": { "pop": 38149.0 }, "geometry": { "type": "Polygon", "coordinates": [ [ [ 35.07611, -16.27303 ], [ 35.02737, -16.24812 ], [ 35.02713, -16.19793 ], [ 35.07562, -16.17265 ], [ 35.12436, -16.19755 ], [ 35.1246, -16.24774 ], [ 35.07611, -16.27303 ] ] ] } },
{ "type": "Feature", "properties": { "pop": 41289.0 }, "geometry": { "type": "Polygon", "coordinates": [ [ [ 35.07538, -16.12248 ], [ 35.02665, -16.09758 ], [ 35.02641, -16.04743 ], [ 35.0749, -16.02217 ], [ 35.12363, -16.04706 ], [ 35.12387, -16.09721 ], [ 35.07538, -16.12248 ] ] ] } },
{ "type": "Feature", "properties": { "pop": 57609.0 }, "geometry": { "type": "Polygon", "coordinates": [ [ [ 35.07466, -15.97203 ], [ 35.02593, -15.94715 ], [ 35.02569, -15.89703 ], [ 35.07418, -15.87179 ], [ 35.12291, -15.89666 ], [ 35.12315, -15.94678 ], [ 35.07466, -15.97203 ] ] ] } },
{ "type": "Feature", "properties": { "pop": 285202.0 }, "geometry": { "type": "Polygon", "coordinates": [ [ [ 35.07394, -15.82169 ], [ 35.02521, -15.79682 ], [ 35.02497, -15.74673 ], [ 35.07346, -15.72151 ], [ 35.12218, -15.74636 ], [ 35.12242, -15.79645 ], [ 35.07394, -15.82169 ] ] ] } },
{ "type": "Feature", "properties": { "pop": 32454.0 }, "geometry": { "type": "Polygon", "coordinates": [ [ [ 35.07322, -15.67144 ], [ 35.0245, -15.64659 ], [ 35.02426, -15.59653 ], [ 35.07274, -15.57132 ], [ 35.12146, -15.59616 ], [ 35.1217, -15.64622 ], [ 35.07322, -15.67144 ] ] ] } },
{ "type": "Feature", "properties": { "pop": 16402.0 }, "geometry": { "type": "Polygon", "coordinates": [ [ [ 35.0725, -15.52128 ], [ 35.02378, -15.49645 ], [ 35.02354, -15.44643 ], [ 35.07201, -15.42124 ], [ 35.12073, -15.44606 ], [ 35.12097, -15.49608 ], [ 35.0725, -15.52128 ] ] ] } },
{ "type": "Feature", "properties": { "pop": 16174.0 }, "geometry": { "type": "Polygon", "coordinates": [ [ [ 35.07177, -15.37123 ], [ 35.02306, -15.34641 ], [ 35.02282, -15.29642 ], [ 35.07129, -15.27124 ], [ 35.12001, -15.29605 ], [ 35.12025, -15.34604 ], [ 35.07177, -15.37123 ] ] ] } },
{ "type": "Feature", "properties": { "pop": 13108.0 }, "geometry": { "type": "Polygon", "coordinates": [ [ [ 35.07105, -15.22127 ], [ 35.02234, -15.19647 ], [ 35.0221, -15.14651 ], [ 35.07057, -15.12134 ], [ 35.11928, -15.14613 ], [ 35.11952, -15.1961 ], [ 35.07105, -15.22127 ] ] ] } },
{ "type": "Feature", "properties": { "pop": 16189.0 }, "geometry": { "type": "Polygon", "coordinates": [ [ [ 35.07033, -15.0714 ], [ 35.02162, -15.04661 ], [ 35.02138, -14.99668 ], [ 35.06985, -14.97154 ], [ 35.11856, -14.99631 ], [ 35.1188, -15.04624 ], [ 35.07033, -15.0714 ] ] ] } },
{ "type": "Feature", "properties": { "pop": 20607.0 }, "geometry": { "type": "Polygon", "coordinates": [ [ [ 35.06961, -14.92162 ], [ 35.02091, -14.89685 ], [ 35.02067, -14.84695 ], [ 35.06913, -14.82182 ], [ 35.11783, -14.84658 ], [ 35.11807, -14.89648 ], [ 35.06961, -14.92162 ] ] ] } },
{ "type": "Feature", "properties": { "pop": 14262.0 }, "geometry": { "type": "Polygon", "coordinates": [ [ [ 35.06889, -14.77194 ], [ 35.02019, -14.74718 ], [ 35.01995, -14.69731 ], [ 35.06841, -14.6722 ], [ 35.11711, -14.69694 ], [ 35.11735, -14.74681 ], [ 35.06889, -14.77194 ] ] ] } },
{ "type": "Feature", "properties": { "pop": 15674.0 }, "geometry": { "type": "Polygon", "coordinates": [ [ [ 35.06817, -14.62234 ], [ 35.01947, -14.5976 ], [ 35.01923, -14.54776 ], [ 35.06769, -14.52266 ], [ 35.11638, -14.54739 ], [ 35.11662, -14.59723 ], [ 35.06817, -14.62234 ] ] ] } },
{ "type": "Feature", "properties": { "pop": 4275.0 }, "geometry": { "type": "Polygon", "coordinates": [ [ [ 35.06745, -14.47283 ], [ 35.01875, -14.44811 ], [ 35.01851, -14.3983 ], [ 35.06697, -14.37321 ], [ 35.11566, -14.39793 ], [ 35.1159, -14.44774 ], [ 35.06745, -14.47283 ] ] ] } },
{ "type": "Feature", "properties": { "pop": 16339.0 }, "geometry": { "type": "Polygon", "coordinates": [ [ [ 35.06673, -14.32341 ], [ 35.01804, -14.2987 ], [ 35.0178, -14.24892 ], [ 35.06624, -14.22385 ], [ 35.11493, -14.24855 ], [ 35.11518, -14.29833 ], [ 35.06673, -14.32341 ] ] ] } },
{ "type": "Feature", "properties": { "pop": 8623.0 }, "geometry": { "type": "Polygon", "coordinates": [ [ [ 35.06456, -13.87567 ], [ 35.01588, -13.851 ], [ 35.01564, -13.8013 ], [ 35.06408, -13.77627 ], [ 35.11276, -13.80093 ], [ 35.113, -13.85063 ], [ 35.06456, -13.87567 ] ] ] } },
{ "type": "Feature", "properties": { "pop": 13934.0 }, "geometry": { "type": "Polygon", "coordinates": [ [ [ 35.06384, -13.72659 ], [ 35.01517, -13.70193 ], [ 35.01493, -13.65226 ], [ 35.06336, -13.62724 ], [ 35.11204, -13.65189 ], [ 35.11228, -13.70156 ], [ 35.06384, -13.72659 ] ] ] } },
{ "type": "Feature", "properties": { "pop": 9487.0 }, "geometry": { "type": "Polygon", "coordinates": [ [ [ 35.12871, -17.10271 ], [ 35.07996, -17.0777 ], [ 35.07972, -17.02732 ], [ 35.12823, -17.00194 ], [ 35.17698, -17.02694 ], [ 35.17723, -17.07732 ], [ 35.12871, -17.10271 ] ] ] } },
{ "type": "Feature", "properties": { "pop": 2942.0 }, "geometry": { "type": "Polygon", "coordinates": [ [ [ 35.12799, -16.95158 ], [ 35.07924, -16.92659 ], [ 35.07899, -16.87625 ], [ 35.1275, -16.85089 ], [ 35.17625, -16.87587 ], [ 35.1765, -16.92622 ], [ 35.12799, -16.95158 ] ] ] } },
{ "type": "Feature", "properties": { "pop": 1546.0 }, "geometry": { "type": "Polygon", "coordinates": [ [ [ 35.12726, -16.80057 ], [ 35.07851, -16.7756 ], [ 35.07827, -16.72529 ], [ 35.12678, -16.69995 ], [ 35.17553, -16.72491 ], [ 35.17577, -16.77522 ], [ 35.12726, -16.80057 ] ] ] } },
{ "type": "Feature", "properties": { "pop": 31401.0 }, "geometry": { "type": "Polygon", "coordinates": [ [ [ 35.12654, -16.64966 ], [ 35.07779, -16.6247 ], [ 35.07755, -16.57443 ], [ 35.12605, -16.54911 ], [ 35.1748, -16.57405 ], [ 35.17504, -16.62433 ], [ 35.12654, -16.64966 ] ] ] } },
{ "type": "Feature", "properties": { "pop": 11064.0 }, "geometry": { "type": "Polygon", "coordinates": [ [ [ 35.12581, -16.49885 ], [ 35.07707, -16.47392 ], [ 35.07683, -16.42368 ], [ 35.12533, -16.39837 ], [ 35.17407, -16.4233 ], [ 35.17431, -16.47354 ], [ 35.12581, -16.49885 ] ] ] } },
{ "type": "Feature", "properties": { "pop": 30469.0 }, "geometry": { "type": "Polygon", "coordinates": [ [ [ 35.12508, -16.34815 ], [ 35.07635, -16.32323 ], [ 35.07611, -16.27303 ], [ 35.1246, -16.24774 ], [ 35.17334, -16.27265 ], [ 35.17358, -16.32286 ], [ 35.12508, -16.34815 ] ] ] } },
{ "type": "Feature", "properties": { "pop": 38700.0 }, "geometry": { "type": "Polygon", "coordinates": [ [ [ 35.12436, -16.19755 ], [ 35.07562, -16.17265 ], [ 35.07538, -16.12248 ], [ 35.12387, -16.09721 ], [ 35.17261, -16.12211 ], [ 35.17285, -16.17228 ], [ 35.12436, -16.19755 ] ] ] } },
{ "type": "Feature", "properties": { "pop": 28280.0 }, "geometry": { "type": "Polygon", "coordinates": [ [ [ 35.12363, -16.04706 ], [ 35.0749, -16.02217 ], [ 35.07466, -15.97203 ], [ 35.12315, -15.94678 ], [ 35.17188, -15.97166 ], [ 35.17212, -16.0218 ], [ 35.12363, -16.04706 ] ] ] } },
{ "type": "Feature", "properties": { "pop": 141030.0 }, "geometry": { "type": "Polygon", "coordinates": [ [ [ 35.12291, -15.89666 ], [ 35.07418, -15.87179 ], [ 35.07394, -15.82169 ], [ 35.12242, -15.79645 ], [ 35.17115, -15.82131 ], [ 35.17139, -15.87142 ], [ 35.12291, -15.89666 ] ] ] } },
{ "type": "Feature", "properties": { "pop": 38163.0 }, "geometry": { "type": "Polygon", "coordinates": [ [ [ 35.12218, -15.74636 ], [ 35.07346, -15.72151 ], [ 35.07322, -15.67144 ], [ 35.1217, -15.64622 ], [ 35.17042, -15.67106 ], [ 35.17066, -15.72114 ], [ 35.12218, -15.74636 ] ] ] } },
{ "type": "Feature", "properties": { "pop": 22782.0 }, "geometry": { "type": "Polygon", "coordinates": [ [ [ 35.12146, -15.59616 ], [ 35.07274, -15.57132 ], [ 35.0725, -15.52128 ], [ 35.12097, -15.49608 ], [ 35.16969, -15.52091 ], [ 35.16994, -15.57095 ], [ 35.12146, -15.59616 ] ] ] } },
{ "type": "Feature", "properties": { "pop": 17865.0 }, "geometry": { "type": "Polygon", "coordinates": [ [ [ 35.12073, -15.44606 ], [ 35.07201, -15.42124 ], [ 35.07177, -15.37123 ], [ 35.12025, -15.34604 ], [ 35.16896, -15.37086 ], [ 35.16921, -15.42086 ], [ 35.12073, -15.44606 ] ] ] } },
{ "type": "Feature", "properties": { "pop": 14375.0 }, "geometry": { "type": "Polygon", "coordinates": [ [ [ 35.12001, -15.29605 ], [ 35.07129, -15.27124 ], [ 35.07105, -15.22127 ], [ 35.11952, -15.1961 ], [ 35.16824, -15.22089 ], [ 35.16848, -15.27087 ], [ 35.12001, -15.29605 ] ] ] } },
{ "type": "Feature", "properties": { "pop": 14690.0 }, "geometry": { "type": "Polygon", "coordinates": [ [ [ 35.11928, -15.14613 ], [ 35.07057, -15.12134 ], [ 35.07033, -15.0714 ], [ 35.1188, -15.04624 ], [ 35.16751, -15.07103 ], [ 35.16775, -15.12097 ], [ 35.11928, -15.14613 ] ] ] } },
{ "type": "Feature", "properties": { "pop": 12560.0 }, "geometry": { "type": "Polygon", "coordinates": [ [ [ 35.11856, -14.99631 ], [ 35.06985, -14.97154 ], [ 35.06961, -14.92162 ], [ 35.11807, -14.89648 ], [ 35.16678, -14.92125 ], [ 35.16702, -14.97116 ], [ 35.11856, -14.99631 ] ] ] } },
{ "type": "Feature", "properties": { "pop": 14020.0 }, "geometry": { "type": "Polygon", "coordinates": [ [ [ 35.11783, -14.84658 ], [ 35.06913, -14.82182 ], [ 35.06889, -14.77194 ], [ 35.11735, -14.74681 ], [ 35.16605, -14.77156 ], [ 35.16629, -14.82145 ], [ 35.11783, -14.84658 ] ] ] } },
{ "type": "Feature", "properties": { "pop": 10803.0 }, "geometry": { "type": "Polygon", "coordinates": [ [ [ 35.11711, -14.69694 ], [ 35.06841, -14.6722 ], [ 35.06817, -14.62234 ], [ 35.11662, -14.59723 ], [ 35.16532, -14.62197 ], [ 35.16557, -14.67182 ], [ 35.11711, -14.69694 ] ] ] } },
{ "type": "Feature", "properties": { "pop": 5308.0 }, "geometry": { "type": "Polygon", "coordinates": [ [ [ 35.11638, -14.54739 ], [ 35.06769, -14.52266 ], [ 35.06745, -14.47283 ], [ 35.1159, -14.44774 ], [ 35.16459, -14.47246 ], [ 35.16484, -14.52229 ], [ 35.11638, -14.54739 ] ] ] } },
{ "type": "Feature", "properties": { "pop": 26067.0 }, "geometry": { "type": "Polygon", "coordinates": [ [ [ 35.11566, -14.39793 ], [ 35.06697, -14.37321 ], [ 35.06673, -14.32341 ], [ 35.11518, -14.29833 ], [ 35.16387, -14.32304 ], [ 35.16411, -14.37284 ], [ 35.11566, -14.39793 ] ] ] } },
{ "type": "Feature", "properties": { "pop": 2762.0 }, "geometry": { "type": "Polygon", "coordinates": [ [ [ 35.11493, -14.24855 ], [ 35.06624, -14.22385 ], [ 35.066, -14.17408 ], [ 35.11445, -14.14901 ], [ 35.16314, -14.17371 ], [ 35.16338, -14.22348 ], [ 35.11493, -14.24855 ] ] ] } },
{ "type": "Feature", "properties": { "pop": 498.0 }, "geometry": { "type": "Polygon", "coordinates": [ [ [ 35.11421, -14.09926 ], [ 35.06552, -14.07457 ], [ 35.06528, -14.02483 ], [ 35.11373, -13.99978 ], [ 35.16241, -14.02446 ], [ 35.16265, -14.0742 ], [ 35.11421, -14.09926 ] ] ] } },
{ "type": "Feature", "properties": { "pop": 10608.0 }, "geometry": { "type": "Polygon", "coordinates": [ [ [ 35.11349, -13.95005 ], [ 35.0648, -13.92538 ], [ 35.06456, -13.87567 ], [ 35.113, -13.85063 ], [ 35.16168, -13.8753 ], [ 35.16193, -13.92501 ], [ 35.11349, -13.95005 ] ] ] } },
{ "type": "Feature", "properties": { "pop": 7547.0 }, "geometry": { "type": "Polygon", "coordinates": [ [ [ 35.11276, -13.80093 ], [ 35.06408, -13.77627 ], [ 35.06384, -13.72659 ], [ 35.11228, -13.70156 ], [ 35.16096, -13.72622 ], [ 35.1612, -13.7759 ], [ 35.11276, -13.80093 ] ] ] } },
{ "type": "Feature", "properties": { "pop": 6467.0 }, "geometry": { "type": "Polygon", "coordinates": [ [ [ 35.17771, -17.17812 ], [ 35.12896, -17.1531 ], [ 35.12871, -17.10271 ], [ 35.17723, -17.07732 ], [ 35.22598, -17.10233 ], [ 35.22623, -17.15273 ], [ 35.17771, -17.17812 ] ] ] } },
{ "type": "Feature", "properties": { "pop": 20000.0 }, "geometry": { "type": "Polygon", "coordinates": [ [ [ 35.17698, -17.02694 ], [ 35.12823, -17.00194 ], [ 35.12799, -16.95158 ], [ 35.1765, -16.92622 ], [ 35.22525, -16.9512 ], [ 35.2255, -17.00157 ], [ 35.17698, -17.02694 ] ] ] } },
{ "type": "Feature", "properties": { "pop": 1722.0 }, "geometry": { "type": "Polygon", "coordinates": [ [ [ 35.17625, -16.87587 ], [ 35.1275, -16.85089 ], [ 35.12726, -16.80057 ], [ 35.17577, -16.77522 ], [ 35.22452, -16.80019 ], [ 35.22476, -16.85052 ], [ 35.17625, -16.87587 ] ] ] } },
{ "type": "Feature", "properties": { "pop": 10835.0 }, "geometry": { "type": "Polygon", "coordinates": [ [ [ 35.17553, -16.72491 ], [ 35.12678, -16.69995 ], [ 35.12654, -16.64966 ], [ 35.17504, -16.62433 ], [ 35.22378, -16.64928 ], [ 35.22403, -16.69957 ], [ 35.17553, -16.72491 ] ] ] } },
{ "type": "Feature", "properties": { "pop": 15633.0 }, "geometry": { "type": "Polygon", "coordinates": [ [ [ 35.1748, -16.57405 ], [ 35.12605, -16.54911 ], [ 35.12581, -16.49885 ], [ 35.17431, -16.47354 ], [ 35.22305, -16.49848 ], [ 35.2233, -16.54873 ], [ 35.1748, -16.57405 ] ] ] } },
{ "type": "Feature", "properties": { "pop": 28342.0 }, "geometry": { "type": "Polygon", "coordinates": [ [ [ 35.17407, -16.4233 ], [ 35.12533, -16.39837 ], [ 35.12508, -16.34815 ], [ 35.17358, -16.32286 ], [ 35.22232, -16.34778 ], [ 35.22256, -16.398 ], [ 35.17407, -16.4233 ] ] ] } },
{ "type": "Feature", "properties": { "pop": 42349.0 }, "geometry": { "type": "Polygon", "coordinates": [ [ [ 35.17334, -16.27265 ], [ 35.1246, -16.24774 ], [ 35.12436, -16.19755 ], [ 35.17285, -16.17228 ], [ 35.22159, -16.19718 ], [ 35.22183, -16.24737 ], [ 35.17334, -16.27265 ] ] ] } },
{ "type": "Feature", "properties": { "pop": 37588.0 }, "geometry": { "type": "Polygon", "coordinates": [ [ [ 35.17261, -16.12211 ], [ 35.12387, -16.09721 ], [ 35.12363, -16.04706 ], [ 35.17212, -16.0218 ], [ 35.22085, -16.04668 ], [ 35.2211, -16.09684 ], [ 35.17261, -16.12211 ] ] ] } },
{ "type": "Feature", "properties": { "pop": 59156.0 }, "geometry": { "type": "Polygon", "coordinates": [ [ [ 35.17188, -15.97166 ], [ 35.12315, -15.94678 ], [ 35.12291, -15.89666 ], [ 35.17139, -15.87142 ], [ 35.22012, -15.89629 ], [ 35.22037, -15.94641 ], [ 35.17188, -15.97166 ] ] ] } },
{ "type": "Feature", "properties": { "pop": 51797.0 }, "geometry": { "type": "Polygon", "coordinates": [ [ [ 35.17115, -15.82131 ], [ 35.12242, -15.79645 ], [ 35.12218, -15.74636 ], [ 35.17066, -15.72114 ], [ 35.21939, -15.74599 ], [ 35.21963, -15.79608 ], [ 35.17115, -15.82131 ] ] ] } },
{ "type": "Feature", "properties": { "pop": 37939.0 }, "geometry": { "type": "Polygon", "coordinates": [ [ [ 35.17042, -15.67106 ], [ 35.1217, -15.64622 ], [ 35.12146, -15.59616 ], [ 35.16994, -15.57095 ], [ 35.21866, -15.59579 ], [ 35.2189, -15.64584 ], [ 35.17042, -15.67106 ] ] ] } },
{ "type": "Feature", "properties": { "pop": 17139.0 }, "geometry": { "type": "Polygon", "coordinates": [ [ [ 35.16969, -15.52091 ], [ 35.12097, -15.49608 ], [ 35.12073, -15.44606 ], [ 35.16921, -15.42086 ], [ 35.21792, -15.44568 ], [ 35.21817, -15.49571 ], [ 35.16969, -15.52091 ] ] ] } },
{ "type": "Feature", "properties": { "pop": 17900.0 }, "geometry": { "type": "Polygon", "coordinates": [ [ [ 35.16896, -15.37086 ], [ 35.12025, -15.34604 ], [ 35.12001, -15.29605 ], [ 35.16848, -15.27087 ], [ 35.21719, -15.29568 ], [ 35.21744, -15.34567 ], [ 35.16896, -15.37086 ] ] ] } },
{ "type": "Feature", "properties": { "pop": 8712.0 }, "geometry": { "type": "Polygon", "coordinates": [ [ [ 35.16824, -15.22089 ], [ 35.11952, -15.1961 ], [ 35.11928, -15.14613 ], [ 35.16775, -15.12097 ], [ 35.21646, -15.14576 ], [ 35.2167, -15.19572 ], [ 35.16824, -15.22089 ] ] ] } },
{ "type": "Feature", "properties": { "pop": 22952.0 }, "geometry": { "type": "Polygon", "coordinates": [ [ [ 35.16751, -15.07103 ], [ 35.1188, -15.04624 ], [ 35.11856, -14.99631 ], [ 35.16702, -14.97116 ], [ 35.21573, -14.99594 ], [ 35.21597, -15.04587 ], [ 35.16751, -15.07103 ] ] ] } },
{ "type": "Feature", "properties": { "pop": 30039.0 }, "geometry": { "type": "Polygon", "coordinates": [ [ [ 35.16678, -14.92125 ], [ 35.11807, -14.89648 ], [ 35.11783, -14.84658 ], [ 35.16629, -14.82145 ], [ 35.215, -14.84621 ], [ 35.21524, -14.89611 ], [ 35.16678, -14.92125 ] ] ] } },
{ "type": "Feature", "properties": { "pop": 24927.0 }, "geometry": { "type": "Polygon", "coordinates": [ [ [ 35.16605, -14.77156 ], [ 35.11735, -14.74681 ], [ 35.11711, -14.69694 ], [ 35.16557, -14.67182 ], [ 35.21427, -14.69657 ], [ 35.21451, -14.74644 ], [ 35.16605, -14.77156 ] ] ] } },
{ "type": "Feature", "properties": { "pop": 13957.0 }, "geometry": { "type": "Polygon", "coordinates": [ [ [ 35.16532, -14.62197 ], [ 35.11662, -14.59723 ], [ 35.11638, -14.54739 ], [ 35.16484, -14.52229 ], [ 35.21353, -14.54702 ], [ 35.21378, -14.59686 ], [ 35.16532, -14.62197 ] ] ] } },
{ "type": "Feature", "properties": { "pop": 9968.0 }, "geometry": { "type": "Polygon", "coordinates": [ [ [ 35.16459, -14.47246 ], [ 35.1159, -14.44774 ], [ 35.11566, -14.39793 ], [ 35.16411, -14.37284 ], [ 35.2128, -14.39755 ], [ 35.21305, -14.44737 ], [ 35.16459, -14.47246 ] ] ] } },
{ "type": "Feature", "properties": { "pop": 1508.0 }, "geometry": { "type": "Polygon", "coordinates": [ [ [ 35.16387, -14.32304 ], [ 35.11518, -14.29833 ], [ 35.11493, -14.24855 ], [ 35.16338, -14.22348 ], [ 35.21207, -14.24818 ], [ 35.21232, -14.29796 ], [ 35.16387, -14.32304 ] ] ] } },
{ "type": "Feature", "properties": { "pop": 13917.0 }, "geometry": { "type": "Polygon", "coordinates": [ [ [ 35.16314, -14.17371 ], [ 35.11445, -14.14901 ], [ 35.11421, -14.09926 ], [ 35.16265, -14.0742 ], [ 35.21134, -14.09889 ], [ 35.21158, -14.14864 ], [ 35.16314, -14.17371 ] ] ] } },
{ "type": "Feature", "properties": { "pop": 9378.0 }, "geometry": { "type": "Polygon", "coordinates": [ [ [ 35.16241, -14.02446 ], [ 35.11373, -13.99978 ], [ 35.11349, -13.95005 ], [ 35.16193, -13.92501 ], [ 35.21061, -13.94968 ], [ 35.21085, -13.99941 ], [ 35.16241, -14.02446 ] ] ] } },
{ "type": "Feature", "properties": { "pop": 324.0 }, "geometry": { "type": "Polygon", "coordinates": [ [ [ 35.16168, -13.8753 ], [ 35.113, -13.85063 ], [ 35.11276, -13.80093 ], [ 35.1612, -13.7759 ], [ 35.20988, -13.80056 ], [ 35.21012, -13.85026 ], [ 35.16168, -13.8753 ] ] ] } },
{ "type": "Feature", "properties": { "pop": 21459.0 }, "geometry": { "type": "Polygon", "coordinates": [ [ [ 35.22598, -17.10233 ], [ 35.17723, -17.07732 ], [ 35.17698, -17.02694 ], [ 35.2255, -17.00157 ], [ 35.27425, -17.02656 ], [ 35.2745, -17.07694 ], [ 35.22598, -17.10233 ] ] ] } },
{ "type": "Feature", "properties": { "pop": 27647.0 }, "geometry": { "type": "Polygon", "coordinates": [ [ [ 35.22525, -16.9512 ], [ 35.1765, -16.92622 ], [ 35.17625, -16.87587 ], [ 35.22476, -16.85052 ], [ 35.27351, -16.87549 ], [ 35.27376, -16.92584 ], [ 35.22525, -16.9512 ] ] ] } },
{ "type": "Feature", "properties": { "pop": 10511.0 }, "geometry": { "type": "Polygon", "coordinates": [ [ [ 35.22452, -16.80019 ], [ 35.17577, -16.77522 ], [ 35.17553, -16.72491 ], [ 35.22403, -16.69957 ], [ 35.27278, -16.72453 ], [ 35.27302, -16.77484 ], [ 35.22452, -16.80019 ] ] ] } },
{ "type": "Feature", "properties": { "pop": 1822.0 }, "geometry": { "type": "Polygon", "coordinates": [ [ [ 35.22378, -16.64928 ], [ 35.17504, -16.62433 ], [ 35.1748, -16.57405 ], [ 35.2233, -16.54873 ], [ 35.27204, -16.57368 ], [ 35.27229, -16.62395 ], [ 35.22378, -16.64928 ] ] ] } },
{ "type": "Feature", "properties": { "pop": 13922.0 }, "geometry": { "type": "Polygon", "coordinates": [ [ [ 35.22305, -16.49848 ], [ 35.17431, -16.47354 ], [ 35.17407, -16.4233 ], [ 35.22256, -16.398 ], [ 35.27131, -16.42292 ], [ 35.27155, -16.47316 ], [ 35.22305, -16.49848 ] ] ] } },
{ "type": "Feature", "properties": { "pop": 43175.0 }, "geometry": { "type": "Polygon", "coordinates": [ [ [ 35.22232, -16.34778 ], [ 35.17358, -16.32286 ], [ 35.17334, -16.27265 ], [ 35.22183, -16.24737 ], [ 35.27057, -16.27227 ], [ 35.27081, -16.32248 ], [ 35.22232, -16.34778 ] ] ] } },
{ "type": "Feature", "properties": { "pop": 35423.0 }, "geometry": { "type": "Polygon", "coordinates": [ [ [ 35.22159, -16.19718 ], [ 35.17285, -16.17228 ], [ 35.17261, -16.12211 ], [ 35.2211, -16.09684 ], [ 35.26983, -16.12173 ], [ 35.27008, -16.1719 ], [ 35.22159, -16.19718 ] ] ] } },
{ "type": "Feature", "properties": { "pop": 59345.0 }, "geometry": { "type": "Polygon", "coordinates": [ [ [ 35.22085, -16.04668 ], [ 35.17212, -16.0218 ], [ 35.17188, -15.97166 ], [ 35.22037, -15.94641 ], [ 35.2691, -15.97128 ], [ 35.26934, -16.02142 ], [ 35.22085, -16.04668 ] ] ] } },
{ "type": "Feature", "properties": { "pop": 34689.0 }, "geometry": { "type": "Polygon", "coordinates": [ [ [ 35.22012, -15.89629 ], [ 35.17139, -15.87142 ], [ 35.17115, -15.82131 ], [ 35.21963, -15.79608 ], [ 35.26836, -15.82093 ], [ 35.26861, -15.87104 ], [ 35.22012, -15.89629 ] ] ] } },
{ "type": "Feature", "properties": { "pop": 40278.0 }, "geometry": { "type": "Polygon", "coordinates": [ [ [ 35.21939, -15.74599 ], [ 35.17066, -15.72114 ], [ 35.17042, -15.67106 ], [ 35.2189, -15.64584 ], [ 35.26763, -15.67069 ], [ 35.26787, -15.72076 ], [ 35.21939, -15.74599 ] ] ] } },
{ "type": "Feature", "properties": { "pop": 35364.0 }, "geometry": { "type": "Polygon", "coordinates": [ [ [ 35.21866, -15.59579 ], [ 35.16994, -15.57095 ], [ 35.16969, -15.52091 ], [ 35.21817, -15.49571 ], [ 35.26689, -15.52053 ], [ 35.26713, -15.57057 ], [ 35.21866, -15.59579 ] ] ] } },
{ "type": "Feature", "properties": { "pop": 25762.0 }, "geometry": { "type": "Polygon", "coordinates": [ [ [ 35.21792, -15.44568 ], [ 35.16921, -15.42086 ], [ 35.16896, -15.37086 ], [ 35.21744, -15.34567 ], [ 35.26615, -15.37048 ], [ 35.2664, -15.42049 ], [ 35.21792, -15.44568 ] ] ] } },
{ "type": "Feature", "properties": { "pop": 20399.0 }, "geometry": { "type": "Polygon", "coordinates": [ [ [ 35.21719, -15.29568 ], [ 35.16848, -15.27087 ], [ 35.16824, -15.22089 ], [ 35.2167, -15.19572 ], [ 35.26542, -15.22052 ], [ 35.26566, -15.27049 ], [ 35.21719, -15.29568 ] ] ] } },
{ "type": "Feature", "properties": { "pop": 37161.0 }, "geometry": { "type": "Polygon", "coordinates": [ [ [ 35.21646, -15.14576 ], [ 35.16775, -15.12097 ], [ 35.16751, -15.07103 ], [ 35.21597, -15.04587 ], [ 35.26468, -15.07065 ], [ 35.26493, -15.1206 ], [ 35.21646, -15.14576 ] ] ] } },
{ "type": "Feature", "properties": { "pop": 22949.0 }, "geometry": { "type": "Polygon", "coordinates": [ [ [ 35.21573, -14.99594 ], [ 35.16702, -14.97116 ], [ 35.16678, -14.92125 ], [ 35.21524, -14.89611 ], [ 35.26395, -14.92087 ], [ 35.26419, -14.97079 ], [ 35.21573, -14.99594 ] ] ] } },
{ "type": "Feature", "properties": { "pop": 16878.0 }, "geometry": { "type": "Polygon", "coordinates": [ [ [ 35.215, -14.84621 ], [ 35.16629, -14.82145 ], [ 35.16605, -14.77156 ], [ 35.21451, -14.74644 ], [ 35.26321, -14.77119 ], [ 35.26346, -14.82107 ], [ 35.215, -14.84621 ] ] ] } },
{ "type": "Feature", "properties": { "pop": 9091.0 }, "geometry": { "type": "Polygon", "coordinates": [ [ [ 35.21427, -14.69657 ], [ 35.16557, -14.67182 ], [ 35.16532, -14.62197 ], [ 35.21378, -14.59686 ], [ 35.26248, -14.62159 ], [ 35.26272, -14.67145 ], [ 35.21427, -14.69657 ] ] ] } },
{ "type": "Feature", "properties": { "pop": 59949.0 }, "geometry": { "type": "Polygon", "coordinates": [ [ [ 35.21353, -14.54702 ], [ 35.16484, -14.52229 ], [ 35.16459, -14.47246 ], [ 35.21305, -14.44737 ], [ 35.26174, -14.47209 ], [ 35.26199, -14.52191 ], [ 35.21353, -14.54702 ] ] ] } },
{ "type": "Feature", "properties": { "pop": 10096.0 }, "geometry": { "type": "Polygon", "coordinates": [ [ [ 35.2128, -14.39755 ], [ 35.16411, -14.37284 ], [ 35.16387, -14.32304 ], [ 35.21232, -14.29796 ], [ 35.26101, -14.32267 ], [ 35.26125, -14.37246 ], [ 35.2128, -14.39755 ] ] ] } },
{ "type": "Feature", "properties": { "pop": 17135.0 }, "geometry": { "type": "Polygon", "coordinates": [ [ [ 35.21207, -14.24818 ], [ 35.16338, -14.22348 ], [ 35.16314, -14.17371 ], [ 35.21158, -14.14864 ], [ 35.26027, -14.17333 ], [ 35.26052, -14.2231 ], [ 35.21207, -14.24818 ] ] ] } },
{ "type": "Feature", "properties": { "pop": 7709.0 }, "geometry": { "type": "Polygon", "coordinates": [ [ [ 35.21134, -14.09889 ], [ 35.16265, -14.0742 ], [ 35.16241, -14.02446 ], [ 35.21085, -13.99941 ], [ 35.25954, -14.02409 ], [ 35.25978, -14.07383 ], [ 35.21134, -14.09889 ] ] ] } },
{ "type": "Feature", "properties": { "pop": 1149.0 }, "geometry": { "type": "Polygon", "coordinates": [ [ [ 35.21061, -13.94968 ], [ 35.16193, -13.92501 ], [ 35.16168, -13.8753 ], [ 35.21012, -13.85026 ], [ 35.2588, -13.87492 ], [ 35.25905, -13.92463 ], [ 35.21061, -13.94968 ] ] ] } },
{ "type": "Feature", "properties": { "pop": 3106.0 }, "geometry": { "type": "Polygon", "coordinates": [ [ [ 35.27499, -17.17774 ], [ 35.22623, -17.15273 ], [ 35.22598, -17.10233 ], [ 35.2745, -17.07694 ], [ 35.32325, -17.10195 ], [ 35.3235, -17.15234 ], [ 35.27499, -17.17774 ] ] ] } },
{ "type": "Feature", "properties": { "pop": 11125.0 }, "geometry": { "type": "Polygon", "coordinates": [ [ [ 35.27425, -17.02656 ], [ 35.2255, -17.00157 ], [ 35.22525, -16.9512 ], [ 35.27376, -16.92584 ], [ 35.32251, -16.95082 ], [ 35.32276, -17.00119 ], [ 35.27425, -17.02656 ] ] ] } },
{ "type": "Feature", "properties": { "pop": 15798.0 }, "geometry": { "type": "Polygon", "coordinates": [ [ [ 35.27351, -16.87549 ], [ 35.22476, -16.85052 ], [ 35.22452, -16.80019 ], [ 35.27302, -16.77484 ], [ 35.32177, -16.79981 ], [ 35.32202, -16.85013 ], [ 35.27351, -16.87549 ] ] ] } },
{ "type": "Feature", "properties": { "pop": 9341.0 }, "geometry": { "type": "Polygon", "coordinates": [ [ [ 35.27278, -16.72453 ], [ 35.22403, -16.69957 ], [ 35.22378, -16.64928 ], [ 35.27229, -16.62395 ], [ 35.32103, -16.6489 ], [ 35.32128, -16.69919 ], [ 35.27278, -16.72453 ] ] ] } },
{ "type": "Feature", "properties": { "pop": 17348.0 }, "geometry": { "type": "Polygon", "coordinates": [ [ [ 35.27131, -16.42292 ], [ 35.22256, -16.398 ], [ 35.22232, -16.34778 ], [ 35.27081, -16.32248 ], [ 35.31955, -16.3474 ], [ 35.3198, -16.39762 ], [ 35.27131, -16.42292 ] ] ] } },
{ "type": "Feature", "properties": { "pop": 27613.0 }, "geometry": { "type": "Polygon", "coordinates": [ [ [ 35.27057, -16.27227 ], [ 35.22183, -16.24737 ], [ 35.22159, -16.19718 ], [ 35.27008, -16.1719 ], [ 35.31881, -16.1968 ], [ 35.31906, -16.24699 ], [ 35.27057, -16.27227 ] ] ] } },
{ "type": "Feature", "properties": { "pop": 46888.0 }, "geometry": { "type": "Polygon", "coordinates": [ [ [ 35.26983, -16.12173 ], [ 35.2211, -16.09684 ], [ 35.22085, -16.04668 ], [ 35.26934, -16.02142 ], [ 35.31808, -16.0463 ], [ 35.31832, -16.09646 ], [ 35.26983, -16.12173 ] ] ] } },
{ "type": "Feature", "properties": { "pop": 36606.0 }, "geometry": { "type": "Polygon", "coordinates": [ [ [ 35.2691, -15.97128 ], [ 35.22037, -15.94641 ], [ 35.22012, -15.89629 ], [ 35.26861, -15.87104 ], [ 35.31734, -15.89591 ], [ 35.31758, -15.94603 ], [ 35.2691, -15.97128 ] ] ] } },
{ "type": "Feature", "properties": { "pop": 39395.0 }, "geometry": { "type": "Polygon", "coordinates": [ [ [ 35.26836, -15.82093 ], [ 35.21963, -15.79608 ], [ 35.21939, -15.74599 ], [ 35.26787, -15.72076 ], [ 35.3166, -15.74561 ], [ 35.31684, -15.7957 ], [ 35.26836, -15.82093 ] ] ] } },
{ "type": "Feature", "properties": { "pop": 36931.0 }, "geometry": { "type": "Polygon", "coordinates": [ [ [ 35.26763, -15.67069 ], [ 35.2189, -15.64584 ], [ 35.21866, -15.59579 ], [ 35.26713, -15.57057 ], [ 35.31586, -15.59541 ], [ 35.3161, -15.64546 ], [ 35.26763, -15.67069 ] ] ] } },
{ "type": "Feature", "properties": { "pop": 37028.0 }, "geometry": { "type": "Polygon", "coordinates": [ [ [ 35.26689, -15.52053 ], [ 35.21817, -15.49571 ], [ 35.21792, -15.44568 ], [ 35.2664, -15.42049 ], [ 35.31512, -15.44531 ], [ 35.31536, -15.49533 ], [ 35.26689, -15.52053 ] ] ] } },
{ "type": "Feature", "properties": { "pop": 9648.0 }, "geometry": { "type": "Polygon", "coordinates": [ [ [ 35.26615, -15.37048 ], [ 35.21744, -15.34567 ], [ 35.21719, -15.29568 ], [ 35.26566, -15.27049 ], [ 35.31438, -15.2953 ], [ 35.31463, -15.34529 ], [ 35.26615, -15.37048 ] ] ] } },
{ "type": "Feature", "properties": { "pop": 14857.0 }, "geometry": { "type": "Polygon", "coordinates": [ [ [ 35.26542, -15.22052 ], [ 35.2167, -15.19572 ], [ 35.21646, -15.14576 ], [ 35.26493, -15.1206 ], [ 35.31364, -15.14538 ], [ 35.31389, -15.19534 ], [ 35.26542, -15.22052 ] ] ] } },
{ "type": "Feature", "properties": { "pop": 11589.0 }, "geometry": { "type": "Polygon", "coordinates": [ [ [ 35.26468, -15.07065 ], [ 35.21597, -15.04587 ], [ 35.21573, -14.99594 ], [ 35.26419, -14.97079 ], [ 35.3129, -14.99556 ], [ 35.31315, -15.04549 ], [ 35.26468, -15.07065 ] ] ] } },
{ "type": "Feature", "properties": { "pop": 16075.0 }, "geometry": { "type": "Polygon", "coordinates": [ [ [ 35.26395, -14.92087 ], [ 35.21524, -14.89611 ], [ 35.215, -14.84621 ], [ 35.26346, -14.82107 ], [ 35.31216, -14.84583 ], [ 35.31241, -14.89573 ], [ 35.26395, -14.92087 ] ] ] } },
{ "type": "Feature", "properties": { "pop": 1115.0 }, "geometry": { "type": "Polygon", "coordinates": [ [ [ 35.26321, -14.77119 ], [ 35.21451, -14.74644 ], [ 35.21427, -14.69657 ], [ 35.26272, -14.67145 ], [ 35.31142, -14.69619 ], [ 35.31167, -14.74606 ], [ 35.26321, -14.77119 ] ] ] } },
{ "type": "Feature", "properties": { "pop": 4394.0 }, "geometry": { "type": "Polygon", "coordinates": [ [ [ 35.26248, -14.62159 ], [ 35.21378, -14.59686 ], [ 35.21353, -14.54702 ], [ 35.26199, -14.52191 ], [ 35.31069, -14.54664 ], [ 35.31093, -14.59648 ], [ 35.26248, -14.62159 ] ] ] } },
{ "type": "Feature", "properties": { "pop": 25288.0 }, "geometry": { "type": "Polygon", "coordinates": [ [ [ 35.26174, -14.47209 ], [ 35.21305, -14.44737 ], [ 35.2128, -14.39755 ], [ 35.26125, -14.37246 ], [ 35.30995, -14.39718 ], [ 35.31019, -14.44699 ], [ 35.26174, -14.47209 ] ] ] } },
{ "type": "Feature", "properties": { "pop": 16101.0 }, "geometry": { "type": "Polygon", "coordinates": [ [ [ 35.26101, -14.32267 ], [ 35.21232, -14.29796 ], [ 35.21207, -14.24818 ], [ 35.26052, -14.2231 ], [ 35.30921, -14.2478 ], [ 35.30946, -14.29758 ], [ 35.26101, -14.32267 ] ] ] } },
{ "type": "Feature", "properties": { "pop": 902.0 }, "geometry": { "type": "Polygon", "coordinates": [ [ [ 35.26027, -14.17333 ], [ 35.21158, -14.14864 ], [ 35.21134, -14.09889 ], [ 35.25978, -14.07383 ], [ 35.30847, -14.09851 ], [ 35.30872, -14.14827 ], [ 35.26027, -14.17333 ] ] ] } },
{ "type": "Feature", "properties": { "pop": 3092.0 }, "geometry": { "type": "Polygon", "coordinates": [ [ [ 35.25954, -14.02409 ], [ 35.21085, -13.99941 ], [ 35.21061, -13.94968 ], [ 35.25905, -13.92463 ], [ 35.30773, -13.94931 ], [ 35.30798, -13.99903 ], [ 35.25954, -14.02409 ] ] ] } },
{ "type": "Feature", "properties": { "pop": 802.0 }, "geometry": { "type": "Polygon", "coordinates": [ [ [ 35.32325, -17.10195 ], [ 35.2745, -17.07694 ], [ 35.27425, -17.02656 ], [ 35.32276, -17.00119 ], [ 35.37152, -17.02618 ], [ 35.37177, -17.07656 ], [ 35.32325, -17.10195 ] ] ] } },
{ "type": "Feature", "properties": { "pop": 960.0 }, "geometry": { "type": "Polygon", "coordinates": [ [ [ 35.32251, -16.95082 ], [ 35.27376, -16.92584 ], [ 35.27351, -16.87549 ], [ 35.32202, -16.85013 ], [ 35.37077, -16.87511 ], [ 35.37102, -16.92545 ], [ 35.32251, -16.95082 ] ] ] } },
{ "type": "Feature", "properties": { "pop": 6869.0 }, "geometry": { "type": "Polygon", "coordinates": [ [ [ 35.32177, -16.79981 ], [ 35.27302, -16.77484 ], [ 35.27278, -16.72453 ], [ 35.32128, -16.69919 ], [ 35.37003, -16.72415 ], [ 35.37028, -16.77446 ], [ 35.32177, -16.79981 ] ] ] } },
{ "type": "Feature", "properties": { "pop": 2896.0 }, "geometry": { "type": "Polygon", "coordinates": [ [ [ 35.31955, -16.3474 ], [ 35.27081, -16.32248 ], [ 35.27057, -16.27227 ], [ 35.31906, -16.24699 ], [ 35.3678, -16.27189 ], [ 35.36805, -16.3221 ], [ 35.31955, -16.3474 ] ] ] } },
{ "type": "Feature", "properties": { "pop": 29958.0 }, "geometry": { "type": "Polygon", "coordinates": [ [ [ 35.31881, -16.1968 ], [ 35.27008, -16.1719 ], [ 35.26983, -16.12173 ], [ 35.31832, -16.09646 ], [ 35.36706, -16.12135 ], [ 35.36731, -16.17152 ], [ 35.31881, -16.1968 ] ] ] } },
{ "type": "Feature", "properties": { "pop": 53203.0 }, "geometry": { "type": "Polygon", "coordinates": [ [ [ 35.31808, -16.0463 ], [ 35.26934, -16.02142 ], [ 35.2691, -15.97128 ], [ 35.31758, -15.94603 ], [ 35.36631, -15.9709 ], [ 35.36656, -16.02104 ], [ 35.31808, -16.0463 ] ] ] } },
{ "type": "Feature", "properties": { "pop": 39136.0 }, "geometry": { "type": "Polygon", "coordinates": [ [ [ 35.31734, -15.89591 ], [ 35.26861, -15.87104 ], [ 35.26836, -15.82093 ], [ 35.31684, -15.7957 ], [ 35.36557, -15.82055 ], [ 35.36582, -15.87066 ], [ 35.31734, -15.89591 ] ] ] } },
{ "type": "Feature", "properties": { "pop": 36315.0 }, "geometry": { "type": "Polygon", "coordinates": [ [ [ 35.3166, -15.74561 ], [ 35.26787, -15.72076 ], [ 35.26763, -15.67069 ], [ 35.3161, -15.64546 ], [ 35.36483, -15.67031 ], [ 35.36508, -15.72038 ], [ 35.3166, -15.74561 ] ] ] } },
{ "type": "Feature", "properties": { "pop": 40794.0 }, "geometry": { "type": "Polygon", "coordinates": [ [ [ 35.31586, -15.59541 ], [ 35.26713, -15.57057 ], [ 35.26689, -15.52053 ], [ 35.31536, -15.49533 ], [ 35.36409, -15.52015 ], [ 35.36433, -15.57019 ], [ 35.31586, -15.59541 ] ] ] } },
{ "type": "Feature", "properties": { "pop": 122907.0 }, "geometry": { "type": "Polygon", "coordinates": [ [ [ 35.31512, -15.44531 ], [ 35.2664, -15.42049 ], [ 35.26615, -15.37048 ], [ 35.31463, -15.34529 ], [ 35.36334, -15.3701 ], [ 35.36359, -15.42011 ], [ 35.31512, -15.44531 ] ] ] } },
{ "type": "Feature", "properties": { "pop": 3437.0 }, "geometry": { "type": "Polygon", "coordinates": [ [ [ 35.31438, -15.2953 ], [ 35.26566, -15.27049 ], [ 35.26542, -15.22052 ], [ 35.31389, -15.19534 ], [ 35.3626, -15.22014 ], [ 35.36285, -15.27011 ], [ 35.31438, -15.2953 ] ] ] } },
{ "type": "Feature", "properties": { "pop": 12505.0 }, "geometry": { "type": "Polygon", "coordinates": [ [ [ 35.31364, -15.14538 ], [ 35.26493, -15.1206 ], [ 35.26468, -15.07065 ], [ 35.31315, -15.04549 ], [ 35.36186, -15.07027 ], [ 35.36211, -15.12022 ], [ 35.31364, -15.14538 ] ] ] } },
{ "type": "Feature", "properties": { "pop": 3591.0 }, "geometry": { "type": "Polygon", "coordinates": [ [ [ 35.3129, -14.99556 ], [ 35.26419, -14.97079 ], [ 35.26395, -14.92087 ], [ 35.31241, -14.89573 ], [ 35.36112, -14.92049 ], [ 35.36136, -14.97041 ], [ 35.3129, -14.99556 ] ] ] } },
{ "type": "Feature", "properties": { "pop": 7488.0 }, "geometry": { "type": "Polygon", "coordinates": [ [ [ 35.31216, -14.84583 ], [ 35.26346, -14.82107 ], [ 35.26321, -14.77119 ], [ 35.31167, -14.74606 ], [ 35.36037, -14.77081 ], [ 35.36062, -14.82069 ], [ 35.31216, -14.84583 ] ] ] } },
{ "type": "Feature", "properties": { "pop": 6315.0 }, "geometry": { "type": "Polygon", "coordinates": [ [ [ 35.31142, -14.69619 ], [ 35.26272, -14.67145 ], [ 35.26248, -14.62159 ], [ 35.31093, -14.59648 ], [ 35.35963, -14.62121 ], [ 35.35988, -14.67107 ], [ 35.31142, -14.69619 ] ] ] } },
{ "type": "Feature", "properties": { "pop": 38743.0 }, "geometry": { "type": "Polygon", "coordinates": [ [ [ 35.31069, -14.54664 ], [ 35.26199, -14.52191 ], [ 35.26174, -14.47209 ], [ 35.31019, -14.44699 ], [ 35.35889, -14.47171 ], [ 35.35914, -14.52153 ], [ 35.31069, -14.54664 ] ] ] } },
{ "type": "Feature", "properties": { "pop": 22280.0 }, "geometry": { "type": "Polygon", "coordinates": [ [ [ 35.30995, -14.39718 ], [ 35.26125, -14.37246 ], [ 35.26101, -14.32267 ], [ 35.30946, -14.29758 ], [ 35.35815, -14.32229 ], [ 35.3584, -14.37209 ], [ 35.30995, -14.39718 ] ] ] } },
{ "type": "Feature", "properties": { "pop": 2450.0 }, "geometry": { "type": "Polygon", "coordinates": [ [ [ 35.30921, -14.2478 ], [ 35.26052, -14.2231 ], [ 35.26027, -14.17333 ], [ 35.30872, -14.14827 ], [ 35.35741, -14.17296 ], [ 35.35765, -14.22272 ], [ 35.30921, -14.2478 ] ] ] } },
{ "type": "Feature", "properties": { "pop": 2508.0 }, "geometry": { "type": "Polygon", "coordinates": [ [ [ 35.30847, -14.09851 ], [ 35.25978, -14.07383 ], [ 35.25954, -14.02409 ], [ 35.30798, -13.99903 ], [ 35.35667, -14.02371 ], [ 35.35691, -14.07345 ], [ 35.30847, -14.09851 ] ] ] } },
{ "type": "Feature", "properties": { "pop": 73.0 }, "geometry": { "type": "Polygon", "coordinates": [ [ [ 35.30773, -13.94931 ], [ 35.25905, -13.92463 ], [ 35.2588, -13.87492 ], [ 35.30724, -13.84988 ], [ 35.35592, -13.87455 ], [ 35.35617, -13.92426 ], [ 35.30773, -13.94931 ] ] ] } },
{ "type": "Feature", "properties": { "pop": 72.0 }, "geometry": { "type": "Polygon", "coordinates": [ [ [ 35.3678, -16.27189 ], [ 35.31906, -16.24699 ], [ 35.31881, -16.1968 ], [ 35.36731, -16.17152 ], [ 35.41604, -16.19641 ], [ 35.41629, -16.2466 ], [ 35.3678, -16.27189 ] ] ] } },
{ "type": "Feature", "properties": { "pop": 46516.0 }, "geometry": { "type": "Polygon", "coordinates": [ [ [ 35.36706, -16.12135 ], [ 35.31832, -16.09646 ], [ 35.31808, -16.0463 ], [ 35.36656, -16.02104 ], [ 35.4153, -16.04592 ], [ 35.41555, -16.09607 ], [ 35.36706, -16.12135 ] ] ] } },
{ "type": "Feature", "properties": { "pop": 35497.0 }, "geometry": { "type": "Polygon", "coordinates": [ [ [ 35.36631, -15.9709 ], [ 35.31758, -15.94603 ], [ 35.31734, -15.89591 ], [ 35.36582, -15.87066 ], [ 35.41455, -15.89552 ], [ 35.4148, -15.94564 ], [ 35.36631, -15.9709 ] ] ] } },
{ "type": "Feature", "properties": { "pop": 21301.0 }, "geometry": { "type": "Polygon", "coordinates": [ [ [ 35.36557, -15.82055 ], [ 35.31684, -15.7957 ], [ 35.3166, -15.74561 ], [ 35.36508, -15.72038 ], [ 35.4138, -15.74523 ], [ 35.41405, -15.79531 ], [ 35.36557, -15.82055 ] ] ] } },
{ "type": "Feature", "properties": { "pop": 36612.0 }, "geometry": { "type": "Polygon", "coordinates": [ [ [ 35.36483, -15.67031 ], [ 35.3161, -15.64546 ], [ 35.31586, -15.59541 ], [ 35.36433, -15.57019 ], [ 35.41306, -15.59503 ], [ 35.41331, -15.64508 ], [ 35.36483, -15.67031 ] ] ] } },
{ "type": "Feature", "properties": { "pop": 37066.0 }, "geometry": { "type": "Polygon", "coordinates": [ [ [ 35.36409, -15.52015 ], [ 35.31536, -15.49533 ], [ 35.31512, -15.44531 ], [ 35.36359, -15.42011 ], [ 35.41231, -15.44492 ], [ 35.41256, -15.49495 ], [ 35.36409, -15.52015 ] ] ] } },
{ "type": "Feature", "properties": { "pop": 29341.0 }, "geometry": { "type": "Polygon", "coordinates": [ [ [ 35.36334, -15.3701 ], [ 35.31463, -15.34529 ], [ 35.31438, -15.2953 ], [ 35.36285, -15.27011 ], [ 35.41157, -15.29492 ], [ 35.41181, -15.34491 ], [ 35.36334, -15.3701 ] ] ] } },
{ "type": "Feature", "properties": { "pop": 21714.0 }, "geometry": { "type": "Polygon", "coordinates": [ [ [ 35.3626, -15.22014 ], [ 35.31389, -15.19534 ], [ 35.31364, -15.14538 ], [ 35.36211, -15.12022 ], [ 35.41082, -15.145 ], [ 35.41107, -15.19496 ], [ 35.3626, -15.22014 ] ] ] } },
{ "type": "Feature", "properties": { "pop": 8811.0 }, "geometry": { "type": "Polygon", "coordinates": [ [ [ 35.36186, -15.07027 ], [ 35.31315, -15.04549 ], [ 35.3129, -14.99556 ], [ 35.36136, -14.97041 ], [ 35.41007, -14.99518 ], [ 35.41032, -15.04511 ], [ 35.36186, -15.07027 ] ] ] } },
{ "type": "Feature", "properties": { "pop": 1488.0 }, "geometry": { "type": "Polygon", "coordinates": [ [ [ 35.36112, -14.92049 ], [ 35.31241, -14.89573 ], [ 35.31216, -14.84583 ], [ 35.36062, -14.82069 ], [ 35.40933, -14.84545 ], [ 35.40958, -14.89535 ], [ 35.36112, -14.92049 ] ] ] } },
{ "type": "Feature", "properties": { "pop": 12130.0 }, "geometry": { "type": "Polygon", "coordinates": [ [ [ 35.36037, -14.77081 ], [ 35.31167, -14.74606 ], [ 35.31142, -14.69619 ], [ 35.35988, -14.67107 ], [ 35.40858, -14.69581 ], [ 35.40883, -14.74568 ], [ 35.36037, -14.77081 ] ] ] } },
{ "type": "Feature", "properties": { "pop": 26639.0 }, "geometry": { "type": "Polygon", "coordinates": [ [ [ 35.35963, -14.62121 ], [ 35.31093, -14.59648 ], [ 35.31069, -14.54664 ], [ 35.35914, -14.52153 ], [ 35.40784, -14.54626 ], [ 35.40809, -14.5961 ], [ 35.35963, -14.62121 ] ] ] } },
{ "type": "Feature", "properties": { "pop": 21934.0 }, "geometry": { "type": "Polygon", "coordinates": [ [ [ 35.35889, -14.47171 ], [ 35.31019, -14.44699 ], [ 35.30995, -14.39718 ], [ 35.3584, -14.37209 ], [ 35.40709, -14.3968 ], [ 35.40734, -14.44661 ], [ 35.35889, -14.47171 ] ] ] } },
{ "type": "Feature", "properties": { "pop": 5480.0 }, "geometry": { "type": "Polygon", "coordinates": [ [ [ 35.35815, -14.32229 ], [ 35.30946, -14.29758 ], [ 35.30921, -14.2478 ], [ 35.35765, -14.22272 ], [ 35.40635, -14.24742 ], [ 35.4066, -14.2972 ], [ 35.35815, -14.32229 ] ] ] } },
{ "type": "Feature", "properties": { "pop": 4163.0 }, "geometry": { "type": "Polygon", "coordinates": [ [ [ 35.35741, -14.17296 ], [ 35.30872, -14.14827 ], [ 35.30847, -14.09851 ], [ 35.35691, -14.07345 ], [ 35.4056, -14.09813 ], [ 35.40585, -14.14789 ], [ 35.35741, -14.17296 ] ] ] } },
{ "type": "Feature", "properties": { "pop": 685.0 }, "geometry": { "type": "Polygon", "coordinates": [ [ [ 35.35667, -14.02371 ], [ 35.30798, -13.99903 ], [ 35.30773, -13.94931 ], [ 35.35617, -13.92426 ], [ 35.40486, -13.94893 ], [ 35.40511, -13.99865 ], [ 35.35667, -14.02371 ] ] ] } },
{ "type": "Feature", "properties": { "pop": 7771.0 }, "geometry": { "type": "Polygon", "coordinates": [ [ [ 35.41604, -16.19641 ], [ 35.36731, -16.17152 ], [ 35.36706, -16.12135 ], [ 35.41555, -16.09607 ], [ 35.46428, -16.12096 ], [ 35.46453, -16.17113 ], [ 35.41604, -16.19641 ] ] ] } },
{ "type": "Feature", "properties": { "pop": 47712.0 }, "geometry": { "type": "Polygon", "coordinates": [ [ [ 35.4153, -16.04592 ], [ 35.36656, -16.02104 ], [ 35.36631, -15.9709 ], [ 35.4148, -15.94564 ], [ 35.46353, -15.97052 ], [ 35.46378, -16.02065 ], [ 35.4153, -16.04592 ] ] ] } },
{ "type": "Feature", "properties": { "pop": 22382.0 }, "geometry": { "type": "Polygon", "coordinates": [ [ [ 35.41455, -15.89552 ], [ 35.36582, -15.87066 ], [ 35.36557, -15.82055 ], [ 35.41405, -15.79531 ], [ 35.46278, -15.82017 ], [ 35.46303, -15.87027 ], [ 35.41455, -15.89552 ] ] ] } },
{ "type": "Feature", "properties": { "pop": 25654.0 }, "geometry": { "type": "Polygon", "coordinates": [ [ [ 35.4138, -15.74523 ], [ 35.36508, -15.72038 ], [ 35.36483, -15.67031 ], [ 35.41331, -15.64508 ], [ 35.46203, -15.66992 ], [ 35.46228, -15.71999 ], [ 35.4138, -15.74523 ] ] ] } },
{ "type": "Feature", "properties": { "pop": 32892.0 }, "geometry": { "type": "Polygon", "coordinates": [ [ [ 35.41306, -15.59503 ], [ 35.36433, -15.57019 ], [ 35.36409, -15.52015 ], [ 35.41256, -15.49495 ], [ 35.46128, -15.51977 ], [ 35.46153, -15.56981 ], [ 35.41306, -15.59503 ] ] ] } },
{ "type": "Feature", "properties": { "pop": 43300.0 }, "geometry": { "type": "Polygon", "coordinates": [ [ [ 35.41231, -15.44492 ], [ 35.36359, -15.42011 ], [ 35.36334, -15.3701 ], [ 35.41181, -15.34491 ], [ 35.46053, -15.36971 ], [ 35.46078, -15.41972 ], [ 35.41231, -15.44492 ] ] ] } },
{ "type": "Feature", "properties": { "pop": 37508.0 }, "geometry": { "type": "Polygon", "coordinates": [ [ [ 35.41157, -15.29492 ], [ 35.36285, -15.27011 ], [ 35.3626, -15.22014 ], [ 35.41107, -15.19496 ], [ 35.45978, -15.21975 ], [ 35.46003, -15.26973 ], [ 35.41157, -15.29492 ] ] ] } },
{ "type": "Feature", "properties": { "pop": 9086.0 }, "geometry": { "type": "Polygon", "coordinates": [ [ [ 35.41082, -15.145 ], [ 35.36211, -15.12022 ], [ 35.36186, -15.07027 ], [ 35.41032, -15.04511 ], [ 35.45904, -15.06989 ], [ 35.45928, -15.11983 ], [ 35.41082, -15.145 ] ] ] } },
{ "type": "Feature", "properties": { "pop": 14517.0 }, "geometry": { "type": "Polygon", "coordinates": [ [ [ 35.41007, -14.99518 ], [ 35.36136, -14.97041 ], [ 35.36112, -14.92049 ], [ 35.40958, -14.89535 ], [ 35.45829, -14.92011 ], [ 35.45854, -14.97003 ], [ 35.41007, -14.99518 ] ] ] } },
{ "type": "Feature", "properties": { "pop": 19370.0 }, "geometry": { "type": "Polygon", "coordinates": [ [ [ 35.40933, -14.84545 ], [ 35.36062, -14.82069 ], [ 35.36037, -14.77081 ], [ 35.40883, -14.74568 ], [ 35.45754, -14.77043 ], [ 35.45779, -14.82031 ], [ 35.40933, -14.84545 ] ] ] } },
{ "type": "Feature", "properties": { "pop": 5470.0 }, "geometry": { "type": "Polygon", "coordinates": [ [ [ 35.40858, -14.69581 ], [ 35.35988, -14.67107 ], [ 35.35963, -14.62121 ], [ 35.40809, -14.5961 ], [ 35.45679, -14.62083 ], [ 35.45704, -14.67069 ], [ 35.40858, -14.69581 ] ] ] } },
{ "type": "Feature", "properties": { "pop": 9769.0 }, "geometry": { "type": "Polygon", "coordinates": [ [ [ 35.40784, -14.54626 ], [ 35.35914, -14.52153 ], [ 35.35889, -14.47171 ], [ 35.40734, -14.44661 ], [ 35.45604, -14.47133 ], [ 35.45629, -14.52115 ], [ 35.40784, -14.54626 ] ] ] } },
{ "type": "Feature", "properties": { "pop": 26839.0 }, "geometry": { "type": "Polygon", "coordinates": [ [ [ 35.40709, -14.3968 ], [ 35.3584, -14.37209 ], [ 35.35815, -14.32229 ], [ 35.4066, -14.2972 ], [ 35.45529, -14.32191 ], [ 35.45554, -14.3717 ], [ 35.40709, -14.3968 ] ] ] } },
{ "type": "Feature", "properties": { "pop": 13606.0 }, "geometry": { "type": "Polygon", "coordinates": [ [ [ 35.40635, -14.24742 ], [ 35.35765, -14.22272 ], [ 35.35741, -14.17296 ], [ 35.40585, -14.14789 ], [ 35.45454, -14.17257 ], [ 35.45479, -14.22234 ], [ 35.40635, -14.24742 ] ] ] } },
{ "type": "Feature", "properties": { "pop": 3421.0 }, "geometry": { "type": "Polygon", "coordinates": [ [ [ 35.4056, -14.09813 ], [ 35.35691, -14.07345 ], [ 35.35667, -14.02371 ], [ 35.40511, -13.99865 ], [ 35.45379, -14.02333 ], [ 35.45404, -14.07307 ], [ 35.4056, -14.09813 ] ] ] } },
{ "type": "Feature", "properties": { "pop": 49503.0 }, "geometry": { "type": "Polygon", "coordinates": [ [ [ 35.46428, -16.12096 ], [ 35.41555, -16.09607 ], [ 35.4153, -16.04592 ], [ 35.46378, -16.02065 ], [ 35.51252, -16.04553 ], [ 35.51277, -16.09569 ], [ 35.46428, -16.12096 ] ] ] } },
{ "type": "Feature", "properties": { "pop": 38304.0 }, "geometry": { "type": "Polygon", "coordinates": [ [ [ 35.46353, -15.97052 ], [ 35.4148, -15.94564 ], [ 35.41455, -15.89552 ], [ 35.46303, -15.87027 ], [ 35.51176, -15.89514 ], [ 35.51202, -15.94526 ], [ 35.46353, -15.97052 ] ] ] } },
{ "type": "Feature", "properties": { "pop": 18329.0 }, "geometry": { "type": "Polygon", "coordinates": [ [ [ 35.46278, -15.82017 ], [ 35.41405, -15.79531 ], [ 35.4138, -15.74523 ], [ 35.46228, -15.71999 ], [ 35.51101, -15.74484 ], [ 35.51126, -15.79493 ], [ 35.46278, -15.82017 ] ] ] } },
{ "type": "Feature", "properties": { "pop": 23345.0 }, "geometry": { "type": "Polygon", "coordinates": [ [ [ 35.46203, -15.66992 ], [ 35.41331, -15.64508 ], [ 35.41306, -15.59503 ], [ 35.46153, -15.56981 ], [ 35.51026, -15.59464 ], [ 35.51051, -15.6447 ], [ 35.46203, -15.66992 ] ] ] } },
{ "type": "Feature", "properties": { "pop": 33596.0 }, "geometry": { "type": "Polygon", "coordinates": [ [ [ 35.46128, -15.51977 ], [ 35.41256, -15.49495 ], [ 35.41231, -15.44492 ], [ 35.46078, -15.41972 ], [ 35.50951, -15.44454 ], [ 35.50976, -15.49456 ], [ 35.46128, -15.51977 ] ] ] } },
{ "type": "Feature", "properties": { "pop": 38714.0 }, "geometry": { "type": "Polygon", "coordinates": [ [ [ 35.46053, -15.36971 ], [ 35.41181, -15.34491 ], [ 35.41157, -15.29492 ], [ 35.46003, -15.26973 ], [ 35.50875, -15.29453 ], [ 35.509, -15.34452 ], [ 35.46053, -15.36971 ] ] ] } },
{ "type": "Feature", "properties": { "pop": 26403.0 }, "geometry": { "type": "Polygon", "coordinates": [ [ [ 35.45978, -15.21975 ], [ 35.41107, -15.19496 ], [ 35.41082, -15.145 ], [ 35.45928, -15.11983 ], [ 35.508, -15.14462 ], [ 35.50825, -15.19458 ], [ 35.45978, -15.21975 ] ] ] } },
{ "type": "Feature", "properties": { "pop": 23789.0 }, "geometry": { "type": "Polygon", "coordinates": [ [ [ 35.45904, -15.06989 ], [ 35.41032, -15.04511 ], [ 35.41007, -14.99518 ], [ 35.45854, -14.97003 ], [ 35.50725, -14.99479 ], [ 35.5075, -15.04472 ], [ 35.45904, -15.06989 ] ] ] } },
{ "type": "Feature", "properties": { "pop": 21638.0 }, "geometry": { "type": "Polygon", "coordinates": [ [ [ 35.45829, -14.92011 ], [ 35.40958, -14.89535 ], [ 35.40933, -14.84545 ], [ 35.45779, -14.82031 ], [ 35.50649, -14.84506 ], [ 35.50674, -14.89496 ], [ 35.45829, -14.92011 ] ] ] } },
{ "type": "Feature", "properties": { "pop": 15498.0 }, "geometry": { "type": "Polygon", "coordinates": [ [ [ 35.45754, -14.77043 ], [ 35.40883, -14.74568 ], [ 35.40858, -14.69581 ], [ 35.45704, -14.67069 ], [ 35.50574, -14.69543 ], [ 35.50599, -14.7453 ], [ 35.45754, -14.77043 ] ] ] } },
{ "type": "Feature", "properties": { "pop": 1275.0 }, "geometry": { "type": "Polygon", "coordinates": [ [ [ 35.45679, -14.62083 ], [ 35.40809, -14.5961 ], [ 35.40784, -14.54626 ], [ 35.45629, -14.52115 ], [ 35.50499, -14.54588 ], [ 35.50524, -14.59572 ], [ 35.45679, -14.62083 ] ] ] } },
{ "type": "Feature", "properties": { "pop": 6060.0 }, "geometry": { "type": "Polygon", "coordinates": [ [ [ 35.45604, -14.47133 ], [ 35.40734, -14.44661 ], [ 35.40709, -14.3968 ], [ 35.45554, -14.3717 ], [ 35.50424, -14.39641 ], [ 35.50449, -14.44622 ], [ 35.45604, -14.47133 ] ] ] } },
{ "type": "Feature", "properties": { "pop": 17599.0 }, "geometry": { "type": "Polygon", "coordinates": [ [ [ 35.45529, -14.32191 ], [ 35.4066, -14.2972 ], [ 35.40635, -14.24742 ], [ 35.45479, -14.22234 ], [ 35.50348, -14.24704 ], [ 35.50374, -14.29682 ], [ 35.45529, -14.32191 ] ] ] } },
{ "type": "Feature", "properties": { "pop": 6682.0 }, "geometry": { "type": "Polygon", "coordinates": [ [ [ 35.45454, -14.17257 ], [ 35.40585, -14.14789 ], [ 35.4056, -14.09813 ], [ 35.45404, -14.07307 ], [ 35.50273, -14.09775 ], [ 35.50298, -14.1475 ], [ 35.45454, -14.17257 ] ] ] } },
{ "type": "Feature", "properties": { "pop": 20353.0 }, "geometry": { "type": "Polygon", "coordinates": [ [ [ 35.51327, -16.19603 ], [ 35.46453, -16.17113 ], [ 35.46428, -16.12096 ], [ 35.51277, -16.09569 ], [ 35.56151, -16.12057 ], [ 35.56176, -16.17074 ], [ 35.51327, -16.19603 ] ] ] } },
{ "type": "Feature", "properties": { "pop": 28367.0 }, "geometry": { "type": "Polygon", "coordinates": [ [ [ 35.51252, -16.04553 ], [ 35.46378, -16.02065 ], [ 35.46353, -15.97052 ], [ 35.51202, -15.94526 ], [ 35.56075, -15.97013 ], [ 35.561, -16.02026 ], [ 35.51252, -16.04553 ] ] ] } },
{ "type": "Feature", "properties": { "pop": 31109.0 }, "geometry": { "type": "Polygon", "coordinates": [ [ [ 35.51176, -15.89514 ], [ 35.46303, -15.87027 ], [ 35.46278, -15.82017 ], [ 35.51126, -15.79493 ], [ 35.55999, -15.81978 ], [ 35.56025, -15.86989 ], [ 35.51176, -15.89514 ] ] ] } },
{ "type": "Feature", "properties": { "pop": 25281.0 }, "geometry": { "type": "Polygon", "coordinates": [ [ [ 35.51101, -15.74484 ], [ 35.46228, -15.71999 ], [ 35.46203, -15.66992 ], [ 35.51051, -15.6447 ], [ 35.55924, -15.66953 ], [ 35.55949, -15.71961 ], [ 35.51101, -15.74484 ] ] ] } },
{ "type": "Feature", "properties": { "pop": 31637.0 }, "geometry": { "type": "Polygon", "coordinates": [ [ [ 35.51026, -15.59464 ], [ 35.46153, -15.56981 ], [ 35.46128, -15.51977 ], [ 35.50976, -15.49456 ], [ 35.55848, -15.51938 ], [ 35.55873, -15.56942 ], [ 35.51026, -15.59464 ] ] ] } },
{ "type": "Feature", "properties": { "pop": 32655.0 }, "geometry": { "type": "Polygon", "coordinates": [ [ [ 35.50951, -15.44454 ], [ 35.46078, -15.41972 ], [ 35.46053, -15.36971 ], [ 35.509, -15.34452 ], [ 35.55772, -15.36933 ], [ 35.55798, -15.41934 ], [ 35.50951, -15.44454 ] ] ] } },
{ "type": "Feature", "properties": { "pop": 18084.0 }, "geometry": { "type": "Polygon", "coordinates": [ [ [ 35.50875, -15.29453 ], [ 35.46003, -15.26973 ], [ 35.45978, -15.21975 ], [ 35.50825, -15.19458 ], [ 35.55697, -15.21937 ], [ 35.55722, -15.26934 ], [ 35.50875, -15.29453 ] ] ] } },
{ "type": "Feature", "properties": { "pop": 19416.0 }, "geometry": { "type": "Polygon", "coordinates": [ [ [ 35.508, -15.14462 ], [ 35.45928, -15.11983 ], [ 35.45904, -15.06989 ], [ 35.5075, -15.04472 ], [ 35.55621, -15.0695 ], [ 35.55646, -15.11945 ], [ 35.508, -15.14462 ] ] ] } },
{ "type": "Feature", "properties": { "pop": 25913.0 }, "geometry": { "type": "Polygon", "coordinates": [ [ [ 35.50725, -14.99479 ], [ 35.45854, -14.97003 ], [ 35.45829, -14.92011 ], [ 35.50674, -14.89496 ], [ 35.55545, -14.91972 ], [ 35.55571, -14.96964 ], [ 35.50725, -14.99479 ] ] ] } },
{ "type": "Feature", "properties": { "pop": 25318.0 }, "geometry": { "type": "Polygon", "coordinates": [ [ [ 35.50649, -14.84506 ], [ 35.45779, -14.82031 ], [ 35.45754, -14.77043 ], [ 35.50599, -14.7453 ], [ 35.5547, -14.77004 ], [ 35.55495, -14.81993 ], [ 35.50649, -14.84506 ] ] ] } },
{ "type": "Feature", "properties": { "pop": 17028.0 }, "geometry": { "type": "Polygon", "coordinates": [ [ [ 35.50574, -14.69543 ], [ 35.45704, -14.67069 ], [ 35.45679, -14.62083 ], [ 35.50524, -14.59572 ], [ 35.55394, -14.62045 ], [ 35.55419, -14.6703 ], [ 35.50574, -14.69543 ] ] ] } },
{ "type": "Feature", "properties": { "pop": 49.0 }, "geometry": { "type": "Polygon", "coordinates": [ [ [ 35.50499, -14.54588 ], [ 35.45629, -14.52115 ], [ 35.45604, -14.47133 ], [ 35.50449, -14.44622 ], [ 35.55319, -14.47094 ], [ 35.55344, -14.52077 ], [ 35.50499, -14.54588 ] ] ] } },
{ "type": "Feature", "properties": { "pop": 34833.0 }, "geometry": { "type": "Polygon", "coordinates": [ [ [ 35.50424, -14.39641 ], [ 35.45554, -14.3717 ], [ 35.45529, -14.32191 ], [ 35.50374, -14.29682 ], [ 35.55243, -14.32152 ], [ 35.55268, -14.37132 ], [ 35.50424, -14.39641 ] ] ] } },
{ "type": "Feature", "properties": { "pop": 7597.0 }, "geometry": { "type": "Polygon", "coordinates": [ [ [ 35.50348, -14.24704 ], [ 35.45479, -14.22234 ], [ 35.45454, -14.17257 ], [ 35.50298, -14.1475 ], [ 35.55168, -14.17219 ], [ 35.55193, -14.22196 ], [ 35.50348, -14.24704 ] ] ] } },
{ "type": "Feature", "properties": { "pop": 43121.0 }, "geometry": { "type": "Polygon", "coordinates": [ [ [ 35.56151, -16.12057 ], [ 35.51277, -16.09569 ], [ 35.51252, -16.04553 ], [ 35.561, -16.02026 ], [ 35.60974, -16.04514 ], [ 35.60999, -16.0953 ], [ 35.56151, -16.12057 ] ] ] } },
{ "type": "Feature", "properties": { "pop": 471.0 }, "geometry": { "type": "Polygon", "coordinates": [ [ [ 35.56075, -15.97013 ], [ 35.51202, -15.94526 ], [ 35.51176, -15.89514 ], [ 35.56025, -15.86989 ], [ 35.60898, -15.89475 ], [ 35.60923, -15.94487 ], [ 35.56075, -15.97013 ] ] ] } },
{ "type": "Feature", "properties": { "pop": 39448.0 }, "geometry": { "type": "Polygon", "coordinates": [ [ [ 35.55999, -15.81978 ], [ 35.51126, -15.79493 ], [ 35.51101, -15.74484 ], [ 35.55949, -15.71961 ], [ 35.60822, -15.74445 ], [ 35.60847, -15.79454 ], [ 35.55999, -15.81978 ] ] ] } },
{ "type": "Feature", "properties": { "pop": 23440.0 }, "geometry": { "type": "Polygon", "coordinates": [ [ [ 35.55924, -15.66953 ], [ 35.51051, -15.6447 ], [ 35.51026, -15.59464 ], [ 35.55873, -15.56942 ], [ 35.60746, -15.59425 ], [ 35.60771, -15.64431 ], [ 35.55924, -15.66953 ] ] ] } },
{ "type": "Feature", "properties": { "pop": 27856.0 }, "geometry": { "type": "Polygon", "coordinates": [ [ [ 35.55848, -15.51938 ], [ 35.50976, -15.49456 ], [ 35.50951, -15.44454 ], [ 35.55798, -15.41934 ], [ 35.6067, -15.44415 ], [ 35.60695, -15.49417 ], [ 35.55848, -15.51938 ] ] ] } },
{ "type": "Feature", "properties": { "pop": 4676.0 }, "geometry": { "type": "Polygon", "coordinates": [ [ [ 35.55772, -15.36933 ], [ 35.509, -15.34452 ], [ 35.50875, -15.29453 ], [ 35.55722, -15.26934 ], [ 35.60594, -15.29414 ], [ 35.60619, -15.34413 ], [ 35.55772, -15.36933 ] ] ] } },
{ "type": "Feature", "properties": { "pop": 7945.0 }, "geometry": { "type": "Polygon", "coordinates": [ [ [ 35.55697, -15.21937 ], [ 35.50825, -15.19458 ], [ 35.508, -15.14462 ], [ 35.55646, -15.11945 ], [ 35.60518, -15.14423 ], [ 35.60543, -15.19419 ], [ 35.55697, -15.21937 ] ] ] } },
{ "type": "Feature", "properties": { "pop": 25120.0 }, "geometry": { "type": "Polygon", "coordinates": [ [ [ 35.55621, -15.0695 ], [ 35.5075, -15.04472 ], [ 35.50725, -14.99479 ], [ 35.55571, -14.96964 ], [ 35.60442, -14.99441 ], [ 35.60467, -15.04434 ], [ 35.55621, -15.0695 ] ] ] } },
{ "type": "Feature", "properties": { "pop": 36686.0 }, "geometry": { "type": "Polygon", "coordinates": [ [ [ 35.55545, -14.91972 ], [ 35.50674, -14.89496 ], [ 35.50649, -14.84506 ], [ 35.55495, -14.81993 ], [ 35.60366, -14.84468 ], [ 35.60391, -14.89458 ], [ 35.55545, -14.91972 ] ] ] } },
{ "type": "Feature", "properties": { "pop": 36907.0 }, "geometry": { "type": "Polygon", "coordinates": [ [ [ 35.5547, -14.77004 ], [ 35.50599, -14.7453 ], [ 35.50574, -14.69543 ], [ 35.55419, -14.6703 ], [ 35.6029, -14.69504 ], [ 35.60315, -14.74491 ], [ 35.5547, -14.77004 ] ] ] } },
{ "type": "Feature", "properties": { "pop": 25562.0 }, "geometry": { "type": "Polygon", "coordinates": [ [ [ 35.55394, -14.62045 ], [ 35.50524, -14.59572 ], [ 35.50499, -14.54588 ], [ 35.55344, -14.52077 ], [ 35.60214, -14.54549 ], [ 35.60239, -14.59533 ], [ 35.55394, -14.62045 ] ] ] } },
{ "type": "Feature", "properties": { "pop": 13018.0 }, "geometry": { "type": "Polygon", "coordinates": [ [ [ 35.55319, -14.47094 ], [ 35.50449, -14.44622 ], [ 35.50424, -14.39641 ], [ 35.55268, -14.37132 ], [ 35.60138, -14.39603 ], [ 35.60163, -14.44584 ], [ 35.55319, -14.47094 ] ] ] } },
{ "type": "Feature", "properties": { "pop": 7092.0 }, "geometry": { "type": "Polygon", "coordinates": [ [ [ 35.55243, -14.32152 ], [ 35.50374, -14.29682 ], [ 35.50348, -14.24704 ], [ 35.55193, -14.22196 ], [ 35.60062, -14.24665 ], [ 35.60088, -14.29643 ], [ 35.55243, -14.32152 ] ] ] } },
{ "type": "Feature", "properties": { "pop": 7086.0 }, "geometry": { "type": "Polygon", "coordinates": [ [ [ 35.6105, -16.19564 ], [ 35.56176, -16.17074 ], [ 35.56151, -16.12057 ], [ 35.60999, -16.0953 ], [ 35.65873, -16.12018 ], [ 35.65899, -16.17035 ], [ 35.6105, -16.19564 ] ] ] } },
{ "type": "Feature", "properties": { "pop": 16853.0 }, "geometry": { "type": "Polygon", "coordinates": [ [ [ 35.60974, -16.04514 ], [ 35.561, -16.02026 ], [ 35.56075, -15.97013 ], [ 35.60923, -15.94487 ], [ 35.65797, -15.96973 ], [ 35.65822, -16.01987 ], [ 35.60974, -16.04514 ] ] ] } },
{ "type": "Feature", "properties": { "pop": 27664.0 }, "geometry": { "type": "Polygon", "coordinates": [ [ [ 35.60898, -15.89475 ], [ 35.56025, -15.86989 ], [ 35.55999, -15.81978 ], [ 35.60847, -15.79454 ], [ 35.6572, -15.81939 ], [ 35.65746, -15.86949 ], [ 35.60898, -15.89475 ] ] ] } },
{ "type": "Feature", "properties": { "pop": 32441.0 }, "geometry": { "type": "Polygon", "coordinates": [ [ [ 35.60822, -15.74445 ], [ 35.55949, -15.71961 ], [ 35.55924, -15.66953 ], [ 35.60771, -15.64431 ], [ 35.65644, -15.66914 ], [ 35.65669, -15.71921 ], [ 35.60822, -15.74445 ] ] ] } },
{ "type": "Feature", "properties": { "pop": 31694.0 }, "geometry": { "type": "Polygon", "coordinates": [ [ [ 35.60746, -15.59425 ], [ 35.55873, -15.56942 ], [ 35.55848, -15.51938 ], [ 35.60695, -15.49417 ], [ 35.65568, -15.51899 ], [ 35.65593, -15.56903 ], [ 35.60746, -15.59425 ] ] ] } },
{ "type": "Feature", "properties": { "pop": 9595.0 }, "geometry": { "type": "Polygon", "coordinates": [ [ [ 35.6067, -15.44415 ], [ 35.55798, -15.41934 ], [ 35.55772, -15.36933 ], [ 35.60619, -15.34413 ], [ 35.65491, -15.36894 ], [ 35.65517, -15.41894 ], [ 35.6067, -15.44415 ] ] ] } },
{ "type": "Feature", "properties": { "pop": 344.0 }, "geometry": { "type": "Polygon", "coordinates": [ [ [ 35.60594, -15.29414 ], [ 35.55722, -15.26934 ], [ 35.55697, -15.21937 ], [ 35.60543, -15.19419 ], [ 35.65415, -15.21898 ], [ 35.6544, -15.26895 ], [ 35.60594, -15.29414 ] ] ] } },
{ "type": "Feature", "properties": { "pop": 1531.0 }, "geometry": { "type": "Polygon", "coordinates": [ [ [ 35.60518, -15.14423 ], [ 35.55646, -15.11945 ], [ 35.55621, -15.0695 ], [ 35.60467, -15.04434 ], [ 35.65339, -15.06911 ], [ 35.65364, -15.11905 ], [ 35.60518, -15.14423 ] ] ] } },
{ "type": "Feature", "properties": { "pop": 31212.0 }, "geometry": { "type": "Polygon", "coordinates": [ [ [ 35.60442, -14.99441 ], [ 35.55571, -14.96964 ], [ 35.55545, -14.91972 ], [ 35.60391, -14.89458 ], [ 35.65262, -14.91933 ], [ 35.65288, -14.96925 ], [ 35.60442, -14.99441 ] ] ] } },
{ "type": "Feature", "properties": { "pop": 34598.0 }, "geometry": { "type": "Polygon", "coordinates": [ [ [ 35.60366, -14.84468 ], [ 35.55495, -14.81993 ], [ 35.5547, -14.77004 ], [ 35.60315, -14.74491 ], [ 35.65186, -14.76965 ], [ 35.65212, -14.81954 ], [ 35.60366, -14.84468 ] ] ] } },
{ "type": "Feature", "properties": { "pop": 22463.0 }, "geometry": { "type": "Polygon", "coordinates": [ [ [ 35.6029, -14.69504 ], [ 35.55419, -14.6703 ], [ 35.55394, -14.62045 ], [ 35.60239, -14.59533 ], [ 35.6511, -14.62006 ], [ 35.65135, -14.66991 ], [ 35.6029, -14.69504 ] ] ] } },
{ "type": "Feature", "properties": { "pop": 19327.0 }, "geometry": { "type": "Polygon", "coordinates": [ [ [ 35.60214, -14.54549 ], [ 35.55344, -14.52077 ], [ 35.55319, -14.47094 ], [ 35.60163, -14.44584 ], [ 35.65034, -14.47055 ], [ 35.65059, -14.52038 ], [ 35.60214, -14.54549 ] ] ] } },
{ "type": "Feature", "properties": { "pop": 20030.0 }, "geometry": { "type": "Polygon", "coordinates": [ [ [ 35.60138, -14.39603 ], [ 35.55268, -14.37132 ], [ 35.55243, -14.32152 ], [ 35.60088, -14.29643 ], [ 35.64957, -14.32113 ], [ 35.64983, -14.37093 ], [ 35.60138, -14.39603 ] ] ] } },
{ "type": "Feature", "properties": { "pop": 39946.0 }, "geometry": { "type": "Polygon", "coordinates": [ [ [ 35.65873, -16.12018 ], [ 35.60999, -16.0953 ], [ 35.60974, -16.04514 ], [ 35.65822, -16.01987 ], [ 35.70696, -16.04475 ], [ 35.70722, -16.0949 ], [ 35.65873, -16.12018 ] ] ] } },
{ "type": "Feature", "properties": { "pop": 37.0 }, "geometry": { "type": "Polygon", "coordinates": [ [ [ 35.65797, -15.96973 ], [ 35.60923, -15.94487 ], [ 35.60898, -15.89475 ], [ 35.65746, -15.86949 ], [ 35.70619, -15.89435 ], [ 35.70645, -15.94447 ], [ 35.65797, -15.96973 ] ] ] } },
{ "type": "Feature", "properties": { "pop": 45152.0 }, "geometry": { "type": "Polygon", "coordinates": [ [ [ 35.6572, -15.81939 ], [ 35.60847, -15.79454 ], [ 35.60822, -15.74445 ], [ 35.65669, -15.71921 ], [ 35.70543, -15.74406 ], [ 35.70568, -15.79414 ], [ 35.6572, -15.81939 ] ] ] } },
{ "type": "Feature", "properties": { "pop": 25994.0 }, "geometry": { "type": "Polygon", "coordinates": [ [ [ 35.65644, -15.66914 ], [ 35.60771, -15.64431 ], [ 35.60746, -15.59425 ], [ 35.65593, -15.56903 ], [ 35.70466, -15.59386 ], [ 35.70491, -15.64391 ], [ 35.65644, -15.66914 ] ] ] } },
{ "type": "Feature", "properties": { "pop": 14579.0 }, "geometry": { "type": "Polygon", "coordinates": [ [ [ 35.65568, -15.51899 ], [ 35.60695, -15.49417 ], [ 35.6067, -15.44415 ], [ 35.65517, -15.41894 ], [ 35.70389, -15.44376 ], [ 35.70415, -15.49378 ], [ 35.65568, -15.51899 ] ] ] } },
{ "type": "Feature", "properties": { "pop": 685.0 }, "geometry": { "type": "Polygon", "coordinates": [ [ [ 35.65491, -15.36894 ], [ 35.60619, -15.34413 ], [ 35.60594, -15.29414 ], [ 35.6544, -15.26895 ], [ 35.70312, -15.29375 ], [ 35.70338, -15.34374 ], [ 35.65491, -15.36894 ] ] ] } },
{ "type": "Feature", "properties": { "pop": 187.0 }, "geometry": { "type": "Polygon", "coordinates": [ [ [ 35.65415, -15.21898 ], [ 35.60543, -15.19419 ], [ 35.60518, -15.14423 ], [ 35.65364, -15.11905 ], [ 35.70236, -15.14383 ], [ 35.70261, -15.1938 ], [ 35.65415, -15.21898 ] ] ] } },
{ "type": "Feature", "properties": { "pop": 3721.0 }, "geometry": { "type": "Polygon", "coordinates": [ [ [ 35.65339, -15.06911 ], [ 35.60467, -15.04434 ], [ 35.60442, -14.99441 ], [ 35.65288, -14.96925 ], [ 35.70159, -14.99401 ], [ 35.70185, -15.04394 ], [ 35.65339, -15.06911 ] ] ] } },
{ "type": "Feature", "properties": { "pop": 30025.0 }, "geometry": { "type": "Polygon", "coordinates": [ [ [ 35.65262, -14.91933 ], [ 35.60391, -14.89458 ], [ 35.60366, -14.84468 ], [ 35.65212, -14.81954 ], [ 35.70082, -14.84428 ], [ 35.70108, -14.89418 ], [ 35.65262, -14.91933 ] ] ] } },
{ "type": "Feature", "properties": { "pop": 19543.0 }, "geometry": { "type": "Polygon", "coordinates": [ [ [ 35.65186, -14.76965 ], [ 35.60315, -14.74491 ], [ 35.6029, -14.69504 ], [ 35.65135, -14.66991 ], [ 35.70006, -14.69465 ], [ 35.70031, -14.74452 ], [ 35.65186, -14.76965 ] ] ] } },
{ "type": "Feature", "properties": { "pop": 13735.0 }, "geometry": { "type": "Polygon", "coordinates": [ [ [ 35.6511, -14.62006 ], [ 35.60239, -14.59533 ], [ 35.60214, -14.54549 ], [ 35.65059, -14.52038 ], [ 35.69929, -14.5451 ], [ 35.69955, -14.59494 ], [ 35.6511, -14.62006 ] ] ] } },
{ "type": "Feature", "properties": { "pop": 12894.0 }, "geometry": { "type": "Polygon", "coordinates": [ [ [ 35.65034, -14.47055 ], [ 35.60163, -14.44584 ], [ 35.60138, -14.39603 ], [ 35.64983, -14.37093 ], [ 35.69853, -14.39563 ], [ 35.69878, -14.44545 ], [ 35.65034, -14.47055 ] ] ] } },
{ "type": "Feature", "properties": { "pop": 11876.0 }, "geometry": { "type": "Polygon", "coordinates": [ [ [ 35.70696, -16.04475 ], [ 35.65822, -16.01987 ], [ 35.65797, -15.96973 ], [ 35.70645, -15.94447 ], [ 35.75519, -15.96934 ], [ 35.75544, -16.01948 ], [ 35.70696, -16.04475 ] ] ] } },
{ "type": "Feature", "properties": { "pop": 7280.0 }, "geometry": { "type": "Polygon", "coordinates": [ [ [ 35.70619, -15.89435 ], [ 35.65746, -15.86949 ], [ 35.6572, -15.81939 ], [ 35.70568, -15.79414 ], [ 35.75441, -15.81899 ], [ 35.75467, -15.8691 ], [ 35.70619, -15.89435 ] ] ] } },
{ "type": "Feature", "properties": { "pop": 40364.0 }, "geometry": { "type": "Polygon", "coordinates": [ [ [ 35.70543, -15.74406 ], [ 35.65669, -15.71921 ], [ 35.65644, -15.66914 ], [ 35.70491, -15.64391 ], [ 35.75364, -15.66875 ], [ 35.7539, -15.71882 ], [ 35.70543, -15.74406 ] ] ] } },
{ "type": "Feature", "properties": { "pop": 8282.0 }, "geometry": { "type": "Polygon", "coordinates": [ [ [ 35.70466, -15.59386 ], [ 35.65593, -15.56903 ], [ 35.65568, -15.51899 ], [ 35.70415, -15.49378 ], [ 35.75287, -15.5186 ], [ 35.75313, -15.56864 ], [ 35.70466, -15.59386 ] ] ] } },
{ "type": "Feature", "properties": { "pop": 23.0 }, "geometry": { "type": "Polygon", "coordinates": [ [ [ 35.70236, -15.14383 ], [ 35.65364, -15.11905 ], [ 35.65339, -15.06911 ], [ 35.70185, -15.04394 ], [ 35.75056, -15.06872 ], [ 35.75082, -15.11866 ], [ 35.70236, -15.14383 ] ] ] } },
{ "type": "Feature", "properties": { "pop": 15830.0 }, "geometry": { "type": "Polygon", "coordinates": [ [ [ 35.70159, -14.99401 ], [ 35.65288, -14.96925 ], [ 35.65262, -14.91933 ], [ 35.70108, -14.89418 ], [ 35.74979, -14.91894 ], [ 35.75005, -14.96886 ], [ 35.70159, -14.99401 ] ] ] } },
{ "type": "Feature", "properties": { "pop": 32124.0 }, "geometry": { "type": "Polygon", "coordinates": [ [ [ 35.70082, -14.84428 ], [ 35.65212, -14.81954 ], [ 35.65186, -14.76965 ], [ 35.70031, -14.74452 ], [ 35.74902, -14.76926 ], [ 35.74928, -14.81914 ], [ 35.70082, -14.84428 ] ] ] } },
{ "type": "Feature", "properties": { "pop": 11989.0 }, "geometry": { "type": "Polygon", "coordinates": [ [ [ 35.70006, -14.69465 ], [ 35.65135, -14.66991 ], [ 35.6511, -14.62006 ], [ 35.69955, -14.59494 ], [ 35.74825, -14.61966 ], [ 35.74851, -14.66952 ], [ 35.70006, -14.69465 ] ] ] } },
{ "type": "Feature", "properties": { "pop": 10290.0 }, "geometry": { "type": "Polygon", "coordinates": [ [ [ 35.69929, -14.5451 ], [ 35.65059, -14.52038 ], [ 35.65034, -14.47055 ], [ 35.69878, -14.44545 ], [ 35.74748, -14.47016 ], [ 35.74774, -14.51998 ], [ 35.69929, -14.5451 ] ] ] } },
{ "type": "Feature", "properties": { "pop": 23409.0 }, "geometry": { "type": "Polygon", "coordinates": [ [ [ 35.75596, -16.11978 ], [ 35.70722, -16.0949 ], [ 35.70696, -16.04475 ], [ 35.75544, -16.01948 ], [ 35.80418, -16.04435 ], [ 35.80444, -16.0945 ], [ 35.75596, -16.11978 ] ] ] } },
{ "type": "Feature", "properties": { "pop": 16532.0 }, "geometry": { "type": "Polygon", "coordinates": [ [ [ 35.75519, -15.96934 ], [ 35.70645, -15.94447 ], [ 35.70619, -15.89435 ], [ 35.75467, -15.8691 ], [ 35.80341, -15.89396 ], [ 35.80367, -15.94408 ], [ 35.75519, -15.96934 ] ] ] } },
{ "type": "Feature", "properties": { "pop": 22942.0 }, "geometry": { "type": "Polygon", "coordinates": [ [ [ 35.75441, -15.81899 ], [ 35.70568, -15.79414 ], [ 35.70543, -15.74406 ], [ 35.7539, -15.71882 ], [ 35.80263, -15.74366 ], [ 35.80289, -15.79375 ], [ 35.75441, -15.81899 ] ] ] } },
{ "type": "Feature", "properties": { "pop": 28754.0 }, "geometry": { "type": "Polygon", "coordinates": [ [ [ 35.75364, -15.66875 ], [ 35.70491, -15.64391 ], [ 35.70466, -15.59386 ], [ 35.75313, -15.56864 ], [ 35.80186, -15.59346 ], [ 35.80212, -15.64352 ], [ 35.75364, -15.66875 ] ] ] } },
{ "type": "Feature", "properties": { "pop": 513.0 }, "geometry": { "type": "Polygon", "coordinates": [ [ [ 35.75287, -15.5186 ], [ 35.70415, -15.49378 ], [ 35.70389, -15.44376 ], [ 35.75236, -15.41855 ], [ 35.80108, -15.44336 ], [ 35.80134, -15.49338 ], [ 35.75287, -15.5186 ] ] ] } },
{ "type": "Feature", "properties": { "pop": 984.0 }, "geometry": { "type": "Polygon", "coordinates": [ [ [ 35.75056, -15.06872 ], [ 35.70185, -15.04394 ], [ 35.70159, -14.99401 ], [ 35.75005, -14.96886 ], [ 35.79876, -14.99362 ], [ 35.79902, -15.04355 ], [ 35.75056, -15.06872 ] ] ] } },
{ "type": "Feature", "properties": { "pop": 16865.0 }, "geometry": { "type": "Polygon", "coordinates": [ [ [ 35.74979, -14.91894 ], [ 35.70108, -14.89418 ], [ 35.70082, -14.84428 ], [ 35.74928, -14.81914 ], [ 35.79799, -14.84389 ], [ 35.79825, -14.89379 ], [ 35.74979, -14.91894 ] ] ] } },
{ "type": "Feature", "properties": { "pop": 21348.0 }, "geometry": { "type": "Polygon", "coordinates": [ [ [ 35.74902, -14.76926 ], [ 35.70031, -14.74452 ], [ 35.70006, -14.69465 ], [ 35.74851, -14.66952 ], [ 35.79722, -14.69425 ], [ 35.79747, -14.74412 ], [ 35.74902, -14.76926 ] ] ] } },
{ "type": "Feature", "properties": { "pop": 7287.0 }, "geometry": { "type": "Polygon", "coordinates": [ [ [ 35.74825, -14.61966 ], [ 35.69955, -14.59494 ], [ 35.69929, -14.5451 ], [ 35.74774, -14.51998 ], [ 35.79644, -14.5447 ], [ 35.7967, -14.59454 ], [ 35.74825, -14.61966 ] ] ] } },
{ "type": "Feature", "properties": { "pop": 21795.0 }, "geometry": { "type": "Polygon", "coordinates": [ [ [ 35.80418, -16.04435 ], [ 35.75544, -16.01948 ], [ 35.75519, -15.96934 ], [ 35.80367, -15.94408 ], [ 35.8524, -15.96894 ], [ 35.85266, -16.01908 ], [ 35.80418, -16.04435 ] ] ] } },
{ "type": "Feature", "properties": { "pop": 16607.0 }, "geometry": { "type": "Polygon", "coordinates": [ [ [ 35.80341, -15.89396 ], [ 35.75467, -15.8691 ], [ 35.75441, -15.81899 ], [ 35.80289, -15.79375 ], [ 35.85163, -15.81859 ], [ 35.85188, -15.8687 ], [ 35.80341, -15.89396 ] ] ] } },
{ "type": "Feature", "properties": { "pop": 9614.0 }, "geometry": { "type": "Polygon", "coordinates": [ [ [ 35.80263, -15.74366 ], [ 35.7539, -15.71882 ], [ 35.75364, -15.66875 ], [ 35.80212, -15.64352 ], [ 35.85085, -15.66835 ], [ 35.85111, -15.71842 ], [ 35.80263, -15.74366 ] ] ] } },
{ "type": "Feature", "properties": { "pop": 20767.0 }, "geometry": { "type": "Polygon", "coordinates": [ [ [ 35.80186, -15.59346 ], [ 35.75313, -15.56864 ], [ 35.75287, -15.5186 ], [ 35.80134, -15.49338 ], [ 35.85007, -15.5182 ], [ 35.85033, -15.56824 ], [ 35.80186, -15.59346 ] ] ] } },
{ "type": "Feature", "properties": { "pop": 705.0 }, "geometry": { "type": "Polygon", "coordinates": [ [ [ 35.80108, -15.44336 ], [ 35.75236, -15.41855 ], [ 35.7521, -15.36854 ], [ 35.80057, -15.34334 ], [ 35.84929, -15.36814 ], [ 35.84955, -15.41815 ], [ 35.80108, -15.44336 ] ] ] } },
{ "type": "Feature", "properties": { "pop": 1129.0 }, "geometry": { "type": "Polygon", "coordinates": [ [ [ 35.80031, -15.29335 ], [ 35.75159, -15.26856 ], [ 35.75133, -15.21858 ], [ 35.7998, -15.1934 ], [ 35.84852, -15.21818 ], [ 35.84877, -15.26816 ], [ 35.80031, -15.29335 ] ] ] } },
{ "type": "Feature", "properties": { "pop": 87.0 }, "geometry": { "type": "Polygon", "coordinates": [ [ [ 35.79954, -15.14344 ], [ 35.75082, -15.11866 ], [ 35.75056, -15.06872 ], [ 35.79902, -15.04355 ], [ 35.84774, -15.06832 ], [ 35.848, -15.11826 ], [ 35.79954, -15.14344 ] ] ] } },
{ "type": "Feature", "properties": { "pop": 10246.0 }, "geometry": { "type": "Polygon", "coordinates": [ [ [ 35.79876, -14.99362 ], [ 35.75005, -14.96886 ], [ 35.74979, -14.91894 ], [ 35.79825, -14.89379 ], [ 35.84696, -14.91854 ], [ 35.84722, -14.96846 ], [ 35.79876, -14.99362 ] ] ] } },
{ "type": "Feature", "properties": { "pop": 15859.0 }, "geometry": { "type": "Polygon", "coordinates": [ [ [ 35.79799, -14.84389 ], [ 35.74928, -14.81914 ], [ 35.74902, -14.76926 ], [ 35.79747, -14.74412 ], [ 35.84618, -14.76886 ], [ 35.84644, -14.81874 ], [ 35.79799, -14.84389 ] ] ] } },
{ "type": "Feature", "properties": { "pop": 12821.0 }, "geometry": { "type": "Polygon", "coordinates": [ [ [ 35.79722, -14.69425 ], [ 35.74851, -14.66952 ], [ 35.74825, -14.61966 ], [ 35.7967, -14.59454 ], [ 35.84541, -14.61927 ], [ 35.84567, -14.66912 ], [ 35.79722, -14.69425 ] ] ] } },
{ "type": "Feature", "properties": { "pop": 2180.0 }, "geometry": { "type": "Polygon", "coordinates": [ [ [ 35.8524, -15.96894 ], [ 35.80367, -15.94408 ], [ 35.80341, -15.89396 ], [ 35.85188, -15.8687 ], [ 35.90062, -15.89355 ], [ 35.90088, -15.94367 ], [ 35.8524, -15.96894 ] ] ] } },
{ "type": "Feature", "properties": { "pop": 2672.0 }, "geometry": { "type": "Polygon", "coordinates": [ [ [ 35.85163, -15.81859 ], [ 35.80289, -15.79375 ], [ 35.80263, -15.74366 ], [ 35.85111, -15.71842 ], [ 35.89984, -15.74326 ], [ 35.9001, -15.79335 ], [ 35.85163, -15.81859 ] ] ] } },
{ "type": "Feature", "properties": { "pop": 5559.0 }, "geometry": { "type": "Polygon", "coordinates": [ [ [ 35.85085, -15.66835 ], [ 35.80212, -15.64352 ], [ 35.80186, -15.59346 ], [ 35.85033, -15.56824 ], [ 35.89906, -15.59306 ], [ 35.89932, -15.64312 ], [ 35.85085, -15.66835 ] ] ] } },
{ "type": "Feature", "properties": { "pop": 1105.0 }, "geometry": { "type": "Polygon", "coordinates": [ [ [ 35.85007, -15.5182 ], [ 35.80134, -15.49338 ], [ 35.80108, -15.44336 ], [ 35.84955, -15.41815 ], [ 35.89828, -15.44296 ], [ 35.89854, -15.49298 ], [ 35.85007, -15.5182 ] ] ] } },
{ "type": "Feature", "properties": { "pop": 527.0 }, "geometry": { "type": "Polygon", "coordinates": [ [ [ 35.84929, -15.36814 ], [ 35.80057, -15.34334 ], [ 35.80031, -15.29335 ], [ 35.84877, -15.26816 ], [ 35.8975, -15.29295 ], [ 35.89776, -15.34294 ], [ 35.84929, -15.36814 ] ] ] } },
{ "type": "Feature", "properties": { "pop": 4628.0 }, "geometry": { "type": "Polygon", "coordinates": [ [ [ 35.84774, -15.06832 ], [ 35.79902, -15.04355 ], [ 35.79876, -14.99362 ], [ 35.84722, -14.96846 ], [ 35.89594, -14.99322 ], [ 35.8962, -15.04315 ], [ 35.84774, -15.06832 ] ] ] } },
{ "type": "Feature", "properties": { "pop": 159.0 }, "geometry": { "type": "Polygon", "coordinates": [ [ [ 35.84696, -14.91854 ], [ 35.79825, -14.89379 ], [ 35.79799, -14.84389 ], [ 35.84644, -14.81874 ], [ 35.89516, -14.84349 ], [ 35.89542, -14.89339 ], [ 35.84696, -14.91854 ] ] ] } },
{ "type": "Feature", "properties": { "pop": 13334.0 }, "geometry": { "type": "Polygon", "coordinates": [ [ [ 35.84618, -14.76886 ], [ 35.79747, -14.74412 ], [ 35.79722, -14.69425 ], [ 35.84567, -14.66912 ], [ 35.89438, -14.69385 ], [ 35.89464, -14.74372 ], [ 35.84618, -14.76886 ] ] ] } },
{ "type": "Feature", "properties": { "pop": 163.0 }, "geometry": { "type": "Polygon", "coordinates": [ [ [ 35.84541, -14.61927 ], [ 35.7967, -14.59454 ], [ 35.79644, -14.5447 ], [ 35.84489, -14.51959 ], [ 35.8936, -14.5443 ], [ 35.89386, -14.59414 ], [ 35.84541, -14.61927 ] ] ] } },
{ "type": "Feature", "properties": { "pop": 3134.0 }, "geometry": { "type": "Polygon", "coordinates": [ [ [ 35.89594, -14.99322 ], [ 35.84722, -14.96846 ], [ 35.84696, -14.91854 ], [ 35.89542, -14.89339 ], [ 35.94413, -14.91814 ], [ 35.94439, -14.96806 ], [ 35.89594, -14.99322 ] ] ] } },
{ "type": "Feature", "properties": { "pop": 75.0 }, "geometry": { "type": "Polygon", "coordinates": [ [ [ 35.89516, -14.84349 ], [ 35.84644, -14.81874 ], [ 35.84618, -14.76886 ], [ 35.89464, -14.74372 ], [ 35.94335, -14.76846 ], [ 35.94361, -14.81834 ], [ 35.89516, -14.84349 ] ] ] } },
{ "type": "Feature", "properties": { "pop": 804.0 }, "geometry": { "type": "Polygon", "coordinates": [ [ [ 35.89438, -14.69385 ], [ 35.84567, -14.66912 ], [ 35.84541, -14.61927 ], [ 35.89386, -14.59414 ], [ 35.94256, -14.61887 ], [ 35.94282, -14.66872 ], [ 35.89438, -14.69385 ] ] ] } },
{ "type": "Feature", "properties": { "pop": 12.0 }, "geometry": { "type": "Polygon", "coordinates": [ [ [ 35.94413, -14.91814 ], [ 35.89542, -14.89339 ], [ 35.89516, -14.84349 ], [ 35.94361, -14.81834 ], [ 35.99232, -14.84309 ], [ 35.99258, -14.89299 ], [ 35.94413, -14.91814 ] ] ] } }
]
}
