facility_code,facility_name,admin1,admin2,facility_type,latitude,longitude,catchment_population,catchment_category
100675-8,CANOSSA,Arusha,Arusha,Dispensary,-3.45802,36.71262,7375,High
124407-8,ARUSHA LIFECARE MEDICAL  CENTRE,Arusha,Arusha,Health Laboratory,-3.37721,36.67611,2986,Low
107809-6,TERRAT,Arusha,Arusha,Dispensary,-3.454225,36.652426,12280,Very High
100909-1,COGI DARAJA II,Arusha,Arusha,Dispensary,-3.387378,36.690832,9153,Very High
109516-5,NADOSOITO,Arusha,Arusha,Dispensary,-3.493953,36.681011,11594,Very High
111552-6,AFYA MAX,Arusha,Arusha,Clinic,-3.365947,36.675616,3263,Low
102269-8,KAM Med,Arusha,Arusha,Health Center,-3.378285,36.696048,2747,Low
111489-1,KANAAN LAND,Arusha,Arusha,Dispensary,-3.405768,36.644791,17283,Very High
111784-5,KIMAHAMA,Arusha,Arusha,Clinic,-3.367506,36.68474,229,Very Low
112007-0,SHAMSI,Arusha,Arusha,Health Laboratory,-3.37261,36.66517,6226,High
100188-2,ARUSHA LUTHERAN MEDICAL CENTRE CENTER,Arusha,Arusha,Hospital,-3.36626,36.68231,2043,Very Low
108577-8,AGA KHAN,Arusha,Arusha,Clinic,-3.37077,36.68944,622,Very Low
105312-3,MOSHONO,Arusha,Arusha,Dispensary,-3.40497,36.7301,22305,Very High
109601-5,AICC,Arusha,Arusha,Hospital,-3.37481,36.69946,168,Very Low
123541-5,SAFARI B,Arusha,Arusha,Health Laboratory,-3.39156,36.71307,9265,Very High
111844-7,JOBI,Arusha,Arusha,Dispensary,-3.375044,36.676086,1213,Very Low
124006-8,ST. MICHAEL HEALTH CARE,Arusha,Arusha,Dispensary,-3.38433,36.67871,3200,Low
111997-3,MORDEN,Arusha,Arusha,Health Laboratory,-3.37521,36.67407,3898,Moderate
112384-3,ARUSHA CITY,Arusha,Arusha,Hospital,-3.419736,36.704657,12544,Very High
124406-0,AFYARISE,Arusha,Arusha,Health Laboratory,-6.45679,38.21149,243,Very Low
101379-6,HOLY FAMILY,Arusha,Arusha,Clinic,-3.41223,36.70756,5906,High
113632-4,FM HEALTH CARE,Arusha,Arusha,Health Laboratory,-3.36734,36.72587,3044,Low
106910-3,OLKEREYAN,Arusha,Arusha,Dispensary,-3.43613,36.72062,8827,High
113640-7,SMART,Arusha,Arusha,Health Laboratory,-3.405221,36.645555,13364,Very High
111223-4,TBL,Arusha,Arusha,Dispensary,-3.38329,36.69911,4876,Moderate
113622-5,MAJENGO,Arusha,Arusha,Health Laboratory,-3.37093,36.66064,3291,Low
107868-2,TOTAL CARE,Arusha,Arusha,Health Center,-3.39064,36.70467,2574,Low
100187-4,ARUSHA HEALTH CENTRE FOR WOMEN,Arusha,Arusha,Health Center,-3.36106,36.68535,1442,Very Low
100192-4,ARUSHA X-RAY CENTRE,Arusha,Arusha,Dispensary,-3.36579,36.699,1002,Very Low
109812-8,MATEVES,Arusha,Arusha,Dispensary,-3.359082,36.601756,8111,High
113551-6,BARAA,Arusha,Arusha,Health Laboratory,-3.37256,36.7378,8244,High
110873-7,AVETI,Arusha,Arusha,Clinic,-3.36314,36.69035,1581,Very Low
102755-6,KIJENGE RC,Arusha,Arusha,Dispensary,-3.3816,36.70815,2408,Low
112912-1,St Joseph Health Care International,Arusha,Arusha,Hospital,-3.360253,36.658594,6164,High
109790-6,TANGANYIKA PACKERS,Arusha,Arusha,Dispensary,-3.408887,36.745975,12391,Very High
112001-3,MICO PALLOT,Arusha,Arusha,Health Laboratory,-3.38373,36.67416,6908,High
103490-9,LEVOLOSI,Arusha,Arusha,Health Center,-3.37227,36.6799,1013,Very Low
110462-9,DOSIL,Arusha,Arusha,Dispensary,-3.4102,36.658531,8820,High
113627-4,BETHELI,Arusha,Arusha,Health Laboratory,-3.386244,36.726143,10437,Very High
121157-2,BARAA,Arusha,Arusha,Dispensary,-3.3794400000000002,36.73552,8628,High
112918-8,BANK OF TANZANIA,Arusha,Arusha,Clinic,-3.36951,36.69325,916,Very Low
104331-4,MARIE STOPES,Arusha,Arusha,Dispensary,-3.375013,36.684394,769,Very Low
101462-0,ITHNAASHERI CHARITABLE,Arusha,Arusha,Clinic,-3.37424,36.68132,759,Very Low
123643-9,ADN CARE,Arusha,Arusha,Health Center,-3.37589,36.70298,588,Very Low
106891-5,OLD ARUSHA,Arusha,Arusha,Health Center,-3.37439,36.69686,806,Very Low
111488-3,ST RAPHAEL,Arusha,Arusha,Dispensary,-3.36065,36.69618,343,Very Low
113629-0,SMART,Arusha,Arusha,Clinic,-3.37187,36.69877,664,Very Low
122602-6,NORLAN,Arusha,Arusha,Dispensary,-3.45573,36.72421,5324,Moderate
120897-4,HAYAAT,Arusha,Arusha,Clinic,-3.37051,36.69912,926,Very Low
113549-0,VICTORY,Arusha,Arusha,Health Laboratory,-3.37681,36.70717,3531,Low
110725-9,OLORIEN COMMUNITY,Arusha,Arusha,Dispensary,-3.38774,36.71161,1764,Very Low
111974-2,SEKEI,Arusha,Arusha,Health Laboratory,-3.36287,36.70447,1763,Very Low
111491-7,JMS HUMAN HEALTH,Arusha,Arusha,Dispensary,-3.365352,36.689535,657,Very Low
112836-2,LARUSA,Arusha,Arusha,Clinic,-3.369451,36.686845,219,Very Low
110831-5,COGI AMAN OLASITI,Arusha,Arusha,Dispensary,-3.41753,36.65603,10181,Very High
111964-3,CITY CENTRE,Arusha,Arusha,Health Laboratory,-3.36786,36.68499,214,Very Low
106358-5,NGARENARO,Arusha,Arusha,Health Center,-3.37346,36.68146,296,Very Low
111956-9,NZUNDUKA,Arusha,Arusha,Health Laboratory,-3.38012,36.65985,4470,Moderate
101134-5,FARAJA,Arusha,Arusha,Dispensary,-3.37231,36.68135,692,Very Low
122268-6,HEIN,Arusha,Arusha,Clinic,-3.36193,36.69596,152,Very Low
113550-8,FORWARD MODERN,Arusha,Arusha,Health Laboratory,-3.39125,36.673492,8618,High
107008-5,POLICE,Arusha,Arusha,Dispensary,-3.36811,36.69189,662,Very Low
105112-7,MKONOO,Arusha,Arusha,Health Center,-3.46341,36.69805,11888,Very High
113623-3,WELINESS,Arusha,Arusha,Dispensary,-3.386351,36.660058,8550,High
113552-4,AVINTA CARE,Arusha,Arusha,Health Laboratory,-3.37622,36.7024,1163,Very Low
121333-9,A TO Z,Arusha,Arusha,Dispensary,-3.38333,36.59226,10439,Very High
111998-1,KIAZE,Arusha,Arusha,Health Laboratory,-3.36279,36.67261,2139,Very Low
113628-2,HEALTH4ALL,Arusha,Arusha,Clinic,-3.373656,36.699567,541,Very Low
109552-0,DARAJA II,Arusha,Arusha,Health Center,-3.38057,36.68765,2901,Low
107527-4,SOMBETINI,Arusha,Arusha,Dispensary,-3.39463,36.665003,2860,Low
123163-8,CABRIM,Arusha,Arusha,Dispensary,-3.40549,36.66653,8710,High
114594-5,MOSHONO,Arusha,Arusha,Health Center,-3.44421,36.7151,5458,Moderate
101224-4,GLORIA,Arusha,Arusha,Dispensary,-3.361671,36.697168,776,Very Low
123183-6,YOUHEAL,Arusha,Arusha,Clinic,-3.38578,36.72323,7637,High
113542-5,MICO SAJE,Arusha,Arusha,Dispensary,-3.430558,36.678524,19888,Very High
107817-9,THEMI,Arusha,Arusha,Health Center,-3.39838,36.70107,11273,Very High
110726-7,SHAMAH,Arusha,Arusha,Dispensary,-3.384721,36.681034,2294,Low
124005-0,CITYSMILE,Arusha,Arusha,Clinic,-3.38156,36.70945,1050,Very Low
112005-4,USANDA,Arusha,Arusha,Health Laboratory,-3.42054,36.65796,3111,Low
114497-1,ST GEMA,Arusha,Arusha,Health Center,-3.37477,36.69964,103,Very Low
122943-4,FMCARE,Arusha,Arusha,Dispensary,-3.36729,36.43335,434,Very Low
121091-3,DARAJA MBILI,Arusha,Arusha,Dispensary,-3.42678,36.66784,17575,Very High
120470-0,DELIGHT,Arusha,Arusha,Clinic,-3.39329,36.70503,596,Very Low
121380-0,EL-SHADAI,Arusha,Arusha,Dispensary,-3.36256,36.67537,4767,Moderate
108142-1,UPONE CHARITABLE,Arusha,Arusha,Dispensary,-3.376765,36.660904,2179,Low
109983-7,KIMANDOLU,Arusha,Arusha,Dispensary,-3.371417,36.722325,8934,High
101355-6,Heri,Arusha,Arusha,Dispensary,-3.38638,36.68523,4531,Moderate
110721-8,FMM,Arusha,Arusha,Clinic,-3.362834,36.7009,1844,Very Low
110727-5,SINONI,Arusha,Arusha,Dispensary,-3.41708,36.6876,12287,Very High
100364-9,BIKIRA MARIA MAMA WA HURUMA,Arusha,Arusha,Health Center,-3.36571,36.68761,784,Very Low
123471-5,AGA KHAN,Arusha,Arusha,Clinic,-3.37077,36.68944,622,Very Low
110911-5,SAKINA,Arusha,Arusha,Dispensary,-3.36137,36.67014,2618,Low
110919-8,WELL POINT,Arusha,Arusha,Dispensary,-3.40508,36.705694,6755,High
124330-2,KIVUYO HOPE,Arusha,Arusha,Health Laboratory,-3.36425,36.58232,1929,Very Low
102258-1,KALOLENI,Arusha,Arusha,Health Center,-3.369322,36.688577,333,Very Low
108118-1,UPENDO,Arusha,Arusha,Dispensary,-3.360182,36.696237000000004,1371,Very Low
112314-0,SUNBEAM OPTICAL CENTRE,Arusha,Arusha,Clinic,-3.374242,36.684171,332,Very Low
124022-5,LC AFYAPRIME MEDICARE,Arusha,Arusha,Dispensary,-3.25451,36.40291,1633,Very Low
112316-5,VISION CARE,Arusha,Arusha,Clinic,-3.37181,36.68789,105,Very Low
111255-6,THE DENTAL PLAZA LIMITED,Arusha,Arusha,Clinic,-3.40854,36.70658,2262,Low
109982-9,ELERAI,Arusha,Arusha,Dispensary,-3.368833,36.658632,4473,Moderate
111957-7,HIGHWAY HEALTH,Arusha,Arusha,Health Laboratory,-3.39452,36.66518,4853,Moderate
111958-5,CURARE,Arusha,Arusha,Health Laboratory,-3.37033,36.68735,142,Very Low
111960-1,TAHFIFU,Arusha,Arusha,Health Laboratory,-3.37467,36.67456,2135,Very Low
111783-7,N.G LIGHT,Arusha,Arusha,Dispensary,-3.44181,36.66592,21616,Very High
108580-2,SUNNI MUSLIM CHARITABLE,Arusha,Arusha,Clinic,-3.3717800000000002,36.68668,107,Very Low
111959-3,BUTURI,Arusha,Arusha,Health Laboratory,-3.38578,36.70966,2601,Low
111965-0,ARUSHA JUNIOR,Arusha,Arusha,Dispensary,-3.368606,36.681106,1452,Very Low
111966-8,AMANI GE,Arusha,Arusha,Health Laboratory,-3.36825,36.68539,280,Very Low
111983-3,NEEMA,Arusha,Arusha,Health Laboratory,-3.37232,36.68052,233,Very Low
111996-5,SOFTMED,Arusha,Arusha,Health Laboratory,-3.43811,36.70531,20176,Very High
100320-1,BARAA RC,Arusha,Arusha,Dispensary,-3.38882,36.73671,14966,Very High
110715-0,LCC HURUMA,Arusha,Arusha,Dispensary,-3.418995,36.658198,5454,Moderate
112315-7,SAMMY EYE CARE,Arusha,Arusha,Clinic,-3.36999,36.685859,324,Very Low
112318-1,VISION PERFECT LIMITED,Arusha,Arusha,Clinic,-3.37217,36.69415,723,Very Low
123188-5,VISION CARE,Arusha,Arusha,Clinic,-3.39788,36.70476,2273,Low
109980-3,OLORIENI,Arusha,Arusha,Dispensary,-3.385231,36.714165,3440,Low
121972-4,METROPOLIS HEALTH CARE  TANZANIA LIMITED,Arusha,Arusha,Health Laboratory,-3.36686,36.68834,291,Very Low
112317-3,STAR OPTOMETRY,Arusha,Arusha,Clinic,-3.361102,36.684911,1935,Very Low
124144-7,GRAN MELIA ARUSHA,Arusha,Arusha,Clinic,-3.37079,36.70698,6605,High
101053-7,EBEN,Arusha,Arusha,Dispensary,-3.36372,36.68965,668,Very Low
122343-7,MKOMBOZI,Arusha,Arusha,Clinic,-3.41733,36.69166,10665,Very High
114422-9,SAMARITAN VILLAGE,Arusha,Arusha,Dispensary,-3.40194,36.74548,9647,Very High
109439-0,MAGEREZA,Arusha,Arusha,Dispensary,-3.369214,36.619845,5212,Moderate
114498-9,BARAKA,Arusha,Arusha,Dispensary,-3.403896,36.6787,15346,Very High
124027-4,AMENAH'S,Arusha,Arusha,Dispensary,-3.37603,36.66193,805,Very Low
112377-7,MURIET,Arusha,Arusha,Health Center,-3.440929,36.654003,15655,Very High
111982-5,AGAPE,Arusha,Arusha,Health Laboratory,-3.396758,36.658008,13684,Very High
107272-7,SANAWARI,Arusha,Arusha,Dispensary,-3.362164,36.695852,872,Very Low
121378-4,PHYSIOCARE,Arusha,Arusha,Physiotherapy Clinic,-3.39398,36.70832,2089,Very Low
120339-7,AVINTACARE MEDICAL CENTRE,Arusha,Arusha,Health Center,-3.375,36.7025,871,Very Low
123224-8,DII,Arusha,Arusha,Clinic,-3.39384,36.70809,788,Very Low
105272-9,MOIVARO,Arusha,Arusha,Health Center,-3.39281,36.7559,10400,Very High
110823-2,NJIRO SDA,Arusha,Arusha,Dispensary,-3.40858,36.70727,3869,Low
113630-8,HAYAAT,Arusha,Arusha,Clinic,-3.37051,36.69911,460,Very Low
113543-3,PRINCE,Arusha,Arusha,Health Laboratory,-3.37626,36.66222,843,Very Low
120877-6,TABASAMU,Arusha,Arusha,Clinic,-3.3667,36.68798,271,Very Low
122847-7,ANNOINTING MEDICAL,Arusha,Arusha,Dispensary,-3.40767,36.67525,12751,Very High
112378-5,OLMOTI,Arusha,Arusha,Dispensary,-3.426427,36.593784,6616,High
107581-1,ST. ELIZABETH,Arusha,Arusha,Hospital,-3.368883,36.677593,2477,Low
120261-3,FIRST CARE,Arusha,Arusha,Dispensary,-3.39336,36.67896,10714,Very High
110723-4,HIGHWAY,Arusha,Arusha,Dispensary,-3.3729,36.68527,413,Very Low
120757-0,PATRICK PEYTON RC,Arusha,Arusha,Health Center,-3.40019,36.66621,6003,High
101121-2,FAITH,Arusha,Arusha,Dispensary,-3.36737,36.72316,7871,High
111963-5,CHARITY MODERN,Arusha,Arusha,Health Laboratory,-3.38155,36.66116,3572,Low
103705-0,LULU MEDICAL,Arusha,Arusha,Dispensary,-3.37824,36.6625,3527,Low
113547-4,RESPECT,Arusha,Arusha,Health Laboratory,-3.38497,36.68385,1256,Very Low
120895-8,SUNSHINE,Arusha,Arusha,Dispensary,-3.40321,36.75906,10941,Very High
113625-8,GEMSA,Arusha,Arusha,Clinic,-3.37508,36.69968,659,Very Low
110921-4,ZEBRA,Arusha,Arusha,Clinic,-3.366802,36.684627,763,Very Low
100190-8,ARUSHA SCHOOL,Arusha,Arusha,Dispensary,-3.3742,36.69426,1049,Very Low
113548-2,KUHENGA,Arusha,Arusha,Health Laboratory,-3.36363,36.66777,5028,Moderate
113544-1,TRUE,Arusha,Arusha,Health Laboratory,-3.41618,36.65687,3595,Low
105316-4,MT. MERU,Arusha,Arusha,Hospital,-3.36642,36.69498,1390,Very Low
112832-1,NGULELO,Arusha,Arusha,Clinic,-3.36597,36.72672,5117,Moderate
112000-5,LANCET,Arusha,Arusha,Health Laboratory,-3.37264,36.68842,631,Very Low
123714-8,ROLAND HEALTH CARE,Arusha,Arusha,Clinic,-3.39363,36.70389,1367,Very Low
107442-6,SHREE HINDU,Arusha,Arusha,Hospital,-3.37712,36.68922,2431,Low
111486-7,NSK,Arusha,Arusha,Hospital,-3.380651,36.684811,2045,Very Low
123008-5,LANCET GEMSA,Arusha,Arusha,Health Laboratory,-3.37508,36.69968,659,Very Low
122784-2,HEALTH-4-ALL,Arusha,Arusha,Maternity Home,-3.22245,36.41591,5193,Moderate
120896-6,ORBIT,Arusha,Arusha,Clinic,-3.37051,36.69912,926,Very Low
113626-6,WANJIRO,Arusha,Arusha,Health Laboratory,-3.416383,36.704574,4690,Moderate
107637-1,ST. THOMAS,Arusha,Arusha,Health Center,-3.372425,36.688475,172,Very Low
112930-3,MOYO MEDICARE,Arusha,Arusha,Clinic,-3.364268,36.698327,728,Very Low
111782-9,HOPE,Arusha,Arusha,Dispensary,-3.424183,36.658004,14150,Very High
113631-6,QUBE,Arusha,Arusha,Health Laboratory,-3.37452,36.73815,6803,High
100309-4,BANGATA LUTHERAN,Arusha,Arusha,Dispensary,-3.33582,36.74476,4778,Moderate
109595-9,SELIAN,Arusha,Arusha,Hospital,-3.32548,36.6501,12389,Very High
113656-3,ASHENGAI,Arusha,Arusha,Health Laboratory,-3.38493,36.58884,4468,Moderate
102913-1,KIMNYAKI MAASAI,Arusha,Arusha,Dispensary,-3.31311,36.64154,860,Very Low
121779-3,KIVULUL,Arusha,Arusha,Dispensary,-3.34075,36.70718,3797,Low
113654-8,KISONGO,Arusha,Arusha,Health Laboratory,-3.372808,36.571935,1995,Very Low
111143-4,PAMOJA,Arusha,Arusha,Clinic,-3.31926,36.63523,5102,Moderate
111967-6,TUMAINIJEMA,Arusha,Arusha,Health Laboratory,-3.35025,36.64896,16228,Very High
124255-1,LEMGUR,Arusha,Arusha,Dispensary,-3.42247,36.57694,3186,Low
121490-7,ILBORU SECONDARY,Arusha,Arusha,Dispensary,-3.34715,36.68728,9306,Very High
109788-0,ESSOKA,Arusha,Arusha,Dispensary,-3.60492,36.66354,2611,Low
101745-8,ILKREVI,Arusha,Arusha,Dispensary,-3.37545,36.68302,1152,Very Low
109545-4,SAMBASHA,Arusha,Arusha,Dispensary,-3.293279,36.673411,8403,High
106388-2,NGIRES,Arusha,Arusha,Dispensary,-3.33731,36.7346,3243,Low
109536-3,KISONGO CHARITABLE,Arusha,Arusha,Health Center,-3.37211,36.57025,7824,High
100916-6,COGI NGARAMTONI,Arusha,Arusha,Dispensary,-3.31571,36.6388,972,Very Low
123170-3,OLEMASEKE,Arusha,Arusha,Dispensary,-3.35735,36.68373,6390,High
106418-7,NGORBOBO,Arusha,Arusha,Dispensary,-3.37559,36.57303,3832,Low
106900-4,OLDONYO SAMBU,Arusha,Arusha,Health Center,-3.15592001,36.68288001,10928,Very High
105727-2,MUUNGANO,Arusha,Arusha,Dispensary,-3.45362,36.71341,5138,Moderate
121897-3,ILKUROT,Arusha,Arusha,Dispensary,-3.21224,36.62733,6597,High
106913-7,OLKOKOLA,Arusha,Arusha,Health Center,-3.24666,36.64528,14114,Very High
104673-9,MBUYUNI,Arusha,Arusha,Health Center,-3.574294,36.65867,5563,Moderate
103468-5,LENGIJAVE,Arusha,Arusha,Dispensary,-3.22259,36.6029,8982,High
106904-6,OLDONYOWASI,Arusha,Arusha,Dispensary,-3.16025001,36.703001,5267,Moderate
120304-1,DR MASUDI,Arusha,Arusha,Dispensary,-3.37367,36.57231,480,Very Low
109693-2,ZACI ILKIDING'A,Arusha,Arusha,Dispensary,-3.32286,36.68443,10367,Very High
111144-2,MOUNT MERU,Arusha,Arusha,Dispensary,-3.362067,36.704846,702,Very Low
109813-6,MIRONGOINE,Arusha,Arusha,Dispensary,-3.60759,36.66324,1947,Very Low
123975-5,NAMAYANI,Arusha,Arusha,Dispensary,-3.39563,36.53261,4242,Moderate
124385-6,ANGESCENCIA,Arusha,Arusha,Dispensary,-3.33867,36.69987,7183,High
123273-5,ST.BAJO,Arusha,Arusha,Health Laboratory,-3.36133,36.70523,12336,Very High
106906-1,OLGILAI,Arusha,Arusha,Dispensary,-3.34238,36.72191,9129,Very High
107338-6,KISONGO SDA,Arusha,Arusha,Dispensary,-3.370954,36.546784,4483,Moderate
105691-0,MUNGUSH,Arusha,Arusha,Dispensary,-3.53059,36.83493,3224,Low
120876-8,GOOD HOPE FAMILY,Arusha,Arusha,Dispensary,-3.31192,36.64026,1123,Very Low
121619-1,UMOJA,Arusha,Arusha,Dispensary,-3.33814,36.741954,675,Very Low
103487-5,LESIRAA,Arusha,Arusha,Dispensary,-3.396869,36.506901,3142,Low
109462-2,ESTHER NGARAMTONI,Arusha,Arusha,Dispensary,-3.31241,36.64039,364,Very Low
121896-5,LOVILUKUNY,Arusha,Arusha,Dispensary,-3.40269,36.54774,3852,Low
103805-8,M&M KIWERA,Arusha,Arusha,Dispensary,-3.35912,36.66115,4975,Moderate
110712-7,OLCHOROVOSI,Arusha,Arusha,Dispensary,-3.35641,36.66751,8594,High
103131-9,KISONGO LUTHERAN,Arusha,Arusha,Dispensary,-3.37077,36.58481,3798,Low
121675-3,NAMELOK,Arusha,Arusha,Dispensary,-3.13514,36.74372,2870,Low
120444-5,MIDAWE,Arusha,Arusha,Dispensary,-3.340105,36.744204,3067,Low
124254-4,KIGONGONI,Arusha,Arusha,Dispensary,-3.53682,36.77853,2390,Low
106922-8,OLTRUMENT,Arusha,Arusha,Hospital,-3.30344,36.60487,12327,Very High
105273-7,MOIVO,Arusha,Arusha,Dispensary,-3.350111,36.70016,7737,High
101800-1,IMBIBIA,Arusha,Arusha,Dispensary,-3.265367,36.56532,10023,Very High
120349-6,ELI SPECIALIZED POLYCLINIC,Arusha,Arusha,Clinic,-3.31736,36.63355,1334,Very Low
104283-7,MANYIRE,Arusha,Arusha,Dispensary,-3.457352,36.805677,7537,High
124259-3,SONGAMBELE,Arusha,Arusha,Health Center,-3.55963,36.81094,2587,Low
121722-3,OLORIEN,Arusha,Arusha,Health Center,-3.3226,36.64204,8681,High
103512-0,LIKAMBA,Arusha,Arusha,Dispensary,-3.32382,36.54664,5597,Moderate
102981-8,KIOGA,Arusha,Arusha,Dispensary,-3.32543,36.6982,6825,High
124257-7,LAROI,Arusha,Arusha,Dispensary,-3.49457,36.62384,6916,High
113650-6,ILBORU,Arusha,Arusha,Health Laboratory,-3.35787,36.69103,3013,Low
123009-3,AFYA,Arusha,Arusha,Health Laboratory,-3.32831,36.62291,6356,High
111880-1,HOREBU HILL,Arusha,Arusha,Dispensary,-3.31431,36.64286,3992,Moderate
113655-5,KISAU,Arusha,Arusha,Health Laboratory,-3.37465,36.56958,5182,Moderate
103589-8,LOSINONI,Arusha,Arusha,Dispensary,-3.13209,36.72001,3087,Low
111366-1,EKENYWA,Arusha,Arusha,Dispensary,-3.304082,36.643429,7857,High
100308-6,BANGATA,Arusha,Arusha,Dispensary,-3.35845,36.74753,6290,High
120769-5,MATONYORATA,Arusha,Arusha,Dispensary,-3.1466,36.69138,1124,Very Low
100654-3,BWAWANI,Arusha,Arusha,Dispensary,-3.60778,36.84283,8605,High
106947-5,KISONGO PAG,Arusha,Arusha,Dispensary,-3.37391,36.57036,299,Very Low
111510-4,ENGORORA,Arusha,Arusha,Health Center,-3.35498,36.54587,3645,Low
106898-0,OLDADAI,Arusha,Arusha,Dispensary,-3.356071,36.73511,5396,Moderate
123772-6,UZIMA,Arusha,Arusha,Dispensary,-3.31571,36.63881,593,Very Low
102912-3,KIMNYAKI,Arusha,Arusha,Dispensary,-3.307269,36.660028,7994,High
109600-7,SEURI,Arusha,Arusha,Dispensary,-3.30744,36.63943,2556,Low
106287-6,NDURUMA,Arusha,Arusha,Health Center,-3.48004,36.79311,8751,High
105908-8,MWANDET,Arusha,Arusha,Dispensary,-3.240352,36.538173,4560,Moderate
113652-2,TRAS,Arusha,Arusha,Health Laboratory,-3.35326,36.69612,3157,Low
106917-8,FORESTRY TRAINING INSTITUTE OLMOTONYI,Arusha,Arusha,Dispensary,-3.29021,36.65643,4895,Moderate
109720-3,OLJORO,Arusha,Arusha,Dispensary,-3.54043,36.65061,4122,Moderate
101722-7,ILBORU,Arusha,Arusha,Dispensary,-3.35361,36.68923,3132,Low
107818-7,THEMI YA SIMBA,Arusha,Arusha,Dispensary,-3.58101,36.78534001,5336,Moderate
124258-5,MIRONGOINE GVT,Arusha,Arusha,Dispensary,-3.60775,36.66359,4154,Moderate
124256-9,ENGUTUKOITI,Arusha,Arusha,Dispensary,-3.08383,36.74951,2191,Low
100918-2,COGI OLDONYOSAMBU,Arusha,Arusha,Dispensary,-3.14588,36.69191,3791,Low
121773-6,ILKERIN,Arusha,Arusha,Dispensary,-3.37448,36.57251,321,Very Low
105715-7,MUSA,Arusha,Arusha,Dispensary,-3.32405,36.520461,6442,High
112313-2,KIVULINI,Arusha,Arusha,Health Center,-3.51706,36.87044,3445,Low
106903-8,OLDONYOSAPUK,Arusha,Arusha,Dispensary,-3.3292,36.7094,3134,Low
103088-1,KISERIANI,Arusha,Arusha,Dispensary,-3.45026,36.73876,8342,High
103029-5,KIRANYI,Arusha,Arusha,Dispensary,-3.342505,36.668095,15725,Very High
120922-0,PERFECT,Arusha,Arusha,Dispensary,-3.34993,36.68501,6095,High
113545-8,SAFARI,Arusha,Arusha,Health Laboratory,-3.31559,36.641,1302,Very Low
105192-9,MLANGARINI,Arusha,Arusha,Dispensary,-3.44595,36.78874,7167,High
113651-4,BLACA,Arusha,Arusha,Health Laboratory,-3.35597,36.69614,2921,Low
104065-8,MAJIMOTO,Arusha,Arusha,Dispensary,-3.495187,36.852856,4234,Moderate
103870-2,MADUNGA,Manyara,Babati,Dispensary,-4.13426,35.4413,5589,Moderate
100954-7,DAREDA,Manyara,Babati,Hospital,-4.24021,35.49297,11827,Very High
101219-4,GIJEDABUNG,Manyara,Babati,Dispensary,-4.19015,35.9198,4811,Moderate
101217-8,GIDAS,Manyara,Babati,Health Center,-4.42089,35.68066,10367,Very High
101082-6,ENDABEG,Manyara,Babati,Dispensary,-4.25317,35.66211,11221,Very High
104509-5,MAWEMAIRO,Manyara,Babati,Dispensary,-4.05706,35.76117,5711,Moderate
103993-2,MAGUGU,Manyara,Babati,Health Center,-4.00028,35.77902,16362,Very High
107089-5,ST.ALFRED RIRODA RC,Manyara,Babati,Dispensary,-4.18033,35.3892,7218,High
110705-1,RIRODA PUBLIC,Manyara,Babati,Dispensary,-4.30053,35.64894,8890,High
106019-3,MWIKANTSI,Manyara,Babati,Dispensary,-4.13649,35.86707,4000,Moderate
104744-8,MERR,Manyara,Babati,Dispensary,-4.10739,35.58061,7792,High
100183-3,ARRI TSAAYO,Manyara,Babati,Dispensary,-4.24142,35.58945,8517,High
112261-3,MADUNGA KATI,Manyara,Babati,Dispensary,-4.17197,35.45381,6655,High
101083-4,ENDAGWE,Manyara,Babati,Dispensary,-4.35535,35.64857,8149,High
121582-1,MATUFA HEALTH LABORATORY,Manyara,Babati,Health Laboratory,-4.01667,35.76667,1150,Very Low
101086-7,ENDAKISO,Manyara,Babati,Dispensary,-4.2086,35.89043,7637,High
109512-4,BASHNET,Manyara,Babati,Dispensary,-4.23058,35.42924,13913,Very High
104434-6,MASWARE,Manyara,Babati,Dispensary,-4.045581,35.724869,3849,Low
100203-9,ENDANACHANI,Manyara,Babati,Dispensary,-4.33594,35.69565,7310,High
101042-0,DURU,Manyara,Babati,Dispensary,-4.31917,35.5972,5710,Moderate
103909-8,MAGARA,Manyara,Babati,Health Center,-3.80612,35.69783,11248,Very High
107277-6,SANGAIWE,Manyara,Babati,Dispensary,-3.94035,35.82351,4693,Moderate
111158-2,MANAGHA,Manyara,Babati,Dispensary,-4.263902,35.571519,2793,Low
100992-7,DOHOM,Manyara,Babati,Dispensary,-4.165116,35.587384,6183,High
104522-8,MAYOKA,Manyara,Babati,Dispensary,-3.72426,35.71843,3250,Low
113679-5,MANYARA,Manyara,Babati,Dispensary,-4.81647,35.72305,4961,Moderate
106199-3,NAR,Manyara,Babati,Dispensary,-4.1813,35.4094,5594,Moderate
106508-5,NKAITI,Manyara,Babati,Health Center,-3.73102,35.94225,3430,Low
108013-4,UFANA,Manyara,Babati,Health Center,-4.244761,35.361191,11608,Very High
104948-5,MINJINGU,Manyara,Babati,Dispensary,-3.70156,35.92848,4442,Moderate
120367-8,BABATI DISTRICT COUNCIL,Manyara,Babati,Hospital,-3.90419,35.81258,5367,Moderate
104322-3,BIKIRA MARIA EMAKULATA,Manyara,Babati,Health Center,-4.20498,35.57598,4706,Moderate
101212-9,GICHAMEDA,Manyara,Babati,Dispensary,-3.97266,35.71631,6240,High
103618-5,LUXMANDA,Manyara,Babati,Dispensary,-4.25657,35.31042,9503,Very High
107400-4,SHAURIMOYO,Manyara,Babati,Dispensary,-3.91395,35.69272,3258,Low
108339-3,WAZAZI MAGUGU,Manyara,Babati,Dispensary,-3.99993,35.77722,10522,Very High
121583-9,EBENEZA HEALTH  DIAGNOSTIC LABARATORY,Manyara,Babati,Health Laboratory,-4.218084,35.552016,7696,High
103126-9,KISANGAJI,Manyara,Babati,Dispensary,-3.91603,35.73258,7543,High
107044-0,QAMEYU,Manyara,Babati,Dispensary,-4.18902,35.48317,7259,High
108262-7,VILIMAVITATU,Manyara,Babati,Dispensary,-3.77939,35.86214,4279,Moderate
100952-1,DAREDA KATI,Manyara,Babati,Health Center,-4.32022,35.55334,6051,High
101170-9,GAJAL,Manyara,Babati,Dispensary,-4.248429,35.553344,5006,Moderate
101189-9,GEDAMAR,Manyara,Babati,Dispensary,-4.27828,35.89154,6995,High
105801-5,MWADA,Manyara,Babati,Dispensary,-3.904661,35.812877,4715,Moderate
101174-1,GALLAPO,Manyara,Babati,Health Center,-4.27448,35.85022,18769,Very High
107341-0,SECHEDA,Manyara,Babati,Dispensary,-4.27833,35.26288,15318,Very High
107218-0,SABILO,Manyara,Babati,Dispensary,-4.344606,35.479432,13584,Very High
100387-0,BOAY,Manyara,Babati,Dispensary,-4.394491,35.760601,5375,Moderate
107047-3,QASH,Manyara,Babati,Dispensary,-4.32285,35.86963,6450,High
104211-8,MAMIRE,Manyara,Babati,Health Center,-4.1558,35.84129,4950,Moderate
121404-8,LAURA,Manyara,Babati,Dispensary,-3.45888,36.56722,3299,Low
120433-8,ENDAKIKOTI,Manyara,Babati,Dispensary,-4.23987,35.50552,7871,High
112259-7,GESBERT,Manyara,Babati,Dispensary,-4.29778,35.58731,2938,Low
103046-9,KIRU,Manyara,Babati,Dispensary,-4.1205,35.68063,11371,Very High
107772-6,TARANGIRE,Manyara,Babati,Dispensary,-3.75304,35.97075,3819,Low
113895-7,STAR MISSION,Manyara,Babati,Dispensary,-3.695161,35.935055,3886,Moderate
100942-2,DABIL,Manyara,Babati,Dispensary,-4.33427,35.43401,9565,Very High
100336-7,BASHNET,Manyara,Babati,Hospital,-4.21978,35.42097,7434,High
121579-7,GOOD HOPE DIAGNOSTIC LABORATORY,Manyara,Babati,Health Laboratory,-4.20782,35.74614,1142,Very Low
107021-8,POLISI,Manyara,Babati,Dispensary,-4.21352,35.74809,1531,Very Low
112032-8,NAKWA,Manyara,Babati,Dispensary,-4.24685,35.70648,3791,Low
120562-4,SIGINO,Manyara,Babati,Dispensary,-4.12456,35.45121,260,Very Low
111591-4,MWANANCHI,Manyara,Babati,Health Center,-4.20893,35.74535,922,Very Low
104168-0,MALANGI,Manyara,Babati,Dispensary,-4.13067,35.7319,3366,Low
103920-5,MAGEREZA,Manyara,Babati,Dispensary,-4.20682,35.76219,7819,High
113673-8,MERON,Manyara,Babati,Health Laboratory,-4.24662,35.70757,3451,Low
122219-9,ALPHA,Manyara,Babati,Health Laboratory,-3.66011,35.84213,186,Very Low
107067-1,BABATI ROMAN CATHOLIC,Manyara,Babati,Dispensary,-4.21125,35.74022,5819,Moderate
101303-6,HALLA,Manyara,Babati,Dispensary,-4.26719,35.82146,5775,Moderate
112038-5,DICK,Manyara,Babati,Health Laboratory,-4.20703,35.74297,8441,High
108515-8,SABILO,Manyara,Babati,Dispensary,-4.21375,35.73888,8017,High
114047-4,Mutuka,Manyara,Babati,Health Center,-4.1612,35.82576,4855,Moderate
112037-7,AMEN,Manyara,Babati,Health Laboratory,-4.2082,35.74563,172,Very Low
121596-1,SIGINO,Manyara,Babati,Health Center,-4.12801,35.45121,801,Very Low
123900-3,BETHZATHA,Manyara,Babati,Health Laboratory,-4.14201,35.24151,7715,High
100211-2,BABATI TOWN,Manyara,Babati,Hospital,-4.2093,35.75929,2275,Low
112910-5,MASWA EYE CARE,Manyara,Babati,Clinic,-4.20811,35.75108,1727,Very Low
104279-5,MANYARA,Manyara,Babati,Hospital,-4.21657,35.71661,16524,Very High
112033-6,BABATI,Manyara,Babati,Health Laboratory,-4.21287,35.75005,1265,Very Low
111813-2,MARGAKAN,Manyara,Babati,Dispensary,-4.20283,35.74792,10684,Very High
111178-0,SINGE,Manyara,Babati,Dispensary,-4.24822,35.74853,14073,Very High
122002-9,SIAY HEALHTH DIAGNOSIS,Manyara,Babati,Health Laboratory,-4.01671,35.76667,5814,Moderate
102987-5,KIONGOZI,Manyara,Babati,Dispensary,-4.109341,35.758787,5391,Moderate
111179-8,HIMITI,Manyara,Babati,Dispensary,-4.313072,35.741462,8885,High
123516-7,KIGONGONI,Manyara,Babati,Dispensary,-4.10314,35.32123,7074,High
108330-2,WAZAZI,Manyara,Babati,Dispensary,-4.217541,35.749311,6771,High
123197-6,NAM,Manyara,Babati,Clinic,-4.12001,35.45191,1352,Very Low
112035-1,MSENGA,Manyara,Babati,Health Laboratory,-4.21509,35.7494,661,Very Low
112393-4,IBUNGU,Manyara,Babati,Dispensary,-4.20703,35.74297,8441,High
115013-5,EAGLE,Manyara,Babati,Clinic,-4.20842,35.74575,193,Very Low
121059-0,MANYARA STAR,Manyara,Babati,Clinic,-4.21134,35.76334,6222,High
121597-9,CHEMCHEM,Manyara,Babati,Dispensary,-4.12311,35.46712,812,Very Low
121595-3,MAISAKA,Manyara,Babati,Health Center,-4.12001,35.45191,1352,Very Low
100411-8,BONGA,Manyara,Babati,Health Center,-4.349211,35.738041,8116,High
100109-8,AMANI,Manyara,Babati,Maternity and Nursing Home,-4.20857,35.75193,1487,Very Low
114641-4,GLORY,Pwani,Bagamoyo,Maternity and Nursing Home,-6.590034,39.089291,9345,Very High
100903-4,CHACHA WAMBURA,Pwani,Bagamoyo,Health Center,-6.44513,38.89997,5687,Moderate
108417-7,Zinga,Pwani,Bagamoyo,Dispensary,-6.53212,38.98666,2957,Low
103303-4,KONGO,Pwani,Bagamoyo,Dispensary,-6.545846,38.843808,3818,Low
112513-7,LUKHA,Pwani,Bagamoyo,Dispensary,-6.61423,39.07312,5399,Moderate
111330-7,MATIMBWA,Pwani,Bagamoyo,Health Center,-6.53809,38.86727,5160,Moderate
104587-1,MBEGANI,Pwani,Bagamoyo,Dispensary,-6.473284,38.968897,1129,Very Low
114803-0,FACGBF,Pwani,Bagamoyo,Dispensary,-6.50775,38.93623,7075,High
114039-1,CARAVAN HEALTH CARE,Pwani,Bagamoyo,Dispensary,-6.44404,38.90676,1320,Very Low
102545-1,KEREGE,Pwani,Bagamoyo,Health Center,-6.586901,39.045262,3017,Low
112512-9,ZINGA,Pwani,Bagamoyo,Clinic,-6.53562,38.97459,3423,Low
115015-0,MWENDA,Pwani,Bagamoyo,Clinic,-6.45085,38.90743,8695,High
104146-6,MAKURUNGE,Pwani,Bagamoyo,Dispensary,-6.4725,38.7827,4910,Moderate
124281-7,CHARLES  W. SLOAN (CWS),Pwani,Bagamoyo,Health Center,-6.45198,38.88571,4530,Moderate
123657-9,ALSA MEDICARE,Pwani,Bagamoyo,Health Center,-6.58373,39.03821,13291,Very High
122688-5,ZAI HEALTH LABORATORY,Pwani,Bagamoyo,Health Laboratory,-6.54049,38.99123,7425,High
124427-6,FAD,Pwani,Bagamoyo,Health Laboratory,-6.45152,38.90216,3878,Moderate
122188-6,JEN-K,Pwani,Bagamoyo,Health Laboratory,-6.528725,38.98634,2437,Low
114303-1,HAKIKA,Pwani,Bagamoyo,Health Laboratory,-6.587724,39.053875,6963,High
124092-8,JAMII II,Pwani,Bagamoyo,Health Laboratory,-6.62711,39.04689,4274,Moderate
114261-1,TANZANITE,Pwani,Bagamoyo,Health Laboratory,-6.451071,38.894608,5550,Moderate
113283-6,IBRA,Pwani,Bagamoyo,Health Laboratory,-6.44604,38.90358,1906,Very Low
105209-1,MLINGOTINI,Pwani,Bagamoyo,Dispensary,-6.479646,38.997622,1971,Very Low
124414-4,MAMBOSASA,Pwani,Bagamoyo,Health Laboratory,-6.44881,38.81891,3120,Low
114405-4,MWAVI,Pwani,Bagamoyo,Dispensary,-6.388637,38.616955,7473,High
111333-1,PANDE,Pwani,Bagamoyo,Dispensary,-6.4904,38.9774,1149,Very Low
103041-0,KIROMO,Pwani,Bagamoyo,Dispensary,-6.511686,38.939199,5445,Moderate
108388-0,YOMBO,Pwani,Bagamoyo,Dispensary,-6.581429,38.850326,5048,Moderate
112110-2,NAZARETH,Pwani,Bagamoyo,Dispensary,-6.58705,39.04781,3645,Low
107580-3,ST. ELIZABETH,Pwani,Bagamoyo,Health Center,-6.434835,38.898268,6881,High
123624-9,ALLIANCE,Pwani,Bagamoyo,Health Center,-6.76758,35.06836,2057,Very Low
102724-2,KIGONGONI,Pwani,Bagamoyo,Dispensary,-6.46261,38.8661,4703,Moderate
100717-8,CHAMBEZI,Pwani,Bagamoyo,Dispensary,-6.555439,38.91686,1819,Very Low
122707-3,REMLE,Pwani,Bagamoyo,Dispensary,-6.44432,38.88811,8157,High
122749-5,ASANTEAFYA,Pwani,Bagamoyo,Health Laboratory,-6.48067,39.00125,4776,Moderate
111328-1,KIDOMOLE,Pwani,Bagamoyo,Dispensary,-6.448501,38.743105,4920,Moderate
102352-2,KAOLE,Pwani,Bagamoyo,Dispensary,-6.461357,38.938416,3584,Low
115012-7,TUNGUTUNGU,Pwani,Bagamoyo,Dispensary,-6.57718,39.08501,9694,Very High
122596-0,AMAROUNA,Pwani,Bagamoyo,Clinic,-6.44439,38.90461,2367,Low
104450-2,MATAYA,Pwani,Bagamoyo,Dispensary,-6.524534,38.895955,4074,Moderate
110939-6,FACGBF,Pwani,Bagamoyo,Maternity Home,-6.44685,38.90069,2151,Low
123570-4,MAVURA TRUSTCARE HEALTH LABORATORY,Pwani,Bagamoyo,Health Laboratory,-6.52492,38.98359,6067,High
123650-4,KIEMBENI,Pwani,Bagamoyo,Health Laboratory,-6.57522,39.10543,8144,High
104301-7,MAPINGA,Pwani,Bagamoyo,Dispensary,-6.589316,39.060756,8448,High
124280-9,SOBAREVO,Pwani,Bagamoyo,Clinic,-6.62434,39.06922,5194,Moderate
100221-1,Bagamoyo,Pwani,Bagamoyo,Hospital,-6.437181,38.907161,3150,Low
122986-3,KINAMA,Pwani,Bagamoyo,Health Laboratory,-6.45501,38.88312,7552,High
105065-7,MKENGE,Pwani,Bagamoyo,Dispensary,-6.46415,38.5798,1727,Very Low
122598-6,BAOBAB,Pwani,Bagamoyo,Hospital,-6.60669,39.06831,7416,High
101157-6,FUKAYOSI,Pwani,Bagamoyo,Dispensary,-6.41253,38.67403,8785,High
113280-2,IMMA,Pwani,Bagamoyo,Health Laboratory,-6.44336,38.90743,2644,Low
114299-1,FACGBF,Pwani,Bagamoyo,Health Laboratory,-6.5077567,38.936295,1017,Very Low
113718-1,BUMA,Pwani,Bagamoyo,Dispensary,-6.55814,38.90516,2276,Low
101109-7,EPIPHANY,Pwani,Bagamoyo,Dispensary,-6.45382,38.89801,8664,High
113282-8,WE CARE,Pwani,Bagamoyo,Health Laboratory,-6.59041,39.05929,6354,High
100790-5,Chiguluka,Dodoma,Bahi,Dispensary,-6.327717,35.431264,10688,Very High
122873-3,CHALI IGONGO,Dodoma,Bahi,Dispensary,-6.89036,35.12882,8630,High
100775-6,Chibelela,Dodoma,Bahi,Dispensary,-6.403992,35.707712,11184,Very High
120408-0,MKAKATIKA,Dodoma,Bahi,Dispensary,-5.93684,35.32307,1600,Very Low
104941-0,Mindola,Dodoma,Bahi,Dispensary,-5.886872,35.53162,4779,Moderate
100803-6,CHIKOPELO,Dodoma,Bahi,Dispensary,-6.309281,35.306476,6759,High
104076-5,Makanda,Dodoma,Bahi,Dispensary,-5.73547,35.373164,5835,Moderate
108407-8,Zanka,Dodoma,Bahi,Dispensary,-5.844277,35.762478,1615,Very Low
103305-9,Kongogo,Dodoma,Bahi,Dispensary,-5.651559,35.608366,6720,High
121410-5,UHELELA,Dodoma,Bahi,Dispensary,-5.90676,35.27831,5216,Moderate
102733-3,Kigwe,Dodoma,Bahi,Health Center,-6.095235,35.492293,14747,Very High
120355-3,MAYAMAYA,Dodoma,Bahi,Dispensary,-5.80178,35.79985,10804,Very High
101437-2,Ibihwa,Dodoma,Bahi,Dispensary,-6.005476,35.432887,11540,Very High
121914-6,Mwangaza,Dodoma,Bahi,Health Laboratory,-5.92001,35.36999,3578,Low
100703-8,Chali Isangha,Dodoma,Bahi,Dispensary,-6.250782,35.234579,6847,High
103456-0,Lamaiti,Dodoma,Bahi,Dispensary,-5.796436,35.490119,9609,Very High
106517-6,Nkhome,Dodoma,Bahi,Dispensary,-6.339067,35.562813,10973,Very High
120354-6,CHONDE,Dodoma,Bahi,Dispensary,-5.75511,35.44471,3894,Moderate
100787-1,Chifutuka,Dodoma,Bahi,Health Center,-6.602577,35.334406,4778,Moderate
100228-6,Bahi Makulu,Dodoma,Bahi,Dispensary,-6.049775,35.350335,7417,High
100227-8,Bahi,Dodoma,Bahi,Health Center,-5.96258,35.312075,15025,Very High
122895-6,NYAHINGA,Dodoma,Bahi,Dispensary,-6.60155,35.33391,5452,Moderate
100215-3,Babayu,Dodoma,Bahi,Dispensary,-5.638693,35.703269,4522,Moderate
105331-3,Mpamantwa,Dodoma,Bahi,Dispensary,-5.970328,35.385133,6136,High
105376-8,Mpinga,Dodoma,Bahi,Dispensary,-6.160236,35.349807,1535,Very Low
105346-1,Mphangwe,Dodoma,Bahi,Dispensary,-6.629597,35.693211,3104,Low
108412-8,Zejele,Dodoma,Bahi,Dispensary,-6.39697,35.393963,10034,Very High
122899-8,EXCELLENT CARE,Dodoma,Bahi,Dispensary,-6.37625,35.66677,8278,High
100818-4,Chimendeli,Dodoma,Bahi,Dispensary,-6.11575,35.3945,6032,High
120356-1,CHIDILO,Dodoma,Bahi,Dispensary,-5.32696,35.54974,9825,Very High
106565-5,Nondwa,Dodoma,Bahi,Dispensary,-6.427501,35.333425,5023,Moderate
105328-9,Mpalanga,Dodoma,Bahi,Dispensary,-6.327047,35.497579,11068,Very High
100834-1,Chipanga,Dodoma,Bahi,Health Center,-6.252359,35.358247,7023,High
105100-2,Mkondai,Dodoma,Bahi,Dispensary,-5.844327,35.762479,2621,Low
101885-2,Isangha,Dodoma,Bahi,Dispensary,-6.37873,35.6661,5234,Moderate
101453-9,Ibugule,Dodoma,Bahi,Dispensary,-6.419891,35.557223,6479,High
100229-4,BAHI RC,Dodoma,Bahi,Dispensary,-5.94521,35.312127,7443,High
123106-7,CHILUNGULU,Dodoma,Bahi,Dispensary,-5.95107,35.66719,4618,Moderate
100315-1,Bankolo,Dodoma,Bahi,Dispensary,-5.838545,35.451914,4890,Moderate
100799-6,Chikola,Dodoma,Bahi,Dispensary,-6.178904,35.418429,2688,Low
105684-5,Mundemu,Dodoma,Bahi,Health Center,-5.925784,35.68504,9068,Very High
123908-6,NAGULO BAHI,Dodoma,Bahi,Dispensary,-6.59721,35.62101,3661,Low
106016-9,Mwitikira,Dodoma,Bahi,Health Center,-6.526358,35.664168,6375,High
103891-8,Magaga,Dodoma,Bahi,Dispensary,-6.498825,35.371446,3385,Low
105574-8,Mtitaa,Dodoma,Bahi,Health Center,-6.4376,35.5949,11612,Very High
106381-7,Nghulugano,Dodoma,Bahi,Dispensary,-6.124589,35.433161,2827,Low
122633-1,GBM MEDICAL DIAGNOSTIC,Dodoma,Bahi,Health Laboratory,-6.37625,35.66677,8278,High
100704-6,Chali Makulu,Dodoma,Bahi,Dispensary,-6.160224,35.249321,0,Very Low
111125-1,Kisima cha Ndege,Dodoma,Bahi,Dispensary,-5.863401,35.696756,9948,Very High
103680-5,Lukali,Dodoma,Bahi,Dispensary,-5.724434,35.50562,5578,Moderate
101741-7,Ilindi,Dodoma,Bahi,Dispensary,-5.948311,35.542796,8145,High
100194-0,Asanje,Dodoma,Bahi,Dispensary,-5.734873,35.72171,3091,Low
106055-7,Mzogole,Dodoma,Bahi,Dispensary,-6.204733,35.532827,9775,Very High
105253-9,Mnkola,Dodoma,Bahi,Dispensary,-5.90769,35.4416,5088,Moderate
113978-1,Bahi,Dodoma,Bahi,Hospital,-5.9368,35.3221,498,Very Low
105477-4,Msisi,Dodoma,Bahi,Dispensary,-5.839891,35.625224,12441,Very High
101045-3,DUTWA,Simiyu,Bariadi,Dispensary,-2.49803,33.97798,10892,Very High
121402-2,CHUNGU CHA BAWAWA,Simiyu,Bariadi,Dispensary,-2.46671,34.13875,5718,Moderate
101298-8,HALAWA,Simiyu,Bariadi,Dispensary,-2.47756,34.23553,15719,Very High
109672-6,MATONGO GEREZANI,Simiyu,Bariadi,Dispensary,-2.397773,34.17544,2532,Low
104397-5,MASEWA,Simiyu,Bariadi,Dispensary,-2.34717,34.00426,8746,High
104480-9,MATONGO,Simiyu,Bariadi,Health Center,-2.35022,34.06758,11009,Very High
107242-0,SAKWE,Simiyu,Bariadi,Dispensary,-2.76766,33.85957,14340,Very High
101185-7,GASUMA,Simiyu,Bariadi,Dispensary,-2.52437,34.11574,9834,Very High
101538-7,IGEGU,Simiyu,Bariadi,Dispensary,-2.42796,33.961327,11997,Very High
112813-1,PUGU,Simiyu,Bariadi,Dispensary,-2.82271,33.84395,8686,High
103702-7,LULAYU,Simiyu,Bariadi,Dispensary,-2.60832,33.90207,7730,High
106727-1,NYAMIKOMA,Simiyu,Bariadi,Dispensary,-2.31327,33.96641,7648,High
105974-0,MWASINASI,Simiyu,Bariadi,Dispensary,-2.662,34.27333,28174,Very High
100306-0,BANEMHI,Simiyu,Bariadi,Dispensary,-2.62339,34.0455,11250,Very High
122924-4,MKOMBOZI JOSEPH,Simiyu,Bariadi,Dispensary,-2.64772,34.16134,11706,Very High
106530-9,NKOLOLO,Simiyu,Bariadi,Dispensary,-2.641446,34.160438,3571,Low
102443-9,KASOLI,Simiyu,Bariadi,Dispensary,-2.57833,33.67857,12485,Very High
105976-5,MWASUBUYA,Simiyu,Bariadi,Dispensary,-2.60984,33.76779,10961,Very High
109219-6,WAZAZI DUTWA,Simiyu,Bariadi,Dispensary,-2.51146,33.96864,2042,Very Low
105891-6,MWAMLAPA,Simiyu,Bariadi,Dispensary,-2.63624,34.66702,2317,Low
104992-3,MISWAKI,Simiyu,Bariadi,Dispensary,-2.57921,33.80434,4791,Moderate
115080-4,MWAMONDI,Simiyu,Bariadi,Dispensary,-2.55056,33.93831,6721,High
101628-6,IHUSI,Simiyu,Bariadi,Dispensary,-2.5861,34.25456,19557,Very High
109221-2,KILABELA,Simiyu,Bariadi,Dispensary,-2.54252,34.05027,12182,Very High
112814-9,ITUBUKILO,Simiyu,Bariadi,Dispensary,-2.80982,33.81453,8605,High
107541-5,SONGAMBELE,Simiyu,Bariadi,Hospital,-2.64311,34.16288,7363,High
108781-6,IKUNGULYAMBESHI,Simiyu,Bariadi,Dispensary,-2.57982,33.72621,10308,Very High
107300-6,SAPIWI,Simiyu,Bariadi,Dispensary,-2.37285,33.96306,6456,High
106834-5,NYAWA,Simiyu,Bariadi,Dispensary,-2.45944,34.13062,7203,High
106746-1,NYAMSWA,Simiyu,Bariadi,Dispensary,-2.6445,33.80844,8785,High
101688-0,IKUNGULYABASHASHI,Simiyu,Bariadi,Dispensary,-2.60944,33.94662,9714,Very High
114460-9,NGULYATI,Simiyu,Bariadi,Health Laboratory,-2.69458,33.839565,14766,Very High
120756-2,SALALILYA,Simiyu,Bariadi,Dispensary,-2.39285,34.12631,8804,High
113642-3,BARIADI,Simiyu,Bariadi,Hospital,-2.52512,33.96545,4052,Moderate
108832-7,IKUNGULYANDILI,Simiyu,Bariadi,Dispensary,-2.58495,34.11266,9123,Very High
101179-0,GAMBOSI,Simiyu,Bariadi,Dispensary,-2.60745,33.84842,8345,High
101046-1,AICT IGAGANULWA,Simiyu,Bariadi,Dispensary,-2.517561,33.971206,4055,Moderate
112845-3,DORCAS,Simiyu,Bariadi,Maternity and Nursing Home,-2.51146,33.968636,5418,Moderate
123684-3,BOGOHE MEDICAL HEALTH,Simiyu,Bariadi,Health Laboratory,-2.64287,34.15771,10561,Very High
101211-1,GIBESHI,Simiyu,Bariadi,Dispensary,-2.43991,34.1967,7352,High
111257-2,NG'ALITA,Simiyu,Bariadi,Dispensary,-2.40845,34.01389,11180,Very High
100667-5,BYUNA,Simiyu,Bariadi,Health Center,-2.57252,34.15545,15747,Very High
101878-7,ISANGA,Simiyu,Bariadi,Dispensary,-2.83461,33.94178,15855,Very High
113108-5,MALAIKA,Simiyu,Bariadi,Health Laboratory,-2.802,33.98909,2012,Very Low
101020-6,DR. MWIJAGE,Simiyu,Bariadi,Clinic,-2.79974,33.99396,7174,High
114884-0,MBITI,Simiyu,Bariadi,Dispensary,-2.74199,33.89573,12303,Very High
100984-4,DITIMA,Simiyu,Bariadi,Dispensary,-2.65201,33.87073,10475,Very High
104042-7,MAJAHIDA AICT,Simiyu,Bariadi,Dispensary,-2.83488,33.99275,9869,Very High
121076-4,POLICE,Simiyu,Bariadi,Dispensary,-2.78332,33.99271,13032,Very High
114887-3,SANUNGU,Simiyu,Bariadi,Dispensary,-2.76431,34.02303,8536,High
121859-3,Bariadi Medical,Simiyu,Bariadi,Health Laboratory,-2.80048,33.98706,11444,Very High
122103-5,KANUMBA,Simiyu,Bariadi,Health Laboratory,-2.80831,33.99129,22115,Very High
109705-4,KILULU,Simiyu,Bariadi,Dispensary,-2.85255,34.05811,27028,Very High
106893-1,OLD MASWA,Simiyu,Bariadi,Dispensary,-2.68237,33.9943,15205,Very High
113724-9,SIMIYU,Simiyu,Bariadi,Hospital,-2.72458,33.99038,6114,High
104443-7,MATALE,Simiyu,Bariadi,Dispensary,-2.74411,34.02571,6747,High
101010-7,MADUHU,Simiyu,Bariadi,Dispensary,-2.80901,33.98333,10620,Very High
113102-8,TUMAINI,Simiyu,Bariadi,Health Laboratory,-2.80033,33.98984,1008,Very Low
105897-3,MWANALEGUMA,Simiyu,Bariadi,Dispensary,-2.80237,33.99191,2658,Low
100562-8,BUNAMHALA CHUONI,Simiyu,Bariadi,Dispensary,-2.85696,34.01386,13083,Very High
110372-0,SIMIYU VISION CENTRE & OPTICAL HOUSE,Simiyu,Bariadi,Clinic,-2.80764,33.98415,4191,Moderate
106833-7,NYAUMATA,Simiyu,Bariadi,Dispensary,-2.73737,33.96858,10114,Very High
108819-4,GUDUWE,Simiyu,Bariadi,Dispensary,-2.68351,33.92673,14676,Very High
121591-2,NYANGAKA,Simiyu,Bariadi,Dispensary,-2.78402,33.96432,12173,Very High
100000-9,BUPANDAGILA - SDA,Simiyu,Bariadi,Dispensary,-2.64496,34.01009,12768,Very High
105828-8,MWAKIBUGA,Simiyu,Bariadi,Dispensary,-2.5642,33.98331,13640,Very High
105737-1,MUUNGANO,Simiyu,Bariadi,Health Center,-2.797851,33.991817,2430,Low
121592-0,GISADI,Simiyu,Bariadi,Dispensary,-2.64838,34.02814,9472,Very High
101790-4,IMALILO,Simiyu,Bariadi,Dispensary,-2.85536,33.97102,11616,Very High
100328-4,BARIADI-MAGEREZA,Simiyu,Bariadi,Dispensary,-2.75329,34.0046,6108,High
109673-4,NYANGOKOLWA,Simiyu,Bariadi,Dispensary,-2.74632,34.06121,25754,Very High
102447-0,KASOZIBAKAYA,Kagera,Biharamulo,Dispensary,-2.81081,31.68854,8545,High
108750-1,ST.CLARA,Kagera,Biharamulo,Dispensary,-2.87464,31.40698,10611,Very High
107156-2,RUNAZI,Kagera,Biharamulo,Dispensary,-2.79683,31.43202,12056,Very High
122499-7,MUBABA,Kagera,Biharamulo,Dispensary,-3.28336,31.46191,10587,Very High
100361-5,BIHARAMULO,Kagera,Biharamulo,Hospital,-2.63359,31.31463,7168,High
107132-3,RUGANZU,Kagera,Biharamulo,Dispensary,-3.11129,31.13704,20943,Very High
108548-9,23KJ,Kagera,Biharamulo,Dispensary,-2.63157,31.33744,24245,Very High
107921-9,TUMAINI,Kagera,Biharamulo,Dispensary,-3.03719,31.2224,13760,Very High
109827-6,NYAMBALE,Kagera,Biharamulo,Dispensary,-2.86219,31.24802,12338,Very High
121044-2,BISIBO,Kagera,Biharamulo,Health Center,-2.68617,31.29776,12485,Very High
108547-1,STAMIGOLD BIHARAMULO MINE,Kagera,Biharamulo,Dispensary,-3.20635,31.5419,4115,Moderate
121080-6,KISUMA,Kagera,Biharamulo,Dispensary,-2.80656,31.35844,16634,Very High
107149-7,RUKARAGATA,Kagera,Biharamulo,Health Center,-2.65109,31.30928,14337,Very High
102783-8,KIKOMAKOMA,Kagera,Biharamulo,Dispensary,-2.79507,31.47455,13824,Very High
104500-4,MAVOTA,Kagera,Biharamulo,Dispensary,-3.23903,31.49292,13045,Very High
107619-9,ST. OTTO,Kagera,Biharamulo,Dispensary,-2.66854,31.36311,12147,Very High
104615-0,MBINDI,Kagera,Biharamulo,Dispensary,-2.89426,31.45491,14175,Very High
109807-8,NGARARAMBE,Kagera,Biharamulo,Dispensary,-2.77828,31.00612,30027,Very High
102459-5,KATAHOKA,Kagera,Biharamulo,Dispensary,-2.73532,31.39751,13074,Very High
102242-5,KALENGE,Kagera,Biharamulo,Health Center,-3.15412,31.0654,19699,Very High
120252-2,PLUMTREE,Kagera,Biharamulo,Dispensary,-3.03872,31.12216,8344,High
108604-0,MAGEREZA,Kagera,Biharamulo,Dispensary,-2.63283,31.30494,13155,Very High
113580-5,NEMBA,Kagera,Biharamulo,Health Center,-2.97433,31.37781,30328,Very High
109779-9,KAGOMA,Kagera,Biharamulo,Dispensary,-2.794597,31.581383,13438,Very High
103747-2,LUSAHUNGA,Kagera,Biharamulo,Dispensary,-2.90015,31.2009,24144,Very High
108745-1,MAY DAY,Kagera,Biharamulo,Health Center,-2.63724,31.31327,10720,Very High
106723-0,NYAMIGOGO,Kagera,Biharamulo,Dispensary,-2.78899,31.64557,8277,High
106691-9,NYAMAHANGA,Kagera,Biharamulo,Dispensary,-2.69785,31.3262,9618,Very High
106789-1,NYANTAKARA,Kagera,Biharamulo,Dispensary,-3.19253,31.36317,19522,Very High
106660-4,NYAKANAZI,Kagera,Biharamulo,Health Center,-3.03559,31.20724,13764,Very High
113998-9,RUPENDA,Kagera,Biharamulo,Dispensary,-2.79213,31.4722,21437,Very High
102326-6,KANIHA,Kagera,Biharamulo,Dispensary,-3.28951,31.42389,18209,Very High
106642-2,NYABUSOZI,Kagera,Biharamulo,Health Center,-2.83972,31.45816,12224,Very High
106637-2,NYABUGOMBE,Kagera,Biharamulo,Dispensary,-2.63293,30.9391,9197,Very High
114841-0,BIHARAMULO DISTRICT,Kagera,Biharamulo,Hospital,-2.63338,31.3082,4481,Moderate
106658-8,NYAKAHURA,Kagera,Biharamulo,Health Center,-2.8241,30.97326,9467,Very High
108725-3,MKUNKWA,Kagera,Biharamulo,Dispensary,-3.26183,31.51445,7635,High
106762-8,NYANGALAMILA,Mwanza,Sengerema,Dispensary,-2.41225,32.3661,5323,Moderate
100476-1,BUHINDI,Mwanza,Sengerema,Dispensary,-2.4114,32.18441,1159,Very Low
115159-6,KATWE,Mwanza,Sengerema,Dispensary,-2.41278,32.08883,14049,Very High
103673-0,LUHORONGOMA,Mwanza,Sengerema,Dispensary,-2.48201,32.20217,6265,High
101739-1,ILIGAMBA,Mwanza,Sengerema,Dispensary,-2.34736,32.20482,14592,Very High
102231-8,KALEBEZO,Mwanza,Sengerema,Dispensary,-2.50805,32.3578,12771,Very High
104041-9,MAISOME,Mwanza,Sengerema,Dispensary,-2.315821,32.056446,9898,Very High
103288-7,KOME,Mwanza,Sengerema,Health Center,-2.35778,32.48586,6367,High
102439-7,KASISA,Mwanza,Sengerema,Dispensary,-2.48777,32.51288,9231,Very High
102481-9,KATOMA,Mwanza,Sengerema,Dispensary,-2.56798,32.3708,6002,High
111741-5,KABAGANGA,Mwanza,Sengerema,Dispensary,-2.39144,32.445216,10934,Very High
100508-1,BUKOKWA,Mwanza,Sengerema,Dispensary,-2.49416,32.43948,10152,Very High
113707-4,BUCHOSA,Mwanza,Sengerema,Hospital,-2.49277,32.26781,7873,High
107656-1,SUKUMA,Mwanza,Sengerema,Dispensary,-2.54851,32.40906,8087,High
106796-6,NYANZENDA,Mwanza,Sengerema,Dispensary,-2.60186,32.47925,13478,Very High
100001-7,BUPANDWA,Mwanza,Sengerema,Dispensary,-2.44682,32.1526,14322,Very High
112111-0,BUKOKWA,Mwanza,Sengerema,Maternity and Nursing Home,-2.495568,32.437126,10934,Very High
102156-7,KAFUNZO,Mwanza,Sengerema,Dispensary,-2.4575,32.1912,6068,High
103617-7,LUCHILI,Mwanza,Sengerema,Dispensary,-2.56158,32.51773,11444,Very High
123599-3,SOSWA,Mwanza,Sengerema,Dispensary,-2.38126,32.49454,6510,High
103639-1,LUGATA,Mwanza,Sengerema,Dispensary,-2.32513,32.44126,12729,Very High
106687-7,NYAMADOKE,Mwanza,Sengerema,Dispensary,-2.53882,32.2429,8960,High
105931-0,MWANGIKA,Mwanza,Sengerema,Health Center,-2.43153,32.1208,11962,Very High
106661-2,NYAKARILO,Mwanza,Sengerema,Health Center,-2.44465,32.44043,10163,Very High
111751-4,LUHARANYONGA,Mwanza,Sengerema,Dispensary,-2.452828,32.309749,9518,Very High
102190-6,KAHUNDA,Mwanza,Sengerema,Dispensary,-2.40044,32.06131,6737,High
108703-0,KAKOBE,Mwanza,Sengerema,Health Center,-2.37301,32.32772,10070,Very High
108478-9,KAYENZE,Mwanza,Sengerema,Dispensary,-2.5847,32.2779,13342,Very High
101309-3,HAMURUMO,Mwanza,Sengerema,Dispensary,-2.455664,32.541902,3559,Low
100593-3,BUSEKESEKE,Mwanza,Sengerema,Dispensary,-2.5879,32.30946,13858,Very High
115213-1,KAMISA,Mwanza,Sengerema,Dispensary,-2.48277,32.47943,4023,Moderate
115197-6,NYASHANA,Mwanza,Sengerema,Dispensary,-2.52841,32.37733,6161,High
113670-4,BULYAHILU,Mwanza,Sengerema,Dispensary,-2.397995,32.177544,7323,High
106839-4,NYEHUNGE,Mwanza,Sengerema,Health Center,-2.52668,32.3019,11744,Very High
112372-8,HURUMA,Mwanza,Sengerema,Dispensary,-2.524882,32.291692,12841,Very High
100466-2,BUHAMA,Mwanza,Sengerema,Dispensary,-2.344635,32.519715,5275,Moderate
106664-6,NYAKASUNGWA,Mwanza,Sengerema,Dispensary,-2.5269,32.47693,13573,Very High
122579-6,NYAMABANO,Mwanza,Sengerema,Dispensary,-2.59101,32.52649,7113,High
115212-3,IGWANZOZU,Mwanza,Sengerema,Dispensary,-2.56234,32.45556,9024,High
115179-4,ILYAMCHELE,Mwanza,Sengerema,Dispensary,-2.36727,32.29372,8984,High
115166-1,IRENZA,Mwanza,Sengerema,Dispensary,-2.40036,32.33541,11489,Very High
115151-3,IZINDABO,Mwanza,Sengerema,Dispensary,-2.293114,32.456291,3586,Low
101948-8,ITABAGUMBA,Mwanza,Sengerema,Dispensary,-2.28368,32.31454,18932,Very High
114392-4,MTOTO BEN,Mwanza,Sengerema,Health Laboratory,-2.52846,32.29682,8600,High
103755-5,LUSHAMBA,Mwanza,Sengerema,Health Center,-2.28931,32.24272,16129,Very High
115176-0,ITULABUSIGA,Mwanza,Sengerema,Dispensary,-2.41118,32.14311,9345,Very High
103712-6,LUMEYA,Mwanza,Sengerema,Dispensary,-2.45895,32.383202,17445,Very High
113672-0,BUSWELU,Mwanza,Sengerema,Dispensary,-2.607025,32.394665,8123,High
100368-0,BILULUMO,Mwanza,Sengerema,Dispensary,-2.47443,32.22141,7326,High
102640-0,KIBWIGWA,Kigoma,Buhigwe,Dispensary,-4.42307,29.84052,8991,High
106675-2,NYAKIMUE,Kigoma,Buhigwe,Dispensary,-4.47426,29.76856,7515,High
121802-3,ILAKOZE,Kigoma,Buhigwe,Dispensary,-4.545405,29.903484,1642,Very Low
120359-5,BUHIGWE,Kigoma,Buhigwe,Hospital,-4.45217,29.89981,2306,Low
105237-2,MUNANILA,Kigoma,Buhigwe,Dispensary,-4.43656,29.78295,2786,Low
123038-2,LEMBA,Kigoma,Buhigwe,Dispensary,-4.38477,30.11342,1509,Very Low
101356-4,HERI-MISSION,Kigoma,Buhigwe,Hospital,-4.44468,29.7936,4301,Moderate
105985-6,MWAYAYA,Kigoma,Buhigwe,Dispensary,-4.47571,29.83673,8995,High
102573-3,KIBANDE,Kigoma,Buhigwe,Dispensary,-4.37845,29.89961,5256,Moderate
102933-9,KINAZI,Kigoma,Buhigwe,Dispensary,-4.65894,29.83025,5096,Moderate
105677-9,MULERA,Kigoma,Buhigwe,Health Center,-4.42145,29.94203,310,Very Low
114451-8,HULEGE LIFE LINE,Kigoma,Buhigwe,Health Laboratory,-4.5434785,29.902966,1507,Very Low
100475-3,BUHIGWE,Kigoma,Buhigwe,Dispensary,-4.45099,29.92598,7925,High
104877-6,MIGONGO,Kigoma,Buhigwe,Dispensary,-4.24905,30.07818,5628,Moderate
111781-1,NYAKAFUMBE,Kigoma,Buhigwe,Dispensary,-4.52282,29.81447,2449,Low
103050-1,KIRUNGU,Kigoma,Buhigwe,Dispensary,-4.65436,29.87786,3531,Low
103152-5,KITAMBUKA,Kigoma,Buhigwe,Dispensary,-4.39427,29.82432,7993,High
106717-2,NYAMUGALI,Kigoma,Buhigwe,Dispensary,-4.36932,29.97372,7382,High
120612-7,BUKUBA,Kigoma,Buhigwe,Dispensary,-4.56025,29.91515,2139,Very Low
110232-6,MUGERA,Kigoma,Buhigwe,Dispensary,-4.25012,30.12902,5778,Moderate
102495-9,KATUNDU,Kigoma,Buhigwe,Dispensary,-4.25664,30.18938,4313,Moderate
102715-0,KIGOGWE,Kigoma,Buhigwe,Dispensary,-4.79004,29.85042,3270,Low
106784-2,NYANKORONKO,Kigoma,Buhigwe,Dispensary,-4.48819,29.88961,3276,Low
107169-5,RUSABA,Kigoma,Buhigwe,Dispensary,-4.62053,29.79363,8736,High
106803-0,NYARUBOZA,Kigoma,Buhigwe,Dispensary,-4.55731,29.79658,4022,Moderate
105652-2,MUHINDA,Kigoma,Buhigwe,Dispensary,-4.52917,29.81316,5068,Moderate
102454-6,KASUMO,Kigoma,Buhigwe,Dispensary,-4.36226,30.10765,2961,Low
102821-6,KILELEMA,Kigoma,Buhigwe,Dispensary,-4.15583,30.12276,4462,Moderate
121816-3,KIMARA,Kigoma,Buhigwe,Dispensary,-4.67261,29.82121,3037,Low
120492-4,BWERANKA,Kigoma,Buhigwe,Dispensary,-4.39314,29.89414,3516,Low
105615-9,DWT-MUBANGA,Kigoma,Buhigwe,Dispensary,-4.56308,29.82024,4875,Moderate
105412-1,MUSAGARA,Kigoma,Buhigwe,Dispensary,-4.433321,29.79779,5318,Moderate
107538-1,SONGAMBELE,Kigoma,Buhigwe,Dispensary,-4.47753,29.97362,3418,Low
114453-4,MUNANILA,Kigoma,Buhigwe,Health Laboratory,-4.4376717,29.783022,3076,Low
108759-2,MUNZEZE,Kigoma,Buhigwe,Health Center,-4.72452,29.87131,5343,Moderate
102074-2,JANDA,Kigoma,Buhigwe,Health Center,-4.62413,29.87331,6415,High
105696-9,MUNYEGERA,Kigoma,Buhigwe,Dispensary,-4.44831,30.03428,5801,Moderate
102197-1,KAJANA,Kigoma,Buhigwe,Health Center,-4.33145,30.14784,4110,Moderate
121815-5,NYAMIHANGA,Kigoma,Buhigwe,Dispensary,-4.72095,29.82409,656,Very Low
106686-9,NYAMABUYE,Kigoma,Buhigwe,Dispensary,-4.56446,29.894,512,Very Low
111780-3,FARAJA,Kigoma,Buhigwe,Dispensary,-4.43578,29.78574,1278,Very Low
100362-3,BIHARU,Kigoma,Buhigwe,Health Center,-4.32506,30.01874,6308,High
105742-1,MUYAMA,Kigoma,Buhigwe,Health Center,-4.32675,30.07465,7177,High
105995-5,MWEMAGE,Kagera,Bukoba,Health Center,-1.48204,31.61389,6479,High
121985-6,DANIEL,Kagera,Bukoba,Health Laboratory,-1.47378,31.74534,3430,Low
100665-9,BWIZANDURU,Kagera,Bukoba,Dispensary,-1.39027,31.7639,5310,Moderate
102606-1,KIBIRIZI,Kagera,Bukoba,Dispensary,-1.609518,31.41844,5412,Moderate
103422-2,KYAMALANGE,Kagera,Bukoba,Dispensary,-1.047223,31.849947,4313,Moderate
110962-8,BUTULAGE,Kagera,Bukoba,Dispensary,-1.490124,31.498768,8707,High
102053-6,IZIMBYA,Kagera,Bukoba,Hospital,-1.55155,31.45841,8670,High
103098-0,KISHANJE,Kagera,Bukoba,Health Center,-1.11223,31.8409,4930,Moderate
101448-9,IBOSA,Kagera,Bukoba,Dispensary,-1.24665,31.8415,7677,High
114795-8,BUGURUKA,Kagera,Bukoba,Dispensary,-1.45831,31.80251,4844,Moderate
100617-0,BUTAINAMWA,Kagera,Bukoba,Dispensary,-1.34749,31.65335,5725,Moderate
107122-4,RUBALE,Kagera,Bukoba,Health Center,-1.59787,31.5202,12605,Very High
104358-7,MARUKU,Kagera,Bukoba,Health Center,-1.40635,31.7931,7434,High
106924-4,OMUBWEYA,Kagera,Bukoba,Dispensary,-1.60316,31.3784,3631,Low
108669-3,MASHULE,Kagera,Bukoba,Dispensary,-1.44342,31.393907,4666,Moderate
108670-1,NYAKABANGA,Kagera,Bukoba,Dispensary,-1.565138,31.543173,8257,High
100636-0,BUZI,Kagera,Bukoba,Dispensary,-1.159967,31.812702,4894,Moderate
101461-2,IBWERA,Kagera,Bukoba,Dispensary,-1.48137,31.6308,11612,Very High
108672-7,KIKOMELO,Kagera,Bukoba,Dispensary,-1.635313,31.526728,10893,Very High
100540-4,BULINDA,Kagera,Bukoba,Dispensary,-1.427437,31.771754,4864,Moderate
102126-0,KABALE,Kagera,Bukoba,Dispensary,-1.33273,31.7545,7481,High
107144-8,RUHUNGA,Kagera,Bukoba,Dispensary,-1.47617,31.4377,5832,Moderate
106581-2,NSHESHE,Kagera,Bukoba,Dispensary,-1.68484,31.4654,10856,Very High
108712-1,NTOMA,Kagera,Bukoba,Dispensary,-1.41701,31.76701,3497,Low
102436-3,KASHOZI,Kagera,Bukoba,Health Center,-1.22549,31.80813,3588,Low
102466-0,KATARE,Kagera,Bukoba,Dispensary,-1.08723,31.8374,2551,Low
106674-5,NYAKIBIMBILI,Kagera,Bukoba,Dispensary,-1.442801,31.606234,11398,Very High
103104-6,KISHOGO,Kagera,Bukoba,Dispensary,-1.3859,31.6444,6953,High
107134-9,RUGAZE,Kagera,Bukoba,Dispensary,-1.581535,31.428998,4925,Moderate
108707-1,BULILA,Kagera,Bukoba,Dispensary,-1.478356,31.744902,10816,Very High
108671-9,BUJUGO,Kagera,Bukoba,Dispensary,-1.40037,31.71574,7336,High
107197-6,RWAMULUMBA,Kagera,Bukoba,Dispensary,-1.3493,31.7434,5121,Moderate
103423-0,KYAMULAILE,Kagera,Bukoba,Dispensary,-1.40825,31.4019,10006,Very High
102305-0,KANAZI,Kagera,Bukoba,Health Center,-1.46256,31.7376,5466,Moderate
121763-7,CARE AND CURE MEDICAL,Kagera,Bukoba,Dispensary,-1.3981309,31.499885,11360,Very High
100597-4,BUSHASHA,Kagera,Bukoba,Dispensary,-1.07657,31.805,1978,Very Low
122993-9,MUGAJWALE,Kagera,Bukoba,Dispensary,-1.46801,31.46222,7597,High
102751-5,KIHUMULO,Kagera,Bukoba,Dispensary,-1.496895,31.39451,6964,High
121427-9,Amani,Kagera,Bukoba,Dispensary,-1.45828,31.75201,2888,Low
101692-2,IKUNYU,Kagera,Bukoba,Dispensary,-1.50718,31.5718,7705,High
104910-5,MIKONI,Kagera,Bukoba,Dispensary,-1.54217,31.5863,6738,High
102123-7,KAAGYA,Kagera,Bukoba,Dispensary,-1.161097,31.855456,8968,High
122907-9,IGOMBE,Kagera,Bukoba,Dispensary,-1.25226,31.81001,4504,Moderate
102233-4,KALEMA,Kagera,Bukoba,Dispensary,-1.2148,31.82606,6244,High
114500-2,BUKOBA DISTRICT,Kagera,Bukoba,Hospital,-1.44538,31.72268,7976,High
102191-4,KAIBANJA,Kagera,Bukoba,Dispensary,-1.418657,31.573011,10814,Very High
102480-1,KATOMA,Kagera,Bukoba,Dispensary,-1.29175,31.7616,6947,High
102485-0,KATORO,Kagera,Bukoba,Health Center,-1.39549,31.4958,9314,Very High
101627-8,IHUNGO SEC. SCHOOL,Kagera,Bukoba,Dispensary,-1.30346,31.813237,7733,High
103927-0,MAGEREZA,Kagera,Bukoba,Dispensary,-1.33592,31.81606,1979,Very Low
123259-4,SABINA AND GLORY,Kagera,Bukoba,Health Laboratory,-1.30522,31.77882,5119,Moderate
111167-3,BUKOBA MUNICIPAL,Kagera,Bukoba,Hospital,-1.30951,31.79622,5038,Moderate
121949-2,BALOZI,Kagera,Bukoba,Health Laboratory,-1.30088,31.85286,635,Very Low
123350-1,MESO VOICE OF VICTORY,Kagera,Bukoba,Dispensary,-1.32643,31.80498,4507,Moderate
108900-2,PRINMAT EKISHA,Kagera,Bukoba,Maternity Home,-1.32392,31.81978,9877,Very High
102158-3,KAGEMU,Kagera,Bukoba,Dispensary,-1.35568,31.801602,3725,Low
123016-8,BLC,Kagera,Bukoba,Health Laboratory,-1.16314,31.48334,4144,Moderate
100506-5,BUKOBA SEC. SCHOOL,Kagera,Bukoba,Dispensary,-1.3326,31.812464,451,Very Low
113429-5,AGA KHAN,Kagera,Bukoba,Clinic,-1.33075,31.81224,271,Very Low
113041-8,NEW VISION,Kagera,Bukoba,Health Laboratory,-1.33233,31.808547,882,Very Low
113430-3,BUKOBA,Kagera,Bukoba,Clinic,-1.33431,31.81224,778,Very Low
111166-5,COSAD,Kagera,Bukoba,Clinic,-1.32812,31.81949,5243,Moderate
100630-3,BUYEKERA POLICELINE,Kagera,Bukoba,Dispensary,-1.33794,31.811484,1370,Very Low
123495-4,PASAKA,Kagera,Bukoba,Dispensary,-1.34609,31.80332,1516,Very Low
101371-3,HINDU UNION,Kagera,Bukoba,Dispensary,-1.33158,31.81227,95,Very Low
121948-4,ALYSSA HEALTH LABORATORY,Kagera,Bukoba,Health Laboratory,-1.33804,31.80776,2960,Low
123261-0,TUMUSIIME,Kagera,Bukoba,Health Laboratory,-1.30522,31.77882,5119,Moderate
111871-0,ST. JOHN,Kagera,Bukoba,Dispensary,-1.34183,31.81246,4279,Moderate
102424-9,KASHAI,Kagera,Bukoba,Dispensary,-1.32189,31.81814,7410,High
102162-5,BUKOBA,Kagera,Bukoba,Hospital,-1.333837,31.809633,577,Very Low
123763-5,MPINZILE,Kagera,Bukoba,Dispensary,-1.32222,31.77457,6313,High
113040-0,MUTEGEKI,Kagera,Bukoba,Health Laboratory,-1.32917,31.8124,422,Very Low
114349-4,AL ABBAS DENTAL,Kagera,Bukoba,Clinic,-1.32539,31.81136,459,Very Low
115115-8,TRS HEALTH CLUB,Kagera,Bukoba,Physiotherapy Clinic,-1.32538,31.81135,920,Very Low
107634-8,St. Therese Bukoba,Kagera,Bukoba,Health Center,-1.32732,31.81132,854,Very Low
113039-2,LULU,Kagera,Bukoba,Health Laboratory,-1.32559,31.817284,610,Very Low
112248-0,NYANGA,Kagera,Bukoba,Dispensary,-1.29186,31.7813,2186,Low
112841-2,FARAJA,Kagera,Bukoba,Dispensary,-1.32524,31.81731,192,Very Low
115037-4,NUMBER ONE DENTAL SERVICE CLINIC,Kagera,Bukoba,Clinic,-1.33186,31.81174,316,Very Low
124137-1,THEREZA MEMORIAL,Kagera,Bukoba,Clinic,-1.33797,31.80804,850,Very Low
121956-7,TRINITY MEDICAL LABORATORY,Kagera,Bukoba,Health Laboratory,-1.33201,31.79292,11805,Very High
113037-6,KASHAI,Kagera,Bukoba,Health Laboratory,-1.32191,31.81808,1514,Very Low
100474-6,BUHEMBE,Kagera,Bukoba,Dispensary,-1.286881,31.807694,6191,High
114371-8,TRINITY MEDICAL  LABORATORY,Kagera,Bukoba,Health Laboratory,-1.32726,31.80676,1485,Very Low
123504-3,KAIZIREGE AND KEMEBOS SCHOOLS,Kagera,Bukoba,Dispensary,-1.36635,31.79271,4187,Moderate
121788-4,KASHAI,Kagera,Bukoba,Health Center,-1.32781,31.81257,127,Very Low
122068-0,Hasseki,Kagera,Bukoba,Health Laboratory,-1.32015,31.78925,8282,High
107193-5,RWAMISHENYE,Kagera,Bukoba,Health Center,-1.32241,31.79518,2508,Low
102186-4,KAHORORO,Kagera,Bukoba,Dispensary,-1.30298,31.84233,6295,High
123260-2,PASAKA,Kagera,Bukoba,Health Laboratory,-1.34609,31.80332,1516,Very Low
103262-2,KJ 21,Kagera,Bukoba,Dispensary,-1.32723,31.79714,3028,Low
121640-7,BUKOBA EYE CENTRE,Kagera,Bukoba,Clinic,-1.33181,31.80626,1852,Very Low
121901-3,KIBETA,Kagera,Bukoba,Dispensary,-1.34222,31.79878,4968,Moderate
114348-6,MFH,Kagera,Bukoba,Hospital,-1.32175,31.81227,7772,High
105630-8,MUGEZA MSETO,Kagera,Bukoba,Dispensary,-1.29042,31.8347,3582,Low
111947-8,WEMA,Kagera,Bukoba,Clinic,-1.33079,31.80549,2736,Low
110959-4,UFUFUO,Kagera,Bukoba,Health Center,-1.3536300000000001,31.79618,3382,Low
101636-9,IJUGANYONDO,Kagera,Bukoba,Dispensary,-1.36653,31.793736,2096,Very Low
108406-0,ZAMZAM,Kagera,Bukoba,Health Center,-1.32767,31.812825,642,Very Low
113047-5,ALINDA,Kagera,Bukoba,Health Laboratory,-1.32175,31.793918,2900,Low
113045-9,EDSON AND TIMOTHY,Kagera,Bukoba,Health Laboratory,-1.32416,31.81691,967,Very Low
108903-6,BUKOBA TOWN,Kagera,Bukoba,Health Center,-1.33057,31.81303,1001,Very Low
106578-8,FFU NSHAMBYA,Kagera,Bukoba,Dispensary,-1.31601,31.800299,5885,High
107129-9,RUGAMBWA,Kagera,Bukoba,Dispensary,-1.34692,31.80458,2559,Low
100511-5,BUKOMBE,Geita,Bukombe,Hospital,-3.461566,31.89497,28435,Very High
122300-7,SILAMILA,Geita,Bukombe,Dispensary,-3.39749,31.89132,18812,Very High
108233-8,UYOVU,Geita,Bukombe,Health Center,-3.33583,31.52579,16832,Very High
123677-7,KAPELA MEDICAL,Geita,Bukombe,Health Laboratory,-3.47421,31.90101,10032,Very High
123530-8,BICHENYERI,Geita,Bukombe,Health Laboratory,-3.33838,31.52251,471,Very Low
120698-6,LYAMBAMGONGO,Geita,Bukombe,Health Center,-3.49204,31.98514,10885,Very High
122490-6,NASILULUMA,Geita,Bukombe,Dispensary,-3.41782,31.42378,12455,Very High
120504-6,JOHN MEDICAL LABORATORY,Geita,Bukombe,Health Laboratory,-3.3407,31.526716,3400,Low
122200-9,MADIBA,Geita,Bukombe,Health Laboratory,-3.4587897,31.9029825,16884,Very High
100437-3,BUGANDO,Geita,Bukombe,Dispensary,-3.59509,31.95286,9210,Very High
122299-1,NG'ANZO,Geita,Bukombe,Dispensary,-3.35389,31.80087,25372,Very High
109197-4,WAZAZI NKOMO,Geita,Bukombe,Dispensary,-3.46442,31.89867,3883,Moderate
102042-9,IYOGELO,Geita,Bukombe,Dispensary,-3.548291,31.973681,12412,Very High
120700-0,KAGWE,Geita,Bukombe,Dispensary,-3.46335,32.0175,8121,High
122318-9,IKALANGA,Geita,Bukombe,Dispensary,-3.62419,32.06107,16343,Very High
100531-3,BULEGA,Geita,Bukombe,Health Center,-3.29792,31.78295,36545,Very High
109727-8,MIYENZE,Geita,Bukombe,Dispensary,-3.36671,31.93462,28791,Very High
106149-8,NAMONGE,Geita,Bukombe,Health Center,-3.40264,31.44949,28724,Very High
114503-6,BULANGWA,Geita,Bukombe,Dispensary,-3.43079,31.91382,9072,Very High
108343-5,WAZAZI MSONGA,Geita,Bukombe,Dispensary,-3.46685,31.89468,12019,Very High
122189-4,IMANI,Geita,Bukombe,Health Laboratory,-3.2349,31.27055,1588,Very Low
112895-8,BUTONDO,Geita,Bukombe,Health Laboratory,-3.3388517,31.521164,17970,Very High
109866-4,MSONGA,Geita,Bukombe,Health Center,-3.39267,31.02364,901,Very Low
100510-7,BUKOMBE,Geita,Bukombe,Dispensary,-3.514748,32.048177,19401,Very High
112451-0,BUSINDA,Geita,Bukombe,Dispensary,-3.45616,31.942990000000002,11587,Very High
120702-6,NAMPALAHALA,Geita,Bukombe,Dispensary,-3.24094,31.64623,24919,Very High
104735-6,CHARLES KULWA MEMORIAL,Geita,Bukombe,Hospital,-3.33802,31.5233,569,Very Low
105442-8,MSASANI,Geita,Bukombe,Dispensary,-3.6396,31.9888,14647,Very High
109777-3,BAKWATA NK,Geita,Bukombe,Dispensary,-3.46712,31.89536,2162,Low
108177-7,USHIROMBO,Geita,Bukombe,Health Center,-3.47096,31.90028,5268,Moderate
109809-4,BUFANKA,Geita,Bukombe,Health Center,-3.60492,31.98492,10175,Very High
101696-3,IKUZI,Geita,Bukombe,Dispensary,-3.38463,31.5851,18367,Very High
111788-6,UYOVU PRINMAT,Geita,Bukombe,Maternity Home,-3.33773,31.52282,4131,Moderate
120699-4,NAMALANDULA,Geita,Bukombe,Dispensary,-3.44792,31.40491,23784,Very High
107667-8,SAN PIO,Geita,Bukombe,Hospital,-3.45488,31.91531,12909,Very High
121760-3,KITILA,Geita,Bukombe,Dispensary,-3.345515,31.526063,24403,Very High
122488-0,KIZIBA,Geita,Bukombe,Dispensary,-3.50923,31.88826,7100,High
111005-5,KIVILICHA,Tanga,Lushoto,Dispensary,-4.95366,38.35743,1898,Very Low
104521-0,MAYO KISIWANI,Tanga,Lushoto,Dispensary,-4.86259,38.4703,4043,Moderate
107627-2,ST. RAPHAEL,Tanga,Lushoto,Dispensary,-4.86278,38.37471,7346,High
103399-2,KWEHANGALA,Tanga,Lushoto,Dispensary,-4.8555,38.43845,4691,Moderate
111007-1,MAVULUI,Tanga,Lushoto,Dispensary,-4.95384,38.35745,1723,Very Low
100220-3,BAGA,Tanga,Lushoto,Dispensary,-4.7721,38.42585,8314,High
108280-9,VUGA,Tanga,Lushoto,Dispensary,-4.90628,38.33839,8190,High
105419-6,MSAMAKA,Tanga,Lushoto,Dispensary,-4.97465,38.50863,1470,Very Low
107731-2,Tamota,Tanga,Lushoto,Health Center,-4.93802,38.49394,2396,Low
107856-7,Togotwe,Tanga,Lushoto,Dispensary,-4.86861,38.4656,4070,Moderate
104590-5,MBELEI,Tanga,Lushoto,Dispensary,-4.83127,38.3985,4991,Moderate
109848-2,BUMBA,Tanga,Lushoto,Dispensary,-4.73123,38.63456,1764,Very Low
123381-6,BUMBULI,Tanga,Lushoto,Hospital,-4.85321,38.42572,2367,Low
107550-6,SONI,Tanga,Lushoto,Health Center,-4.84525,38.36966,8664,High
123415-2,NKAMAI,Tanga,Lushoto,Dispensary,-4.91405,34.32222,11344,Very High
104796-8,MGWASHI,Tanga,Lushoto,Health Center,-4.77283,38.49659,7707,High
103410-7,KWEMKOMOLE,Tanga,Lushoto,Dispensary,-4.82782,38.56577,3182,Low
104676-2,MBUZII,Tanga,Lushoto,Dispensary,-4.85714,38.34227,5627,Moderate
105390-9,MPONDE VUGA,Tanga,Lushoto,Dispensary,-4.91961,38.41085,6553,High
100556-0,BUMBULI MISSION,Tanga,Lushoto,Hospital,-4.86375,38.47069,1877,Very Low
104020-3,MAHEZANGULU,Tanga,Lushoto,Dispensary,-4.92279,38.52057,3774,Low
123403-8,MKAALIE,Tanga,Lushoto,Dispensary,-6.36902,34.88888,2041,Very Low
122483-1,KWADOE,Tanga,Lushoto,Dispensary,-4.82717,38.43313,4972,Moderate
101162-6,FUNTA,Tanga,Lushoto,Dispensary,-4.90501,38.45896,6166,High
122969-9,KWEMISAMBIA,Tanga,Lushoto,Dispensary,-4.75478,38.78057,7503,High
120960-0,KWANGURUWE,Tanga,Lushoto,Dispensary,-4.8732,38.4689,2679,Low
111006-3,MPALALU,Tanga,Lushoto,Dispensary,-4.94185,38.47104,2961,Low
122166-2,MAKUTINI,Tanga,Lushoto,Dispensary,-4.4711,38.3115,2170,Low
121384-2,KIDUNDAI,Tanga,Lushoto,Dispensary,-4.45525,38.38183,211,Very Low
104928-7,MILINGANO,Tanga,Lushoto,Health Center,-4.72056,38.59908,5096,Moderate
106537-4,NKONGOI,Tanga,Lushoto,Dispensary,-4.77699,38.52769,3343,Low
104520-2,MAYO,Tanga,Lushoto,Dispensary,-4.84177,38.51515,6400,High
106156-3,NAMHULA,Mara,Bunda,Dispensary,-2.07971,33.462,5680,Moderate
104311-6,MARAMBEKA,Mara,Bunda,Dispensary,-1.87716,34.0493,6288,High
106190-2,NANSIMO,Mara,Bunda,Dispensary,-2.1495,33.3469,3313,Low
104217-5,MANCHIMWERU,Mara,Bunda,Dispensary,-1.87143,34.287145,8756,High
102387-8,KARUKEKERE,Mara,Bunda,Dispensary,-2.06709,33.5447,10560,Very High
106025-0,MWIRURUMA,Mara,Bunda,Dispensary,-2.03218,33.428095,6028,High
113908-8,SANZATE,Mara,Bunda,Dispensary,-1.91419,34.15864,6729,High
107245-3,SALAMA A,Mara,Bunda,Dispensary,-1.91494,34.1124,5505,Moderate
102450-4,KASUGUTI,Mara,Bunda,Health Center,-2.16534,33.5821,4931,Moderate
102391-0,KASAHUNGA,Mara,Bunda,Health Center,-2.15067,33.5112,6767,High
109338-4,MWITENDE,Mara,Bunda,Dispensary,-2.1393,33.3468,2108,Very Low
109748-4,KIHUMBU,Mara,Bunda,Dispensary,-1.98414,34.10733,4981,Moderate
101652-6,IKIZU,Mara,Bunda,Health Center,-1.90469,34.0215,9287,Very High
120704-2,ISANJU,Mara,Bunda,Health Center,-2.00168,33.44495,3627,Low
101847-2,IRAMBA,Mara,Bunda,Dispensary,-1.97744,33.3989,4379,Moderate
102584-0,ST. MARY'S,Mara,Bunda,Hospital,-2.15445,33.46762,9888,Very High
107246-1,SALAMA KATI,Mara,Bunda,Dispensary,-1.87451,34.1055,4184,Moderate
104724-0,MEKOMARIRO,Mara,Bunda,Dispensary,-1.8351,34.203,14205,Very High
109689-0,NAMALAMA,Mara,Bunda,Dispensary,-2.09027,33.30784,6645,High
104350-4,MARIWANDA,Mara,Bunda,Dispensary,-1.97528,34.1439,9301,Very High
123087-9,KIRORELI,Mara,Bunda,Dispensary,-1.95743,33.98743,2778,Low
114370-0,BUNDA DC,Mara,Bunda,Hospital,-1.90809,34.04835,2358,Low
100583-4,BUSAMBARA,Mara,Bunda,Dispensary,-2.14896,33.4312,9109,Very High
105629-0,MUGETA,Mara,Bunda,Health Center,-1.93391,34.2188,17679,Very High
113915-3,BUKAMA,Mara,Bunda,Dispensary,-1.91944,34.06152,3971,Moderate
101587-4,IGUNDU,Mara,Bunda,Dispensary,-2.07092,33.3592,6048,High
109623-9,NERUMA,Mara,Bunda,Dispensary,-2.11835,33.49466,6016,High
106067-2,NAFUBA,Mara,Bunda,Dispensary,-2.17957,33.3014,1121,Very Low
113913-8,NAMALEBE,Mara,Bunda,Dispensary,-2.11006,33.43333,6083,High
103344-8,KURUSANGA,Mara,Bunda,Dispensary,-1.85162,34.1532,7912,High
109756-7,KAMBUBU,Mara,Bunda,Dispensary,-1.93945,33.99943,4037,Moderate
106767-7,NYANGERE,Mara,Bunda,Dispensary,-1.96326,34.0114,3604,Low
107678-5,SUNSI,Mara,Bunda,Dispensary,-2.1361,33.2122,1258,Very Low
100526-3,BULAMBA,Mara,Bunda,Dispensary,-2.13702,33.6273,10975,Very High
123086-1,RAGATA,Mara,Bunda,Dispensary,-2.12983,33.58118,5697,Moderate
101404-2,HUNYARI,Mara,Bunda,Health Center,-1.98519,34.07844,6320,High
122933-5,SOZIA,Mara,Bunda,Dispensary,-2.28803,33.33589,7,Very Low
107302-2,SARAWE,Mara,Bunda,Dispensary,-1.93472,34.0297,4050,Moderate
103134-3,KISORYA,Mara,Bunda,Health Center,-2.10852,33.2195,12675,Very High
100496-9,BUKAMA SDA,Mara,Bunda,Dispensary,-1.917562,34.053974,2628,Low
106641-4,NYABURUNDU,Mara,Bunda,Dispensary,-1.83478,34.0962,6429,High
122471-6,BUNDA TOWN COUNCIL,Mara,Bunda,Hospital,-2.01161,33.49351,3628,Low
109684-1,BUKORE,Mara,Bunda,Dispensary,-1.97879,33.96073,2933,Low
102325-8,WARIKU,Mara,Bunda,Dispensary,-1.93633,33.7778,6621,High
111884-3,CHRIS-MALL AFRICANA,Mara,Bunda,Dispensary,-2.02407,33.86643,2232,Low
120688-7,KUNGOMBE,Mara,Bunda,Dispensary,-1.97186,33.83393,4456,Moderate
122963-2,MARY IMMACULATE,Mara,Bunda,Dispensary,-2.02665,33.83764,12418,Very High
121306-5,WARIKU,Mara,Bunda,Health Center,-1.93808,33.80002,4854,Moderate
104886-7,MIHALE,Mara,Bunda,Dispensary,-2.01715,34.0341,5168,Moderate
109343-4,KINYAMBWIGA,Mara,Bunda,Dispensary,-2.01811,33.71508,11849,Very High
104277-9,MANYAMANYAMA,Mara,Bunda,Hospital,-1.97732,33.85881,6651,High
123241-2,NEEMA,Mara,Bunda,Dispensary,-2.02465,33.87049,1842,Very Low
121363-6,MISISI,Mara,Bunda,Dispensary,-1.99311,33.92095,3163,Low
109615-5,BITARAGURU,Mara,Bunda,Dispensary,-1.93991,33.85009,8679,High
101277-2,GUTA,Mara,Bunda,Dispensary,-2.0741,33.7345,15094,Very High
100393-8,BOMA,Mara,Bunda,Dispensary,-2.02401,33.8627,9786,Very High
109869-8,Bhoke,Mara,Bunda,Dispensary,-2.02272,33.87372,3819,Low
107321-2,SAZIRA,Mara,Bunda,Dispensary,-2.0038,33.8984,7550,High
103340-6,KUNZUGU,Mara,Bunda,Dispensary,-2.05159,33.9156,6683,High
100566-9,BUNDA,Mara,Bunda,Hospital,-2.02994,33.8755,2784,Low
100061-1,AICT BUNDA,Mara,Bunda,Dispensary,-2.01881,33.872,2341,Low
102137-7,KABASA,Mara,Bunda,Dispensary,-1.97002,33.8146,6812,High
104688-7,MCHARO,Mara,Bunda,Dispensary,-2.01478,33.9459,4713,Moderate
109824-3,BUNDA MAGEREZA,Mara,Bunda,Dispensary,-1.995047,33.871788,8616,High
108055-5,UKOMBOZI,Mara,Bunda,Dispensary,-2.04385,33.87136,16233,Very High
113635-7,AGA KHAN,Mara,Bunda,Clinic,-2.02327,33.87325,1078,Very Low
121301-6,NYAMUNYU,Mara,Bunda,Dispensary,-1.97877,33.90438,4691,Moderate
109377-2,CHANGUGE,Mara,Bunda,Dispensary,-2.17141,33.94611,297,Very Low
106704-0,NYAMATOKE,Mara,Bunda,Dispensary,-2.04034,34.0007,6375,High
123320-4,RUPA MEMORIAL,Mara,Bunda,Hospital,-2.01431,33.87336,14200,Very High
109457-2,FARAJA,Mara,Bunda,Maternity Home,-2.02753,33.86872,6815,High
120292-8,AMANI,Mara,Bunda,Dispensary,-2.01451,33.86136,15274,Very High
100565-1,BUNDA,Mara,Bunda,Health Center,-2.01727,33.8704,3779,Low
115026-7,KISANGWA,Mara,Bunda,Dispensary,-1.99401,33.96238,3018,Low
113873-4,BUSEGA,Simiyu,Busega,Hospital,-2.36731,33.59466,7795,High
123468-1,SMC,Simiyu,Busega,Dispensary,-2.39182,33.67601,5371,Moderate
105848-6,MWAMAGIGISI,Simiyu,Busega,Dispensary,-2.37716,33.7974,9273,Very High
106726-3,NYAMIKOMA,Simiyu,Busega,Dispensary,-2.321909,33.671744,6919,High
106681-0,NYALUHANDE,Simiyu,Busega,Dispensary,-2.50562,33.6114,11118,Very High
105964-1,MWASAMBA,Simiyu,Busega,Dispensary,-2.315022,33.809959,6322,High
103774-6,LUTUBIGA,Simiyu,Busega,Dispensary,-2.30924,33.8682,6458,High
110826-5,MUNGUKWANZA,Simiyu,Busega,Maternity Home,-2.24737,33.84419,8816,High
105936-9,MWANHALE,Simiyu,Busega,Dispensary,-2.3821,33.8914,6764,High
101633-6,IJIHA,Simiyu,Busega,Dispensary,-2.43772,33.52412,10,Very Low
123936-7,HOPE,Simiyu,Busega,Dispensary,-2.26259,33.85674,7416,High
113105-1,ZAMAX,Simiyu,Busega,Health Laboratory,-2.24201,33.85366,4093,Moderate
111307-5,CHAMUGASA,Simiyu,Busega,Dispensary,-2.291072,33.755687,8602,High
120812-3,SANGA,Simiyu,Busega,Dispensary,-2.53873,33.799995,11235,Very High
100218-7,BADUGU,Simiyu,Busega,Dispensary,-2.480091,33.678768,12929,Very High
105889-0,MWAMJULILA,Simiyu,Busega,Dispensary,-2.4334,33.7243,6883,High
105903-9,MWANANGI,Simiyu,Busega,Dispensary,-2.43651,33.5675,6112,High
100539-6,BULIMA,Simiyu,Busega,Dispensary,-2.374964,33.562881,4267,Moderate
113876-7,MWAMANYILI,Simiyu,Busega,Dispensary,-2.4563,33.540085,1352,Very Low
106361-9,NGASAMO,Simiyu,Busega,Dispensary,-2.490219,33.845288,12630,Very High
102860-4,KILOLELI,Simiyu,Busega,Health Center,-2.4476,33.5433,691,Very Low
100600-6,BUSHIGWAMHALA,Simiyu,Busega,Dispensary,-2.339277,33.755692,6324,High
110994-1,LAMADI,Simiyu,Busega,Dispensary,-2.24559,33.84883,1003,Very Low
101220-2,GININIGA,Simiyu,Busega,Dispensary,-2.465917,33.761096,10435,Very High
106210-8,NASSA,Simiyu,Busega,Health Center,-2.37366,33.5849,10716,Very High
103696-1,LUKUNGU,Simiyu,Busega,Health Center,-2.22202,33.8605,9830,Very High
104736-4,MENONITE LAMADI,Simiyu,Busega,Dispensary,-2.247209,33.847708,693,Very Low
114691-9,TUMAINI,Simiyu,Busega,Dispensary,-2.24834,33.848313,3618,Low
123683-5,NURU,Simiyu,Busega,Health Laboratory,-2.36848,33.94835,5456,Moderate
123685-0,SOTCO,Simiyu,Busega,Health Laboratory,-2.24369,33.84994,4095,Moderate
113875-9,MWABULUGU,Simiyu,Busega,Dispensary,-2.267687,33.81369,4449,Moderate
101522-1,IGALUKILO,Simiyu,Busega,Health Center,-2.41046,33.7748,6145,High
114713-1,JAIDEN,Simiyu,Busega,Dispensary,-2.96147,34.13661,8632,High
102237-5,KALEMELA,Simiyu,Busega,Dispensary,-2.29663,33.7128,5002,Moderate
105123-4,Mkula,Simiyu,Busega,Hospital,-2.33488,33.8758,9166,Very High
104175-5,MALILI,Simiyu,Busega,Dispensary,-2.443997,33.806294,4810,Moderate
122107-6,ZEMAX,Simiyu,Busega,Health Laboratory,-2.24262,33.853245,1142,Very Low
123686-8,MAX,Simiyu,Busega,Health Laboratory,-2.24676,33.85004,2935,Low
107412-9,SHIGALA,Simiyu,Busega,Dispensary,-2.39462,33.6805,3566,Low
105883-3,MWAMIGONGWA,Simiyu,Busega,Dispensary,-2.42349,33.85899,7397,High
114455-9,KASIMINGI,Simiyu,Busega,Health Laboratory,-2.32134,33.6681,8960,High
102757-2,KIJERESHI,Simiyu,Busega,Dispensary,-2.313621,33.920322,9617,Very High
121700-9,NSOSO,Mbeya,Rungwe,Dispensary,-9.31178,33.80874,1159,Very Low
121439-4,NSANGA,Mbeya,Rungwe,Dispensary,-9.43813,33.82472,2221,Low
105825-4,MWAKALELI,Mbeya,Rungwe,Health Center,-9.15035,33.79253,6909,High
103765-4,LUTEBA,Mbeya,Rungwe,Dispensary,-9.12684,33.81125,6758,High
112212-6,KIFUNDA,Mbeya,Rungwe,Health Center,-9.30494,33.89998,1716,Very Low
113340-4,NTABA,Mbeya,Rungwe,Health Center,-9.42098,33.85205,2240,Low
103732-4,LUPATA,Mbeya,Rungwe,Dispensary,-9.300961,33.837438,1884,Very Low
102458-7,KASYABONE,Mbeya,Rungwe,Dispensary,-9.39949,33.86813,2488,Low
105826-2,MWAKALELI LUTHERAN,Mbeya,Rungwe,Dispensary,-9.1597,33.81815,2203,Low
105334-7,MPANDA,Mbeya,Rungwe,Dispensary,-9.28714,33.80819,1781,Very Low
121354-5,BUMBIGI,Mbeya,Rungwe,Dispensary,-9.16595,33.83865,2562,Low
121441-0,KITEMA,Mbeya,Rungwe,Dispensary,-9.29368,33.77464,1374,Very Low
101637-7,IKAMA,Mbeya,Rungwe,Dispensary,-9.26181,33.82516,1410,Very Low
109302-0,MBAMBO,Mbeya,Rungwe,Dispensary,-9.35625,33.79319,6560,High
109986-0,LUKASI,Mbeya,Rungwe,Dispensary,-9.25366,33.85977,1909,Very Low
121438-6,NTAPISI,Mbeya,Rungwe,Dispensary,-9.36295,33.84899,1559,Very Low
112211-8,BWIBUKA,Mbeya,Rungwe,Dispensary,-9.31442,33.81845,977,Very Low
112207-6,MATAMBA,Mbeya,Rungwe,Dispensary,-9.09606,33.49953,1410,Very Low
111700-1,MWAKALELI SDA,Mbeya,Rungwe,Dispensary,-9.19522,33.76506,5700,Moderate
112231-6,ISANGE,Mbeya,Rungwe,Health Center,-9.186,33.82926,4190,Moderate
102616-0,KIBOLE,Mbeya,Rungwe,Dispensary,-9.34961,33.88008,2926,Low
102342-3,KANYELELE,Mbeya,Rungwe,Dispensary,-9.26227,33.7671,2056,Very Low
112210-0,MPATA,Mbeya,Rungwe,Health Center,-9.26312,33.75123,439,Very Low
109318-6,LUFILYO,Mbeya,Rungwe,Dispensary,-9.28894,33.9008,2576,Low
102283-9,KAMBASEGELA,Mbeya,Rungwe,Dispensary,-9.3952,33.8175,3357,Low
109987-8,MBIGILI,Mbeya,Rungwe,Dispensary,-9.20853,33.82471,4064,Moderate
104273-8,MANOW,Mbeya,Rungwe,Dispensary,-9.25841,33.78876,2860,Low
106231-4,NDALA,Mbeya,Rungwe,Dispensary,-9.16621,33.758,4453,Moderate
122067-2,JILEKA lab,Mbeya,Rungwe,Health Laboratory,-9.26779,33.81343,3601,Low
121408-9,SELYA,Mbeya,Rungwe,Dispensary,-9.29891,33.87281,2174,Low
122301-5,IJOKA,Mbeya,Rungwe,Dispensary,-9.17117,33.81404,4693,Moderate
101977-7,ITETE,Mbeya,Rungwe,Hospital,-9.301621,33.847241,4076,Moderate
106592-9,NTABA LUTHERAN,Mbeya,Rungwe,Dispensary,-9.42362,33.84477,2283,Low
103752-2,LUSANJE,Mbeya,Rungwe,Dispensary,-9.19225,33.78351,5167,Moderate
105354-5,MPATA,Mbeya,Rungwe,Dispensary,-9.26279,33.75032,2282,Low
113925-2,BUSOKELO,Mbeya,Rungwe,Hospital,-9.2564,33.83118,2095,Very Low
115067-1,MAGUNGA,Mara,Butiama,Dispensary,-1.62147,33.92173,3893,Moderate
100325-0,BARANGA,Mara,Butiama,Dispensary,-1.68392,34.22873,7902,High
122294-2,STESO,Mara,Butiama,Dispensary,-1.80292,34.10704,7847,High
122275-1,VISTENSA,Mara,Butiama,Dispensary,-1.67473,34.31167,7044,High
106629-9,NYABANGE GVT,Mara,Butiama,Dispensary,-1.54502,33.8663,5296,Moderate
100619-6,BUTIAMA,Mara,Butiama,Hospital,-1.7674,33.96015,5377,Moderate
109383-0,MURIAZA,Mara,Butiama,Dispensary,-1.7109,33.98596,4753,Moderate
106827-9,NYASIRORI,Mara,Butiama,Dispensary,-1.86136,33.95733,10113,Very High
100552-9,BUMANGI GOVT,Mara,Butiama,Dispensary,-1.72267,34.00953,4173,Moderate
102562-6,KIAGATA,Mara,Butiama,Health Center,-1.66007,34.10725,6144,High
115077-0,NYAKISWA,Mara,Butiama,Dispensary,-1.49684,33.47196,NA,NA
102560-0,KIABAKARI MAGEREZA,Mara,Butiama,Dispensary,-1.77482,33.8218,3151,Low
121601-9,MAZAMI,Mara,Butiama,Dispensary,-1.6247,33.9217,3557,Low
123965-6,MJNUAT OSWALD MANG'OMBE CUMPUS,Mara,Butiama,Dispensary,-1.67875,33.96235,3826,Low
102559-2,KIABAKARI JWTZ,Mara,Butiama,Dispensary,-1.77209,33.8481,1724,Very Low
100375-5,BISUMWA,Mara,Butiama,Dispensary,-1.60304,33.81003,9513,Very High
107208-1,RYAMISANGA,Mara,Butiama,Dispensary,-1.58792,34.06708,7680,High
121074-9,FAMILY,Mara,Butiama,Dispensary,-1.65006,34.10701,5771,Moderate
115071-3,NYARUKORU,Mara,Butiama,Dispensary,-1.53122,33.78022,8296,High
111709-2,YASI,Mara,Butiama,Dispensary,-1.76412,33.96943,5760,Moderate
100473-8,BUHEMBA,Mara,Butiama,Health Center,-1.76362,34.0789,11687,Very High
106736-2,NYAMISISI,Mara,Butiama,Dispensary,-1.75527,33.8677,7163,High
103904-9,MAGANA,Mara,Butiama,Dispensary,-1.59476,33.975129,4824,Moderate
107207-3,RYAMUGABO,Mara,Butiama,Dispensary,-1.71627,33.79139,7506,High
107195-0,RWAMKOMA JKT,Mara,Butiama,Dispensary,-1.83129,33.98587,5714,Moderate
115076-2,NYAMIKOMA,Mara,Butiama,Dispensary,-1.80526,33.85142,4681,Moderate
109612-2,MATONGO,Mara,Butiama,Dispensary,-1.71503,34.07301,5703,Moderate
102297-9,KAMUGEGI,Mara,Butiama,Dispensary,-1.73528,33.79443,3126,Low
108355-9,WEGERO,Mara,Butiama,Dispensary,-1.610912,34.194872,12088,Very High
103242-4,KIZARU,Mara,Butiama,Dispensary,-1.67646,34.04125,5016,Moderate
109395-4,KYAMAJOJE,Mara,Butiama,Dispensary,-1.5936510830312614,33.77496623809253,6533,High
122098-7,BUTUGURI,Mara,Butiama,Health Center,-1.39383,33.56152,NA,NA
106630-7,NYABANGE KMT,Mara,Butiama,Dispensary,-1.53997,33.86294,4953,Moderate
107194-3,RWAMKOMA,Mara,Butiama,Dispensary,-1.8078,34.0023,7270,High
103427-1,KYAWAZARWE,Mara,Butiama,Dispensary,-1.767757,33.831531,1802,Very Low
103163-2,RWASERETA,Mara,Butiama,Dispensary,-1.71329,34.1781,10410,Very High
100591-7,BUSEGWE,Mara,Butiama,Dispensary,-1.72088,33.95883,2984,Low
100553-7,BUMANGI KMT,Mara,Butiama,Dispensary,-1.73747,34.01057,6392,High
109419-2,ISABA,Mara,Butiama,Dispensary,-1.66355,33.88346,11285,Very High
100592-5,BUSEGWE SDA,Mara,Butiama,Dispensary,-1.70859,33.9532,4802,Moderate
115073-9,KWIGUTU,Mara,Butiama,Dispensary,-1.76197,33.95949,4806,Moderate
104430-4,MASURURA,Mara,Butiama,Dispensary,-1.61483,34.02225,8382,High
106725-5,NYAMIKA,Mara,Butiama,Dispensary,-1.7276,33.85627,6658,High
122228-0,SIYA,Mara,Butiama,Health Laboratory,-1.76789,33.96553,2765,Low
100624-6,BUTUGURI,Mara,Butiama,Dispensary,-1.67403,33.9528,6378,High
102561-8,BLESSED PIER GIORGIO FRASSAT,Mara,Butiama,Dispensary,-1.76487,33.8598,6782,High
100015-7,BURUMA,Mara,Butiama,Dispensary,-1.67623,33.83745,6802,High
105951-8,MWANZABURIGA,Mara,Butiama,Dispensary,-1.79912,33.8997,7477,High
104968-3,MIRWA,Mara,Butiama,Dispensary,-1.76963,34.14423,7933,High
106781-8,NYANKANGA,Mara,Butiama,Dispensary,-1.58656,33.9024,9791,Very High
106013-6,MWIBAGI,Mara,Butiama,Dispensary,-1.85632,33.8392,10961,Very High
102290-4,KAMUGENDI,Mara,Butiama,Dispensary,-1.64677,34.07882,5481,Moderate
109399-6,KIRUMI,Mara,Butiama,Health Center,-1.55563,33.95427,4577,Moderate
101387-9,HONDOGO,Pwani,Bagamoyo,Dispensary,-6.175448,38.401402,2732,Low
108269-2,VISEZI,Pwani,Bagamoyo,Dispensary,-6.74423,38.6316,3056,Low
104621-8,MBOGA,Pwani,Bagamoyo,Dispensary,-6.52391,38.30871,2554,Low
100653-5,Bwawani Secondary,Pwani,Bagamoyo,Dispensary,-6.64247,38.04989,6213,High
104486-6,Matuli,Pwani,Bagamoyo,Dispensary,-6.674581,38.223361,3501,Low
107991-2,UBENA PRISON,Pwani,Bagamoyo,Dispensary,-6.63529,38.1669,1557,Very Low
121884-1,PINGO,Pwani,Bagamoyo,Dispensary,-6.65569,38.43071,2703,Low
102683-0,KIFULETA,Pwani,Bagamoyo,Dispensary,-6.09652,38.2047,3253,Low
104826-3,MBWAMBO,Pwani,Bagamoyo,Dispensary,-6.64044,38.34885,2463,Low
120475-9,IMPERIAL,Pwani,Bagamoyo,Health Center,-6.62974,38.28939,3059,Low
121958-3,upendo,Pwani,Bagamoyo,Health Laboratory,-6.364878,38.574665,1000,Very Low
124058-9,CHAMAKWEZA,Pwani,Bagamoyo,Dispensary,-6.67544,38.50432,4836,Moderate
120721-6,ANNE HILLARY,Pwani,Bagamoyo,Dispensary,-6.331885,38.390144,2896,Low
114760-2,DIOZILE,Pwani,Bagamoyo,Dispensary,-6.49359,38.27076,3813,Low
103645-8,LUGOBA SECONDARY,Pwani,Bagamoyo,Dispensary,-6.45483,38.332,4366,Moderate
120647-3,ISACK,Pwani,Bagamoyo,Health Laboratory,-6.628368,38.268635,2158,Low
122681-0,SARDON MEDICAL,Pwani,Bagamoyo,Health Laboratory,-6.52279,38.31193,3199,Low
114800-6,CHAHUA,Pwani,Bagamoyo,Dispensary,-6.67339,38.36733,1872,Very Low
114792-5,MSIGI,Pwani,Bagamoyo,Dispensary,-6.51916,38.44204,5456,Moderate
114759-4,MNINDI,Pwani,Bagamoyo,Dispensary,-6.71056,38.59549,2189,Low
114763-6,KIBAONI,Pwani,Bagamoyo,Dispensary,-6.22576,38.39461,3065,Low
107894-8,TUKAMISASA,Pwani,Bagamoyo,Dispensary,-6.52093,38.21369,4094,Moderate
110145-0,SALENI,Pwani,Bagamoyo,Dispensary,-6.42481,38.34056,2580,Low
104233-2,MANDERA,Pwani,Bagamoyo,Dispensary,-6.214632,38.407326,3149,Low
114801-4,PERA,Pwani,Bagamoyo,Dispensary,-6.65566,38.43076,7592,High
124448-2,D,Pwani,Bagamoyo,Dispensary,-6.38125,38.20204,200,Very Low
111897-5,KINZAGU,Pwani,Bagamoyo,Dispensary,-6.38599,38.31192,3316,Low
110941-2,MBWEWE TYMA,Pwani,Bagamoyo,Dispensary,-6.08586,38.24512,2000,Very Low
107720-5,TALAWANDA,Pwani,Bagamoyo,Dispensary,-6.49258,38.46635,1544,Very Low
107990-4,UBENA ESTATE,Pwani,Bagamoyo,Dispensary,-6.62276,38.1962,2713,Low
107167-9,RUPUNGWI,Pwani,Bagamoyo,Dispensary,-6.162457,38.345367,4176,Moderate
121136-6,JANUARY MEDICAL LABORATORY  SERVICES,Pwani,Bagamoyo,Health Laboratory,-6.634974,38.240211,2970,Low
104425-4,MASUGURU,Pwani,Bagamoyo,Dispensary,-6.35717,38.4725,1968,Very Low
111350-5,RTS KIHANGAIKO,Pwani,Bagamoyo,Health Center,-6.273644,38.388209,4990,Moderate
105443-6,MSATA,Pwani,Bagamoyo,Health Center,-6.33492,38.3895,5286,Moderate
105483-2,MSOGA,Pwani,Bagamoyo,Hospital,-6.562437,38.311898,5421,Moderate
122005-2,TRIPPLE R MBWAMBO,Pwani,Bagamoyo,Health Laboratory,-6.635111,38.167599,2626,Low
123564-7,SOPHADON HEALTH CARE,Pwani,Bagamoyo,Health Laboratory,-6.64608,38.35455,4287,Moderate
124091-0,MBAWALA,Pwani,Bagamoyo,Health Laboratory,-6.64542,38.35262,2398,Low
103379-4,KWAMSANJA,Pwani,Bagamoyo,Dispensary,-6.08298,38.0182,1480,Very Low
104955-0,MIONO,Pwani,Bagamoyo,Health Center,-6.119612,38.411747,5722,Moderate
123164-6,UMOJA,Pwani,Bagamoyo,Dispensary,-6.65468,38.35822,2597,Low
103385-1,KWANG'ANDU,Pwani,Bagamoyo,Dispensary,-5.96211,38.2255,2790,Low
114852-7,MICO UWANJANI,Pwani,Bagamoyo,Dispensary,-6.63943,38.34649,16416,Very High
123874-0,MTEWELE,Pwani,Bagamoyo,Health Laboratory,-6.45957,38.32997,2125,Very Low
110149-2,MAKOMBE,Pwani,Bagamoyo,Dispensary,-6.416267,38.301867,5008,Moderate
110938-8,RUVU DARAJANI,Pwani,Bagamoyo,Dispensary,-6.68767,38.68961,8690,High
114755-2,MAGURUMATALI,Pwani,Bagamoyo,Dispensary,-6.52215,38.50691,3371,Low
104892-5,MIHUGA,Pwani,Bagamoyo,Dispensary,-6.183907,38.495204,1249,Very Low
103373-7,KWAMDUMA,Pwani,Bagamoyo,Dispensary,-6.01895,38.0745,1640,Very Low
111353-9,MICO-MAZINDE,Pwani,Bagamoyo,Dispensary,-6.64358,38.35054,2494,Low
114762-8,VISAKAZI,Pwani,Bagamoyo,Dispensary,-6.63343,38.03728,10410,Very High
104471-8,MATIPWILI,Pwani,Bagamoyo,Dispensary,-6.231287,38.711881,5980,High
122446-8,MIKO,Pwani,Bagamoyo,Health Laboratory,-6.371881,38.587383,982,Very Low
124231-2,TONGA,Pwani,Bagamoyo,Dispensary,-6.47447,38.32861,3978,Moderate
124057-1,CHANGALIKWA,Pwani,Bagamoyo,Dispensary,-6.67544,38.50432,4836,Moderate
103643-3,LUGOBA,Pwani,Bagamoyo,Health Center,-6.46303,38.33051,4962,Moderate
114074-8,MAMA FATUMA,Pwani,Bagamoyo,Maternity and Nursing Home,-6.37159,38.58943,3706,Low
113278-6,CHALINZE,Pwani,Bagamoyo,Health Laboratory,-6.63807,38.35434,4229,Moderate
122004-5,HEKIMA,Pwani,Bagamoyo,Health Laboratory,-6.08018,38.340775,905,Very Low
102898-4,KIMANGE,Pwani,Bagamoyo,Dispensary,-6.128501,38.306586,4166,Moderate
107027-5,PONGWEMSUNGURA,Pwani,Bagamoyo,Dispensary,-6.333847,38.259817,2198,Low
114785-9,MINDUKENE,Pwani,Bagamoyo,Dispensary,-6.46695,38.42121,3134,Low
104224-1,MANDAMAZINGARA,Pwani,Bagamoyo,Dispensary,-6.04939,38.522318,3451,Low
122437-7,IBRA,Pwani,Bagamoyo,Health Laboratory,-6.375816,38.586174,5025,Moderate
100706-1,CHALINZE,Pwani,Bagamoyo,Health Center,-6.63666,38.35381,15098,Very High
100707-9,CHALINZE RC,Pwani,Bagamoyo,Dispensary,-6.64044,38.3667,12854,Very High
114793-3,MDAULA,Pwani,Bagamoyo,Dispensary,-6.63641,38.24378,4028,Moderate
108502-6,UBENA ZOMOZI,Pwani,Bagamoyo,Dispensary,-6.63462,38.17323,1970,Very Low
107718-9,CHARLOTHI,Pwani,Bagamoyo,Dispensary,-6.45887,38.32811,3056,Low
110153-4,GONGO,Pwani,Bagamoyo,Dispensary,-6.16672,38.59842,1198,Very Low
103400-8,KWEIKONJE,Pwani,Bagamoyo,Dispensary,-5.99394,38.36732,1731,Very Low
102601-2,KIBINDU,Pwani,Bagamoyo,Health Center,-5.99322,37.92274,10572,Very High
104410-6,MASIMBANI,Pwani,Bagamoyo,Dispensary,-6.037561,38.415426,1646,Very Low
113289-3,MICO,Pwani,Bagamoyo,Health Laboratory,-6.37293,38.58736,886,Very Low
103389-3,KWARUHOMBO,Pwani,Bagamoyo,Health Center,-6.08572,38.1342,1707,Very Low
122436-9,LUDOVIC,Pwani,Bagamoyo,Health Laboratory,-6.077877,38.24358,2469,Low
114761-0,MWETEMO,Pwani,Bagamoyo,Dispensary,-6.35235,38.49707,1841,Very Low
114266-0,HAROUB,Pwani,Bagamoyo,Health Laboratory,-6.117967,38.409223,6376,High
114419-5,GADO,Pwani,Bagamoyo,Health Laboratory,-6.636776,38.236706,1925,Very Low
123235-4,MICO MDAULA,Pwani,Bagamoyo,Dispensary,-6.63668,38.23472,4380,Moderate
108452-4,MILO,Pwani,Bagamoyo,Dispensary,-6.576416,38.745552000000004,2804,Low
111866-0,MAZIZI,Pwani,Bagamoyo,Dispensary,-6.41519,38.341038,4410,Moderate
122601-8,SAN KIMASA,Pwani,Bagamoyo,Dispensary,-6.63801,38.13171,1870,Very Low
123562-1,MELINE TRUST,Pwani,Bagamoyo,Health Laboratory,-6.64374,38.35329,2471,Low
107223-0,SAADANI,Pwani,Bagamoyo,Dispensary,-6.04268,38.77731,3582,Low
107026-7,PONGWEKIONA,Pwani,Bagamoyo,Dispensary,-6.18032,38.242556,1942,Very Low
111351-3,MSOLWA,Pwani,Bagamoyo,Dispensary,-6.62274,38.26871,4730,Moderate
105085-5,MKOKO,Pwani,Bagamoyo,Dispensary,-6.25557,38.49112,1327,Very Low
102665-7,KIDOGOZERO,Pwani,Bagamoyo,Dispensary,-6.65231,38.7058,4018,Moderate
124232-0,BAGO,Pwani,Bagamoyo,Dispensary,-6.38049,38.57155,4011,Moderate
103224-2,KIWANGWA,Pwani,Bagamoyo,Dispensary,-6.36998,38.5812,1848,Very Low
104686-1,MBWEWE,Pwani,Bagamoyo,Dispensary,-6.07665,38.2464,2496,Low
105053-3,MKANGE,Pwani,Bagamoyo,Dispensary,-6.07292,38.561945,3323,Low
114783-4,KIHANGAIKO,Pwani,Bagamoyo,Dispensary,-6.31781,38.38384,2645,Low
103644-1,LUGOBA MISSION,Pwani,Bagamoyo,Dispensary,-6.45537,38.3315,1498,Very Low
110940-4,MSAMWA DISP,Pwani,Bagamoyo,Dispensary,-6.33344,38.38519,5399,Moderate
105476-6,Msinune,Pwani,Bagamoyo,Dispensary,-6.39993,38.5569,3799,Low
114758-6,KILEMERA,Pwani,Bagamoyo,Dispensary,-6.18162,38.43045,1352,Very Low
108252-8,VIGWAZA,Pwani,Bagamoyo,Dispensary,-6.67562,38.6177,13618,Very High
109609-8,MAHAMHA,Dodoma,Chamwino,Dispensary,-6.04852,36.14582,5027,Moderate
120838-8,MZULA,Dodoma,Chamwino,Dispensary,-6.31259,35.87229,3864,Low
123215-6,MSAMALO,Dodoma,Chamwino,Dispensary,-6.27987,36.11951,2240,Low
100778-0,Chiboli,Dodoma,Chamwino,Dispensary,-6.856554,35.819902,4353,Moderate
123007-7,ST. JOSEPH,Dodoma,Chamwino,Health Laboratory,-6.50151,35.83679,8424,High
108371-6,WILUNZE,Dodoma,Chamwino,Dispensary,-6.127665,36.228355,7165,High
101311-9,Handali,Dodoma,Chamwino,Health Center,-6.340347,36.000235000000004,8822,High
100726-9,CHAMWINO,Dodoma,Chamwino,Health Center,-6.09856,36.03796,29514,Very High
107305-5,SASAJILA,Dodoma,Chamwino,Dispensary,-6.691306,35.885508,4566,Moderate
104287-8,Manzase,Dodoma,Chamwino,Dispensary,-6.606497,35.931989,9863,Very High
104726-5,Membe,Dodoma,Chamwino,Dispensary,-5.892263,36.172407,6616,High
123319-6,ILOLO,Dodoma,Chamwino,Dispensary,-6.31259,35.87229,3864,Low
100829-1,Chinugulu,Dodoma,Chamwino,Dispensary,-6.90156,35.394375,14821,Very High
109666-8,Ikombo,Dodoma,Chamwino,Dispensary,-5.722259,36.084373,8141,High
103571-6,Loje,Dodoma,Chamwino,Dispensary,-6.866932,36.011202,3979,Moderate
102049-4,Izava,Dodoma,Chamwino,Dispensary,-5.561118,36.260151,4400,Moderate
100866-3,Chiwondo,Dodoma,Chamwino,Dispensary,-5.725719,36.229303,4106,Moderate
102505-5,KAWAWA,Dodoma,Chamwino,Dispensary,-5.971917,36.05055,7485,High
110455-3,SOLOWU,Dodoma,Chamwino,Dispensary,-5.651149,35.935664,6708,High
101663-3,Ikombolinga,Dodoma,Chamwino,Dispensary,-6.486684,35.958748,5227,Moderate
123549-8,CHINANGALI II,Dodoma,Chamwino,Health Laboratory,-6.14139,36.07081,4189,Moderate
100705-3,Chalinze,Dodoma,Chamwino,Dispensary,-6.15997,36.229958,5250,Moderate
100487-8,Buigiri,Dodoma,Chamwino,Dispensary,-6.140224,36.022642,10717,Very High
109624-7,Champumba,Dodoma,Chamwino,Dispensary,-6.96171,35.873945,2044,Very Low
113958-3,MANCHALI B,Dodoma,Chamwino,Dispensary,-6.14702,36.18593,4858,Moderate
105775-1,MVUMI MISSION,Dodoma,Chamwino,Hospital,-6.39181,35.89892,23972,Very High
113927-8,MM JKT,Dodoma,Chamwino,Dispensary,-6.14494,36.02366,3784,Low
101673-2,Ikowa,Dodoma,Chamwino,Dispensary,-6.227441,36.149142,966,Very Low
106376-7,NGHAHELEZI,Dodoma,Chamwino,Dispensary,-6.3836,36.07281,6388,High
109833-4,Manda,Dodoma,Chamwino,Dispensary,-6.775079,35.298047,1197,Very Low
108370-8,WILIKO,Dodoma,Chamwino,Dispensary,-6.665385,35.764371,5604,Moderate
104282-9,Manyemba,Dodoma,Chamwino,Dispensary,-5.696419,36.17278,4625,Moderate
109605-6,Makoja,Dodoma,Chamwino,Dispensary,-6.20709,36.14169,2280,Low
100737-6,Chanhumba,Dodoma,Chamwino,Dispensary,-6.337904,36.046607,3047,Low
121782-7,ITISO,Dodoma,Chamwino,Health Center,-5.62451,36.01972,5582,Moderate
101279-8,Gwandi,Dodoma,Chamwino,Dispensary,-5.448179,36.039127,6275,High
114711-5,Uhuru,Dodoma,Chamwino,Hospital,-6.13742,36.00249,4493,Moderate
105238-0,MNASE,Dodoma,Chamwino,Dispensary,-6.259646,36.061245,3283,Low
120914-7,MANDA,Dodoma,Chamwino,Health Center,-6.77507,35.29804,6771,High
104793-5,Mgunga,Dodoma,Chamwino,Dispensary,-6.27987,36.119505,24,Very Low
106242-1,NDEBWE,Dodoma,Chamwino,Dispensary,-6.36616,35.975513,6469,High
100822-6,Chinangali II,Dodoma,Chamwino,Dispensary,-6.144796,36.085071,4018,Moderate
124328-6,J4,Dodoma,Chamwino,Health Laboratory,-5.48535,35.84342,3135,Low
101856-3,Iringa Mvumi,Dodoma,Chamwino,Dispensary,-6.482167,35.925108,9117,Very High
106069-8,NAGULO MWITIKIRA,Dodoma,Chamwino,Dispensary,-6.600192,35.622014,2873,Low
106257-9,NDOGOWE,Dodoma,Chamwino,Dispensary,-6.921388,35.642813,7472,High
101314-3,Haneti,Dodoma,Chamwino,Health Center,-5.48546,35.84359,5440,Moderate
106557-2,NKWENDA,Dodoma,Chamwino,Dispensary,-6.478725,35.747993,4979,Moderate
101425-7,Huzi,Dodoma,Chamwino,Dispensary,-6.652928,35.488999,11818,Very High
101993-4,ITISO RC,Dodoma,Chamwino,Dispensary,-5.635302,36.03234,3527,Low
105774-4,MVUMI MAKULU,Dodoma,Chamwino,Dispensary,-6.347827,35.846517,12966,Very High
101992-6,Itiso Government,Dodoma,Chamwino,Dispensary,-5.635217,36.022249,4719,Moderate
101155-0,Fufu,Dodoma,Chamwino,Dispensary,-6.691409,35.977163,4019,Moderate
106464-1,NHINHI,Dodoma,Chamwino,Dispensary,-6.58447,35.745513,6157,High
108403-7,ZAJILWA,Dodoma,Chamwino,Dispensary,-5.484135,36.099494,9449,Very High
104873-5,Miganga,Dodoma,Chamwino,Dispensary,-6.426016,36.042843,2558,Low
100786-3,Chifukulo,Dodoma,Chamwino,Dispensary,-6.571506,35.518788,6790,High
105400-6,MPWAYUNGU,Dodoma,Chamwino,Health Center,-6.70994,35.58721,19244,Very High
107345-1,SEGALA,Dodoma,Chamwino,Dispensary,-5.57757,36.129083,9283,Very High
100814-3,Chilonwa,Dodoma,Chamwino,Dispensary,-6.039112,36.145826,5646,Moderate
124320-3,JENIPHER,Dodoma,Chamwino,Health Laboratory,-6.59881,35.81624,1759,Very Low
100827-5,CHINOJE,Dodoma,Chamwino,Dispensary,-6.42957,36.11771,2412,Low
105210-9,Mloda,Dodoma,Chamwino,Dispensary,-6.56402,35.86791,7556,High
105217-4,Mlowa Bwawani Government,Dodoma,Chamwino,Dispensary,-6.598915,35.816841,4963,Moderate
108582-8,Mlowa barabarani,Dodoma,Chamwino,Health Center,-6.50046,35.839887,9582,Very High
101716-9,ILANGALI,Dodoma,Chamwino,Dispensary,-6.87245,35.087,1049,Very Low
100770-7,Chenene,Dodoma,Chamwino,Dispensary,-5.569408,35.845557,7874,High
114933-5,IGUNGULI,Dodoma,Chamwino,Dispensary,-6.86693,36.01121,1210,Very Low
105208-3,Mlimwa,Dodoma,Chamwino,Dispensary,-5.956445,36.234504,5366,Moderate
113853-6,Chamwino,Dodoma,Chamwino,Hospital,-6.52546,35.83114,1852,Very Low
101403-4,Humekwa,Dodoma,Chamwino,Dispensary,-5.53783,35.723189,2581,Low
104045-0,Majeleko,Dodoma,Chamwino,Dispensary,-6.08012,36.180559,2763,Low
108628-9,MLOWA BWAWANI,Dodoma,Chamwino,Dispensary,-6.598915,35.816841,4963,Moderate
109576-9,ILEWELO,Dodoma,Chamwino,Dispensary,-6.771502,35.845672,4413,Moderate
105430-3,MSANGA,Dodoma,Chamwino,Dispensary,-6.041223,36.029084,12483,Very High
105197-8,Mlebe,Dodoma,Chamwino,Dispensary,-6.225363,36.068599,2424,Low
101479-4,Idifu,Dodoma,Chamwino,Dispensary,-6.436293,35.982823,7778,High
104216-7,Manchali,Dodoma,Chamwino,Dispensary,-6.13941,36.1676,5299,Moderate
104083-1,Makang'wa,Dodoma,Chamwino,Dispensary,-6.423481,35.867804,14117,Very High
112465-0,CONSOLATHA,Dodoma,Chamwino,Dispensary,-6.78046,35.29842,5220,Moderate
105729-8,MUUNGANO,Dodoma,Chamwino,Dispensary,-6.312592,35.87229,5273,Moderate
100941-4,DABALO,Dodoma,Chamwino,Health Center,-5.80465,36.11832,14599,Very High
107659-5,SULI,Dodoma,Chamwino,Dispensary,-6.74684,35.92917,2423,Low
123440-0,MSAMALO,Dodoma,Chamwino,Health Center,-6.27987,36.11905,2675,Low
101528-8,Igandu,Dodoma,Chamwino,Dispensary,-6.360067,36.137459,5219,Moderate
100821-8,Chinangali I,Dodoma,Chamwino,Dispensary,-6.102536,36.176224,3795,Low
122516-8,KIMEJI,Dodoma,Chamwino,Dispensary,-5.56111,36.26015,4672,Moderate
114932-7,KWAHEMU,Dodoma,Chamwino,Dispensary,-5.47724,35.92456,5546,Moderate
100751-7,CHATO,Geita,Chato,Hospital,-2.64382,31.77254,2554,Low
105138-2,MKUNGO,Geita,Chato,Dispensary,-2.84516,31.73733,13264,Very High
121291-9,CHATO COHEST,Geita,Chato,Clinic,-2.630607,31.781046,4664,Moderate
122179-5,KAJORO,Geita,Chato,Health Laboratory,-3.03274,31.75813,754,Very Low
122023-5,BAHEBE HEALTH LABORATORY,Geita,Chato,Health Laboratory,-2.53297,31.69503,19092,Very High
100650-1,BWANGA,Geita,Chato,Health Center,-3.0347,31.76082,10350,Very High
106733-9,NYAMIREMBE,Geita,Chato,Dispensary,-2.52618,31.7167,3514,Low
122888-1,CHATO PRISON,Geita,Chato,Dispensary,-2.61989,31.72724,11227,Very High
109903-5,MUUNGANO,Geita,Chato,Health Center,-2.377312,31.736332,8745,High
104145-8,MAKURUGUSI,Geita,Chato,Dispensary,-2.91882,31.74032,11158,Very High
102417-3,KASENGA,Geita,Chato,Dispensary,-2.639851,31.448732,24060,Very High
111135-0,KMT BUZIKU,Geita,Chato,Dispensary,-3.03374,31.75133,13263,Very High
100580-0,BUSAKA,Geita,Chato,Dispensary,-2.96956,31.73053,14629,Very High
111136-8,URAFIKI PRINMAT,Geita,Chato,Dispensary,-2.37388,31.72511,1506,Very Low
100638-6,BUZIKU,Geita,Chato,Dispensary,-2.9805,31.66348,8753,High
122372-6,MLIMANI,Geita,Chato,Dispensary,-2.63299,31.74501,8984,High
102475-1,KATETE,Geita,Chato,Dispensary,-2.375205,31.685286,3390,Low
122371-8,KAKENENO,Geita,Chato,Dispensary,-2.88576,31.62757,7089,High
111370-3,HURUMA,Geita,Chato,Dispensary,-3.00299,31.92007,13949,Very High
114378-3,SHIMBALA,Geita,Chato,Health Laboratory,-2.637704,31.76431,4862,Moderate
120369-4,MUSASA,Geita,Chato,Dispensary,-3.0315654,31.7560552,5562,Moderate
122332-0,SONVID,Geita,Chato,Clinic,-3.00526,31.92187,1255,Very Low
102721-8,KIGONGO,Geita,Chato,Dispensary,-2.45747,31.7902,13483,Very High
111371-1,KINSABE,Geita,Chato,Dispensary,-3.178117,31.824473,31939,Very High
113962-5,RAHMA,Geita,Chato,Dispensary,-2.63769,31.755,19535,Very High
123307-1,DESTINO HEALTH,Geita,Chato,Health Laboratory,-2.63869,31.77149,7569,High
114638-0,NYARUTEMBO,Geita,Chato,Health Center,-2.931388,31.597884,13235,Very High
124103-3,AFYA NJEMA,Geita,Chato,Dispensary,-3.03038,31.76134,15076,Very High
106632-3,NYABILEZI,Geita,Chato,Health Center,-2.73794,31.72403,11025,Very High
109819-3,BUTARAMA,Geita,Chato,Health Center,-2.47813,31.74878,8333,High
103272-1,MUGANZA,Geita,Chato,Dispensary,-2.37774,31.73426,8004,High
120839-6,MNEKEZI,Geita,Chato,Dispensary,-3.3931042,31.635262,24702,Very High
112902-2,Y-LABORATORY,Geita,Chato,Health Laboratory,-2.6385067,31.766903,3997,Moderate
124325-2,MARYELIZA,Geita,Chato,Health Laboratory,-3.01787,31.90367,10273,Very High
100640-2,BUZIRAYOMBO,Geita,Chato,Dispensary,-2.78106,31.7802,3343,Low
101734-2,ILEMELA,Geita,Chato,Health Center,-2.62624,31.65726,11818,Very High
120343-9,CHATO,Geita,Chato,Hospital,-2.6444392,31.772888,2943,Low
106636-4,NYABUGERA,Geita,Chato,Dispensary,-2.35691,31.74156,7919,High
122636-4,ELSHADAI HEALTH CARE,Geita,Chato,Health Laboratory,-3.004267,31.9250889,1506,Very Low
102470-2,KATENDE,Geita,Chato,Health Center,-2.70833,31.67925,10047,Very High
112854-5,MABUGA,Geita,Chato,Health Laboratory,-2.97953,31.66202,9276,Very High
109718-7,ILYAMCHELE,Geita,Chato,Dispensary,-2.74155,31.61503,13452,Very High
113917-9,BWINA,Geita,Chato,Health Center,-2.6232510000000002,31.812276,8357,High
123675-1,HOPE,Geita,Chato,Health Laboratory,-2.37119,31.72528,2814,Low
112848-7,MASANJA,Geita,Chato,Health Laboratory,-2.78187,31.77738,8855,High
102626-9,KIBUMBA,Geita,Chato,Dispensary,-2.87143,31.8498,24045,Very High
101607-0,IHANGA,Geita,Chato,Dispensary,-2.954371,31.639281,5480,Moderate
102592-3,KIBEHE,Geita,Chato,Dispensary,-2.4768,31.72818,17377,Very High
112863-6,MUGIZI,Geita,Chato,Health Laboratory,-3.00306,31.92063,266,Very Low
106790-9,NYANTIMBA,Geita,Chato,Dispensary,-3.00672,31.52418,21535,Very High
122369-2,IPARAMASA,Geita,Chato,Health Center,-3.16781,31.87991,24486,Very High
106709-9,NYAMBITI,Geita,Chato,Dispensary,-2.54891,31.64822,13535,Very High
101466-1,ICHWANKIMA,Geita,Chato,Dispensary,-2.6111,31.55782,6130,High
109820-1,BUSERESERE,Geita,Chato,Dispensary,-3.006113,31.920577,5996,High
122370-0,MALEBE,Geita,Chato,Health Center,-2.88246,31.73753,8441,High
114931-9,GOSHEN,Geita,Chato,Dispensary,-3.06282,31.74539,31660,Very High
121875-9,RUKAMWO,Geita,Chato,Clinic,-6.448742,35.804692,3382,Low
105125-9,MKULIMA,Geita,Chato,Dispensary,-2.64086,31.76466,10297,Very High
120818-0,BUPANDWAMPULI,Geita,Chato,Dispensary,-2.400305,31.688195,6919,High
113896-5,MUGANZA,Geita,Chato,Health Center,-2.371225,31.72292,3476,Low
102150-0,KACHWAMBA,Geita,Chato,Health Center,-2.6599,31.57784,25421,Very High
109747-6,BUTENGORUMASA,Geita,Chato,Dispensary,-3.02183,31.89297,21378,Very High
100248-4,BAKWATA SHAMSIYA,Geita,Chato,Dispensary,-3.00282,31.92115,3537,Low
102393-6,KASALA,Geita,Chato,Dispensary,-2.89902,31.79016,13492,Very High
111643-3,MUTUNDU,Geita,Chato,Dispensary,-2.99249,31.84141,29294,Very High
121676-1,BRASONITY,Geita,Chato,Health Laboratory,-2.63421,31.78095,5616,Moderate
112833-9,SISI KWA SISI,Geita,Chato,Health Laboratory,-3.03381,31.75855,2172,Low
114810-5,MAPINDUZI,Geita,Chato,Health Center,-3.0166072,31.8927256,4008,Moderate
120817-2,MKOLANI,Geita,Chato,Dispensary,-2.3912567,31.6704483,2312,Low
101235-0,GOIMA,Dodoma,Chemba,Dispensary,-5.109651,36.005145,6746,High
122628-1,AGAPE HEALTH LABORATORY,Dodoma,Chemba,Health Laboratory,-5.18113,36.29479,15174,Very High
102533-7,KELEMA,Dodoma,Chemba,Dispensary,-5.112777,35.822232,25837,Very High
102075-9,JANGALO,Dodoma,Chemba,Dispensary,-5.049334,36.203375,3860,Low
102972-7,KINYAMSHINDO,Dodoma,Chemba,Dispensary,-5.10131,35.146862,14855,Very High
100750-9,CHASE,Dodoma,Chemba,Dispensary,-5.594744,35.558018,4296,Moderate
103448-7,LAHODA,Dodoma,Chemba,Dispensary,-5.08727,35.369638,17101,Very High
102666-5,KIDOKA,Dodoma,Chemba,Dispensary,-5.407006,35.852318,9344,Very High
120376-9,ILULU,Dodoma,Chemba,Dispensary,-5.16193,35.29838,3487,Low
103910-6,MAGASA,Dodoma,Chemba,Dispensary,-5.20876,36.21324,1428,Very Low
107737-9,TANDALA,Dodoma,Chemba,Dispensary,-4.955677,36.017738,11503,Very High
124211-4,ISUSUMYA,Dodoma,Chemba,Dispensary,-5.24383,36.24981,3203,Low
121733-0,OVADA MEDCARE,Dodoma,Chemba,Dispensary,-5.18304,35.24004,5382,Moderate
124236-1,SANKWALETO,Dodoma,Chemba,Dispensary,-5.39483,35.50065,2823,Low
103382-8,KWAMTORO,Dodoma,Chemba,Health Center,-5.228832,35.425987,17585,Very High
122713-1,WAIRO,Dodoma,Chemba,Dispensary,-5.15832,35.52354,6243,High
101137-8,FARKWA,Dodoma,Chemba,Dispensary,-5.401141,35.616037,1594,Very Low
100214-6,BABAYU,Dodoma,Chemba,Dispensary,-5.626108,35.703579,5589,Moderate
124253-6,NKULARI,Dodoma,Chemba,Dispensary,-5.18974,36.23081,258,Very Low
103903-1,MAGAMBUA,Dodoma,Chemba,Dispensary,-5.16193,35.29838,3487,Low
122480-7,HUMEKWA,Dodoma,Chemba,Dispensary,-5.52574,35.70596,3319,Low
110512-1,MAZIWA,Dodoma,Chemba,Dispensary,-5.564852,35.449921,6683,High
105405-5,MRIJO,Dodoma,Chemba,Health Center,-5.17845,36.29285,9474,Very High
107937-5,TUMBAKOSE,Dodoma,Chemba,Dispensary,-5.41217,35.697426,3965,Moderate
105819-7,MWAIKISABE,Dodoma,Chemba,Dispensary,-5.341774,36.132044,8404,High
101138-6,FARKWA VA,Dodoma,Chemba,Dispensary,-5.419301,35.605937,3601,Low
123328-7,KINKIMA,Dodoma,Chemba,Dispensary,-4.58449,36.08172,3580,Low
101243-4,GONGA,Dodoma,Chemba,Dispensary,-5.416474,35.476411,4249,Moderate
106941-8,OVADA,Dodoma,Chemba,Dispensary,-5.180528,35.243912,3478,Low
107298-2,SANZAWA,Dodoma,Chemba,Dispensary,-5.386211,35.318976,10444,Very High
105358-6,MPENDO,Dodoma,Chemba,Dispensary,-5.663642,35.353918,7127,High
105315-6,MOTO,Dodoma,Chemba,Dispensary,-5.332992,35.380476,10294,Very High
105284-4,MONDO,Dodoma,Chemba,Dispensary,-5.00688,35.93571,23147,Very High
100899-4,CHURUKU,Dodoma,Chemba,Dispensary,-5.01277,36.127732,6225,High
102097-3,JOGOLO,Dodoma,Chemba,Dispensary,-5.224799,35.177004,5108,Moderate
101997-5,ITOLWA,Dodoma,Chemba,Dispensary,-5.042742,36.231495,5381,Moderate
101236-8,GOIMA VA,Dodoma,Chemba,Dispensary,-5.11325,36.00151,6999,High
123318-8,MAKAMAKA,Dodoma,Chemba,Dispensary,-5.07134,35.55447,1056,Very Low
112114-4,IGUNGA,Dodoma,Chemba,Dispensary,-5.04619,36.02897,3236,Low
107558-9,SOYA,Dodoma,Chemba,Health Center,-5.22091,36.16433,19334,Very High
114015-1,CHEMBA,Dodoma,Chemba,Hospital,-5.26562,35.87216,5003,Moderate
122487-2,OMBIRI,Dodoma,Chemba,Dispensary,-5.27581,36.00044,8134,High
100727-7,CHANDAMA,Dodoma,Chemba,Dispensary,-5.144677,36.167506,11153,Very High
105410-5,MSAADA,Dodoma,Chemba,Dispensary,-5.35993,36.24116,8647,High
102553-5,KHUBUNKO,Dodoma,Chemba,Dispensary,-5.48301,35.635516,3278,Low
122473-2,FARKWA,Dodoma,Chemba,Health Center,-5.40279,35.59025,2702,Low
122453-4,MAPANGO,Dodoma,Chemba,Dispensary,-5.40279,35.59025,2702,Low
109671-8,MWAILANJE,Dodoma,Chemba,Dispensary,-5.270403,36.150303,7427,High
104129-2,MAKORONGO,Dodoma,Chemba,Health Center,-5.525658,35.643301,3815,Low
101305-1,HAMAI,Dodoma,Chemba,Health Center,-5.050472,36.113439,6337,High
100716-0,CHAMBALO,Dodoma,Chemba,Dispensary,-5.248765,35.919481,9969,Very High
101278-0,GWANDI,Dodoma,Chemba,Dispensary,-5.306971,35.818072,4849,Moderate
106942-6,OVADA VA,Dodoma,Chemba,Dispensary,-5.18304,35.24004,5382,Moderate
103455-2,LALTA,Dodoma,Chemba,Dispensary,-5.17049,35.309635,6188,High
109699-9,MRIJO JUU,Dodoma,Chemba,Dispensary,-5.173729,36.258371,2456,Low
124203-1,ROFATI,Dodoma,Chemba,Dispensary,-5.34057,35.78582,3885,Moderate
123374-1,MLONGIA,Dodoma,Chemba,Dispensary,-5.01215,36.23369,4776,Moderate
120843-8,GODIMA,Mbeya,Chunya,Dispensary,-8.30384,33.29495,4390,Moderate
123710-6,EVEREST,Mbeya,Chunya,Dispensary,-8.52103,33.42091,9350,Very High
112616-8,MAKONGOLOSI,Mbeya,Chunya,Health Laboratory,-8.41565,33.16002,4680,Moderate
109176-8,ST. VICENT,Mbeya,Chunya,Dispensary,-8.030167,33.266296,6034,High
120881-8,MAWELU,Mbeya,Chunya,Dispensary,-8.31511,33.32213,7516,High
121996-3,KIBAONI,Mbeya,Chunya,Health Laboratory,-8.51505,33.41566,5900,High
109180-0,MATWIGA,Mbeya,Chunya,Dispensary,-7.806337,33.378873,5603,Moderate
110736-6,LUPATINGATINGA,Mbeya,Chunya,Health Center,-8.02525,33.249078,1939,Very Low
120841-2,ISANGAWANA,Mbeya,Chunya,Health Center,-7.83294,33.34851,13885,Very High
123855-9,MATUNDASI,Mbeya,Chunya,Health Laboratory,-7.22134,33.25421,3996,Moderate
109484-6,MAZIMBO,Mbeya,Chunya,Dispensary,-7.76004,33.361367,9527,Very High
102288-8,KAMBIKATOTO,Mbeya,Chunya,Health Center,-7.14417,33.48823,14222,Very High
109461-4,TREZIA SAMARITAN,Mbeya,Chunya,Dispensary,-8.521804,33.414313,6611,High
122460-9,JOYCE  HOME,Mbeya,Chunya,Maternity Home,-8.03016,33.26629,4077,Moderate
120558-2,DM'S,Mbeya,Chunya,Dispensary,-8.5332,33.6054,5307,Moderate
109164-4,MAPOGORO,Mbeya,Chunya,Dispensary,-8.427121,33.446473,11244,Very High
114026-8,ITUMBI,Mbeya,Chunya,Dispensary,-8.372854,33.316359,11747,Very High
100890-3,CHUNYA,Mbeya,Chunya,Hospital,-8.52037,33.425983,3327,Low
109166-9,IFUMBO,Mbeya,Chunya,Dispensary,-8.705842,33.283777,10054,Very High
109214-7,MBUGANI,Mbeya,Chunya,Dispensary,-8.561966,33.45017,15487,Very High
109178-4,NKUNG'UNGU,Mbeya,Chunya,Dispensary,-7.974889,33.209557,17290,Very High
109174-3,LUALAJE,Mbeya,Chunya,Dispensary,-7.926031,33.570434,13197,Very High
109185-9,BITIMANYANGA,Mbeya,Chunya,Dispensary,-7.460726,33.427728,15337,Very High
120545-9,MLIMANJIWA,Mbeya,Chunya,Dispensary,-8.61878,33.37547,4397,Moderate
109165-1,SANGAMBI,Mbeya,Chunya,Dispensary,-8.531438,33.606123,5251,Moderate
109158-6,MAMBA,Mbeya,Chunya,Dispensary,-8.115653,33.259304,11870,Very High
123869-0,RUKUNDO,Mbeya,Chunya,Health Laboratory,-7.27411,33.25471,2182,Low
107556-3,SOWETO,Mbeya,Chunya,Dispensary,-8.58041,33.3517,2825,Low
122342-9,LIANA,Mbeya,Chunya,Clinic,-8.52041,33.42615,12572,Very High
102228-4,KALANGALI,Mbeya,Chunya,Dispensary,-8.005416,33.298054,16449,Very High
109182-6,MAFYEKO,Mbeya,Chunya,Dispensary,-7.511907,33.440421,12905,Very High
120802-4,LYESELO,Mbeya,Chunya,Dispensary,-8.05089,33.20257,7832,High
121699-3,IGANGWE,Mbeya,Chunya,Dispensary,-7.95074,33.31038,9774,Very High
120844-6,NKWANGU,Mbeya,Chunya,Dispensary,-8.13041,33.05399,11548,Very High
109168-5,CHALANGWA,Mbeya,Chunya,Health Center,-8.642162,33.560613,15575,Very High
122665-3,CONSOLATA MEDICAL,Mbeya,Chunya,Health Laboratory,-8.41668,33.16337,4892,Moderate
109179-2,MTANILA,Mbeya,Chunya,Health Center,-7.91451,33.325358,11676,Very High
109211-3,MAKONGOLOSI,Mbeya,Chunya,Health Center,-8.41629,33.15918,1695,Very Low
105901-3,MWANANCHI,Mbeya,Chunya,Dispensary,-8.41731,33.1589,5204,Moderate
109535-5,MWAOGA,Mbeya,Chunya,Dispensary,-8.389222,33.102765,3087,Low
121324-8,ITUMBA,Mbeya,Chunya,Dispensary,-8.62009,33.53462,8879,High
114030-0,MTANDE,Mbeya,Chunya,Health Center,-8.1418433,33.2567783,11418,Very High
109161-0,UPENDO,Mbeya,Chunya,Dispensary,-8.255657,33.249471,10212,Very High
109488-7,MAJENGO,Mbeya,Chunya,Dispensary,-8.047312,33.217049,2648,Low
105087-1,MKOLA,Mbeya,Chunya,Dispensary,-8.381882,33.174382,14754,Very High
123745-2,ST JANETH,Mbeya,Chunya,Dispensary,-8.03763,33.26026,2767,Low
120842-0,LUPA MARKET,Mbeya,Chunya,Dispensary,-8.39264,33.13333,1468,Very Low
101588-2,IGUNDU,Mbeya,Chunya,Dispensary,-8.505402,33.539639,10375,Very High
104490-8,MATUNDASI,Mbeya,Chunya,Dispensary,-8.45163,33.2707,14968,Very High
109515-7,MWIJI,Mbeya,Chunya,Dispensary,-8.76689,33.75227,2086,Very Low
107440-0,SHOGA,Mbeya,Chunya,Dispensary,-8.431926,33.659871,6635,High
121565-6,BENNEDICT,Mbeya,Chunya,Health Laboratory,-8.42186,33.16386,6837,High
121757-9,MWATANO,Dodoma,Dodoma,Dispensary,-6.13102,35.76435,10181,Very High
113882-5,Bunge,Dodoma,Dodoma,Health Center,-6.180058,35.756181,1374,Very Low
115272-7,SAFINA,Dodoma,Dodoma,Dispensary,-6.18035,35.75917,1225,Very Low
114223-1,QUALITY,Dodoma,Dodoma,Health Laboratory,-6.13158,35.76317,6702,High
123627-2,MSEMBETA,Dodoma,Dodoma,Dispensary,-6.06372,35.55166,3991,Moderate
100960-4,DCMC,Dodoma,Dodoma,Hospital,-6.21418,35.75654,4620,Moderate
123702-3,ALPHA,Dodoma,Dodoma,Health Laboratory,-6.16831,35.73403,4276,Moderate
104541-8,Mbabala B,Dodoma,Dodoma,Dispensary,-6.30788,35.58338,7662,High
108263-5,THE VILLAGE OF HOPE,Dodoma,Dodoma,Health Center,-6.15256,35.80828,8183,High
112851-1,ASANTE OPTICAL CENTRE,Dodoma,Dodoma,Clinic,-6.17814,35.74485,835,Very Low
110791-1,Mkonze,Dodoma,Dodoma,Health Center,-6.22999,35.7058,4816,Moderate
122345-2,MORNING GLORY,Dodoma,Dodoma,Dispensary,-6.14268,35.72828,6725,High
123955-7,SHIBITALI,Dodoma,Dodoma,Dispensary,-6.23917,35.83229,1364,Very Low
100696-4,Chahwa,Dodoma,Dodoma,Dispensary,-6.065831,35.984322,5263,Moderate
123054-9,WAMSELE,Dodoma,Dodoma,Dispensary,-6.17307,35.89452,5811,Moderate
106868-3,Nzasa,Dodoma,Dodoma,Dispensary,-5.97643,35.86652,8220,High
101819-1,Ipala,Dodoma,Dodoma,Dispensary,-6.01667,35.9333,2247,Low
112790-1,GPAS,Dodoma,Dodoma,Health Laboratory,-6.11824,35.77582,11218,Very High
112215-9,Jehovarapha Crosby,Dodoma,Dodoma,Dispensary,-6.12818,35.74606,7983,High
115090-3,MAKUTUPORA,Dodoma,Dodoma,Dispensary,-6.25237,35.74836,3313,Low
121526-8,APEX,Dodoma,Dodoma,Health Laboratory,-6.95432,37.12259,2165,Low
124389-8,MHANDO  ONE,Dodoma,Dodoma,Clinic,-6.18946,35.77803,1561,Very Low
105119-2,Mkoyo,Dodoma,Dodoma,Dispensary,-5.92968,36.0425,6345,High
122016-9,MUNNA,Dodoma,Dodoma,Health Laboratory,-6.12405,35.42381,2140,Low
122900-4,CITYMED,Dodoma,Dodoma,Clinic,-6.17724,35.75826,1360,Very Low
100991-9,Dodoma,Dodoma,Dodoma,Hospital,-6.17964,35.7436,1201,Very Low
113578-9,TAZAMA NA TUNZA,Dodoma,Dodoma,Dispensary,-6.12869,35.75082,2052,Very Low
112776-0,CONSOLATA,Dodoma,Dodoma,Health Laboratory,-6.13497,35.75192,2234,Low
122793-3,MONARCH,Dodoma,Dodoma,Dispensary,-6.20266,35.73632,11149,Very High
112866-9,ONNA SIGHT CENTRE,Dodoma,Dodoma,Clinic,-6.17916,35.74771,314,Very Low
122735-4,SIMKO,Dodoma,Dodoma,Health Laboratory,-6.24944,36.16888,2891,Low
101625-2,Ihumwa JWTZ,Dodoma,Dodoma,Dispensary,-6.14807,35.87883,4581,Moderate
123876-5,BEANA MEDICAL,Dodoma,Dodoma,Health Laboratory,-6.52377,35.37032,2205,Low
107590-2,ST. GEMMA,Dodoma,Dodoma,Hospital,-6.107776,35.757239,12506,Very High
123341-0,KIDELEKO,Dodoma,Dodoma,Dispensary,-6.21104,35.72558,6812,High
112859-4,JDSM EYE & VISION CARE,Dodoma,Dodoma,Clinic,-6.17818,35.74823,333,Very Low
107594-4,ST. JOHN UNIVERSITY,Dodoma,Dodoma,Dispensary,-6.197705,35.730955,3281,Low
106877-4,NZUGUNI,Dodoma,Dodoma,Dispensary,-6.12464,35.83468,14352,Very High
124453-2,MEB,Dodoma,Dodoma,Clinic,-6.18052,35.74581,127,Very Low
100363-1,BIHAWANA,Dodoma,Dodoma,Dispensary,-6.272681,35.639873,7294,High
122677-8,TAMBAA,Dodoma,Dodoma,Health Laboratory,-6.19019,35.72636,5178,Moderate
108293-2,VEYULA,Dodoma,Dodoma,Dispensary,-6.028831,35.75711,22694,Very High
123305-5,DOVE,Dodoma,Dodoma,Health Laboratory,-6.15679,35.72365,6702,High
105598-7,Mtumba,Dodoma,Dodoma,Dispensary,-6.13521,35.9416,12690,Very High
100793-9,Chihanga,Dodoma,Dodoma,Dispensary,-5.91667,35.8333,4948,Moderate
123700-7,MOLLEL MEDICAL,Dodoma,Dodoma,Health Laboratory,-6.17526,35.79266,18752,Very High
122043-3,MJ,Dodoma,Dodoma,Health Laboratory,-6.45678,35.21456,8122,High
120499-9,Makao ya Watoto,Dodoma,Dodoma,Dispensary,-6.19025,35.95111,499,Very Low
120641-6,MOTTO DIVINE,Dodoma,Dodoma,Dispensary,-6.189221,35.739801,9334,Very High
112218-3,WISDOM,Dodoma,Dodoma,Dispensary,-6.1399,35.81956,3200,Low
122954-1,MIGANGA,Dodoma,Dodoma,Dispensary,-6.21936,35.71458,5826,Moderate
115086-1,ZEPISA,Dodoma,Dodoma,Dispensary,-5.94584,35.92167,4420,Moderate
100725-1,CHAMWINO DTC,Dodoma,Dodoma,Dispensary,-6.16059,35.7385,3268,Low
101881-1,Isanga Prison,Dodoma,Dodoma,Dispensary,-6.17976,35.7078,3163,Low
121097-0,SIBE,Dodoma,Dodoma,Dispensary,-6.15623,35.70775,17820,Very High
102672-3,KIDYALA DENTAL,Dodoma,Dodoma,Clinic,-6.18095,35.7482,955,Very Low
122810-5,NKUHUNGU,Dodoma,Dodoma,Health Center,-6.15375,35.72357,3439,Low
100108-0,AMANI,Dodoma,Dodoma,Health Center,-6.16039,35.76065,5604,Moderate
105394-1,Mpunguzi,Dodoma,Dodoma,Dispensary,-6.372787,35.74649,6350,High
123322-0,NANG'OLI,Dodoma,Dodoma,Clinic,-6.16278,35.89851,5133,Moderate
101383-8,Hombolo Makulu,Dodoma,Dodoma,Dispensary,-5.8918,35.95449,11603,Very High
112219-1,DELTA,Dodoma,Dodoma,Clinic,-6.16173,35.77188,28719,Very High
123648-8,ILAZO,Dodoma,Dodoma,Health Center,-6.04961,35.77752,2933,Low
104557-4,Mbalawala,Dodoma,Dodoma,Dispensary,-5.998873,35.623216,6235,High
115267-7,IMANI,Dodoma,Dodoma,Dispensary,-6.20256,35.72878,4048,Moderate
123271-9,IMANI HOMBOLO,Dodoma,Dodoma,Health Laboratory,-5.95509,35.97232,5954,High
112765-3,UNITY,Dodoma,Dodoma,Health Laboratory,-6.17841,35.73981,4154,Moderate
122722-2,MJ,Dodoma,Dodoma,Dispensary,-6.15827,35.89573,2819,Low
107011-9,Police Central,Dodoma,Dodoma,Health Center,-6.185701,35.746999,2361,Low
104029-4,Mahomanyika,Dodoma,Dodoma,Dispensary,-6.017643,35.943215,8957,High
104540-0,Mbabala A,Dodoma,Dodoma,Dispensary,-6.286447,35.622649,10663,Very High
123644-7,DODOMA CITY COUNCIL,Dodoma,Dodoma,Hospital,-6.08335,35.61705,11664,Very High
112783-6,MUHANDO,Dodoma,Dodoma,Health Laboratory,-6.18954,35.77816,10897,Very High
104483-3,MATOVOLWA,Dodoma,Dodoma,Health Center,-6.16516,35.73063,8418,High
105417-0,Msalato Magereza,Dodoma,Dodoma,Dispensary,-6.04878,35.75229,11646,Very High
120374-4,CONSOLATA,Dodoma,Dodoma,Dispensary,-6.13516,35.75191,5522,Moderate
122883-2,SOWETO,Dodoma,Dodoma,Dispensary,-6.18006,35.56723,6751,High
123699-1,AFYA ZONE,Dodoma,Dodoma,Health Laboratory,-6.13771,35.82649,9120,Very High
124047-2,STEPGAIN,Dodoma,Dodoma,Dispensary,-6.39031,35.74684,4538,Moderate
103838-9,MACKAY HOUSE,Dodoma,Dodoma,Dispensary,-6.18147,35.7454,1057,Very Low
104113-6,Makole,Dodoma,Dodoma,Dispensary,-6.17436,35.759,5849,Moderate
112395-9,Mineral Resources Institute,Dodoma,Dodoma,Dispensary,-6.121563,35.745738,3031,Low
101188-1,Gawaye,Dodoma,Dodoma,Dispensary,-5.89404,35.87894,8806,High
123545-6,KAILA,Dodoma,Dodoma,Health Laboratory,-6.20101,35.67857,7115,High
108009-2,UDOM,Dodoma,Dodoma,Hospital,-6.214189,35.796102,6021,High
101624-5,Ihumwa,Dodoma,Dodoma,Dispensary,-6.16667,35.8833,2559,Low
124110-8,ABUU ASMAA,Dodoma,Dodoma,Health Laboratory,-6.04849,35.62433,4547,Moderate
121337-0,NESTA,Dodoma,Dodoma,Dispensary,-6.20692,35.68873,2024,Very Low
115300-6,CHANG'OMBE EXTENSION,Dodoma,Dodoma,Dispensary,-6.14468,35.74031,6768,High
113556-5,ST.CAMILLIUS,Dodoma,Dodoma,Clinic,-6.18016,35.74521,242,Very Low
101804-3,MARY IMMACULATA MIYUJI,Dodoma,Dodoma,Dispensary,-6.11552,35.7503,5761,Moderate
106617-4,Ntyuka,Dodoma,Dodoma,Dispensary,-6.230337,35.761069,4815,Moderate
100046-2,AGA KHAN,Dodoma,Dodoma,Clinic,-6.18001,35.74636,276,Very Low
123344-4,VICTORIOUS MEDICAL,Dodoma,Dodoma,Dispensary,-6.14112,35.70309,10118,Very High
112221-7,AMANI MEDICS,Dodoma,Dodoma,Dispensary,-6.15357,35.73833,4973,Moderate
123583-7,ST. CAMILLUS,Dodoma,Dodoma,Hospital,-6.14791,35.80735,19209,Very High
101382-0,HOMBOLO LEPROSY,Dodoma,Dodoma,Dispensary,-5.94233,35.95239,1098,Very Low
123872-4,TRUST G'S HEALTH,Dodoma,Dodoma,Health Laboratory,-6.23904,35.83498,2489,Low
111841-3,Benjamini Mkapa,Dodoma,Dodoma,Hospital,-6.23047,35.84784,1667,Very Low
104116-9,RED CROSS MAKOLE,Dodoma,Dodoma,Dispensary,-6.176027,35.759109,1025,Very Low
115091-1,KOREA ORIENTAL,Dodoma,Dodoma,Dispensary,-6.17582,35.73975,1188,Very Low
124396-3,UHAI,Dodoma,Dodoma,Dispensary,-6.13979,35.81971,7056,High
123521-7,EVERGREEN,Dodoma,Dodoma,Health Laboratory,-6.18556,35.75399,4713,Moderate
124001-9,KDM,Dodoma,Dodoma,Health Laboratory,-6.14949,35.74876,4124,Moderate
123597-7,BANK OF TANZANIA STAFF,Dodoma,Dodoma,Clinic,-6.18161,35.76312,5202,Moderate
110790-3,Serikali za Mitaa,Dodoma,Dodoma,Dispensary,-5.96057,35.9752,9941,Very High
123877-3,EAGLE,Dodoma,Dodoma,Health Laboratory,-6.14949,35.74876,4124,Moderate
123343-6,KASHINDYE,Dodoma,Dodoma,Dispensary,-6.20064,35.71401,5196,Moderate
108259-3,Vikonje,Dodoma,Dodoma,Dispensary,-6.103232,35.974299,5716,Moderate
104489-0,Matumbulu,Dodoma,Dodoma,Dispensary,-6.31667,35.75,7643,High
104028-6,Mahoma Makulu,Dodoma,Dodoma,Dispensary,-6.08243,35.91001,9157,Very High
124227-0,MAJESTIC SMART OPTICAL LIMITED,Dodoma,Dodoma,Optical Facility,-6.17334,35.74531,3758,Low
102786-1,Kikombo,Dodoma,Dodoma,Health Center,-6.21667,35.9833,7013,High
115302-2,SHAAMAM,Dodoma,Dodoma,Dispensary,-6.15401,35.89229,10828,Very High
104962-6,Mirembe National Mental Health Hospital (MNMH),Dodoma,Dodoma,Hospital,-6.18005,35.7288,5287,Moderate
122953-3,ST. LIVINGSTONE & HAVIEE,Dodoma,Dodoma,Dispensary,-6.19148,35.71985,3164,Low
112220-9,FIBEKO,Dodoma,Dodoma,Dispensary,-6.22822,35.76091,6741,High
123701-5,MAGOSHO MEDICAL,Dodoma,Dodoma,Health Laboratory,-6.12374,35.75698,2087,Very Low
115294-1,NSAMU,Dodoma,Dodoma,Dispensary,-6.14073,35.72245,18273,Very High
112785-1,LUHEMBE,Dodoma,Dodoma,Health Laboratory,-6.14573,35.74665,5881,High
121527-6,BEBACARO,Dodoma,Dodoma,Health Laboratory,-6.15715,35.73907,3445,Low
101381-2,Hombolo,Dodoma,Dodoma,Health Center,-5.93997,35.97276,7358,High
113693-6,CHARITY VISION EYE,Dodoma,Dodoma,Hospital,-6.18754,35.74402,6084,High
124112-4,GIO,Dodoma,Dodoma,Health Laboratory,-6.17327,35.73994,3155,Low
104115-1,Makole,Dodoma,Dodoma,Health Center,-6.179808,35.751918,1644,Very Low
104819-8,Michese,Dodoma,Dodoma,Dispensary,-6.20799,35.67606,4615,Moderate
112772-9,KEA CLINIC,Dodoma,Dodoma,Health Laboratory,-6.15091,35.73873,4828,Moderate
111027-9,NESUDA,Dodoma,Dodoma,Clinic,-6.15339,35.81135,8094,High
121336-2,NAMELOCK,Dodoma,Dodoma,Dispensary,-6.15497,35.74764,5937,High
112771-1,BARAKA,Dodoma,Dodoma,Health Laboratory,-6.17782,35.74774,626,Very Low
104052-6,MAJENGO,Dodoma,Dodoma,Dispensary,-6.16661,35.7371,3237,Low
104150-8,Makutupora JKT,Dodoma,Dodoma,Health Center,-5.99385,35.75257,3779,Low
112767-9,CITY,Dodoma,Dodoma,Health Laboratory,-6.17736,35.74246,624,Very Low
108431-8,Zuzu,Dodoma,Dodoma,Dispensary,-6.172144,35.640203,11838,Very High
102802-6,Kikuyu,Dodoma,Dodoma,Dispensary,-6.193142,35.728502,4665,Moderate
121187-9,SILVER,Dodoma,Dodoma,Dispensary,-6.12059,35.84745,7716,High
120375-1,JANETH CARES FOR YOU,Dodoma,Dodoma,Dispensary,-6.39839,35.75178,10229,Very High
106544-0,Nkulabi,Dodoma,Dodoma,Dispensary,-6.41932,35.782775,8598,High
121122-6,JERUSALEM MEDICAL LABORATORY,Dodoma,Dodoma,Health Laboratory,-6.23378,35.71233,6393,High
123698-3,MBUYUNI,Dodoma,Dodoma,Health Laboratory,-6.13802,35.67857,8782,High
100683-2,CENTRAL UHURU,Dodoma,Dodoma,Dispensary,-6.175822,35.742466,934,Very Low
100987-7,DN,Dodoma,Dodoma,Dispensary,-6.164957,35.760696,8223,High
103629-2,Lugala,Dodoma,Dodoma,Dispensary,-6.044741,35.623738,4433,Moderate
109644-5,CHANG'OMBE,Dodoma,Dodoma,Health Center,-6.14424,35.73388,7421,High
112216-7,JM SOLOMON,Dodoma,Dodoma,Clinic,-6.1522,35.72225,6226,High
100852-3,Kitelela,Dodoma,Dodoma,Dispensary,-6.05088,35.8237,4254,Moderate
106380-9,Ng'hong'honha,Dodoma,Dodoma,Dispensary,-6.24378,35.82804,6872,High
124225-4,SMART VISION EYE CARE,Dodoma,Dodoma,Clinic,-6.17334,35.74531,3758,Low
100875-4,CHOLOLO,Dodoma,Dodoma,Dispensary,-6.243144,36.000833,5155,Moderate
115288-3,MHANDO,Dodoma,Dodoma,Dispensary,-6.18946,35.77803,1561,Very Low
123342-8,JEHOVAH SHALOM,Dodoma,Dodoma,Dispensary,-6.16278,35.89851,5133,Moderate
104300-9,Mapinduzi,Dodoma,Dodoma,Dispensary,-6.24826,35.9167,3638,Low
123496-2,DODOMA SKIN,Dodoma,Dodoma,Clinic,-6.18062,35.44396,3960,Moderate
123697-5,NYERERE IYUMBU4,Dodoma,Dodoma,Health Laboratory,-6.20964,35.83634,4088,Moderate
111026-1,MOTTO'S,Dodoma,Dodoma,Dispensary,-6.16569,35.78676,31830,Very High
124025-8,DR MOTTO,Dodoma,Dodoma,Dispensary,-6.20791,35.72941,4680,Moderate
123633-0,KIZOTA,Dodoma,Dodoma,Health Center,-6.14758,35.72458,2877,Low
123272-7,KIZOTA,Dodoma,Dodoma,Health Laboratory,-6.16278,35.71969,10472,Very High
100789-7,Chigongwe,Dodoma,Dodoma,Dispensary,-6.06361,35.5506,7104,High
111126-9,IRDP,Dodoma,Dodoma,Dispensary,-6.122704,35.745145,5769,Moderate
108089-4,UMATI,Dodoma,Dodoma,Dispensary,-6.16308,35.739125,2713,Low
123535-7,JORDAN,Dodoma,Dodoma,Health Laboratory,-6.13931,35.70079,14102,Very High
123299-0,CHARIS,Dodoma,Dodoma,Health Laboratory,-6.18757,35.77668,8584,High
114234-8,AFYA CHECK,Dodoma,Dodoma,Health Laboratory,-6.16277,35.74578,6450,High
115088-7,MPAMAA,Dodoma,Dodoma,Dispensary,-6.11384,35.77253,4216,Moderate
112175-5,Iyumbu,Dodoma,Dodoma,Dispensary,-6.19465,35.85034,6315,High
106091-2,Nala,Dodoma,Dodoma,Dispensary,-6.08333,35.6167,8712,High
122925-1,SIPHA,Dodoma,Dodoma,Clinic,-6.20243,35.73028,1263,Very Low
107056-4,Railway,Dodoma,Dodoma,Dispensary,-6.1846120000000004,35.74996,1680,Very Low
112781-0,LANCET,Dodoma,Dodoma,Health Laboratory,-6.17682,35.74952,3278,Low
106543-2,NKUHUNGU COMMUNITY,Dodoma,Dodoma,Dispensary,-6.147573,35.724579,2376,Low
121787-6,ITALAGWE,Morogoro,Gairo,Dispensary,-6.06591,37.13651,9818,Very High
112392-6,SONGAMBELE,Morogoro,Gairo,Dispensary,-5.96335,36.96785,12617,Very High
114147-2,LUHWAJI,Morogoro,Gairo,Dispensary,-6.19198,36.84634,6240,High
101169-1,GAIRO MISSION,Morogoro,Gairo,Dispensary,-6.16288,36.871117,3631,Low
111860-3,MESHUGI,Morogoro,Gairo,Dispensary,-6.04774,36.85538,10484,Very High
121721-5,TABUHOTEL,Morogoro,Gairo,Dispensary,-6.13491,36.93767,6215,High
114149-8,MOGOHIGWA,Morogoro,Gairo,Dispensary,-6.09891,36.89711,4152,Moderate
112105-2,MAKUYU,Morogoro,Gairo,Dispensary,-6.03889,37.18724,10490,Very High
112387-6,MTEGA,Morogoro,Gairo,Dispensary,-6.49246,37.00038,5478,Moderate
101632-8,IJAVA,Morogoro,Gairo,Dispensary,-6.02209,37.15262,2724,Low
113856-9,UKARIMU,Morogoro,Gairo,Clinic,-6.13867,36.87598,6730,High
109896-1,NGUYAMI,Morogoro,Gairo,Dispensary,-6.073291,37.0489,12490,Very High
112106-0,NDOGOMI,Morogoro,Gairo,Dispensary,-6.05389,36.94032,12370,Very High
100871-3,CHOGOALI,Morogoro,Gairo,Dispensary,-6.02973,37.36423,4033,Moderate
111861-1,KISITWI,Morogoro,Gairo,Dispensary,-6.30496,36.87026,6826,High
123655-3,NG'HOLONGO,Morogoro,Gairo,Dispensary,-6.03673,37.02439,6249,High
105474-1,MSINGISI,Morogoro,Gairo,Dispensary,-6.49246,36.82265,3215,Low
120730-7,MABULA,Morogoro,Gairo,Dispensary,-6.162882,36.8711171,3646,Low
103486-7,LESHATA,Morogoro,Gairo,Dispensary,-5.97164,37.06429,13577,Very High
101478-6,IDIBO,Morogoro,Gairo,Dispensary,-6.02354,37.08662,7569,High
111055-0,KWIPIPA,Morogoro,Gairo,Dispensary,-6.23592,36.86591,9004,High
104227-4,MANDEGE,Morogoro,Gairo,Dispensary,-6.35187,36.96866,15532,Very High
121785-0,LUKINGA,Morogoro,Gairo,Dispensary,-6.45857,36.94501,144,Very Low
102044-5,IYOGWE,Morogoro,Gairo,Dispensary,-5.99523,37.19476,9241,Very High
100694-9,CHAGONGWE,Morogoro,Gairo,Dispensary,-6.39533,36.8847,5712,Moderate
114145-6,Gairo,Morogoro,Gairo,Hospital,-6.177158,36.865364,5322,Moderate
121784-3,LUKANDO,Morogoro,Gairo,Dispensary,-6.52777,36.83564,3104,Low
104395-9,MASENGE,Morogoro,Gairo,Dispensary,-6.338714,36.912668,6506,High
111301-8,CHANJALE,Morogoro,Gairo,Dispensary,-6.52777,36.83564,3104,Low
113883-3,YUSTO,Morogoro,Gairo,Dispensary,-6.13863,36.85954,29907,Very High
111862-9,KUMBULU,Morogoro,Gairo,Dispensary,-6.44328,36.75177,6630,High
105081-4,MKOBWE,Morogoro,Gairo,Dispensary,-6.41041,36.92204,2897,Low
112459-3,IBUTI,Morogoro,Gairo,Dispensary,-6.134387,36.899792,5308,Moderate
110854-7,MADEGE,Morogoro,Gairo,Dispensary,-6.04721,37.0187,5276,Moderate
114150-6,LUFIKIRI,Morogoro,Gairo,Dispensary,-6.39533,36.88471,2072,Very Low
123635-5,G-ONE,Morogoro,Gairo,Health Laboratory,-6.13866,36.87597,3431,Low
100699-8,CHAKWALE,Morogoro,Gairo,Dispensary,-6.100472,36.968869,5540,Moderate
106567-1,NONGWE,Morogoro,Gairo,Dispensary,-6.45857,36.945,2198,Low
102591-5,Kibedya,Morogoro,Gairo,Dispensary,-6.10047,36.92879,6868,High
101168-3,GAIRO,Morogoro,Gairo,Health Center,-6.1498,36.87718,5906,High
121783-5,IKWAMBA,Morogoro,Gairo,Dispensary,-6.35187,36.91268,2512,Low
113854-4,WILLE,Morogoro,Gairo,Dispensary,-6.15251,36.87388,11128,Very High
115209-9,CHIGOLO,Morogoro,Gairo,Dispensary,-6.13811,36.86875,18923,Very High
107123-2,RUBEHO,Morogoro,Gairo,Dispensary,-6.261638,36.862007,10570,Very High
122441-9,BUGALAMA,Geita,Geita,Health Center,-2.67283,32.24635,21730,Very High
100461-3,BUGULULA,Geita,Geita,Dispensary,-2.763512,32.167774,8164,High
114185-2,DRL HEALTH CARE,Geita,Geita,Dispensary,-3.001817,31.92887,1994,Very Low
109733-6,LISABON,Geita,Geita,Health Center,-3.00642,31.9329,2542,Low
100791-3,CHIGUNGA,Geita,Geita,Dispensary,-2.81477,31.93444,19215,Very High
112831-3,JAPE,Geita,Geita,Maternity and Nursing Home,-3.11788,32.2357,9689,Very High
102433-0,KASHISHI,Geita,Geita,Health Center,-3.07492,32.2014,16527,Very High
100637-8,BUZIBA,Geita,Geita,Dispensary,-3.111306,32.1678,22097,Very High
122449-2,ISABILO,Geita,Geita,Dispensary,-2.87535,32.22589,369,Very Low
106245-4,NDELEMA,Geita,Geita,Dispensary,-3.12071,32.31959,11097,Very High
112400-7,WEMA,Geita,Geita,Dispensary,-3.006552,31.928967,2554,Low
114377-5,MCHONGOMANI,Geita,Geita,Health Laboratory,-3.012846,31.9212,19306,Very High
102681-4,KIFUFU,Geita,Geita,Dispensary,-2.7149200000000002,32.2244,10376,Very High
112855-2,MSALALA,Geita,Geita,Health Laboratory,-3.00778,31.93316,1440,Very Low
112823-0,STAMICO,Geita,Geita,Health Laboratory,-3.00001,31.93035,652,Very Low
106806-3,NYARUGUSU,Geita,Geita,Health Center,-3.1197,32.23169,14717,Very High
106534-1,NKOME,Geita,Geita,Dispensary,-2.49947,32.00821,7106,High
122448-4,SOBORA,Geita,Geita,Dispensary,-3.13558,31.95052,18152,Very High
109270-9,KASOTA,Geita,Geita,Health Center,-2.73586,32.16666,4054,Moderate
123306-3,KALUNDE,Geita,Geita,Health Laboratory,-2.9961700000000002,31.92937,14592,Very High
103788-6,LWENZERA,Geita,Geita,Dispensary,-2.55192,32.19419,10825,Very High
103613-6,RUBONDO,Geita,Geita,Dispensary,-2.29064,31.85069,166,Very Low
102484-3,KATORO,Geita,Geita,Health Center,-3.00863,31.93249,1610,Very Low
122450-0,NYANSALWA,Geita,Geita,Dispensary,-2.72597,32.14315,4964,Moderate
100585-9,BUSANDA,Geita,Geita,Dispensary,-3.01912,32.12221,17222,Very High
123160-4,AUMA,Geita,Geita,Dispensary,-2.98831,31.94076,9436,Very High
124162-9,MWASI,Geita,Geita,Health Laboratory,-2.50686,32.01175,18693,Very High
101615-3,IHEGA,Geita,Geita,Dispensary,-3.21015,32.32518,26452,Very High
120501-2,NURU,Geita,Geita,Clinic,-2.997596,31.933388,7924,High
102213-6,KAKUBILO,Geita,Geita,Dispensary,-2.6109,32.07659,20161,Very High
120368-6,KAMHANGA,Geita,Geita,Dispensary,-2.731884,32.313951,16293,Very High
100513-1,BUKONDO,Geita,Geita,Dispensary,-2.68208,31.92444,10675,Very High
106655-4,NYAKAGWE,Geita,Geita,Dispensary,-3.21318,32.43422,21523,Very High
114357-7,AUMA,Geita,Geita,Health Laboratory,-2.988325,31.940804,13034,Very High
112877-6,IMANI,Geita,Geita,Health Laboratory,-2.50548,32.01225,4814,Moderate
123678-5,EGGA,Geita,Geita,Health Laboratory,-2.76311,32.16978,3711,Low
100627-9,BUYAGU,Geita,Geita,Dispensary,-2.986129,32.215752,15499,Very High
121022-8,JOYCE,Geita,Geita,Dispensary,-2.5513,32.192383,9267,Very High
120518-6,LUBANDA,Geita,Geita,Dispensary,-3.05641,32.05641,12885,Very High
106871-7,NZERA,Geita,Geita,Hospital,-2.57685,32.1282,21753,Very High
111835-5,INYALA,Geita,Geita,Dispensary,-2.9531,31.94898,23314,Very High
113783-5,MHC STAMICO,Geita,Geita,Health Center,-2.999954,31.930469,956,Very Low
112852-9,MWOKOZI,Geita,Geita,Health Laboratory,-3.0102,31.93352,4535,Moderate
100776-4,CHIBINGO,Geita,Geita,Dispensary,-2.96061,32.00925,11740,Very High
102482-7,KATOMA,Geita,Geita,Dispensary,-2.53303,32.05973,23796,Very High
102486-8,KATORO TCMC,Geita,Geita,Dispensary,-3.00239,31.9257,3374,Low
111456-0,SISI KWA SISI,Geita,Geita,Dispensary,-3.00263,31.93223,3673,Low
112883-4,KAKUBILO,Geita,Geita,Health Laboratory,-2.61096,32.07074,29079,Very High
107366-7,SENGA,Geita,Geita,Dispensary,-2.61717,31.9738,29537,Very High
115230-5,SANTA MARIA MAGGIORE,Geita,Geita,Dispensary,-3.042783,31.94744,17863,Very High
103609-4,LUBANGA,Geita,Geita,Dispensary,-2.6337,32.389,19352,Very High
101913-2,ISIMA,Geita,Geita,Dispensary,-2.84458,31.89713,14771,Very High
105440-2,MSASA,Geita,Geita,Dispensary,-3.00159,32.06234,12735,Very High
109667-6,NYAMILYANGO,Geita,Geita,Dispensary,-2.69857,32.2012,8949,High
111504-7,IZUMACHELI,Geita,Geita,Dispensary,-2.4166,31.96187,1487,Very Low
123353-5,ST. PETER,Geita,Geita,Dispensary,-3.11118,32.23571,18527,Very High
100798-8,CHIKOBE,Geita,Geita,Health Center,-2.76815,31.91628,31340,Very High
106653-9,NYAKADUHA,Geita,Geita,Dispensary,-2.71111,32.3918,15918,Very High
109341-8,IGATE,Geita,Geita,Dispensary,-2.64431,32.14796,15325,Very High
111503-9,IBONDO,Geita,Geita,Dispensary,-3.0197,32.00817,12998,Very High
112402-3,BAMA-TUNZA MTOTO,Geita,Geita,Maternity Home,-3.11726,32.04456,27613,Very High
111502-1,BUTWA LULEGEYA,Geita,Geita,Dispensary,-2.449618,31.976278,1636,Very Low
123942-5,SILOAM,Geita,Geita,Dispensary,-2.59618,31.55798,54,Very Low
122466-6,MINELY,Geita,Geita,Maternity and Nursing Home,-3.006813,31.926497,2969,Low
106697-6,NYAMALIMBE,Geita,Geita,Dispensary,-3.08104,32.3678,23443,Very High
112844-6,JIPIME,Geita,Geita,Health Laboratory,-2.50074,32.00998,3640,Low
124163-7,ZABURI HEALTH CARE,Geita,Geita,Health Laboratory,-3.01183,31.93621,10033,Very High
122445-0,NYANG'HANGA,Geita,Geita,Dispensary,-3.03765,32.35993,8626,High
120621-8,EBENEZER,Geita,Geita,Maternity and Nursing Home,-2.674,31.91594,6775,High
100509-9,BUKOLI,Geita,Geita,Health Center,-3.19623,32.32703,28136,Very High
102404-1,KASANG'WA,Geita,Geita,Dispensary,-2.721869,31.850882,14695,Very High
111561-7,MAGEREZA BUTUNDWE,Geita,Geita,Dispensary,-2.88944,31.982603,7449,High
102174-0,KAGU,Geita,Geita,Dispensary,-2.7448,32.05064,32228,Very High
124326-0,RORYA,Geita,Geita,Health Laboratory,-3.01881,31.94441,20883,Very High
102415-7,KASEME,Geita,Geita,Dispensary,-3.10909,31.95451,21199,Very High
106753-7,NYAWILIMILWA,Geita,Geita,Dispensary,-2.76543,32.11621,12780,Very High
111507-0,NYAMWILOLELWA,Geita,Geita,Dispensary,-2.8062,32.00722,14376,Very High
103781-1,LWAMGASA,Geita,Geita,Dispensary,-3.11418,32.0486,19372,Very High
105886-6,MWAMITILWA,Geita,Geita,Dispensary,-2.65208,32.48249,11590,Very High
123958-1,ALFA,Geita,Geita,Dispensary,-2.81039,32.03877,6223,High
115229-7,KATORO,Geita,Geita,Hospital,-3.00161,31.95964,9948,Very High
111505-4,NYALWANZAJA,Geita,Geita,Dispensary,-3.04301,32.2841,18396,Very High
112878-4,NYAWILIMILWA,Geita,Geita,Health Laboratory,-2.76587,32.11302,16127,Very High
120510-3,KWANDIKWA,Geita,Geita,Health Laboratory,-3.004625,31.941605,12633,Very High
120523-6,KAMENA,Geita,Geita,Dispensary,-3.076124,32.327401,12325,Very High
112861-0,NYARUGUSU,Geita,Geita,Health Laboratory,-3.11519,32.23727,11517,Very High
113923-7,MAGENGE,Geita,Geita,Dispensary,-3.175481,31.938092,16417,Very High
106822-0,NYASEMBE,Geita,Geita,Dispensary,-2.87122,31.947,17961,Very High
121096-2,KAYENZE,Geita,Geita,Health Laboratory,-2.810405,32.03877,14571,Very High
101158-4,FULWE,Geita,Geita,Dispensary,-2.61457,32.1627,18942,Very High
103101-2,KISHINDA,Geita,Geita,Dispensary,-2.67765,32.298,20315,Very High
120465-0,SHAPREMA,Geita,Geita,Dispensary,-3.01811,32.109332,9972,Very High
123610-8,HK,Geita,Geita,Clinic,-2.59783,31.56137,2717,Low
122442-7,CHELAMENO,Geita,Geita,Dispensary,-2.52129,32.08996,8592,High
112892-5,KASOTA,Geita,Geita,Health Laboratory,-2.73938,32.17618,7695,High
120725-7,MAT,Geita,Geita,Dispensary,-3.1141921,32.2348478,4690,Moderate
120533-5,JAMES,Geita,Geita,Health Laboratory,-2.8743281,32.244984,15062,Very High
123676-9,JILALA,Geita,Geita,Health Laboratory,-2.84169,32.42205,9887,Very High
120546-7,JERUSALEM,Geita,Geita,Health Laboratory,-2.9167297,32.16613,11500,Very High
123989-6,BWIHEGULE,Geita,Geita,Dispensary,-2.96028,32.18813,13332,Very High
123947-4,OFE,Geita,Geita,Clinic,-2.88076,32.28693,13073,Very High
112838-8,SAMUA,Geita,Geita,Health Laboratory,-2.87313,32.22824,2489,Low
120833-9,NYAKATO,Geita,Geita,Dispensary,-2.95831,32.34183,15858,Very High
121976-5,GEITA TOWN COUNCIL,Geita,Geita,Hospital,-2.87417,32.22601,133,Very Low
112087-2,MTAKUJA,Geita,Geita,Dispensary,-2.92303,32.16656,5083,Moderate
100533-9,BULELA,Geita,Geita,Health Center,-2.89573,32.48776,18678,Very High
112835-4,PATMO,Geita,Geita,Health Laboratory,-2.87381,32.22276,7217,High
113904-7,IKULWA,Geita,Geita,Dispensary,-2.94012,32.29832,9216,Very High
123124-0,SAMARITAN CHARITABLE,Geita,Geita,Health Center,-2.88317,32.21615,10254,Very High
111235-8,SABEEVE PRINMAT,Geita,Geita,Maternity Home,-2.86742,32.23422,11112,Very High
112860-2,FOURWAYS,Geita,Geita,Health Laboratory,-2.87675,32.22722,1108,Very Low
122807-1,MWAMITILWA,Geita,Geita,Dispensary,-2.80472,32.50195,8787,High
112820-6,ISIKO,Geita,Geita,Health Laboratory,-2.89943,32.22851,11711,Very High
123726-2,UTULIVU,Geita,Geita,Clinic,-2.87078,32.24444,3001,Low
101192-3,GEITA,Geita,Geita,Hospital,-2.87387,32.226,1094,Very Low
123912-8,KIGOMA ROAD,Geita,Geita,Dispensary,-2.83918,32.43124,4318,Moderate
123679-3,FURAHISHA,Geita,Geita,Health Laboratory,-2.53472,32.14011,1369,Very Low
123546-4,MAGWESELA,Geita,Geita,Health Laboratory,-2.90216,32.27805,6096,High
112840-4,KATAMA,Geita,Geita,Health Laboratory,-2.86551,32.24044,9249,Very High
122661-2,ALEGA,Geita,Geita,Health Laboratory,-2.91492,32.24505,4295,Moderate
111498-2,MAKOYE,Geita,Geita,Hospital,-2.86605,32.24718,4234,Moderate
123718-9,LKM,Geita,Geita,Dispensary,-2.90012,32.28672,6188,High
111559-1,GEITA PRISON,Geita,Geita,Dispensary,-2.87781,32.22131,2554,Low
112086-4,NYANGUKU,Geita,Geita,Dispensary,-2.99563,32.35562,8843,High
112088-0,GEITA TOWN,Geita,Geita,Dispensary,-2.87544,32.22593,571,Very Low
100569-3,BUNEGEZI,Geita,Geita,Dispensary,-2.95831,32.34183,15858,Very High
112842-0,MBOGOSHI,Geita,Geita,Health Laboratory,-2.84004,32.42319,2030,Very Low
101193-1,GEITA GOLD MINE,Geita,Geita,Health Center,-2.8665,32.18578,4987,Moderate
111238-2,SAMARTAN,Geita,Geita,Dispensary,-2.88126,32.26812,10795,Very High
111239-0,WAJA,Geita,Geita,Hospital,-2.87301,32.26574,2451,Low
114571-3,NYANKUMBU GIRLS,Geita,Geita,Dispensary,-2.906127,32.239927,2568,Low
123520-9,MALUNGA,Geita,Geita,Health Laboratory,-2.83996,32.42347,3178,Low
112822-2,BENNY,Geita,Geita,Health Laboratory,-2.87032,32.23412,1451,Very Low
112826-3,ALPHA,Geita,Geita,Health Laboratory,-2.87762,32.26384,2099,Very Low
112827-1,UTULIVU,Geita,Geita,Health Laboratory,-2.87055,32.2345,4032,Moderate
107623-1,ST. PETER,Geita,Geita,Dispensary,-2.900802,32.23013,1806,Very Low
112897-4,KISHOSHA,Geita,Geita,Health Laboratory,-2.87173,32.24384,1880,Very Low
112901-4,MRITA EYE CARE CENTRE,Geita,Geita,Clinic,-2.8729954,32.229958,3630,Low
111248-1,VATICANA,Geita,Geita,Dispensary,-2.87965,32.22551,1772,Very Low
114375-9,CHISAWE,Geita,Geita,Health Laboratory,-2.89113,32.23104,6360,High
123972-2,MWILIMA,Geita,Geita,Dispensary,-2.81369,32.45875,9841,Very High
120834-7,IBANDA,Geita,Geita,Dispensary,-2.85115,32.39511,10312,Very High
102394-4,KASAMWA RHC,Geita,Geita,Health Center,-2.85115,32.39511,10312,Very High
111560-9,GEITA HTC,Geita,Geita,Clinic,-2.87423,32.22635,244,Very Low
102395-1,KASAMWA,Geita,Geita,Dispensary,-2.8475,32.42935,10241,Very High
122805-5,SHINAMWENDWA,Geita,Geita,Dispensary,-3.01708,32.37573,8958,High
115362-6,MGUSU,Geita,Geita,Health Center,-2.90612,32.23992,3249,Low
123988-8,IBOLELO,Geita,Geita,Dispensary,-2.90195,32.25591,6984,High
112850-3,ROWINDA,Geita,Geita,Health Laboratory,-2.86952,32.23751,4514,Moderate
112853-7,HD,Geita,Geita,Health Laboratory,-2.89081,32.23118,6519,High
100576-8,BUNG'WANGOKO,Geita,Geita,Dispensary,-2.79484,32.38493,11326,Very High
123674-4,RITA,Geita,Geita,Health Laboratory,-2.90099,32.23212,4170,Moderate
106785-9,NYANKUMBU,Geita,Geita,Health Center,-2.90619,32.23238,15710,Very High
122785-9,MKOLANI,Geita,Geita,Dispensary,-2.92645,32.24723,10761,Very High
113935-1,SHILOLELI,Geita,Geita,Dispensary,-2.84976,32.52756,16506,Very High
107236-2,SAKAMU,Geita,Geita,Hospital,-2.87963,32.21887,5881,High
111240-8,GEITA TCMC,Geita,Geita,Dispensary,-2.87415,32.26035,4918,Moderate
106696-8,NYAKABALE,Geita,Geita,Dispensary,-2.8488128,32.151333,11580,Very High
113419-6,TRUST  PRINMAT,Geita,Geita,Maternity and Nursing Home,-2.88332,32.22421,3232,Low
113906-2,NYAMALEMBO,Geita,Geita,Dispensary,-2.89502,32.20731,11569,Very High
122889-9,IGENGE,Geita,Geita,Dispensary,-2.98481,32.29749,11103,Very High
113420-4,PEACE PRINMAT,Geita,Geita,Maternity and Nursing Home,-2.90933,32.26236,5709,Moderate
122648-9,SOWETO,Geita,Geita,Health Laboratory,-2.87848,32.26556,2007,Very Low
111234-1,FLORIDA PRINMAT,Geita,Geita,Maternity and Nursing Home,-2.84151,32.42201,6382,High
120265-4,THE AGA KHAN GEITA,Geita,Geita,Clinic,-2.88317,32.21615,10254,Very High
113936-9,NYAKAHONGORA,Geita,Geita,Dispensary,-2.85055,32.46629,6115,High
122741-2,MAULID,Geita,Geita,Health Laboratory,-2.87863,32.22925,6622,High
120814-9,MSHINDE,Geita,Geita,Dispensary,-2.7827342,32.326164,5154,Moderate
114374-2,BANE,Geita,Geita,Health Laboratory,-2.882574,32.262726,12494,Very High
121959-1,PAUL DIAGNOSTIC LAB,Geita,Geita,Health Laboratory,-2.8824716,32.2289,4985,Moderate
112834-7,NEMWI,Geita,Geita,Health Laboratory,-2.87846,32.26438,799,Very Low
112880-0,HAI,Kilimanjaro,Hai,Clinic,-3.33224,37.15003,396,Very Low
123080-4,SHIRINJORO,Kilimanjaro,Hai,Dispensary,-3.29078,37.24103,1518,Very Low
107430-1,SHIRIMGUNGANI,Kilimanjaro,Hai,Dispensary,-3.380744,37.294029,3905,Moderate
101777-1,FRANSISCAN SISTERS OF ST. JOSEPH IMMACULATE HEART OF MARY,Kilimanjaro,Hai,Dispensary,-3.33749,37.13165,17556,Very High
123766-8,KIMASHUKU,Kilimanjaro,Hai,Dispensary,-3.32201,37.24919,2973,Low
100398-7,BOMA HEALTH CARE,Kilimanjaro,Hai,Dispensary,-3.333,37.15134,427,Very Low
103794-4,LYAMUNGO,Kilimanjaro,Hai,Dispensary,-3.23516,37.2569,3122,Low
108150-4,UROKI,Kilimanjaro,Hai,Dispensary,-3.22011,37.20046,1905,Very Low
103394-3,KWATITO,Kilimanjaro,Hai,Dispensary,-3.419408,37.299402,1802,Very Low
108122-3,UPENDO,Kilimanjaro,Hai,Dispensary,-3.33401,37.14701,2435,Low
103582-3,LONGOI,Kilimanjaro,Hai,Dispensary,-3.406821,37.253627,2820,Low
104487-4,MATUMAINI COGI,Kilimanjaro,Hai,Dispensary,-3.457,37.18615,762,Very Low
100278-1,BAKWATA SADALA,Kilimanjaro,Hai,Dispensary,-3.30762,37.19968,2990,Low
102775-4,KIKAVU CHINI,Kilimanjaro,Hai,Dispensary,-3.452881,37.283935,2628,Low
112278-7,WERUWERU RIVER,Kilimanjaro,Hai,Dispensary,-3.32599,37.26114,4483,Moderate
109548-8,DONI,Kilimanjaro,Hai,Dispensary,-3.24007,37.21344,3865,Low
108196-7,USWAA,Kilimanjaro,Hai,Dispensary,-3.26329,37.21502,5916,High
107157-0,RUNDUGAI,Kilimanjaro,Hai,Dispensary,-3.41428,37.1924,3016,Low
102558-4,KIA RC,Kilimanjaro,Hai,Dispensary,-3.38625,37.0629,1696,Very Low
103388-5,KWARE,Kilimanjaro,Hai,Dispensary,-3.27853,37.149161,3409,Low
122803-0,THERESIA MEMORIAL MEDICALCARE,Kilimanjaro,Hai,Dispensary,-3.26694,37.23402,4474,Moderate
104577-2,MBATAKERO,Kilimanjaro,Hai,Dispensary,-3.352844,37.21721,1129,Very Low
106442-7,NG'UNI,Kilimanjaro,Hai,Dispensary,-3.198,37.17115,2673,Low
114765-1,LONGOI,Kilimanjaro,Hai,Health Center,-3.40661,37.26775,1082,Very Low
101415-8,HURUMA,Kilimanjaro,Hai,Dispensary,-3.33126,37.14866,5782,Moderate
103390-1,KWASADALA COGI,Kilimanjaro,Hai,Dispensary,-3.30763,37.19967,4409,Moderate
123300-6,AFYACHECK,Kilimanjaro,Hai,Health Laboratory,-3.19887,37.23325,5930,High
109502-5,ST FRANCIS RC,Kilimanjaro,Hai,Dispensary,-3.35108,37.12065,11448,Very High
103429-7,KYEERI,Kilimanjaro,Hai,Dispensary,-3.193897,37.207119,376,Very Low
102557-6,KIA,Kilimanjaro,Hai,Dispensary,-3.421484,37.06664,1566,Very Low
110868-7,NSHARA MEDICAL CARE,Kilimanjaro,Hai,Dispensary,-3.26799,37.22777,4353,Moderate
112882-6,HAI VISION CENTRE -,Kilimanjaro,Hai,Clinic,-3.33772,37.14617,9252,Very High
106569-7,NRONGA,Kilimanjaro,Hai,Dispensary,-3.198824,37.21167,1414,Very Low
105037-6,MKALAMA,Kilimanjaro,Hai,Dispensary,-3.46737,37.2612,2774,Low
101080-0,EMMAUSI COGI,Kilimanjaro,Hai,Dispensary,-3.19389,37.20711,39,Very Low
105306-5,MOSHI MEDICAL,Kilimanjaro,Hai,Health Center,-3.33263,37.14937,305,Very Low
123861-7,KGM-,Kilimanjaro,Hai,Health Laboratory,-3.30891,37.20146,3643,Low
103110-3,KISIKI,Kilimanjaro,Hai,Health Center,-3.22556,37.22091,4569,Moderate
107212-3,SAAWE,Kilimanjaro,Hai,Dispensary,-3.20852,37.18877,2361,Low
104038-5,MAILI SITA RC,Kilimanjaro,Hai,Dispensary,-3.3204,37.267,1536,Very Low
100395-3,NEEMA CRCT,Kilimanjaro,Hai,Dispensary,-3.336324,37.148443,1291,Very Low
104374-4,MASAMA MBWEERA,Kilimanjaro,Hai,Health Center,-3.236937,37.186157,9042,Very High
100400-1,BOMANG'OMBE,Kilimanjaro,Hai,Dispensary,-3.32833,37.1623,4617,Moderate
106204-1,NARUMU RC,Kilimanjaro,Hai,Dispensary,-3.2684,37.2469,2201,Low
105692-8,MUNGUSHI,Kilimanjaro,Hai,Dispensary,-3.30388,37.13294,5428,Moderate
109565-2,MTAKUJA,Kilimanjaro,Hai,Dispensary,-3.47392,37.07748,6040,High
107829-4,TINDIGANI,Kilimanjaro,Hai,Dispensary,-3.432795,37.142162,1753,Very Low
120918-8,CHEMKA,Kilimanjaro,Hai,Dispensary,-3.44375,37.18374,978,Very Low
107296-6,SANYA STATION,Kilimanjaro,Hai,Dispensary,-3.389272,37.116382,3461,Low
106556-4,NKWANSIRA,Kilimanjaro,Hai,Health Center,-3.240417,37.152157,7122,High
103587-2,LOSAA,Kilimanjaro,Hai,Dispensary,-3.205767,37.154144,4055,Moderate
109635-3,MAILISITA MEDICAL CENTRE,Kilimanjaro,Hai,Dispensary,-3.32026,37.27557,6743,High
103684-7,LUKANI,Kilimanjaro,Hai,Dispensary,-3.190494,37.149465,5183,Moderate
104636-6,MBOSHO RC,Kilimanjaro,Hai,Dispensary,-3.26933,37.15443,3716,Low
103888-4,MAGADINI,Kilimanjaro,Hai,Dispensary,-3.34146,37.15382,12271,Very High
106203-3,NARUMU,Kilimanjaro,Hai,Dispensary,-3.27295,37.2463,2817,Low
104403-1,MASHUA,Kilimanjaro,Hai,Dispensary,-3.221944,37.126944,2880,Low
103086-5,KISERENY,Kilimanjaro,Hai,Dispensary,-3.2261,37.23585,6581,High
103795-1,LYAMUNGO,Kilimanjaro,Hai,Health Center,-3.22052,37.25601,4607,Moderate
120327-2,SCOLASTICA,Kilimanjaro,Hai,Dispensary,-3.3332898,37.15266396,2078,Very Low
103457-8,LAMBO,Kilimanjaro,Hai,Dispensary,-3.2827,37.2244,3044,Low
121689-4,CHEKIMAJI,Kilimanjaro,Hai,Health Center,-3.41984,37.21611,1715,Very Low
108365-8,WERUWERU,Kilimanjaro,Hai,Dispensary,-3.419409,37.299403,2774,Low
102507-1,KAWAYA,Kilimanjaro,Hai,Dispensary,-3.46035,37.2209,1310,Very Low
124260-1,LERAI,Kilimanjaro,Hai,Dispensary,-3.38383,37.17722,3045,Low
106559-8,NKWESHOO,Kilimanjaro,Hai,Dispensary,-3.19701,37.25114,4118,Moderate
111582-3,KIKAVU RC,Kilimanjaro,Hai,Dispensary,-3.43208,37.29227,2910,Low
104373-6,MASAMA,Kilimanjaro,Hai,Health Center,-3.25015,37.19424,11137,Very High
122585-3,TRINITY,Kilimanjaro,Hai,Dispensary,-3.24025,37.21003,2854,Low
101222-8,GITTING,Manyara,Hanang,Dispensary,-4.40726,35.453,14432,Very High
107475-6,SIMBAY,Manyara,Hanang,Health Center,-4.55617,35.56239,10211,Very High
109331-9,LALAJI,Manyara,Hanang,Health Center,-4.73192,35.22456,6320,High
107499-6,SIROP,Manyara,Hanang,Dispensary,-4.58934,35.6322,7320,High
108317-9,WARANGA,Manyara,Hanang,Dispensary,-4.77884,35.49749,17272,Very High
101197-2,GENDABI,Manyara,Hanang,Health Center,-4.42826,35.34698,8935,High
101213-7,GIDAGAMOWD,Manyara,Hanang,Dispensary,-4.51154,35.2189,4902,Moderate
109266-7,TUMAINI,Manyara,Hanang,Hospital,-4.52013,35.39999,8135,High
100340-9,BASSOTU ZIWANI,Manyara,Hanang,Health Center,-4.36285,35.07112,10751,Very High
100338-3,BASSODESH,Manyara,Hanang,Dispensary,-4.29842,35.1299,15363,Very High
101214-5,GIDAGHARBU,Manyara,Hanang,Dispensary,-4.50508,35.64598,8209,High
105709-0,MURUMBA,Manyara,Hanang,Dispensary,-4.72011,35.15796,6124,High
105704-1,MURJANDA,Manyara,Hanang,Dispensary,-4.47217,35.1497,2575,Low
109489-5,ISHPONGA,Manyara,Hanang,Health Center,-4.61171,35.09292,10833,Very High
100982-8,DIRMA,Manyara,Hanang,Dispensary,-4.62104,35.46444,12132,Very High
123093-7,PONA,Manyara,Hanang,Dispensary,-4.37523,35.07091,8786,High
105675-3,MULBADAW,Manyara,Hanang,Dispensary,-4.37568,35.11013,6465,High
109560-3,BASHANG,Manyara,Hanang,Dispensary,-4.56207,35.48509,11527,Very High
101092-5,ENDASAK,Manyara,Hanang,Dispensary,-4.41424,35.51791,10375,Very High
101215-2,GIDAHABABIEG,Manyara,Hanang,Dispensary,-4.47303,35.5648,10317,Very High
104372-8,MASAKTA,Manyara,Hanang,Dispensary,-4.29894,35.5566,7703,High
101204-6,GETANUWAS,Manyara,Hanang,Dispensary,-4.41472,34.9415,10138,Very High
109708-8,SETCHET,Manyara,Hanang,Dispensary,-4.3514,35.26122,4675,Moderate
106182-9,NANGWA,Manyara,Hanang,Dispensary,-4.50511,35.44421,21146,Very High
100288-0,BALANGDALALU,Manyara,Hanang,Health Center,-4.64209,35.27561,3554,Low
109522-3,ENDASABOGECHAN,Manyara,Hanang,Health Center,-4.4219,35.58576,6834,High
101038-8,DUMBETA,Manyara,Hanang,Dispensary,-4.57056,35.39092,8169,High
112039-3,KATESHI,Manyara,Hanang,Health Laboratory,-4.52523,35.38482,4809,Moderate
122001-1,ESRECAGE  HEALTH LABORATORY,Manyara,Hanang,Health Laboratory,-4.639741,35.276408000000004,6077,High
101205-3,GETASAM,Manyara,Hanang,Dispensary,-4.38705,35.56129,8439,High
112407-2,GALANGALA,Manyara,Hanang,Dispensary,-4.39676,35.16946,6911,High
101190-7,GEHANDU,Manyara,Hanang,Dispensary,-4.64898,35.20031,5626,Moderate
115265-1,NAZARETI,Manyara,Hanang,Dispensary,-4.4258,35.5011,7486,High
120880-0,MING'ENYI,Manyara,Hanang,Dispensary,-4.36941,35.06862,5406,Moderate
123854-2,TERASHO,Manyara,Hanang,Health Laboratory,-4.52231,35.38162,2733,Low
120879-2,MOGITU,Manyara,Hanang,Health Center,-4.51977,35.32055,9800,Very High
121038-4,NAZARETI,Manyara,Hanang,Dispensary,-4.42341,35.50119,4008,Moderate
120882-6,GEHANDU LGA,Manyara,Hanang,Dispensary,-4.36483,34.89317,2427,Low
109547-0,HILBADAW,Manyara,Hanang,Health Center,-4.35386,34.89282,12746,Very High
112288-6,KATESH PENTECOSTAL,Manyara,Hanang,Dispensary,-4.52473,35.38627,6836,High
103447-9,LAGHANGA,Manyara,Hanang,Dispensary,-4.550885,35.07171,10007,Very High
102473-6,KATESH,Manyara,Hanang,Health Center,-4.52109,35.37946,10002,Very High
108294-0,WAAMA,Manyara,Hanang,Dispensary,-4.75149,35.4252,11926,Very High
100331-8,BARJOMOT,Manyara,Hanang,Dispensary,-4.38374,35.40241,4668,Moderate
100958-8,DAWAR,Manyara,Hanang,Dispensary,-4.44525,35.2802,9933,Very High
101093-3,PENTEKOSTE ENDASAK,Manyara,Hanang,Dispensary,-4.42606,35.50999,6479,High
111796-9,KWAMSANGAZI,Tanga,Handeni,Dispensary,-5.51351,38.21257,5466,Moderate
103293-7,KOMSALA,Tanga,Handeni,Dispensary,-5.229474,38.414608,5649,Moderate
103846-2,MADEBE,Tanga,Handeni,Dispensary,-5.63938,38.00855,5584,Moderate
103352-1,KWACHAGA,Tanga,Handeni,Dispensary,-5.647013,38.179624,3869,Low
102145-0,KABUKU NDANI,Tanga,Handeni,Dispensary,-5.52059,38.51312,7203,High
121243-0,TUMAINI MKATA,Tanga,Handeni,Dispensary,-5.78478,38.28863,9760,Very High
107779-1,TAULA,Tanga,Handeni,Dispensary,-5.4594,38.49931,1965,Very Low
107346-9,SEGERA,Tanga,Handeni,Dispensary,-5.3242,38.54242,9386,Very High
111803-3,KWAMNELE,Tanga,Handeni,Dispensary,-5.45711,38.33083,4566,Moderate
123274-3,KANG'ATA HEALTH,Tanga,Handeni,Health Laboratory,-5.36125,38.43234,3754,Low
111695-3,MARUNDE,Tanga,Handeni,Dispensary,-5.78308,38.29166,3934,Moderate
100410-0,BONDO,Tanga,Handeni,Dispensary,-5.384218,38.579226,2621,Low
103291-1,KOMKONGA,Tanga,Handeni,Dispensary,-5.61579,38.41395,15086,Very High
109056-2,GUMBONNEKA,Tanga,Handeni,Dispensary,-5.78882,38.18203,4337,Moderate
106048-2,MZERI,Tanga,Handeni,Dispensary,-5.206516,38.144308,4793,Moderate
100870-5,CHOGO,Tanga,Handeni,Dispensary,-5.59904,38.50592,9843,Very High
103386-9,KWANKONJE,Tanga,Handeni,Dispensary,-5.59333,38.20882,9885,Very High
103290-3,KOMKOLE B,Tanga,Handeni,Dispensary,-5.584729,38.344339,10003,Very High
107687-6,SUWA,Tanga,Handeni,Dispensary,-5.701075,38.202732,5938,High
103900-7,MAGAMBA,Tanga,Handeni,Dispensary,-5.555825,38.072257,5209,Moderate
105041-8,MKALAMO,Tanga,Handeni,Dispensary,-5.808,38.65889,2289,Low
115245-3,KITUMBI,Tanga,Handeni,Dispensary,-5.68942,38.36111,7131,High
122507-7,GOLE,Tanga,Handeni,Dispensary,-5.85689,38.00463,4651,Moderate
103387-7,KWARAGURU,Tanga,Handeni,Dispensary,-5.4516,38.52716,1233,Very Low
103383-6,KWANDUGWA,Tanga,Handeni,Dispensary,-5.91006,38.45387,2996,Low
103398-4,KWEDIZINGA,Tanga,Handeni,Dispensary,-5.41767,38.52006,5763,Moderate
104241-5,MANGA,Tanga,Handeni,Dispensary,-5.91084,38.2328,3056,Low
103374-5,ST. FRANCIS KWAMKONO,Tanga,Handeni,Hospital,-5.44955,38.26137,10130,Very High
103397-6,KWEDITILIBE,Tanga,Handeni,Dispensary,-5.45647,38.17876,9841,Very High
101198-0,GENDAGENDA,Tanga,Handeni,Dispensary,-5.58136,38.6543,1747,Very Low
103367-9,KWAMATUKU,Tanga,Handeni,Dispensary,-5.281798,38.354456,10002,Very High
104389-2,MASATU,Tanga,Handeni,Dispensary,-5.26548,38.53711,6424,High
104552-5,MBAGWI,Tanga,Handeni,Dispensary,-5.29969,38.06088,7990,High
113244-8,DORCAS,Tanga,Handeni,Health Laboratory,-5.78854,38.29423,7094,High
105680-3,MUMBWI,Tanga,Handeni,Dispensary,-5.549092,38.420375,3796,Low
111804-1,KWEDIHWAHWALA,Tanga,Handeni,Dispensary,-5.60571,38.636336,3384,Low
111800-9,CHANIKA KOFI,Tanga,Handeni,Dispensary,-5.48181,38.40164,5407,Moderate
105492-3,MSOMELA,Tanga,Handeni,Dispensary,-5.22837,37.99921,5154,Moderate
111797-7,KWAMGWE,Tanga,Handeni,Dispensary,-5.38927,38.60085,4043,Moderate
115244-6,POZO,Tanga,Handeni,Dispensary,-5.85643,38.49577,1938,Very Low
112517-8,ST. MONICA,Tanga,Handeni,Dispensary,-5.531395,38.457622,4447,Moderate
111693-8,HYDEMAK,Tanga,Handeni,Dispensary,-5.347129,38.233988,16860,Very High
104234-0,MANDERA KIVA,Tanga,Handeni,Dispensary,-5.51588,38.15133,3040,Low
123642-1,KWABOJOO,Tanga,Handeni,Dispensary,-5.51121,38.62971,3120,Low
114804-8,KWEDIKWAZU,Tanga,Handeni,Dispensary,-5.5622,38.44189,4989,Moderate
111694-6,AMANI,Tanga,Handeni,Dispensary,-5.71533,38.23912,4266,Moderate
102602-0,KIBINDU,Tanga,Handeni,Dispensary,-5.55411,38.1424,3519,Low
109095-0,KWANGAHU,Tanga,Handeni,Dispensary,-5.66384,38.37871,5703,Moderate
102321-7,KANG'ATA,Tanga,Handeni,Dispensary,-5.65958,37.8986,11198,Very High
120345-4,HANDENI DISTRICT COUNCIL   SHAIKH SABAH AL-AHMAD AL-JABER AL-SABAH MEDICAL COMPLEX,Tanga,Handeni,Hospital,-5.82265,38.30211,4811,Moderate
103380-2,KWAMSISI,Tanga,Handeni,Dispensary,-5.86507,38.5711,4932,Moderate
111802-5,NKALE,Tanga,Handeni,Dispensary,-5.33787,38.36475,3031,Low
110355-5,KWEINGOMA,Tanga,Handeni,Dispensary,-5.20822,38.37337,3054,Low
111799-3,SEZA KOFI,Tanga,Handeni,Dispensary,-5.52688,38.37214,4235,Moderate
103294-5,KOMSANGA,Tanga,Handeni,Dispensary,-5.471152,38.594954,4289,Moderate
107483-0,SINDENI,Tanga,Handeni,Dispensary,-5.347129,38.233988,16860,Very High
111805-8,TULIANI KWACHAGA,Tanga,Handeni,Dispensary,-5.651914,38.166269,8340,High
112716-6,KWEDIZELA,Tanga,Handeni,Maternity and Nursing Home,-5.33656,38.550892,10710,Very High
123593-6,KWEDIKABU,Tanga,Handeni,Dispensary,-5.87792,38.57346,2131,Very Low
104532-7,MAZINGARA,Tanga,Handeni,Dispensary,-5.75187,38.26618,4692,Moderate
105060-8,MKATA,Tanga,Handeni,Health Center,-5.783206,38.296997,4915,Moderate
122715-6,MSOMERA,Tanga,Handeni,Health Center,-5.21009,37.98854,2016,Very Low
123270-1,NEW MAN AWESO,Tanga,Handeni,Health Laboratory,-5.46351,38.52459,762,Very Low
113238-0,SAM,Tanga,Handeni,Health Laboratory,-5.90618,38.23737,3265,Low
103392-7,KWASUNGA,Tanga,Handeni,Dispensary,-5.97517,38.43259,4812,Moderate
106057-3,MZUNDU,Tanga,Handeni,Dispensary,-5.50842,38.33632,10516,Very High
102144-3,KABUKU,Tanga,Handeni,Health Center,-5.49802,38.4732,22566,Very High
115346-9,BONGI,Tanga,Handeni,Dispensary,-5.37008,38.29675,4681,Moderate
124241-1,MICHUNGWANI,Tanga,Handeni,Dispensary,-5.34874,38.55081,2715,Low
102093-2,MGAMBO JKT,Tanga,Handeni,Dispensary,-5.52884,38.58605,2867,Low
108608-1,BOGOLWA,Tanga,Handeni,Dispensary,-5.597537,38.116767,3704,Low
111801-7,KWADOYA,Tanga,Handeni,Dispensary,-5.42914,38.63153,4368,Moderate
122647-1,ST.DORCAS MEDICAL LABORATORY,Tanga,Handeni,Health Laboratory,-5.42073,38.01631,4230,Moderate
123581-1,HOPE MEDICAL,Tanga,Handeni,Health Laboratory,-5.42287,38.02381,3590,Low
108988-7,AMANI,Tanga,Handeni,Dispensary,-5.42361,38.02162,1490,Very Low
114991-3,KWABAYA,Tanga,Handeni,Dispensary,-5.41543,38.07459,2547,Low
105444-4,MSEKWA,Tanga,Handeni,Dispensary,-5.42323,38.02416,6749,High
114402-1,HANDENI PRISON,Tanga,Handeni,Dispensary,-5.43366,38.02091,1913,Very Low
120975-8,KWEDIZANDO,Tanga,Handeni,Dispensary,-5.43559,37.99096,9638,Very High
103313-3,KONJE,Tanga,Handeni,Dispensary,-5.40651,38.10819,7755,High
101313-5,HANDENI TC,Tanga,Handeni,Hospital,-5.43533,38.02308,9143,Very High
102656-6,KIDELEKO,Tanga,Handeni,Health Center,-5.49478,38.01525,7334,High
120973-3,BWILA,Tanga,Handeni,Dispensary,-5.40485,38.04421,8744,High
113574-8,Goodlife,Tanga,Handeni,Dispensary,-5.42714,38.01899,5030,Moderate
114001-1,Msasa,Tanga,Handeni,Dispensary,-5.49494,38.05749,5853,Moderate
105414-7,MSAJE,Tanga,Handeni,Dispensary,-5.552894,37.962492,8184,High
113572-2,Chanika,Tanga,Handeni,Dispensary,-5.42093,38.01877,1825,Very Low
120974-1,KWALUWALA,Tanga,Handeni,Dispensary,-5.33769,38.02872,8002,High
120787-7,MALEZI,Tanga,Handeni,Health Center,-5.42894,38.03157,9693,Very High
114997-0,HEDI,Tanga,Handeni,Dispensary,-5.548679,37.994438,4887,Moderate
114993-9,KWASINDI,Tanga,Handeni,Dispensary,-5.46463,38.08187,7282,High
123547-2,WE CARE HEALTH MEDICAL,Tanga,Handeni,Health Laboratory,-5.42739,38.02121,3399,Low
104978-2,MISIMA,Tanga,Handeni,Dispensary,-5.3311,38.11189,16327,Very High
101022-2,HAPPY,Morogoro,Kilombero,Dispensary,-8.75311,36.41131,17,Very Low
105983-1,MWAYA,Morogoro,Kilombero,Dispensary,-7.858533,36.899488,6986,High
111039-4,POLICE KIDATU,Morogoro,Kilombero,Dispensary,-7.63801,36.88802,1537,Very Low
102583-2,KIBAONI,Morogoro,Kilombero,Health Center,-8.08901,36.68131,1996,Very Low
103082-4,KISAWASAWA,Morogoro,Kilombero,Health Center,-7.89293,36.86992,5170,Moderate
123134-9,KATINDIUKA,Morogoro,Kilombero,Dispensary,-8.13961,36.70623,9283,Very High
111859-5,KASIGA,Morogoro,Kilombero,Dispensary,-8.14811,36.68411,9988,Very High
105487-3,MSOLWA A,Morogoro,Kilombero,Dispensary,-7.74425,36.93674,3151,Low
121199-4,Nessa,Morogoro,Kilombero,Health Center,-8.13708,36.68182,19489,Very High
114174-6,MAHUTANGA,Morogoro,Kilombero,Dispensary,-8.14152,36.65071,5297,Moderate
107568-8,ST. ALPHONSA,Morogoro,Kilombero,Dispensary,-8.08861,36.75241,12467,Very High
112688-7,KIBAONI,Morogoro,Kilombero,Health Laboratory,-8.0886,36.68564,9703,Very High
111499-0,MILOLA,Morogoro,Kilombero,Health Center,-8.0841,36.6899,22602,Very High
107585-2,ST. FRANCIS,Morogoro,Kilombero,Hospital,-8.14481,36.68246,11027,Very High
107551-4,SONJO,Morogoro,Kilombero,Dispensary,-7.81588,36.90217,3739,Low
124094-4,KISORELO,Morogoro,Kilombero,Health Laboratory,-8.08912,36.68156,639,Very Low
111666-4,ARAFA KIBEREGE,Morogoro,Kilombero,Dispensary,-7.95188,36.861361,5973,High
123935-9,IFAKARA,Morogoro,Kilombero,Hospital,-7.98072,36.89596,6260,High
111518-7,KIDATU,Morogoro,Kilombero,Dispensary,-7.70225,36.95911,5530,Moderate
114173-8,IHANGA,Morogoro,Kilombero,Dispensary,-8.09307,36.597,7302,High
105488-1,NYERERE NATIONAL PARK MSOLWA,Morogoro,Kilombero,Dispensary,-7.889227,37.035598,4116,Moderate
111682-1,DR MZIRAY,Morogoro,Kilombero,Dispensary,-7.86305,36.88972,1751,Very Low
121421-2,MBASA,Morogoro,Kilombero,Health Center,-8.63341,36.41295,5189,Moderate
107227-1,SAGAMAGANGA,Morogoro,Kilombero,Dispensary,-8.09369,36.68094,14165,Very High
104264-7,MANG'ULA,Morogoro,Kilombero,Health Center,-7.83927,36.892655,3010,Low
102595-6,KIBEREGE,Morogoro,Kilombero,Dispensary,-7.950623,36.855853,3902,Moderate
111520-3,IFAKARA,Morogoro,Kilombero,Dispensary,-8.87111,36.40581,1080,Very Low
107291-7,SANJE,Morogoro,Kilombero,Dispensary,-7.78333,36.93211,4426,Moderate
105490-7,MSOLWA STATION,Morogoro,Kilombero,Dispensary,-7.8,37.025,5165,Moderate
105045-9,MKAMBA,Morogoro,Kilombero,Health Center,-7.685558,36.96189,9746,Very High
123123-2,MANG'ULA A,Morogoro,Kilombero,Dispensary,-7.83502,36.89821,4168,Moderate
123122-4,MACHIPI,Morogoro,Kilombero,Dispensary,-8.07267,36.65454,4484,Moderate
111294-5,GOOD SAMARITAN,Morogoro,Kilombero,Hospital,-7.73341,36.92685,3932,Moderate
121419-6,MSOLWA STATION,Morogoro,Kilombero,Health Center,-7.47168,37.02116,873,Very Low
108482-1,SIGNAL,Morogoro,Kilombero,Dispensary,-8.02277,36.83591,10292,Very High
114485-6,GOOD SAMARITAN CANCER,Morogoro,Kilombero,Hospital,-8.13361,36.68783,38882,Very High
102596-4,KIBEREGE PRISON,Morogoro,Kilombero,Dispensary,-7.976173,36.855517,3134,Low
114177-9,KILAMA,Morogoro,Kilombero,Dispensary,-8.063,36.7307,5355,Moderate
104816-4,MICHENGA,Morogoro,Kilombero,Dispensary,-8.12,36.6531,7312,High
107741-1,TANESCO KIDATU,Morogoro,Kilombero,Dispensary,-7.670174,36.974052,7543,High
124083-7,JOSE,Morogoro,Kilombero,Health Laboratory,-8.04673,36.46255,120,Very Low
114481-5,MANG'ULA MODERN,Morogoro,Kilombero,Dispensary,-7.864706,36.894396,5891,High
122638-0,KIBEREGE,Morogoro,Kilombero,Health Laboratory,-8.08919,36.68146,299,Very Low
110770-5,NIKO,Morogoro,Kilombero,Health Center,-8.74716,36.41215,1752,Very Low
114172-0,LIPANGALALA,Morogoro,Kilombero,Dispensary,-8.15232,36.68291,11289,Very High
111035-2,MAMA TURA,Morogoro,Kilombero,Dispensary,-7.85451,36.89456,4925,Moderate
105972-4,MWASHIKU,Tabora,Igunga,Dispensary,-3.997359,33.462616,10164,Very High
105911-2,MWANDIHIMIJI,Tabora,Igunga,Dispensary,-3.98261,33.60537,7811,High
111208-5,BAKWATA,Tabora,Igunga,Dispensary,-4.28703,33.880255,4559,Moderate
123210-7,TUMAINI,Tabora,Igunga,Dispensary,-4.29022,33.88421,2470,Low
105283-6,MONDO,Tabora,Igunga,Dispensary,-4.30941,33.52549,4110,Moderate
111204-4,ULAYA,Tabora,Igunga,Dispensary,-4.384666,33.429432,25294,Very High
104050-0,MAJENGO,Tabora,Igunga,Dispensary,-4.60342,33.444149,5893,High
122066-4,VIVIAN,Tabora,Igunga,Health Laboratory,-4.290228,33.84805,5748,Moderate
101548-6,IGOGO,Tabora,Igunga,Dispensary,-4.292982,33.769723,8488,High
101458-8,IBUTAMISUZI,Tabora,Igunga,Dispensary,-4.167439,33.966628,4159,Moderate
102969-3,KINUNGU,Tabora,Igunga,Dispensary,-3.98,33.5502,7076,High
105852-8,MWAMALA,Tabora,Igunga,Dispensary,-4.37162,33.21338,4483,Moderate
111205-1,NTOBO,Tabora,Igunga,Dispensary,-4.13005,33.524545,2893,Low
105325-5,MOYOFUKE,Tabora,Igunga,Dispensary,-4.34078,33.533984,5137,Moderate
106447-6,NGURITI,Tabora,Igunga,Dispensary,-4.44843,33.56662,14232,Very High
123754-4,NECTAR,Tabora,Igunga,Dispensary,-4.29161,33.75334,11415,Very High
100495-1,BUKAMA,Tabora,Igunga,Dispensary,-4.178988,33.83003,7754,High
105784-3,MWABALATULU,Tabora,Igunga,Dispensary,-4.20075,33.62737,5771,Moderate
108341-9,MCHUO,Tabora,Igunga,Dispensary,-4.177,33.5257,2153,Low
108217-1,UTUJA,Tabora,Igunga,Dispensary,-4.660657,33.464973,6624,High
105954-2,MWANZUGI,Tabora,Igunga,Dispensary,-4.340918,33.884856,8634,High
122541-6,SAFINERY,Tabora,Igunga,Dispensary,-4.23607,33.46903,6872,High
101289-7,NKINGA,Tabora,Igunga,Dispensary,-4.2525,33.2642,4751,Moderate
120484-1,NKINGA,Tabora,Igunga,Clinic,-4.2534,33.2615,4092,Moderate
105973-2,MWANSHOMA,Tabora,Igunga,Dispensary,-5.4255,33.472,4416,Moderate
104118-5,MAKOMELO,Tabora,Igunga,Dispensary,-4.28765,33.87205,1119,Very Low
101590-8,IGUNGA CHF,Tabora,Igunga,Dispensary,-4.283803,33.885436,13647,Very High
106247-0,NDEMBEZI,Tabora,Igunga,Dispensary,-4.31953,33.4178,6508,High
112213-4,MWAYUNGE WAZAZI,Tabora,Igunga,Dispensary,-4.1727,33.5259,213,Very Low
108197-5,USWAYA,Tabora,Igunga,Dispensary,-4.695406,33.505415,10785,Very High
122469-0,FELAMO NURSING AND MATERNITY HOME,Tabora,Igunga,Maternity and Nursing Home,-4.165701,33.5242,233,Very Low
106027-6,MWISI,Tabora,Igunga,Dispensary,-4.53132,33.449725,13031,Very High
101574-2,IGOWEKO,Tabora,Igunga,Dispensary,-4.747721,33.6055,9104,Very High
105977-3,MWASUNG'HO,Tabora,Igunga,Dispensary,-4.0382,33.52276,2284,Low
105605-0,MTUNGULU,Tabora,Igunga,Dispensary,-4.283,33.4254,4712,Moderate
101687-2,IKUNGUIPINA,Tabora,Igunga,Dispensary,-4.439889,33.363114,7758,High
120687-9,ITUMBA,Tabora,Igunga,Health Center,-4.29136,33.49419,5336,Moderate
105986-4,MWAYUNGE,Tabora,Igunga,Dispensary,-4.584639,33.490833,1271,Very Low
107672-8,SUNGWIZI,Tabora,Igunga,Dispensary,-4.454863,33.525285,7318,High
107724-7,TAMBALALE,Tabora,Igunga,Dispensary,-4.628508,33.532204,4840,Moderate
102096-5,JOGOHYA,Tabora,Igunga,Dispensary,-4.11283,33.84317,10376,Very High
120490-8,EDEN,Tabora,Igunga,Dispensary,-4.288077,33.867466,3904,Moderate
101788-8,IMALILO,Tabora,Igunga,Dispensary,-4.03821,33.52276,2200,Low
105019-4,MIZANZA,Tabora,Igunga,Dispensary,-4.542843,33.5402,6617,High
100430-8,BUCHENJEGELE,Tabora,Igunga,Dispensary,-4.37166,33.50116,6038,High
108019-1,UGAKA,Tabora,Igunga,Dispensary,-4.37166,33.50116,6038,High
100529-7,BULANGAMILWA,Tabora,Igunga,Dispensary,-4.1185600000000004,33.374,8228,High
122193-6,ZIBA,Tabora,Igunga,Health Laboratory,-4.24016,33.40077,6371,High
124178-5,FELAMO HEALTH,Tabora,Igunga,Health Laboratory,-4.28747,33.86886,2344,Low
105782-7,MWABAKIMA,Tabora,Igunga,Dispensary,-4.09273,33.53292,6262,High
100747-5,CHAPELA,Tabora,Igunga,Dispensary,-4.58688,33.49164,2396,Low
105383-4,MPOGOLO,Tabora,Igunga,Dispensary,-4.601419,33.571982,7577,High
122213-2,GOD IS ABLE,Tabora,Igunga,Health Laboratory,-4.31928,33.98562,11940,Very High
111207-7,FELAMO PRINMAT,Tabora,Igunga,Clinic,-4.1657,33.5242,149,Very Low
102014-8,ITUNDURU,Tabora,Igunga,Dispensary,-4.135481,33.654685,13558,Very High
105870-0,MWAMASHIGA,Tabora,Igunga,Dispensary,-4.760989,33.7459,19521,Very High
101585-8,IGUMO,Tabora,Igunga,Dispensary,-4.576971,33.462839,3895,Moderate
106434-4,NGULU,Tabora,Igunga,Dispensary,-4.174706,33.461655,6136,High
102957-8,KINING'INILA,Tabora,Igunga,Dispensary,-3.992972,33.931121,6485,High
102651-7,KIDALU,Tabora,Igunga,Dispensary,-4.14722,34.01814,4997,Moderate
112182-1,UPENDO,Tabora,Igunga,Dispensary,-4.16461,33.52552,653,Very Low
121484-0,Mabele's,Tabora,Igunga,Health Laboratory,-4.290228,33.88421,9148,Very High
105836-1,MWALALA,Tabora,Igunga,Dispensary,-4.4015,33.5543,7064,High
101589-0,IGUNGA,Tabora,Igunga,Hospital,-4.287894,33.871895,2400,Low
101871-2,ISAKAMALIWA,Tabora,Igunga,Dispensary,-4.072373,34.043974,6122,High
106170-4,NANGA,Tabora,Igunga,Health Center,-4.26241,33.6143,13480,Very High
101445-5,IBOLOGELO,Tabora,Igunga,Dispensary,-4.232986,33.472735,2929,Low
106604-2,NTIGU,Tabora,Igunga,Dispensary,-4.32497,33.49244,2958,Low
101785-4,IMALANGUZU,Tabora,Igunga,Dispensary,-4.12021,33.80187,9795,Very High
104662-2,MBUTU,Tabora,Igunga,Dispensary,-4.23401,33.89744,10142,Very High
101594-0,IGURUBI,Tabora,Igunga,Health Center,-3.99529,33.7074,15100,Very High
106759-4,NYANDEKWA,Tabora,Igunga,Dispensary,-4.24653,33.5128,6680,High
105793-4,MWABUBELE,Tabora,Igunga,Dispensary,-4.17527,33.5711,5278,Moderate
106226-4,NCHELI,Tabora,Igunga,Dispensary,-5.42722,33.3833,4154,Moderate
106522-6,NKINGA,Tabora,Igunga,Health Laboratory,-4.2534,33.2615,4092,Moderate
100472-0,BUHEKELA,Tabora,Igunga,Dispensary,-4.778634,33.712492,7630,High
105945-0,MWANYAGULA,Tabora,Igunga,Dispensary,-4.10233,33.9243,8353,High
101937-1,ISUGILO,Tabora,Igunga,Dispensary,-4.153001,33.5036001,3520,Low
105824-7,MWAKABUTA,Tabora,Igunga,Dispensary,-4.225,33.3649,3840,Low
105823-9,MWAJILUNGA,Tabora,Igunga,Dispensary,-4.5441,33.3727,3600,Low
107477-2,SIMBO,Tabora,Igunga,Health Center,-4.65565,33.4314,13740,Very High
100507-3,BUKOKO,Tabora,Igunga,Dispensary,-4.319526,33.417804,3153,Low
101839-9,IPUMBULYA,Tabora,Igunga,Dispensary,-4.29161,33.75334,11415,Very High
104878-4,MIGONGWA,Tabora,Igunga,Dispensary,-4.22215,33.72286,8217,High
100777-2,CHIBISO,Tabora,Igunga,Dispensary,-3.94579,33.94573,814,Very Low
122795-8,FATHER BOLLE MEMORIAL,Tabora,Igunga,Health Center,-4.35702,33.88089,18447,Very High
122210-8,SIMBO.,Tabora,Igunga,Health Laboratory,-4.29022,33.88421,2470,Low
105867-6,MWAMAPULI,Tabora,Igunga,Dispensary,-3.5918,33.32001,4019,Moderate
108415-1,ZIBA,Tabora,Igunga,Health Center,-4.24146,33.40522,6087,High
100547-9,BULUMBELA,Tabora,Igunga,Dispensary,-4.167776,33.406801,6566,High
108189-2,USSONGO GOV,Tabora,Igunga,Dispensary,-4.29136,33.49419,5336,Moderate
105871-8,MWAMASHIMBA,Tabora,Igunga,Dispensary,-4.52131,33.4921,4621,Moderate
124179-3,ZACHYNDA,Tabora,Igunga,Health Laboratory,-4.05317,33.48749,9514,Very High
102008-0,ITUMBA,Tabora,Igunga,Dispensary,-4.56271,33.8603,28746,Very High
102171-6,KAGONGWA,Tabora,Igunga,Dispensary,-4.37166,33.21331,3363,Low
113202-6,MAMTESHA,Tabora,Igunga,Health Laboratory,-4.28686,33.87495,7027,High
111206-9,MAGEREZA,Tabora,Igunga,Dispensary,-4.301702,33.881100000000004,5012,Moderate
103162-4,KITANGILI,Tabora,Igunga,Dispensary,-4.343818,33.465216,4614,Moderate
100877-0,CHOMA,Tabora,Igunga,Health Center,-4.02232,33.358074,9236,Very High
100321-9,BARAKA,Tabora,Igunga,Dispensary,-4.01875,33.35924,8306,High
122244-7,NTUNTU,Singida,Ikungi,Health Center,-5.08825,34.58356,1275,Very Low
108112-4,UNYANKANYA,Singida,Ikungi,Dispensary,-4.87353,34.88137,4425,Moderate
105655-5,MHINTIRI,Singida,Ikungi,Dispensary,-5.16825,34.62057,12452,Very High
104105-2,ALLAMANO MAKIUNGU,Singida,Ikungi,Hospital,-4.96856,34.85934,11404,Very High
122578-8,MLANDALA,Singida,Ikungi,Dispensary,-4.04044,34.08198,154,Very Low
110903-2,ISSUNA A,Singida,Ikungi,Dispensary,-5.40843,34.76096,5540,Moderate
122497-1,MPETU,Singida,Ikungi,Dispensary,-5.10067,34.39718,5800,Moderate
110904-0,ULYAMPITI,Singida,Ikungi,Dispensary,-5.20343,34.78604,4753,Moderate
106615-8,NTUNTU,Singida,Ikungi,Dispensary,-5.12591,34.98373,16822,Very High
121499-8,KIPUNDA,Singida,Ikungi,Dispensary,-4.54707,34.30141,4995,Moderate
102908-1,KIMBWI,Singida,Ikungi,Dispensary,-5.01549,34.84482,5441,Moderate
107040-8,PUMA,Singida,Ikungi,Dispensary,-5.002661,34.754231,4345,Moderate
107957-3,TUPENDANE,Singida,Ikungi,Dispensary,-5.23838,34.92112,6061,High
104260-5,MANG'ONYI,Singida,Ikungi,Dispensary,-5.23841,34.92113,1521,Very Low
113143-2,NOREEN,Singida,Ikungi,Health Laboratory,-5.00761,34.75543,9503,Very High
108368-2,WIBIA,Singida,Ikungi,Dispensary,-4.99998,34.80879,5785,Moderate
100868-9,CHODA,Singida,Ikungi,Dispensary,-5.509111,34.764877,3974,Moderate
104969-1,MAKILAWA,Singida,Ikungi,Dispensary,-5.04677,34.47742,5461,Moderate
104478-3,MATONGO,Singida,Ikungi,Dispensary,-5.1896,34.71172,8263,High
105079-8,MKIWA,Singida,Ikungi,Dispensary,-5.54893,34.66253,8070,High
106286-8,NDURU,Singida,Ikungi,Dispensary,-5.05083,34.5434,4038,Moderate
101611-2,IHANJA,Singida,Ikungi,Health Center,-5.04446,34.67889,14583,Very High
105960-9,MWARU,Singida,Ikungi,Dispensary,-4.77698,34.27538,8192,High
111705-0,NG'ONGOSORO,Singida,Ikungi,Dispensary,-5.36692,34.5717,7966,High
124114-0,CHIEMA,Singida,Ikungi,Health Laboratory,-5.33485,34.39458,8476,High
101935-5,ISSUNA,Singida,Ikungi,Dispensary,-5.38796,34.75666,3602,Low
101859-7,IRISYA,Singida,Ikungi,Dispensary,-4.67788,34.59324,7669,High
106029-2,MWISI,Singida,Ikungi,Dispensary,-5.04522,34.89569,6943,High
104449-4,MATARE,Singida,Ikungi,Dispensary,-5.1624,34.85585,7949,High
102966-9,KINTANDAA,Singida,Ikungi,Dispensary,-4.81776,34.57938,6615,High
104795-0,MGUNGIRA,Singida,Ikungi,Dispensary,-5.00973,34.01144,19186,Very High
112998-0,MANG'ONYI CENTRE,Singida,Ikungi,Dispensary,-5.2585,34.93982,9052,Very High
106516-8,NKHOIREE,Singida,Ikungi,Dispensary,-5.11148,34.67175,6224,High
107049-9,QUEEN OF UNIVERSAL,Singida,Ikungi,Hospital,-4.99242,34.75629,4210,Moderate
104952-7,MINYUGHE,Singida,Ikungi,Dispensary,-4.97357,34.53825,11481,Very High
107505-0,ST.JOSEPH SIUYU,Singida,Ikungi,Dispensary,-4.897561,34.87801,8142,High
106542-4,NKUHI,Singida,Ikungi,Dispensary,-5.33851,34.77842,7311,High
104988-1,MISUGHAA,Singida,Ikungi,Dispensary,-5.0548400000000004,35.02558,8061,High
122915-2,SINGIDA GOLD MINE,Singida,Ikungi,Clinic,-5.13491,34.59275,1906,Very Low
101041-2,DUNG'UNYI,Singida,Ikungi,Dispensary,-5.07713,34.80836,13384,Very High
105236-4,MNANE,Singida,Ikungi,Dispensary,-5.00168,34.99726,6786,High
107261-0,SAMBARU,Singida,Ikungi,Dispensary,-5.28375,35.08676,5229,Moderate
111692-0,UJAIRE,Singida,Ikungi,Dispensary,-5.090431,34.89108,5850,Moderate
101545-2,IGLANSONI,Singida,Ikungi,Health Center,-5.33853,34.48584,14115,Very High
105687-8,MUNGAA,Singida,Ikungi,Dispensary,-4.97053,34.88108,7133,High
109799-7,SEPUKA,Singida,Ikungi,Health Center,-4.74762,34.5241,9329,Very High
104135-9,MAKOTEA,Singida,Ikungi,Dispensary,-4.95417,34.96091,5296,Moderate
101684-9,IKUNGI,Singida,Ikungi,Health Center,-5.14214,34.77273,19272,Very High
123246-1,UTAHO A,Singida,Ikungi,Dispensary,-4.96348,34.76257,5411,Moderate
114911-1,MNANG'ANA,Singida,Ikungi,Dispensary,-4.75777,34.58021,10248,Very High
101542-9,IGHOMBWE,Singida,Ikungi,Dispensary,-4.9592,34.34603,14044,Very High
105501-1,MSOSA,Singida,Ikungi,Dispensary,-4.95436,34.14782,11196,Very High
110805-9,IYUMBU,Singida,Ikungi,Health Center,-5.14825,34.04325,29417,Very High
109764-1,MAMA MTAVIRA,Singida,Ikungi,Maternity Home,-5.10062,34.43007,4086,Moderate
120998-0,IKUNGI,Singida,Ikungi,Hospital,-5.09108,34.47735,3023,Low
122245-4,IRISYA,Singida,Ikungi,Health Center,-4.41049,34.37648,4932,Moderate
105603-5,MTUNDURU,Singida,Ikungi,Dispensary,-4.8237,34.51652,9496,Very High
104493-2,MATYUKU,Singida,Ikungi,Dispensary,-4.93833,34.70533,4197,Moderate
114908-7,SONGA NDOGO,Singida,Ikungi,Dispensary,-4.80075,34.40916,7826,High
114910-3,MPUGIZI,Singida,Ikungi,Dispensary,-4.76418,34.20107,9302,Very High
109828-4,Abbas Medical Centre,Dar es Salaam,Ilala,Clinic,-6.81513,39.27406,173,Very Low
113426-1,LANCET,Dar es Salaam,Ilala,Health Laboratory,-6.81339,39.27889,589,Very Low
110814-1,P -CONSULTANT,Dar es Salaam,Ilala,Clinic,-6.807309,39.275168,710,Very Low
110575-8,YONGWE,Dar es Salaam,Ilala,Dispensary,-6.999857,39.123364,12677,Very High
122568-9,GOGADI NGWALE,Dar es Salaam,Ilala,Dispensary,-6.99143,39.090313,11879,Very High
108296-5,WAILES,Dar es Salaam,Ilala,Clinic,-6.813861,39.285857,930,Very Low
112702-6,ACCESS MEDICAL & DIAGNOSTIC,Dar es Salaam,Ilala,Clinic,-6.80312,39.27877,648,Very Low
100019-9,511KJ GONGO LA MBOTO,Dar es Salaam,Ilala,Dispensary,-6.88878,39.15133,1952,Very Low
115353-5,LUHANGA,Dar es Salaam,Ilala,Dispensary,-7.06329,39.11877,4620,Moderate
112426-2,KUBHOJA,Dar es Salaam,Ilala,Clinic,-6.82832,39.25594,602,Very Low
123734-6,UNIQUE,Dar es Salaam,Ilala,Clinic,-6.80391,39.27867,132,Very Low
112143-3,ILALA AFYA CENTRE,Dar es Salaam,Ilala,Clinic,-6.82755,39.26039,639,Very Low
111657-3,NASA MAKOKA,Dar es Salaam,Ilala,Dispensary,-6.81389,39.18259,12101,Very High
100921-6,COH DENTAL,Dar es Salaam,Ilala,Clinic,-6.82755,39.25722,662,Very Low
104354-6,MARGARET NYAMBO MEMORIAL,Dar es Salaam,Ilala,Clinic,-6.83586,39.24519,2042,Very Low
112141-7,Afyatime,Dar es Salaam,Ilala,Clinic,-6.82666,39.26424,1648,Very Low
122788-3,UMOJA KIVULE,Dar es Salaam,Ilala,Dispensary,-6.94211,39.17809,19167,Very High
124431-8,DESSI,Dar es Salaam,Ilala,Health Laboratory,-6.84444,39.21412,7252,High
124148-8,DIRECT AID,Dar es Salaam,Ilala,Hospital,-6.84365,39.16509,5411,Moderate
112749-7,AMANA EYE CENTRE,Dar es Salaam,Ilala,Clinic,-6.82798,39.25867,773,Very Low
101143-6,FFU UKONGA,Dar es Salaam,Ilala,Dispensary,-6.87647,39.17376,7778,High
101369-7,SHREE HINDU MANDAL,Dar es Salaam,Ilala,Hospital,-6.81515,39.28482,323,Very Low
110808-3,AGA KHAN,Dar es Salaam,Ilala,Clinic,-6.81974,39.28424,1136,Very Low
122597-8,YUSTAR,Dar es Salaam,Ilala,Dispensary,-7.00096,39.15633,5710,Moderate
124374-0,MARSI,Dar es Salaam,Ilala,Dispensary,-6.91797,39.11305,14490,Very High
122289-2,TEMI HEALTH CARE,Dar es Salaam,Ilala,Dispensary,-6.98541,39.09196,6800,High
110675-6,WAEBRANIA,Dar es Salaam,Ilala,Maternity Home,-6.90738,39.15209,9232,Very High
100386-2,BLESSING,Dar es Salaam,Ilala,Dispensary,-6.99477,39.08451,10945,Very High
110800-0,MEDI - ED,Dar es Salaam,Ilala,Clinic,-6.80097,39.27964,1850,Very Low
121230-7,Imran's,Dar es Salaam,Ilala,Clinic,-6.80386,39.28601,1671,Very Low
107823-7,BUGURUNI SOKONI TIEGSAMI,Dar es Salaam,Ilala,Dispensary,-6.83641,39.24712,6236,High
124024-1,MUHAS DENTAL,Dar es Salaam,Ilala,Clinic,-6.80446,39.27398,708,Very Low
106409-6,MAKAO MAKUU YA JESHI (MM JESHI),Dar es Salaam,Ilala,Dispensary,-6.80433,39.28031,508,Very Low
111662-3,ST. ANNA ARAFA,Dar es Salaam,Ilala,Dispensary,-6.84382,39.21831,8891,High
110813-3,AVICEENA,Dar es Salaam,Ilala,Clinic,-6.809568,39.276521,1039,Very Low
114315-5,XNJOVU,Dar es Salaam,Ilala,Health Laboratory,-6.93437,39.12427,6452,High
101006-5,Hameer,Dar es Salaam,Ilala,Clinic,-6.81438,39.27371,254,Very Low
123736-1,AMANI,Dar es Salaam,Ilala,Clinic,-6.80097,39.27453,1390,Very Low
124133-0,SHEIMAA,Dar es Salaam,Ilala,Dispensary,-6.84934,39.26328,5679,Moderate
112686-1,NGOVI,Dar es Salaam,Ilala,Dispensary,-6.90287,39.20264,6527,High
124128-0,SUNRISE,Dar es Salaam,Ilala,Clinic,-6.82737,39.21144,4114,Moderate
100142-9,ARAFA AMANI,Dar es Salaam,Ilala,Dispensary,-6.888277,39.118159,20551,Very High
112646-5,JPM,Dar es Salaam,Ilala,Health Center,-6.82712,39.19635,4956,Moderate
122980-6,BRICLINE-KINYEREZI,Dar es Salaam,Ilala,Health Laboratory,-6.84891,39.16715,9928,Very High
113442-8,HEBAB,Dar es Salaam,Ilala,Clinic,-6.95481,39.10171,5380,Moderate
112677-0,MCH,Dar es Salaam,Ilala,Dispensary,-6.90533,39.22174,27059,Very High
111816-5,Penuel,Dar es Salaam,Ilala,Clinic,-6.82148,39.20001,6768,High
100069-4,AIRPORT POLICE,Dar es Salaam,Ilala,Dispensary,-6.87122,39.20314,4691,Moderate
111899-1,DOLPHIN,Dar es Salaam,Ilala,Clinic,-6.81746,39.27564,366,Very Low
123166-1,WELIYA,Dar es Salaam,Ilala,Dispensary,-6.98715,39.15436,14330,Very High
114665-3,Royal Medical,Dar es Salaam,Ilala,Dispensary,-6.97593,39.17894,2379,Low
114666-1,ELISEBA MSHAURI,Dar es Salaam,Ilala,Dispensary,-6.865888,39.1977888,5385,Moderate
123571-2,GET WELL HEALTH,Dar es Salaam,Ilala,Health Laboratory,-6.82202,39.26456,3937,Moderate
103950-2,UKONGA MAGEREZA,Dar es Salaam,Ilala,Dispensary,-6.874661,39.179557,9963,Very High
122549-9,Tanzania Breweries,Dar es Salaam,Ilala,Dispensary,-6.82319,39.26789,2207,Low
100070-2,AIRWING 603 ATS,Dar es Salaam,Ilala,Dispensary,-6.868095,39.19808,2342,Low
110525-3,ARAFA CHANIKA,Dar es Salaam,Ilala,Dispensary,-7.00401,39.07818,1425,Very Low
113897-3,BANGULO,Dar es Salaam,Ilala,Dispensary,-6.86854,39.12851,30648,Very High
123289-1,ROBRON,Dar es Salaam,Ilala,Health Laboratory,-6.85236,39.15521,10768,Very High
122903-8,BAYOPHORD,Dar es Salaam,Ilala,Dispensary,-6.91713,39.20216,9321,Very High
111900-7,ALL SMILES,Dar es Salaam,Ilala,Clinic,-6.81161,39.28679,1621,Very Low
123951-6,EPICAL,Dar es Salaam,Ilala,Clinic,-6.84304,39.13859,15631,Very High
121112-7,MHD,Dar es Salaam,Ilala,Health Laboratory,-6.91061,39.20608,8194,High
103284-6,KOMBA MEDICAL,Dar es Salaam,Ilala,Dispensary,-6.902297,39.138086,3323,Low
111113-7,ONTIME,Dar es Salaam,Ilala,Dispensary,-6.82985,39.26457,7089,High
123738-7,LUKAA,Dar es Salaam,Ilala,Dispensary,-6.93431,39.16133,23968,Very High
109837-5,TIBA HEALTH CARE,Dar es Salaam,Ilala,Clinic,-6.80378,39.28118,999,Very Low
113441-0,NDUNGURU,Dar es Salaam,Ilala,Health Laboratory,-6.89882,39.21429,9740,Very High
110799-4,DOCTORS PLAZA,Dar es Salaam,Ilala,Clinic,-6.79897,39.28473,961,Very Low
124100-9,NGUVU KAZI,Dar es Salaam,Ilala,Health Laboratory,-6.97952,39.09335,5029,Moderate
101127-9,Family Care,Dar es Salaam,Ilala,Clinic,-6.81046,39.27821,761,Very Low
106880-8,OCEAN ROAD CANCER INSTITUTE (ORCI),Dar es Salaam,Ilala,Hospital,-6.810666,39.296125,181,Very Low
112427-0,LOCHIE,Dar es Salaam,Ilala,Dispensary,-6.98538,39.10022,11184,Very High
111828-0,SIHA KARIAKOO,Dar es Salaam,Ilala,Clinic,-6.82086,39.27567,1370,Very Low
100940-6,D.I.T,Dar es Salaam,Ilala,Dispensary,-6.81417,39.28021,757,Very Low
107826-0,TIKAYA,Dar es Salaam,Ilala,Health Center,-6.9565,39.10846,6196,High
112040-1,RADTECH,Dar es Salaam,Ilala,Clinic,-6.82865,39.25619,275,Very Low
111647-4,KINYAMWEZI,Dar es Salaam,Ilala,Dispensary,-6.93384,39.11957,11530,Very High
100633-7,BUYUNI,Dar es Salaam,Ilala,Dispensary,-6.95661,39.1011,2832,Low
105778-5,MVUTI,Dar es Salaam,Ilala,Dispensary,-7.028138,39.125355,8579,High
110806-7,CHINESE MEDICAL,Dar es Salaam,Ilala,Dispensary,-6.80983,39.27871,458,Very Low
123671-0,MAC,Dar es Salaam,Ilala,Health Laboratory,-6.84381,39.17029,2920,Low
120416-3,AGA KHAN,Dar es Salaam,Ilala,Clinic,-6.82893,39.28424,4381,Moderate
110524-6,CCP MEDICINE MEDICAL CENTER,Dar es Salaam,Ilala,Clinic,-6.841209,39.148093,13932,Very High
122576-2,AFYA JAMII,Dar es Salaam,Ilala,Dispensary,-6.90825,39.17826,10351,Very High
110533-7,ARAFA MOOD,Dar es Salaam,Ilala,Dispensary,-6.820831,39.216935,4175,Moderate
110550-1,TABATA KISIWANI,Dar es Salaam,Ilala,Dispensary,-6.830199,39.226479,4325,Moderate
100136-1,APOLLO MEDICAL CENTRE,Dar es Salaam,Ilala,Hospital,-6.81857,39.28314,342,Very Low
110562-6,MVULENI,Dar es Salaam,Ilala,Dispensary,-7.010228,39.161697,5228,Moderate
100139-5,ARAFA LULU,Dar es Salaam,Ilala,Dispensary,-6.90797,39.20252,7520,High
114678-6,DR. MANGO,Dar es Salaam,Ilala,Clinic,-6.844123,39.14492,6956,High
110586-5,UKONGA CHUO CHA MAAFISA MAGEREZA,Dar es Salaam,Ilala,Health Center,-6.88259,39.18215,7944,High
102382-9,KARIAKOO,Dar es Salaam,Ilala,Dispensary,-6.81983,39.27571,470,Very Low
107528-2,SOMEDICS HEALTH CARE,Dar es Salaam,Ilala,Clinic,-6.81162,39.27405,1515,Very Low
123358-4,MVUTI MAGEREZA,Dar es Salaam,Ilala,Dispensary,-7.06846,39.10601,5322,Moderate
111436-2,GALLILEE,Dar es Salaam,Ilala,Dispensary,-6.91777,39.17614,10006,Very High
110606-1,UFUNUO,Dar es Salaam,Ilala,Clinic,-6.93838,39.18037,6449,High
121055-8,TABATA,Dar es Salaam,Ilala,Clinic,-6.83011,39.22732,5063,Moderate
110610-3,ANE AFYA CARE,Dar es Salaam,Ilala,Dispensary,-6.863498,39.167459,11051,Very High
107029-1,POVERTY AFRICA KITUNDA CHARITABLE,Dar es Salaam,Ilala,Dispensary,-6.89903,39.19764,4341,Moderate
124398-9,MARATA,Dar es Salaam,Ilala,Clinic,-6.90091,39.19681,2139,Very Low
104067-4,MAJOHE,Dar es Salaam,Ilala,Health Center,-6.91611,39.13251,8564,High
110561-8,KUNDY,Dar es Salaam,Ilala,Clinic,-6.83588,39.20128,8438,High
123171-1,EPICAL,Dar es Salaam,Ilala,Dispensary,-6.84304,39.17243,3841,Low
122740-4,ASANTE,Dar es Salaam,Ilala,Health Laboratory,-6.88293,39.15523,2350,Low
100413-4,BONYOKWA,Dar es Salaam,Ilala,Dispensary,-6.8344,39.15959,9111,Very High
105267-9,MUHIMBILI ORTHOPAEDIC INSTITUTE (MOI),Dar es Salaam,Ilala,Hospital,-6.80321,39.2708,1179,Very Low
110671-5,HEARWELL AUDIOLOGY,Dar es Salaam,Ilala,Clinic,-6.80291,39.27563,816,Very Low
123500-1,SYNAPSE,Dar es Salaam,Ilala,Physiotherapy Clinic,-6.81419,39.29388,1872,Very Low
123845-0,AM,Dar es Salaam,Ilala,Health Laboratory,-6.90657,39.14254,2844,Low
111829-8,TIFFANY DENTAL,Dar es Salaam,Ilala,Clinic,-6.81357,39.27316,1417,Very Low
100166-8,ARAFA SES CHARITABLE,Dar es Salaam,Ilala,Dispensary,-6.84449,39.19694,9380,Very High
112229-0,AGA KHAN UKONGA,Dar es Salaam,Ilala,Clinic,-6.86637,39.19892,188,Very Low
104407-2,MASIKA,Dar es Salaam,Ilala,Dispensary,-6.91736,39.14254,7554,High
101055-2,EBRAHIM HAJI,Dar es Salaam,Ilala,Health Center,-6.81461,39.28372,1060,Very Low
109459-8,TYMA MTAMBANI VINGUNGUTI,Dar es Salaam,Ilala,Dispensary,-6.84514,39.233223,6463,High
111807-4,MICO MACHIMBO,Dar es Salaam,Ilala,Dispensary,-6.90671,39.18429,6690,High
122331-2,GFJ,Dar es Salaam,Ilala,Clinic,-6.85526,39.18397,4382,Moderate
107880-7,TANZANIA RAILWAYS CORPORATION (TRC),Dar es Salaam,Ilala,Dispensary,-6.82656,39.27888,5506,Moderate
114679-4,ST MATHAYO,Dar es Salaam,Ilala,Dispensary,-6.924025,39.144958,14542,Very High
115355-0,MBONDOLE,Dar es Salaam,Ilala,Dispensary,-6.91777,39.17614,10006,Very High
124089-4,JITEGEMEE,Dar es Salaam,Ilala,Health Laboratory,-6.95536,39.09524,6689,High
112761-2,EYE EMPORIUM,Dar es Salaam,Ilala,Clinic,-6.81619,39.28584,185,Very Low
113403-0,AMREF HEALTH AFRICA,Dar es Salaam,Ilala,Health Laboratory,-6.80899,39.28654,424,Very Low
110764-8,FAMILY,Dar es Salaam,Ilala,Clinic,-6.81741,39.28549,347,Very Low
114664-6,Cons Tabata Chama,Dar es Salaam,Ilala,Dispensary,-6.827426,39.215141,4663,Moderate
100464-7,BUGURUNI ANGLICAN,Dar es Salaam,Ilala,Health Center,-6.83882,39.23907,3065,Low
103198-8,KITUNDA,Dar es Salaam,Ilala,Dispensary,-6.90225,39.19791,3656,Low
114187-8,KINYEREZI EYE CENTRE,Dar es Salaam,Ilala,Clinic,-6.825362,39.230854,7199,High
121050-9,MJ MEDICAL LABORATORY,Dar es Salaam,Ilala,Health Laboratory,-6.80391,39.15983,11546,Very High
124107-4,THE CURE,Dar es Salaam,Ilala,Clinic,-6.80579,39.27609,384,Very Low
123285-9,ENOCK,Dar es Salaam,Ilala,Health Laboratory,-6.91376,39.13996,4566,Moderate
112777-8,PHAVIEW (T) LTD,Dar es Salaam,Ilala,Clinic,-6.81578,39.28251,540,Very Low
100692-3,CHADIBWA,Dar es Salaam,Ilala,Dispensary,-6.88167,39.1688,6674,High
122673-7,ELITE MEDICAL,Dar es Salaam,Ilala,Health Laboratory,-7.00195,39.08321,14823,Very High
100167-6,PEKING HEALTH CARE,Dar es Salaam,Ilala,Dispensary,-6.83053,39.16801,5464,Moderate
124435-9,AFYA JAMII,Dar es Salaam,Ilala,Health Laboratory,-6.81827,39.21953,7142,High
112718-2,GOGADI,Dar es Salaam,Ilala,Dispensary,-6.862172,39.141945,7141,High
124136-3,CHEYAN,Dar es Salaam,Ilala,Dispensary,-6.86206,39.14203,1723,Very Low
107878-1,TRAFFIC POLICE,Dar es Salaam,Ilala,Dispensary,-6.82427,39.26481,1504,Very Low
102953-7,KINGS,Dar es Salaam,Ilala,Health Center,-6.81943,39.27808,889,Very Low
107698-3,Tabata General,Dar es Salaam,Ilala,Hospital,-6.84503,39.19533,6596,High
112626-7,ALIRA,Dar es Salaam,Ilala,Clinic,-6.8092,39.28655,663,Very Low
111441-2,ARAFA BUGURUNI GHANA,Dar es Salaam,Ilala,Dispensary,-6.83224,39.24198,9163,Very High
122920-2,ABI,Dar es Salaam,Ilala,Dispensary,-6.91789,39.17616,14261,Very High
124382-3,NEW LIGHT HEATHCARE,Dar es Salaam,Ilala,Dispensary,-6.90401,39.18256,10168,Very High
111121-0,KILIMANI KARAKATA,Dar es Salaam,Ilala,Dispensary,-6.85155,39.20809,12993,Very High
114188-6,ZOOM EYE CARE,Dar es Salaam,Ilala,Clinic,-6.80911,39.28349,2423,Low
101412-5,HURUMA,Dar es Salaam,Ilala,Clinic,-6.8435,39.191551,4126,Moderate
102080-9,Jemsa,Dar es Salaam,Ilala,Dispensary,-6.84412,39.18449,7004,High
123723-9,AL ATAA,Dar es Salaam,Ilala,Dispensary,-6.94544,39.10942,16803,Very High
122904-6,JESE MA,Dar es Salaam,Ilala,Dispensary,-6.95821,39.09201,10008,Very High
123866-6,SK MEDICAL HEALTH,Dar es Salaam,Ilala,Health Laboratory,-6.82843,39.16701,6321,High
101468-7,ISLAMIC CULTURE SCHOOL,Dar es Salaam,Ilala,Dispensary,-6.827092,39.207248,4116,Moderate
124003-5,KAM,Dar es Salaam,Ilala,Clinic,-6.71448,39.21209,9559,Very High
123364-2,BUNGONI,Dar es Salaam,Ilala,Dispensary,-6.83224,39.25645,9392,Very High
121977-3,UHAKIKA,Dar es Salaam,Ilala,Health Laboratory,-6.92152,39.20386,6878,High
112159-9,PAIN MANAGEMENT,Dar es Salaam,Ilala,Physiotherapy Clinic,-6.80481,39.28214,1635,Very Low
107035-8,PRINCE SAUD,Dar es Salaam,Ilala,Health Center,-6.82947,39.22316,2899,Low
113752-0,CHAPAKAZI,Dar es Salaam,Ilala,Dispensary,-6.93461,39.18318,18668,Very High
109883-9,GODWILL HEALTH,Dar es Salaam,Ilala,Health Laboratory,-6.83759,39.24376,1655,Very Low
109606-4,MANGISANI,Dar es Salaam,Ilala,Dispensary,-6.81558,39.27431,378,Very Low
107677-7,Sun Shine Muslim Volunteers,Dar es Salaam,Ilala,Health Center,-6.82805,39.261851,1782,Very Low
108531-5,DR HASSANALI,Dar es Salaam,Ilala,Dispensary,-6.81566,39.28302,136,Very Low
121114-3,MAFRANK AFYA CHECK,Dar es Salaam,Ilala,Health Laboratory,-6.89259,39.19181,8491,High
114193-6,DOHA,Dar es Salaam,Ilala,Clinic,-6.81359,39.27501,924,Very Low
101272-3,HITECH SAI,Dar es Salaam,Ilala,Clinic,-6.82287,39.28321,1689,Very Low
112793-5,NEW KARIBU  OPTICAL,Dar es Salaam,Ilala,Clinic,-6.81641,39.27934,523,Very Low
123856-7,JW MEDICAL,Dar es Salaam,Ilala,Health Laboratory,-6.93886,39.14375,15712,Very High
112769-5,ILALA EYE CENTRE,Dar es Salaam,Ilala,Clinic,-6.82899,39.25465,6676,High
110668-1,KWA MIVINJENI,Dar es Salaam,Ilala,Dispensary,-6.86058,39.22589,3152,Low
105242-2,MNAZI MMOJA,Dar es Salaam,Ilala,Hospital,-6.82017,39.28084,571,Very Low
108390-6,YOMBO UFUNDI,Dar es Salaam,Ilala,Dispensary,-6.86042,39.2365,3221,Low
123615-7,CARE AND CURE,Dar es Salaam,Ilala,Hospital,-6.81686,39.28375,353,Very Low
100956-2,DATOO,Dar es Salaam,Ilala,Clinic,-6.81907,39.28268,263,Very Low
110673-1,MZAMBARAUNI B,Dar es Salaam,Ilala,Dispensary,-6.879547,39.164277,5176,Moderate
114189-4,HAKIKA EYE CARE CENTRE,Dar es Salaam,Ilala,Clinic,-6.86637,39.19914,235,Very Low
100086-8,AL JUMAA,Dar es Salaam,Ilala,Dispensary,-6.818188,39.275753,383,Very Low
112090-6,GLORY TO GOD,Dar es Salaam,Ilala,Dispensary,-6.917386,39.123861,8847,High
100078-5,Al Karimu,Dar es Salaam,Ilala,Dispensary,-6.840399,39.237449,6414,High
121116-8,METROPOLIS HEALTHCARE TANZANIA LTD,Dar es Salaam,Ilala,Health Laboratory,-6.80758,39.27576,268,Very Low
107347-7,SEGEREA,Dar es Salaam,Ilala,Health Center,-6.83626,39.21271,4032,Moderate
122529-1,KATALA,Dar es Salaam,Ilala,Dispensary,-6.95199,39.13097,12161,Very High
123857-5,PLATOON,Dar es Salaam,Ilala,Health Laboratory,-6.98217,39.16799,10110,Very High
122330-4,ROYAL,Dar es Salaam,Ilala,Clinic,-6.82158,39.28194,851,Very Low
122326-2,UNIVERSAL CARE,Dar es Salaam,Ilala,Clinic,-6.971048,39.114212,10769,Very High
111837-1,ARAFA HIGHLAND,Dar es Salaam,Ilala,Health Center,-6.88777,39.16945,11441,Very High
121978-1,KEN MEDICAL,Dar es Salaam,Ilala,Health Laboratory,-6.85321,39.17995,10614,Very High
113961-7,KIVULE,Dar es Salaam,Ilala,Hospital,-6.95611,39.17151,32120,Very High
122600-0,NIIMAT KITONGA,Dar es Salaam,Ilala,Dispensary,-7.00096,39.15633,5710,Moderate
110615-2,ARAFA CHARITABLE KIPUNGUNI,Dar es Salaam,Ilala,Dispensary,-6.887388,39.18879,9979,Very High
107039-0,PUGU KAJIUNGENI,Dar es Salaam,Ilala,Health Center,-6.899646,39.126409,23067,Very High
123705-6,MANDAI HEALTH,Dar es Salaam,Ilala,Health Laboratory,-6.86402,39.16713,5107,Moderate
112629-1,VISION 360,Dar es Salaam,Ilala,Clinic,-6.81616,39.28648,247,Very Low
124233-8,D & T OPTICAL (T) COMPANY LIMITED,Dar es Salaam,Ilala,Optical Facility,-6.80805,39.28627,1324,Very Low
112801-6,MOBILE AND STATIC EYE SERVICE,Dar es Salaam,Ilala,Clinic,-6.83905,39.23914,54,Very Low
122976-4,VOH,Dar es Salaam,Ilala,Health Laboratory,-6.96584,39.098003,6966,High
122288-4,CLAIN,Dar es Salaam,Ilala,Dispensary,-6.88716,39.14365,13791,Very High
123542-3,NGWALE,Dar es Salaam,Ilala,Health Laboratory,-6.99736,39.08446,5452,Moderate
124442-5,UNIQUE HEALTH,Dar es Salaam,Ilala,Health Laboratory,-6.80391,39.27866,49,Very Low
100097-5,AMANA,Dar es Salaam,Ilala,Hospital,-6.82674,39.25926,1577,Very Low
112650-7,FIT TO FLY AVIATION,Dar es Salaam,Ilala,Clinic,-6.85194,39.23029,6484,High
122901-2,FORBRIGHT,Dar es Salaam,Ilala,Dispensary,-6.85627,39.18432,4672,Moderate
112714-1,SABEL,Dar es Salaam,Ilala,Clinic,-6.807352,39.276531,433,Very Low
102268-0,RAYMAS,Dar es Salaam,Ilala,Dispensary,-6.82753,39.25847,220,Very Low
123222-2,BLISSPALS,Dar es Salaam,Ilala,Nursing Home,-6.80394,39.27769,413,Very Low
114186-0,INSIGHT VISION  CENTRE,Dar es Salaam,Ilala,Clinic,-6.81751,39.28898,1463,Very Low
122893-1,SERENOX AFRICA,Dar es Salaam,Ilala,Clinic,-6.80371,39.27856,74,Very Low
111905-6,DMS NYENYEMA,Dar es Salaam,Ilala,Dispensary,-6.859716,39.238547,4511,Moderate
121690-2,P - CONSULTANT,Dar es Salaam,Ilala,Clinic,-6.80627,39.27649,139,Very Low
121991-4,BUGURUNI MNYAMANI,Dar es Salaam,Ilala,Health Laboratory,-6.83907,39.23915,246,Very Low
121406-3,Muzdalifah Charitable,Dar es Salaam,Ilala,Dispensary,-6.75641,39.20654,4973,Moderate
121085-5,Bahari Dental Clinic,Dar es Salaam,Ilala,Clinic,-6.88091,39.15963,1075,Very Low
111107-9,KIPAWA,Dar es Salaam,Ilala,Dispensary,-6.85729,39.21103,8324,High
122629-9,MSONGOLA DARAJANI MEDICAL .,Dar es Salaam,Ilala,Health Laboratory,-6.97932,39.18004,5658,Moderate
104834-7,MICO Tabata Kimanga,Dar es Salaam,Ilala,Dispensary,-6.82622,39.19631,7243,High
100463-9,BUGURUNI,Dar es Salaam,Ilala,Health Center,-6.83742,39.2445,474,Very Low
122611-7,SULAYMAN,Dar es Salaam,Ilala,Health Laboratory,-6.86631,39.19181,5446,Moderate
123159-6,LOYAL,Dar es Salaam,Ilala,Dispensary,-6.83859,39.18684,5278,Moderate
107577-9,ST. CAMILIUS,Dar es Salaam,Ilala,Dispensary,-6.86328,39.23515,3421,Low
103606-0,LUBAKAYA,Dar es Salaam,Ilala,Dispensary,-7.02342,39.07434,10800,Very High
110519-6,KITONKA,Dar es Salaam,Ilala,Hospital,-6.90505,39.16905,13802,Very High
121754-6,ARAFA SEGEREA,Dar es Salaam,Ilala,Dispensary,-6.3085,38.3055,911,Very Low
100371-4,BINGI,Dar es Salaam,Ilala,Clinic,-6.828636,39.231977,6049,High
122682-8,CHANG'OMBE HEALTH,Dar es Salaam,Ilala,Health Laboratory,-6.83581,39.20498,7275,High
121088-9,REHMTULLA,Dar es Salaam,Ilala,Clinic,-6.81889,39.28257,20,Very Low
109874-8,ECLA,Dar es Salaam,Ilala,Health Laboratory,-6.84041,39.24406,2942,Low
122718-0,EYE SEE,Dar es Salaam,Ilala,Optical Facility,-6.82187,39.27838,1280,Very Low
101201-2,GEREZANI,Dar es Salaam,Ilala,Dispensary,-6.8241,39.2762,4207,Moderate
111902-3,ADRIKALO,Dar es Salaam,Ilala,Clinic,-6.80516,39.27842,619,Very Low
100039-7,AFYA CARE CHARITABLE,Dar es Salaam,Ilala,Dispensary,-6.827736,39.19782,5235,Moderate
100156-9,ARAFA MAJUMBA SITA,Dar es Salaam,Ilala,Health Center,-6.86596,39.19964,3115,Low
104846-1,MUZDALFAH KIWALANI,Dar es Salaam,Ilala,Dispensary,-6.8665,39.22664,3630,Low
101058-6,EDEN MEDICAL CHARITABLE,Dar es Salaam,Ilala,Clinic,-6.81613,39.28896,1251,Very Low
112630-9,REVIVE,Dar es Salaam,Ilala,Physiotherapy Clinic,-6.81061,39.29507,1042,Very Low
124165-2,K4 HEALTHCARE,Dar es Salaam,Ilala,Dispensary,-7.00851,39.07081,14138,Very High
105314-9,ICS CHARITABLE MOTHER CARE,Dar es Salaam,Ilala,Dispensary,-6.90181,39.17016,7875,High
120417-1,AGA KHAN,Dar es Salaam,Ilala,Clinic,-6.93022,39.21839,17366,Very High
100047-0,AGA KHAN,Dar es Salaam,Ilala,Hospital,-6.84264,39.18546,1579,Very Low
112648-1,PEACE EYE,Dar es Salaam,Ilala,Clinic,-6.81719,39.27388,1426,Very Low
100075-1,AL HILAL CHARITABLE,Dar es Salaam,Ilala,Clinic,-6.81897,39.28139,564,Very Low
112730-7,INTERNATIONAL OPTICA,Dar es Salaam,Ilala,Clinic,-6.822162,39.283657,840,Very Low
114278-5,THE SON OF MERCY,Dar es Salaam,Ilala,Health Laboratory,-6.966344,39.094555,9897,Very High
124127-2,MAGNETIC,Dar es Salaam,Ilala,Dispensary,-7.00637,39.19681,22238,Very High
123526-6,S.SAMARITAN,Dar es Salaam,Ilala,Health Laboratory,-6.84124,39.21627,4874,Moderate
123860-9,ASTRON,Dar es Salaam,Ilala,Health Laboratory,-6.82755,39.22171,6207,High
123832-8,PARIS RCH  PUGU-MAJOHE,Dar es Salaam,Ilala,Maternity and Nursing Home,-6.90027,39.13897,4177,Moderate
122062-3,KASI,Dar es Salaam,Ilala,Health Laboratory,-6.84189,39.21153,4061,Moderate
102978-4,KINYEREZI,Dar es Salaam,Ilala,Health Center,-6.84327,39.15962,5151,Moderate
112710-9,DAR AL SHIFA,Dar es Salaam,Ilala,Clinic,-6.80268,39.28577,1618,Very Low
113288-5,ISIMILA,Dar es Salaam,Ilala,Dispensary,-6.82116,39.26942,3783,Low
122894-9,MASAWI,Dar es Salaam,Ilala,Clinic,-6.84371,39.17186,2761,Low
123499-6,EMILAS GONGOLAMBOTO,Dar es Salaam,Ilala,Dispensary,-6.88391,39.16314,4559,Moderate
111443-8,MUZDALFAH CHARTABLE KIMANGA,Dar es Salaam,Ilala,Dispensary,-6.82656,39.20545,5860,Moderate
111377-8,ARAFA VIDA,Dar es Salaam,Ilala,Dispensary,-6.90683,39.14307,4819,Moderate
124130-6,ILALA AFYA,Dar es Salaam,Ilala,Clinic,-6.82755,39.26039,639,Very Low
112798-4,MANZI OPTICAL CARE,Dar es Salaam,Ilala,Clinic,-6.82769,39.25979,477,Very Low
105291-9,MONGO LA NDEGE,Dar es Salaam,Ilala,Dispensary,-6.867111,39.162221,7877,High
102332-4,KANISA LA MUNGU (KLM),Dar es Salaam,Ilala,Dispensary,-6.8213800000000004,39.21319,4882,Moderate
103698-7,LUKUWI,Dar es Salaam,Ilala,Dispensary,-7.00304,39.07803,8651,High
108435-9,SOKONI,Dar es Salaam,Ilala,Clinic,-6.81982,39.27573,268,Very Low
114330-4,RASHID,Dar es Salaam,Ilala,Health Laboratory,-6.88216,39.16014,929,Very Low
112408-0,ST. BRIGITA,Dar es Salaam,Ilala,Dispensary,-6.87926,39.15722,5967,High
100210-4,BANK OF TANZANIA,Dar es Salaam,Ilala,Clinic,-6.81464,39.29298,1380,Very Low
121180-4,ARISE,Dar es Salaam,Ilala,Clinic,-6.82187,39.27838,1280,Very Low
123870-8,WADOWE MEDICAL,Dar es Salaam,Ilala,Health Laboratory,-6.84712,39.16029,5205,Moderate
111652-4,KOMBOLE,Dar es Salaam,Ilala,Dispensary,-6.86804,39.19021,8021,High
121764-5,MASS,Dar es Salaam,Ilala,Dispensary,-6.86725,39.22359,3315,Low
111618-5,COMMUNITY EYE AND VISION CENTRE,Dar es Salaam,Ilala,Clinic,-6.88291,39.15532,1071,Very Low
123199-2,DAR HEALTH CORNER,Dar es Salaam,Ilala,Clinic,-6.79868,39.28419,1421,Very Low
100032-2,HEALTH HOME CHARITABLE,Dar es Salaam,Ilala,Dispensary,-6.81768,39.2766,575,Very Low
108487-0,GONGO LA MBOTO,Dar es Salaam,Ilala,Dispensary,-6.886351,39.158565,4684,Moderate
110763-0,SMILE,Dar es Salaam,Ilala,Clinic,-6.816679,39.284615,213,Very Low
122902-0,AFYA JAMII MSONGOLA,Dar es Salaam,Ilala,Dispensary,-6.97879,39.18595,12548,Very High
112672-1,JAM,Dar es Salaam,Ilala,Clinic,-6.93579,39.13684,7916,High
112147-4,EYE EMPORIUM LIMITED,Dar es Salaam,Ilala,Clinic,-6.81693,39.285824,237,Very Low
123221-4,MZAMBARAUNI,Dar es Salaam,Ilala,Maternity Home,-6.93147,39.12939,1874,Very Low
111648-2,MSIMBAZI EYE CENTRE LTD,Dar es Salaam,Ilala,Clinic,-6.81557,39.27672,519,Very Low
100738-4,CHANIKA,Dar es Salaam,Ilala,Health Center,-6.98047,39.09212,10080,Very High
123731-2,MSS,Dar es Salaam,Ilala,Dispensary,-7.00284,39.16054,5863,High
122918-6,SHIRA,Dar es Salaam,Ilala,Dispensary,-7.03483,39.09923,10967,Very High
108265-0,VINGUNGUTI,Dar es Salaam,Ilala,Dispensary,-6.84832,39.22546,6758,High
112636-6,REGENCY,Dar es Salaam,Ilala,Clinic,-6.815688,39.283424,91,Very Low
121827-0,BOMBAMBILI,Dar es Salaam,Ilala,Dispensary,-4.3399,31.8234,252,Very Low
122339-5,CASTE,Dar es Salaam,Ilala,Clinic,-6.8799,39.16208,2747,Low
110670-7,ARAFA MAJOHE,Dar es Salaam,Ilala,Dispensary,-6.90007,39.15723,8623,High
124324-5,S-PEAK,Dar es Salaam,Ilala,Health Laboratory,-6.81581,39.28388,148,Very Low
107699-1,TABATA NBC,Dar es Salaam,Ilala,Dispensary,-6.83634,39.2126,3014,Low
123476-4,MYRICA,Dar es Salaam,Ilala,Dispensary,-6.83336,39.21904,8961,High
105470-9,MSIMBAZI MISSION,Dar es Salaam,Ilala,Dispensary,-6.82422,39.25616,6276,High
123937-5,KIND HEART AFRICA,Dar es Salaam,Ilala,Dispensary,-6.81567,39.27836,541,Very Low
111908-0,AMANI SEIF MEMORIAL,Dar es Salaam,Ilala,Dispensary,-7.033906,39.070953,6567,High
123173-7,ARAFA AIRPORT,Dar es Salaam,Ilala,Dispensary,-6.85836,39.20401,12791,Very High
110841-4,909 Dental Centre,Dar es Salaam,Ilala,Clinic,-6.809073,39.27917,1496,Very Low
110667-3,AIRPORT TANZANIA,Dar es Salaam,Ilala,Dispensary,-6.862977,39.206299,5006,Moderate
104858-6,MICO Nightingale,Dar es Salaam,Ilala,Dispensary,-6.84353,39.19211,2254,Low
112113-6,SMILE,Dar es Salaam,Ilala,Clinic,-6.81565,39.28711,573,Very Low
111435-4,ALFA,Dar es Salaam,Ilala,Clinic,-6.79789,39.27839,233,Very Low
103216-8,KIVULE,Dar es Salaam,Ilala,Dispensary,-6.937589,39.176327,10788,Very High
108402-9,Zainabya,Dar es Salaam,Ilala,Clinic,-6.81571,39.27314,1817,Very Low
111124-4,KMKGM-KIKOSI MAALUMU CHA KUTULIZA GHASIA MAGEREZANI,Dar es Salaam,Ilala,Dispensary,-6.88772,39.17752,9815,Very High
110576-6,Arafa Bangulo,Dar es Salaam,Ilala,Dispensary,-6.883416,39.158732,1275,Very Low
113466-7,HOLISTIC,Dar es Salaam,Ilala,Health Laboratory,-6.89951,39.16785,11378,Very High
112599-6,DAIFU,Dar es Salaam,Ilala,Clinic,-6.82098,39.27885,577,Very Low
100124-7,ANANDA MARGA,Dar es Salaam,Ilala,Dispensary,-6.928634,39.128981,6953,High
112152-4,MUHUMULIZA HEALTHCARE,Dar es Salaam,Ilala,Clinic,-6.86171,39.1427,8821,High
124432-6,JBK HEALTH,Dar es Salaam,Ilala,Health Laboratory,-6.91324,39.20586,9753,Very High
112642-4,MSIMBAZI EYES,Dar es Salaam,Ilala,Clinic,-6.815577,39.276726,288,Very Low
110568-3,SEGEREA MAGEREZA,Dar es Salaam,Ilala,Dispensary,-6.839195,39.179858,4816,Moderate
111910-6,LAVIE,Dar es Salaam,Ilala,Clinic,-6.84265,39.18543,927,Very Low
113443-6,AIRPORT M6,Dar es Salaam,Ilala,Health Laboratory,-6.85836,39.20401,12791,Very High
122564-8,ST. RYAN,Dar es Salaam,Ilala,Clinic,-6.86207,39.22265,5511,Moderate
107080-4,REHEMTULLA,Dar es Salaam,Ilala,Dispensary,-6.81886,39.282470000000004,196,Very Low
100677-4,CARDINAL RUGAMBWA,Dar es Salaam,Ilala,Hospital,-6.87609,39.17561,4766,Moderate
111836-3,JAKAYA KIKWETE CARDIAC INSTITUTE,Dar es Salaam,Ilala,Hospital,-6.80378,39.27423,460,Very Low
113506-0,LUKUWI,Dar es Salaam,Ilala,Health Laboratory,-7.00304,39.07803,8651,High
104109-4,MAKOKA RC,Dar es Salaam,Ilala,Dispensary,-6.81688,39.17981,9022,High
123220-6,SAKULI,Dar es Salaam,Ilala,Maternity and Nursing Home,-6.82561,39.21331,2268,Low
111791-0,Arafa Anne,Dar es Salaam,Ilala,Dispensary,-6.84382,39.21831,8891,High
110558-4,HITECH SAI,Dar es Salaam,Ilala,Hospital,-6.79757,39.27784,1182,Very Low
123528-2,K'SAMLI HEALTH,Dar es Salaam,Ilala,Health Laboratory,-6.86241,39.23201,4343,Moderate
113424-6,GONGO LA MBOTO,Dar es Salaam,Ilala,Health Laboratory,-6.93143,39.12938,515,Very Low
122575-4,LUGULI,Dar es Salaam,Ilala,Dispensary,-6.83943,39.24011,2367,Low
100163-5,ARAFA NEEMA,Dar es Salaam,Ilala,Dispensary,-6.91551,39.12282,11401,Very High
122955-8,ROYAL,Dar es Salaam,Ilala,Dispensary,-6.99007,39.15786,3140,Low
122081-3,MSHINDO JUNIOR,Dar es Salaam,Ilala,Health Laboratory,-6.86417,39.15982,9738,Very High
112729-9,DAR ES SALAAM OPTICAL COMPANY LTD,Dar es Salaam,Ilala,Clinic,-6.81802,39.28495,562,Very Low
121860-1,LEMY,Dar es Salaam,Ilala,Dispensary,-6.92387,39.20518,13677,Very High
111646-6,GLORY VINGUNGUTI,Dar es Salaam,Ilala,Dispensary,-6.847113,39.226715,4721,Moderate
108418-5,ZINGIZIWA,Dar es Salaam,Ilala,Health Center,-7.04637,39.09011,9546,Very High
111658-1,Arafa Kisukuru,Dar es Salaam,Ilala,Dispensary,-6.826768,39.179626,13960,Very High
123743-7,TALYIAH,Dar es Salaam,Ilala,Dispensary,-6.84341,39.23072,10334,Very High
111664-9,EDNEY,Dar es Salaam,Ilala,Dispensary,-6.872798,39.14114,14578,Very High
123871-6,CHARITY,Dar es Salaam,Ilala,Health Laboratory,-6.84075,39.21105,4154,Moderate
122574-7,MEDZONE,Dar es Salaam,Ilala,Dispensary,-7.02348,39.05778,5505,Moderate
107762-7,TANZANIA BREWERIES,Dar es Salaam,Ilala,Dispensary,-6.8234,39.26735,1221,Very Low
112780-2,UPANGA EYE CENTRE (T) LIMITED,Dar es Salaam,Ilala,Clinic,-6.80591,39.27467,718,Very Low
113508-6,MEDICAL  MCHIKICHINI TRADER,Dar es Salaam,Ilala,Health Laboratory,-6.84942,39.25011,4012,Moderate
111656-5,Mebu,Dar es Salaam,Ilala,Dispensary,-6.91595,39.18874,12124,Very High
103220-0,KIWALANI,Dar es Salaam,Ilala,Health Center,-6.85939,39.22733,4593,Moderate
122680-2,HP,Dar es Salaam,Ilala,Health Laboratory,-6.91325,39.15707,21164,Very High
100026-4,APOSTLES OF JESUS NJIA,Dar es Salaam,Ilala,Health Center,-6.83799,39.19058,7556,High
110843-0,Madona,Dar es Salaam,Ilala,Health Center,-6.827267,39.232483,4285,Moderate
112764-6,UPANGA,Dar es Salaam,Ilala,Clinic,-6.80591,39.27467,718,Very Low
105495-6,MSONGOLA,Dar es Salaam,Ilala,Dispensary,-6.97425,39.17908,13516,Very High
101031-3,DSB,Dar es Salaam,Ilala,Clinic,-6.80603,39.27738,479,Very Low
107076-2,REGENCY MEDICAL CENTRE,Dar es Salaam,Ilala,Hospital,-6.81292,39.27939,584,Very Low
112633-3,ARAFA SAMEER,Dar es Salaam,Ilala,Dispensary,-6.856517,39.239522,8057,High
112112-8,Mama Anitha,Dar es Salaam,Ilala,Dispensary,-6.875536,39.149025,13353,Very High
122668-7,SISA CARE,Dar es Salaam,Ilala,Health Laboratory,-6.98069,39.09328,1711,Very Low
124443-3,MEDSCAN,Dar es Salaam,Ilala,Health Laboratory,-6.79786,39.27847,908,Very Low
103018-8,Kipunguni Relini,Dar es Salaam,Ilala,Dispensary,-6.89211,39.18789,9038,Very High
100961-2,DECENT,Dar es Salaam,Ilala,Clinic,-6.86469,39.18636,10451,Very High
111391-9,BMK,Dar es Salaam,Ilala,Clinic,-6.83697,39.24564,811,Very Low
105651-4,MUHIMBILI,Dar es Salaam,Ilala,Hospital,-6.801501,39.274157,647,Very Low
107572-0,ST. BENEDICT,Dar es Salaam,Ilala,Health Center,-6.90348,39.19098,10959,Very High
120571-5,ADMO,Dar es Salaam,Ilala,Clinic,-6.81724,39.26523,6058,High
123523-3,UFIPA 02,Dar es Salaam,Ilala,Health Laboratory,-7.00538,39.07902,11773,Very High
112773-7,FPCT CITY CENTRE OPTOMETRY,Dar es Salaam,Ilala,Clinic,-6.816162,39.280655,606,Very Low
100282-3,BAKWATA CHANG'OMBE,Dar es Salaam,Ilala,Dispensary,-6.91818,39.18647,14057,Very High
108530-7,BAHARI GONGO LA MBOTO,Dar es Salaam,Ilala,Dispensary,-6.88091,39.15963,1075,Very Low
123502-7,HANIM,Dar es Salaam,Ilala,Dispensary,-6.94107,39.20132,34124,Very High
111909-8,TANZANIA SIGHT GIFT CENTRE,Dar es Salaam,Ilala,Clinic,-6.82871,39.25683,669,Very Low
105461-8,MSIA,Songwe,Ileje,Dispensary,-9.426723,33.080619,3116,Low
114440-1,IBEZYA,Songwe,Ileje,Dispensary,-9.40166,33.18849,968,Very Low
100812-7,CHILEMBA,Songwe,Ileje,Dispensary,-9.58912,33.52857,484,Very Low
100807-7,CHIKUMBULU,Songwe,Ileje,Dispensary,-9.4488,33.5328,1043,Very Low
121098-8,MICO ITUMBA,Songwe,Ileje,Dispensary,-9.40871,33.18288,2639,Low
102007-2,ITUMBA,Songwe,Ileje,Hospital,-9.40125,33.18812,969,Very Low
107422-8,SHINJI,Songwe,Ileje,Dispensary,-9.357759,32.924975,2453,Low
100691-5,CHABU,Songwe,Ileje,Dispensary,-9.486637,33.26855,2027,Very Low
104107-8,MAKOGA,Songwe,Ileje,Dispensary,-9.335446,33.515982,2632,Low
101906-6,ISHENTA,Songwe,Ileje,Dispensary,-9.353532,33.223252,3311,Low
103762-1,LUSWISI,Songwe,Ileje,Dispensary,-9.344322,33.52254,2646,Low
111767-0,YENZEBWE,Songwe,Ileje,Dispensary,-9.24441,33.13481,3818,Low
103608-6,LUBANDA,Songwe,Ileje,Health Center,-9.359729,33.498176,4095,Moderate
106433-6,NGULILO,Songwe,Ileje,Dispensary,-9.244731,33.441355,2163,Low
111758-9,ILANGA,Songwe,Ileje,Dispensary,-9.32118,33.08541,1314,Very Low
111762-1,CHEMBE,Songwe,Ileje,Dispensary,-9.58467,33.49394,921,Very Low
113861-9,ITALE,Songwe,Ileje,Health Center,-9.28163,33.32834,3812,Low
100660-0,BWIPA,Songwe,Ileje,Dispensary,-9.498087,33.577101,2731,Low
101927-2,ISONGOLE,Songwe,Ileje,Dispensary,-9.473844,33.177189,2048,Very Low
102361-3,KAPELEKESI,Songwe,Ileje,Dispensary,-9.528385,33.489666,3897,Moderate
104164-9,MALANGALI,Songwe,Ileje,Dispensary,-9.549291,33.460461,2225,Low
106436-9,NGULUGULU,Songwe,Ileje,Dispensary,-9.409457,33.546672,2185,Low
102235-9,KALEMBO,Songwe,Ileje,Dispensary,-9.487144,33.448977,2001,Very Low
101682-3,IKUMBILO,Songwe,Ileje,Dispensary,-9.393438,33.043627,4739,Moderate
111750-6,RUNGWA,Songwe,Ileje,Dispensary,-9.4107,33.188183,2376,Low
101724-3,ILEJE,Songwe,Ileje,Dispensary,-9.45267,33.183297,2047,Very Low
122948-3,KABALE,Songwe,Ileje,Dispensary,-9.47768,33.43602,1607,Very Low
100003-3,Bupigu,Songwe,Ileje,Dispensary,-9.50139,33.3476,1608,Very Low
101959-5,ITALE,Songwe,Ileje,Dispensary,-9.251551,33.296749,3818,Low
105175-4,MLALE,Songwe,Ileje,Dispensary,-9.344737,33.144095,3416,Low
111568-2,MAKA,Songwe,Ileje,Dispensary,-9.4776,33.1816,5023,Moderate
107285-9,SANGE,Songwe,Ileje,Dispensary,-9.405735,33.506335,3276,Low
111763-9,IKINGA,Songwe,Ileje,Dispensary,-9.47382,33.66896,457,Very Low
102362-1,KAPETA,Songwe,Ileje,Dispensary,-9.473826,33.668962,232,Very Low
101429-9,IBABA,Songwe,Ileje,Health Center,-9.395161,33.372384,3301,Low
104584-8,MBEBE,Songwe,Ileje,Dispensary,-9.324298,32.959673,6504,High
111757-1,MTIMA,Songwe,Ileje,Dispensary,-9.22231,32.58591,877,Very Low
111765-4,IGOJE,Songwe,Ileje,Dispensary,-9.52661,33.42639,2557,Low
101922-3,ISOKO,Songwe,Ileje,Hospital,-9.48081,33.50019,2934,Low
112251-4,NDOLA,Songwe,Ileje,Health Center,-9.31951,33.24302,3101,Low
107407-9,SHEYO,Songwe,Ileje,Dispensary,-9.34046,33.363436,2156,Low
123508-4,LUSALALA,Songwe,Ileje,Dispensary,-9.29474,33.35343,2086,Very Low
111766-2,SHIRINGA,Songwe,Ileje,Dispensary,-9.18441,33.26351,283,Very Low
111759-7,IZUBA,Songwe,Ileje,Dispensary,-9.46309,33.12214,2514,Low
100528-9,BULANGA,Songwe,Ileje,Dispensary,-9.589163,33.470914,1277,Very Low
103935-3,MAGEREZA,Songwe,Ileje,Dispensary,-9.43081,33.19126,1903,Very Low
109818-5,MABULA,Songwe,Ileje,Dispensary,-9.48409,33.41323,1987,Very Low
114477-3,KANANA,Mwanza,Ilemela,Health Center,-2.47861,32.9386,16779,Very High
112249-8,KITANGIRI,Mwanza,Ilemela,Dispensary,-2.500144,32.896786,3601,Low
120447-8,THE NEW MWANZA,Mwanza,Ilemela,Clinic,-2.483833,32.907558,975,Very Low
114435-1,D&J,Mwanza,Ilemela,Health Laboratory,-2.49927,32.90552,2670,Low
102120-3,K.K.K.T. IMANI,Mwanza,Ilemela,Dispensary,-2.50375,32.90213,974,Very Low
113375-0,NYAMBITI,Mwanza,Ilemela,Health Laboratory,-2.525761,32.929376,5518,Moderate
113325-5,MWANGAZA,Mwanza,Ilemela,Health Laboratory,-2.50283,32.89583,420,Very Low
121352-9,Mamecheck,Mwanza,Ilemela,Health Laboratory,-2.27021,32.372,NA,NA
102864-6,KILOLELI CHAMWENDA,Mwanza,Ilemela,Dispensary,-2.500995,32.924038,1459,Very Low
123310-5,LUMALA MEDICAL,Mwanza,Ilemela,Health Laboratory,-2.64484,32.93147,9985,Very High
102180-7,KAHAMA,Mwanza,Ilemela,Dispensary,-2.4935,32.990407,14922,Very High
121858-5,M&J,Mwanza,Ilemela,Health Laboratory,-2.53746,32.94765,3344,Low
121202-6,Double D,Mwanza,Ilemela,Health Laboratory,-2.53726,32.94693,6606,High
124158-7,LEE HEALTH,Mwanza,Ilemela,Health Laboratory,-2.50454,32.92486,1187,Very Low
113775-1,FARAJA,Mwanza,Ilemela,Dispensary,-2.5329,32.9458,1154,Very Low
113674-6,ROCK CITY,Mwanza,Ilemela,Health Laboratory,-2.502254,32.901292,712,Very Low
114366-8,DOUBLE B,Mwanza,Ilemela,Health Laboratory,-2.53726,32.94693,6606,High
121103-6,MASATU,Mwanza,Ilemela,Health Laboratory,-2.50169,32.89304,10751,Very High
114362-7,MSUMBIJI,Mwanza,Ilemela,Health Laboratory,-2.50484,32.93147,7025,High
121612-6,TRUST HEALTH LABORATORY,Mwanza,Ilemela,Health Laboratory,-2.52272,32.94224,6577,High
108247-8,VICTORIA - KILIMAHEWA,Mwanza,Ilemela,Dispensary,-2.49562,32.91525,2712,Low
123853-4,HIRAM,Mwanza,Ilemela,Health Laboratory,-2.49398,33.91264,7022,High
113321-4,AGAPE,Mwanza,Ilemela,Health Laboratory,-2.49175,32.49175,3724,Low
106980-6,PASIANSI,Mwanza,Ilemela,Dispensary,-2.47417,32.90971,1525,Very Low
113328-9,KASHIMBA,Mwanza,Ilemela,Health Laboratory,-2.532311,32.9397,1337,Very Low
121370-1,DESTINY,Mwanza,Ilemela,Clinic,-2.49188,32.92209,5380,Moderate
113326-3,B.M.A,Mwanza,Ilemela,Health Laboratory,-2.532512,32.947494,792,Very Low
121368-5,Bi Maria,Mwanza,Ilemela,Health Laboratory,-2.45857,32.91378,3849,Low
113366-9,MSUKUMA,Mwanza,Ilemela,Health Laboratory,-2.51405,32.93786,8005,High
114431-0,KAYANDA,Mwanza,Ilemela,Health Laboratory,-2.47277,32.91173,2670,Low
115237-0,MASEMELE,Mwanza,Ilemela,Dispensary,-2.47792,33.0148,7811,High
101733-4,ILEMELA,Mwanza,Ilemela,Dispensary,-2.454606,32.912918,13067,Very High
121201-8,STAR HEALTH CARE,Mwanza,Ilemela,Health Laboratory,-2.53218,32.94603,636,Very Low
106846-9,NYERERE,Mwanza,Ilemela,Dispensary,-2.516867,32.972258,9467,Very High
114712-3,Huruma,Mwanza,Ilemela,Dispensary,-2.53535,33.0071,7982,High
114648-9,KANANA,Mwanza,Ilemela,Health Laboratory,-2.50215,32.91374,3609,Low
120388-4,VICTORIA,Mwanza,Ilemela,Clinic,-2.50629,32.92209,5177,Moderate
124142-1,ST.COLIN,Mwanza,Ilemela,Clinic,-2.32551,32.35621,1914,Very Low
102148-4,KABUSUNGU,Mwanza,Ilemela,Dispensary,-2.43143,33.0199,4551,Moderate
113389-1,ST.RITHA,Mwanza,Ilemela,Health Laboratory,-2.49218,32.89773,4977,Moderate
123465-7,AMAN,Mwanza,Ilemela,Health Laboratory,-2.90484,33.76147,2115,Very Low
113388-3,NYASAKA,Mwanza,Ilemela,Health Laboratory,-2.53096,32.94149,550,Very Low
114368-4,O.T CLASSIC,Mwanza,Ilemela,Health Laboratory,-2.49028,32.89745,2401,Low
113777-7,KILOLELI,Mwanza,Ilemela,Clinic,-2.4951,32.92531,11155,Very High
113400-6,PATMO,Mwanza,Ilemela,Health Laboratory,-2.470535,32.916668,8677,High
112810-7,FAMILY,Mwanza,Ilemela,Dispensary,-2.47361,32.91075,481,Very Low
107761-9,TANZANIA BREWERIES,Mwanza,Ilemela,Dispensary,-2.47544,32.90367,7550,High
103270-5,KMT BUSWELU,Mwanza,Ilemela,Dispensary,-2.514875,32.973849,1295,Very Low
121207-5,Rocky City,Mwanza,Ilemela,Health Laboratory,-2.47277,32.91173,2670,Low
109425-9,MARIE STOPES,Mwanza,Ilemela,Dispensary,-2.49889,32.90364,661,Very Low
113319-8,CHARITY,Mwanza,Ilemela,Health Laboratory,-2.53867,32.95487,2723,Low
114423-7,MONAZ,Mwanza,Ilemela,Health Laboratory,-2.5031,32.89717,345,Very Low
121277-8,ZERUBABELI,Mwanza,Ilemela,Dispensary,-2.50425,32.89888,867,Very Low
120340-5,BISOU BAILEY  MEDICAL DISPENSARY,Mwanza,Ilemela,Dispensary,-2.51413,32.94876,16005,Very High
121270-3,WAYALLA CHARITABLE,Mwanza,Ilemela,Clinic,-2.54146,33.00622,3502,Low
113865-0,ILEMELA,Mwanza,Ilemela,Hospital,-2.42775,33.00954,7552,High
114364-3,JIM,Mwanza,Ilemela,Health Laboratory,-2.53159,32.94845,2603,Low
114429-4,BRIGHTON,Mwanza,Ilemela,Health Laboratory,-2.50483,32.9314,1077,Very Low
113327-1,SIMAMA,Mwanza,Ilemela,Health Laboratory,-2.49093,32.89823,837,Very Low
100661-8,BWIRU BOYS,Mwanza,Ilemela,Dispensary,-2.47264,32.88819,9337,Very High
113333-9,AMEN,Mwanza,Ilemela,Health Laboratory,-2.53197,32.94011,839,Very Low
101551-0,IGOGWE,Mwanza,Ilemela,Dispensary,-2.46514,32.99636,12406,Very High
104716-6,MEDICAL RESEARCH (NIMR),Mwanza,Ilemela,Health Center,-2.48916,32.8975,7569,High
121200-0,FK,Mwanza,Ilemela,Health Laboratory,-2.45702,32.91243,1249,Very Low
121271-1,ONANA,Mwanza,Ilemela,Dispensary,-2.52757,32.94416,4897,Moderate
123418-6,MIHAMA,Mwanza,Ilemela,Dispensary,-2.48166,32.88441,12981,Very High
102388-6,KARUME,Mwanza,Ilemela,Health Center,-2.39726,32.9665,17761,Very High
103048-5,KIRUMBA,Mwanza,Ilemela,Dispensary,-2.503236,32.895697,263,Very Low
121204-2,AFYA KWANZA,Mwanza,Ilemela,Health Laboratory,-2.50484,32.93147,7025,High
109227-9,MWANZA MILITARY,Mwanza,Ilemela,Hospital,-2.45584,32.93377,2880,Low
113343-8,NURU,Mwanza,Ilemela,Health Laboratory,-2.51671,32.97302,258,Very Low
111911-4,BUGANDA,Mwanza,Ilemela,Dispensary,-2.420739,32.92965,8315,High
114082-1,ADONAI,Mwanza,Ilemela,Dispensary,-2.50454,32.92468,362,Very Low
123483-0,JUA,Mwanza,Ilemela,Dispensary,-2.09377,32.09875,369,Very Low
113387-5,GOLDEN,Mwanza,Ilemela,Health Laboratory,-2.504447,32.930745,1167,Very Low
114524-2,MAISHA,Mwanza,Ilemela,Dispensary,-2.49184,32.9056,1490,Very Low
113322-2,MZALENDO,Mwanza,Ilemela,Health Laboratory,-2.23308,33.04545,391,Very Low
114085-4,ROYAL,Mwanza,Ilemela,Hospital,-2.49126,32.90256,2467,Low
106754-5,NYAMWILOLELWA,Mwanza,Ilemela,Dispensary,-2.43587,32.9519,14123,Very High
111327-3,GRAMBAH,Mwanza,Ilemela,Health Center,-2.491733,32.91562,4660,Moderate
113347-9,UPENDO,Mwanza,Ilemela,Health Laboratory,-2.50484,32.93147,7025,High
115235-4,NYAMADOKE,Mwanza,Ilemela,Dispensary,-2.51586,33.0035,12587,Very High
113379-2,JIJUE,Mwanza,Ilemela,Health Laboratory,-2.51381,32.97446,10049,Very High
113346-1,UPENDO,Mwanza,Ilemela,Health Laboratory,-2.30847,32.58409,0,Very Low
120384-3,NDIHO,Mwanza,Ilemela,Dispensary,-2.49816,32.91074,1668,Very Low
112226-6,NAZARET PRINMAT,Mwanza,Ilemela,Maternity Home,-2.23456,32.29345,0,Very Low
107339-4,PASIANSI SDA,Mwanza,Ilemela,Hospital,-2.47862,32.91086,2609,Low
101397-8,HUDUMA - KILIMAHEWA,Mwanza,Ilemela,Health Center,-2.49294,32.91076,1188,Very Low
100642-8,BUZURUGA,Mwanza,Ilemela,Health Center,-2.53226,32.940665,1273,Very Low
121067-3,DAVIDSON,Mwanza,Ilemela,Health Laboratory,-2.51553,32.93914,4515,Moderate
114647-1,EBENEZER,Mwanza,Ilemela,Health Laboratory,-2.45864,32.9129,1211,Very Low
110963-6,NYAKATO,Mwanza,Ilemela,Dispensary,-2.538399,32.957542,1134,Very Low
124428-4,PACO,Mwanza,Ilemela,Health Laboratory,-2.48512,32.92128,11138,Very High
106816-2,NYASAKA,Mwanza,Ilemela,Dispensary,-2.53096,32.94143,1318,Very Low
120904-8,ZILLION,Mwanza,Ilemela,Clinic,-2.49238,32.90435,797,Very Low
114645-5,HEKIMA,Mwanza,Ilemela,Health Laboratory,-2.48721,32.9078,3247,Low
113320-6,KABANGA,Mwanza,Ilemela,Health Laboratory,-2.50415,32.89577,1429,Very Low
124413-6,TUMAIN,Mwanza,Ilemela,Health Laboratory,-2.39166,33.07996,7637,High
121105-1,JUMKI,Mwanza,Ilemela,Health Laboratory,-2.53186,32.94361,1406,Very Low
103662-3,LUHANGA,Mwanza,Ilemela,Dispensary,-2.47577,32.9361,4032,Moderate
120959-2,KAYENZE,Mwanza,Ilemela,Health Center,-2.39261,33.06739,7261,High
114538-2,HOPE,Mwanza,Ilemela,Clinic,-2.49703,32.9031,351,Very Low
123727-0,MIRAVIL,Mwanza,Ilemela,Clinic,-2.33087,32.65432,71,Very Low
113308-1,DOMINION,Mwanza,Ilemela,Health Laboratory,-2.53606,32.95841,2035,Very Low
101048-7,ELCT-ELVD NYAKATO,Mwanza,Ilemela,Health Center,-2.53624,32.96202,6156,High
113307-3,ALPHA,Mwanza,Ilemela,Health Laboratory,-2.49398,32.91263,1134,Very Low
113390-9,AMANI,Mwanza,Ilemela,Health Laboratory,-2.48335,32.90711,2382,Low
121102-8,SAFINA,Mwanza,Ilemela,Health Laboratory,-2.53639,33.00894,2656,Low
113385-9,JC,Mwanza,Ilemela,Health Laboratory,-2.49221,32.91003,2212,Low
114598-6,HONORAL,Mwanza,Ilemela,Dispensary,-2.50396,32.93099,8692,High
112108-6,NAZARETH PRINMAT,Mwanza,Ilemela,Nursing Home,-2.50155,32.91964,3883,Moderate
113354-5,NAD,Mwanza,Ilemela,Health Laboratory,-2.480306,32.910222,3375,Low
114644-8,GREEN VIEW,Mwanza,Ilemela,Health Laboratory,-2.49596,32.9059,1712,Very Low
110964-4,PRINMAT PEJA,Mwanza,Ilemela,Maternity Home,-2.51709,32.974,9621,Very High
122251-2,Mwaomi,Mwanza,Ilemela,Health Laboratory,-2.51697,32.95528,13188,Very High
110965-1,CADA,Mwanza,Ilemela,Dispensary,-2.53328,32.93671,7117,High
102465-2,Mwanza,Mwanza,Ilemela,Clinic,-2.48382,32.90755,182,Very Low
112107-8,GHANA FAMILY,Mwanza,Ilemela,Clinic,-2.4956,32.90442,737,Very Low
105948-4,Mwanza,Mwanza,Ilemela,Dispensary,-2.53262,32.95075,5653,Moderate
121053-3,JADE,Mwanza,Ilemela,Health Laboratory,-2.52231,32.93392,5746,Moderate
121155-6,BIRUTA,Mwanza,Ilemela,Health Laboratory,-2.53658,32.95774,1256,Very Low
120654-9,KATEMBE,Mwanza,Ilemela,Health Laboratory,-2.49849,32.91116,1085,Very Low
114077-1,ST ELIZABETH,Mwanza,Ilemela,Maternity and Nursing Home,-2.31565,32.58568,0,Very Low
122164-7,FAMILY,Mwanza,Ilemela,Health Laboratory,-2.4757,32.91079,1884,Very Low
102863-8,KILOLELI JUU,Mwanza,Ilemela,Health Center,-2.50098,32.92413,2212,Low
121161-4,Nyasota,Mwanza,Ilemela,Health Laboratory,-2.31315,32.57145,NA,NA
113353-7,NKAMBA,Mwanza,Ilemela,Health Laboratory,-2.49629,32.913823,1385,Very Low
124474-8,FARAJA,Mwanza,Ilemela,Health Laboratory,-2.48535,32.90585,4277,Moderate
114083-9,BUSWELU,Mwanza,Ilemela,Health Center,-2.49809,32.98018,18809,Very High
113399-0,SAFINA,Mwanza,Ilemela,Health Laboratory,-2.5363,33.00893,3189,Low
108898-8,LAJA,Mwanza,Ilemela,Dispensary,-2.476763,32.922325,11349,Very High
123722-1,JMD,Mwanza,Ilemela,Clinic,-2.50639,32.97108,18441,Very High
114387-4,LANCET,Mwanza,Ilemela,Health Laboratory,-2.49693,32.90305,1597,Very Low
123257-8,LOYAL,Mwanza,Ilemela,Health Laboratory,-2.34567,32.45674,5332,Moderate
112935-2,EYE PLUS MWANZA AT ROCKY CITY MALL,Mwanza,Ilemela,Clinic,-2.500567,32.901998,1130,Very Low
114470-8,AMANI,Mwanza,Ilemela,Maternity Home,-2.52967,32.96195,17322,Very High
106718-0,NYAMHONGOLO,Mwanza,Ilemela,Dispensary,-2.54506,33.00384,7041,High
114354-4,JRM,Mwanza,Ilemela,Health Laboratory,-2.47369,32.93527,9379,Very High
113329-7,MONA,Mwanza,Ilemela,Health Laboratory,-2.50309,32.89808,568,Very Low
121159-8,Ruhangas,Mwanza,Ilemela,Health Laboratory,-2.25707,32.306,679,Very Low
124160-3,OPTIMISM,Mwanza,Ilemela,Health Laboratory,-2.55576,35.90876,3268,Low
107276-8,SANGABUYE,Mwanza,Ilemela,Health Center,-2.38637,33.0446,8261,High
111324-0,NYANZA,Mwanza,Ilemela,Health Center,-2.472454,32.944561,11210,Very High
121715-7,CALOZA,Mwanza,Ilemela,Health Laboratory,-2.89065,36.34578,3065,Low
113305-7,KINAMPANDA,Singida,Iramba,Health Center,-4.39769,34.53289,3850,Low
121469-1,MAKUNDA,Singida,Iramba,Dispensary,-4.42865,34.47205,4694,Moderate
104788-5,MGONGO,Singida,Iramba,Health Center,-4.33131,34.15562,15097,Very High
102652-5,KIDARU,Singida,Iramba,Dispensary,-4.10851,34.48972,5520,Moderate
109721-1,KYENGEGE,Singida,Iramba,Health Center,-4.42865,34.47206,658,Very Low
103069-1,KISANA,Singida,Iramba,Dispensary,-4.25682,34.48208,7095,High
106584-6,NSONGA,Singida,Iramba,Dispensary,-4.7282400000000004,34.49448,4516,Moderate
102789-5,KIKONGE,Singida,Iramba,Dispensary,-4.6884,34.46339,4580,Moderate
102927-1,KINAMPANDA,Singida,Iramba,Dispensary,-4.39769,34.53299,1154,Very Low
103100-4,KISHARITA,Singida,Iramba,Dispensary,-4.34029,34.4601,3566,Low
122853-5,MGUNGIA,Singida,Iramba,Dispensary,-4.66305,34.53081,5696,Moderate
100998-4,DOROMONI,Singida,Iramba,Dispensary,-4.10201,34.32636,5662,Moderate
101849-8,KIOMBOI,Singida,Iramba,Hospital,-4.26035,34.36473,10115,Very High
122835-2,KINAMBEU,Singida,Iramba,Dispensary,-4.31523,33.34941,7025,High
122505-1,WEMBERE,Singida,Iramba,Dispensary,-4.31621,34.26981,1788,Very Low
104213-4,MAMPANTA,Singida,Iramba,Dispensary,-4.34786,34.3487,5358,Moderate
102928-9,KINAMPANDA TTC,Singida,Iramba,Dispensary,-4.39419,34.53345,2264,Low
105915-3,MWANDUIGEMBE,Singida,Iramba,Dispensary,-4.76979,34.40221,6943,High
108074-6,ULEMO,Singida,Iramba,Dispensary,-4.41143,34.3982,9695,Very High
107168-7,RURUMA,Singida,Iramba,Dispensary,-4.33549,34.4094,4348,Moderate
108179-3,USHORA MAGEREZA,Singida,Iramba,Dispensary,-4.67995,34.25393,6903,High
111567-4,KISIMBA,Singida,Iramba,Dispensary,-4.20222,34.3724,8844,High
105578-9,MTOA,Singida,Iramba,Dispensary,-4.48197,34.19463,12328,Very High
121467-5,MISUNA,Singida,Iramba,Dispensary,-4.65781,34.43215,8635,High
108048-0,UJUNGU,Singida,Iramba,Dispensary,-4.56622,34.10428,14620,Very High
102598-0,KIBIGIRI,Singida,Iramba,Dispensary,-4.37458,34.2522,2923,Low
105548-2,MTEKENTE,Singida,Iramba,Dispensary,-4.5494,34.2274,10456,Very High
107969-8,TYEME,Singida,Iramba,Dispensary,-4.45174,34.23207,6369,High
122692-7,NDURUMO,Singida,Iramba,Dispensary,-4.02188,34.50959,5707,Moderate
107403-8,SHELUI,Singida,Iramba,Health Center,-4.33752,34.19991,17570,Very High
108154-6,URUGHU,Singida,Iramba,Dispensary,-4.65236,34.18623,11587,Very High
104193-8,MALUGA,Singida,Iramba,Dispensary,-4.51454,34.51721,12604,Very High
108195-9,USURE,Singida,Iramba,Dispensary,-4.65572,34.388,7315,High
100401-9,BOMANI,Singida,Iramba,Dispensary,-4.27944,34.41082,9265,Very High
103121-0,KISIRIRI,Singida,Iramba,Dispensary,-4.11927,34.425875,845,Very Low
106616-6,NTWIKE,Singida,Iramba,Dispensary,-4.23345,34.2239,8240,High
123823-7,TUTU,Singida,Iramba,Dispensary,-4.29453,34.44533,2583,Low
102412-4,KASELYA,Singida,Iramba,Dispensary,-4.69654,34.50416,5574,Moderate
104976-6,MISIGIRI,Singida,Iramba,Dispensary,-4.39198,34.3434,7543,High
106277-7,NDULUNGU,Singida,Iramba,Dispensary,-4.80079,34.46069,8856,High
106228-0,NDAGO,Singida,Iramba,Health Center,-4.58138,34.3462,14825,Very High
108227-0,UWANZA,Singida,Iramba,Dispensary,-4.37815,34.49649,4655,Moderate
104591-3,MBELEKESE,Singida,Iramba,Dispensary,-4.65781,34.43215,8635,High
108470-6,KYENGEGE,Singida,Iramba,Dispensary,-4.42751,34.47553,4544,Moderate
103726-6,LUONO,Singida,Iramba,Dispensary,-4.05091,34.45327,4253,Moderate
123821-1,GALANGALA,Singida,Iramba,Dispensary,-4.31952,34.49651,3043,Low
108360-9,WEMBERE,Singida,Iramba,Dispensary,-4.30743,34.27385,1587,Very Low
103952-8,MAGEREZA BOMANI,Singida,Iramba,Dispensary,-4.28171,34.40587,7661,High
113126-7,ROYAL,Singida,Iramba,Health Laboratory,-4.60084,34.35549,7030,High
105187-9,MLANDALA,Singida,Iramba,Dispensary,-4.70774,34.12656,23573,Very High
122506-9,MASAGI,Singida,Iramba,Dispensary,-4.41298,34.25794,3663,Low
104944-4,MINGELA,Singida,Iramba,Dispensary,-4.187945,34.239101,3877,Moderate
113881-7,BELTRAMINO,Iringa,Iringa,Dispensary,-7.798,35.73843,5413,Moderate
123118-2,KINYALI,Iringa,Iringa,Dispensary,-7.13846,35.86236,732,Very Low
120776-0,MIGOLI GVT,Iringa,Iringa,Health Center,-7.18727,35.76286,843,Very Low
109155-2,MANGALALI,Iringa,Iringa,Dispensary,-7.76068,35.56675,4569,Moderate
109735-1,IKUNGWE,Iringa,Iringa,Dispensary,-8.18577,35.19242,2443,Low
104034-4,MAHUNINGA,Iringa,Iringa,Dispensary,-7.9283,35.06516,1675,Very Low
103013-9,KIPONZELO,Iringa,Iringa,Health Center,-7.9636,35.38355,3653,Low
101921-5,ISMANI,Iringa,Iringa,Health Center,-7.47632,35.80545,1901,Very Low
110978-4,MANGAWE,Iringa,Iringa,Dispensary,-7.40962,35.84229,1337,Very Low
101920-7,ISMANI LWANG'A,Iringa,Iringa,Dispensary,-7.48116,35.81673,1664,Very Low
104297-7,MAPERAMENGI,Iringa,Iringa,Dispensary,-7.09153,35.67124,1878,Very Low
107734-6,TANANGOZI,Iringa,Iringa,Dispensary,-7.95102,35.56516,8717,High
120775-2,KIHOROGOTA,Iringa,Iringa,Dispensary,-7.44623,35.82424,960,Very Low
109148-7,IBUMILA,Iringa,Iringa,Dispensary,-8.03834,35.54185,6069,High
109145-3,MAGOZI,Iringa,Iringa,Dispensary,-7.4696,35.47756,2662,Low
104760-4,MFYOME,Iringa,Iringa,Dispensary,-7.63397,35.61492,3831,Low
106345-2,NGANO,Iringa,Iringa,Dispensary,-7.46964,35.8681,1385,Very Low
103634-2,LUGANGA,Iringa,Iringa,Dispensary,-7.53044,35.48121,1880,Very Low
109146-1,KINYWANG'ANGA,Iringa,Iringa,Dispensary,-7.57854,37.73046,107,Very Low
107867-4,Tosamaganga,Iringa,Iringa,Hospital,-7.81133,35.60286,6848,High
108364-1,WERU,Iringa,Iringa,Dispensary,-7.84844,35.49339,5001,Moderate
102017-1,ITUNUNDU,Iringa,Iringa,Dispensary,-7.35669,35.49771,3352,Low
109152-9,MUWIMBI,Iringa,Iringa,Dispensary,-8.11245,35.43071,6103,High
109732-8,MIKONG'WI,Iringa,Iringa,Dispensary,-7.52871,35.85084,1867,Very Low
103997-3,MAGUNGA,Iringa,Iringa,Dispensary,-8.0608,35.31734,3188,Low
101505-6,IFUNDA RC,Iringa,Iringa,Health Center,-8.03627,35.47378,3342,Low
121019-4,JAMII AFYACARE,Iringa,Iringa,Clinic,-7.160389,35.769805,2774,Low
101579-1,IGULA,Iringa,Iringa,Dispensary,-7.42762,35.87829,1614,Very Low
109441-6,ITWAGA,Iringa,Iringa,Dispensary,-8.0635,35.63282,4292,Moderate
104764-6,MGAMA,Iringa,Iringa,Health Center,-8.02044,35.59259,6846,High
102734-1,KIHANGA,Iringa,Iringa,Dispensary,-7.93604,35.33587,4781,Moderate
103995-7,MAGULILWA,Iringa,Iringa,Dispensary,-7.96069,35.73967,7566,High
106873-3,NZIHI,Iringa,Iringa,Health Center,-7.72309,35.53152,4113,Moderate
102050-2,IZAZI,Iringa,Iringa,Dispensary,-7.21526,35.71203,1838,Very Low
107950-8,TUNGAMALENGA LUTHERAN,Iringa,Iringa,Dispensary,-7.83878,35.09666,2239,Low
103182-2,KITISI,Iringa,Iringa,Dispensary,-7.74745,35.12904,4282,Moderate
108489-6,ISELE,Iringa,Iringa,Dispensary,-7.36163,35.43133,1725,Very Low
108011-8,UDUMKA,Iringa,Iringa,Dispensary,-8.18316,35.53858,2849,Low
109142-0,MATEMBO,Iringa,Iringa,Dispensary,-7.57986,35.83928,1369,Very Low
123117-4,USOLANGA GVT,Iringa,Iringa,Dispensary,-7.33463,35.95238,2430,Low
106773-5,NYAN'GORO,Iringa,Iringa,Dispensary,-7.42443,35.80457,2394,Low
101529-6,IGANGIDUNG'U,Iringa,Iringa,Dispensary,-7.86967,35.40641,5176,Moderate
102593-1,KIBENA,Iringa,Iringa,Dispensary,-8.16792,35.39214,4163,Moderate
104814-9,MIBIKIMITALI,Iringa,Iringa,Dispensary,-8.18327,35.5385,1358,Very Low
114494-8,KIBENA,Iringa,Iringa,Health Center,-8.16099,35.38756,1397,Very Low
121573-0,TOSAMAGANGA,Iringa,Iringa,Clinic,-7.81133,35.60286,6848,High
100720-2,CHAMDINDI,Iringa,Iringa,Dispensary,-7.43347,35.743999,2113,Very Low
106372-6,NG'ENZA,Iringa,Iringa,Dispensary,-7.95465,35.67637,5560,Moderate
109141-2,ITENGULINYI,Iringa,Iringa,Dispensary,-8.03353,35.38697,2495,Low
121311-5,IFUNDA,Iringa,Iringa,Clinic,-8.044275,35.477924,1107,Very Low
102787-9,KIKOMBWE,Iringa,Iringa,Dispensary,-7.91989,35.61446,5349,Moderate
106639-8,NYABULA,Iringa,Iringa,Dispensary,-7.86836,35.72537,8094,High
101954-6,ITAGUTWA,Iringa,Iringa,Dispensary,-7.61682,35.69462,2396,Low
101504-9,IFUNDA,Iringa,Iringa,Dispensary,-8.04745,35.47379,10742,Very High
103737-3,LUPEMBELWASENGA,Iringa,Iringa,Dispensary,-8.02839,35.6748,6222,High
101754-0,ILOLO MPYA,Iringa,Iringa,Dispensary,-7.45384,35.48092,3523,Low
108185-0,USOLANGA,Iringa,Iringa,Dispensary,-7.33463,35.95238,2430,Low
104879-2,MIGOLI,Iringa,Iringa,Dispensary,-7.16154,35.76878,3769,Low
104303-3,MAPOGORO,Iringa,Iringa,Dispensary,-7.81604,35.12852,3922,Moderate
101645-0,IKENGEZA,Iringa,Iringa,Dispensary,-7.49538,35.69905,2266,Low
109773-2,ULETE,Iringa,Iringa,Dispensary,-8.12184,35.39774,846,Very Low
104096-3,MAKATAPOLA,Iringa,Iringa,Dispensary,-7.13859,35.86334,1856,Very Low
109140-4,NYAMIHUU,Iringa,Iringa,Dispensary,-7.69854,35.47926,2745,Low
103071-7,KISANGA,Iringa,Iringa,Dispensary,-7.30045,35.47063,2874,Low
108361-7,ST. THERESA,Iringa,Iringa,Health Center,-7.90329,35.58642,8026,High
108168-6,USENGELINDETE,Iringa,Iringa,Dispensary,-8.08105,35.27702,2037,Very Low
101712-8,ILAMBILOLE,Iringa,Iringa,Dispensary,-7.58491,35.869,2985,Low
106690-1,NYAMAHANA,Iringa,Iringa,Dispensary,-7.67267,35.42234,1664,Very Low
103713-4,LUMULI,Iringa,Iringa,Dispensary,-8.11356,35.33858,2973,Low
105139-0,MKUNGUGU,Iringa,Iringa,Dispensary,-7.63966,35.77165,3759,Low
120777-8,KIWERE,Iringa,Iringa,Health Center,-7.63901,35.65461,1023,Very Low
106672-9,NYAKAVANGALA,Iringa,Iringa,Dispensary,-7.29094,36.06164,1542,Very Low
102330-8,KANING'OMBE,Iringa,Iringa,Dispensary,-7.91847,35.47658,4978,Moderate
104104-5,MAKIFU,Iringa,Iringa,Dispensary,-7.89365,35.06432,1166,Very Low
104138-3,MAKUKA,Iringa,Iringa,Dispensary,-7.21922,35.71297,2410,Low
120774-5,MAWINDI,Iringa,Iringa,Dispensary,-7.51253,35.67603,961,Very Low
109137-0,MIGOLI,Iringa,Iringa,Health Center,-7.15199,35.79823,708,Very Low
105126-7,MKULULA,Iringa,Iringa,Dispensary,-7.288321,36.0209,1900,Very Low
101617-9,IHEMI,Iringa,Iringa,Dispensary,-8.01552,35.49462,6719,High
122950-9,ONYEMELA'B',Iringa,Iringa,Dispensary,-7.47253,35.80362,1399,Very Low
109284-0,WASA RC,Iringa,Iringa,Dispensary,-8.12225,35.23997,997,Very Low
123079-6,MAKONGATI,Iringa,Iringa,Dispensary,-7.89837,35.42609,1845,Very Low
101484-4,IDODI,Iringa,Iringa,Health Center,-7.46971,35.1194,609,Very Low
113725-6,IRINGA DC,Iringa,Iringa,Hospital,-7.39306,35.50381,1847,Very Low
109272-5,WANGAMA,Iringa,Iringa,Dispensary,-7.81357,35.78837,4019,Moderate
123078-8,MWAMBAO,Iringa,Iringa,Dispensary,-7.83201,35.45699,3073,Low
120773-7,LYAMGUNGWE,Iringa,Iringa,Dispensary,-7.97926,35.64489,2898,Low
104756-2,LYASAMFUKULEMBE,Iringa,Iringa,Dispensary,-8.22493,35.46977,5205,Moderate
101708-6,ILALASIMBA,Iringa,Iringa,Dispensary,-7.77389,35.49609,4342,Moderate
103118-6,KISING'A,Iringa,Iringa,Dispensary,-7.59494,35.77174,4029,Moderate
113611-8,KINYIKA,Iringa,Iringa,Dispensary,-7.34607,35.44455,1802,Very Low
122502-8,KILAMBO,Iringa,Iringa,Dispensary,-7.86491,35.78688,5701,Moderate
107606-6,ST. LUKE,Iringa,Iringa,Dispensary,-7.32846,35.54939,3662,Low
108319-5,WASA,Iringa,Iringa,Dispensary,-8.12767,35.23497,2530,Low
122503-6,HOLO,Iringa,Iringa,Dispensary,-7.34658,35.85571,1049,Very Low
101714-4,ILANDUTWA,Iringa,Iringa,Dispensary,-8.11293,35.59285,7621,High
101619-5,IHOMASA,Iringa,Iringa,Dispensary,-8.10825,35.16208,6337,High
103885-0,MAFURUTO,Iringa,Iringa,Dispensary,-7.54687,35.45028,2480,Low
102895-0,KIMANDE,Iringa,Iringa,Health Center,-7.36505,35.48041,3066,Low
122493-0,UFYAMBE,Iringa,Iringa,Dispensary,-8.08325,35.24001,2444,Low
101580-9,IGULUBA,Iringa,Iringa,Dispensary,-7.39652,35.914809,1368,Very Low
102239-1,KALENGA,Iringa,Iringa,Dispensary,-7.80415,35.6011,7116,High
105215-8,MLOWA,Iringa,Iringa,Health Center,-7.65867,35.3895,4408,Moderate
104117-7,MAKOMBE,Iringa,Iringa,Dispensary,-7.9501,35.24512,2741,Low
105447-7,MSEMBE NATIONALPARK,Iringa,Iringa,Dispensary,-7.68128,34.93011,3270,Low
107949-0,TUNGAMALENGA GVT,Iringa,Iringa,Dispensary,-7.83071,35.10007,2179,Low
121878-3,ST.NIKOLOUS,Iringa,Iringa,Dispensary,-7.708838,35.508138,3669,Low
123104-2,MGERA,Iringa,Iringa,Dispensary,-7.69938,35.61789,2860,Low
109758-3,KIHESA,Iringa,Iringa,Dispensary,-7.7522,35.70743,11812,Very High
111386-9,MAKEDONIA,Iringa,Iringa,Clinic,-7.78341,35.69365,277,Very Low
104330-6,MARIE STOPES,Iringa,Iringa,Dispensary,-7.78037,35.67723,14058,Very High
112046-8,Cosmopolitan,Iringa,Iringa,Clinic,-7.76457,35.70347,2972,Low
109602-3,ITAMBA,Iringa,Iringa,Health Center,-7.72668,35.64384,5025,Moderate
120754-7,MKIMBIZI,Iringa,Iringa,Health Center,-7.73847,35.71055,21530,Very High
109683-3,MKWAWA,Iringa,Iringa,Health Center,-7.757651,35.689431,14078,Very High
122937-6,PRIMARY HEALTH CARE INSTITUTE IRINGA,Iringa,Iringa,Clinic,-7.77247,35.70191,938,Very Low
112906-3,TAWAKAL,Iringa,Iringa,Health Laboratory,-7.77974,35.69771,1292,Very Low
109598-3,VIP,Iringa,Iringa,Dispensary,-7.77615,35.69363,5023,Moderate
101801-9,IMECC COMPANY LIMITED,Iringa,Iringa,Hospital,-7.77453,35.69962,1592,Very Low
109724-5,FARAJA,Iringa,Iringa,Dispensary,-7.701,35.724,1616,Very Low
100045-4,AGA KHAN,Iringa,Iringa,Clinic,-7.78328,35.69643,568,Very Low
100079-3,AL - AMAL,Iringa,Iringa,Dispensary,-7.77564,35.70213,2844,Low
106408-8,NGOME,Iringa,Iringa,Health Center,-7.75032,35.71602,7358,High
112917-0,NS TOUR,Iringa,Iringa,Health Laboratory,-7.78439,35.69122,256,Very Low
101153-5,FRELIMO,Iringa,Iringa,Hospital,-7.77165,35.68209,17434,Very High
112923-8,DMK,Iringa,Iringa,Health Laboratory,-7.78224,35.69172,219,Very Low
114854-3,MAKORONGONI,Iringa,Iringa,Clinic,-7.78033,35.69366,1193,Very Low
105459-2,MSHINDO,Iringa,Iringa,Dispensary,-7.78377,35.68925,3697,Low
112915-4,NANA,Iringa,Iringa,Health Laboratory,-7.74701,35.71947,15495,Very High
101583-3,IGUMBILO,Iringa,Iringa,Dispensary,-7.78587,35.74144,7151,High
103923-9,MAGEREZA,Iringa,Iringa,Dispensary,-7.78257,35.69947,1798,Very Low
106494-8,NJIAPANDA,Iringa,Iringa,Dispensary,-7.78454,35.65701,22373,Very High
122896-4,LIRA,Iringa,Iringa,Clinic,-7.78412,35.69019,317,Very Low
123712-2,MASHINETATU,Iringa,Iringa,Dispensary,-7.78209,35.69171,1208,Very Low
101833-2,IPOGOLO,Iringa,Iringa,Health Center,-7.793893,35.698778,5495,Moderate
111867-8,KM,Iringa,Iringa,Dispensary,-7.78508,35.69246,261,Very Low
120753-9,MTALAGALA,Iringa,Iringa,Dispensary,-7.69314,35.69809,2784,Low
109458-0,NDULI,Iringa,Iringa,Dispensary,-7.68377,35.75213,7824,High
107007-7,POLICE,Iringa,Iringa,Dispensary,-7.76329,35.70524,3151,Low
111387-7,JITIHADA,Iringa,Iringa,Clinic,-7.78377,35.69437,344,Very Low
109554-6,Ipogolo RC,Iringa,Iringa,Dispensary,-7.79781,35.70082,14252,Very High
114855-0,SMART,Iringa,Iringa,Clinic,-7.77169,35.70945,4056,Moderate
112403-1,THE GREEN ZONE,Iringa,Iringa,Dispensary,-7.78262,35.69599,272,Very Low
109580-1,COMMUNITA DI SAINT EGIDIO ACAP,Iringa,Iringa,Dispensary,-7.77402,35.70073,241,Very Low
101854-8,IRINGA,Iringa,Iringa,Hospital,-7.78203,35.69938,885,Very Low
109597-5,KITANZINI,Iringa,Iringa,Dispensary,-7.78463,35.692654,119,Very Low
100080-1,ALAMANO,Iringa,Iringa,Dispensary,-7.77281,35.70111,1652,Very Low
123489-7,EMATU,Iringa,Iringa,Clinic,-7.79123,35.70076,3448,Low
109518-1,SOKONI,Iringa,Iringa,Dispensary,-7.782054,35.696928,365,Very Low
103207-7,KITWIRU,Iringa,Iringa,Dispensary,-7.81852,35.66727,21697,Very High
111388-5,GELY,Iringa,Iringa,Clinic,-7.78513,35.6932,472,Very Low
112484-1,CONSOLATA,Iringa,Iringa,Clinic,-7.76494,35.71016,3232,Low
107213-1,SABASABA,Iringa,Iringa,Dispensary,-7.76841,35.70376,2057,Very Low
123073-9,MABONDENI,Singida,Manyoni,Dispensary,-5.74648,34.65999,6559,High
104769-5,MGANDU,Singida,Manyoni,Dispensary,-5.96448,34.1249,17211,Very High
113141-6,MENGI,Singida,Manyoni,Health Laboratory,-5.7016,34.49303,6613,High
105004-6,MITUNDU,Singida,Manyoni,Health Center,-6.00864,34.06655,13884,Very High
105847-8,MWAMAGEMBE,Singida,Manyoni,Dispensary,-6.47416,33.7737,14917,Very High
120855-2,KAMENYANGA,Singida,Manyoni,Dispensary,-5.69302,34.75687,5919,High
101982-7,ITIGI,Singida,Manyoni,Health Center,-5.70764,34.49025,7051,High
107162-0,RUNGWA,Singida,Manyoni,Health Center,-6.93707,33.52339,5581,Moderate
123150-5,LULANGA,Singida,Manyoni,Dispensary,-5.53712,34.14814,6976,High
123149-7,TULIENI,Singida,Manyoni,Dispensary,-6.14756,34.01352,21838,Very High
120644-0,KAZIKAZI,Singida,Manyoni,Dispensary,-5.59682,34.2445,5693,Moderate
120854-5,MBUGANI,Singida,Manyoni,Dispensary,-5.50563,34.42656,569,Very Low
101274-9,GURUNGU,Singida,Manyoni,Dispensary,-5.571171,34.60181,5402,Moderate
102227-6,KALANGALI,Singida,Manyoni,Dispensary,-6.0781,33.95542,6303,High
103191-3,KITOPENI,Singida,Manyoni,Dispensary,-5.728473,34.586105,6048,High
122946-7,ITIGI,Singida,Manyoni,Hospital,-5.67711,34.47584,3367,Low
122025-0,MASHA,Singida,Manyoni,Health Laboratory,-6.0448,34.3415,310,Very Low
101823-3,IPANDE,Singida,Manyoni,Dispensary,-5.79594,34.57513,5231,Moderate
105642-3,MUHANGA,Singida,Manyoni,Dispensary,-5.86023,34.60669,3822,Low
123231-3,ITUMBA,Singida,Manyoni,Dispensary,-6.32171,33.92282,21054,Very High
106496-3,NJIRII,Singida,Manyoni,Dispensary,-5.664176,34.692844,3315,Low
111028-7,MAKALE,Singida,Manyoni,Dispensary,-5.96953,34.05486,11286,Very High
123060-6,IKANAMALENGA,Singida,Manyoni,Dispensary,-5.58101,34.32808,2173,Low
114601-8,MASANJA,Singida,Manyoni,Dispensary,-6.01616,34.03636,6589,High
120739-8,OSAYA,Singida,Manyoni,Dispensary,-5.69297,34.5029,8090,High
107290-9,SANJARANDA,Singida,Manyoni,Dispensary,-5.65262,34.5249,6481,High
101486-9,IDODYANDOLE,Singida,Manyoni,Dispensary,-5.939189,34.7698785,16774,Very High
100999-2,Doroto,Singida,Manyoni,Dispensary,-5.76355,34.38006,7535,High
101953-8,ITAGATA,Singida,Manyoni,Dispensary,-5.90944,34.20068,16079,Very High
123003-6,SANTE,Singida,Manyoni,Health Laboratory,-5.70427,34.49552,9520,Very High
102967-7,KINTANULA,Singida,Manyoni,Dispensary,-6.67348,33.68203,11627,Very High
124111-6,GODWIN,Singida,Manyoni,Health Laboratory,-6.93356,33.52534,11529,Very High
105005-3,MITUNDU RC MISION,Singida,Manyoni,Dispensary,-6.01696,34.05527,10836,Very High
120643-2,KITARAKA,Singida,Manyoni,Dispensary,-5.64876,34.37893,3042,Low
110381-1,NG'WANG'WITA,Simiyu,Itilima,Dispensary,-2.99743,33.99538,11329,Very High
113678-7,NKOLOLO,Simiyu,Itilima,Dispensary,-3.06867,33.89076,3501,Low
106695-0,NYAMALAPA,Simiyu,Itilima,Dispensary,-2.97743,33.94042,12063,Very High
101290-5,HABIYA,Simiyu,Itilima,Dispensary,-2.73131,34.15773,17565,Very High
113677-9,ITILIMA,Simiyu,Itilima,Hospital,-2.91746,34.1791,9533,Very High
106169-6,NANGA,Simiyu,Itilima,Dispensary,-2.87745,34.22615,11639,Very High
109696-5,NGEME,Simiyu,Itilima,Dispensary,-3.03433,33.85997,7480,High
109339-2,BUNAMHALA MBUGANI,Simiyu,Itilima,Dispensary,-2.96608,33.87629,8484,High
104875-0,MIGATO,Simiyu,Itilima,Dispensary,-2.98564,34.31953,8371,High
122868-3,INALO,Simiyu,Itilima,Dispensary,-2.91173,33.93071,13634,Very High
107432-7,TEMBO LONGALOMBOGO,Simiyu,Itilima,Dispensary,-2.93012,34.41071,6886,High
123061-4,BULOLAMBESHI,Simiyu,Itilima,Dispensary,-2.76901,34.12047,13268,Very High
113106-9,IKUNGULIPU,Simiyu,Itilima,Dispensary,-2.92043,33.99688,17562,Very High
101648-4,IKINDILO,Simiyu,Itilima,Health Center,-2.84124,34.15954,12402,Very High
101186-5,GASWA,Simiyu,Itilima,Dispensary,-2.76735001,34.19463001,9379,Very High
106171-2,NANGALE,Simiyu,Itilima,Dispensary,-2.91887,34.26625,11950,Very High
102929-7,KINANG'WELI,Simiyu,Itilima,Dispensary,-2.94957,33.7416,11575,Very High
107681-9,SUNZULA,Simiyu,Itilima,Dispensary,-2.88118,33.81311,8737,High
110378-7,KIDULA,Simiyu,Itilima,Dispensary,-2.84091,33.74257,7341,High
106468-2,NHOBORA,Simiyu,Itilima,Dispensary,-2.89561,33.87374,13105,Very High
105944-3,MWANUNUI,Simiyu,Itilima,Dispensary,-3.07853,33.92586,5805,Moderate
110384-5,DASINA,Simiyu,Itilima,Dispensary,-2.98777,34.06667,23819,Very High
103656-5,LUGURU,Simiyu,Itilima,Dispensary,-2.92078,33.95906,8801,High
106554-9,NKUYU,Simiyu,Itilima,Dispensary,-2.8823,34.34942,12782,Very High
108408-6,ZANZUI,Simiyu,Itilima,Dispensary,-2.96341,33.81108,5372,Moderate
104015-3,MAHEMBE,Simiyu,Itilima,Dispensary,-2.8894,33.75983,5126,Moderate
105816-3,MWAGIMAGI,Simiyu,Itilima,Dispensary,-2.91289,33.76669,1438,Very Low
105978-1,MWASWALE,Simiyu,Itilima,Dispensary,-2.82097,34.32568,22044,Very High
107313-9,SAWIDA,Simiyu,Itilima,Dispensary,-2.86858,33.69363,9169,Very High
102435-5,KASHISHI,Simiyu,Itilima,Dispensary,-3.00501,33.84295,8372,High
108400-3,ZAGAYU,Simiyu,Itilima,Health Center,-2.97572,33.7718,9544,Very High
100820-0,CHINAMILI,Simiyu,Itilima,Dispensary,-2.88946,34.17859,6911,High
120836-2,MWANHUNDA,Simiyu,Itilima,Health Center,-2.97268,34.27868,7013,High
105865-0,MWAMAPALALA RC,Simiyu,Itilima,Health Center,-3.03145,33.9084,13045,Very High
106532-5,NKOMA,Simiyu,Itilima,Health Center,-3.04938,33.99683,14638,Very High
105794-2,MWABUKI,Simiyu,Itilima,Dispensary,-2.80411,34.19218,7305,High
108780-8,LAINI,Simiyu,Itilima,Dispensary,-2.80951,34.26538,11338,Very High
103853-8,MADILANA,Simiyu,Itilima,Dispensary,-2.9876,34.19244,11257,Very High
104999-8,MITOBO,Simiyu,Itilima,Dispensary,-2.90257,34.12763,15766,Very High
106263-7,NDOLELEZI,Simiyu,Itilima,Dispensary,-2.92246,34.32321,8881,High
103445-3,LAGANGABILILI,Simiyu,Itilima,Dispensary,-2.95834,34.13993,8470,High
100558-6,BUMERA,Simiyu,Itilima,Dispensary,-2.78706,34.13741,10050,Very High
107229-7,SAGATA,Simiyu,Itilima,Dispensary,-2.77746,34.24234,14866,Very High
122959-0,GAMBASINGU,Simiyu,Itilima,Dispensary,-3.02665,34.09811,6905,High
122476-5,SONGAMBELE,Simiyu,Itilima,Dispensary,-2.96137,34.13673,1071,Very Low
109192-5,LONGALOMBOGO,Simiyu,Itilima,Dispensary,-2.9638,34.39847,12205,Very High
107364-2,SENANI,Simiyu,Itilima,Dispensary,-2.83604,34.23016,7348,High
104808-1,MHUNZE,Simiyu,Itilima,Dispensary,-2.9649,34.22388,10284,Very High
121081-4,MUSCAT,Shinyanga,Kahama,Dispensary,-3.840735,32.614983,4913,Moderate
123709-8,BUHIGWE,Shinyanga,Kahama,Health Laboratory,-3.85509,32.61449,9829,Very High
107286-7,SANGILWA,Shinyanga,Kahama,Dispensary,-3.86568,32.72754,10617,Very High
110123-7,NGOGWA,Shinyanga,Kahama,Dispensary,-3.77871,32.47149,9930,Very High
102041-1,IYENZE,Shinyanga,Kahama,Health Center,-3.983683,32.679811,20059,Very High
111360-4,MATUMAINI,Shinyanga,Kahama,Dispensary,-3.84846,32.57591,12129,Very High
121520-1,BUKONDAMOYO,Shinyanga,Kahama,Health Laboratory,-3.8385167,32.587296,4533,Moderate
105364-4,MPERA,Shinyanga,Kahama,Health Center,-3.93184,32.76044,16367,Very High
122011-0,MANZESE,Shinyanga,Kahama,Health Laboratory,-3.7922516,32.545807,9161,Very High
112457-7,PENZI,Shinyanga,Kahama,Dispensary,-3.81311,32.70988,13162,Very High
112453-6,BUSOKA,Shinyanga,Kahama,Dispensary,-3.79227,32.54579,10417,Very High
123168-7,TUMAINI WAZAZI,Shinyanga,Kahama,Dispensary,-3.80597,32.60556,11222,Very High
102807-5,KILAGO,Shinyanga,Kahama,Dispensary,-3.94523,32.58712,23453,Very High
114756-0,NGULU,Shinyanga,Kahama,Dispensary,-3.720302,32.480527,4005,Moderate
124150-4,DR. ATHUMAN,Shinyanga,Kahama,Clinic,-3.49321,32.35486,2690,Low
104738-0,MENONITE NYIHOGO,Shinyanga,Kahama,Dispensary,-3.83673,32.59016,3240,Low
112458-5,Nyasubi,Shinyanga,Kahama,Health Center,-3.8261198,32.5948799,1680,Very Low
124171-0,YUHAI,Shinyanga,Kahama,Health Laboratory,-3.85057,32.63034,10076,Very High
122875-8,KAGONGWA,Shinyanga,Kahama,Health Center,-3.86739,32.74563,1897,Very Low
112456-9,CHANDIKA HEALTH CARE,Shinyanga,Kahama,Dispensary,-3.8744617,32.763012,1942,Very Low
123158-8,ST. PIO,Shinyanga,Kahama,Dispensary,-3.87258,32.76341,3238,Low
102172-4,KAGONGWA,Shinyanga,Kahama,Dispensary,-3.86622,32.75998,12350,Very High
103405-7,KWEMA PRIMARY SCHOOL,Shinyanga,Kahama,Health Center,-3.83477,32.61258,921,Very Low
103594-8,LOWA,Shinyanga,Kahama,Health Center,-3.89673,32.45821,8378,High
104327-2,MARIE STOPES,Shinyanga,Kahama,Dispensary,-3.82921,32.60284,2660,Low
110112-0,WAZAZI NYANDEKWA,Shinyanga,Kahama,Dispensary,-3.90947,32.503727,10346,Very High
121064-0,MWIME,Shinyanga,Kahama,Health Laboratory,-3.87755,32.61455,8330,High
124168-6,MASAKI,Shinyanga,Kahama,Health Laboratory,-3.82137,32.60394,8125,High
114703-2,CHAPULWA,Shinyanga,Kahama,Dispensary,-3.88206,32.68732,9434,Very High
120726-5,SUKA,Shinyanga,Kahama,Health Center,-3.8046267,32.603302,1373,Very Low
124134-8,ARARAT,Shinyanga,Kahama,Clinic,-3.82741,32.59801,524,Very Low
104054-2,MAJENGO,Shinyanga,Kahama,Dispensary,-3.8257434,32.59823,2455,Low
123474-9,MKOMBOZI HEALTH,Shinyanga,Kahama,Clinic,-3.8329298,32.596923,1631,Very Low
123544-9,ILELA,Shinyanga,Kahama,Health Laboratory,-3.83518,32.58059,5991,High
101866-2,Isagehe,Shinyanga,Kahama,Dispensary,-3.90842,32.76879,10037,Very High
110129-4,BAKWATA B NYASUBI,Shinyanga,Kahama,Dispensary,-3.8391666,32.602608,6535,High
113338-8,Kahama Optical works&Eye Care,Shinyanga,Kahama,Clinic,-3.83103,32.59678,370,Very Low
102181-5,KAHAMA MC,Shinyanga,Kahama,Hospital,-3.82614,32.59488,262,Very Low
122247-0,ZASCO,Shinyanga,Kahama,Health Laboratory,-3.832745,32.59666,102,Very Low
110144-3,COMMUNITY KMT,Shinyanga,Kahama,Dispensary,-3.8307,32.599167,1666,Very Low
123532-4,HERIAFYA,Shinyanga,Kahama,Health Laboratory,-3.80572,32.59721,13652,Very High
106713-1,NYAMBULA,Shinyanga,Kahama,Dispensary,-3.74241,32.51316,6161,High
122353-6,TANGANYIKA CARE,Shinyanga,Kahama,Health Laboratory,-3.82943,32.57384,24543,Very High
106669-5,NYAKATO,Shinyanga,Kahama,Dispensary,-3.83477,32.61068,3651,Low
113164-8,MAGEMBE,Shinyanga,Kahama,Health Laboratory,-3.82646,32.59817,278,Very Low
112452-8,NDUKU,Shinyanga,Kahama,Dispensary,-3.66899,32.67149,30641,Very High
112162-3,AGA KHAN,Shinyanga,Kahama,Clinic,-3.82464,32.59013,14177,Very High
123187-7,CVT,Shinyanga,Kahama,Clinic,-3.84397,32.60895,7195,High
112160-7,NAZARETH HEALTH CARE,Shinyanga,Kahama,Dispensary,-3.842069,32.596545,16906,Very High
102922-2,KINAGA,Shinyanga,Kahama,Health Center,-3.73423,32.65612,19957,Very High
113171-3,ST.ELIZABETH,Shinyanga,Kahama,Health Laboratory,-3.8729784,32.76259,3286,Low
121072-3,NEW ISAKA,Shinyanga,Kahama,Clinic,-3.826515,32.596405,260,Very Low
113337-0,SIGHT PLUS,Shinyanga,Kahama,Clinic,-3.832965,32.59634,1709,Very Low
121126-7,HAIMONATH,Shinyanga,Kahama,Health Laboratory,-3.81293,32.62232,14123,Very High
107342-8,SEEKE,Shinyanga,Kahama,Dispensary,-3.85432,32.49664,7212,High
102109-6,LA VIE,Shinyanga,Kahama,Dispensary,-2.53217,32.93315,3264,Low
113230-7,MALUNGA,Shinyanga,Kahama,Health Center,-3.8096282,32.60094,7164,High
110211-0,IGALILIMI,Shinyanga,Kahama,Dispensary,-3.82874,32.59731,479,Very Low
121197-8,MAHESHI,Shinyanga,Kahama,Health Center,-3.8388717,32.625374,10307,Very High
123582-9,EPIMACK,Shinyanga,Kahama,Health Laboratory,-3.8062382,32.6037338,991,Very Low
123728-8,DR,Shinyanga,Kahama,Dispensary,-3.49079,32.36041,4523,Moderate
123755-1,SANGO,Shinyanga,Kahama,Dispensary,-3.83333,32.61527,4629,Moderate
100329-2,BUZWAGI MINE,Shinyanga,Kahama,Clinic,-3.848421,32.671715,8289,High
103960-1,MAGEREZA PRISON,Shinyanga,Kahama,Dispensary,-3.82837,32.59473,413,Very Low
122335-3,MANJIS HEALTHCARE,Shinyanga,Kahama,Clinic,-3.82649,32.596703,213,Very Low
111361-2,MWENDAKULIMA,Shinyanga,Kahama,Health Center,-3.8341486,32.6828948,14229,Very High
123968-0,TORONTO,Shinyanga,Kahama,Maternity and Nursing Home,-3.87915,32.76304,10843,Very High
106022-7,MWIME,Shinyanga,Kahama,Dispensary,-3.86111,32.64831,7735,High
104655-6,ST. ANN'S (MBULU) CATHOLIC,Shinyanga,Kahama,Dispensary,-3.833,32.64231,13805,Very High
123848-4,MALULU,Shinyanga,Kahama,Health Laboratory,-3.83234,32.58115,5724,Moderate
113606-8,POLICE,Shinyanga,Kahama,Dispensary,-3.82936,32.59363,1949,Very Low
112165-6,KAKEBE,Shinyanga,Kahama,Dispensary,-3.94175,32.47924,10268,Very High
113169-7,ZIADA,Shinyanga,Kahama,Health Laboratory,-3.8358383,32.613308,1219,Very Low
114702-4,Wendele,Shinyanga,Kahama,Dispensary,-3.76316,32.43334,11689,Very High
101919-9,Kagongwa Kishima,Shinyanga,Kahama,Dispensary,-3.87521,32.76557,10098,Very High
121052-5,AGUSTINO,Shinyanga,Kahama,Health Laboratory,-3.83125,32.62121,11007,Very High
113178-8,ADON,Shinyanga,Kahama,Health Laboratory,-3.80252,32.60134,16694,Very High
124169-4,LIGHTSTAR,Shinyanga,Kahama,Health Laboratory,-3.82137,32.60394,8125,High
113172-1,MUWEFA,Shinyanga,Kahama,Health Laboratory,-3.8376,32.6169783,2419,Low
108427-6,ZONGOMELA,Shinyanga,Kahama,Dispensary,-3.86153,32.552065,12523,Very High
100232-8,BAKWATA MAJENGO,Shinyanga,Kahama,Dispensary,-3.82569,32.60182,1907,Very Low
112164-9,ILINDI,Shinyanga,Kahama,Dispensary,-3.8701,32.62121,2808,Low
103892-6,MAGAI,Shinyanga,Kahama,Hospital,-3.83032,32.59653,406,Very Low
120247-2,MAKUBIGACHU,Shinyanga,Kahama,Dispensary,-3.8248966,32.605892,4182,Moderate
108130-6,UPENDO - KASANDA,Kigoma,Kakonko,Dispensary,-3.3807,30.8796,3154,Low
102688-9,KIGA,Kigoma,Kakonko,Dispensary,-3.27858,30.85138,5306,Moderate
106673-7,NYAKAYENZI,Kigoma,Kakonko,Dispensary,-3.1963,30.8867,5186,Moderate
121346-1,LUHURU,Kigoma,Kakonko,Dispensary,-3.27056,30.97909,10747,Very High
107154-7,RUMASHI,Kigoma,Kakonko,Dispensary,-3.04297,30.82336,5408,Moderate
102211-0,KAKONKO,Kigoma,Kakonko,Health Center,-3.273,30.98278,4482,Moderate
102349-8,KANYONZA,Kigoma,Kakonko,Dispensary,-3.24181,31.00056,8272,High
102519-6,KAZILAMIHUNDA,Kigoma,Kakonko,Dispensary,-3.42581,30.83846,5537,Moderate
102449-6,KASUGA,Kigoma,Kakonko,Dispensary,-3.25927,30.90755,12245,Very High
102548-5,KEZA,Kigoma,Kakonko,Dispensary,-3.4012,30.8642,2089,Very Low
102125-2,KABARE,Kigoma,Kakonko,Dispensary,-3.128926,30.870933,12694,Very High
121347-9,RUSENGA,Kigoma,Kakonko,Dispensary,-3.15139,30.92495,4120,Moderate
108474-8,BUKILIRO,Kigoma,Kakonko,Dispensary,-3.36958,30.74748,11916,Very High
106748-7,NYAMTUKUZA,Kigoma,Kakonko,Dispensary,-2.87712,30.95584,6344,High
105643-1,MUHANGE,Kigoma,Kakonko,Dispensary,-3.162279,30.86203,5914,High
106797-4,NYANZIGE,Kigoma,Kakonko,Health Center,-2.94531,30.9174,11690,Very High
102396-9,KASANDA,Kigoma,Kakonko,Dispensary,-3.37508,30.8734,8636,High
120666-3,KAKONKO,Kigoma,Kakonko,Hospital,-3.29445,30.9832,9081,Very High
106645-5,NYAGWIJIMA,Kigoma,Kakonko,Dispensary,-3.53956,30.52538,5287,Moderate
110849-7,KAKONKO MISSION,Kigoma,Kakonko,Dispensary,-3.23367,30.95587,7546,High
121343-8,CHURAZO,Kigoma,Kakonko,Dispensary,-2.57111,30.54511,3656,Low
121275-2,KIHOMOKA,Kigoma,Kakonko,Dispensary,-3.03276,31.22024,4330,Moderate
105640-7,MUGUNZU,Kigoma,Kakonko,Dispensary,-3.49744,30.6048,2717,Low
102445-4,KASONGATI,Kigoma,Kakonko,Dispensary,-3.30533,30.79337,6614,High
121342-0,NYAKIYOBE,Kigoma,Kakonko,Health Center,-3.98111,30.55281,12027,Very High
102314-2,KANEMBWA JKT,Kigoma,Kakonko,Dispensary,-3.50767,30.83466,2045,Very Low
111941-1,MTENDELI,Kigoma,Kakonko,Health Center,-3.39605,30.8839,8758,High
121344-6,ILABIRO,Kigoma,Kakonko,Dispensary,-3.45169,30.67546,7996,High
102667-3,KIDUDUYE,Kigoma,Kakonko,Dispensary,-3.50138,30.59273,4340,Moderate
106631-5,NYABIBUYE,Kigoma,Kakonko,Dispensary,-2.98684,30.85735,7520,High
109251-9,KILEWANI,Rukwa,Kalambo,Dispensary,-8.47328,31.13825,3029,Low
110022-1,MATAI VA,Rukwa,Kalambo,Dispensary,-8.30755,31.51865,25118,Very High
109237-8,MWAZYE GOV,Rukwa,Kalambo,Dispensary,-8.44255,31.73937,6247,High
102219-3,KALAELA,Rukwa,Kalambo,Dispensary,-8.46187,31.57675,3287,Low
102441-3,KASITU,Rukwa,Kalambo,Dispensary,-8.45751,31.37496,5305,Moderate
102289-6,KAMBO,Rukwa,Kalambo,Dispensary,-8.47923,31.72767,2975,Low
102277-1,KAMAWE,Rukwa,Kalambo,Dispensary,-8.57048,31.59895,4883,Moderate
115003-6,SAFU,Rukwa,Kalambo,Dispensary,-8.62538,31.50629,7895,High
114556-4,KALAMBO DC,Rukwa,Kalambo,Hospital,-8.30424,31.53815,3634,Low
108083-7,ULUMI,Rukwa,Kalambo,Health Center,-8.72775,31.72341,3604,Low
103753-0,LUSE,Rukwa,Kalambo,Dispensary,-8.78388,31.6892,8173,High
103139-2,KISUNGAMILE,Rukwa,Kalambo,Dispensary,-8.29598,31.55166,2429,Low
111467-7,TULASHASHE,Rukwa,Kalambo,Health Laboratory,-8.1734000000000009,31.312,542,Very Low
102341-5,KANTALEMWA,Rukwa,Kalambo,Dispensary,-8.83154,31.6404,1269,Very Low
105096-2,MKOMBO,Rukwa,Kalambo,Dispensary,-8.86068,32.04548,6595,High
109255-0,KIFONE,Rukwa,Kalambo,Dispensary,-8.53104,31.66626,2728,Low
122747-9,EBENEZA NDENJE,Rukwa,Kalambo,Health Laboratory,-8.15066,31.21523,1483,Very Low
105607-6,MTUNTUMBE,Rukwa,Kalambo,Dispensary,-8.41305,31.42972,4654,Moderate
102398-5,KASANGA,Rukwa,Kalambo,Dispensary,-8.45802,31.14373,7565,High
107260-2,SAMAZI,Rukwa,Kalambo,Dispensary,-8.36476,31.08173,3314,Low
113799-1,CHALATILA,Rukwa,Kalambo,Dispensary,-8.41124,31.63285,2073,Very Low
104675-4,MBUZA,Rukwa,Kalambo,Dispensary,-8.27802,31.44773,6539,High
121854-4,NGOMA,Rukwa,Kalambo,Dispensary,-8.16466,31.35131,1268,Very Low
105116-8,MKOWE,Rukwa,Kalambo,Dispensary,-8.25206,31.3586,14784,Very High
102345-6,KANYEZI,Rukwa,Kalambo,Health Center,-8.66089,31.86467,9570,Very High
105990-6,MWAZYE MISSION,Rukwa,Kalambo,Dispensary,-8.44183,31.73576,3570,Low
108084-5,ULUMI MISSION,Rukwa,Kalambo,Dispensary,-8.72597,31.72782,4292,Moderate
103138-4,KISUMBAKASOTE,Rukwa,Kalambo,Dispensary,-8.42708,31.2144,6017,High
105597-9,MTULA,Rukwa,Kalambo,Dispensary,-8.79441,31.59703,6480,High
102827-3,KILESHA,Rukwa,Kalambo,Dispensary,-8.46884,31.6725,3057,Low
113807-2,KALE,Rukwa,Kalambo,Dispensary,-8.30424,31.53815,3634,Low
121533-4,ARAFA,Rukwa,Kalambo,Health Laboratory,-8.72421,31.7272,5537,Moderate
102487-6,KATUKA,Rukwa,Kalambo,Dispensary,-8.11485,31.52625,7984,High
124419-3,RUJU,Rukwa,Kalambo,Health Laboratory,-8.17931,31.31379,1050,Very Low
106020-1,MWIMBI,Rukwa,Kalambo,Health Center,-8.66133,31.66676,13503,Very High
104656-4,MBULUMA,Rukwa,Kalambo,Dispensary,-8.04447,31.42358,8295,High
104911-3,MIKONKO,Rukwa,Kalambo,Dispensary,-8.32679,31.46399,5218,Moderate
109236-0,NINGA,Rukwa,Kalambo,Dispensary,-8.5115,31.82331,6874,High
111523-7,KALUKO,Rukwa,Kalambo,Dispensary,-8.54995,31.48701,5075,Moderate
105343-8,MPANGA,Rukwa,Kalambo,Dispensary,-8.89574,31.69755,6763,High
106421-1,NGOROTWA,Rukwa,Kalambo,Health Center,-8.49018,31.2134,3657,Low
106041-7,MYUNGA,Rukwa,Kalambo,Dispensary,-8.35336,31.5813,5381,Moderate
104436-1,MATAI,Rukwa,Kalambo,Health Center,-8.31107,31.53149,2200,Low
102363-9,KAPOZWA,Rukwa,Kalambo,Dispensary,-8.58475,31.24245,3633,Low
104209-2,MAMBWEKENYA,Rukwa,Kalambo,Dispensary,-8.66117,31.77079,1964,Very Low
105438-6,MSANZI,Rukwa,Kalambo,Dispensary,-8.18817,31.52212,11842,Very High
102222-7,KALALASI,Rukwa,Kalambo,Dispensary,-8.4159,31.5744,4096,Moderate
104290-2,MAO,Rukwa,Kalambo,Dispensary,-8.1472,31.4411,6213,High
115001-0,MSIPAZI,Rukwa,Kalambo,Dispensary,-8.83154,31.64045,2459,Low
103467-7,LEGEZAMWENDO,Rukwa,Kalambo,Dispensary,-8.80541,31.99061,8389,High
107778-3,TATANDA,Rukwa,Kalambo,Dispensary,-8.49647,31.50463,3149,Low
102467-8,KATAZI,Rukwa,Kalambo,Dispensary,-8.53029,31.7441,5151,Moderate
102474-4,KATETE,Rukwa,Kalambo,Dispensary,-8.62538,31.50629,7895,High
100835-8,CHIPAPA V.A,Rukwa,Kalambo,Dispensary,-8.66247,31.75268,4737,Moderate
103849-6,MADIBILA,Rukwa,Kalambo,Dispensary,-8.84877,31.7702,20320,Very High
107553-0,Sopa,Rukwa,Kalambo,Health Center,-8.44576,31.51099,6394,High
109257-6,SINGIWE,Rukwa,Kalambo,Dispensary,-8.24824,31.52661,9489,Very High
101711-0,ILAMBILA,Rukwa,Kalambo,Dispensary,-8.52189,31.5996,3171,Low
103250-7,KIZOMBWE,Rukwa,Kalambo,Dispensary,-8.36308,31.51624,6023,High
102359-7,KAPELE,Rukwa,Kalambo,Dispensary,-8.57806,31.17511,1933,Very Low
111754-8,KAFUKULA,Rukwa,Kalambo,Dispensary,-8.56457,31.79541,2741,Low
124437-5,AMAGAMBO NI BHUKE BHUKE MEDICAL,Rukwa,Kalambo,Health Laboratory,-8.14414,31.43413,1751,Very Low
105387-5,MPOMBWE,Rukwa,Kalambo,Dispensary,-8.54373,31.21983,1853,Very Low
104210-0,MAMBWENKOSWE,Rukwa,Kalambo,Dispensary,-8.92998,32.0218,15653,Very High
102155-9,KAFUKOKA,Rukwa,Kalambo,Dispensary,-8.37728,31.21324,4303,Moderate
101717-7,ILANGO,Rukwa,Kalambo,Dispensary,-8.51399,31.67028,1312,Very Low
102992-5,KIPANGA,Rukwa,Kalambo,Dispensary,-8.31508,31.05557,2050,Very Low
102464-5,KATAPULO,Rukwa,Kalambo,Dispensary,-8.16851,31.3547,2561,Low
107307-1,SASU,Tabora,Kaliua,Dispensary,-4.46457001,32.32089001,13597,Very High
107956-5,TUOMBE MUNGU,Tabora,Kaliua,Dispensary,-5.09347,31.7073,13120,Very High
108085-2,ULYANKULU,Tabora,Kaliua,Health Center,-4.65372,32.174,13096,Very High
101600-5,IGWISI,Tabora,Kaliua,Dispensary,-4.918523001,31.900047001,15752,Very High
109992-8,KALIUA GOVN,Tabora,Kaliua,Health Center,-5.043827,31.804701,2621,Low
120679-6,UTANTAMKE,Tabora,Kaliua,Dispensary,-4.68289,32.29027,5228,Moderate
113621-7,SULEIMAN,Tabora,Kaliua,Dispensary,-4.472641,32.006713,9775,Very High
103532-8,LIMBULA,Tabora,Kaliua,Dispensary,-5.12416,31.7409,4585,Moderate
102437-1,KASIMANA,Tabora,Kaliua,Dispensary,-4.59867,32.1206,20401,Very High
113232-3,MICO NURU,Tabora,Kaliua,Dispensary,-5.05215,31.33377,13317,Very High
101565-0,IGOMBE 56,Tabora,Kaliua,Dispensary,-4.54404,32.2416,23189,Very High
102849-7,KILIMAWE,Tabora,Kaliua,Dispensary,-4.59118,32.02115,25825,Very High
101464-6,ICHEMBA,Tabora,Kaliua,Dispensary,-4.751423,32.356203,3756,Low
109995-1,ICHEMBA GOVERNMENT,Tabora,Kaliua,Dispensary,-4.80352,32.39381,3528,Low
108180-1,USIMBA,Tabora,Kaliua,Dispensary,-5.01339,31.92377,8311,High
106814-7,NYASA,Tabora,Kaliua,Dispensary,-4.32617,32.26162,35029,Very High
108077-9,ULINDWANONI,Tabora,Kaliua,Dispensary,-5.04104,31.73612,4551,Moderate
108429-2,ZUGIMLOLE,Tabora,Kaliua,Dispensary,-5.32517001,31.652449001,6611,High
101783-9,IMALAMIHAYO,Tabora,Kaliua,Dispensary,-5.0155,31.8592,3103,Low
108062-1,UKUMBISIGANGA,Tabora,Kaliua,Dispensary,-5.49641,31.5133,6904,High
122927-7,WACHAWASEME,Tabora,Kaliua,Dispensary,-5.06212,31.37712,7569,High
120672-1,USANGI,Tabora,Kaliua,Dispensary,-4.91852,31.90004,17710,Very High
123688-4,UMOJA,Tabora,Kaliua,Health Laboratory,-5.05735,31.79777,13989,Very High
103285-3,KOMBE,Tabora,Kaliua,Dispensary,-5.05985,31.53245,25613,Very High
108234-6,UYOWA,Tabora,Kaliua,Dispensary,-4.54376001,31.9651001,28329,Very High
102432-2,KASHISHI,Tabora,Kaliua,Dispensary,-4.38537,32.3813,7528,High
112319-9,MOUNT SINAI,Tabora,Kaliua,Dispensary,-5.32314,31.65074,14154,Very High
110900-8,IMALAMPAKA,Tabora,Kaliua,Dispensary,-4.948268,31.732557,16910,Very High
101513-0,IGAGALA,Tabora,Kaliua,Dispensary,-4.932497,31.630234,15837,Very High
120674-7,USONGA,Tabora,Kaliua,Dispensary,-4.47775,32.00651,13255,Very High
109993-6,IBAMBO,Tabora,Kaliua,Dispensary,-4.80697,32.4373,12404,Very High
123882-3,MWENDAKULIMA,Tabora,Kaliua,Dispensary,-4.54376,31.96511,7,Very Low
103824-9,MABOHA,Tabora,Kaliua,Dispensary,-5.20552001,31.2307001,3367,Low
123835-1,UGANSA,Tabora,Kaliua,Dispensary,-5.05215,31.33377,13317,Very High
120681-2,LUGANJO MTONI,Tabora,Kaliua,Dispensary,-5.20552,31.23076,10461,Very High
104123-5,MAKONGE,Tabora,Kaliua,Dispensary,-4.66199001,32.2449001,13017,Very High
108458-1,USINGE,Tabora,Kaliua,Dispensary,-5.09609,31.30504,20214,Very High
111210-1,MAKINGI,Tabora,Kaliua,Dispensary,-4.68289001,32.29027001,9162,Very High
109839-1,MPANDAMLOWOKA,Tabora,Kaliua,Dispensary,-4.67356,31.68725,87953,Very High
120673-9,USINGE,Tabora,Kaliua,Health Center,-5.09609,31.30504,20214,Very High
120677-0,KING'WANG'OKO,Tabora,Kaliua,Dispensary,-4.46457,32.32089,11194,Very High
112466-8,NSIMBO,Tabora,Kaliua,Dispensary,-4.94193,31.824439,17752,Very High
102518-8,KAZAROHO,Tabora,Kaliua,Health Center,-4.98873,31.8535,5930,High
100498-5,BUKEMBA,Tabora,Kaliua,Dispensary,-4.67141,32.1037,18406,Very High
112521-0,ST. TERESA MISSION,Tabora,Kaliua,Dispensary,-4.62941,32.16546,7328,High
120671-3,IGOMBE,Tabora,Kaliua,Dispensary,-5.32517,31.65244,419,Very Low
109804-5,USINDI,Tabora,Kaliua,Dispensary,-5.08587,31.84557,4700,Moderate
121312-3,MODERN,Tabora,Kaliua,Clinic,-5.05561,31.76699,2391,Low
110899-2,KALIUA,Tabora,Kaliua,Hospital,-5.029562,31.804589,1456,Very Low
120680-4,MWONGOZO,Tabora,Kaliua,Health Center,-4.80352,32.39381,3528,Low
101566-8,IGOMBE 60,Tabora,Kaliua,Dispensary,-4.56353,32.2657,15247,Very High
101787-0,IMALAUPINA,Tabora,Kaliua,Dispensary,-5.157219,31.797484,14864,Very High
111211-9,MSAMARIA MWEMA,Tabora,Kaliua,Dispensary,-5.04899,31.79837,4685,Moderate
102324-1,KANGEME,Tabora,Kaliua,Dispensary,-5.42692,31.58125,13244,Very High
112467-6,KASUNGU,Tabora,Kaliua,Dispensary,-5.011027,31.788824,3404,Low
102336-5,KANOGE,Tabora,Kaliua,Dispensary,-4.79369,32.33266,9782,Very High
120676-2,UYOWA,Tabora,Kaliua,Health Center,-4.54376,31.96514,6370,High
123831-0,KASHISHI,Tabora,Kaliua,Health Center,-4.38537,32.38132,15861,Very High
108181-9,USINGA,Tabora,Kaliua,Dispensary,-5.669,31.284,4006,Moderate
121075-6,USIMBA II,Tabora,Kaliua,Dispensary,-5.32512,31.65212,1961,Very Low
106035-9,MWONGOZO,Tabora,Kaliua,Dispensary,-4.803521001,32.39381001,4762,Moderate
112520-2,UZIMA,Tabora,Kaliua,Dispensary,-4.622627,32.162112,8424,High
111212-7,NHWANDE,Tabora,Kaliua,Dispensary,-4.68003,32.38629,25930,Very High
110901-6,IGAGALA,Tabora,Kaliua,Health Center,-4.92637,31.63208,37703,Very High
107356-8,SELELI,Tabora,Kaliua,Dispensary,-4.326931,32.328331,14962,Very High
122543-2,SAMA,Tabora,Kaliua,Dispensary,-4.75142,32.35621,5144,Moderate
120678-8,ILEGE,Tabora,Kaliua,Health Center,-4.46457,32.32089,11194,Very High
120778-6,MKUYUNI,Tabora,Kaliua,Dispensary,-5.06147,31.37778,8121,High
108995-2,CHONYONYO,Kagera,Karagwe,Dispensary,-1.56445,31.04857,17724,Very High
106649-7,NYAISHOZI,Kagera,Karagwe,Dispensary,-1.76527,31.12957,11766,Very High
102766-3,KIJUMBURA,Kagera,Karagwe,Dispensary,-1.72467,30.91231,8275,High
107140-6,RUHITA,Kagera,Karagwe,Dispensary,-1.84366,31.17538,6547,High
108917-6,OMURUSIMBI,Kagera,Karagwe,Dispensary,-1.63191,31.09437,6126,High
102638-4,KIBWERA,Kagera,Karagwe,Dispensary,-1.31806,31.12159,6391,High
113042-6,FAMILY,Kagera,Karagwe,Health Laboratory,-1.53272,31.15348,303,Very Low
108924-2,NYAKAGOYAGOYE,Kagera,Karagwe,Dispensary,-1.68328,30.98312,3735,Low
108931-7,KIGARAMA,Kagera,Karagwe,Dispensary,-1.2879,31.02337,11252,Very High
109572-8,BWERANYANGE,Kagera,Karagwe,Dispensary,-1.76446,30.87526,6432,High
102514-7,KAYANGA PRISON,Kagera,Karagwe,Dispensary,-1.53188,31.15598,2896,Low
107135-6,RUGU,Kagera,Karagwe,Dispensary,-1.82922,31.15933,7652,High
106635-6,NYABIYONZA,Kagera,Karagwe,Dispensary,-1.7062,30.97542,3476,Low
122649-7,MBEKEIZE HEALTH,Kagera,Karagwe,Health Laboratory,-1.53171,31.15446,693,Very Low
101616-1,IHEMBE,Kagera,Karagwe,Dispensary,-1.73013,31.1329,5717,Moderate
102271-4,KAMAGAMBO,Kagera,Karagwe,Dispensary,-1.60774,30.93779,10633,Very High
100739-2,CHANIKA,Kagera,Karagwe,Dispensary,-1.44839,31.09065,15389,Very High
102375-3,KARASECO,Kagera,Karagwe,Dispensary,-1.46307,31.18084,5205,Moderate
107605-8,ST. LONGINUS,Kagera,Karagwe,Dispensary,-1.7259,30.96314,1803,Very Low
112869-3,KIBONDO,Kagera,Karagwe,Dispensary,-1.74861,30.97367,5311,Moderate
113920-3,KAFUNJO,Kagera,Karagwe,Dispensary,-1.59386,30.89311,8283,High
109553-8,KANDEGESHO,Kagera,Karagwe,Dispensary,-1.8293,30.95011,23804,Very High
122655-4,WEMA HEALTH,Kagera,Karagwe,Health Laboratory,-1.73252,30.96601,2436,Low
103172-3,KITENGULE PRISON,Kagera,Karagwe,Dispensary,-1.25269,31.3245,2065,Very Low
123258-6,PANGONI HEALTH,Kagera,Karagwe,Health Laboratory,-1.60521,31.13852,11387,Very High
112067-4,IHEMBE II,Kagera,Karagwe,Dispensary,-1.7123,31.1614,3453,Low
100719-4,CHAMCHUZI,Kagera,Karagwe,Dispensary,-1.776356,30.863539,6045,High
113919-5,RUKALE,Kagera,Karagwe,Dispensary,-1.69587,31.12991,3450,Low
100468-8,BUHAMIRA,Kagera,Karagwe,Dispensary,-1.562588,31.246498,8227,High
102207-8,KAKIRO,Kagera,Karagwe,Dispensary,-1.4539,31.14891,7153,High
103053-5,KIRURUMA,Kagera,Karagwe,Dispensary,-1.64849,30.9509,8507,High
106663-8,NYAKASIMBI,Kagera,Karagwe,Dispensary,-1.84122,31.12863,7761,High
100497-7,BUKANGARA,Kagera,Karagwe,Dispensary,-1.719344,31.024048,4206,Moderate
109385-5,FAMILY,Kagera,Karagwe,Dispensary,-1.5337,31.15704,2646,Low
112068-2,NYAKAYANJA,Kagera,Karagwe,Health Center,-1.71737,31.11135,7554,High
103105-3,KISHOJU,Kagera,Karagwe,Dispensary,-1.43763,31.17348,8580,High
122761-0,CHABALISA,Kagera,Karagwe,Dispensary,-1.70637,30.99971,5863,High
112070-8,RUBALE,Kagera,Karagwe,Dispensary,-1.74694,31.16044,4782,Moderate
106656-2,NYAKAHANGA,Kagera,Karagwe,Hospital,-1.60357,31.1411,20027,Very High
109347-5,EDEN JOYCE,Kagera,Karagwe,Dispensary,-1.53115,31.15267,7520,High
108906-9,KAHANGA,Kagera,Karagwe,Dispensary,-1.8873,31.13512,12409,Very High
123733-8,BESA,Kagera,Karagwe,Dispensary,-1.68029,30.97967,4526,Moderate
109558-7,KIBOGOIZI,Kagera,Karagwe,Dispensary,-1.70848,31.17848,5659,Moderate
102216-9,KAKURAIJO,Kagera,Karagwe,Dispensary,-1.75401,30.99677,8426,High
112188-8,Neema,Kagera,Karagwe,Dispensary,-1.53744,31.15544,11192,Very High
106651-3,NYAKABANGA,Kagera,Karagwe,Dispensary,-1.78611,30.97643,14828,Very High
106659-6,ST. RAPHAEL'S  NYAKAIGA,Kagera,Karagwe,Hospital,-1.73125,30.96309,1514,Very Low
100493-6,BUJURUGA,Kagera,Karagwe,Dispensary,-1.592144,31.17456,7696,High
120344-7,KEYMARK,Kagera,Karagwe,Clinic,-1.53251,31.15113,14596,Very High
102512-1,KAYANGA,Kagera,Karagwe,Health Center,-1.53465,31.15282,2806,Low
122640-6,MWEKA,Kagera,Karagwe,Health Laboratory,-1.53237,31.15286,186,Very Low
102500-6,KATWE,Kagera,Karagwe,Dispensary,-1.41536,31.12823,13060,Very High
109004-2,BISHESHE,Kagera,Karagwe,Dispensary,-1.67774,31.11907,7503,High
107191-9,ST. FRANCIS RWAMBAIZI,Kagera,Karagwe,Health Center,-1.34677,31.11921,10607,Very High
108913-5,KANONI,Kagera,Karagwe,Dispensary,-1.35581,31.03124,9237,Very High
113921-1,KARAGWE DISTRICT,Kagera,Karagwe,Hospital,-1.48837,31.164180000000002,9128,Very High
102377-9,KARATU LUTHERAN,Arusha,Karatu,Hospital,-3.337586,35.626898,3221,Low
101088-3,ENDAMAGHANG,Arusha,Karatu,Dispensary,-3.376743,35.335831,2251,Low
120281-1,JJ POLYCLINIC,Arusha,Karatu,Clinic,-3.33916,35.67273,6106,High
101037-0,DUMBECHAND,Arusha,Karatu,Dispensary,-3.579308,35.315045,1137,Very Low
108505-9,RHOTIA KAINAM,Arusha,Karatu,Dispensary,-3.3353,35.7318,4722,Moderate
100451-4,BUGER,Arusha,Karatu,Dispensary,-3.725942,35.638136,34,Very Low
101081-8,ENDABASH,Arusha,Karatu,Health Center,-3.581053,35.612787,5616,Moderate
111590-6,ENDONYAWET,Arusha,Karatu,Dispensary,-3.58806,35.67484,6988,High
106328-8,NGAIBARA,Arusha,Karatu,Dispensary,-3.670827,35.573101,3346,Low
100202-1,AYALABE,Arusha,Karatu,Dispensary,-3.35739,35.689692,3298,Low
111459-4,ENDESH,Arusha,Karatu,Dispensary,-3.7927399999999998,34.93553,3430,Low
100766-5,CHEMCHEM,Arusha,Karatu,Dispensary,-3.39134,35.76646,5056,Moderate
104256-3,ASKOFU HHANDO,Arusha,Karatu,Health Center,-3.52903,35.33227,1274,Very Low
114794-1,BASHAY,Arusha,Karatu,Dispensary,-3.356376,35.625486,3035,Low
100333-4,ZACCI,Arusha,Karatu,Dispensary,-3.34605,35.63338,3724,Low
101094-1,ENDASHANGWET,Arusha,Karatu,Dispensary,-3.42723,35.56179,5473,Moderate
104438-7,MATALA,Arusha,Karatu,Dispensary,-3.876931,34.754855,5004,Moderate
124416-9,DOFFA HEALTH,Arusha,Karatu,Health Laboratory,-3.37116,35.60029,2739,Low
103591-4,LOSITETE,Arusha,Karatu,Dispensary,-3.179727,35.904982,3990,Moderate
106899-8,OLDEANI,Arusha,Karatu,Health Center,-3.348367,35.554879,5368,Moderate
104257-1,MANG'OLA JUU,Arusha,Karatu,Dispensary,-3.387091,35.499617,4008,Moderate
104258-9,MANG'OLA PRISON,Arusha,Karatu,Dispensary,-3.556144,35.327469,1181,Very Low
101287-1,GYEKRUM LAMBO,Arusha,Karatu,Dispensary,-3.395649,35.67946,5917,High
107083-8,RHOTIA,Arusha,Karatu,Health Center,-3.310809,35.737693,10104,Very High
114770-1,SUMAWE,Arusha,Karatu,Dispensary,-3.336506,35.65855,4826,Moderate
100322-7,BARAKA,Arusha,Karatu,Dispensary,-3.34389,35.67626,1708,Very Low
101124-6,FAME,Arusha,Karatu,Hospital,-3.316921,35.660081,2062,Very Low
104644-0,MBUGA NYEKUNDU,Arusha,Karatu,Health Center,-3.535827,35.374898,3119,Low
115241-2,ORBOSHAN,Arusha,Karatu,Dispensary,-3.65861,35.63806,5131,Moderate
107046-5,QARU,Arusha,Karatu,Dispensary,-3.523203,35.625352,9276,Very High
103451-1,LAJA,Arusha,Karatu,Dispensary,-3.627989,35.546485,6061,High
101089-1,ENDAMARARIEK,Arusha,Karatu,Health Center,-3.503743,35.670705,8300,High
104102-9,MAXOROMBA,Arusha,Karatu,Dispensary,-3.382805,35.434821,1759,Very Low
102286-2,KAMBI YA SIMBA,Arusha,Karatu,Health Center,-3.277992,35.801515,10454,Very High
102340-7,KANSAY,Arusha,Karatu,Health Center,-3.66907,35.59363,6438,High
113937-7,MARERA,Arusha,Karatu,Dispensary,-3.322777,35.717734,4654,Moderate
120837-0,HUDUMA,Arusha,Karatu,Dispensary,-3.368349,35.807172,8899,High
100339-1,BASODAWISH,Arusha,Karatu,Dispensary,-3.4409,35.67453,5487,Moderate
104170-6,MALECKCHAND,Arusha,Karatu,Dispensary,-3.528134,35.294744,2164,Low
102376-1,KARATU,Arusha,Karatu,Health Center,-3.339992,35.669432,3751,Low
113939-3,MAHHAHHA,Arusha,Karatu,Dispensary,-3.5211741,35.7059369,3128,Low
113964-1,KARATU,Arusha,Karatu,Hospital,-3.38532,35.57631,3275,Low
112463-5,DOFA,Arusha,Karatu,Dispensary,-3.36096,35.61296,4044,Moderate
112937-8,LAKE EYASI,Arusha,Karatu,Dispensary,-3.49978,35.40206,4149,Moderate
103446-1,LAGHANGARERI,Arusha,Karatu,Dispensary,-3.552925,35.295794,1595,Very Low
101203-8,Getamock,Arusha,Karatu,Dispensary,-3.51395,35.71346,4026,Moderate
107045-7,Qangded,Arusha,Karatu,Dispensary,-3.50801,35.39382,3579,Low
108133-0,UPENDO CRCT,Arusha,Karatu,Dispensary,-3.518781,35.335911,8024,High
107507-6,Slahhamo,Arusha,Karatu,Dispensary,-3.249617,35.82774,6802,High
111226-7,WDA,Arusha,Karatu,Dispensary,-3.584101,35.610607,6670,High
101380-4,HOLYSPIRIT,Arusha,Karatu,Dispensary,-3.34658,35.67261,11365,Very High
112276-1,AGAPE,Arusha,Karatu,Dispensary,-3.32022,35.40452,859,Very Low
107052-3,QURUS,Arusha,Karatu,Dispensary,-3.433426,35.610985,4641,Moderate
101087-5,Endallah,Arusha,Karatu,Dispensary,-3.457813,35.737399,6182,High
102555-0,KHUSUMAY,Arusha,Karatu,Dispensary,-3.472663,35.622913,4141,Moderate
113942-7,GYEKRUM ARUSHA,Arusha,Karatu,Dispensary,-3.362003,35.69256,3805,Low
120762-0,KILIMATEMBO,Arusha,Karatu,Dispensary,-3.3353,35.6558,3833,Low
101216-0,GIDAMILANDA,Arusha,Karatu,Dispensary,-3.736576,35.080295,3259,Low
104904-8,MIKOCHENI,Arusha,Karatu,Dispensary,-3.340042,35.669509,807,Very Low
104255-5,MANG'OLA BARAZANI,Arusha,Karatu,Dispensary,-3.528448,35.334794,2502,Low
102087-4,JOBAJ,Arusha,Karatu,Dispensary,-3.553294,35.340498,2564,Low
107840-1,TLOMA,Arusha,Karatu,Dispensary,-3.311363,35.671239,5617,Moderate
107913-6,TUMAINI,Arusha,Karatu,Dispensary,-3.43921,35.66995,4034,Moderate
101254-1,GORANGA,Arusha,Karatu,Dispensary,-3.34182,35.67591,3922,Moderate
102378-7,KARATU RC,Arusha,Karatu,Dispensary,-3.34556,35.68218,6979,High
108143-9,UPPER KITETE,Arusha,Karatu,Dispensary,-3.243538,35.881809,6587,High
101244-2,GONGALI,Arusha,Karatu,Dispensary,-3.388379,35.653399,6014,High
102689-7,KIGADYE,Kigoma,Kasulu,Dispensary,-4.060738,30.263539,22718,Very High
106841-0,Nyenge,Kigoma,Kasulu,Health Center,-4.621993,30.265184,9092,Very High
102163-3,KAGERA NKANDA,Kigoma,Kasulu,Dispensary,-4.580962,30.581582,20105,Very High
102178-1,KAGURUKA,Kigoma,Kasulu,Dispensary,-4.795592,30.252973,9333,Very High
102232-6,KALELA,Kigoma,Kasulu,Dispensary,-4.814065,29.932381,16130,Very High
106644-8,NYACHENDA,Kigoma,Kasulu,Dispensary,-4.389806,30.349245,11978,Very High
104100-3,MAKERE,Kigoma,Kasulu,Dispensary,-4.278725,30.419551,13563,Very High
101359-8,HERU-USHINGO,Kigoma,Kasulu,Dispensary,-4.190899,30.232882,13285,Very High
107170-3,RUSESA,Kigoma,Kasulu,Health Center,-4.820554,30.016594,17844,Very High
106721-4,NYAMIDAHO,Kigoma,Kasulu,Health Center,-4.235195,30.467512,7356,High
113479-0,KURUGONGO,Kigoma,Kasulu,Dispensary,-4.64755,30.32943,15246,Very High
106809-7,NYARUGUSU REFUGEE CAMP,Kigoma,Kasulu,Health Center,-4.223486,30.390491,51842,Very High
103169-9,KITEMA,Kigoma,Kasulu,Dispensary,-4.574157,30.28815,11878,Very High
102701-0,KIGEMBE,Kigoma,Kasulu,Dispensary,-4.831409,30.118802,7027,High
100482-9,BUHORO,Kigoma,Kasulu,Dispensary,-4.39914,30.18316,13035,Very High
105636-5,MUGOMBE,Kigoma,Kasulu,Dispensary,-4.451396,30.292344,16042,Very High
112044-3,KABULANZWILI,Kigoma,Kasulu,Dispensary,-4.703308,30.360681,18422,Very High
108748-5,MVUGWE,Kigoma,Kasulu,Dispensary,-4.20109,30.48699,14030,Very High
102403-3,KASANGEZI,Kigoma,Kasulu,Dispensary,-4.777712,30.036449,14277,Very High
107837-7,TITYE,Kigoma,Kasulu,Dispensary,-4.675228,30.295053,18127,Very High
121967-4,KUMTUNDU,Kigoma,Kasulu,Dispensary,-4.17471,30.49794,7471,High
105840-3,MWALI,Kigoma,Kasulu,Dispensary,-4.31872,30.319849,7491,High
105745-4,MUYOVOZI,Kigoma,Kasulu,Health Center,-4.386119,30.253725,3341,Low
100434-0,BUGAGA,Kigoma,Kasulu,Dispensary,-4.664482,30.065691,13297,Very High
114468-2,ELISHADAI,Kigoma,Kasulu,Health Laboratory,-4.27905,30.42559,11529,Very High
110229-2,NYARUGUSU,Kigoma,Kasulu,Dispensary,-4.182815,30.316668,8850,High
103159-0,KITANGA,Kigoma,Kasulu,Dispensary,-3.872802,30.3299,23419,Very High
107164-6,Rungwe Mpya,Kigoma,Kasulu,Dispensary,-4.786278,30.210661,7991,High
110237-5,MALALO,Kigoma,Kasulu,Dispensary,-4.733049,30.309166,8256,High
103142-6,KITAGATA,Kigoma,Kasulu,Dispensary,-4.37079,30.380125,11127,Very High
108414-4,ZEZE,Kigoma,Kasulu,Dispensary,-4.907705,30.059975,8358,High
107447-5,SHUNGA,Kigoma,Kasulu,Hospital,-4.344785,30.225293,13566,Very High
108754-3,KIMWANYA,Kigoma,Kasulu,Health Center,-4.377421,30.363646,1741,Very Low
107449-1,SHUNGULIBA,Kigoma,Kasulu,Dispensary,-4.723872,30.254277,5198,Moderate
108758-4,NYAMNYUSI,Kigoma,Kasulu,Dispensary,-4.53159,30.259079,7807,High
103454-5,LALAMBE,Kigoma,Kasulu,Dispensary,-4.637227,30.255777,6241,High
106547-3,NKUNDUTSI,Kigoma,Kasulu,Dispensary,-4.691681,30.055156,9473,Very High
105766-0,MVINZA,Kigoma,Kasulu,Dispensary,-4.496927,30.595924,9196,Very High
106680-2,NYAKITONTO,Kigoma,Kasulu,Health Center,-4.481706,30.275851,17062,Very High
105516-9,MTABILA,Kigoma,Kasulu,Dispensary,-4.41495,30.2794,7307,High
123277-6,JUMAPILI,Kigoma,Kasulu,Health Laboratory,-4.60277,30.11638,3193,Low
120859-4,KITANGA,Kigoma,Kasulu,Health Center,-3.84678,30.32813,1805,Very Low
105763-7,MUZYE,Kigoma,Kasulu,Dispensary,-4.714302,30.046998,8970,High
103355-4,KWAGA,Kigoma,Kasulu,Dispensary,-4.840738,29.978179,15514,Very High
100195-7,ASANTE NYERERE,Kigoma,Kasulu,Dispensary,-4.866151,30.348197,32796,Very High
114046-6,KASULU,Kigoma,Kasulu,Hospital,-4.49228,30.25559,4138,Moderate
120858-6,RUNGWE MPYA,Kigoma,Kasulu,Health Center,-4.76447,30.21031,10311,Very High
105724-9,MUTALA,Kigoma,Kasulu,Dispensary,-4.717696,30.051589,10301,Very High
122526-7,MASANZA,Kigoma,Kasulu,Dispensary,-4.52028,30.12549,6302,High
114708-1,VITOLIANY,Kigoma,Kasulu,Health Center,-4.556862,30.048223,1076,Very Low
120280-3,KILAA,Kigoma,Kasulu,Dispensary,-4.579613,30.101599,12942,Very High
106014-4,MWIBUYE,Kigoma,Kasulu,Dispensary,-4.48942,30.05942,11229,Very High
107141-4,RUHITA,Kigoma,Kasulu,Dispensary,-4.56004,30.21389,5301,Moderate
102720-0,KIGONDO,Kigoma,Kasulu,Dispensary,-4.59288,30.18077,7233,High
102673-1,KIDYAMA,Kigoma,Kasulu,Dispensary,-4.54463,30.14493,13652,Very High
113016-0,BARIKI,Kigoma,Kasulu,Health Laboratory,-4.57352,30.09875,1260,Very Low
105660-5,MUHUNGA,Kigoma,Kasulu,Dispensary,-4.62606,30.03127,10941,Very High
122439-3,KUMNYIKA,Kigoma,Kasulu,Dispensary,-4.36291,36.64712,708,Very Low
106864-2,NYUMBIGWA,Kigoma,Kasulu,Dispensary,-4.66369,30.1218,9357,Very High
102302-7,KANAZI,Kigoma,Kasulu,Dispensary,-4.4997,30.212668,11579,Very High
123278-4,ASANTE,Kigoma,Kasulu,Health Laboratory,-4.56847,30.09847,2564,Low
104359-5,MARUMBA,Kigoma,Kasulu,Dispensary,-4.672892,29.985774,6239,High
102132-8,KABANGA MISSION,Kigoma,Kasulu,Hospital,-4.509331,30.105081,12101,Very High
121723-1,NYANTARE,Kigoma,Kasulu,Dispensary,-4.60816,30.10911,1666,Very Low
123522-5,UZIMA,Kigoma,Kasulu,Health Laboratory,-4.57391,30.09824,7491,High
105708-2,MURUFITI,Kigoma,Kasulu,Dispensary,-4.62105,30.21647,9574,Very High
102694-7,KIGANAMO,Kigoma,Kasulu,Health Center,-4.56966,30.10422,1600,Very Low
111177-2,JB UPENDO,Kigoma,Kasulu,Dispensary,-4.57017,30.09899,1560,Very Low
105917-9,MWANGA,Kigoma,Kasulu,Dispensary,-4.44157,30.10579,8763,High
122525-9,MWENDA,Kigoma,Kasulu,Dispensary,-4.66074,30.14614,5400,Moderate
102453-8,KASULU TC,Kigoma,Kasulu,Hospital,-4.56113,30.0967,4216,Moderate
122440-1,MUUNGANO,Kigoma,Kasulu,Dispensary,-4.48632,30.15597,7116,High
101358-0,HERU JUU,Kigoma,Kasulu,Dispensary,-4.536862,30.048338,13759,Very High
105425-3,MSAMBARA,Kigoma,Kasulu,Dispensary,-4.47723,30.16301,2579,Low
121718-1,KINKATI,Kigoma,Kasulu,Dispensary,-4.55646,30.10824,9644,Very High
107337-8,SDA KASULU,Kigoma,Kasulu,Dispensary,-4.57398,30.09829,3631,Low
121738-9,MWAMITARE,Kigoma,Kasulu,Health Center,-4.36293,30.54011,1006,Very Low
122538-2,OKRA,Kigoma,Kasulu,Clinic,-4.56577,30.11682,22937,Very High
121739-7,NYANSHA,Kigoma,Kasulu,Health Center,-4.59464,30.13759,1973,Very Low
108508-3,MAGEREZA,Kigoma,Kasulu,Dispensary,-4.5612,30.09202,4924,Moderate
111699-5,WARIDI GENERAL,Kigoma,Kasulu,Dispensary,-4.57144,30.10305,3386,Low
109190-9,MARUMBA REHABILITATION,Kigoma,Kasulu,Health Center,-4.67094,30.00219,2889,Low
121729-8,MWILAMVYA,Kigoma,Kasulu,Dispensary,-4.56905,30.11157,11350,Very High
111176-4,KAHHOBACO,Kigoma,Kasulu,Maternity and Nursing Home,-4.59256,30.10677,12895,Very High
101409-1,HINYUYE,Kigoma,Kasulu,Dispensary,-4.57686,30.04833,161,Very Low
122527-5,MURUSI,Kigoma,Kasulu,Dispensary,-4.57634,30.13347,5907,High
123864-1,TRECIOUS MEDICAL,Pwani,Kibaha,Health Laboratory,-6.73513,38.73095,5676,Moderate
121409-7,AGKI,Pwani,Kibaha,Health Laboratory,-6.7834034,38.859116,3221,Low
107591-0,ST. GETRUDE,Pwani,Kibaha,Dispensary,-6.72038,38.74029,1813,Very Low
103688-8,LUKENGE,Pwani,Kibaha,Dispensary,-6.89051,38.33367,1806,Very Low
107181-0,RUVU JKT,Pwani,Kibaha,Health Center,-6.693611,38.738059,3151,Low
112523-6,MEMA,Pwani,Kibaha,Dispensary,-6.83426,38.91749,4684,Moderate
101267-3,GUMBA,Pwani,Kibaha,Dispensary,-6.76124,38.3575,3260,Low
100983-6,DISUNYARA,Pwani,Kibaha,Dispensary,-6.74798,38.7273,3025,Low
101284-8,GWATA,Pwani,Kibaha,Dispensary,-6.71366,38.36961,3588,Low
122006-0,SUNSHINE.,Pwani,Kibaha,Health Laboratory,-6.72367,38.74065,4295,Moderate
101044-6,DUTUMI,Pwani,Kibaha,Dispensary,-6.8711,38.5715,2160,Low
122297-5,VIKURUTI,Pwani,Kibaha,Dispensary,-6.67186,38.76303,4056,Moderate
122639-8,VICTORIA MEDICAL  SERVICES,Pwani,Kibaha,Health Laboratory,-6.72471,38.75742,5409,Moderate
108445-8,KWALA,Pwani,Kibaha,Health Center,-6.80247,38.57901,2623,Low
107530-8,SOGA,Pwani,Kibaha,Dispensary,-6.83087,38.865856,622,Very Low
104827-1,MICO GUMBA,Pwani,Kibaha,Dispensary,-6.76877,38.35471,1960,Very Low
113297-6,HONEST,Pwani,Kibaha,Health Laboratory,-6.72034,38.73739,2916,Low
122571-3,MUJORE,Pwani,Kibaha,Dispensary,-6.74198,38.74284,4908,Moderate
107185-1,RUVU SEC,Pwani,Kibaha,Dispensary,-6.70629,38.71026,982,Very Low
111732-4,MAILE,Pwani,Kibaha,Dispensary,-6.71954,38.73475,6411,High
103967-6,MAGINDU,Pwani,Kibaha,Health Center,-6.8172,38.3221,2411,Low
111706-8,UMOJA,Pwani,Kibaha,Dispensary,-6.70821,38.74126,6489,High
107186-9,RUVU STATION,Pwani,Kibaha,Dispensary,-6.811631,38.657959,2529,Low
120631-7,MPIJI,Pwani,Kibaha,Dispensary,-6.86097,38.93221,2141,Low
106375-9,NGETA,Pwani,Kibaha,Dispensary,-6.821408,38.772291,2474,Low
110008-0,MSUA,Pwani,Kibaha,Dispensary,-6.822703,38.432682,1034,Very Low
102066-8,JABAL HIRA,Pwani,Kibaha,Dispensary,-6.71331,38.73441,4121,Moderate
121265-3,MLANDIZI,Pwani,Kibaha,Clinic,-6.72042,38.74465,2800,Low
108446-6,LUPUNGA,Pwani,Kibaha,Dispensary,-6.84019,38.69821,1472,Very Low
111453-7,MWANGA,Pwani,Kibaha,Health Center,-6.71444,38.73893,3434,Low
121957-5,Najo,Pwani,Kibaha,Health Laboratory,-6.832762,38.865414,2665,Low
102790-3,KIKONGO,Pwani,Kibaha,Dispensary,-6.797884,38.727064,2081,Very Low
113785-0,URUMWA,Pwani,Kibaha,Dispensary,-6.71964,38.74572,2785,Low
123169-5,MASHIBA,Pwani,Kibaha,Dispensary,-6.74011,38.73871,3436,Low
105365-1,MPERAMUMBI,Pwani,Kibaha,Dispensary,-6.77543,38.48106,2078,Very Low
113938-5,KIBAHA DC,Pwani,Kibaha,Hospital,-6.77883,38.72324,937,Very Low
100391-2,BOKO MNEMELA,Pwani,Kibaha,Dispensary,-6.84198,38.9146,1567,Very Low
111794-4,ST. MICHAEL,Pwani,Kibaha,Health Center,-6.77787,38.72805,1820,Very Low
120691-1,KIPANGEGE,Pwani,Kibaha,Dispensary,-6.86228,38.84005,512,Very Low
122744-6,SHINE,Pwani,Kibaha,Health Laboratory,-6.71641,38.74214,1931,Very Low
114417-9,Ester,Pwani,Kibaha,Health Laboratory,-6.8246217,38.86558,2102,Very Low
124164-5,BLIDA,Pwani,Kibaha,Dispensary,-6.71935,38.74354,1213,Very Low
105899-9,MWANABWITO,Pwani,Kibaha,Dispensary,-6.78573,38.6861,2285,Low
113834-6,ICS Mikocheni Charitable,Pwani,Kibaha,Dispensary,-6.73047,38.73205,7278,High
105189-5,MLANDIZI,Pwani,Kibaha,Health Center,-6.71394,38.7429,4050,Moderate
123211-5,LIULI,Pwani,Kibaha,Dispensary,-6.80284,38.57715,1889,Very Low
110032-0,KITOMONDO,Pwani,Kibaha,Dispensary,-6.87236,38.6078,1591,Very Low
122239-7,TAWAKALI,Pwani,Kibaha,Health Laboratory,-6.802143,38.57682,1455,Very Low
108260-1,VIKUGE,Pwani,Kibaha,Dispensary,-6.78061,38.8622,2378,Low
122363-5,KISABI,Pwani,Kibaha,Dispensary,-6.73975,38.70076,2957,Low
120689-5,MISUFINI,Pwani,Kibaha,Dispensary,-6.86228,38.81515,476,Very Low
123572-0,MAGINDUVILLAGE,Pwani,Kibaha,Health Laboratory,-6.81585,38.32033,1808,Very Low
102891-9,KIMALAMISALE,Pwani,Kibaha,Dispensary,-7.019213,38.496872,1944,Very Low
111315-8,UPENDO,Pwani,Kibaha,Dispensary,-6.72958,38.73971,8733,High
124388-0,ZAKARIA,Pwani,Kibaha,Dispensary,-6.72375,38.94822,1205,Very Low
123044-0,NEXTGEN,Pwani,Kibaha,Clinic,-6.76006,38.98997,10873,Very High
107010-1,POLICE,Pwani,Kibaha,Dispensary,-6.79231,38.99568,4037,Moderate
113584-7,MPANGILE,Pwani,Kibaha,Dispensary,-6.76395,38.95439,6613,High
121392-5,HOSEA,Pwani,Kibaha,Dispensary,-6.754585,38.963722,6921,High
113583-9,DA. MA. AFRICA MDM,Pwani,Kibaha,Dispensary,-6.66374,39.03651,575,Very Low
103948-6,MKUZA MAGEREZA,Pwani,Kibaha,Dispensary,-6.76797,38.9504,5546,Moderate
114835-2,TUNAJALI,Pwani,Kibaha,Dispensary,-6.75495,38.93271,2388,Low
122357-7,SEL,Pwani,Kibaha,Clinic,-6.78344,38.98929,1032,Very Low
114595-2,SIMAMA,Pwani,Kibaha,Clinic,-6.75828,38.93154,1743,Very Low
113292-7,KILIMANI,Pwani,Kibaha,Health Laboratory,-6.73819,38.87008,2908,Low
114297-5,OROTHA,Pwani,Kibaha,Health Laboratory,-6.761104,38.928356,4825,Moderate
121853-6,SABNIA,Pwani,Kibaha,Dispensary,-6.716151,39.035988,5880,High
106865-9,NYUMBU,Pwani,Kibaha,Health Center,-6.729972,38.947955,1011,Very Low
124086-0,STAZIA,Pwani,Kibaha,Health Laboratory,-6.72375,38.94822,1205,Very Low
122720-6,UPENDO AFYA,Pwani,Kibaha,Dispensary,-6.76025,38.93592,1627,Very Low
104713-3,MEDEWELL CHARITABLE,Pwani,Kibaha,Hospital,-6.79402,39.00239,5573,Moderate
113277-8,MAILI MOJA,Pwani,Kibaha,Health Laboratory,-6.783534,38.993782,822,Very Low
122977-2,SOFU,Pwani,Kibaha,Health Laboratory,-6.72127,38.94913,768,Very Low
108453-2,MISUGUSUGU,Pwani,Kibaha,Dispensary,-6.72912,38.8389,7310,High
110017-1,MTAKUJA,Pwani,Kibaha,Dispensary,-6.72971,38.98996,3848,Low
105080-6,MKOANI,Pwani,Kibaha,Health Center,-6.78816,38.98892,1996,Very Low
121137-4,NEEMA HEALTH LABORATORY CENTER,Pwani,Kibaha,Health Laboratory,-6.77114,38.811958,4499,Moderate
113279-4,NGOSHA,Pwani,Kibaha,Health Laboratory,-6.76059,38.93577,2119,Very Low
121911-2,MWANALUGALI,Pwani,Kibaha,Dispensary,-6.70088,39.04442,6398,High
113581-3,BETHEL,Pwani,Kibaha,Dispensary,-6.754419,38.913505,6207,High
122008-6,LEGA MEDICAL,Pwani,Kibaha,Health Laboratory,-6.70177,39.036896,3119,Low
113299-2,HELEEY,Pwani,Kibaha,Health Laboratory,-6.78492,38.99859,5711,Moderate
114836-0,KIBAHA SPECIALIZED POLYCLINIC,Pwani,Kibaha,Clinic,-6.74775,38.90356,8397,High
121374-3,Amani,Pwani,Kibaha,Dispensary,-6.77012,39.01594,5903,High
114327-0,NEKANA,Pwani,Kibaha,Health Laboratory,-6.723758,38.785305,13046,Very High
113287-7,HOSEA,Pwani,Kibaha,Health Laboratory,-6.76371,38.95295,3930,Moderate
108271-8,VISIGA SEMINARY,Pwani,Kibaha,Dispensary,-6.73027,38.8046,9767,Very High
122577-0,BAKE RAKIDO,Pwani,Kibaha,Dispensary,-6.74799,38.96796,776,Very Low
120690-3,MIWALENI,Pwani,Kibaha,Dispensary,-6.730995,38.772099,3396,Low
114753-7,ANIVONA,Pwani,Kibaha,Clinic,-6.72633,38.87484,3748,Low
114255-3,DM,Pwani,Kibaha,Health Laboratory,-6.731691,38.87183,4014,Moderate
104680-4,MBWAWA,Pwani,Kibaha,Dispensary,-6.64531,38.7801,4504,Moderate
122162-1,KITUMA,Pwani,Kibaha,Health Laboratory,-6.758156,38.941662,5257,Moderate
121910-4,KONGOWE,Pwani,Kibaha,Health Center,-6.75632,38.87941,4884,Moderate
110027-0,NHUMBA LIFE CARE,Pwani,Kibaha,Dispensary,-6.782,38.99583,5393,Moderate
113982-3,KIBAHA MJI,Pwani,Kibaha,Hospital,-6.74722,38.96934,1028,Very Low
102617-8,KIBONDENI,Pwani,Kibaha,Dispensary,-6.75642,38.92532,8454,High
108273-4,VIZIWAZIWA,Pwani,Kibaha,Dispensary,-6.79182,38.9069,5820,Moderate
114291-8,FLOWER,Pwani,Kibaha,Health Laboratory,-6.772592,38.990776,10094,Very High
110110-4,MAILIMOJA,Pwani,Kibaha,Dispensary,-6.78356,38.99374,724,Very Low
110029-6,FILBERT BAYI,Pwani,Kibaha,Health Center,-6.74731,38.94822,3780,Low
112323-1,WHITE HOPE,Pwani,Kibaha,Health Center,-6.74841,38.89268,11863,Very High
121909-6,SOFU,Pwani,Kibaha,Dispensary,-6.78747,38.94299,2734,Low
120692-9,BOKOTIMIZA,Pwani,Kibaha,Dispensary,-6.81645,38.951363,7576,High
114754-5,MASHANGILIO,Pwani,Kibaha,Health Center,-6.75288,38.93427,1088,Very Low
122748-7,LIPESHAMA,Pwani,Kibaha,Health Laboratory,-6.76044,38.93405,1535,Very Low
108270-0,VISIGA,Pwani,Kibaha,Dispensary,-6.73373,38.7956,6362,High
113582-1,MWEMBETAYARI,Pwani,Kibaha,Dispensary,-6.75192,38.93475,4002,Moderate
113276-0,CRC,Pwani,Kibaha,Health Laboratory,-6.77823,38.98844,1739,Very Low
124454-0,KIANG'S,Pwani,Kibaha,Health Laboratory,-6.74105,38.95523,1035,Very Low
100267-4,ARAFA MWENDAPOLE,Pwani,Kibaha,Dispensary,-6.75084,38.90674,2001,Very Low
113720-7,MAJA,Pwani,Kibaha,Dispensary,-6.74214,38.86737,7476,High
103309-1,Kongowe Forest,Pwani,Kibaha,Dispensary,-6.71524,38.87257,1545,Very Low
120750-5,DESIRE CHARITABLE HOSPITAL AND REHABILITATION CENTRE,Pwani,Kibaha,Hospital,-6.729889,38.842632,9502,Very High
121593-8,SAENI,Pwani,Kibaha,Dispensary,-6.77441,38.81882,3232,Low
106235-5,NDALENYI,Pwani,Kibaha,Clinic,-6.77962,38.98649,1254,Very Low
106001-1,MWENDAPOLE,Pwani,Kibaha,Dispensary,-6.75145,38.9114,6724,High
110024-7,CRC,Pwani,Kibaha,Dispensary,-6.77821,38.98839,471,Very Low
114837-8,AGA KHAN KIBAHA,Pwani,Kibaha,Clinic,-6.75287,38.93428,534,Very Low
110220-1,GALAGAZA,Pwani,Kibaha,Dispensary,-6.705024,38.916484,5918,High
114726-3,EL OLAM,Pwani,Kibaha,Clinic,-6.72063,38.87121,3536,Low
108444-1,KONGOWE,Pwani,Kibaha,Dispensary,-6.7362,38.8735,6664,High
107942-5,TUMBI,Pwani,Kibaha,Hospital,-6.784671,38.970903,4189,Moderate
113585-4,RUVUMA,Pwani,Kibaha,Health Center,-6.75328,38.90342,4281,Moderate
113285-1,Emmanuel,Pwani,Kibaha,Health Laboratory,-6.74154,38.93624,9396,Very High
114717-2,MSANGANI MTAA,Pwani,Kibaha,Dispensary,-6.696432,38.943459,7412,High
114718-0,MKUZA,Pwani,Kibaha,Dispensary,-6.7716,38.92836,7082,High
108457-3,ROYAL,Pwani,Kibaha,Health Center,-6.79156,38.98609,12486,Very High
108441-7,KELLEN,Pwani,Kibaha,Dispensary,-6.78148,38.98859,1199,Very Low
113304-0,AMANI,Pwani,Kibaha,Health Laboratory,-6.74867,38.90404,986,Very Low
122007-8,MACHA HEALTH LABORATORY,Pwani,Kibaha,Health Laboratory,-6.7396,38.867443,5038,Moderate
108459-9,VIKAWE,Pwani,Kibaha,Dispensary,-6.66309,39.0486,4189,Moderate
104993-1,MISWE,Pwani,Kibaha,Dispensary,-6.60985,38.7986,3574,Low
102071-8,JAJA,Pwani,Rufiji,Dispensary,-8.19462,39.3573,969,Very Low
105602-7,MTUNDA,Pwani,Rufiji,Dispensary,-7.89146,39.1859,3619,Low
102607-9,KIBITI,Pwani,Rufiji,Health Center,-7.72743,38.93405,10932,Very High
121505-2,830KJKIBITI,Pwani,Rufiji,Dispensary,-7.84931,38.97116,370,Very Low
106780-0,NYANJATI,Pwani,Rufiji,Dispensary,-7.68569,39.2079,1941,Very Low
103834-8,MACHIPI,Pwani,Rufiji,Dispensary,-7.73255,39.12942,1409,Very Low
102906-5,KIMBUGA,Pwani,Rufiji,Dispensary,-7.74139,38.8847,5994,High
113891-6,MJAWA KIJIJINI,Pwani,Rufiji,Dispensary,-7.56034,39.13586,1198,Very Low
106734-7,NYAMISATI,Pwani,Rufiji,Dispensary,-7.7849,39.2745,3930,Moderate
122500-2,MAKIMA,Pwani,Rufiji,Dispensary,-7.59761,38.73869,1681,Very Low
113867-6,MANGWI,Pwani,Rufiji,Dispensary,-7.80697,39.06185,1004,Very Low
100301-1,BAMITA,Pwani,Rufiji,Dispensary,-7.631368,39.059732,8137,High
106708-1,NYAMBILI,Pwani,Rufiji,Dispensary,-7.6167,39.0092,3071,Low
122508-5,NYAMBANGALA,Pwani,Rufiji,Dispensary,-7.43223,38.53211,216,Very Low
105064-0,MKENDA,Pwani,Rufiji,Dispensary,-7.566698,39.200327,998,Very Low
104698-6,MCHUNGU,Pwani,Rufiji,Dispensary,-7.71505,39.2856,1010,Very Low
104696-0,MCHUKWI,Pwani,Rufiji,Dispensary,-7.76174,38.9991,4127,Moderate
112514-5,NYAMATANGA,Pwani,Rufiji,Health Center,-7.77381,39.1389,2511,Low
104685-3,MBWERA,Pwani,Rufiji,Health Center,-8.11009,39.3757,2603,Low
104640-8,MBUCHI,Pwani,Rufiji,Dispensary,-8.10466,39.3108,2952,Low
103212-7,KIVINJA A,Pwani,Rufiji,Health Center,-7.60099,39.25019,1287,Very Low
105541-7,MTAWANYA,Pwani,Rufiji,Dispensary,-7.69399,38.9891,3836,Low
107023-4,POMBWE,Pwani,Rufiji,Dispensary,-8.236812,39.336307,473,Very Low
123959-9,MJAWA,Pwani,Rufiji,Dispensary,-7.56612,39.14106,3046,Low
100091-8,IMAM MAHDI,Pwani,Rufiji,Dispensary,-7.72273,38.93851,17648,Very High
101315-0,HANGA,Pwani,Rufiji,Dispensary,-7.66011,39.1503,4876,Moderate
112502-0,BUMBA,Pwani,Rufiji,Dispensary,-7.625729,38.909743,2394,Low
104323-1,KIBITI RC,Pwani,Rufiji,Dispensary,-7.42371,38.563720000000004,46,Very Low
104697-8,MCHUKWI,Pwani,Rufiji,Hospital,-7.77068,39.02458,5479,Moderate
121509-4,MBWERA MAGHARIBI,Pwani,Rufiji,Dispensary,-8.10331,39.35643,1684,Very Low
112504-6,PAGAE,Pwani,Rufiji,Dispensary,-7.6704,39.0297,4338,Moderate
102674-9,KIECHURU,Pwani,Rufiji,Dispensary,-8.058701,39.397001,248,Very Low
107244-6,SALALE,Pwani,Rufiji,Dispensary,-7.834958,39.329716,68,Very Low
113727-2,MNG'ARU,Pwani,Rufiji,Dispensary,-7.790573,38.89124,966,Very Low
107964-9,TWASALIE,Pwani,Rufiji,Dispensary,-7.96994,39.3524,385,Very Low
102982-6,KIOMBONI,Pwani,Rufiji,Dispensary,-7.793788,39.391566,529,Very Low
105248-9,MNG'ARU PRISON,Pwani,Rufiji,Dispensary,-7.78589,38.88559,563,Very Low
113869-2,KINYANYA,Pwani,Rufiji,Dispensary,-7.70058,38.96341,7657,High
113890-8,KIBITI,Pwani,Rufiji,Hospital,-7.68027,39.01276,4090,Moderate
107119-0,RUARUKE,Pwani,Rufiji,Dispensary,-7.76754,39.1712,7067,High
111356-2,UPONDA,Pwani,Rufiji,Dispensary,-7.57827,39.11398,6982,High
104754-7,MFISINI,Pwani,Rufiji,Dispensary,-7.85461,39.35167,331,Very Low
105746-2,Muyuyu,Pwani,Rufiji,Dispensary,-7.92641,39.07599,5867,High
105415-4,MSALA,Pwani,Rufiji,Dispensary,-7.971501,39.396296,849,Very Low
104013-8,MAHEGE,Pwani,Rufiji,Dispensary,-7.66294,39.1887,1640,Very Low
120598-8,MAMDOGO,Pwani,Rufiji,Dispensary,-7.5495,39.127823,6505,High
103213-5,KIVINJA B,Pwani,Rufiji,Dispensary,-7.588329,39.201214,1818,Very Low
121508-6,RUMA,Pwani,Rufiji,Dispensary,-8.19103,39.31205,232,Very Low
100571-9,BUNGU,Pwani,Rufiji,Dispensary,-7.64265,39.05887,8346,High
105471-7,MSINDAJI,Pwani,Rufiji,Dispensary,-7.64053,39.26354,1049,Very Low
102986-7,KIONGORONI,Pwani,Rufiji,Dispensary,-8.159451,39.333564,345,Very Low
121501-1,KITEMBO,Pwani,Rufiji,Dispensary,-7.78812,38.94958,3656,Low
121503-7,MSORO,Pwani,Rufiji,Dispensary,-7.58511,38.94048,2881,Low
100149-4,ARAFA JARIBU,Pwani,Rufiji,Dispensary,-7.546859,39.131019,1915,Very Low
106714-9,NYAMBUNDA,Pwani,Rufiji,Dispensary,-7.60548,38.9888,2773,Low
102076-7,JARIBU MPAKANI,Pwani,Rufiji,Dispensary,-7.54576,39.1317,6928,High
102880-2,KILULATAMBWE,Pwani,Rufiji,Dispensary,-7.74246,39.10074,1368,Very Low
111481-8,KIGUNGULI,Pwani,Rufiji,Dispensary,-7.539923,39.187069,2217,Low
113535-9,MTANGA DELTA,Pwani,Rufiji,Dispensary,-8.15357,39.28417,2384,Low
105196-0,MLANZI,Pwani,Rufiji,Dispensary,-7.69402,39.1086,6681,High
123161-2,KWACHA,Pwani,Rufiji,Dispensary,-7.43231,38.56151,365,Very Low
111316-6,MIWAGA,Pwani,Rufiji,Dispensary,-7.7447,38.86109,2928,Low
112503-8,NYAMWIMBE,Pwani,Rufiji,Dispensary,-7.723559,39.06628,2575,Low
104692-9,MCHINGA,Pwani,Rufiji,Dispensary,-7.81766,39.36251,324,Very Low
102769-7,KIKALE,Pwani,Rufiji,Dispensary,-7.83896,39.1984,1624,Very Low
121502-9,MJAWA,Pwani,Rufiji,Health Center,-7.54371,39.14263,3299,Low
107862-5,TOMONI,Pwani,Rufiji,Dispensary,-7.62926,39.167989,4032,Moderate
107161-2,RUNGUNGU,Pwani,Rufiji,Dispensary,-7.77585,39.0713,3297,Low
106676-0,NYAKINYO,Pwani,Rufiji,Dispensary,-7.69692,39.1732,514,Very Low
105142-4,MKUPUKA,Pwani,Rufiji,Dispensary,-7.8402,38.9518,3208,Low
122009-4,DR. CHARLES,Pwani,Rufiji,Health Laboratory,-7.624975,39.064732,12094,Very High
104295-1,MAPARONI,Pwani,Rufiji,Dispensary,-8.04749,39.353945,1064,Very Low
102566-7,KIASI,Pwani,Rufiji,Dispensary,-8.00296,39.4238,854,Very Low
106431-0,NGULAKULA,Pwani,Rufiji,Dispensary,-7.762248,38.837056,1282,Very Low
104951-9,MINYINYA,Kigoma,Kibondo,Dispensary,-3.54475,30.66137,10788,Very High
122864-2,NYALULANGA,Kigoma,Kibondo,Dispensary,-3.99238,30.54766,9101,Very High
103145-9,KITAHANA,Kigoma,Kibondo,Dispensary,-3.63745,30.68035,12658,Very High
107136-4,RUGUNGA,Kigoma,Kibondo,Dispensary,-3.63048,30.63947,9647,Very High
122865-9,MABAMBA,Kigoma,Kibondo,Dispensary,-3.59775,30.49905,5486,Moderate
121744-7,BUNYAMBO,Kigoma,Kibondo,Health Center,-3.57409,30.63327,2866,Low
102709-3,KIGINA,Kigoma,Kibondo,Dispensary,-3.896091,30.48274,14812,Very High
100382-1,BITURANA,Kigoma,Kibondo,Dispensary,-3.62574,30.72354,6446,High
107174-5,RUSOHOKO,Kigoma,Kibondo,Dispensary,-3.65821,30.68007,5872,High
105663-9,MUKARAZI,Kigoma,Kibondo,Dispensary,-3.552326,30.49306,5597,Moderate
124356-7,MALOLEGWA,Kigoma,Kibondo,Dispensary,-3.72814,30.69401,2471,Low
106060-7,NABUHIMA,Kigoma,Kibondo,Dispensary,-3.57055,30.71031,17747,Very High
109191-7,KIBONDO DC,Kigoma,Kibondo,Dispensary,-3.58426,30.7158,6114,High
102702-8,KIGENDEKA,Kigoma,Kibondo,Dispensary,-3.77437,30.68932,8772,High
106812-1,Nyaruyoba,Kigoma,Kibondo,Health Center,-3.74167,30.59157,7369,High
101947-0,ITABA,Kigoma,Kibondo,Dispensary,-3.60476,30.60009,6699,High
112350-4,DONA,Kigoma,Kibondo,Health Center,-3.58585,30.71826,7153,High
106737-0,NYAMISIVYI,Kigoma,Kibondo,Dispensary,-3.603,30.76766,1600,Very Low
102618-6,KIBONDO,Kigoma,Kibondo,Hospital,-3.5941,30.71238,9085,Very High
102632-7,KIBUYE,Kigoma,Kibondo,Dispensary,-3.8112,30.4182,9026,High
103128-5,KISOGWE,Kigoma,Kibondo,Dispensary,-3.89577,30.61107,11873,Very High
100578-4,BUNYAMBO,Kigoma,Kibondo,Dispensary,-3.57199,30.63549,2381,Low
106634-9,NYABITAKA,Kigoma,Kibondo,Dispensary,-3.62153,30.49773,8165,High
107271-9,SAMVURA,Kigoma,Kibondo,Dispensary,-3.56634,30.61107,6318,High
105662-1,MUKABUYE,Kigoma,Kibondo,Dispensary,-3.68664,30.58994,7592,High
111785-2,NDUTA,Kigoma,Kibondo,Health Center,-3.694671,30.773734,35917,Very High
106662-0,NYAKASANDA,Kigoma,Kibondo,Dispensary,-3.6096,30.469360000000002,6274,High
102711-9,KIGOGO,Kigoma,Kibondo,Dispensary,-3.634,30.55834,6068,High
121970-8,MALAGARASI,Kigoma,Kibondo,Health Center,-3.57703,30.73655,8032,High
113023-6,SONGORO,Kigoma,Kibondo,Health Laboratory,-3.58469,30.72481,18011,Very High
106808-9,NYARUGUSU,Kigoma,Kibondo,Dispensary,-3.66214,30.48874,7799,High
102392-8,KASAKA,Kigoma,Kibondo,Dispensary,-3.74841,30.59518,5438,Moderate
107963-1,TWABAGONDOZI,Kigoma,Kibondo,Dispensary,-3.5625,30.7341,9752,Very High
103815-7,MABAMBA,Kigoma,Kibondo,Health Center,-3.59765,30.49895,2894,Low
102167-4,KAGEZI,Kigoma,Kibondo,Health Center,-3.78415,30.502,11534,Very High
103335-6,KUMUHASHA,Kigoma,Kibondo,Dispensary,-3.64905,30.8362,5876,High
102604-6,KIBINGO,Kigoma,Kibondo,Dispensary,-3.7001,30.6557,3903,Moderate
102641-8,KICHANANGA,Kigoma,Kibondo,Dispensary,-3.8404,30.59007,5517,Moderate
120543-4,KUMWAMBU,Kigoma,Kibondo,Dispensary,-3.604159,30.697138,8596,High
106305-6,NENGO,Kigoma,Kibondo,Dispensary,-3.60757,30.74797,7315,High
102690-5,KIGAGA,Kigoma,Kibondo,Dispensary,-3.79527,30.53497,8470,High
110182-3,MIKONKO,Kigoma,Kibondo,Dispensary,-3.803935,30.45073,2703,Low
103329-9,KUMKUGWA,Kigoma,Kibondo,Dispensary,-3.52222,30.77493,5862,High
110190-6,MAGARAMA,Kigoma,Kibondo,Dispensary,-3.905749,30.514044,6514,High
106766-9,NYANGE,Kigoma,Kibondo,Dispensary,-3.59717,30.53944,4287,Moderate
102687-1,KIFURA,Kigoma,Kibondo,Health Center,-3.81983,30.64,15743,Very High
106805-5,NYARUGUNGA,Kigoma,Kibondo,Dispensary,-3.70885,30.47518,6835,High
103330-7,KUMSENGA,Kigoma,Kibondo,Dispensary,-3.74486,30.45266,9950,Very High
103331-5,KUMUBANGA,Kigoma,Kibondo,Dispensary,-3.6382,30.90322,2510,Low
113002-0,MP,Dar es Salaam,Kigamboni,Health Laboratory,-6.85357,39.32621,14644,Very High
122528-3,EM,Dar es Salaam,Kigamboni,Hospital,-6.85657,39.35498,1459,Very Low
111892-6,KHEIR,Dar es Salaam,Kigamboni,Dispensary,-6.876184,39.395086,5244,Moderate
107948-2,TUNDWI SONGANI,Dar es Salaam,Kigamboni,Dispensary,-7.100628,39.43264,8777,High
111903-1,TAYMA SWEET,Dar es Salaam,Kigamboni,Dispensary,-6.87085,39.31755,7504,High
112245-6,BAKWATA VIJIBWENI,Dar es Salaam,Kigamboni,Dispensary,-6.86995,39.30967,5815,Moderate
114833-7,JEK TANZANITE POLY,Dar es Salaam,Kigamboni,Clinic,-6.86237,39.360592,4994,Moderate
120767-9,QUALITAS,Dar es Salaam,Kigamboni,Hospital,-6.82874,39.31062,3328,Low
110527-9,NUNGE,Dar es Salaam,Kigamboni,Dispensary,-6.865385,39.30229,4153,Moderate
100758-2,CHEKENI MWASONGA,Dar es Salaam,Kigamboni,Dispensary,-6.987462,39.420899,7345,High
120584-8,SIMBA,Dar es Salaam,Kigamboni,Clinic,-6.836697,39.347154,17566,Very High
100632-9,BUYUNI,Dar es Salaam,Kigamboni,Dispensary,-7.128755,39.523521,3786,Low
108256-9,VIJIBWENI,Dar es Salaam,Kigamboni,Hospital,-6.85678,39.3177,14049,Very High
102623-6,KIBUGUMO,Dar es Salaam,Kigamboni,Dispensary,-6.868549,39.367586,10839,Very High
120711-7,REYKA,Dar es Salaam,Kigamboni,Clinic,-6.88463,39.33302,4561,Moderate
105046-7,MKAMBA,Dar es Salaam,Kigamboni,Dispensary,-7.032257,39.440514,5658,Moderate
121516-9,VUMILIA UKOONI,Dar es Salaam,Kigamboni,Dispensary,-6.94532,39.43151,7229,High
110613-7,ALARA,Dar es Salaam,Kigamboni,Clinic,-6.92845,39.26354,5695,Moderate
121290-1,HUSAWA,Dar es Salaam,Kigamboni,Dispensary,-6.93902,39.46333,10201,Very High
122978-0,BLUESKY SF,Dar es Salaam,Kigamboni,Health Laboratory,-6.86197,39.30781,7677,High
122276-9,TREMON,Dar es Salaam,Kigamboni,Dispensary,-6.84732,39.35393,9963,Very High
111907-2,AGA KHAN,Dar es Salaam,Kigamboni,Clinic,-6.87673,39.34119,1933,Very Low
100153-6,ARAFA KISIWANI,Dar es Salaam,Kigamboni,Dispensary,-6.843464,39.32206,10182,Very High
122320-5,SERENGETI,Dar es Salaam,Kigamboni,Dispensary,-6.89472,39.45273,7140,High
112084-9,P-CONSULTANT MEDICAL,Dar es Salaam,Kigamboni,Clinic,-6.86893,39.33329,6181,High
123739-5,ALTUS MEDICAL CARE,Dar es Salaam,Kigamboni,Dispensary,-6.86661,39.37137,5386,Moderate
123037-4,JK,Dar es Salaam,Kigamboni,Hospital,-6.82313,39.32064,8443,High
120320-7,MWASONGA MEDICAL,Dar es Salaam,Kigamboni,Dispensary,-7.00287,39.42466,5457,Moderate
101206-1,GEZAULOLE,Dar es Salaam,Kigamboni,Dispensary,-6.867308,39.414131,2286,Low
123957-3,MEDSTAR,Dar es Salaam,Kigamboni,Clinic,-6.89284,39.34217,13576,Very High
111426-3,KIMBIJI JKT,Dar es Salaam,Kigamboni,Dispensary,-7.01825,39.53258,5150,Moderate
101242-6,GOMVU,Dar es Salaam,Kigamboni,Dispensary,-6.938006,39.478616,7204,High
106036-7,MWONGOZO,Dar es Salaam,Kigamboni,Dispensary,-6.888028,39.436405,3780,Low
102567-5,KIBADA,Dar es Salaam,Kigamboni,Health Center,-6.88959,39.3389,5392,Moderate
105029-3,MJIMWEMA,Dar es Salaam,Kigamboni,Dispensary,-6.85759,39.3538,3997,Moderate
124321-1,BEN,Dar es Salaam,Kigamboni,Health Laboratory,-6.83088,39.31662,7402,High
112104-5,NAVAN,Dar es Salaam,Kigamboni,Clinic,-6.87607,39.34385,2626,Low
113004-6,MAPILI,Dar es Salaam,Kigamboni,Health Laboratory,-6.82511,39.31545,5530,Moderate
102693-9,KIGAMBONI,Dar es Salaam,Kigamboni,Health Center,-6.8274,39.311935,4041,Moderate
104664-8,MBUTU,Dar es Salaam,Kigamboni,Dispensary,-6.894937,39.482034,5677,Moderate
122940-0,JAMII KIBUGUMO,Dar es Salaam,Kigamboni,Dispensary,-6.86661,39.37137,5386,Moderate
114078-9,TARIC,Dar es Salaam,Kigamboni,Dispensary,-6.83828,39.31756,2249,Low
122990-5,ARARAT,Dar es Salaam,Kigamboni,Health Laboratory,-6.84521,39.31543,5440,Moderate
113841-1,KIJAKA,Dar es Salaam,Kigamboni,Dispensary,-7.00964,39.48574,3113,Low
106221-5,NAVY KIGAMBONI,Dar es Salaam,Kigamboni,Health Center,-6.826187,39.303564,5400,Moderate
123056-4,BAMBA MEDICAL,Dar es Salaam,Kigamboni,Dispensary,-6.88603,39.43691,3094,Low
110731-7,PEMBAMNAZI,Dar es Salaam,Kigamboni,Dispensary,-7.1637,39.50975,1279,Very Low
112057-5,KIGOGO,Dar es Salaam,Kigamboni,Dispensary,-6.90409,39.37461,5332,Moderate
120583-0,APPLE VALLEY,Dar es Salaam,Kigamboni,Clinic,-6.870913,39.34663,8834,High
114072-2,JOY LABORATORY,Dar es Salaam,Kigamboni,Health Laboratory,-6.86165,39.35436,6549,High
123492-1,NUREEN HEALTH CARE,Dar es Salaam,Kigamboni,Dispensary,-6.86627,39.31527,7211,High
114486-4,Kigamboni MC,Dar es Salaam,Kigamboni,Hospital,-6.87184,39.39552,988,Very Low
111904-9,GRETTE,Dar es Salaam,Kigamboni,Clinic,-6.85512,39.35471,4163,Moderate
110689-7,YALE YALE PUNA,Dar es Salaam,Kigamboni,Dispensary,-7.069186,39.53304,5658,Moderate
111883-5,BAKWATA TUNGI,Dar es Salaam,Kigamboni,Dispensary,-6.83703,39.31889,9663,Very High
122684-4,OPTICAL CENTRE KIGAMBONI BRANCH,Dar es Salaam,Kigamboni,Clinic,-6.87891,39.34201,4548,Moderate
120789-3,SAFE HEALTH,Dar es Salaam,Kigamboni,Health Laboratory,-6.87811,39.33613,4754,Moderate
103080-8,KISARAWE II,Dar es Salaam,Kigamboni,Dispensary,-6.923124,39.357682,10878,Very High
113840-3,TRUST HEALTHCARE,Dar es Salaam,Kigamboni,Clinic,-6.88015,39.40936,9100,Very High
111874-4,MICO GEZAULOLE MWEMBE MGAMBO,Dar es Salaam,Kigamboni,Dispensary,-6.869532,39.40123,5077,Moderate
110697-0,THE MWALIMU NYERERE MEMORIAL ACADEMY,Dar es Salaam,Kigamboni,Dispensary,-6.828135,39.300157,1930,Very Low
102905-7,KIMBIJI,Dar es Salaam,Kigamboni,Health Center,-6.990076,39.526685,10831,Very High
112698-6,SUKA MEDICAL,Dar es Salaam,Kigamboni,Clinic,-6.886037,39.436901,877,Very Low
123881-5,DAIDA,Dar es Salaam,Kigamboni,Health Laboratory,-6.89841,39.43578,11778,Very High
122905-3,ST. RITA'S,Dar es Salaam,Kigamboni,Dispensary,-6.88715,39.33849,3425,Low
122987-1,ML MEDICAL,Dar es Salaam,Kigamboni,Health Laboratory,-6.89438,39.35644,11761,Very High
100435-7,BUGAMBA,Kigoma,Kigoma,Dispensary,-4.598631,29.651119,1802,Very Low
107922-7,TUMAINI,Kigoma,Kigoma,Dispensary,-4.60197,29.64129,428,Very Low
104492-4,Matyazo,Kigoma,Kigoma,Health Center,-4.640242,29.752946,10630,Very High
108409-4,ZASHE,Kigoma,Kigoma,Dispensary,-4.506519,29.654637,2083,Very Low
106719-8,NYAMHOZA,Kigoma,Kigoma,Dispensary,-4.736434,29.744894,6328,High
121349-5,SENGA,Kigoma,Kigoma,Dispensary,-4.82939,29.65771,9474,Very High
103247-3,KIZIBA,Kigoma,Kigoma,Dispensary,-4.57167,29.64703,2055,Very Low
101163-4,FURAHA,Kigoma,Kigoma,Dispensary,-4.61397,29.74028,2655,Low
105467-5,MSIMBA,Kigoma,Kigoma,Dispensary,-4.846598,29.696515,11213,Very High
107476-4,SIMBO,Kigoma,Kigoma,Dispensary,-4.88333,29.7333,5553,Moderate
102698-8,KIGANZA ST. JOSEPH,Kigoma,Kigoma,Dispensary,-4.778758,29.672377,3138,Low
110146-8,KASAKA,Kigoma,Kigoma,Health Center,-4.86057,29.69613,4424,Moderate
110143-5,KIGANZA,Kigoma,Kigoma,Dispensary,-4.7804,29.67082,2745,Low
106955-8,PAMILA,Kigoma,Kigoma,Dispensary,-4.882194,29.921168,4804,Moderate
105034-3,MKABOGO,Kigoma,Kigoma,Dispensary,-4.671123,29.766724,6679,High
122658-8,GALILAYA HEATH,Kigoma,Kigoma,Health Laboratory,-4.69656,29.71274,1874,Very Low
105910-4,MWANDIGA,Kigoma,Kigoma,Dispensary,-4.8323,29.6581,6200,High
106742-0,NYAMOLI,Kigoma,Kigoma,Dispensary,-4.96195,29.77288,4621,Moderate
100745-9,CHANKELE,Kigoma,Kigoma,Dispensary,-4.703732,29.683526,3456,Low
100423-3,BUBANGO,Kigoma,Kigoma,Dispensary,-4.71996,29.66945,5599,Moderate
114452-6,KALINZI,Kigoma,Kigoma,Health Laboratory,-4.616783,29.725578,3519,Low
105535-9,MTANGA,Kigoma,Kigoma,Dispensary,-4.77327,29.605082,1012,Very Low
100377-1,BITALE,Kigoma,Kigoma,Health Center,-4.76667,29.6833,3021,Low
121771-0,KALINZI,Kigoma,Kigoma,Health Center,-4.60581,29.72921,3308,Low
113027-7,FILI'S,Kigoma,Kigoma,Health Laboratory,-4.61227,29.74241,3319,Low
104016-1,MAHEMBE,Kigoma,Kigoma,Dispensary,-4.8025,29.7418,6964,High
102654-1,KIDAHWE,Kigoma,Kigoma,Dispensary,-4.876731,29.825928,12757,Very High
121082-2,SHANGWE,Kigoma,Kigoma,Dispensary,-4.662441,29.77045,4064,Moderate
103243-2,KIZENGA,Kigoma,Kigoma,Dispensary,-4.75462,29.732291,7657,High
102248-2,KALINZI,Kigoma,Kigoma,Dispensary,-4.616765,29.725559,2312,Low
121810-6,KIGOMA,Kigoma,Kigoma,Hospital,-4.79703,29.73235,4897,Moderate
105106-9,MKONGORO,Kigoma,Kigoma,Dispensary,-4.6901,29.7141,7809,High
100542-0,821KJ,Kigoma,Kigoma,Dispensary,-5.034967,29.789642,1925,Very Low
121772-8,SIMBO,Kigoma,Kigoma,Health Center,-4.89442,29.74551,6557,High
102408-2,KASEKE,Kigoma,Kigoma,Dispensary,-5.01667,29.7833,1783,Very Low
104772-9,MGARAGANZA,Kigoma,Kigoma,Dispensary,-4.76404,29.64492,7478,High
102692-1,KIGALYE,Kigoma,Kigoma,Dispensary,-4.80473,29.60866,1319,Very Low
122413-8,KIMBWELA,Kigoma,Kigoma,Dispensary,-4.98898,29.76045,3634,Low
110148-4,KAGONGO,Kigoma,Kigoma,Dispensary,-4.79859,29.64718,4265,Moderate
121732-2,KAGUNGA PRIVATE,Kigoma,Kigoma,Dispensary,-4.45238,29.66049,1214,Very Low
110150-0,KALALANGABO,Kigoma,Kigoma,Dispensary,-4.84441,29.62343,4177,Moderate
106802-2,NYARUBANDA,Kigoma,Kigoma,Dispensary,-4.561014,29.751549,11792,Very High
106550-7,NKUNGWE,Kigoma,Kigoma,Dispensary,-4.822618,29.798296,7300,High
100744-2,CHANKABWIMBA,Kigoma,Kigoma,Dispensary,-4.789075,29.727375,3462,Low
104459-3,MATENDO,Kigoma,Kigoma,Dispensary,-4.855503,29.90054,7768,High
100359-9,BIGABIRO,Kigoma,Kigoma,Dispensary,-4.80716,29.65511,3521,Low
102175-7,KAGUNGA,Kigoma,Kigoma,Dispensary,-4.46976,29.65557,573,Very Low
103419-8,KWITANGA,Kigoma,Kigoma,Dispensary,-4.742385,29.813197,722,Very Low
121154-9,BISWAMO,Kigoma,Kigoma,Dispensary,-4.745345,29.69525,8632,High
105067-3,MKIGO,Kigoma,Kigoma,Dispensary,-4.503538,29.7553,8479,High
105882-5,MWAMGONGO,Kigoma,Kigoma,Health Center,-4.62409,29.6387,1770,Very Low
102274-8,KAMARA,Kigoma,Kigoma,Dispensary,-4.85109,29.7378,6915,High
101238-4,GOMBE,Kigoma,Kigoma,Dispensary,-4.64131,29.63013,245,Very Low
100605-5,BUSINDE,Kigoma,Kigoma,Dispensary,-4.881066,29.678249,4165,Moderate
122973-1,KIGOMA,Kigoma,Kigoma,Clinic,-4.87945,29.63191,2092,Very Low
113030-1,PARADISE,Kigoma,Kigoma,Health Laboratory,-4.88732,29.6577,5603,Moderate
100310-2,BANGWE,Kigoma,Kigoma,Dispensary,-4.90682,29.61364,5029,Moderate
108121-5,UPENDO,Kigoma,Kigoma,Health Center,-4.881117,29.63279,3472,Low
120884-2,BURONGE,Kigoma,Kigoma,Dispensary,-4.84366,29.64826,4526,Moderate
112933-7,MWANGAZA,Kigoma,Kigoma,Health Laboratory,-4.86943,29.66171,2366,Low
113028-5,IMANI,Kigoma,Kigoma,Health Laboratory,-4.88311,29.65265,4413,Moderate
121971-6,MWANGAZA,Kigoma,Kigoma,Health Laboratory,-4.90702,29.66662,5914,High
113022-8,UJIJI,Kigoma,Kigoma,Health Laboratory,-4.91161,29.67715,4415,Moderate
120491-6,BABYLON,Kigoma,Kigoma,Health Center,-4.86901,29.66408,2577,Low
113010-3,KIGOMA CENTRE,Kigoma,Kigoma,Health Laboratory,-4.88674,29.64179,1904,Very Low
113011-1,NYAMUHUMA,Kigoma,Kigoma,Health Laboratory,-4.88868,29.64821,6750,High
113014-5,MACREN,Kigoma,Kigoma,Health Laboratory,-4.8853,29.63592,1829,Very Low
121364-4,KAMALA-BANGWE,Kigoma,Kigoma,Dispensary,-4.90272,29.62391,6641,High
113025-1,MKOMBOZI,Kigoma,Kigoma,Health Laboratory,-4.88131,29.64529,4056,Moderate
121366-9,MACHINJIONI,Kigoma,Kigoma,Dispensary,-4.90108,29.68209,5547,Moderate
108710-5,KASULWA,Kigoma,Kigoma,Dispensary,-4.94929,29.64658,NA,NA
101270-7,GUNGU,Kigoma,Kigoma,Health Center,-4.859859,29.637096,3454,Low
120883-4,BUHANDA,Kigoma,Kigoma,Health Center,-4.84355,29.64828,2904,Low
112936-0,YUAJA,Kigoma,Kigoma,Health Laboratory,-4.85914,29.64697,875,Very Low
122621-6,KIGOMA/UJIJI,Kigoma,Kigoma,Hospital,-4.91519,29.68823,8778,High
100469-6,BUHANDA,Kigoma,Kigoma,Dispensary,-4.86629,29.66678,4088,Moderate
111787-8,RUSH,Kigoma,Kigoma,Dispensary,-4.87932,29.64169,6111,High
107329-5,SDA,Kigoma,Kigoma,Dispensary,-4.88549,29.64687,1570,Very Low
121975-7,BARAKA,Kigoma,Kigoma,Health Laboratory,-4.86321,29.63629,6536,High
114467-4,UJIJI CENTRE,Kigoma,Kigoma,Health Laboratory,-4.911812,29.677113,2277,Low
113031-9,KALIHAMWE,Kigoma,Kigoma,Health Laboratory,-4.88848,29.64081,5270,Moderate
110120-3,KIGOMA,Kigoma,Kigoma,Dispensary,-4.87834,29.62851,1050,Very Low
122310-6,TANGANYIKA,Kigoma,Kigoma,Dispensary,-4.86683,29.65673,4663,Moderate
121171-3,SENGA,Kigoma,Kigoma,Dispensary,-4.85576,29.62763,8693,High
122010-2,TANGANYIKA'S HEALTH,Kigoma,Kigoma,Health Laboratory,-4.8557667,29.667074,3282,Low
113947-6,SHEANNA,Kigoma,Kigoma,Dispensary,-4.87587,29.659202,5860,Moderate
112327-2,ABDUELRAZAQ MOHAMED SALEH,Kigoma,Kigoma,Dispensary,-4.85826,29.65142,5216,Moderate
111564-1,MAC-REN,Kigoma,Kigoma,Clinic,-4.88533,29.63591,3690,Low
107881-5,TRL,Kigoma,Kigoma,Dispensary,-4.896921,29.63241,6486,High
108713-9,MAWENI,Kigoma,Kigoma,Hospital,-4.90087,29.65479,14837,Very High
110967-7,24KJ,Kigoma,Kigoma,Dispensary,-4.841438,29.643383,3781,Low
107017-6,POLICE,Kigoma,Kigoma,Dispensary,-4.888031,29.62086,4480,Moderate
114441-9,ALFIRDAUS,Kigoma,Kigoma,Health Laboratory,-4.907127,29.66985,5152,Moderate
124331-0,GOODLOOKING,Kigoma,Kigoma,Health Laboratory,-4.90277,29.61818,3358,Low
105503-7,MSUFINI,Kigoma,Kigoma,Dispensary,-4.88638,29.6449,1444,Very Low
107173-7,RUSIMBI,Kigoma,Kigoma,Dispensary,-4.90087,29.67369,8516,High
100318-5,BAPTIST,Kigoma,Kigoma,Hospital,-4.885428,29.658572,4865,Moderate
110136-9,MAGEREZA,Kigoma,Kigoma,Dispensary,-4.889403,29.618904,1829,Very Low
105758-7,MUZIDALIF,Kigoma,Kigoma,Dispensary,-4.861165,29.646869,2982,Low
113021-0,TULASHASHE,Kigoma,Kigoma,Health Laboratory,-4.87908,29.63091,1679,Very Low
123611-6,NOEL,Kigoma,Kigoma,Clinic,-4.86774,29.64739,7696,High
113012-9,ZAMZAM,Kigoma,Kigoma,Health Laboratory,-4.91416,29.67856,3703,Low
123873-2,SMART CARE,Kigoma,Kigoma,Health Laboratory,-4.85754,29.64647,5059,Moderate
108730-3,NDABOINE,Kigoma,Kigoma,Dispensary,-4.89766,29.65661,8787,High
123527-4,KABINGA HEALTH,Kigoma,Kigoma,Health Laboratory,-4.90408,29.61701,1511,Very Low
108046-4,UJIJI,Kigoma,Kigoma,Health Center,-4.916447,29.681303,3221,Low
111830-6,MICO BANGWE ROAD,Kigoma,Kigoma,Dispensary,-4.87942,29.62834,2996,Low
103396-8,KWEDIBOMA,Tanga,Kilindi,Health Center,-5.437086,37.575508,2644,Low
103401-6,KWEISAPO,Tanga,Kilindi,Dispensary,-5.83022,37.69601,9590,Very High
115002-8,MISUFINI,Tanga,Kilindi,Dispensary,-5.66114,37.53677,9070,Very High
122695-0,KWAMFYOMI,Tanga,Kilindi,Dispensary,-5.42527,37.83916,6331,High
105156-4,MKUYU,Tanga,Kilindi,Dispensary,-5.41008,37.8552,8081,High
112297-7,KWAMALIGWA,Tanga,Kilindi,Dispensary,-5.37659,37.47614,5880,High
103701-9,LULAGO,Tanga,Kilindi,Dispensary,-5.60599,37.49611,2614,Low
122772-7,VUJU,Tanga,Kilindi,Health Center,-5.92522,37.29557,6444,High
105449-3,MSENTE,Tanga,Kilindi,Health Center,-5.42267,37.55321,4354,Moderate
114976-4,MNKONDE,Tanga,Kilindi,Dispensary,-5.44089,37.76689,4643,Moderate
103403-2,KWEKIVU,Tanga,Kilindi,Dispensary,-5.78931,37.32243,12074,Very High
110513-9,GOMBERO,Tanga,Kilindi,Dispensary,-5.43285,37.44143,6660,High
122644-8,NGUSSA,Tanga,Kilindi,Health Laboratory,-5.38788,37.43928,2279,Low
113992-2,KWEDIBOMA,Tanga,Kilindi,Health Center,-5.437184,37.575508,5134,Moderate
107952-4,TUNGULI,Tanga,Kilindi,Health Center,-5.94306,37.27343,6892,High
113748-8,MGERA MSEKWA KILINDI,Tanga,Kilindi,Dispensary,-5.386796,37.518562,6965,High
105776-9,MVUNGWE,Tanga,Kilindi,Dispensary,-5.6024,37.34411,4181,Moderate
110324-1,LUKOLE,Tanga,Kilindi,Dispensary,-5.75919,37.76232,15244,Very High
104379-3,MASAGALU,Tanga,Kilindi,Dispensary,-5.69089,37.3057,3617,Low
122115-9,INKU,Tanga,Kilindi,Health Laboratory,-5.43257,37.57362,9573,Very High
103750-6,LUSANE,Tanga,Kilindi,Dispensary,-5.921174,37.36281,3501,Low
124185-0,MHEZA,Tanga,Kilindi,Dispensary,-5.69748,37.29639,4362,Moderate
104775-2,MGERA,Tanga,Kilindi,Dispensary,-5.386067,37.514832,4502,Moderate
103366-1,KWALUGURU,Tanga,Kilindi,Dispensary,-5.87828,37.76262,9836,Very High
106950-9,PAGWI,Tanga,Kilindi,Dispensary,-5.81595,37.12733,13442,Very High
107729-6,TAMOTA,Tanga,Kilindi,Dispensary,-5.59491,37.5482,2757,Low
123609-0,KWAMWANDE,Tanga,Kilindi,Dispensary,-5.55597,37.33713,5202,Moderate
107542-3,SONGE,Tanga,Kilindi,Health Center,-5.57865,37.2888,13365,Very High
105509-4,MSWAKI,Tanga,Kilindi,Health Center,-5.46381,37.77707,6570,High
102904-0,KIMBE,Tanga,Kilindi,Dispensary,-5.79626,37.63631,19177,Very High
108290-8,VYADIGWA,Tanga,Kilindi,Dispensary,-5.79737,37.51786,9748,Very High
107308-9,SAUNYI,Tanga,Kilindi,Dispensary,-5.05287,37.62299,4736,Moderate
113989-8,KIMEMBE,Tanga,Kilindi,Dispensary,-5.52396,37.58268,14137,Very High
121288-5,ST. AUGUSTINE'S KILEGURU MISSION,Tanga,Kilindi,Dispensary,-5.45586,37.61039,13477,Very High
123461-6,KILINDI ASILIA,Tanga,Kilindi,Health Center,-5.62528,37.11176,962,Very Low
103369-5,KWAMBA,Tanga,Kilindi,Dispensary,-5.66951,37.26986,9526,Very High
100287-2,BALANG'A,Tanga,Kilindi,Dispensary,-5.31329,37.57582,14210,Very High
102852-1,KILINDI,Tanga,Kilindi,Dispensary,-5.63333,37.6,32380,Very High
107264-4,SAMBU,Tanga,Kilindi,Dispensary,-5.72815,37.2104,11877,Very High
103880-1,MAFISA,Tanga,Kilindi,Dispensary,-5.46333,37.3765,17696,Very High
122607-5,KILINDI,Tanga,Kilindi,Hospital,-5.56367,37.27195,9875,Very High
105071-5,MKINDI,Tanga,Kilindi,Dispensary,-5.36612,37.86737,11978,Very High
102887-7,KILWA,Tanga,Kilindi,Dispensary,-5.55144,37.51331,3420,Low
103417-2,KWINJI,Tanga,Kilindi,Dispensary,-5.48116,37.70145,19306,Very High
103883-5,MAFULILA,Tanga,Kilindi,Dispensary,-5.95102,37.23327,8368,High
102797-8,KIKUNDE,Tanga,Kilindi,Dispensary,-5.99137,37.18984,8235,High
103782-9,LWANDE,Tanga,Kilindi,Dispensary,-5.66856,37.4136,5817,Moderate
114992-1,MMBOGO,Tanga,Kilindi,Dispensary,-5.74466,37.44519,3750,Low
102853-9,KILINDI,Tanga,Kilindi,Hospital,-5.59035,37.29372,8630,High
122771-9,MABALANGA,Tanga,Kilindi,Dispensary,-5.42527,37.83916,6331,High
106302-3,NEGERO,Tanga,Kilindi,Dispensary,-5.78077,37.8059,24105,Very High
102605-3,KIBIRASHI,Tanga,Kilindi,Dispensary,-5.37947,37.4336,9061,Very High
111566-6,LENGUSERO,Tanga,Kilindi,Dispensary,-5.24495,37.87015,6072,High
100723-6,CHAMTUI,Tanga,Kilindi,Dispensary,-5.97246,37.14778,11766,Very High
114980-6,ELERAI,Tanga,Kilindi,Dispensary,-5.35124,37.42861,5098,Moderate
101223-6,GITU,Tanga,Kilindi,Dispensary,-5.27865,37.3858,5377,Moderate
121876-7,KWADUDU,Tanga,Kilindi,Dispensary,-5.49897,37.63453,14564,Very High
114061-5,KILOLO,Iringa,Kilolo,Hospital,-7.98994,35.82634,8159,High
103847-0,MADEGE,Iringa,Kilolo,Dispensary,-8.18581,35.98475,5404,Moderate
111749-8,LUSINGA,Iringa,Kilolo,Dispensary,-8.04334,35.86849,3104,Low
111149-1,LUPINGU,Iringa,Kilolo,Dispensary,-7.68027,36.03698,4696,Moderate
120792-7,NYALUMBU,Iringa,Kilolo,Health Center,-7.65371,36.02024,2793,Low
106386-6,NG'INGULA,Iringa,Kilolo,Dispensary,-8.28104,35.8854,1949,Very Low
111152-5,UTENGULE,Iringa,Kilolo,Dispensary,-7.97246,35.79228,5901,High
111743-1,NG'URUHE,Iringa,Kilolo,Health Center,-8.12355,35.78251,2386,Low
111542-7,ILULA WELLNESS,Iringa,Kilolo,Clinic,-7.67916,36.03926,1139,Very Low
101656-7,IKOKOTO,Iringa,Kilolo,Dispensary,-7.68048,36.12744,2265,Low
109579-3,SIRAJUDDIN,Iringa,Kilolo,Dispensary,-7.69184,36.02706,1480,Very Low
101863-9,IROLE,Iringa,Kilolo,Dispensary,-7.73041,35.85453,1109,Very Low
111148-3,LULANZI LUTHERAN,Iringa,Kilolo,Dispensary,-7.99047,35.87993,4454,Moderate
104414-8,MASISIWE,Iringa,Kilolo,Dispensary,-8.30175,35.90869,1322,Very Low
106344-5,NG'ANG'ANGE,Iringa,Kilolo,Dispensary,-8.1736,35.90482,3166,Low
102890-1,KIMALA,Iringa,Kilolo,Dispensary,-8.08356,36.12672,342,Very Low
112337-1,ALPHA,Iringa,Kilolo,Dispensary,-7.46623,36.50618,2430,Low
101853-0,IRINDI,Iringa,Kilolo,Dispensary,-7.56186,36.24714,3874,Moderate
120791-9,IROLE GOVT,Iringa,Kilolo,Dispensary,-7.71982,35.84676,3917,Moderate
105534-2,MTANDIKA,Iringa,Kilolo,Health Center,-7.54682,36.422110000000004,5943,High
105575-5,MTITU,Iringa,Kilolo,Dispensary,-8.03332,35.77295,7856,High
111151-7,TORINA,Iringa,Kilolo,Dispensary,-7.63941,36.07793,831,Very Low
100399-5,BOMALANG'OMBE,Iringa,Kilolo,Dispensary,-8.22937,35.88238,4660,Moderate
110979-2,MAKUNGU,Iringa,Kilolo,Dispensary,-7.88114,36.08771,1199,Very Low
121584-7,BM,Iringa,Kilolo,Health Laboratory,-7.67896,36.03944,5306,Moderate
101868-8,ISAGWA,Iringa,Kilolo,Dispensary,-7.83511,36.11444,2602,Low
111543-5,MAWAKI,Iringa,Kilolo,Dispensary,-7.98886,36.06955,1823,Very Low
112099-7,KIPADUKA,Iringa,Kilolo,Dispensary,-7.60174,36.03441,3582,Low
103685-4,LUKANI,Iringa,Kilolo,Dispensary,-8.07852,35.82793,5202,Moderate
105979-9,MWATASI,Iringa,Kilolo,Dispensary,-8.25968,35.81006,4177,Moderate
123584-5,IBOFWE,Iringa,Kilolo,Dispensary,-7.86217,35.88211,6840,High
103976-7,MAGOME,Iringa,Kilolo,Dispensary,-8.07582,35.96886,1119,Very Low
103119-4,KISING'A,Iringa,Kilolo,Dispensary,-7.91719,35.98347,4289,Moderate
103717-5,LUNDAMATWE,Iringa,Kilolo,Dispensary,-7.78515,35.81668,7545,High
103219-2,KIWALAMO,Iringa,Kilolo,Dispensary,-8.13698,36.02239,3059,Low
102000-7,ITONYA,Iringa,Kilolo,Dispensary,-8.08356,36.05833,2567,Low
101768-0,ILULA,Iringa,Kilolo,Hospital,-7.66368,36.05037,11016,Very High
108068-8,UKWEGA,Iringa,Kilolo,Dispensary,-7.93645,36.10157,1286,Very Low
104506-1,ST. THERESA,Iringa,Kilolo,Dispensary,-8.06559,35.69945,5061,Moderate
106415-3,NGONGWA,Iringa,Kilolo,Dispensary,-8.05861,35.79442,2569,Low
104536-8,MAZOMBE,Iringa,Kilolo,Dispensary,-7.69668,35.96549,5084,Moderate
111748-0,MKARANGA,Iringa,Kilolo,Dispensary,-7.89058,36.14269,2649,Low
109641-1,MBIGILI,Iringa,Kilolo,Dispensary,-7.72831,35.89714,5662,Moderate
123573-8,IKUKA,Iringa,Kilolo,Dispensary,-7.65656,36.09936,571,Very Low
108007-6,UDEKWA,Iringa,Kilolo,Dispensary,-7.75473,36.38931,3954,Moderate
101820-9,IPALAMWA,Iringa,Kilolo,Clinic,-7.94469,36.10113,1473,Very Low
120793-5,ILULA,Iringa,Kilolo,Health Center,-7.67049,36.07476,3181,Low
101471-1,IDEGENDA,Iringa,Kilolo,Dispensary,-8.2653,35.93201,1959,Very Low
102742-4,KIHESA MGAGAO,Iringa,Kilolo,Dispensary,-8.18131,35.78175,3164,Low
101258-2,GS,Iringa,Kilolo,Dispensary,-7.69285,36.02599,6600,High
101779-7,IMAGE NO. 8,Iringa,Kilolo,Dispensary,-7.59957,36.10282,5568,Moderate
112336-3,HOPE,Iringa,Kilolo,Dispensary,-7.46861,36.50391,6602,High
101618-7,IHIMBO,Iringa,Kilolo,Dispensary,-7.91394,35.81413,10834,Very High
102867-9,KILOLO,Iringa,Kilolo,Dispensary,-8.00197,35.84581,2443,Low
111744-9,LUGALO,Iringa,Kilolo,Dispensary,-7.74838,35.86374,2845,Low
101509-8,IFUWA,Iringa,Kilolo,Dispensary,-7.79231,36.25434,3853,Low
111645-8,NDENGISIVILI,Iringa,Kilolo,Dispensary,-8.06856,36.0034,719,Very Low
102649-1,KIDABAGA,Iringa,Kilolo,Health Center,-8.10364,35.89879,2913,Low
101985-0,ITIMBO,Iringa,Kilolo,Dispensary,-8.0021,35.84579,1034,Very Low
107024-2,POMERIN,Iringa,Kilolo,Dispensary,-8.0978,35.76834,6002,High
101713-6,ILAMBO,Iringa,Kilolo,Dispensary,-7.38233,36.1642,3180,Low
101677-3,IKULA,Iringa,Kilolo,Dispensary,-7.62929,36.49791,1912,Very Low
101769-8,ILULA MWAYA,Iringa,Kilolo,Dispensary,-7.68777,36.03482,4022,Moderate
105228-1,MBAWI,Iringa,Kilolo,Dispensary,-8.33358,35.90821,2069,Very Low
108061-3,UKUMBI,Iringa,Kilolo,Dispensary,-8.10321,35.72459,8444,High
120467-6,MGOWELO,Iringa,Kilolo,Dispensary,-7.34417,36.31396,559,Very Low
102016-3,ITUNGI,Iringa,Kilolo,Dispensary,-7.71338,36.08047,4026,Moderate
120434-6,RUAHA MBUYUNI,Iringa,Kilolo,Health Center,-7.48649,36.47237,2663,Low
111745-6,MLAFU,Iringa,Kilolo,Dispensary,-7.77227,36.13816,3375,Low
104017-9,MAHENGE,Iringa,Kilolo,Dispensary,-7.63401,36.26694,3188,Low
101457-0,IBUMU,Iringa,Kilolo,Dispensary,-7.472041,36.126711,4376,Moderate
103798-5,LYASA IMAGE,Iringa,Kilolo,Dispensary,-7.53558,36.11045,9356,Very High
109678-3,KILOLO RC,Iringa,Kilolo,Dispensary,-8.0153199999999991,35.84982,995,Very Low
108035-7,UHAMBINGETO,Iringa,Kilolo,Dispensary,-7.55324,35.94819,6617,High
101895-1,ISELE,Iringa,Kilolo,Dispensary,-7.96146,35.93985,2251,Low
104393-4,MASEGE,Iringa,Kilolo,Dispensary,-8.20633,35.76086,2925,Low
106799-0,NYANZWA,Iringa,Kilolo,Dispensary,-7.35318,36.28377,2642,Low
105599-5,Mtumbatu,Morogoro,Kilosa,Dispensary,-6.14186,36.98447,13698,Very High
108107-4,Unone,Morogoro,Kilosa,Dispensary,-6.5959,37.0767,3258,Low
110837-2,KISONGWE,Morogoro,Kilosa,Dispensary,-6.63041,36.99237,4408,Moderate
100746-7,Chanzuru,Morogoro,Kilosa,Dispensary,-6.79731,37.08,5295,Moderate
112639-0,KOMBA,Morogoro,Kilosa,Health Laboratory,-7.65967,36.98388,1856,Very Low
112283-7,Dumila,Morogoro,Kilosa,Health Center,-6.39039,37.3201,6330,High
123494-7,MZUMA,Morogoro,Kilosa,Dispensary,-7.67276,36.33864,147,Very Low
112281-1,Makwambe,Morogoro,Kilosa,Dispensary,-6.47128,37.12162,9091,Very High
102892-7,Kimamba,Morogoro,Kilosa,Health Center,-6.78363,37.13591,8229,High
110833-1,ARAFA,Morogoro,Kilosa,Dispensary,-7.65657,36.98372,1188,Very Low
124234-6,MALANGALI,Morogoro,Kilosa,Dispensary,-6.83916,37.11611,4655,Moderate
111047-7,CHINA STATE FARMS,Morogoro,Kilosa,Dispensary,-6.69843,37.13508,3302,Low
112678-8,HAMASA,Morogoro,Kilosa,Health Laboratory,-6.76329,37.04657,5223,Moderate
123747-8,AFYA PLAZA,Morogoro,Kilosa,Dispensary,-6.82792,36.98862,9002,High
108251-0,VIDUNDA MISSION,Morogoro,Kilosa,Dispensary,-7.59717,36.96466,2240,Low
122975-6,MCHUMA,Morogoro,Kilosa,Health Laboratory,-6.38078,37.34852,1531,Very Low
108159-5,WAZIRI,Morogoro,Kilosa,Dispensary,-6.79576,36.9826,1706,Very Low
103956-9,Kilosa Prison,Morogoro,Kilosa,Dispensary,-6.82951,36.9849,1698,Very Low
111576-5,Kondoa,Morogoro,Kilosa,Dispensary,-6.8076,37.0292,8849,High
100945-5,Dakawa,Morogoro,Kilosa,Dispensary,-6.421117,37.411098,5016,Moderate
102877-8,KILOSA,Morogoro,Kilosa,Hospital,-6.82133,36.9924,4263,Moderate
101039-6,Dumila,Morogoro,Kilosa,Dispensary,-6.38652,37.34152,1082,Very Low
108426-8,Zombo,Morogoro,Kilosa,Dispensary,-6.96667,36.92167,5213,Moderate
107126-5,Rudewa,Morogoro,Kilosa,Dispensary,-6.68333,37.1333,10591,Very High
104188-8,HOLY CROSS,Morogoro,Kilosa,Dispensary,-7.31773,36.55305,3059,Low
110835-6,ST. JOSEPH,Morogoro,Kilosa,Health Center,-6.38451,37.32531,12572,Very High
111572-4,MKOMBOZI,Morogoro,Kilosa,Clinic,-6.8212,36.99928,17771,Very High
111575-7,CHABIMA,Morogoro,Kilosa,Dispensary,-6.84636,36.83173,1286,Very Low
111049-3,Ihombwe,Morogoro,Kilosa,Dispensary,-7.28537,36.92231,7241,High
111290-3,Mabwerebwere,Morogoro,Kilosa,Dispensary,-6.82513,37.06984,6031,High
104916-2,Msimba Mikumi,Morogoro,Kilosa,Dispensary,-7.43896,36.9231,4856,Moderate
113138-2,MWANYESYA,Morogoro,Kilosa,Dispensary,-6.38775,37.33962,7748,High
114326-2,ASC,Morogoro,Kilosa,Health Laboratory,-6.69461,37.12259,10202,Very High
108072-0,Uleling'ombe,Morogoro,Kilosa,Dispensary,-7.11428,36.5867,4382,Moderate
121837-9,MASANZE,Morogoro,Kilosa,Health Center,-6.92992,36.97613,3001,Low
103974-2,Magole,Morogoro,Kilosa,Dispensary,-6.37494,37.3725,13572,Very High
122591-1,GENESIS EYE CARE,Morogoro,Kilosa,Clinic,-7.65911,36.98516,1591,Very Low
115188-5,MADUDUMIZI,Morogoro,Kilosa,Dispensary,-6.97778,36.89942,9432,Very High
107965-6,Twatwatwa,Morogoro,Kilosa,Dispensary,-6.75631,37.31127,6062,High
124082-9,GODLOVE,Morogoro,Kilosa,Health Laboratory,-6.42313,37.39082,2587,Low
114135-7,MKUNG'HULU,Morogoro,Kilosa,Dispensary,-6.77144,36.65034,5936,High
112665-5,GECA,Morogoro,Kilosa,Health Laboratory,-6.83068,36.98226,4310,Moderate
103714-2,Lumuma,Morogoro,Kilosa,Dispensary,-6.81542,36.64858,9584,Very High
124329-4,KIYUNGU MEDICAL ORATOR,Morogoro,Kilosa,Health Laboratory,-6.74916,36.81394,1686,Very Low
105693-6,Munisagara,Morogoro,Kilosa,Dispensary,-6.74823,36.90286,2524,Low
113814-8,NZUMO,Morogoro,Kilosa,Dispensary,-6.388531,37.34204,7277,High
113815-5,Maguha,Morogoro,Kilosa,Dispensary,-6.2828,37.1995,8752,High
104208-4,Mamboya,Morogoro,Kilosa,Dispensary,-6.26667,37.1,7046,High
102664-0,Kidogobasi,Morogoro,Kilosa,Dispensary,-7.63726,37.02481,5914,High
122181-1,EL-GIBBOR,Morogoro,Kilosa,Health Laboratory,-6.52939,37.21551,4189,Moderate
122728-9,RIJAL,Morogoro,Kilosa,Dispensary,-6.82953,36.98562,3288,Low
104917-0,Mikumi National Park,Morogoro,Kilosa,Dispensary,-7.34331,37.12363,1432,Very Low
103176-4,KITETE,Morogoro,Kilosa,Dispensary,-6.41659,37.26197,10062,Very High
124095-1,JULPASTORY MEDICAL,Morogoro,Kilosa,Health Laboratory,-6.56285,37.10852,2180,Low
112280-3,Serengeti,Morogoro,Kilosa,Dispensary,-6.78381,37.13791,14225,Very High
122643-0,ROYAL CARE,Morogoro,Kilosa,Health Laboratory,-6.38087,37.33581,8681,High
108070-4,Ulaya,Morogoro,Kilosa,Health Center,-7.06863,36.90448,21732,Very High
112734-9,Ruaha Darajani,Morogoro,Kilosa,Dispensary,-7.462535,36.519427,3860,Low
115187-7,MALOLO,Morogoro,Kilosa,Health Center,-7.3264316,36.549553,1210,Very Low
105466-7,Msimba,Morogoro,Kilosa,Dispensary,-6.72493,37.07146,3114,Low
101065-1,EBENEZER,Morogoro,Kilosa,Dispensary,-7.65842,36.98026,3260,Low
115109-1,Riverside,Morogoro,Kilosa,Dispensary,-6.51969,37.21266,10442,Very High
123827-8,KITATI,Morogoro,Kilosa,Dispensary,-6.71718,36.65678,1740,Very Low
112284-5,Changarawe,Morogoro,Kilosa,Dispensary,-6.92896,36.95733,4056,Moderate
104563-2,Mbamba,Morogoro,Kilosa,Dispensary,-7.06299,37.03203,6255,High
114137-3,CHABI,Morogoro,Kilosa,Dispensary,-7.16942,36.31578,1812,Very Low
112735-6,Lumango,Morogoro,Kilosa,Dispensary,-7.52467,37.035427,2279,Low
112697-8,DOUBLE M,Morogoro,Kilosa,Health Laboratory,-6.24532,37.16645,5220,Moderate
112656-4,NEW KIKUYU,Morogoro,Kilosa,Health Laboratory,-7.66018,36.98561,2643,Low
111051-9,Mabula,Morogoro,Kilosa,Dispensary,-6.14842,37.13088,8232,High
114006-0,Dodoma Isanga,Morogoro,Kilosa,Dispensary,-6.9043,36.91279,3449,Low
123283-4,TIBA,Morogoro,Kilosa,Health Laboratory,-7.34625,36.32827,343,Very Low
105962-5,Mwasa,Morogoro,Kilosa,Dispensary,-6.6779,36.75005,3318,Low
100350-8,BEREGA,Morogoro,Kilosa,Hospital,-6.17856,37.14512,8540,High
103072-5,KISANGA,Morogoro,Kilosa,Dispensary,-7.3386,36.73632,10399,Very High
123576-1,MADSON LUTHERAN,Morogoro,Kilosa,Dispensary,-7.69476,37.04505,6731,High
103178-0,Kitete Msindazi,Morogoro,Kilosa,Dispensary,-7.55328,37.04682,4419,Moderate
102662-4,Kidodi,Morogoro,Kilosa,Health Center,-7.60599,36.99187,11908,Very High
103992-4,Magubike,Morogoro,Kilosa,Health Center,-6.24428,37.16542,4781,Moderate
103707-6,LUMBIJI,Morogoro,Kilosa,Dispensary,-6.61667,36.9833,4372,Moderate
122627-3,NEW VISION 1 MALAIKA,Morogoro,Kilosa,Health Laboratory,-6.24683,36.67412,3094,Low
103978-3,Magomeni,Morogoro,Kilosa,Dispensary,-6.845,36.98233,11170,Very High
105502-9,Msowero,Morogoro,Kilosa,Dispensary,-6.52614,37.22032,10012,Very High
102818-2,Kilangali,Morogoro,Kilosa,Dispensary,-6.96667,37.0833,5034,Moderate
122984-8,RIO,Morogoro,Kilosa,Health Laboratory,-6.46324,36.87247,2730,Low
101757-3,Ilonga,Morogoro,Kilosa,Dispensary,-6.7746,37.03793,3432,Low
105489-9,MSOLWA MISSION,Morogoro,Kilosa,Dispensary,-7.28895,36.75395,6984,High
102118-7,KILOMBERO II SUGAR COMPANY,Morogoro,Kilosa,Health Center,-7.66196,36.99237,2785,Low
103218-4,Kivungu,Morogoro,Kilosa,Dispensary,-6.93263,37.03627,9078,Very High
102658-2,Kidete,Morogoro,Kilosa,Health Center,-6.64499,36.70848,5308,Moderate
107249-5,SARATEIN,Morogoro,Kilosa,Dispensary,-7.40189,36.9849,20635,Very High
114140-7,MVUMI,Morogoro,Kilosa,Health Center,-6.567745,37.171653,3861,Low
104823-0,MICO,Morogoro,Kilosa,Dispensary,-7.41445,36.97823,5243,Moderate
120639-0,ILONGA,Morogoro,Kilosa,Health Center,-6.75333,37.05043,1799,Very Low
103161-6,KITANGE,Morogoro,Kilosa,Dispensary,-6.21565,36.96548,9515,Very High
104802-4,Mhenda,Morogoro,Kilosa,Dispensary,-7.17432,36.9263,12171,Very High
105772-8,Mvumi,Morogoro,Kilosa,Dispensary,-6.58333,37.1667,5867,High
107139-8,Ruhembe,Morogoro,Kilosa,Dispensary,-7.55325,37.0469,1850,Very Low
111050-1,ST. KIZITO,Morogoro,Kilosa,Hospital,-7.40612,36.97765,6554,High
121677-9,HALMIX,Morogoro,Kilosa,Health Laboratory,-7.65511,36.98394,14251,Very High
122569-7,GONGWE SK,Morogoro,Kilosa,Dispensary,-6.58311,37.17682,11690,Very High
112723-2,JOHAMA,Morogoro,Kilosa,Health Laboratory,-6.827572,36.987854,2367,Low
112654-9,UPANGWA,Morogoro,Kilosa,Health Laboratory,-6.38543,37.34113,3673,Low
112732-3,Mikumi,Morogoro,Kilosa,Health Center,-7.404528,36.979124,2927,Low
122745-3,JAMII,Morogoro,Kilosa,Health Laboratory,-6.87616,37.28096,1840,Very Low
105437-8,MSANGE MISSION,Morogoro,Kilosa,Health Center,-7.21917,36.766441,5706,Moderate
104186-2,Malolo,Morogoro,Kilosa,Dispensary,-7.32305,36.54383,4958,Moderate
108526-5,MIKUMI CVM,Morogoro,Kilosa,Dispensary,-7.44098,36.99871,2344,Low
120477-5,MKULAZI HOLDING,Morogoro,Kilosa,Dispensary,-6.46561,37.473217,1081,Very Low
111577-3,ARAFA MANGARO,Morogoro,Kilosa,Dispensary,-7.407138,36.978115,1256,Very Low
100883-8,Chonwe,Morogoro,Kilosa,Dispensary,-7.57777,36.9228,7254,High
107828-6,Tindiga,Morogoro,Kilosa,Dispensary,-6.88092,37.07823,9774,Very High
123905-2,LUWEMBA,Morogoro,Kilosa,Dispensary,-6.5927,36.8548,4990,Moderate
108250-2,Vidunda,Morogoro,Kilosa,Dispensary,-7.59684,36.96082,3441,Low
111302-6,JENEFA,Morogoro,Kilosa,Dispensary,-7.66203,36.99272,6896,High
121719-9,ST.MILLY FAMILY,Lindi,Kilwa,Dispensary,-8.4046226,39.2822807,2937,Low
120755-4,NAHAMA,Lindi,Kilwa,Dispensary,-8.54091,39.05431,4526,Moderate
104905-5,MIKOMA,Lindi,Kilwa,Dispensary,-9.20457,39.6081,12255,Very High
104079-9,MAKANGAGA,Lindi,Kilwa,Dispensary,-9.13117,39.562811,4005,Moderate
102581-6,ZINGA KIBAONI,Lindi,Kilwa,Dispensary,-9.17511,38.68,1254,Very Low
104681-2,MBWEMKURU,Lindi,Kilwa,Dispensary,-9.57023,39.4908,2354,Low
113957-5,SOMANGA,Lindi,Kilwa,Health Center,-8.39221,39.02862,1779,Very Low
112963-4,SHIJA,Lindi,Kilwa,Health Laboratory,-8.79843,39.35113,2549,Low
122172-0,PUNGUTINI,Lindi,Kilwa,Dispensary,-8.38661,39.02312,1244,Very Low
103113-7,KISIMAMKIKA,Lindi,Kilwa,Dispensary,-8.78815,38.9295,6477,High
122084-7,MKUNGA,Lindi,Kilwa,Health Laboratory,-8.50228,39.25951,12931,Very High
104884-2,ZINGA MIGURUWE,Lindi,Kilwa,Dispensary,-8.84775,38.8433,1852,Very Low
106180-3,NANGURUKURU,Lindi,Kilwa,Dispensary,-8.805501,39.354459,4553,Moderate
110331-6,TINGI,Lindi,Kilwa,Health Center,-8.510234,39.255847,7793,High
106088-8,NAKIU,Lindi,Kilwa,Dispensary,-9.572,39.018,244,Very Low
103229-1,KIWAWA,Lindi,Kilwa,Dispensary,-9.1777,39.369,5255,Moderate
106087-0,NAKING'OMBE,Lindi,Kilwa,Dispensary,-8.935572,38.825118,505,Very Low
112965-9,SOMANGA,Lindi,Kilwa,Health Laboratory,-8.39377,39.28098,7706,High
106166-2,NANDETE,Lindi,Kilwa,Dispensary,-8.433767,38.873033,3944,Moderate
122830-3,NADHIFU,Lindi,Kilwa,Health Laboratory,-8.79725,39.34739,3955,Moderate
113959-1,SONGOMNARA,Lindi,Kilwa,Dispensary,-9.42926,39.60408,4065,Moderate
102997-4,ST. MARTINS,Lindi,Kilwa,Hospital,-8.48149,38.9218,4313,Moderate
103123-6,KISIWANI,Lindi,Kilwa,Dispensary,-8.95853,39.4966,5700,Moderate
112091-4,HOTELITATU,Lindi,Kilwa,Dispensary,-9.3039,39.4122,1520,Very Low
104501-2,MAVUJI,Lindi,Kilwa,Dispensary,-9.073,39.396,191,Very Low
105513-6,MTUMBEI MPOPERA,Lindi,Kilwa,Dispensary,-8.71168,38.8398,1387,Very Low
105612-6,MTYALAMBUKO,Lindi,Kilwa,Dispensary,-8.43403,39.1252,1984,Very Low
121123-4,MALIKI,Lindi,Kilwa,Health Laboratory,-9.29723,39.41161,2078,Very Low
106352-8,NGARAMBI,Lindi,Kilwa,Dispensary,-8.54,38.771,379,Very Low
102980-0,KINYONGA,Lindi,Kilwa,Hospital,-8.75841,39.41245,16172,Very High
105532-6,MTANDI,Lindi,Kilwa,Dispensary,-9.48907,39.4656,2289,Low
120497-3,SELOUS,Lindi,Kilwa,Dispensary,-8.84613,38.85358,645,Very Low
102781-2,KIKOLE,Lindi,Kilwa,Dispensary,-8.76868,39.1213,1257,Very Low
123280-0,MORNING STAR,Lindi,Kilwa,Health Laboratory,-9.17861,38.67833,3937,Moderate
107526-6,SOMANGA,Lindi,Kilwa,Dispensary,-8.39247,39.2869,560,Very Low
106962-4,PANDE,Lindi,Kilwa,Health Center,-9.13127,39.5631,11879,Very High
104225-8,MANDAWA,Lindi,Kilwa,Dispensary,-9.37963,39.438,7807,High
105551-6,MTENDE,Lindi,Kilwa,Dispensary,-8.38554,39.2146,2565,Low
111181-4,NANDEMBO,Lindi,Kilwa,Dispensary,-8.50261,38.92466,3493,Low
112958-4,NGUCHU,Lindi,Kilwa,Health Laboratory,-8.75238,39.41492,12772,Very High
121181-2,NAMAKONGORO,Lindi,Kilwa,Dispensary,-9.33711,39.60311,2822,Low
104876-8,MIGEREGERE,Lindi,Kilwa,Dispensary,-8.82496,39.2308,1202,Very Low
102308-4,KANDAWALE,Lindi,Kilwa,Dispensary,-8.58324,38.8025,1747,Very Low
121986-4,SOWETO HEALTH,Lindi,Kilwa,Health Laboratory,-9.11571,39.55578,6357,High
106116-7,NAMAYUNI,Lindi,Kilwa,Dispensary,-8.5423,39.1231,6816,High
123843-5,KWA NEEMA,Lindi,Kilwa,Health Laboratory,-8.92461,39.51293,11839,Very High
103930-4,MAGEREZA,Lindi,Kilwa,Dispensary,-8.91846,39.50746,15549,Very High
112375-1,MARENDEGO,Lindi,Kilwa,Dispensary,-8.3917,39.2862,2718,Low
107138-0,RUHATWE,Lindi,Kilwa,Dispensary,-8.78252,39.1866,1177,Very Low
121995-5,KASANZU,Lindi,Kilwa,Health Laboratory,-9.51872,39.48919,1107,Very Low
106188-6,NAINOKWE,Lindi,Kilwa,Dispensary,-9.082,38.893,520,Very Low
105058-2,MKARANGO,Lindi,Kilwa,Dispensary,-8.58333,38.9667,2358,Low
112092-2,MWENGEI,Lindi,Kilwa,Dispensary,-8.383,38.975,1769,Very Low
100951-3,DARAJANI,Lindi,Kilwa,Dispensary,-8.50424,38.8207,538,Very Low
113960-9,MTEPERA,Lindi,Kilwa,Dispensary,-8.82023,38.79012,497,Very Low
103077-4,KISANGI,Lindi,Kilwa,Dispensary,-8.710395,39.17875,1001,Very Low
100888-7,CHUMO,Lindi,Kilwa,Dispensary,-8.540943,39.039258,7535,High
105582-1,MTONDO KIMWAGA,Lindi,Kilwa,Dispensary,-8.545256,38.924529,4946,Moderate
104946-9,MINGUMBI,Lindi,Kilwa,Dispensary,-8.52186,39.1745,3559,Low
102958-6,KINJUMBI,Lindi,Kilwa,Dispensary,-8.38664,39.1937,3061,Low
106185-2,NANJIRINJI,Lindi,Kilwa,Health Center,-9.625,38.692,779,Very Low
104996-4,MITEJA,Lindi,Kilwa,Dispensary,-8.59549,39.2567,6400,High
103509-6,LIHIMALYAO,Lindi,Kilwa,Dispensary,-9.33725,39.6259,3919,Moderate
103007-1,KIPINDIMBI,Lindi,Kilwa,Dispensary,-8.934,38.919,402,Very Low
106495-5,NJINJO,Lindi,Kilwa,Health Center,-8.81608,38.882,6302,High
102588-1,KIBATA,Lindi,Kilwa,Dispensary,-8.446517,38.974583,4381,Moderate
104419-7,MASOKO,Lindi,Kilwa,Health Center,-8.929413,39.514801,5580,Moderate
104446-0,MATANDU,Lindi,Kilwa,Dispensary,-8.71799,39.2619,6564,High
111297-8,MCHAKAMA,Lindi,Kilwa,Dispensary,-9.0711,39.3954,4148,Moderate
103513-8,LIKAWAGE,Lindi,Kilwa,Dispensary,-9.25931,38.9948,4945,Moderate
121953-4,Michongwe Health Laboratory,Lindi,Kilwa,Health Laboratory,-8.74577,39.40839,8368,High
105352-9,MPARA,Lindi,Kilwa,Dispensary,-8.84734,39.4579,8222,High
112447-8,NAMATEWA,Lindi,Kilwa,Dispensary,-8.645,38.755,413,Very Low
105000-4,MITOLE,Lindi,Kilwa,Dispensary,-8.78197,39.0258,3821,Low
107546-4,SONGOSONGO,Lindi,Kilwa,Dispensary,-8.52401,39.5081,3861,Low
105586-2,MTONI,Lindi,Kilwa,Dispensary,-8.633871,39.357234,5828,Moderate
124032-4,NGUDU,Lindi,Kilwa,Dispensary,-9.51736,39.47447,2003,Very Low
103028-7,KIRANJERANJE,Lindi,Kilwa,Dispensary,-9.522055,39.471582,1544,Very Low
105731-4,MUUNGANO,Lindi,Kilwa,Dispensary,-8.4972,39.1181,3789,Low
110935-4,CHANCE OPTOCARE CENTRE,Dar es Salaam,Kinondoni,Clinic,-6.76701,39.22844,789,Very Low
110385-2,SALASALA,Dar es Salaam,Kinondoni,Dispensary,-6.70671,39.19754,8151,High
124036-5,MBEZI MAKONDE,Dar es Salaam,Kinondoni,Clinic,-6.80605,39.25712,26,Very Low
103954-4,MAGEREZA BOKO,Dar es Salaam,Kinondoni,Dispensary,-6.63981,39.12787,10604,Very High
122573-9,ELJIVA,Dar es Salaam,Kinondoni,Clinic,-6.79044,39.27005,1891,Very Low
122557-2,FEYPASSION,Dar es Salaam,Kinondoni,Clinic,-6.65788,39.18652,8573,High
111925-4,NYAGA,Dar es Salaam,Kinondoni,Dispensary,-6.66997,39.20684,2005,Very Low
121148-1,MASHAURI,Dar es Salaam,Kinondoni,Health Laboratory,-6.78721,39.2695,2686,Low
108354-2,WAZO,Dar es Salaam,Kinondoni,Dispensary,-6.67195,39.16865,3757,Low
123661-1,OJM,Dar es Salaam,Kinondoni,Clinic,-6.79471,39.26642,3049,Low
123875-7,UST,Dar es Salaam,Kinondoni,Health Laboratory,-6.68955,39.20163,15507,Very High
110679-8,KETO,Dar es Salaam,Kinondoni,Dispensary,-6.71839,39.20016,10538,Very High
123077-0,TUDARCO,Dar es Salaam,Kinondoni,Dispensary,-6.76005,39.23225,2561,Low
110749-9,LONDON,Dar es Salaam,Kinondoni,Health Center,-6.76306,39.26965,3607,Low
110590-7,HONEST,Dar es Salaam,Kinondoni,Clinic,-6.61749,39.09882,3341,Low
121147-3,DOCTOR ER MEDICAL LABORATORY,Dar es Salaam,Kinondoni,Health Laboratory,-6.72709,39.21466,2268,Low
110752-3,DENTAL STUDIO,Dar es Salaam,Kinondoni,Clinic,-6.74025,39.28382,1009,Very Low
110755-6,SMILE,Dar es Salaam,Kinondoni,Clinic,-6.72996,39.21568,475,Very Low
101014-9,DR. MHINA,Dar es Salaam,Kinondoni,Dispensary,-6.65605,39.19707,14378,Very High
108108-2,UNUNIO,Dar es Salaam,Kinondoni,Dispensary,-6.63164,39.17941,11565,Very High
110747-3,ESNAN,Dar es Salaam,Kinondoni,Clinic,-6.75652,39.24828,659,Very Low
110622-8,MAUTO,Dar es Salaam,Kinondoni,Clinic,-6.69379,39.15157,11532,Very High
111117-8,TAYMA,Dar es Salaam,Kinondoni,Dispensary,-6.79118,39.23996,4025,Moderate
110787-9,MICO ANNEX,Dar es Salaam,Kinondoni,Dispensary,-6.79681,39.26447,1920,Very Low
108134-8,UPENDO IKUNDA,Dar es Salaam,Kinondoni,Dispensary,-6.61572,39.09556,10132,Very High
113877-5,KIGOGO,Dar es Salaam,Kinondoni,Health Center,-6.81899,39.24905,3221,Low
124378-1,EAST,Dar es Salaam,Kinondoni,Clinic,-6.13567,39.26078,NA,NA
108448-2,MAGOMENI,Dar es Salaam,Kinondoni,Health Center,-6.80663,39.25733,835,Very Low
101114-7,EUREKA,Dar es Salaam,Kinondoni,Dispensary,-6.7961,39.24467,1214,Very Low
121028-5,SEMWI,Dar es Salaam,Kinondoni,Health Center,-6.66411,39.18051,1867,Very Low
114304-9,MICO UFALME,Dar es Salaam,Kinondoni,Health Laboratory,-6.72252,39.21265,6927,High
100407-6,BONDE LA MPUNGA,Dar es Salaam,Kinondoni,Dispensary,-6.77051,39.26595,1119,Very Low
107032-5,PREMIER CARE CLINIC LIMITED,Dar es Salaam,Kinondoni,Clinic,-6.77842,39.26914,1041,Very Low
113503-7,MADUKA MATATU,Dar es Salaam,Kinondoni,Health Laboratory,-6.79517,39.25267,4110,Moderate
101332-5,ST. CLARA,Dar es Salaam,Kinondoni,Dispensary,-6.76646,39.23076,505,Very Low
122293-4,JOBAMA HEAD 2 TOE SUPER SPECIALIZED ORTHOPAEDIC&PHYSIOTHERAPY CLINIC MBEZI,Dar es Salaam,Kinondoni,Clinic,-6.71947,39.23158,6214,High
102713-5,KIGOGO,Dar es Salaam,Kinondoni,Clinic,-6.81741,39.25211,1633,Very Low
111089-9,Arafa Kigogo,Dar es Salaam,Kinondoni,Dispensary,-6.8161,39.2538,3840,Low
108661-0,ARDHI UNIVERSITY,Dar es Salaam,Kinondoni,Dispensary,-6.76674,39.213,3614,Low
123637-1,MIVUMONI,Dar es Salaam,Kinondoni,Health Laboratory,-6.69831,39.14944,8953,High
113468-3,JOYFUL,Dar es Salaam,Kinondoni,Health Laboratory,-6.76789,39.26918,841,Very Low
102113-8,JWTZ CHANGANYIKENI,Dar es Salaam,Kinondoni,Dispensary,-6.77228,39.18434,6874,High
102714-3,KIGOGO MORAVIAN,Dar es Salaam,Kinondoni,Dispensary,-6.81681,39.2524,1643,Very Low
101389-5,HOPE EYE CARE,Dar es Salaam,Kinondoni,Clinic,-6.78816,39.2646,672,Very Low
121093-9,ELIDAD,Dar es Salaam,Kinondoni,Hospital,-6.63338,39.14652,1135,Very Low
106626-5,NURRAIFO WAZO,Dar es Salaam,Kinondoni,Dispensary,-6.6669,39.1764,353,Very Low
123732-0,AFRITURKIYE,Dar es Salaam,Kinondoni,Clinic,-6.77559,39.24407,4068,Moderate
103843-9,MADALE,Dar es Salaam,Kinondoni,Dispensary,-6.68739,39.19759,11279,Very High
105229-9,MLALAKUWA JKT,Dar es Salaam,Kinondoni,Dispensary,-6.7456,39.238579,1109,Very Low
123721-3,EPICARE,Dar es Salaam,Kinondoni,Clinic,-6.75556,39.23819,1221,Very Low
104343-9,MARIE STOPES MWENGE,Dar es Salaam,Kinondoni,Hospital,-6.77311,39.23469,3885,Moderate
120741-4,COCA COLA KWANZA MIKOCHENI,Dar es Salaam,Kinondoni,Clinic,-6.75204,39.23308,3099,Low
108655-2,MBEZI,Dar es Salaam,Kinondoni,Health Center,-6.72996,39.2148,1823,Very Low
110753-1,ST THERESIA,Dar es Salaam,Kinondoni,Dispensary,-6.67666,39.20457,1158,Very Low
121717-3,SINAI HEALTH CARE,Dar es Salaam,Kinondoni,Clinic,-6.63338,39.14652,1135,Very Low
122556-4,BESTA,Dar es Salaam,Kinondoni,Clinic,-6.79001,39.27151,1654,Very Low
110580-8,KBD MEDICAL,Dar es Salaam,Kinondoni,Clinic,-6.78477,39.26323,1633,Very Low
104683-8,MBWENI B,Dar es Salaam,Kinondoni,Dispensary,-6.57652,39.1432,909,Very Low
121674-6,BESTA,Dar es Salaam,Kinondoni,Clinic,-6.79001,39.27151,1654,Very Low
123943-3,ELIXIR,Dar es Salaam,Kinondoni,Clinic,-6.79361,39.15664,6346,High
123666-0,YOLLAS,Dar es Salaam,Kinondoni,Health Laboratory,-6.78633,39.24761,5388,Moderate
110750-7,SALI INTERNATIONAL,Dar es Salaam,Kinondoni,Hospital,-6.74223,39.27696,1218,Very Low
122291-8,HANS MGAYA,Dar es Salaam,Kinondoni,Hospital,-6.62128,39.09189,12031,Very High
110768-9,PERFECT POINT EYE CENTRE,Dar es Salaam,Kinondoni,Clinic,-6.66937,39.19055,3198,Low
103633-4,LUGALO RCH,Dar es Salaam,Kinondoni,Hospital,-6.76586,39.2279,2153,Low
108647-9,TOBSONS,Dar es Salaam,Kinondoni,Dispensary,-6.6402,39.164,20256,Very High
104684-6,ST JOSEPH MBWENI MISSION,Dar es Salaam,Kinondoni,Hospital,-6.57999,39.12739,6980,High
107738-7,TANDALE,Dar es Salaam,Kinondoni,Health Center,-6.79664,39.23774,2375,Low
123785-8,ABC,Dar es Salaam,Kinondoni,Clinic,-6.76333,39.25668,4028,Moderate
120857-8,KAIRUKI  GREEN IVF (KGIVF),Dar es Salaam,Kinondoni,Clinic,-6.53854,39.01526,639,Very Low
104682-0,MBWENI,Dar es Salaam,Kinondoni,Dispensary,-6.57848,39.13226,3263,Low
108648-7,KITENGULE,Dar es Salaam,Kinondoni,Hospital,-6.66212,39.18275,2472,Low
112346-2,AL-SHIFA,Dar es Salaam,Kinondoni,Clinic,-6.76203,39.25064,3585,Low
120748-9,CAWABE,Dar es Salaam,Kinondoni,Clinic,-6.75506,39.24504,1907,Very Low
123543-1,JANGO MEDICAL,Dar es Salaam,Kinondoni,Health Laboratory,-6.66856,39.17529,3120,Low
123477-2,EYENOVA,Dar es Salaam,Kinondoni,Clinic,-6.76476,39.26985,1582,Very Low
108704-8,ANTONIO VERNA,Dar es Salaam,Kinondoni,Dispensary,-6.73669,39.22851,1518,Very Low
112345-4,EES,Dar es Salaam,Kinondoni,Dispensary,-6.66797,39.18433,3144,Low
121023-6,PKP,Dar es Salaam,Kinondoni,Dispensary,-6.673834,39.200934,4944,Moderate
122842-8,MENO YANGU COSMETIC,Dar es Salaam,Kinondoni,Clinic,-6.77219,39.2705,528,Very Low
105296-8,MOROCCO PHYSIOTHERAPY,Dar es Salaam,Kinondoni,Clinic,-6.77749,39.26537,1161,Very Low
100204-7,AZANIA,Dar es Salaam,Kinondoni,Dispensary,-6.81368,39.29261,1694,Very Low
121210-9,REENBOOK,Dar es Salaam,Kinondoni,Clinic,-6.770147,39.261829,922,Very Low
110687-1,ST. LAWRENCE DIABETIC,Dar es Salaam,Kinondoni,Clinic,-6.768736,39.270713,532,Very Low
121118-4,MORIA HEALTH LABORATORY,Dar es Salaam,Kinondoni,Health Laboratory,-6.6663,39.13027,8771,High
100275-7,BAKWATA MSASANI,Dar es Salaam,Kinondoni,Dispensary,-6.76973,39.26565,1280,Very Low
114590-3,MASAKI OPTICIANS,Dar es Salaam,Kinondoni,Clinic,-6.7544,39.2758,2682,Low
110464-5,DAR IVF AND FERTILITY,Dar es Salaam,Kinondoni,Clinic,-6.75665,39.25079,681,Very Low
120353-8,HEAMEDA,Dar es Salaam,Kinondoni,Hospital,-6.28457,39.36782,NA,NA
123814-6,SAINT HELLEN,Dar es Salaam,Kinondoni,Dispensary,-6.7698,39.25725,2446,Low
123974-8,HAVEN,Dar es Salaam,Kinondoni,Clinic,-6.70764,39.22573,16653,Very High
112806-5,VISION PLUS LTD,Dar es Salaam,Kinondoni,Clinic,-6.7497,39.24018,1452,Very Low
113405-5,MD MULT SPECIALISED,Dar es Salaam,Kinondoni,Hospital,-6.66113,39.20247,2469,Low
107576-1,ST. BRENDAN,Dar es Salaam,Kinondoni,Dispensary,-6.73615,39.22094,4357,Moderate
107838-5,TKS,Dar es Salaam,Kinondoni,Dispensary,-6.80089,39.25891,4534,Moderate
111532-8,AGA KHAN,Dar es Salaam,Kinondoni,Clinic,-6.74966,39.24036,1401,Very Low
122678-6,CALIFONIA,Dar es Salaam,Kinondoni,Health Laboratory,-6.62798,39.14826,15903,Very High
104985-7,KAIRUKI,Dar es Salaam,Kinondoni,Hospital,-6.77315,39.25497,713,Very Low
102064-3,JS BARBRA,Dar es Salaam,Kinondoni,Dispensary,-6.75627,39.23964,3185,Low
122754-5,Majey,Dar es Salaam,Kinondoni,Clinic,-6.76885,39.2692,513,Very Low
113745-4,DR. AGARWAL'S EYE HOSPITAL WITH ABU BASEER,Dar es Salaam,Kinondoni,Clinic,-6.77766,39.26607,588,Very Low
108706-3,MLALAKUWA,Dar es Salaam,Kinondoni,Dispensary,-6.76655,39.22292,4964,Moderate
113838-7,SALAMA -1 TANDALE,Dar es Salaam,Kinondoni,Dispensary,-6.79164,39.24077,2364,Low
104633-3,MBOPO,Dar es Salaam,Kinondoni,Dispensary,-6.69106,39.11076,11808,Very High
123475-6,FRENCH AMS,Dar es Salaam,Kinondoni,Clinic,-6.77139,39.25497,1606,Very Low
111533-6,MICO MWEMBENI,Dar es Salaam,Kinondoni,Dispensary,-6.67898,39.20486,7380,High
104853-7,RABININSIA MEMORIAL,Dar es Salaam,Kinondoni,Hospital,-6.65531,39.17621,6404,High
124194-2,BODY BY DESIGN,Dar es Salaam,Kinondoni,Clinic,-6.76614,39.24974,4102,Moderate
100390-4,Boko,Dar es Salaam,Kinondoni,Dispensary,-6.63118,39.15227,6648,High
100577-6,Bunju,Dar es Salaam,Kinondoni,Health Center,-6.62027,39.11057,2754,Low
110461-1,NEW MSASANI,Dar es Salaam,Kinondoni,Dispensary,-6.76951,39.26702,882,Very Low
123614-0,EMED,Dar es Salaam,Kinondoni,Clinic,-6.73358,39.20567,7315,High
114318-9,AFRI SALASALA,Dar es Salaam,Kinondoni,Health Laboratory,-6.70152,39.19769,6710,High
112341-3,SANDARYA HEALTH,Dar es Salaam,Kinondoni,Health Center,-6.61425,39.11389,24614,Very High
113495-6,MBEZI BEACH,Dar es Salaam,Kinondoni,Health Laboratory,-6.7299,39.21489,49,Very Low
124145-4,SINO TANZANIA KANGNING,Dar es Salaam,Kinondoni,Clinic,-6.82872,39.31079,1188,Very Low
113878-3,Mikoroshini,Dar es Salaam,Kinondoni,Dispensary,-6.77294,39.26951,1133,Very Low
113735-5,MT SINAI WAZO,Dar es Salaam,Kinondoni,Dispensary,-6.66701,39.17775,1853,Very Low
123512-6,GR,Dar es Salaam,Kinondoni,Health Laboratory,-6.78996,39.26506,2602,Low
112193-8,RANI,Dar es Salaam,Kinondoni,Clinic,-6.74643,39.23534,1670,Very Low
112364-5,INTERNATIONAL EYE,Dar es Salaam,Kinondoni,Clinic,-6.7785,39.25769,2387,Low
110620-2,MAMA NGOMA,Dar es Salaam,Kinondoni,Hospital,-6.77008,39.22719,3146,Low
106052-4,MZIMUNI,Dar es Salaam,Kinondoni,Dispensary,-6.81133,39.25603,3701,Low
121766-0,ST. JUDE,Dar es Salaam,Kinondoni,Clinic,-6.78063,39.26281,1661,Very Low
105371-9,MPIJI MBWENI,Dar es Salaam,Kinondoni,Dispensary,-6.59121,39.11669,5463,Moderate
120614-3,MASAKI HEALTH CARE,Dar es Salaam,Kinondoni,Clinic,-6.75045,39.28002,1543,Very Low
105905-4,MWANANYAMALA,Dar es Salaam,Kinondoni,Hospital,-6.78753,39.254381,772,Very Low
120618-4,MOTHER THERESA SOS,Dar es Salaam,Kinondoni,Dispensary,-6.70427,39.15125,7632,High
121767-8,MECCO,Dar es Salaam,Kinondoni,Dispensary,-6.80608,39.2571,77,Very Low
122327-0,APPLEDENT,Dar es Salaam,Kinondoni,Clinic,-6.80629,39.25724,77,Very Low
105906-2,KAMBANGWA,Dar es Salaam,Kinondoni,Dispensary,-6.78858,39.25442,578,Very Low
101805-0,IMTU,Dar es Salaam,Kinondoni,Hospital,-6.711291,39.209721,14706,Very High
107650-4,Suby,Dar es Salaam,Kinondoni,Maternity Home,-6.800339,39.244272,2309,Low
110665-7,DOCTORS PLAZA,Dar es Salaam,Kinondoni,Clinic,-6.77825,39.26613,483,Very Low
121033-5,JJ EYETECH,Dar es Salaam,Kinondoni,Clinic,-6.78069,39.26522,791,Very Low
105479-0,MSISIRI BAKWATA,Dar es Salaam,Kinondoni,Dispensary,-6.78414,39.25745,2264,Low
123939-1,EBEN WELLNESS,Dar es Salaam,Kinondoni,Clinic,-6.74073,39.23034,2611,Low
114336-1,AMREF,Dar es Salaam,Kinondoni,Health Laboratory,-6.78632,39.25152,1262,Very Low
103336-4,KUNDUCHI,Dar es Salaam,Kinondoni,Dispensary,-6.67013,39.20818,6517,High
123641-3,MARIA,Dar es Salaam,Kinondoni,Clinic,-6.16347,39.38457,NA,NA
110756-4,MBEZI,Dar es Salaam,Kinondoni,Clinic,-6.73073,39.21709,5328,Moderate
113475-8,EDEN,Dar es Salaam,Kinondoni,Health Laboratory,-6.72346,39.2298,7177,High
110757-2,KISIWANI,Dar es Salaam,Kinondoni,Dispensary,-6.79293,39.25178,2797,Low
113481-6,JOHESB,Dar es Salaam,Kinondoni,Health Laboratory,-6.674763,39.171021,8890,High
111384-4,SALAAMAN,Dar es Salaam,Kinondoni,Hospital,-6.80499,39.26032,1599,Very Low
112048-4,CANCER CARE AND COUNSELING,Dar es Salaam,Kinondoni,Clinic,-6.7076,39.226,7417,High
120731-5,SERENEDERM,Dar es Salaam,Kinondoni,Clinic,-6.64821,39.17331,8682,High
113476-6,WAZO HILL,Dar es Salaam,Kinondoni,Health Laboratory,-6.67719,39.15678,6890,High
113485-7,ANKO J(MICO),Dar es Salaam,Kinondoni,Health Laboratory,-6.79686,39.2482,1652,Very Low
113493-1,BAHARI,Dar es Salaam,Kinondoni,Health Laboratory,-6.80206,39.24745,2339,Low
113500-3,MICO GB,Dar es Salaam,Kinondoni,Health Laboratory,-6.80849,39.26126,3140,Low
105231-5,MMR,Dar es Salaam,Kinondoni,Dispensary,-6.78093,39.25126,2715,Low
113502-9,JOMI,Dar es Salaam,Kinondoni,Health Laboratory,-6.63071,39.1522,8569,High
123952-4,ST. Y'SALEM,Dar es Salaam,Kinondoni,Dispensary,-6.72883,39.23024,6675,High
123667-8,THYROCARE,Dar es Salaam,Kinondoni,Health Laboratory,-6.78399,39.25599,1815,Very Low
111450-3,Melkianc,Dar es Salaam,Kinondoni,Clinic,-6.65799,39.18011,3881,Moderate
123783-3,RELIABLE,Dar es Salaam,Kinondoni,Clinic,-6.75653,39.24628,2241,Low
123941-7,AVIANNA,Dar es Salaam,Kinondoni,Clinic,-6.71951,39.23161,962,Very Low
120986-5,EMPIRE,Dar es Salaam,Kinondoni,Clinic,-6.77773,39.26567,61,Very Low
112047-6,TSUNNY,Dar es Salaam,Kinondoni,Clinic,-6.66771,39.18812,794,Very Low
120508-7,MACHAKANI,Dar es Salaam,Kinondoni,Dispensary,-6.64352,39.17723,12163,Very High
123735-3,PRIME,Dar es Salaam,Kinondoni,Clinic,-6.78127,39.28339,6299,High
122916-0,MEDIKA,Dar es Salaam,Kinondoni,Dispensary,-6.66564,39.19036,579,Very Low
123190-1,MMBAGA HEALTH CARE AND TREATMENT,Dar es Salaam,Kinondoni,Dispensary,-6.78919,39.25657,3968,Moderate
123670-2,KIAN,Dar es Salaam,Kinondoni,Health Laboratory,-6.78586,39.26563,1682,Very Low
123793-2,KWISA,Dar es Salaam,Kinondoni,Clinic,-6.63338,39.14642,2924,Low
110681-4,LUSUNGU,Dar es Salaam,Kinondoni,Clinic,-6.78851,39.25329,1118,Very Low
121149-9,Y&M EXPRESS LIMITED,Dar es Salaam,Kinondoni,Health Laboratory,-6.77115,39.26151,1854,Very Low
108700-6,RED CROSS HUMANITARIAN,Dar es Salaam,Kinondoni,Dispensary,-6.73965,39.22361,4131,Moderate
121309-9,MAKUSARO WAZO,Dar es Salaam,Kinondoni,Dispensary,-6.66595,39.17641,2188,Low
110639-2,ARAFA VIGAENI,Dar es Salaam,Kinondoni,Dispensary,-6.62014,39.11132,5139,Moderate
100681-6,CCBRT,Dar es Salaam,Kinondoni,Hospital,-6.76786,39.27119,728,Very Low
122340-3,KASAMBO,Dar es Salaam,Kinondoni,Clinic,-6.81575,39.23151,5169,Moderate
110773-9,VISION CARE,Dar es Salaam,Kinondoni,Clinic,-6.76942,39.21891,3055,Low
105512-8,MOUNT UKOMBOZI,Dar es Salaam,Kinondoni,Hospital,-6.77894,39.26414,688,Very Low
112347-0,RESA,Dar es Salaam,Kinondoni,Clinic,-6.66413,39.20596,4424,Moderate
122049-0,MKOMBOZ,Dar es Salaam,Kinondoni,Health Laboratory,-6.73066,39.20916,4928,Moderate
104854-5,MICO MKWAJUNI,Dar es Salaam,Kinondoni,Dispensary,-6.796159,39.264482,2285,Low
123509-2,SHIFA PAN AFRICAN,Dar es Salaam,Kinondoni,Hospital,-6.79205,39.27421,4287,Moderate
111382-8,TAIFO KUNDUCHI,Dar es Salaam,Kinondoni,Dispensary,-6.67648,39.20514,1794,Very Low
110472-8,MAKONGO HILLS,Dar es Salaam,Kinondoni,Dispensary,-6.75771,39.199038,17065,Very High
112194-6,OMEGA,Dar es Salaam,Kinondoni,Clinic,-6.80649,39.25404,2204,Low
123497-0,MINT,Dar es Salaam,Kinondoni,Clinic,-6.74215,39.23781,2699,Low
113480-8,FAJUSA,Dar es Salaam,Kinondoni,Health Laboratory,-6.79859,39.24859,2347,Low
110626-9,MBWENI JKT,Dar es Salaam,Kinondoni,Dispensary,-6.6083,39.16358,5947,High
123888-0,CAREPLUS HEALTHY,Dar es Salaam,Kinondoni,Health Laboratory,-6.80302,35.15641,7272,High
123098-6,PREMIER TAG,Dar es Salaam,Kinondoni,Clinic,-6.74845,39.28149,1496,Very Low
124387-2,PRECIOUS HEARTS PEDIATRIC,Dar es Salaam,Kinondoni,Clinic,-6.13567,39.25326,NA,NA
114184-5,SHREE HINDU MANDAL,Dar es Salaam,Kinondoni,Clinic,-6.66107,39.20223,2809,Low
113839-5,ST NDAHANI,Dar es Salaam,Kinondoni,Health Center,-6.73702,39.22376,2357,Low
104375-1,Sisa,Dar es Salaam,Kinondoni,Health Center,-6.78452,39.25049,1570,Very Low
124395-5,DIVINE HEART,Dar es Salaam,Kinondoni,Ambulance and Air Services,-6.74638,39.28339,2649,Low
112595-4,MEDWIN FAMILY HEALTHCARE,Dar es Salaam,Kinondoni,Clinic,-6.671173,39.196016,4552,Moderate
106319-7,NEW TEGETA,Dar es Salaam,Kinondoni,Dispensary,-6.66691,39.18977,529,Very Low
104860-2,MICO CHARITABLE,Dar es Salaam,Kinondoni,Dispensary,-6.69953,39.19726,8629,High
111367-9,NEW VISION SPECIALIST,Dar es Salaam,Kinondoni,Clinic,-6.77225,39.27052,402,Very Low
103632-6,LUGALO,Dar es Salaam,Kinondoni,Hospital,-6.6485864,39.1777253,6900,High
112049-2,KEMIL & DIASON,Dar es Salaam,Kinondoni,Clinic,-6.62015,39.09701,6823,High
114321-3,REHOBOTH,Dar es Salaam,Kinondoni,Health Laboratory,-6.78007,39.24095,6956,High
122325-4,ATTENTIVE,Dar es Salaam,Kinondoni,Clinic,-6.75465,39.23771,1781,Very Low
108644-6,HANANASIF,Dar es Salaam,Kinondoni,Dispensary,-6.80138,39.26692,2950,Low
102761-4,KIJITONYAMA,Dar es Salaam,Kinondoni,Dispensary,-6.77605,39.23143,6179,High
112653-1,BUNJU,Dar es Salaam,Kinondoni,Clinic,-6.61886,39.09987,5417,Moderate
123514-2,GODGIVEN,Dar es Salaam,Kinondoni,Health Laboratory,-6.66667,39.16702,4656,Moderate
101017-2,KINONDONI,Dar es Salaam,Kinondoni,Hospital,-6.78723,39.26338,1556,Very Low
102508-9,KAWE,Dar es Salaam,Kinondoni,Health Center,-6.73995,39.22662,2130,Very Low
101813-4,IST,Dar es Salaam,Kinondoni,Clinic,-6.75895,39.27835,2640,Low
123189-3,SMILE,Dar es Salaam,Kinondoni,Clinic,-6.75539,39.27491,1670,Very Low
113494-9,OB,Dar es Salaam,Kinondoni,Health Laboratory,-6.65941,39.18277,1680,Very Low
106002-9,MWENGE,Dar es Salaam,Kinondoni,Dispensary,-6.766982,39.231561,2863,Low
123214-9,PREMIER CARE,Dar es Salaam,Kinondoni,Clinic,-6.77841,39.26969,1476,Very Low
101077-6,EMILIO MZENA MEMORIAL,Dar es Salaam,Kinondoni,Hospital,-6.77347,39.25209,3030,Low
123940-9,ESTHETIC ZONE,Dar es Salaam,Kinondoni,Clinic,-6.75971,39.27951,4535,Moderate
123198-4,FARAJAH OPTIMUM,Dar es Salaam,Kinondoni,Clinic,-6.80886,39.2606,2216,Low
112349-6,CRADLE,Dar es Salaam,Kinondoni,Health Center,-6.80594,39.25706,410,Very Low
107289-1,SANITAS,Dar es Salaam,Kinondoni,Health Center,-6.75643,39.24826,230,Very Low
120875-0,ALBU SAID HEALTH,Dar es Salaam,Kinondoni,Dispensary,-6.81914,39.24596,3616,Low
100147-8,ARAFA HURUMA,Dar es Salaam,Kinondoni,Dispensary,-6.66753,39.18776,1408,Very Low
106279-3,NDUMBWI,Dar es Salaam,Kinondoni,Dispensary,-6.714121,39.201653,4972,Moderate
106945-9,OYSTERBAY POLICE,Dar es Salaam,Kinondoni,Dispensary,-6.76829,39.2743,4087,Moderate
122679-4,CAMI,Dar es Salaam,Kinondoni,Clinic,-6.80436,39.25809,1130,Very Low
122897-2,AMERICAN,Dar es Salaam,Kinondoni,Clinic,-6.77059,39.27378,4197,Moderate
123184-4,REACH TANZANIA,Dar es Salaam,Kinondoni,Clinic,-6.67332,39.18211,9987,Very High
107799-9,TEGETA,Dar es Salaam,Kinondoni,Dispensary,-6.66459,39.19244,3567,Low
112585-5,MAGOMENI UPENDO,Dar es Salaam,Kinondoni,Clinic,-6.77855,39.25187,2449,Low
123321-2,BWIKIZO,Dar es Salaam,Kinondoni,Health Laboratory,-6.79444,39.24452,2663,Low
122917-8,VICTORIOUS,Dar es Salaam,Kinondoni,speech and language therapy clinic,-6.76697,39.24342,7187,High
108450-8,MAKONGO JUU,Dar es Salaam,Kinondoni,Dispensary,-6.758377,39.203005,4468,Moderate
123186-9,HEALTHHUB LIMITED,Dar es Salaam,Kinondoni,Physiotherapy Clinic,-6.78253,39.27387,1839,Very Low
102710-1,KIGOGO,Dar es Salaam,Kinondoni,Dispensary,-6.8164,39.2395,940,Very Low
120909-7,AIRMED ADVANCED FERTILITY CENTRE,Dar es Salaam,Kinondoni,Clinic,-6.75076,39.28094,4327,Moderate
121314-9,MF MSIGANI,Dar es Salaam,Kinondoni,Dispensary,-6.66886,39.13042,9729,Very High
122350-2,CHANGANYIKENI LGA,Dar es Salaam,Kinondoni,Dispensary,-6.24456,39.45621,NA,NA
109267-5,MSASANI PENINSULA,Dar es Salaam,Kinondoni,Hospital,-6.78094,39.26507,866,Very Low
107800-5,TEGETA MISSION,Dar es Salaam,Kinondoni,Dispensary,-6.66779,39.19209,1547,Very Low
112342-1,SIRONA HEALTHCARE,Dar es Salaam,Kinondoni,Clinic,-6.77485,39.2556,1684,Very Low
107850-0,TMJ,Dar es Salaam,Kinondoni,Hospital,-6.76724,39.26077,3607,Low
110624-4,TANKI BOVU,Dar es Salaam,Kinondoni,Clinic,-6.72885,39.21451,814,Very Low
108643-8,MABWEPANDE,Dar es Salaam,Kinondoni,Dispensary,-6.65609,39.08217,15387,Very High
123578-7,AJ,Dar es Salaam,Kinondoni,Clinic,-6.76234,39.23195,1745,Very Low
123938-3,RAHSAL,Dar es Salaam,Kinondoni,Clinic,-6.75597,39.24694,285,Very Low
112763-8,SMAGORWA EYE CENTER,Dar es Salaam,Kinondoni,Clinic,-4.90714,29.66171,9501,Very High
123487-1,UZAYR'S CHILD DEVELOPMENT AND LEARNING CENTRE,Dar es Salaam,Kinondoni,Physiotherapy Clinic,-6.7443,39.27775,1546,Very Low
124377-3,CREST MEDICAL,Dar es Salaam,Kinondoni,Dispensary,-6.75653,39.25311,435,Very Low
105305-7,MOSHA,Dar es Salaam,Kinondoni,Clinic,-6.80765,39.25287,1693,Very Low
122566-3,MIMINIKO,Dar es Salaam,Kinondoni,Clinic,-6.60721,39.15258,15925,Very High
110621-0,AGA KHAN,Dar es Salaam,Kinondoni,Clinic,-6.72554,39.21402,2891,Low
113470-9,TEGETA,Dar es Salaam,Kinondoni,Health Laboratory,-6.66559,39.1904,1125,Very Low
122813-9,MEDINOVA,Dar es Salaam,Kinondoni,Clinic,-6.78311,39.27638,4071,Moderate
121185-3,AFYA BORA,Dar es Salaam,Kinondoni,Clinic,-6.77631,39.26013,2225,Low
122314-8,ANTONIA VERNA,Dar es Salaam,Kinondoni,Physiotherapy Clinic,-6.69268,39.16328,12744,Very High
107739-5,TANDALE RC,Dar es Salaam,Kinondoni,Clinic,-6.79704,39.24109,2041,Very Low
111365-3,KBD ROYAL,Dar es Salaam,Kinondoni,Clinic,-6.77556,39.23792,3775,Low
108627-1,MASANA,Dar es Salaam,Kinondoni,Hospital,-6.72499,39.21164,3917,Moderate
110751-5,ELITE,Dar es Salaam,Kinondoni,Clinic,-6.7686,39.27399,405,Very Low
120284-5,AGA KHAN MASAKI,Dar es Salaam,Kinondoni,Clinic,-6.7468,39.27632,2778,Low
111381-0,TAIFO SHUKURU,Dar es Salaam,Kinondoni,Dispensary,-6.74078,39.20731,9392,Very High
122743-8,BEST,Dar es Salaam,Kinondoni,Health Laboratory,-6.62149,39.11063,14171,Very High
110628-5,FARAJA,Dar es Salaam,Kinondoni,Clinic,-6.6766,39.15615,13548,Very High
121001-2,SAIFEE,Dar es Salaam,Kinondoni,Hospital,-6.78146,39.27394,2227,Low
112575-6,CURE AFYA,Dar es Salaam,Kinondoni,Clinic,-6.77458,39.27063,2373,Low
102886-9,KILUVYA JWTZ,Pwani,Kisarawe,Dispensary,-6.80153,39.0361,4757,Moderate
102738-2,KIHARE,Pwani,Kisarawe,Dispensary,-7.46942,38.6695,2076,Very Low
103881-9,MAFIZI,Pwani,Kisarawe,Dispensary,-6.98046,38.58892,2469,Low
115319-6,NYANI,Pwani,Kisarawe,Dispensary,-7.15514,38.19594,3894,Moderate
105952-6,MWANZOMGUMU,Pwani,Kisarawe,Dispensary,-7.15748,39.0014,4784,Moderate
123048-1,MWANYIKA,Pwani,Kisarawe,Dispensary,-6.49316,38.59073,951,Very Low
124350-0,BAMITA  KISARAWE,Pwani,Kisarawe,Dispensary,-6.54586,39.04229,4836,Moderate
111513-8,MTAMBA,Pwani,Kisarawe,Dispensary,-7.06156,38.9243,4430,Moderate
101285-5,GWATA,Pwani,Kisarawe,Dispensary,-7.13611,38.50477,5569,Moderate
108411-0,ZEGERO,Pwani,Kisarawe,Dispensary,-7.00034,38.71559,225,Very Low
114164-7,KWALA,Pwani,Kisarawe,Dispensary,-7.32629,38.66207,5775,Moderate
108590-1,KAZIMZUMBWI,Pwani,Kisarawe,Dispensary,-7.00039,38.71558,982,Very Low
107671-0,SUNGWI,Pwani,Kisarawe,Dispensary,-7.04361,38.9755,3633,Low
103343-0,KURUI,Pwani,Kisarawe,Dispensary,-7.05407,38.74156,711,Very Low
107512-6,SOFU,Pwani,Kisarawe,Dispensary,-7.27418,38.65374,415,Very Low
100873-9,CHOLE,Pwani,Kisarawe,Health Center,-7.35744,38.67218,8917,High
113759-5,VISIGA,Pwani,Kisarawe,Dispensary,-7.31318,38.79243,1174,Very Low
105431-1,MSANGA,Pwani,Kisarawe,Dispensary,-7.28435,38.77012,1734,Very Low
101385-3,HOMBOZA,Pwani,Kisarawe,Health Center,-7.06251,39.0522,7815,High
120889-1,New Nyota Njema,Pwani,Kisarawe,Dispensary,-7.05037,39.061905,5940,High
122447-6,MHAGA,Pwani,Kisarawe,Dispensary,-7.07133,38.52511,2758,Low
108254-4,VIHINGO,Pwani,Kisarawe,Dispensary,-6.89578,38.71926,989,Very Low
104380-1,MASANGANYA,Pwani,Kisarawe,Dispensary,-7.16598,38.9074,6235,High
111476-8,PALAKA,Pwani,Kisarawe,Dispensary,-7.13614,38.8006,1410,Very Low
113760-3,KIBWEMWENDA,Pwani,Kisarawe,Dispensary,-6.86047,38.80201,428,Very Low
108261-9,VIKUMBURU,Pwani,Kisarawe,Dispensary,-7.43565,38.59592,4838,Moderate
113758-7,MIHUGWE,Pwani,Kisarawe,Dispensary,-6.89682,38.65886,446,Very Low
115270-1,KIBAONI,Pwani,Kisarawe,Dispensary,-6.90793,39.07044,8110,High
113757-9,TRUST MEDICAL,Pwani,Kisarawe,Clinic,-6.79179,39.01556,5628,Moderate
104237-3,MANEROMANGO,Pwani,Kisarawe,Health Center,-7.20294,38.78455,5940,High
108663-6,VING'ANDI,Pwani,Kisarawe,Dispensary,-7.25857,38.32657,2398,Low
104940-2,MINAKI,Pwani,Kisarawe,Dispensary,-6.90278,39.09259,1327,Very Low
108588-5,KISANGA,Pwani,Kisarawe,Dispensary,-7.00438,38.99314,7332,High
114418-7,ANGEL`S,Pwani,Kisarawe,Health Laboratory,-7.272215,38.768936,3733,Low
113762-9,MSIMBU,Pwani,Kisarawe,Dispensary,-7.10962,39.02122,7730,High
102885-1,KILUVYA,Pwani,Kisarawe,Dispensary,-6.834424,38.993488,12467,Very High
111477-6,VILABWA,Pwani,Kisarawe,Dispensary,-6.96553,38.71534,1303,Very Low
104236-5,MANEROMANGO KKKT,Pwani,Kisarawe,Dispensary,-7.19918,38.77823,2390,Low
111514-6,MTAKAYO,Pwani,Kisarawe,Dispensary,-7.03778,38.73953,976,Very Low
123473-1,ST. THERESE OF ALENSON,Pwani,Kisarawe,Dispensary,-6.56809,39.00072,1646,Very Low
104371-0,MASAKI,Pwani,Kisarawe,Health Center,-7.08268,38.97578,5037,Moderate
103079-0,KISARAWE,Pwani,Kisarawe,Hospital,-6.90541,39.07496,3105,Low
102587-3,KIBASILA JWTZ,Pwani,Kisarawe,Dispensary,-6.91587,39.07156,5928,High
111570-8,AGAPE,Pwani,Kisarawe,Health Laboratory,-6.80108,39.02182,7539,High
104356-1,MARUI,Pwani,Kisarawe,Dispensary,-7.36529,38.77342,3258,Low
100345-8,BEMBEZA,Pwani,Kisarawe,Dispensary,-7.26653,38.79718,3680,Low
102669-9,KIDUGALO,Pwani,Kisarawe,Dispensary,-7.09676,38.77347,898,Very Low
114414-6,MAGAZI,Pwani,Kisarawe,Health Laboratory,-6.93678,38.7183,3299,Low
106047-4,MZENGA,Pwani,Kisarawe,Health Center,-6.9342,38.72203,2542,Low
115320-4,YOMBOLUKINGA,Pwani,Kisarawe,Dispensary,-7.32264,38.71193,1541,Very Low
104363-7,MARUMBO,Pwani,Kisarawe,Dispensary,-7.15267,38.82595,6794,High
101666-6,IKONDA,Shinyanga,Kishapu,Dispensary,-3.70176,33.72435,4544,Moderate
124170-2,TRIPLE J MEDICAL,Shinyanga,Kishapu,Health Laboratory,-3.55041,33.56059,4869,Moderate
109241-0,NG'WAJIDALALA,Shinyanga,Kishapu,Dispensary,-4.00256,34.06712,2541,Low
103894-2,MAGALATA,Shinyanga,Kishapu,Dispensary,-3.95437,34.20546,2277,Low
102926-3,KINAMPANDA,Shinyanga,Kishapu,Dispensary,-3.87631,34.17511,2397,Low
100532-1,BULEKELA,Shinyanga,Kishapu,Dispensary,-3.95804,34.01377,5546,Moderate
115048-1,BUSONGO,Shinyanga,Kishapu,Dispensary,-3.76991,33.85145,2349,Low
115050-7,KALITU,Shinyanga,Kishapu,Dispensary,-3.91326,33.72142,1682,Very Low
113167-1,JAM,Shinyanga,Kishapu,Health Laboratory,-3.5498137,33.558292,1438,Very Low
115064-8,SESEKO-SONGWA,Shinyanga,Kishapu,Dispensary,-3.49516,33.47811,4965,Moderate
106467-4,NHOBOLA,Shinyanga,Kishapu,Health Center,-3.72311,33.59029,10019,Very High
111891-8,DULISI,Shinyanga,Kishapu,Dispensary,-3.43506,33.50553,5196,Moderate
121037-6,ALISIA,Shinyanga,Kishapu,Clinic,-3.61968,33.8076,4264,Moderate
102861-2,KILOLELI,Shinyanga,Kishapu,Dispensary,-3.86367,33.70715,4238,Moderate
105286-9,MONDO,Shinyanga,Kishapu,Dispensary,-3.36625,33.54132,6608,High
103906-4,MAGANZO,Shinyanga,Kishapu,Dispensary,-3.54588,33.55594,5862,High
107525-8,SOMAGEDI,Shinyanga,Kishapu,Dispensary,-3.80863,34.09951,4434,Moderate
104956-8,MIPA,Shinyanga,Kishapu,Dispensary,-3.40407,33.47038,4215,Moderate
103099-8,KISHAPU,Shinyanga,Kishapu,Health Center,-3.60894,33.86801,12245,Very High
109245-1,BADI,Shinyanga,Kishapu,Dispensary,-3.60581,33.99642,6223,High
107389-9,SHAGIHILU,Shinyanga,Kishapu,Dispensary,-3.71407,33.93127,3096,Low
108352-6,UKENYENGE MENNONITE,Shinyanga,Kishapu,Dispensary,-3.68041,33.67255,2408,Low
100561-0,BUNAMBIYU,Shinyanga,Kishapu,Health Center,-3.41614,33.30863,8639,High
100589-1,BUSANGWA,Shinyanga,Kishapu,Dispensary,-3.44515,33.40723,7842,High
105863-5,MWAMANOTA,Shinyanga,Kishapu,Dispensary,-3.83307,33.80797,4556,Moderate
104196-1,MALWILO,Shinyanga,Kishapu,Dispensary,-3.68897,34.06392,3835,Low
114487-2,MWIGUMBI,Shinyanga,Kishapu,Health Center,-3.62868,33.81291,3581,Low
106818-8,NYASAMBA,Shinyanga,Kishapu,Dispensary,-3.34793,33.36541,11625,Very High
106370-0,NGEME,Shinyanga,Kishapu,Dispensary,-3.63921,34.00257,2506,Low
124183-5,MAC-GALEN,Shinyanga,Kishapu,Dispensary,-3.44811,33.66373,4466,Moderate
104958-4,MIPA RC,Shinyanga,Kishapu,Dispensary,-3.39355,33.47664,4540,Moderate
107425-1,SHINYANGA SEC SCHOOL,Shinyanga,Kishapu,Dispensary,-3.54947,33.5918,3311,Low
105806-4,MWADUI LOHUMBO,Shinyanga,Kishapu,Dispensary,-3.56339,33.63414,9864,Very High
115040-8,MANGU,Shinyanga,Kishapu,Dispensary,-3.68902,33.92521,3847,Low
115053-1,MWAWEJA,Shinyanga,Kishapu,Dispensary,-3.74509,33.6868,5875,High
107352-7,SEKEBUGORO,Shinyanga,Kishapu,Dispensary,-3.31307,33.51693,13941,Very High
101939-7,ISUNGANGHOLO,Shinyanga,Kishapu,Dispensary,-3.78854,33.99172,3375,Low
106262-9,NDOLELEJI,Shinyanga,Kishapu,Dispensary,-3.75414,33.95353,4768,Moderate
122174-6,JJM,Shinyanga,Kishapu,Health Laboratory,-3.43966,33.52414,5378,Moderate
103089-9,KISESA,Shinyanga,Kishapu,Dispensary,-3.78171,34.05689,3405,Low
101999-1,ITONGOITALE,Shinyanga,Kishapu,Dispensary,-3.42352,33.1632,8501,High
104431-2,MASUSANTE,Shinyanga,Kishapu,Dispensary,-3.67835,33.6715,7158,High
100441-5,BUGANIKA,Shinyanga,Kishapu,Dispensary,-3.45763,33.54521,8272,High
100424-1,BUBIKI,Shinyanga,Kishapu,Dispensary,-3.39514,33.43208,9059,Very High
103444-6,LAGANA,Shinyanga,Kishapu,Dispensary,-3.87292,33.92887,4630,Moderate
100344-1,BELEDI,Shinyanga,Kishapu,Dispensary,-3.91533,33.87831,2463,Low
106844-4,NYENZE,Shinyanga,Kishapu,Dispensary,-3.49227,33.67398,6375,High
108003-5,UCHUNGA,Shinyanga,Kishapu,Dispensary,-3.59827,33.76324,7611,High
122646-3,MARARA HEALTH .,Shinyanga,Kishapu,Health Laboratory,-3.55193,33.55858,6160,High
100427-4,BUBINZA,Shinyanga,Kishapu,Dispensary,-3.79123,33.90234,4037,Moderate
105805-6,WILLIAMSON DIAMONDS,Shinyanga,Kishapu,Hospital,-3.53658,33.60056,12161,Very High
104887-5,MIHAMA,Shinyanga,Kishapu,Dispensary,-3.91918,33.97098,2659,Low
101488-5,IDUKILO,Shinyanga,Kishapu,Dispensary,-3.44065,33.65913,3252,Low
103605-2,LUBAGA,Shinyanga,Kishapu,Dispensary,-3.56433,33.79521,7287,High
106303-1,NEGEZI,Shinyanga,Kishapu,Health Center,-3.68813,33.66081,5772,Moderate
115063-0,NGUNGA,Shinyanga,Kishapu,Dispensary,-3.68477,33.57076,9598,Very High
101983-5,ITILIMA,Shinyanga,Kishapu,Dispensary,-3.73723,33.49049,7301,High
105868-4,MWAMASHELE,Shinyanga,Kishapu,Dispensary,-3.74359,33.83382,5112,Moderate
101723-5,ILEBELEBE,Shinyanga,Kishapu,Dispensary,-3.88251,33.51672,4728,Moderate
104809-9,MHUNZE BAKWATA,Shinyanga,Kishapu,Dispensary,-3.62046,33.80811,3924,Moderate
115039-0,MWAMASHIMBA,Shinyanga,Kishapu,Dispensary,-3.84408,34.07006,3803,Low
107380-8,SESEKO,Shinyanga,Kishapu,Dispensary,-3.81508,33.53394,7524,High
100538-8,BULIMA,Shinyanga,Kishapu,Dispensary,-3.39632,33.62826,6547,High
101365-5,HINDAWASHI,Shinyanga,Kishapu,Dispensary,-3.96261,34.12837,4342,Moderate
115069-7,KABILA,Shinyanga,Kishapu,Dispensary,-3.35763,33.57912,6203,High
100002-5,BUPIGI,Shinyanga,Kishapu,Dispensary,-3.55117,33.69935,6227,High
104881-8,MIGUNGA,Shinyanga,Kishapu,Dispensary,-3.70731,33.86454,4542,Moderate
104377-7,MASANGA,Shinyanga,Kishapu,Dispensary,-3.86578,34.01204,7002,High
105637-3,MUGUDA,Shinyanga,Kishapu,Dispensary,-3.87121,33.62334,2726,Low
111779-5,DR. JAKAYA KIKWETE,Shinyanga,Kishapu,Hospital,-3.62167,33.83111,4656,Moderate
106390-8,NGOFILA,Shinyanga,Kishapu,Dispensary,-3.91767,33.80478,3383,Low
107547-2,SONGWA,Shinyanga,Kishapu,Health Center,-3.49818,33.52303,3977,Moderate
101512-2,IGAGA B,Shinyanga,Kishapu,Dispensary,-3.65172,33.77272,4459,Moderate
113894-0,NG'WANGHALANGA,Shinyanga,Kishapu,Health Center,-3.899798,33.974976,697,Very Low
106243-9,NDEDO,Manyara,Kiteto,Dispensary,-4.87319,36.78664,1845,Very Low
107537-3,SONGAMBELE,Manyara,Kiteto,Dispensary,-5.67839,36.47692,10466,Very High
103009-7,KIPOK,Manyara,Kiteto,Dispensary,-5.31646,36.56381,1653,Very Low
121907-0,MWANYA,Manyara,Kiteto,Health Center,-5.14245,36.25052,2705,Low
103479-2,LENGATEI,Manyara,Kiteto,Dispensary,-5.5696,37.20947,3927,Moderate
120437-9,NGIPA,Manyara,Kiteto,Dispensary,-5.56941,36.48388,4443,Moderate
103001-4,KIPERESA,Manyara,Kiteto,Dispensary,-5.24444,36.29265,11347,Very High
124046-4,KILONGOLA MEDICAL CARE,Manyara,Kiteto,Dispensary,-5.55808,37.20665,3310,Low
106911-1,OLKITIKITI,Manyara,Kiteto,Dispensary,-5.51656,37.11734,4464,Moderate
101744-1,IRKIUSHIOIBOR,Manyara,Kiteto,Dispensary,-4.79417,36.38869,4641,Moderate
106506-9,NJORO,Manyara,Kiteto,Dispensary,-5.25182,36.45435,14904,Very High
121042-6,HOPECARE,Manyara,Kiteto,Dispensary,-5.47988,36.56255,1632,Very Low
120436-1,NCHINILA,Manyara,Kiteto,Dispensary,-5.54284,36.38132,4044,Moderate
104484-1,MATUI AZIMIO,Manyara,Kiteto,Dispensary,-5.48448,36.38139,14824,Very High
101103-0,ENGONG`ONGARE,Manyara,Kiteto,Dispensary,-5.57946,37.063720000000004,4986,Moderate
102767-1,KIJUNGU,Manyara,Kiteto,Health Center,-5.40032,37.18552,7382,High
103585-6,LOOLERA,Manyara,Kiteto,Dispensary,-5.37611,37.22516,4599,Moderate
123004-4,EL-GIBBO,Manyara,Kiteto,Health Laboratory,-5.31508,36.56337,1418,Very Low
121574-8,HURUMA,Manyara,Kiteto,Dispensary,-5.30813,36.74561,12570,Very High
103450-3,LAISERI,Manyara,Kiteto,Dispensary,-5.94187,36.84625,12403,Very High
111630-0,MAGEREZA,Manyara,Kiteto,Dispensary,-5.30691,36.57434,11802,Very High
121172-1,Ahsante,Manyara,Kiteto,Health Laboratory,-5.31297,36.56237,6744,High
103488-3,LESOIT,Manyara,Kiteto,Dispensary,-5.52588,37.22252,4990,Moderate
106324-7,NGABOLO,Manyara,Kiteto,Dispensary,-5.1167299999999996,36.62366,3946,Moderate
106236-3,NDALETA,Manyara,Kiteto,Dispensary,-5.23015,36.49959,7694,High
103575-7,LOLTEPESI,Manyara,Kiteto,Dispensary,-5.72778,36.87293,14516,Very High
101107-1,ENGUSERO,Manyara,Kiteto,Health Center,-5.54386,36.45789,18206,Very High
120438-7,NJIAPANDA NAMELOCK,Manyara,Kiteto,Dispensary,-5.46059,36.49159,10854,Very High
123586-0,TUMAINI MATUI,Manyara,Kiteto,Dispensary,-5.48877,36.38654,14548,Very High
123771-8,GOSHEN HEALTH CARE MEDICAL,Manyara,Kiteto,Dispensary,-5.31614,36.56602,980,Very Low
107680-1,SUNYA,Manyara,Kiteto,Health Center,-5.72709,37.09665,15454,Very High
123324-6,NAPIRIKUNYA,Manyara,Kiteto,Dispensary,-5.31084,36.56255,17858,Very High
100644-4,BWAGAMOYO,Manyara,Kiteto,Dispensary,-5.31653,36.59476,20600,Very High
101076-8,EMARTI,Manyara,Kiteto,Dispensary,-5.69217,36.63737,10178,Very High
120435-3,MAGUNGU,Manyara,Kiteto,Dispensary,-5.82509,36.67586,7079,High
109822-7,OSTETI,Manyara,Kiteto,Dispensary,-5.52463,36.32086,5532,Moderate
100994-3,DONGO,Manyara,Kiteto,Dispensary,-5.92239,36.72107,13811,Very High
111629-2,ACDK,Manyara,Kiteto,Dispensary,-5.32693,36.5677,5128,Moderate
123325-3,OLPOPONG'I,Manyara,Kiteto,Dispensary,-5.16112,36.36123,4517,Moderate
123948-2,PILLAR,Manyara,Kiteto,Dispensary,-5.47988,36.56602,6268,High
100193-2,ASAMATWA,Manyara,Kiteto,Dispensary,-5.67291,37.03888,10521,Very High
104074-0,MAKAME,Manyara,Kiteto,Dispensary,-4.65421,36.72644,2853,Low
102590-7,KIBAYA,Manyara,Kiteto,Hospital,-5.31618,36.5666,7258,High
102477-7,KATIKATI,Manyara,Kiteto,Dispensary,-5.00634,36.34838,4295,Moderate
101737-5,ILERA,Manyara,Kiteto,Dispensary,-5.34409,36.44626,7053,High
101000-8,DOSIDOSI,Manyara,Kiteto,Dispensary,-5.62084,36.42337,4898,Moderate
124031-6,INGONYEKI NAHIPA,Manyara,Kiteto,Dispensary,-5.55808,36.56255,8493,High
111312-5,THAWI JUU,Dodoma,Kondoa,Dispensary,-4.70229,35.75929,5325,Moderate
101330-9,Haubi,Dodoma,Kondoa,Dispensary,-4.805223,35.951794,5326,Moderate
120346-2,KONDOA DISTRICT COUNCIL,Dodoma,Kondoa,Hospital,-4.60122,35.74161,2556,Low
101405-9,HURUI,Dodoma,Kondoa,Dispensary,-4.356845,35.877383,10556,Very High
100342-5,BAURA,Dodoma,Kondoa,Dispensary,-4.832222,35.889613,4376,Moderate
102976-8,Kinyasi,Dodoma,Kondoa,Dispensary,-4.72522,36.035065,6964,High
106952-5,PAHI,Dodoma,Kondoa,Dispensary,-4.721158,35.922232,2793,Low
111160-8,Mkekena,Dodoma,Kondoa,Dispensary,-4.5265,35.84443,3002,Low
100876-2,CHOLOLO,Dodoma,Kondoa,Dispensary,-4.786165,35.664415,11341,Very High
107816-1,THAWI,Dodoma,Kondoa,Health Center,-4.39101,35.40531,2762,Low
101331-7,HAUBI VA,Dodoma,Kondoa,Dispensary,-4.812414,35.967709,4151,Moderate
120997-2,Haire,Dodoma,Kondoa,Dispensary,-4.56761,35.99801,1236,Very Low
110998-2,Salanka,Dodoma,Kondoa,Dispensary,-4.48841,35.7286,7145,High
111012-1,Chubi,Dodoma,Kondoa,Dispensary,-4.48602,36.02983,4443,Moderate
101996-7,PASSIONIST ITOLOLO,Dodoma,Kondoa,Health Center,-4.51717,35.79111,5923,High
103353-9,KWADELO,Dodoma,Kondoa,Dispensary,-4.904113,36.145624,4497,Moderate
113586-2,Mafai,Dodoma,Kondoa,Dispensary,-4.78957,36.00522,4544,Moderate
122433-6,BAMBARE,Dodoma,Kondoa,Dispensary,-4.58131,35.74621,1677,Very Low
100197-3,Atta,Dodoma,Kondoa,Dispensary,-4.527112,35.903687,4188,Moderate
107235-4,Sakami,Dodoma,Kondoa,Dispensary,-4.625422,35.691889,4635,Moderate
102779-6,Kikilo,Dodoma,Kondoa,Dispensary,-4.541381,35.697541,6931,High
103174-9,KITEO,Dodoma,Kondoa,Dispensary,-4.710563,35.962847,5795,Moderate
105245-5,Mnenia,Dodoma,Kondoa,Health Center,-4.698476,35.868897,4546,Moderate
100352-4,Bereko,Dodoma,Kondoa,Health Center,-4.449232,35.74066,6874,High
100557-8,BUMBUTA,Dodoma,Kondoa,Dispensary,-4.646114,35.950984,2983,Low
120978-2,Loo,Dodoma,Kondoa,Dispensary,-4.81151,35.93161,2214,Low
113595-3,Mwembeni,Dodoma,Kondoa,Dispensary,-4.7188,35.65389,7404,High
113422-0,Kalamba,Dodoma,Kondoa,Health Center,-4.83153,35.96685,7102,High
106951-7,PAHI GOVT,Dodoma,Kondoa,Health Center,-4.72028,35.91694,7604,High
101339-0,Hebi Juu,Dodoma,Kondoa,Dispensary,-4.92911,35.93354,6280,High
113421-2,Mauno,Dodoma,Kondoa,Health Center,-4.65801,35.99118,3975,Moderate
113589-6,Potea,Dodoma,Kondoa,Dispensary,-4.63948,35.91462,3658,Low
111310-9,GAALA,Dodoma,Kondoa,Dispensary,-4.68848,35.64812,8726,High
100603-0,Busi RHC,Dodoma,Kondoa,Health Center,-4.85029,36.051044,10069,Very High
101965-2,Itaswi,Dodoma,Kondoa,Dispensary,-4.54836,35.9969,2548,Low
103095-6,KISESE RHC,Dodoma,Kondoa,Health Center,-4.46545,35.822576,11399,Very High
110999-0,Humai,Dodoma,Kondoa,Dispensary,-4.66594,35.77838,3047,Low
110997-4,Makirinya,Dodoma,Kondoa,Dispensary,-4.92438,36.10515,3960,Moderate
102791-1,KIKORE,Dodoma,Kondoa,Dispensary,-4.363524,35.82777,9125,Very High
113590-4,Itundwi,Dodoma,Kondoa,Dispensary,-4.65129,35.84785,5343,Moderate
103357-0,Kwahengwa,Dodoma,Kondoa,Dispensary,-4.60909,35.69351,3605,Low
122432-8,KEIKEI,Dodoma,Kondoa,Dispensary,-4.78521,36.04006,3310,Low
104390-0,Masawi,Dodoma,Kondoa,Dispensary,-4.554896,35.741106,4744,Moderate
107226-3,SAFINA YA NUHU,Dodoma,Kondoa,Dispensary,-4.46428,35.73424,3691,Low
102977-6,KINYASI VA,Dodoma,Kondoa,Dispensary,-4.739816,36.022383,935,Very Low
111164-0,Kisaki,Dodoma,Kondoa,Dispensary,-4.56724,35.96129,2025,Very Low
122366-8,SALARE,Dodoma,Kondoa,Dispensary,-4.61511,35.91087,4012,Moderate
100516-4,Bukulu,Dodoma,Kondoa,Dispensary,-4.61066,35.76392,3254,Low
104381-9,Masange,Dodoma,Kondoa,Dispensary,-4.603333,35.806594,8342,High
114009-4,HACHWI,Dodoma,Kondoa,Dispensary,-4.77252,35.78413,2121,Very Low
105292-7,MONGOROMA,Dodoma,Kondoa,Dispensary,-4.926197,35.658239,5172,Moderate
121263-8,MAKAZI,Dodoma,Kondoa,Dispensary,-4.90532,35.78488,7579,High
120378-5,ZAINABU DISPENSARY,Dodoma,Kondoa,Dispensary,-4.91215,35.80981,9986,Very High
103298-6,KONDOA,Dodoma,Kondoa,Dispensary,-4.91484,35.79568,3576,Low
113926-0,Kingale,Dodoma,Kondoa,Health Center,-5.0586,35.77578,4627,Moderate
103297-8,KONDOA,Dodoma,Kondoa,Hospital,-4.90417,35.7952,4504,Moderate
103283-8,Kolo,Dodoma,Kondoa,Dispensary,-4.72083,35.8566,671,Very Low
120683-8,TAMPORI,Dodoma,Kondoa,Dispensary,-5.09467,35.75136,5990,High
123867-4,ST JOSE,Dodoma,Kondoa,Health Laboratory,-4.90438,35.79438,1488,Very Low
121330-5,CHOKA,Dodoma,Kondoa,Dispensary,-4.77219,35.83801,1945,Very Low
112019-5,Kichangani,Dodoma,Kondoa,Dispensary,-4.88535,35.77296,5289,Moderate
121793-4,SERYA,Dodoma,Kondoa,Health Center,-4.92625,35.65856,3455,Low
111001-4,TUMAINI,Dodoma,Kondoa,Dispensary,-4.90754,35.78773,1254,Very Low
121329-7,AUSIA,Dodoma,Kondoa,Dispensary,-4.97584,35.78755,5228,Moderate
107385-7,SHAMAJALA,Dodoma,Kondoa,Dispensary,-4.898581,35.778018,17066,Very High
120667-1,Magereza Kondoa,Dodoma,Kondoa,Dispensary,-4.9084,35.79037,1694,Very Low
100392-0,Bolisa,Dodoma,Kondoa,Dispensary,-4.816344,35.813142,4892,Moderate
102942-0,King'anng'a,Dodoma,Kondoa,Dispensary,-5.02797,35.69647,3740,Low
121331-3,KOLO,Dodoma,Kondoa,Health Center,-4.72791,35.82926,4386,Moderate
102944-6,KINGALE,Dodoma,Kondoa,Dispensary,-5.052608,35.767199,5463,Moderate
109567-8,KIBAIGWA,Dodoma,Kongwa,Health Center,-6.07879,36.66221,7373,High
113154-9,SAGARA B,Dodoma,Kongwa,Dispensary,-6.25061,36.54841,8721,High
123859-1,SHENGANO,Dodoma,Kongwa,Health Laboratory,-6.07964,36.65047,10134,Very High
111132-7,NGOMAI,Dodoma,Kongwa,Dispensary,-5.9377,36.63487,12873,Very High
100316-9,BANYIBANYI,Dodoma,Kongwa,Dispensary,-5.884558,36.339643,7666,High
104281-1,MANYATA,Dodoma,Kongwa,Dispensary,-6.02185,36.63525,4381,Moderate
103449-5,LAIKALA,Dodoma,Kongwa,Dispensary,-6.11449,36.36483,1796,Very Low
103963-5,MAGESENI,Dodoma,Kongwa,Dispensary,-5.722844,36.481444,3128,Low
107893-0,TUBUGWE,Dodoma,Kongwa,Dispensary,-6.35873,36.63004,6555,High
105531-8,MTANANA A,Dodoma,Kongwa,Dispensary,-6.062596,36.589808,3995,Moderate
109540-5,SUGUTA,Dodoma,Kongwa,Dispensary,-6.293529,36.686686,10507,Very High
100721-0,CHAMKOROMA,Dodoma,Kongwa,Health Center,-6.19307,36.40517,7571,High
121887-4,PANDAMBILI,Dodoma,Kongwa,Health Center,-6.09361,36.75359,4570,Moderate
108253-6,VIHINGO,Dodoma,Kongwa,Dispensary,-6.185101,36.710315,5898,High
106382-5,NGHU'MBI,Dodoma,Kongwa,Dispensary,-6.31568,36.827899,4471,Moderate
107228-9,SAGARA,Dodoma,Kongwa,Dispensary,-6.25083,36.5406,5348,Moderate
123308-9,BAKIA MEDICAL,Dodoma,Kongwa,Health Laboratory,-6.08062,36.64461,14738,Very High
107094-5,KONGWA ROMAN CATHOLIC,Dodoma,Kongwa,Dispensary,-6.195808,36.40809,5962,High
101375-4,HOGORO,Dodoma,Kongwa,Dispensary,-5.95621,36.45091,12952,Very High
105278-6,MOLETI,Dodoma,Kongwa,Dispensary,-6.177757,36.813055,10438,Very High
110709-3,MUUNGANO,Dodoma,Kongwa,Dispensary,-5.82644,36.3618,5727,Moderate
107328-7,SDA,Dodoma,Kongwa,Dispensary,-5.813854,36.438604,2659,Low
110707-7,CHAMAE,Dodoma,Kongwa,Dispensary,-5.98849,36.4473,7635,High
104097-1,MAKAWA,Dodoma,Kongwa,Dispensary,-5.75433,36.54087,14064,Very High
110706-9,LENGAJI,Dodoma,Kongwa,Dispensary,-6.14633,36.73833,5192,Moderate
104481-7,MATONGORO,Dodoma,Kongwa,Dispensary,-5.810011,36.469717,7965,High
112431-2,MANUNGU,Dodoma,Kongwa,Dispensary,-6.15333,36.34083,7165,High
123276-8,MBANDE MEDICAL,Dodoma,Kongwa,Health Laboratory,-6.10269,36.31796,5616,Moderate
109443-2,LEGANGA,Dodoma,Kongwa,Dispensary,-5.707525,36.36141,3015,Low
108027-4,UGOGONI,Dodoma,Kongwa,Health Center,-6.197958,36.420953,8088,High
103833-0,MACHENJE,Dodoma,Kongwa,Dispensary,-6.140423,36.411503,6464,High
107915-1,TUMAINI,Dodoma,Kongwa,Dispensary,-6.082198,36.645754,7708,High
105451-9,MSETA,Dodoma,Kongwa,Dispensary,-6.386009,36.673876,4085,Moderate
113155-6,CHANG'OMBE,Dodoma,Kongwa,Dispensary,-6.25001,36.63833,9101,Very High
106237-1,NDALIBO,Dodoma,Kongwa,Dispensary,-5.993671,36.54952,7098,High
112042-7,MSINGISA,Dodoma,Kongwa,Dispensary,-6.17907,36.52831,6015,High
106276-9,NDULUGUMI,Dodoma,Kongwa,Dispensary,-6.13005,36.646817,8310,High
101351-5,HEMBAHEMBA,Dodoma,Kongwa,Dispensary,-6.01712,36.70615,6132,High
101605-4,IHANDA,Dodoma,Kongwa,Dispensary,-6.24322,36.71245,6666,High
103179-8,KITETO,Dodoma,Kongwa,Dispensary,-5.97672,36.9202,9055,Very High
107350-1,SEJELI,Dodoma,Kongwa,Dispensary,-6.06903,36.34291,4454,Moderate
113156-4,MSETA BONDENI,Dodoma,Kongwa,Dispensary,-6.38222,36.70416,2373,Low
109592-6,MTANANA B,Dodoma,Kongwa,Dispensary,-6.080773,36.582569,5056,Moderate
106015-1,MWEGOHA,Dodoma,Kongwa,Dispensary,-6.081175,36.654198,1841,Very Low
103311-7,KONGWA,Dodoma,Kongwa,Hospital,-6.19324,36.38998,8196,High
100792-1,CHIGWINGWILI,Dodoma,Kongwa,Dispensary,-5.99738,36.50682,4429,Moderate
106201-7,NARCO,Dodoma,Kongwa,Dispensary,-6.063599,36.452619,1358,Very Low
106996-2,PINGALAME,Dodoma,Kongwa,Dispensary,-5.641063,36.425739,2692,Low
105195-2,MLANJE,Dodoma,Kongwa,Dispensary,-5.78158,36.46251,3946,Moderate
104367-8,MARY IMMACULATA KIBAIGWA,Dodoma,Kongwa,Dispensary,-6.07942,36.65478,6386,High
106500-2,NJOGE,Dodoma,Kongwa,Dispensary,-5.952187,36.69114,4037,Moderate
108425-0,ZOISA,Dodoma,Kongwa,Dispensary,-5.688316,36.399796,3953,Moderate
103482-6,LENJULU,Dodoma,Kongwa,Dispensary,-6.05037,36.79125,12337,Very High
107536-5,SONGAMBELE,Dodoma,Kongwa,Health Center,-5.89887,36.44713,19994,Very High
109433-3,MAUTYA,Dodoma,Kongwa,Dispensary,-6.171808,36.478321,5271,Moderate
106987-1,PEMBAMOTO,Dodoma,Kongwa,Dispensary,-6.26211,36.8368,3358,Low
100864-8,CHIWE,Dodoma,Kongwa,Dispensary,-6.22207,36.78534,9114,Very High
105147-3,MKUTANI,Dodoma,Kongwa,Dispensary,-5.92336,36.30759,8878,High
114776-8,SEJELI,Dodoma,Kongwa,Health Center,-6.096389,36.317778,2008,Very Low
102108-8,JUVA,Dodoma,Kongwa,Dispensary,-5.812854,36.435591,5696,Moderate
101497-6,IDUO,Dodoma,Kongwa,Dispensary,-6.26319,36.64932,5329,Moderate
100850-7,CHITEGO,Dodoma,Kongwa,Health Center,-5.61277,36.37289,5272,Moderate
105177-0,MLALI,Dodoma,Kongwa,Health Center,-6.299994,36.750604,12383,Very High
101459-6,IBWAGA,Dodoma,Kongwa,Dispensary,-6.22463,36.47119,8090,High
104550-9,MBAGILWA,Dodoma,Kongwa,Dispensary,-6.36732,36.80574,3796,Low
105084-8,MKOKA RHC,Dodoma,Kongwa,Health Center,-5.81205,36.435472,10609,Very High
111374-5,NGUTOTO,Dodoma,Kongwa,Dispensary,-5.65681,36.29085,2884,Low
104566-5,MBANDE,Dodoma,Kongwa,Dispensary,-6.105288,36.320319,6156,High
105179-6,MLALI WALEMAVU,Dodoma,Kongwa,Dispensary,-6.30621,36.757281,7645,High
102569-1,KIBAIGWA,Dodoma,Kongwa,Dispensary,-6.086915,36.651854,10474,Very High
120987-3,MAGEREZA,Dodoma,Kongwa,Dispensary,-6.20005,36.41701,10375,Very High
106959-0,PANDAMBILI,Dodoma,Kongwa,Dispensary,-6.082511,36.731586,15540,Very High
104401-5,MASHEWA,Tanga,Korogwe,Dispensary,-4.75201001,38.64573001,3936,Moderate
107814-6,TEWE,Tanga,Korogwe,Dispensary,-5.020225,38.457809,1990,Very Low
101301-0,HALE TANESCO,Tanga,Korogwe,Dispensary,-5.29375,38.6118,4028,Moderate
107730-4,TAMOTA,Tanga,Korogwe,Dispensary,-5.076256,38.392062,1896,Very Low
112450-2,MKUMBARA,Tanga,Korogwe,Health Center,-4.75479,38.16343,3955,Moderate
104778-6,MGILA,Tanga,Korogwe,Dispensary,-5.004264,38.492612,2655,Low
103391-9,KWASHEMSHI,Tanga,Korogwe,Dispensary,-5.043553,38.468681,2975,Low
105280-2,MOMBO,Tanga,Korogwe,Health Center,-4.887325,38.292946,5468,Moderate
107105-9,ROSMINIAN,Tanga,Korogwe,Health Center,-4.97728,38.14971,1346,Very Low
100979-4,DINDIRA,Tanga,Korogwe,Dispensary,-5.006582,38.431223,4536,Moderate
112464-3,Korogwe District Council,Tanga,Korogwe,Hospital,-5.04516,38.32797,3932,Moderate
104270-4,MANKA,Tanga,Korogwe,Dispensary,-4.988196,38.410448,2645,Low
105094-7,MKOMAZI,Tanga,Korogwe,Dispensary,-4.644376,38.078238,3399,Low
103359-6,KWAKIBOMI,Tanga,Korogwe,Dispensary,-5.032197,38.434358,2906,Low
105329-7,MPALE,Tanga,Korogwe,Dispensary,-4.996751,38.467682,3593,Low
122421-1,MNYUZI,Tanga,Korogwe,Health Center,-4.80447,38.20895,3922,Moderate
108498-7,LUTINDI MENTAL,Tanga,Korogwe,Hospital,-5.07551,38.36897,3562,Low
108281-7,VUGIRI,Tanga,Korogwe,Dispensary,-5.074554,38.454214,3580,Low
101300-2,HALE SISI KWA SISI,Tanga,Korogwe,Dispensary,-5.287431,38.60485,6350,High
100757-4,CHEKELEI,Tanga,Korogwe,Dispensary,-4.974915001,38.312989001,5675,Moderate
103975-9,MAGOMA,Tanga,Korogwe,Health Center,-4.902169,38.575439,10001,Very High
100733-5,CHANGALIKWA,Tanga,Korogwe,Dispensary,-4.96334,38.244844,3613,Low
105261-2,MNYUZI,Tanga,Korogwe,Dispensary,-5.223509,38.58218,5582,Moderate
105182-0,MLALO,Tanga,Korogwe,Dispensary,-5.057591,38.431768,3275,Low
115334-5,MWENGA,Tanga,Korogwe,Dispensary,-5.06674,38.33781,5006,Moderate
103406-5,KWEMAZANDU,Tanga,Korogwe,Dispensary,-4.98004,38.53373,4548,Moderate
104154-0,MAKUYUNI,Tanga,Korogwe,Dispensary,-5.024394,38.332672,8756,High
111283-8,UPENDO,Tanga,Korogwe,Maternity Home,-4.88758,38.29109,1836,Very Low
103491-7,LEWA,Tanga,Korogwe,Dispensary,-5.098647,38.396564,3356,Low
102546-9,KERENGE,Tanga,Korogwe,Dispensary,-5.02698,38.53418,4883,Moderate
122443-5,KERENGE,Tanga,Korogwe,Health Center,-5.18271,38.36182,1725,Very Low
112062-5,MLUNGUI,Tanga,Korogwe,Dispensary,-5.00742,38.38035,3372,Low
109709-6,KIJUNGU MOTO,Tanga,Korogwe,Dispensary,-4.76155,38.65575,2923,Low
109741-9,MSWAHA DARAJANI,Tanga,Korogwe,Dispensary,-5.156179,38.312874,3089,Low
103409-9,KWEMKOLE,Tanga,Korogwe,Dispensary,-4.88195001,38.6726001,8119,High
103772-0,LUTINDI,Tanga,Korogwe,Dispensary,-5.07557,38.36795,809,Very Low
108162-9,USAMBARA,Tanga,Korogwe,Dispensary,-4.88804,38.2896,4627,Moderate
101196-4,GEMAI,Tanga,Korogwe,Dispensary,-4.652883,38.174815,1561,Very Low
102221-9,KALALANI,Tanga,Korogwe,Dispensary,-4.605729,38.755959,1527,Very Low
103327-3,KULASI,Tanga,Korogwe,Dispensary,-4.839322,38.582823,6262,High
105039-2,MKALAMO,Tanga,Korogwe,Dispensary,-4.986436001,38.114386001,5476,Moderate
104232-4,MANDERA,Tanga,Korogwe,Dispensary,-5.14581,38.371,1269,Very Low
104529-3,MAZINDE,Tanga,Korogwe,Dispensary,-4.811287001,38.212708001,7349,High
104549-1,MBAGHAI,Tanga,Korogwe,Dispensary,-4.978385,38.384818,3785,Low
108702-2,ZEGE,Tanga,Korogwe,Dispensary,-4.968431,38.415622,3761,Low
103241-6,KIZARA,Tanga,Korogwe,Dispensary,-4.90324,38.66282,2504,Low
120455-1,KWEISEWA,Tanga,Korogwe,Dispensary,-5.43226,38.62821,2277,Low
106196-9,NANYOGIE,Tanga,Korogwe,Dispensary,-4.733983,38.015428,1762,Very Low
112449-4,MAFULETA,Tanga,Korogwe,Dispensary,-5.11616,38.34154,5427,Moderate
115338-6,FOROFORO,Tanga,Korogwe,Dispensary,-5.14028,38.87494,6161,High
110924-8,FARAJA COGI,Tanga,Korogwe,Dispensary,-4.88751,38.27271,7528,High
103902-3,MAGAMBA,Tanga,Korogwe,Dispensary,-4.944156001,38.18937001,4378,Moderate
103411-5,KWENANGU,Tanga,Korogwe,Dispensary,-4.773715,38.179049,4546,Moderate
111512-0,MAJENGO,Tanga,Korogwe,Dispensary,-4.89159,38.29026,12177,Very High
100572-7,BUNGU,Tanga,Korogwe,Health Center,-5.029725,38.389206,9192,Very High
104142-5,MAKUMBA,Tanga,Korogwe,Dispensary,-4.9568,38.60264,6730,High
121576-3,MADDINA LABORATORY,Tanga,Korogwe,Health Laboratory,-4.80541,38.21125,4826,Moderate
115339-4,KWETONGE,Tanga,Korogwe,Dispensary,-4.78488,38.64651,8267,High
101234-3,GOHA,Tanga,Korogwe,Dispensary,-4.727295001,38.143775001,1358,Very Low
123139-8,HALE,Tanga,Korogwe,Health Center,-4.70227,38.64651,1006,Very Low
115336-0,MANGAMTINDIRO,Tanga,Korogwe,Dispensary,-4.70227,38.11359,2453,Low
109694-0,KIGWASI,Tanga,Korogwe,Dispensary,-4.51162,38.74419,1434,Very Low
122234-8,SK,Tanga,Korogwe,Health Laboratory,-4.88945,38.29109,1434,Very Low
115331-1,BOMBOMAJIMOTO,Tanga,Korogwe,Dispensary,-5.01456,38.53408,1591,Very Low
122667-9,IKAANAMI,Tanga,Korogwe,Health Laboratory,-5.09015,38.39714,1962,Very Low
122431-0,Kandita Hale,Tanga,Korogwe,Health Laboratory,-5.29825,38.60614,10883,Very High
100659-2,BUIKO,Tanga,Korogwe,Dispensary,-4.650334,38.052355,4062,Moderate
103787-8,LWENGERA,Tanga,Korogwe,Dispensary,-5.113887,38.54398,3464,Low
103915-5,MAGAZINI,Tanga,Korogwe,Dispensary,-5.171317,38.56158,4199,Moderate
102554-3,KHUSHO,Tanga,Korogwe,Dispensary,-5.16354,38.46114,2730,Low
109737-7,LUTINDI MENTAL HEALTH,Tanga,Korogwe,Clinic,-5.15196,38.44768,1987,Very Low
114040-9,HISANI,Tanga,Korogwe,Health Center,-5.1446788,38.42893165,3276,Low
111081-6,KWAMNGUMI,Tanga,Korogwe,Dispensary,-5.160963,38.487049,2012,Very Low
103376-0,KWAMNDOLWA,Tanga,Korogwe,Dispensary,-5.106166,38.494403,2179,Low
123230-5,LWENGERA DARAJANI,Tanga,Korogwe,Dispensary,-5.14251,38.49611,1779,Very Low
114049-0,KOROGWE,Tanga,Korogwe,Dispensary,-5.17478113,38.44941721,3056,Low
113228-1,KENNY,Tanga,Korogwe,Health Laboratory,-5.13733,38.45294,3765,Low
109593-4,KITIFU,Tanga,Korogwe,Dispensary,-5.15154,38.39299,1074,Very Low
104048-4,MAJENGO,Tanga,Korogwe,Health Center,-5.16321,38.45904,3935,Moderate
107625-6,ST. RAPHAEL,Tanga,Korogwe,Health Center,-5.15553,38.472,6005,High
109596-7,MAHENGE,Tanga,Korogwe,Dispensary,-5.06396,38.53174,2269,Low
105583-9,MTONGA,Tanga,Korogwe,Dispensary,-5.15455,38.43295,5330,Moderate
103316-6,BAKWATA,Tanga,Korogwe,Health Laboratory,-5.15512,38.44872,567,Very Low
111372-9,BAGAMOYO MENTAL HEALTH,Tanga,Korogwe,Clinic,-5.17943,38.44303,2206,Low
109264-2,KOROGWE TC,Tanga,Korogwe,Hospital,-5.13603,38.45425,10991,Very High
108509-1,MANUNDU PRISON,Tanga,Korogwe,Dispensary,-5.15928,38.45075,4334,Moderate
103318-2,KOROGWE TTC,Tanga,Korogwe,Clinic,-5.14771,38.4508,4683,Moderate
111282-0,CARE AND CURE,Tanga,Korogwe,Dispensary,-5.15521,38.44949,2626,Low
104784-4,MGOMBEZI,Tanga,Korogwe,Health Center,-5.16788,38.41789,3265,Low
105426-1,MSAMBIAZI,Tanga,Korogwe,Dispensary,-5.139955,38.41272,4694,Moderate
122710-7,JACK'S HEALTH,Tanga,Korogwe,Health Laboratory,-5.15445,38.28295,2781,Low
123302-2,AFYAPLUS,Tanga,Korogwe,Health Laboratory,-5.08272,38.41921,2128,Very Low
112931-1,OPTICARE,Tanga,Korogwe,Clinic,-5.15579,38.44673,1042,Very Low
120585-5,MSHANGAI,Tanga,Korogwe,Clinic,-5.14996,38.45025,3092,Low
114550-7,NEW VISION MEDICAL,Tanga,Korogwe,Health Laboratory,-5.15548,38.44577,2493,Low
103381-0,KWAMSISI,Tanga,Korogwe,Health Center,-5.22612,38.53333,1753,Very Low
107603-3,ST. JOSEPH,Tanga,Korogwe,Health Center,-5.09708,38.50259,2499,Low
103372-9,KWAMDULU ESTATE,Tanga,Korogwe,Clinic,-5.19488,38.47374,1666,Very Low
102859-6,KILOLE,Tanga,Korogwe,Dispensary,-5.16876,38.46149,10110,Very High
103364-6,KWAKOMBO,Tanga,Korogwe,Dispensary,-5.219227,38.490763,3586,Low
113241-4,KANDITA NAYOTH HEALTH DIAGNOSTIC,Tanga,Korogwe,Health Laboratory,-5.14952,38.43624,4482,Moderate
105790-0,MWABILANDA,Mwanza,Kwimba,Dispensary,-2.80438,33.37857,10075,Very High
111272-1,PANORAMA,Mwanza,Kwimba,Health Center,-2.96392,33.33603,4980,Moderate
102856-2,KILIWI,Mwanza,Kwimba,Dispensary,-3.21433,33.01365,11473,Very High
121921-1,MWASHIGI,Mwanza,Kwimba,Dispensary,-3.10922,33.40787,2736,Low
106728-9,NYAMIKOMA,Mwanza,Kwimba,Dispensary,-2.75626,33.52449,6898,High
100631-1,BUYOGO,Mwanza,Kwimba,Dispensary,-3.17688,33.247186,2810,Low
121226-5,KIKUBIJI,Mwanza,Kwimba,Health Center,-3.39693,33.10265,10426,Very High
114351-0,UTULIVU,Mwanza,Kwimba,Health Laboratory,-2.79561,33.51796,5731,Moderate
109616-3,NDAMHI,Mwanza,Kwimba,Dispensary,-3.13755,33.14215,5914,High
101766-4,ILULA,Mwanza,Kwimba,Dispensary,-3.26035,33.3419,5246,Moderate
109556-1,KADASHI,Mwanza,Kwimba,Health Center,-2.80064,33.51511,7515,High
105892-4,MWAMPULU,Mwanza,Kwimba,Dispensary,-2.69097,33.23181,8318,High
106426-0,KWIMBA,Mwanza,Kwimba,Hospital,-2.96078,33.29855,4355,Moderate
104174-8,MALIGISU,Mwanza,Kwimba,Dispensary,-2.80156,33.58895,11144,Very High
109514-0,SANGU,Mwanza,Kwimba,Dispensary,-3.31612,33.07529,12814,Very High
109330-1,KIGONGO,Mwanza,Kwimba,Maternity Home,-2.96501,33.34273,1491,Very Low
121228-1,HUNGUMALWA,Mwanza,Kwimba,Health Center,-3.15401,33.27383,4084,Moderate
109546-2,MWANKUBA,Mwanza,Kwimba,Dispensary,-2.76513,33.43858,3421,Low
105930-2,MWANGIKA,Mwanza,Kwimba,Dispensary,-2.66591,33.3559,6791,High
109490-3,NYAMATALA,Mwanza,Kwimba,Dispensary,-2.67787,33.31409,5688,Moderate
108473-0,MWAGING'HI,Mwanza,Kwimba,Dispensary,-2.72352,33.41885,5058,Moderate
104214-2,MANAWA,Mwanza,Kwimba,Dispensary,-2.76567,33.41495,5255,Moderate
106440-1,NGUMO,Mwanza,Kwimba,Health Center,-2.96409,33.33982,1738,Very Low
103803-3,LYOMA,Mwanza,Kwimba,Dispensary,-3.03743,33.43441,8387,High
106031-8,MWITAMBU,Mwanza,Kwimba,Dispensary,-2.97922,33.46098,5122,Moderate
105872-6,MWAMASHIMBA,Mwanza,Kwimba,Health Center,-3.23098,33.12065,16739,Very High
109539-7,HUNGUMALWA,Mwanza,Kwimba,Dispensary,-3.17307,33.29689,1409,Very Low
101440-6,IBINDO,Mwanza,Kwimba,Dispensary,-2.8021,33.45009,7246,High
105804-9,MWADUBI,Mwanza,Kwimba,Dispensary,-2.95214,33.26424,6421,High
121920-3,ISUNGA,Mwanza,Kwimba,Health Center,-2.75402,33.30421,7152,High
101393-7,HUDUMA,Mwanza,Kwimba,Dispensary,-3.17688,33.24718,3349,Low
100779-8,CHIBUJI,Mwanza,Kwimba,Dispensary,-3.17726,33.09724,5262,Moderate
109447-3,MARANATHA,Mwanza,Kwimba,Health Laboratory,-2.96286,33.34191,3381,Low
104938-6,MILYUNGU,Mwanza,Kwimba,Dispensary,-3.20078,33.19583,10196,Very High
106777-6,NYANHONG'HE,Mwanza,Kwimba,Dispensary,-3.18874,33.1713,6081,High
105831-2,MWAKILYAMBITI,Mwanza,Kwimba,Dispensary,-3.181735,33.386085,11613,Very High
107450-9,SHUSHI,Mwanza,Kwimba,Dispensary,-2.88622,33.44078,6565,High
105928-6,MWANG'HALANGA,Mwanza,Kwimba,Dispensary,-3.0119,33.38527,6760,High
102099-9,JOJIRO,Mwanza,Kwimba,Dispensary,-3.03848,33.26088,9341,Very High
109450-7,BUGANDANDO,Mwanza,Kwimba,Dispensary,-2.73419,33.55029,6506,High
104022-9,MAHIGA,Mwanza,Kwimba,Dispensary,-3.017363,33.351564,6830,High
107719-7,TALAGA,Mwanza,Kwimba,Dispensary,-2.93351,33.46511,4019,Moderate
114516-8,KINAMWELI,Mwanza,Kwimba,Dispensary,-2.90537,33.34012,7336,High
113717-3,MWASHILALAGE,Mwanza,Kwimba,Dispensary,-2.78932,33.18307,8683,High
114515-0,BUSULE,Mwanza,Kwimba,Dispensary,-3.06693,33.46084,6116,High
107524-1,SOLWE,Mwanza,Kwimba,Dispensary,-2.88015,33.39016,4150,Moderate
100490-2,BUJINGWA,Mwanza,Kwimba,Dispensary,-2.82698,33.29626,7067,High
121713-2,BUDUSHI,Mwanza,Kwimba,Health Center,-2.96078,33.32985,6665,High
121026-9,MWADILA HEALTH   CARE,Mwanza,Kwimba,Dispensary,-2.9748,33.512597,4623,Moderate
100450-6,BUGEMBE,Mwanza,Kwimba,Dispensary,-3.10303,33.39585,3883,Moderate
107666-0,SUMVE,Mwanza,Kwimba,Hospital,-2.751281,33.229181,16153,Very High
106716-4,NYAMBUYI,Mwanza,Kwimba,Dispensary,-2.68493,33.27808,3658,Low
104172-2,MALEMVE,Mwanza,Kwimba,Dispensary,-3.01907,33.2349,6408,High
107418-6,SHILEMBO,Mwanza,Kwimba,Dispensary,-3.2481,33.28787,9860,Very High
108299-9,WALLA,Mwanza,Kwimba,Dispensary,-2.85771,33.34991,6762,High
106730-5,NYAMILAMA,Mwanza,Kwimba,Health Center,-3.08301,33.34418,10693,Very High
109485-3,MWAMAJILA,Mwanza,Kwimba,Dispensary,-2.84405,33.40163,4139,Moderate
109739-3,MWANEKEYI,Mwanza,Kwimba,Dispensary,-2.65507,33.27657,5086,Moderate
114017-7,NGUZO NANE,Mwanza,Kwimba,Dispensary,-2.97537,33.51804,3073,Low
104199-5,MALYA,Mwanza,Kwimba,Health Center,-2.97731,33.52379,3598,Low
110971-9,KIKUBIJI,Mwanza,Kwimba,Dispensary,-3.35191,33.09888,8909,High
106722-2,NYAMIGAMBA,Mwanza,Kwimba,Dispensary,-2.72605,33.45406,6151,High
105943-5,MWANKULWE,Mwanza,Kwimba,Dispensary,-3.11922,33.43787,8337,High
109571-0,GEREZA NGUDU,Mwanza,Kwimba,Dispensary,-2.96525,33.34634,9436,Very High
100574-3,BUNGULWA,Mwanza,Kwimba,Dispensary,-2.7657,33.3071,7660,High
101771-4,ILUMBA,Mwanza,Kwimba,Dispensary,-2.93665,33.4095,6277,High
104215-9,MANAYI,Mwanza,Kwimba,Dispensary,-3.24362,33.39012,10223,Very High
114373-4,SINAI,Mwanza,Kwimba,Health Laboratory,-3.16727,33.29974,11021,Very High
106710-7,NYAMBITI,Mwanza,Kwimba,Health Center,-2.82841,33.42687,8718,High
102608-7,KIBITILWA,Mwanza,Kwimba,Dispensary,-3.227442,33.329889,6583,High
102056-9,IZIZIMBA,Mwanza,Kwimba,Dispensary,-3.32763,32.96392,16104,Very High
114514-3,MWANG'OMBE,Mwanza,Kwimba,Dispensary,-3.17392,33.29692,4488,Moderate
107158-8,RUNERE,Mwanza,Kwimba,Dispensary,-3.1058500000000002,33.26892,8775,High
101806-8,INALA,Mwanza,Kwimba,Dispensary,-2.70772,33.29633,6939,High
106498-9,NJISI,Mbeya,Kyela,Dispensary,-9.591436,33.785815,6131,High
111952-8,MAGEREZA,Mbeya,Kyela,Dispensary,-9.59184,33.86005,8297,High
103699-5,LUKWEGO,Mbeya,Kyela,Dispensary,-9.498005,33.944064,4942,Moderate
112089-8,TUMAINI,Mbeya,Kyela,Dispensary,-9.57361,33.77736,5181,Moderate
112287-8,ST. PAUL,Mbeya,Kyela,Dispensary,-9.57592,33.84857,9550,Very High
101662-5,IKOMBE,Mbeya,Kyela,Dispensary,-9.517805,34.064129,6872,High
111534-4,WITO PRINMART,Mbeya,Kyela,Maternity Home,-9.57221,33.77159,5800,Moderate
101764-9,ILOPA,Mbeya,Kyela,Dispensary,-9.534972,33.928228,3532,Low
113979-9,DONALD,Mbeya,Kyela,Clinic,-9.6046,33.866273,1447,Very Low
107494-7,SINYANGA,Mbeya,Kyela,Dispensary,-9.522585,33.802529,3156,Low
114242-1,MWAMBUSYE,Mbeya,Kyela,Dispensary,-9.50516,33.85329,3820,Low
111640-9,AMEKI,Mbeya,Kyela,Dispensary,-9.60517,33.85842,5254,Moderate
102001-5,ITOPE,Mbeya,Kyela,Dispensary,-9.56038,33.80992,3052,Low
114088-8,EL-SHADAI,Mbeya,Kyela,Dispensary,-9.57903,33.76788,4521,Moderate
100491-0,BUJONDE,Mbeya,Kyela,Dispensary,-9.61227,33.91692,5911,High
122671-1,AGAPE HEALTH  SERVICES,Mbeya,Kyela,Health Laboratory,-9.62376,33.87758,6618,High
120579-8,NEW HOPE,Mbeya,Kyela,Clinic,-9.60425,33.871361,17194,Very High
103776-1,LUTUSYO,Mbeya,Kyela,Dispensary,-9.46012,33.84423,3283,Low
105393-3,MPUNGUTI,Mbeya,Kyela,Dispensary,-9.46468,33.91629,2271,Low
104018-7,MAHENGE,Mbeya,Kyela,Dispensary,-9.45326,33.9262,4943,Moderate
106342-9,NGANA,Mbeya,Kyela,Dispensary,-9.57217,33.70781,4987,Moderate
106366-8,NGYEKYE,Mbeya,Kyela,Dispensary,-9.427242,33.9699,15017,Very High
106336-1,NGAMANGA,Mbeya,Kyela,Dispensary,-9.47916,33.90201,4844,Moderate
121693-6,IGOSI HEALTH  I I,Mbeya,Kyela,Health Laboratory,-9.4844,33.87868,911,Very Low
104156-5,MAKWALE,Mbeya,Kyela,Dispensary,-9.417638,33.940489,8038,High
101029-7,DREAM CARE,Mbeya,Kyela,Dispensary,-9.57443,33.77458,1662,Very Low
109831-8,IGOSI,Mbeya,Kyela,Health Laboratory,-9.60198,33.86587,1812,Very Low
101659-1,IKOLO,Mbeya,Kyela,Dispensary,-9.648797,33.891942,4199,Moderate
102820-8,KILASILO,Mbeya,Kyela,Health Center,-9.57939,33.80949,2527,Low
122296-7,Ramon,Mbeya,Kyela,Health Laboratory,-9.57906,33.77508,7971,High
108032-4,UHAI BAPTIST,Mbeya,Kyela,Dispensary,-9.41609,33.951742,7302,High
103067-5,KISALE,Mbeya,Kyela,Dispensary,-9.452352,33.89756,5897,High
106507-7,NJUGILO,Mbeya,Kyela,Dispensary,-9.478615,33.813758,2848,Low
105841-1,MWALISI,Mbeya,Kyela,Dispensary,-9.52299,33.70089,2131,Very Low
114244-7,KASALA,Mbeya,Kyela,Dispensary,-9.54976,33.84537,2780,Low
121332-1,BYACON,Mbeya,Kyela,Clinic,-9.59031,33.85822,10302,Very High
102356-3,KAPAMISYA,Mbeya,Kyela,Dispensary,-9.53283,33.82014,2339,Low
103471-9,LEMA,Mbeya,Kyela,Dispensary,-9.49357,33.685501,1812,Very Low
103648-2,LUGOMBO,Mbeya,Kyela,Dispensary,-9.55547,33.94243,3287,Low
106412-0,NGONGA,Mbeya,Kyela,Dispensary,-9.65797,33.91945,6980,High
106290-0,NDWANGA,Mbeya,Kyela,Dispensary,-9.64078,33.8555,2963,Low
102492-6,KATUMBA SONGWE,Mbeya,Kyela,Dispensary,-9.694057,33.922921,4574,Moderate
101822-5,IPANDE,Mbeya,Kyela,Dispensary,-9.490642,33.827537,2153,Low
121214-1,ITUNGE,Mbeya,Kyela,Health Center,-9.58166,33.90103,4142,Moderate
101638-5,IKAMA,Mbeya,Kyela,Dispensary,-9.52616,33.88389,4101,Moderate
111951-0,GENESIS,Mbeya,Kyela,Hospital,-9.59982,33.86832,12325,Very High
101830-8,IPINDA,Mbeya,Kyela,Health Center,-9.487455,33.879568,8288,High
100120-5,AMENI,Mbeya,Kyela,Dispensary,-9.59996,33.86665,1877,Very Low
106256-1,NDOBO,Mbeya,Kyela,Dispensary,-9.484255,33.952563,5223,Moderate
100133-8,ANNE,Mbeya,Kyela,Dispensary,-9.483319,33.8795,5138,Moderate
109371-5,T-MAM MEDICAL,Mbeya,Kyela,Health Laboratory,-9.48286,33.87708,5615,Moderate
103430-5,KYELA,Mbeya,Kyela,Hospital,-9.60435,33.86832,1314,Very Low
100582-6,BUSALE,Mbeya,Kyela,Dispensary,-9.519107,33.746564,5357,Moderate
102310-0,KANDETE,Mbeya,Kyela,Dispensary,-9.564271,33.789829,2646,Low
109334-3,EBENEZER PRINMAT,Mbeya,Kyela,Maternity Home,-9.575894,33.769807,1601,Very Low
107807-0,TENENDE,Mbeya,Kyela,Dispensary,-9.550997,33.89133,3645,Low
120608-5,BUSOKA,Mbeya,Kyela,Dispensary,-9.52037,33.71685,1295,Very Low
103234-1,KIWIRA COAL AND POWER,Mbeya,Kyela,Dispensary,-9.478471,33.680899,1447,Very Low
120609-3,NDANDALO,Mbeya,Kyela,Dispensary,-9.59597,33.86131,5886,High
102200-3,KAJUNJUMELE,Mbeya,Kyela,Dispensary,-9.596828,33.925798,3165,Low
108634-7,ST.DIONYSIUS RUHITA,Kagera,Kyerwa,Dispensary,-1.22374,30.89326,12444,Very High
106739-6,NYAMIYAGA,Kagera,Kyerwa,Dispensary,-1.05711,30.73446,19076,Very High
102600-4,KIBIMBA,Kagera,Kyerwa,Dispensary,-1.32792,30.95087,11155,Very High
120780-2,NYAKASHENYI,Kagera,Kyerwa,Dispensary,-1.117033,30.885612,8216,High
121687-8,CHANYA,Kagera,Kyerwa,Dispensary,-1.540138,30.978788,7134,High
105705-8,MURONGO,Kagera,Kyerwa,Health Center,-1.06379,30.66779,13163,Very High
101432-3,ELCT IBAMBA,Kagera,Kyerwa,Dispensary,-1.25521,30.93597,6734,High
103821-5,MABIRA,Kagera,Kyerwa,Dispensary,-1.24406,30.94618,5409,Moderate
102586-5,KIBARE,Kagera,Kyerwa,Dispensary,-1.0669,30.81455,10736,Very High
100604-8,BUSINDE,Kagera,Kyerwa,Dispensary,-1.13651,30.94367,8894,High
108549-7,RUKULAIJO,Kagera,Kyerwa,Dispensary,-1.44289,30.86448,16280,Very High
101915-7,ST. MARY'S ISINGIRO,Kagera,Kyerwa,Hospital,-1.37097,30.68886,1179,Very Low
121683-7,RUTUNGURU,Kagera,Kyerwa,Health Center,-1.249775,30.641125,17430,Very High
108546-3,KIHINDA,Kagera,Kyerwa,Dispensary,-1.20407,30.6108,6402,High
102202-9,KAKANJA,Kagera,Kyerwa,Dispensary,-1.42187,30.91092,10529,Very High
114478-1,KYERWA DC,Kagera,Kyerwa,Hospital,-1.405022,30.77569,7108,High
121688-6,MABIRA,Kagera,Kyerwa,Health Center,-1.26859,30.95337,10478,Very High
102159-1,KAGENYI,Kagera,Kyerwa,Dispensary,-1.41417,30.79806,8128,High
106558-0,NKWENDA,Kagera,Kyerwa,Health Center,-1.48076,30.88835,8615,High
103433-9,KYERWA,Kagera,Kyerwa,Dispensary,-1.37149,30.79383,18176,Very High
102298-7,KAMULI,Kagera,Kyerwa,Health Center,-1.29292,30.85323,12373,Very High
122858-4,RWANYANGO,Kagera,Kyerwa,Dispensary,-1.26165,30.68547,15404,Very High
107133-1,RUGASHA,Kagera,Kyerwa,Dispensary,-1.11088,30.67244,11446,Very High
124156-1,MATUMAINI HEALTH,Kagera,Kyerwa,Health Laboratory,-1.49005,30.88913,7501,High
107204-0,RWENKENDE,Kagera,Kyerwa,Dispensary,-1.19819,30.6411,12380,Very High
108551-3,KIGOROGORO,Kagera,Kyerwa,Dispensary,-1.11969,30.83323,12233,Very High
108716-2,BUGARA,Kagera,Kyerwa,Dispensary,-1.17923,30.98608,8445,High
107190-1,RWABWERE,Kagera,Kyerwa,Dispensary,-1.5079,30.9061,5763,Moderate
102195-5,KAISHO,Kagera,Kyerwa,Dispensary,-1.26382,30.68813,20182,Very High
108579-4,KARONGO,Kagera,Kyerwa,Dispensary,-1.54798,30.912960000000002,7170,High
122886-5,KATERA,Kagera,Kyerwa,Dispensary,-1.26165,30.68547,15404,Very High
102793-7,KIKUKURU,Kagera,Kyerwa,Dispensary,-1.34792,30.92875,10465,Very High
121686-0,ITEERA,Kagera,Kyerwa,Dispensary,-1.505739,30.93277,11584,Very High
124151-2,SURVIVAL,Kagera,Kyerwa,Hospital,-1.21841,30.94687,6399,High
107534-0,SONGAMBELE,Kagera,Kyerwa,Dispensary,-1.5504,30.87546,20233,Very High
102603-8,KIBINGO,Kagera,Kyerwa,Dispensary,-1.15797,30.6577,11871,Very High
103206-9,KITWECHENKURA,Kagera,Kyerwa,Dispensary,-1.46381,30.83802,20903,Very High
121319-8,MJUNIS,Kagera,Kyerwa,Dispensary,-1.33494,30.71228,13370,Very High
114671-1,NKWENDA HUDUMA,Kagera,Kyerwa,Dispensary,-1.48768,30.88956,2195,Low
106671-1,NYAKATUNTU,Kagera,Kyerwa,Dispensary,-1.31357,30.83264,19393,Very High
106666-1,ELCT NYAKATERA,Kagera,Kyerwa,Dispensary,-1.08362,30.75278,11632,Very High
107202-4,RWELE,Kagera,Kyerwa,Dispensary,-1.38097,30.89667,13161,Very High
102917-2,KIMULI,Kagera,Kyerwa,Dispensary,-1.40627,30.93958,10475,Very High
103228-3,KIWAWA,Lindi,Lindi,Dispensary,-9.84061,39.28518,1273,Very Low
120861-0,TANDANGONGORO,Lindi,Lindi,Dispensary,-10.04388,39.50228,969,Very Low
104691-1,MCHINGA,Lindi,Lindi,Dispensary,-9.74341,39.70857,5439,Moderate
110344-9,MNYANGARA,Lindi,Lindi,Dispensary,-9.57773,39.37219,4927,Moderate
120865-1,BANDUKA,Lindi,Lindi,Dispensary,-9.97116,39.70263,8007,High
106348-6,NG'APA,Lindi,Lindi,Health Center,-10.02531,39.58045,5834,Moderate
122388-2,RUHOMA,Lindi,Lindi,Dispensary,-9.94466,39.37336,1272,Very Low
104570-7,MBANJA,Lindi,Lindi,Dispensary,-9.87967,39.74103,2185,Low
124166-0,NAINAR,Lindi,Lindi,Health Laboratory,-9.91363,39.72951,3669,Low
106152-2,NAMTAMBA,Lindi,Lindi,Dispensary,-10.01324,39.27186,1326,Very Low
123585-2,MNANG`OLE,Lindi,Lindi,Dispensary,-9.66038,39.68491,789,Very Low
105397-4,MPUTWA,Lindi,Lindi,Dispensary,-9.88804,39.23296,1188,Very Low
100978-6,DIMBA,Lindi,Lindi,Dispensary,-9.64175,39.64285,733,Very Low
105234-9,MNALI,Lindi,Lindi,Dispensary,-10.07157,39.76266,2754,Low
112479-1,MNAZI MMOJA,Lindi,Lindi,Health Center,-10.10771,39.60588,10582,Very High
110334-0,KOMOLO,Lindi,Lindi,Dispensary,-9.82522,39.53675,3212,Low
105600-1,MTUMBIKILE,Lindi,Lindi,Dispensary,-9.76745,39.60349,2503,Low
102956-0,KINGURUNDUNDWA,Lindi,Lindi,Dispensary,-9.573119,39.53532,2250,Low
100373-0,BRIGITA,Lindi,Lindi,Clinic,-9.99601,39.71382,2574,Low
106206-6,NARUNYU,Lindi,Lindi,Dispensary,-10.03359,39.52413,1500,Very Low
102858-8,KILOLAMBWANI,Lindi,Lindi,Dispensary,-9.62195,39.67853,1101,Very Low
122389-0,MKWAYA,Lindi,Lindi,Dispensary,-10.12543,39.64743,5124,Moderate
106146-4,NAMKONGO,Lindi,Lindi,Dispensary,-9.75964,39.38586,1975,Very Low
110338-1,RUVU,Lindi,Lindi,Dispensary,-9.64366,39.71309,416,Very Low
103931-2,MAGEREZA,Lindi,Lindi,Dispensary,-10.01441,39.71241,4183,Moderate
102940-4,KINENG'ENE,Lindi,Lindi,Health Center,-9.974452,39.622219,6583,High
107517-5,SOKOINE,Lindi,Lindi,Hospital,-9.98161,39.70653,10748,Very High
120862-8,RUAHA,Lindi,Lindi,Dispensary,-10.10136,39.57161,1129,Very Low
107178-6,RUTAMBA,Lindi,Lindi,Health Center,-10.04037,39.45173,7996,High
104945-1,MINGOYO,Lindi,Lindi,Dispensary,-10.09718,39.62481,5231,Moderate
120903-0,MATAPWA,Lindi,Lindi,Dispensary,-9.65906,39.40837,1293,Very Low
105274-5,MOKA,Lindi,Lindi,Dispensary,-9.82201,39.58663,1844,Very Low
120866-9,NANYANJE,Lindi,Lindi,Dispensary,-9.87216,39.61027,2417,Low
122390-8,MKWAJUNI,Lindi,Lindi,Dispensary,-9.63807,39.50471,1583,Very Low
105771-0,MVULENI,Lindi,Lindi,Dispensary,-9.55979,39.66277,3510,Low
103510-4,LIHIMILO,Lindi,Lindi,Dispensary,-9.70245,39.47641,1039,Very Low
120902-2,MVULENI,Lindi,Lindi,Health Center,-10.293745,39.383418,2563,Low
112123-5,NANDAMBI,Lindi,Lindi,Dispensary,-9.96396,39.52391,845,Very Low
123459-0,MKUPAMA,Lindi,Lindi,Dispensary,-9.99591,39.71383,5111,Moderate
109261-8,KITUNDA,Lindi,Lindi,Dispensary,-10.01568,39.74448,3955,Moderate
105006-1,MITWERO,Lindi,Lindi,Dispensary,-9.91767,39.72551,4706,Moderate
120864-4,MKANGA I,Lindi,Lindi,Dispensary,-9.94203,39.53968,927,Very Low
107872-4,TOWN,Lindi,Lindi,Health Center,-9.99899,39.71491,4294,Moderate
106175-3,NANGARU,Lindi,Lindi,Dispensary,-9.84159,39.47059,3491,Low
107901-1,TULIENI,Lindi,Lindi,Dispensary,-10.05591,39.63016,8408,High
103186-3,KITOMANGA,Lindi,Lindi,Health Center,-9.66851,39.54373,2607,Low
110263-1,KINYOPE,Lindi,Lindi,Dispensary,-9.98302,39.39433,3440,Low
113788-4,MCHINGA II,Lindi,Lindi,Dispensary,-9.72466,39.71487,2451,Low
120891-7,LINDI MUNICIPAL COUNCIL,Lindi,Lindi,Hospital,-9.870849,39.749731,2129,Very Low
100802-8,CHIKONJI,Lindi,Lindi,Dispensary,-9.91041,39.58383,4314,Moderate
102816-6,KILANGALA,Lindi,Lindi,Dispensary,-9.72553,39.57658,4042,Moderate
104081-5,MAKANGARA,Lindi,Lindi,Dispensary,-10.00742,39.38101,1701,Very Low
104933-7,MILOLA,Lindi,Lindi,Dispensary,-9.95181,39.32593,7025,High
106062-3,NACHINGWEA,Lindi,Lindi,Dispensary,-10.00448,39.70568,14704,Very High
104959-2,MIPINGO,Lindi,Lindi,Dispensary,-9.629802,39.415926,982,Very Low
105539-1,MTAWANGO,Lindi,Liwale,Dispensary,-9.55357,38.02756,1633,Very Low
106218-1,NAUJOMBO,Lindi,Liwale,Health Center,-9.78866,38.50686,873,Very Low
102795-2,KIKULYUNGU,Lindi,Liwale,Dispensary,-9.33424,38.09414,1710,Very Low
104918-8,MIKUNYA,Lindi,Liwale,Dispensary,-9.79631,38.08564,10755,Very High
105201-8,MLEMBWE,Lindi,Liwale,Dispensary,-9.6795,37.59678,3172,Low
106136-5,NAMIHU,Lindi,Liwale,Dispensary,-9.66933,37.93892,2484,Low
112082-3,MKOYAGE,Lindi,Liwale,Dispensary,-9.80579,37.93432,4781,Moderate
102894-3,KIMAMBI,Lindi,Liwale,Dispensary,-9.41667,38.45,1424,Very Low
120565-7,MKUNDI,Lindi,Liwale,Dispensary,-9.7026,37.77338,2028,Very Low
106241-3,NDAPATA,Lindi,Liwale,Dispensary,-9.59512,37.40614,2496,Low
103517-9,LIKOMBORA,Lindi,Liwale,Dispensary,-9.89582,37.91703,4942,Moderate
110810-9,LILOMBE,Lindi,Liwale,Dispensary,-10.21982,37.89294,5032,Moderate
100330-0,BARIKIWA,Lindi,Liwale,Health Center,-9.53135,37.83734,4930,Moderate
103563-3,LIWALE B,Lindi,Liwale,Dispensary,-9.81042,37.96466,7966,High
102565-9,KIANGARA,Lindi,Liwale,Dispensary,-9.94778,38.36778,4021,Moderate
102648-3,KICHONDA,Lindi,Liwale,Dispensary,-9.69553,38.01726,5775,Moderate
103562-5,LIWALE,Lindi,Liwale,Hospital,-9.80552,37.94785,2452,Low
100050-4,AGAPE,Lindi,Liwale,Dispensary,-9.802,37.93013,13512,Very High
104582-2,MBAYA,Lindi,Liwale,Dispensary,-9.66845,37.96055,4357,Moderate
106072-2,NAHORO,Lindi,Liwale,Dispensary,-10.24537,38.25542,1685,Very Low
105359-4,MPENGERE,Lindi,Liwale,Health Center,-9.71549,37.71812,5296,Moderate
122995-4,AMIR,Lindi,Liwale,Health Laboratory,-9.80757,37.92237,17742,Very High
121864-3,TURUKI,Lindi,Liwale,Dispensary,-9.90065,37.88109,1243,Very Low
112081-5,MBONDE,Lindi,Liwale,Dispensary,-9.81668,37.93669,3810,Low
114573-9,Mtawatawa,Lindi,Liwale,Dispensary,-9.90011,38.21092,2057,Very Low
112080-7,NDURUKA,Lindi,Liwale,Dispensary,-9.61046,37.97433,1962,Very Low
106285-0,NDUNYUNGU,Lindi,Liwale,Dispensary,-9.62163,37.85149,1238,Very Low
102631-9,KIBUTUKA,Lindi,Liwale,Health Center,-10.019590000000001,38.40558,4237,Moderate
104094-8,MAKATA,Lindi,Liwale,Dispensary,-9.7356,37.84229,3788,Low
110809-1,MPIGAMITI,Lindi,Liwale,Dispensary,-9.92963,37.60799,2796,Low
103016-2,KIPULE,Lindi,Liwale,Dispensary,-9.86687,37.87877,2011,Very Low
103185-5,KITOGORO,Lindi,Liwale,Dispensary,-9.94065,38.31103,1811,Very Low
106414-6,NGONGOWELE,Lindi,Liwale,Health Center,-10.08489,37.79705,2830,Low
104966-7,Mirui,Lindi,Liwale,Dispensary,-9.77974,38.56085,2763,Low
104893-3,MIHUMO,Lindi,Liwale,Dispensary,-9.94279,37.90943,4269,Moderate
104250-6,MANGIRIKITI,Lindi,Liwale,Dispensary,-9.84864,37.87249,4372,Moderate
102998-2,KIPELELE,Lindi,Liwale,Dispensary,-9.84838,38.45315,1678,Very Low
120901-4,LIWALE B,Lindi,Liwale,Hospital,-9.7026,37.97049,3008,Low
105150-7,Mkutano,Lindi,Liwale,Dispensary,-9.41444,38.06251,1548,Very Low
106438-5,NGUMBU,Lindi,Liwale,Dispensary,-10.01348,38.50542,2525,Low
106444-3,NGUNJA,Lindi,Liwale,Dispensary,-10.12401,37.86272,2012,Very Low
106373-4,NGEREYANI,Arusha,Longido,Dispensary,-2.98118,36.85517,8120,High
112829-7,NAMANGA OPTICAL CENTRE,Arusha,Longido,Clinic,-2.55082,36.78498,9762,Very High
106269-4,LEREMETA,Arusha,Longido,Dispensary,-2.87105,37.11984,3848,Low
111228-3,ENDONYOEMALI,Arusha,Longido,Dispensary,-2.759898,37.067031,1010,Very Low
101102-2,ENGIKARETI,Arusha,Longido,Dispensary,-3.03804,36.69564,3997,Moderate
103581-5,LONGIDO,Arusha,Longido,Health Center,-2.72867,36.70076,20525,Very High
110730-9,MARY MOTHER OF THE CHURCH,Arusha,Longido,Health Center,-2.831308,37.224836,5566,Moderate
101194-9,GELAI BOMBA,Arusha,Longido,Dispensary,-2.73092,36.1147,3793,Low
120431-2,LONGIDO DC,Arusha,Longido,Hospital,-2.76056,36.70492,4658,Moderate
106104-3,NAMANGA,Arusha,Longido,Dispensary,-2.551164,36.78745,15617,Very High
101195-6,GELAI LUMBWA,Arusha,Longido,Dispensary,-2.62061,36.18911,6003,High
121758-7,CTK PAMOJA,Arusha,Longido,Dispensary,-3.00765,36.67653,2513,Low
111229-1,LESING'ITA,Arusha,Longido,Dispensary,-2.634775,36.560505,2639,Low
113133-3,EWORENDEKE,Arusha,Longido,Health Center,-2.55851,36.77526,10840,Very High
105683-7,MUNDARARA,Arusha,Longido,Dispensary,-2.62143,36.44576,6072,High
101765-6,ILORIENITO,Arusha,Longido,Dispensary,-2.87732,36.18516,3040,Low
103195-4,KETUMBEINE,Arusha,Longido,Dispensary,-2.83191,36.30613,3765,Low
101099-0,ENGARENAIBOR,Arusha,Longido,Health Center,-2.52524,36.48066,14363,Very High
102299-5,KAMWANGA,Arusha,Longido,Dispensary,-2.87804,37.36434,5839,Moderate
107832-8,TINGATINGA,Arusha,Longido,Dispensary,-2.977327,36.956906,3312,Low
103171-5,KITENDENI,Arusha,Longido,Dispensary,-2.846001,37.24417,1902,Very Low
114170-4,KETUMBEINE,Arusha,Longido,Health Center,-2.81787,36.32897,5689,Moderate
103087-3,KISERIAN,Arusha,Longido,Dispensary,-2.85531,36.52774,3709,Low
121507-8,ESOKONOY,Arusha,Longido,Dispensary,-2.73137,36.11362,3058,Low
101064-4,ELANG'ATADAPASH,Arusha,Longido,Dispensary,-2.93352,36.23287,4445,Moderate
121510-2,ENJILAAY,Arusha,Longido,Dispensary,-2.68658,36.44569,2252,Low
104440-3,MATALE,Arusha,Longido,Dispensary,-2.4402,36.41441,4329,Moderate
108504-2,MATALE B,Arusha,Longido,Dispensary,-2.36011,36.380942,1748,Very Low
106568-9,NOONDOTO,Arusha,Longido,Dispensary,-2.98598,36.28939,4510,Moderate
113858-5,OLCHORONYOKIE,Arusha,Longido,Dispensary,-2.90046,36.26291,3030,Low
103484-2,LERANG'WA,Arusha,Longido,Dispensary,-2.84161,36.719003,1484,Very Low
121542-5,MAGADINI,Arusha,Longido,Dispensary,-2.62837,36.00842,2366,Low
107493-9,SINYA,Arusha,Longido,Dispensary,-2.78272,36.95407,4770,Moderate
111230-9,LOSIRWA,Arusha,Longido,Dispensary,-2.842747,36.203179,2723,Low
102914-9,KIMOKOUWA,Arusha,Longido,Dispensary,-2.63844,36.70377,5165,Moderate
106916-0,OLMOTI,Arusha,Longido,Health Center,-2.886272,37.074405,3098,Low
101860-5,IRKASWA,Arusha,Longido,Dispensary,-2.86618,37.3264,5081,Moderate
104511-1,MAWENGI,Njombe,Ludewa,Dispensary,-9.86108,34.50287,5387,Moderate
111193-9,MAVANGA,Njombe,Ludewa,Dispensary,-9.884043,35.090578,2864,Low
106487-2,NJELELA,Njombe,Ludewa,Dispensary,-9.77901,34.9459,1763,Very Low
103729-0,LUPANDE,Njombe,Ludewa,Dispensary,-9.7946,34.46051,2047,Very Low
109801-1,MASASI,Njombe,Ludewa,Dispensary,-10.45072,34.66847,2347,Low
106513-5,NKANDA,Njombe,Ludewa,Dispensary,-9.54232,34.09464,196,Very Low
103538-5,LIPANGALA,Njombe,Ludewa,Dispensary,-9.84861,34.6758,1918,Very Low
107402-0,SHAURIMOYO,Njombe,Ludewa,Dispensary,-9.85553,34.799005,2406,Low
106612-5,NTUMBATI,Njombe,Ludewa,Dispensary,-10.0956,34.564,3196,Low
113843-7,MASIMAVALAFU,Njombe,Ludewa,Dispensary,-10.21814,34.97052,435,Very Low
123434-3,LIUNJI,Njombe,Ludewa,Dispensary,-9.82576,34.41372,691,Very Low
120471-8,MHORO,Njombe,Ludewa,Dispensary,-10.00598,34.73757,463,Very Low
101436-4,Ibihi,Njombe,Ludewa,Dispensary,-10.05461,34.659910000000004,1366,Very Low
103863-7,MADOPE,Njombe,Ludewa,Dispensary,-9.66532,34.65084,3251,Low
102735-8,KIHANGA,Njombe,Ludewa,Dispensary,-9.77301,34.535982,4501,Moderate
109296-4,LUMBILA,Njombe,Ludewa,Dispensary,-9.58707,34.1488,468,Very Low
104411-4,MASIMBWE,Njombe,Ludewa,Dispensary,-9.728531,34.556561,1148,Very Low
103868-6,MADUNDA,Njombe,Ludewa,Health Center,-9.86015,34.47586,2808,Low
105104-4,MKONGOBAKI,Njombe,Ludewa,Dispensary,-9.86173,34.73871,1295,Very Low
113842-9,LUILO,Njombe,Ludewa,Health Center,-10.38511,34.74814,1253,Very Low
104499-9,MAVANGA,Njombe,Ludewa,Health Center,-9.89307,35.09871,5092,Moderate
103620-1,LUDEWA,Njombe,Ludewa,Hospital,-10.10228,34.68425,8887,High
104219-1,MANDA,Njombe,Ludewa,Health Center,-10.4699,34.59054,1376,Very Low
106478-1,NINDI,Njombe,Ludewa,Health Center,-10.13569,34.58651,1338,Very Low
103626-8,LUFUMBU,Njombe,Ludewa,Dispensary,-9.782317,34.513861,2892,Low
104238-1,MANGA,Njombe,Ludewa,Dispensary,-9.71034,34.72853,3909,Moderate
121400-6,KIMELEMBE A,Njombe,Ludewa,Dispensary,-10.24171,34.72466,1335,Very Low
106368-4,Ngelenge,Njombe,Ludewa,Dispensary,-10.5183,34.6097,1649,Very Low
103730-8,LUPANGA,Njombe,Ludewa,Dispensary,-9.72256,34.48744,5968,High
103637-5,ST. JOHN'S,Njombe,Ludewa,Hospital,-9.80659,34.71475,6722,High
106533-3,NKOMANG'OMBE,Njombe,Ludewa,Dispensary,-10.29802,34.73075,2632,Low
108212-2,UTILILI,Njombe,Ludewa,Dispensary,-9.70425,34.43046,1369,Very Low
121238-0,MUNDINDI,Njombe,Ludewa,Health Center,-9.87596,34.96527,1041,Very Low
103854-6,MADILU,Njombe,Ludewa,Dispensary,-9.72405,34.75509,2915,Low
102013-0,MLANGALI,Njombe,Ludewa,Health Center,-9.77687,34.51833,2465,Low
103621-9,LUDEWA KIJIJINI,Njombe,Ludewa,Dispensary,-10.11433,34.69081,3410,Low
103238-2,KIYOGO,Njombe,Ludewa,Dispensary,-10.5038,34.7144,1185,Very Low
104496-5,MAVALA,Njombe,Ludewa,Dispensary,-9.87409,34.59777,2982,Low
104931-1,ST LUKES MILO,Njombe,Ludewa,Hospital,-9.87956,34.63704,1702,Very Low
121506-0,NSELE,Njombe,Ludewa,Dispensary,-9.71792,34.28262,112,Very Low
102032-0,IWELA,Njombe,Ludewa,Dispensary,-9.72853,34.55656,1328,Very Low
103678-9,LUILO,Njombe,Ludewa,Dispensary,-10.39241,34.74428,1505,Very Low
102909-9,KIMELEMBE,Njombe,Ludewa,Dispensary,-10.24351,34.73109,1081,Very Low
103180-6,KITEWELE,Njombe,Ludewa,Dispensary,-9.881222,34.452586,3177,Low
104304-1,MAPOGORO,Njombe,Ludewa,Dispensary,-9.83282,34.60733,3311,Low
103749-8,LUSALA,Njombe,Ludewa,Dispensary,-9.69082,34.43046,297,Very Low
122790-9,NDOWA,Njombe,Ludewa,Dispensary,-9.86206,34.39513,150,Very Low
120474-2,MDILIDILI,Njombe,Ludewa,Dispensary,-9.82344,34.7376,1077,Very Low
104629-1,MBONGO,Njombe,Ludewa,Dispensary,-10.46329,34.59432,748,Very Low
105078-0,MKIU,Njombe,Ludewa,Dispensary,-9.76248,34.61606,2975,Low
102876-0,KILONDO,Njombe,Ludewa,Dispensary,-9.73968,34.30948,403,Very Low
103602-9,LUANA,Njombe,Ludewa,Dispensary,-9.97265,34.61425,3147,Low
103777-9,LUVUYO,Njombe,Ludewa,Dispensary,-9.64058,34.58299,2909,Low
103858-7,MADINDO,Njombe,Ludewa,Dispensary,-9.914902,34.727998,975,Very Low
105685-2,MUNDINDI,Njombe,Ludewa,Dispensary,-9.86222,34.93849,2040,Very Low
103239-0,KIYOMBO,Njombe,Ludewa,Dispensary,-9.78037,34.60009,3095,Low
103498-2,LIFUA,Njombe,Ludewa,Dispensary,-10.37819,34.78411,2325,Low
101743-3,ILININDA,Njombe,Ludewa,Dispensary,-9.773661,34.847081,1194,Very Low
102994-1,KIPANGALA,Njombe,Ludewa,Dispensary,-10.379539,34.717335,1900,Very Low
114474-0,ILELA,Njombe,Ludewa,Dispensary,-10.49868,34.59982,1444,Very Low
103619-3,LUDENDE,Njombe,Ludewa,Dispensary,-9.90634,34.69922,1761,Very Low
114475-7,IGALU,Njombe,Ludewa,Dispensary,-10.45453,34.60519,2401,Low
103008-9,KIPINGU,Njombe,Ludewa,Dispensary,-10.53214,34.63863,2029,Very Low
104687-9,MBWILA,Njombe,Ludewa,Dispensary,-9.93945,34.58801,2766,Low
101455-4,IBUMI,Njombe,Ludewa,Dispensary,-10.12776,34.93636,1639,Very Low
104026-0,MAHOLONG'WA,Njombe,Ludewa,Dispensary,-9.92774,34.75494,2123,Very Low
122789-1,CHIMBO,Njombe,Ludewa,Dispensary,-9.87555,34.95979,644,Very Low
103230-9,KIWE,Njombe,Ludewa,Dispensary,-9.81673,34.4522,1661,Very Low
103504-7,LIGUMBIRO,Njombe,Ludewa,Dispensary,-9.76515,34.47963,2485,Low
100100-7,Amani,Njombe,Ludewa,Dispensary,-9.94648,34.89538,4348,Moderate
103507-0,LIHAGULE,Njombe,Ludewa,Dispensary,-10.45188,34.73272,1698,Very Low
104004-7,MAGUZONI,Tanga,Lushoto,Dispensary,-4.80607,38.28056,9748,Very High
105240-6,MNAZI,Tanga,Lushoto,Health Center,-4.42942,38.30521,3155,Low
111775-3,MAGEREZA MNG'ARO,Tanga,Lushoto,Dispensary,-4.54418,38.42552,2686,Low
121918-7,KIGULUNDE,Tanga,Lushoto,Dispensary,-4.83439,38.32827,549,Very Low
104272-0,MANOLO,Tanga,Lushoto,Dispensary,-4.61938,38.22143,10313,Very High
111346-3,LUKOZI,Tanga,Lushoto,Dispensary,-4.66338,38.28648,9586,Very High
111479-2,MLESA,Tanga,Lushoto,Dispensary,-4.58298,33.04905,10107,Very High
105211-7,MLOLA,Tanga,Lushoto,Health Center,-4.63402,38.4268,7560,High
104573-1,MBARAMO,Tanga,Lushoto,Dispensary,-4.46031,38.3269,2704,Low
104114-4,MAKOLE,Tanga,Lushoto,Dispensary,-4.63317,38.39083,4196,Moderate
114839-4,MGWASHI,Tanga,Lushoto,Dispensary,-4.64944,38.27797,2809,Low
111923-9,KINKO,Tanga,Lushoto,Dispensary,-4.68891,38.32001,4221,Moderate
103842-1,MADALA,Tanga,Lushoto,Dispensary,-4.59128,38.21307,3217,Low
111084-0,ST.JOSEPH,Tanga,Lushoto,Clinic,-4.79244,38.29227,1772,Very Low
104503-8,Mavului,Tanga,Lushoto,Dispensary,-4.69688,38.43878,5216,Moderate
111013-9,BOHELOI,Tanga,Lushoto,Dispensary,-4.7972,38.3619,2845,Low
111358-8,MASEREKA,Tanga,Lushoto,Dispensary,-4.54188,38.23823,7034,High
104206-8,MAMBO,Tanga,Lushoto,Dispensary,-4.51137,38.22781,7853,High
111776-1,S.T JOSEPH,Tanga,Lushoto,Clinic,-4.79241,38.29225,160,Very Low
111021-2,MPANGA,Tanga,Lushoto,Dispensary,-4.48818,38.25522,2307,Low
102261-5,KALUMELE,Tanga,Lushoto,Dispensary,-4.83439,38.32823,4338,Moderate
102319-1,KANGAGAI,Tanga,Lushoto,Health Center,-4.5999,38.31963,18539,Very High
101629-4,IJA,Tanga,Lushoto,Dispensary,-4.81373,38.29588,7916,High
103402-4,KWEKANGA,Tanga,Lushoto,Dispensary,-4.65247,38.37568,6305,High
111774-6,MAGEREZA LUSHOTO,Tanga,Lushoto,Dispensary,-4.79122,38.29081,4217,Moderate
112368-6,MKUNKI,Tanga,Lushoto,Dispensary,-4.63886,38.18916,4548,Moderate
105389-1,MPONDE MTAE,Tanga,Lushoto,Dispensary,-4.4807,38.27386,3313,Low
111014-7,LONGOI,Tanga,Lushoto,Dispensary,-4.60315,38.248779999999996,5205,Moderate
106460-9,NGWELO,Tanga,Lushoto,Dispensary,-4.59723,38.37983,8688,High
122642-2,LUNA,Tanga,Lushoto,Health Laboratory,-4.426471,38.308832,2127,Very Low
105517-7,MTAE,Tanga,Lushoto,Health Center,-4.48006,38.23544,3760,Low
111919-7,KIZARA,Tanga,Lushoto,Dispensary,-4.83439,38.32823,4338,Moderate
104178-9,MALINDI,Tanga,Lushoto,Dispensary,-4.63709,38.2907,13246,Very High
112369-4,HAMBALAWEI,Tanga,Lushoto,Dispensary,-4.66783,38.26113,3355,Low
107446-7,SHUME,Tanga,Lushoto,Dispensary,-4.53333,38.2167,2788,Low
103302-6,Kongei,Tanga,Lushoto,Dispensary,-4.81667,38.3667,4320,Moderate
105247-1,MNG'ARO,Tanga,Lushoto,Dispensary,-4.54748,38.40355,2888,Low
107410-3,SHIFAA,Tanga,Lushoto,Dispensary,-4.79153,38.29316,1134,Very Low
111085-7,VITI,Tanga,Lushoto,Dispensary,-4.65726,38.25412,6120,High
103358-8,ST. CATHERRINE,Tanga,Lushoto,Health Center,-4.72779,38.35631,6161,High
114512-7,MBWEI,Tanga,Lushoto,Dispensary,-4.67745,38.42289,3426,Low
105183-8,MLALO,Tanga,Lushoto,Health Center,-4.58165,38.34797,11727,Very High
101346-5,HEKALUNGU,Tanga,Lushoto,Dispensary,-4.56441,38.34425,4591,Moderate
103828-0,MABWAWANI,Tanga,Lushoto,Dispensary,-4.80127,38.2948,5046,Moderate
111786-0,MAKANKA,Tanga,Lushoto,Dispensary,-4.80612,38.38364,3971,Moderate
122430-2,GARE GVT,Tanga,Lushoto,Dispensary,-4.83437,38.32824,1079,Very Low
113948-4,NYWELO,Tanga,Lushoto,Dispensary,-4.68865,38.20412,5522,Moderate
111913-0,KIFULIO,Tanga,Lushoto,Dispensary,-4.68894,38.32822,3616,Low
104502-0,Mavumo,Tanga,Lushoto,Dispensary,-4.66359,38.23203,3626,Low
103211-9,KIVINGO,Tanga,Lushoto,Dispensary,-4.40516,38.43266,1393,Very Low
107668-6,SUNGA,Tanga,Lushoto,Dispensary,-4.52776,38.2371,4609,Moderate
103756-3,LUSHOTO,Tanga,Lushoto,Hospital,-4.80565,38.29654,3744,Low
111480-0,ZIMBILI,Tanga,Lushoto,Dispensary,-4.43965,38.34425,2228,Low
107058-0,RANGWI GOVERNMENT,Tanga,Lushoto,Dispensary,-4.56989,38.2531,7492,High
107059-8,RANGWI MISSION,Tanga,Lushoto,Dispensary,-4.5713,38.2518,5703,Moderate
105418-8,MSALE,Tanga,Lushoto,Dispensary,-4.63567,38.36735,8329,High
104576-4,MBARU,Tanga,Lushoto,Dispensary,-4.55712,38.21354,6466,High
111020-4,MAGAMBA,Tanga,Lushoto,Dispensary,-4.73442,38.29797,8526,High
112179-7,MOUNT USAMBARA,Tanga,Lushoto,Dispensary,-4.78784,38.29301,4227,Moderate
111726-6,TEMA,Tanga,Lushoto,Dispensary,-4.53137,38.21569,3862,Low
122419-5,DULE M,Tanga,Lushoto,Dispensary,-4.83438,38.32828,2959,Low
104087-2,MAKANYA,Tanga,Lushoto,Dispensary,-4.62898,38.4844,11286,Very High
113949-2,KILOLE,Tanga,Lushoto,Dispensary,-4.66186,38.39443,4455,Moderate
111777-9,HEMTOYE,Tanga,Lushoto,Dispensary,-4.83439,38.32823,4338,Moderate
111924-7,KWEMASHAI,Tanga,Lushoto,Dispensary,-4.81031,38.32856,5059,Moderate
104872-7,MIGAMBO,Tanga,Lushoto,Dispensary,-4.75476,38.34595,6932,High
101184-0,GARE,Tanga,Lushoto,Dispensary,-4.79442,38.34309,2346,Low
104177-1,MALIBWI,Tanga,Lushoto,Dispensary,-4.70595,38.3805,8736,High
104133-4,MAKOSE,Tanga,Lushoto,Dispensary,-4.60539,38.2644,8669,High
107815-3,TEWE,Tanga,Lushoto,Dispensary,-4.52084,38.34855,2383,Low
111922-1,IRENTE,Tanga,Lushoto,Dispensary,-4.83439,38.32823,4338,Moderate
105137-4,MKUNDI YA MTAE,Tanga,Lushoto,Dispensary,-4.45959,38.19352,1163,Very Low
111914-8,BAGHAI,Tanga,Lushoto,Dispensary,-4.83439,38.32823,4338,Moderate
122307-2,LUNGUZA,Tanga,Lushoto,Health Center,-4.83439,38.32825,4,Very Low
102685-5,KIFUNGIRO,Tanga,Lushoto,Dispensary,-4.7835,38.367,1935,Very Low
102796-0,KIKUMBI,Tanga,Lushoto,Dispensary,-4.67242,38.65244,1157,Very Low
107616-5,ST. MICHAEL,Tanga,Lushoto,Dispensary,-4.818,38.30614,5232,Moderate
103723-3,LUNGUZA,Tanga,Lushoto,Dispensary,-4.50942,38.3926,3325,Low
121411-3,MATEGHO,Tanga,Lushoto,Dispensary,-4.79441,38.34312,1803,Very Low
101318-4,HANGA NGADINDA,Ruvuma,Songea,Dispensary,-10.20213,35.67294,3388,Low
101268-1,GUMBIRO,Ruvuma,Songea,Dispensary,-10.26319,35.63818,2685,Low
105613-4,MTYANGIMBOLE,Ruvuma,Songea,Dispensary,-10.3902,35.6687,5364,Moderate
103968-4,MAGINGO,Ruvuma,Songea,Dispensary,-9.90588,35.44843,2132,Very Low
123251-1,CHOGA,Ruvuma,Songea,Health Laboratory,-10.20424,35.67172,1258,Very Low
103839-7,MADABA,Ruvuma,Songea,Health Center,-9.88993,35.3595,9437,Very High
105107-7,MKONGOTEMA,Ruvuma,Songea,Dispensary,-9.90626,35.4615,3146,Low
114409-6,HOPE VILLAGE ROTARY,Ruvuma,Songea,Dispensary,-9.92597,35.54861,859,Very Low
103775-3,LUTUKIRA,Ruvuma,Songea,Dispensary,-9.93306,35.5356,1737,Very Low
104011-2,MAHANJE,Ruvuma,Songea,Dispensary,-9.89009,35.2761,3442,Low
123263-6,MTEGA,Ruvuma,Songea,Health Laboratory,-9.47118,35.30563,183,Very Low
101536-1,IGAWISENGA,Ruvuma,Songea,Dispensary,-9.71286,35.30899,4144,Moderate
108373-2,WINO,Ruvuma,Songea,Dispensary,-9.83659,35.3372,2271,Low
104569-9,MBANGAMAWE,Ruvuma,Songea,Dispensary,-10.11191,35.65078,2024,Very Low
103511-2,LIKARANGILO,Ruvuma,Songea,Dispensary,-10.45444,35.68065,3524,Low
103669-8,LUHIMBA,Ruvuma,Songea,Dispensary,-10.4256,35.6841,3376,Low
104516-0,MAWESO,Ruvuma,Songea,Dispensary,-9.78315,35.2357,2907,Low
111323-2,ST. BERNADETA,Ruvuma,Songea,Health Center,-9.96732,35.63402,1959,Very Low
112505-3,MTYANGIMBOLE,Ruvuma,Songea,Health Center,-10.38247,35.66523,3325,Low
120811-5,MADABA,Ruvuma,Songea,Hospital,-9.89608,35.39506,2896,Low
103527-8,LILONDO,Ruvuma,Songea,Dispensary,-9.83671,35.3376,4749,Moderate
112495-7,KIPINGO,Ruvuma,Songea,Dispensary,-9.91294,35.36278,2517,Low
104464-3,MATETEREKA,Ruvuma,Songea,Dispensary,-9.83373,35.2664,2274,Low
101498-4,IFINGA,Ruvuma,Songea,Dispensary,-9.52864,35.5286,1437,Very Low
113612-6,Kirongwe,Pwani,Mafia,Health Center,-7.81174,39.81247,1898,Very Low
120830-5,KILINDONI,Pwani,Mafia,Dispensary,-7.93073,39.67091,3348,Low
100312-8,Banja,Pwani,Mafia,Dispensary,-7.76307,39.82258,729,Very Low
100889-5,Chunguruma,Pwani,Mafia,Dispensary,-7.835896,39.740373,1669,Very Low
103045-1,Kirongwe,Pwani,Mafia,Dispensary,-7.801074,39.824808,2645,Low
121478-2,Ng'washi,Pwani,Mafia,Health Laboratory,-7.79164,39.85989,2273,Low
106229-8,Ndagoni,Pwani,Mafia,Dispensary,-7.873582,39.749807,4603,Moderate
100657-6,Bweni,Pwani,Mafia,Dispensary,-7.68047,39.87439,1020,Very Low
102084-1,Jimbo,Pwani,Mafia,Dispensary,-7.78982,39.8611,1878,Very Low
108565-3,Mlongo,Pwani,Mafia,Dispensary,-7.94936,39.63128,670,Very Low
102105-4,Juani,Pwani,Mafia,Dispensary,-7.99095,39.78129,1937,Very Low
110020-5,Kutani,Pwani,Mafia,Dispensary,-7.91788,39.66399,5720,Moderate
102317-5,Kanga,Pwani,Mafia,Dispensary,-7.72607,39.85335,3698,Low
120829-7,KIEGEANI,Pwani,Mafia,Health Center,-7.97306,39.72431,3760,Low
102081-7,Jibondo,Pwani,Mafia,Dispensary,-8.05228,39.71948,1173,Very Low
121917-9,MICHENI,Pwani,Mafia,Dispensary,-7.97276,39.66763,4199,Moderate
112100-3,SWIHATULKHAIR,Pwani,Mafia,Dispensary,-7.92099,39.66813,3785,Low
104347-0,Marimbani,Pwani,Mafia,Dispensary,-7.93291,39.72,2787,Low
102100-5,Jojo,Pwani,Mafia,Dispensary,-7.76527,39.80673,106,Very Low
103875-1,Mafia,Pwani,Mafia,Hospital,-7.90806,39.66833,3803,Low
108558-8,Bwejuu,Pwani,Mafia,Dispensary,-7.94487,39.52207,160,Very Low
100769-9,Chemchem,Pwani,Mafia,Dispensary,-7.96837,39.65015,2773,Low
108574-5,GONGE,Pwani,Mafia,Dispensary,-7.82263,39.77635,1576,Very Low
103339-8,Kungwi,Pwani,Mafia,Dispensary,-7.89137,39.81954,1937,Very Low
113634-0,KIFINGE,Pwani,Mafia,Dispensary,-7.84295,39.81939,3446,Low
122674-5,KIGAMBONI MEDICAL,Pwani,Mafia,Health Laboratory,-7.91066,39.66993,7462,High
100290-6,Baleni,Pwani,Mafia,Dispensary,-7.873031,39.806575,3290,Low
109726-0,MATANANA,Iringa,Mafinga,Dispensary,-8.388475,35.131083,5841,Moderate
122726-3,IFINGO,Iringa,Mafinga,Health Center,-8.25389,35.38831,477,Very Low
113769-4,RICHIDADI LABORATORY,Iringa,Mafinga,Health Laboratory,-8.278184,35.309416,11318,Very High
111736-5,WAMBI,Iringa,Mafinga,Dispensary,-8.30218,35.29449,2507,Low
103877-7,MAFINGA,Iringa,Mafinga,Hospital,-8.30468,35.29023,5486,Moderate
104981-6,MISITU,Iringa,Mafinga,Dispensary,-8.412455,35.215367,4051,Moderate
111556-7,KISADA,Iringa,Mafinga,Dispensary,-8.50823,35.03021,4001,Moderate
111554-2,WILOLESI,Iringa,Mafinga,Clinic,-8.296405,35.287103,12239,Very High
107160-4,RUNGEMBA,Iringa,Mafinga,Dispensary,-8.202553,35.375432000000004,3441,Low
111385-1,NIPENDE,Iringa,Mafinga,Health Center,-8.284742,35.305897,5792,Moderate
120751-3,DRH,Iringa,Mafinga,Health Center,-8.278423,35.309527,4345,Moderate
111553-4,KINYANAMBO,Iringa,Mafinga,Health Center,-8.28858,35.30899,10619,Very High
122826-1,MAFINGA GROUP  MEDICAL,Iringa,Mafinga,Clinic,-8.27819,35.80816,433,Very Low
112128-4,MAFINGA MEDICARE,Iringa,Mafinga,Health Center,-8.32297,35.26781,9213,Very High
107930-0,TUMAINI JIPYA,Iringa,Mafinga,Health Center,-8.30157,35.30216,1135,Very Low
103867-8,KIKOMBO-MADUMA,Iringa,Mafinga,Dispensary,-8.17456,35.30232,5283,Moderate
113701-7,LOTHAR,Iringa,Mafinga,Health Center,-8.25783,35.32519,12272,Very High
105596-1,MTULA,Iringa,Mafinga,Dispensary,-8.33236,35.17104,2623,Low
111137-6,ST. PAUL,Iringa,Mafinga,Dispensary,-8.30622,35.24436,2181,Low
112371-0,KITELEWASI,Iringa,Mafinga,Dispensary,-8.213012,35.331817,3015,Low
111558-3,SAO-HILL,Iringa,Mafinga,Dispensary,-8.325685,35.20562,1546,Very Low
101620-3,IHONGOLE,Iringa,Mafinga,Health Center,-8.27829,35.27839,13909,Very High
101873-8,ISALAVANU,Iringa,Mafinga,Dispensary,-8.24433,35.21088,5978,High
112913-9,HOLLYWOOD,Iringa,Mafinga,Health Laboratory,-8.30072,35.30279,2745,Low
109793-0,BUMILAYINGA,Iringa,Mafinga,Dispensary,-8.38721,35.05676,6205,High
111557-5,ULOLE,Iringa,Mafinga,Dispensary,-8.324593,35.250043,3729,Low
114198-5,STANDARD EYE CARE,Iringa,Mafinga,Clinic,-8.25783,35.32519,12272,Very High
112904-8,FAST,Iringa,Mafinga,Health Laboratory,-8.30052,35.29903,3485,Low
122689-3,MFUMYA,Iringa,Mafinga,Health Laboratory,-8.300555,35.291204,2352,Low
103878-5,J.K.T MAFINGA,Iringa,Mafinga,Health Center,-8.33173,35.30266,6587,High
101986-8,ITIMBO,Iringa,Mafinga,Dispensary,-8.27211,35.42537,3665,Low
108617-2,METHODIST MICHAEL SCOTT,Mwanza,Magu,Dispensary,-2.60714,33.44518,11544,Very High
114564-8,LANGI,Mwanza,Magu,Dispensary,-2.43485,33.08092,4492,Moderate
122334-6,ASCHA MEDICS,Mwanza,Magu,Clinic,-2.556722,33.0474213,2077,Very Low
114582-0,ILUNGU,Mwanza,Magu,Dispensary,-2.58842,33.38382,6212,High
124430-0,EDDO,Mwanza,Magu,Health Laboratory,-2.58555,33.39511,11506,Very High
114567-1,NSOLA,Mwanza,Magu,Dispensary,-2.52063,33.48663,6725,High
102183-1,KAHANGARA,Mwanza,Magu,Health Center,-2.57904,33.35352,10591,Very High
112340-5,JOHN MONGELA,Mwanza,Magu,Dispensary,-2.58083,33.32684,10466,Very High
107314-7,SAYAKA,Mwanza,Magu,Dispensary,-2.52942,33.55529,11614,Very High
114585-3,MUDA,Mwanza,Magu,Dispensary,-2.55337,33.19613,4446,Moderate
112362-9,IKENGELE,Mwanza,Magu,Dispensary,-2.56676,33.13572,6486,High
114554-9,NYANG'HANGA,Mwanza,Magu,Dispensary,-2.69189,33.507895,11009,Very High
104441-1,MATALE,Mwanza,Magu,Dispensary,-2.51021,33.10762,7159,High
106465-8,NHOBOLA,Mwanza,Magu,Dispensary,-2.6879,33.67179,12894,Very High
114579-6,MUGANI,Mwanza,Magu,Dispensary,-2.41186,33.12161,4172,Moderate
114428-6,HONANZILA,Mwanza,Magu,Health Laboratory,-2.55831,33.02012,4915,Moderate
113360-2,NEW SHALOM,Mwanza,Magu,Health Laboratory,-2.55554,33.04689,413,Very Low
100581-8,BUSALANGA,Mwanza,Magu,Health Center,-2.64889,33.54692,9053,Very High
108356-7,WELAMASONGA,Mwanza,Magu,Dispensary,-2.57588,33.11337,6712,High
123420-2,MISAMBO,Mwanza,Magu,Dispensary,-2.60906,33.19398,6376,High
103763-9,LUTALE,Mwanza,Magu,Dispensary,-2.41223,33.08978,4982,Moderate
120991-5,BUKEREBE,Mwanza,Magu,Health Laboratory,-2.55269,33.02586,4185,Moderate
123352-7,MWAHULI,Mwanza,Magu,Dispensary,-2.54657,33.05036,9175,Very High
113314-9,SHIMANI,Mwanza,Magu,Health Laboratory,-2.59301,33.43594,4691,Moderate
107431-9,SHISHANI,Mwanza,Magu,Health Center,-2.75755,33.70395,9635,Very High
124262-7,DATTY,Mwanza,Magu,Health Laboratory,-2.55548,33.02594,2369,Low
114580-4,SALONG'WE,Mwanza,Magu,Dispensary,-2.66242,33.40204,8932,High
101925-6,ISOLO,Mwanza,Magu,Dispensary,-2.81383,33.69012,8115,High
100488-6,BUJASHI,Mwanza,Magu,Dispensary,-2.48544,33.0519,5118,Moderate
108684-2,KANYAMA,Mwanza,Magu,Dispensary,-2.56932,33.02935,4507,Moderate
110454-6,BUSEKWA,Mwanza,Magu,Dispensary,-2.52324,33.03202,7855,High
101634-4,IJINGA,Mwanza,Magu,Dispensary,-2.51014,33.34955,3008,Low
102932-1,KINANGO,Mwanza,Magu,Dispensary,-2.62798,33.36367,9094,Very High
106821-2,NYASATO,Mwanza,Magu,Dispensary,-2.72549,33.74733,13941,Very High
113363-6,NYANGUGE,Mwanza,Magu,Health Laboratory,-2.53867,33.20163,8634,High
103190-5,KITONGOSIMA,Mwanza,Magu,Dispensary,-2.52551,33.27998,2659,Low
109277-4,SESE,Mwanza,Magu,Dispensary,-2.44957,33.06198,5979,High
102696-2,KIGANGAMA,Mwanza,Magu,Dispensary,-2.52527,33.24631,5197,Moderate
123421-0,BUGANDO,Mwanza,Magu,Dispensary,-2.50079,33.17484,4334,Moderate
105860-1,MWAMANGA,Mwanza,Magu,Dispensary,-2.63399,33.28991,7716,High
121313-1,SOROMA,Mwanza,Magu,Clinic,-2.55359,33.04629,4891,Moderate
103092-3,KISESA B,Mwanza,Magu,Dispensary,-2.60468,33.2357,8221,High
124412-8,SALOME,Mwanza,Magu,Health Laboratory,-2.55635,33.04796,464,Very Low
106322-1,MWASHEPI,Mwanza,Magu,Dispensary,-2.68871,33.60394,8637,High
104007-0,MAHAHA,Mwanza,Magu,Dispensary,-2.78846,33.76712,13517,Very High
121284-4,NINA,Mwanza,Magu,Clinic,-2.55337,33.05752,3703,Low
101614-6,IHAYABUYAGA,Mwanza,Magu,Dispensary,-2.54702,33.11741,8459,High
108606-5,KABILA,Mwanza,Magu,Health Center,-2.72905,33.62637,7208,High
105845-2,MWAMABANZA,Mwanza,Magu,Dispensary,-2.69417,33.42112,5826,Moderate
103306-7,KONGOLO,Mwanza,Magu,Dispensary,-2.46169,33.13494,8983,High
103710-0,LUMEJI,Mwanza,Magu,Dispensary,-2.63946,33.52291,8083,High
107248-7,SALAMABUGATU,Mwanza,Magu,Dispensary,-2.58921,33.62186,12594,Very High
103937-9,MAGEREZA,Mwanza,Magu,Dispensary,-2.59777,33.45431,5980,High
122533-3,ST. JOHN PAUL THE SECOND,Mwanza,Magu,Dispensary,-2.561363,33.083601,4703,Moderate
123903-7,MAINSPRINGS: THE JBFC,Mwanza,Magu,Dispensary,-2.52492,33.29144,2052,Very Low
103991-6,MENNONITE,Mwanza,Magu,Dispensary,-2.59064,33.4445,2000,Very Low
103641-7,LUGEYE,Mwanza,Magu,Health Center,-2.55339,33.25216,11389,Very High
100426-6,BUBINZA,Mwanza,Magu,Dispensary,-2.54388,33.49942,8269,High
108626-3,KISESA,Mwanza,Magu,Dispensary,-2.55479,33.04593,2926,Low
111359-6,NYANGUGE PRINMAT,Mwanza,Magu,Maternity Home,-2.54265,33.20185,5263,Moderate
103990-8,MAGU,Mwanza,Magu,Hospital,-2.59371,33.43284,25719,Very High
110877-8,HURUMA,Mwanza,Magu,Dispensary,-2.72781,33.61844,9261,Very High
102102-1,Joseph Medical Care,Mwanza,Magu,Dispensary,-2.5927,33.44506,1282,Very Low
121108-5,MUGINI SCHOOLS,Mwanza,Magu,Health Laboratory,-2.59353,33.45054,3048,Low
101539-5,IGEKEMAJA,Mwanza,Magu,Dispensary,-2.59888,33.05013,8183,High
105795-9,MWABULENGA,Mwanza,Magu,Dispensary,-2.61802,33.54373,7151,High
121725-6,MJ MEDICS,Mwanza,Magu,Clinic,-2.5556195,33.0341877,9156,Very High
113348-7,GOOD HOPE,Mwanza,Magu,Health Laboratory,-2.59011,33.44661,2825,Low
110394-4,BUGABU,Mwanza,Magu,Dispensary,-2.53255,33.3884,4777,Moderate
112363-7,ISANGIJO,Mwanza,Magu,Dispensary,-2.55596,33.06565,7264,High
106775-0,NYANGUGE,Mwanza,Magu,Health Center,-2.53789,33.17568,6633,High
120722-4,BUJORA,Mwanza,Magu,Clinic,-2.56007,33.0495,12527,Very High
100731-9,CHANDULU,Mwanza,Magu,Dispensary,-2.6646,33.62365,9923,Very High
121615-9,DIVINE,Mwanza,Magu,Health Laboratory,-2.5944289,33.4425728,4005,Moderate
110975-0,KISESA A,Mwanza,Magu,Health Center,-2.55609,33.05046,2929,Low
100485-2,BUHUMBI,Mwanza,Magu,Dispensary,-2.67179,33.47696,9400,Very High
101564-3,IGOMBE,Mwanza,Magu,Dispensary,-2.7932,33.63705,9643,Very High
100021-5,514KJ,Njombe,Njombe,Dispensary,-8.83274,34.839154,11822,Very High
114052-4,KITISI,Njombe,Njombe,Dispensary,-8.84787,34.81345,3745,Low
120559-0,HOPE,Njombe,Njombe,Dispensary,-8.86035,34.82338,17523,Very High
104497-3,MAVANDE,Njombe,Njombe,Dispensary,-8.9882,34.75224,4319,Moderate
101347-3,HEKIMA,Njombe,Njombe,Dispensary,-8.84672,34.82337,827,Very Low
104717-4,MEDICARE,Njombe,Njombe,Clinic,-8.84676,34.82463,395,Very Low
121009-5,MARIE STOPES MAKAMBAKO,Njombe,Njombe,Clinic,-8.85598,34.82293,4160,Moderate
115246-1,IKWETE,Njombe,Njombe,Dispensary,-8.89291,34.76835,6253,High
108678-4,Manga,Njombe,Njombe,Dispensary,-8.90697,34.94894,4063,Moderate
111689-6,UPENDO .,Njombe,Njombe,Dispensary,-8.86174,34.82988,17450,Very High
104648-1,Mbugani,Njombe,Njombe,Dispensary,-8.83703,34.9437,5850,Moderate
115257-8,NYAMANDE,Njombe,Njombe,Dispensary,-8.82764,34.97003,2185,Low
102684-8,KIFUMBE,Njombe,Njombe,Dispensary,-8.93987,35.00594,5636,Moderate
115256-0,NGAMANGA,Njombe,Njombe,Dispensary,-8.91358,34.73259,4571,Moderate
122374-2,MAHONGOLE,Njombe,Njombe,Dispensary,-8.87787,34.95023,3786,Low
122232-2,MLOWE,Njombe,Njombe,Health Laboratory,-8.84511,34.82538,1230,Very Low
115249-5,MAGUVANI,Njombe,Njombe,Dispensary,-8.87434,34.86357,5654,Moderate
114051-6,Ibatu,Njombe,Njombe,Dispensary,-8.8763,35.05897,4546,Moderate
115254-5,MTANGA,Njombe,Njombe,Dispensary,-8.98112,35.04272,4104,Moderate
114337-9,LYAMKENA,Njombe,Njombe,Health Center,-8.90272,34.83877,18656,Very High
107600-9,ST. JOSEPH IKELU.,Njombe,Njombe,Hospital,-8.98953,34.82256,8614,High
122196-9,JS,Njombe,Njombe,Health Laboratory,-8.84484,34.82378,3253,Low
111873-6,AFYA MEDICARE,Njombe,Njombe,Health Center,-8.84159,34.83342,8348,High
122225-6,EBENEZER,Njombe,Njombe,Health Laboratory,-8.83914,34.83081,1654,Very Low
103157-4,KITANDILILO,Njombe,Njombe,Dispensary,-8.83267,35.05241,5657,Moderate
115255-2,UTENGULE,Njombe,Njombe,Dispensary,-8.94713,34.77922,5040,Moderate
104073-2,MAKAMBAKO RC,Njombe,Njombe,Dispensary,-8.85426,34.82951,5733,Moderate
104072-4,MAKAMBAKO .,Njombe,Njombe,Health Center,-8.84698,34.82684,2262,Low
114076-3,Makambako TC,Njombe,Njombe,Hospital,-8.87796,34.89368,7400,High
109324-4,NAZARETH,Njombe,Njombe,Health Center,-8.84084,34.80118,3538,Low
114053-2,Kilimahewa,Njombe,Njombe,Dispensary,-8.83633,34.80886,3645,Low
106224-9,ST. JOHN,Njombe,Njombe,Dispensary,-8.84894,34.82252,2578,Low
122220-7,HEKIMA,Njombe,Njombe,Health Laboratory,-8.84672,34.82337,827,Very Low
104556-6,MBALATSE,Njombe,Makete,Dispensary,-9.45547,34.38998,2698,Low
104262-1,MANG'OTO,Njombe,Makete,Dispensary,-9.291237,34.292274,2041,Very Low
102022-1,IVALALILA,Njombe,Makete,Dispensary,-9.21819,34.1019,2130,Very Low
103081-6,KISASATU,Njombe,Makete,Dispensary,-9.447776,34.45486,1629,Very Low
111587-2,NDULAMO,Njombe,Makete,Dispensary,-9.33719,34.1208793,36,Very Low
108200-7,UTANZIWA,Njombe,Makete,Dispensary,-9.310414,34.084741,1163,Very Low
108021-7,UGANGA,Njombe,Makete,Dispensary,-9.419332,34.145209,629,Very Low
104173-0,MALEUTSI,Njombe,Makete,Dispensary,-9.28527,34.12029,3365,Low
107674-4,SUNJI,Njombe,Makete,Dispensary,-9.54109,34.35462,1640,Very Low
108111-6,UNYANGALA,Njombe,Makete,Dispensary,-9.400384,34.043797,606,Very Low
102727-5,KIGULU,Njombe,Makete,Dispensary,-9.20591,33.84996,1365,Very Low
101431-5,IBAGA,Njombe,Makete,Dispensary,-9.230418,34.221451,674,Very Low
101557-7,IGOLWA,Njombe,Makete,Dispensary,-9.5213,34.28521,2329,Low
115306-3,MAHULU,Njombe,Makete,Dispensary,-9.35782,34.02275,1220,Very Low
101811-8,INIHO,Njombe,Makete,Dispensary,-9.27137,34.0228,2966,Low
108065-4,UKWAMA,Njombe,Makete,Dispensary,-9.45342,34.217715,1517,Very Low
101584-1,IGUMBILO,Njombe,Makete,Dispensary,-9.61751,34.35379,1785,Very Low
113146-5,Ilevelo,Njombe,Makete,Dispensary,-9.34591,34.14425,623,Very Low
104757-0,MFUMBI,Njombe,Makete,Dispensary,-8.8551,34.09608,4696,Moderate
101694-8,IKUWO,Njombe,Makete,Dispensary,-9.01511,34.0449,2872,Low
102691-3,KIGALA,Njombe,Makete,Dispensary,-9.07271,34.155029999999996,523,Very Low
121600-1,KIGALA LGA,Njombe,Makete,Dispensary,-9.07174,34.15506,1728,Very Low
113149-9,IHELA,Njombe,Makete,Dispensary,-9.33719,34.22653,811,Very Low
121468-3,BULONGWA,Njombe,Makete,Health Center,-9.31714,34.06824,2219,Low
104101-1,MAKETE,Njombe,Makete,Hospital,-9.255896,34.085487,10414,Very High
107595-1,ST. JOHNS,Njombe,Makete,Health Center,-8.97364,33.95181,1662,Very Low
103780-3,LUWUMBU,Njombe,Makete,Dispensary,-9.380198,34.11031,1360,Very Low
115305-5,KITULA,Njombe,Makete,Dispensary,-9.35782,34.02275,1220,Very Low
101891-0,ISAPULANO,Njombe,Makete,Dispensary,-9.189071,34.059247,2485,Low
100544-6,BULONGWA,Njombe,Makete,Hospital,-9.32676,34.04039,3366,Low
101472-9,IDENDE,Njombe,Makete,Dispensary,-9.35172,34.08271,3118,Low
113694-4,UGABWA,Njombe,Makete,Dispensary,-9.32227,34.13571,1375,Very Low
115310-5,UNYANGOGO,Njombe,Makete,Dispensary,-9.24887,34.03095,548,Very Low
104183-9,MALIWA,Njombe,Makete,Dispensary,-9.472713,34.321966,2557,Low
124120-7,YUDA,Njombe,Makete,Health Laboratory,-8.97618,33.95361,3630,Low
104444-5,MATAMBA,Njombe,Makete,Health Center,-8.97237,33.95736,4638,Moderate
121256-2,KITULO,Njombe,Makete,Health Center,-9.11464,33.99305,1260,Very Low
102023-9,IVILIKINGE,Njombe,Makete,Dispensary,-9.23885,34.0467,898,Very Low
101826-6,IPELELE,Njombe,Makete,Health Center,-9.243361,33.960592,3838,Low
103739-9,LUPILA,Njombe,Makete,Health Center,-9.573573,34.347818,2688,Low
115307-1,MISSIWA,Njombe,Makete,Dispensary,-9.35782,34.02275,1220,Very Low
102045-2,IYOKA,Njombe,Makete,Dispensary,-9.357827,34.022755,1100,Very Low
115313-9,NHUNGU,Njombe,Makete,Dispensary,-8.93574,33.95531,2548,Low
102768-9,KIJYOMBO,Njombe,Makete,Dispensary,-9.626513,34.292205,773,Very Low
103728-2,LUPALILO,Njombe,Makete,Health Center,-9.34432,34.17861,1437,Very Low
101667-4,CONSOLATA,Njombe,Makete,Hospital,-9.36961,34.23898,7432,High
108205-6,UTENGULE,Njombe,Makete,Dispensary,-9.39757,34.03007,752,Very Low
104080-7,MAKANGALAWE,Njombe,Makete,Dispensary,-9.337733,34.344379000000004,842,Very Low
105212-5,MLONDWE,Njombe,Makete,Dispensary,-8.998104,34.028168,4688,Moderate
108049-8,UJUNI,Njombe,Makete,Dispensary,-9.128895,34.014729,1505,Very Low
108493-8,NDAPO,Njombe,Makete,Dispensary,-8.956691,33.935608,2265,Low
121473-3,USUNGILO,Njombe,Makete,Dispensary,-9.31242,34.27748,1253,Very Low
121487-3,MATENGA,Njombe,Makete,Dispensary,-9.34676,34.17996,1121,Very Low
101775-5,ILUNGU,Njombe,Makete,Dispensary,-9.503776,34.364208,1781,Very Low
115309-7,MASISIWE,Njombe,Makete,Dispensary,-9.45341,34.21771,2980,Low
103194-7,KITULO,Njombe,Makete,Dispensary,-9.0903,33.90419,584,Very Low
108018-3,UGABWA,Njombe,Makete,Dispensary,-9.32237,34.13546,277,Very Low
113212-5,IMEHE,Njombe,Makete,Dispensary,-9.33881,34.10679,617,Very Low
101534-6,IGAWA,Morogoro,Ulanga,Dispensary,-8.8231,36.131100000000004,9922,Very High
107510-0,SOFI MAJIJI,Morogoro,Ulanga,Dispensary,-8.9295,36.266,14263,Very High
104180-5,MALINYI,Morogoro,Ulanga,Dispensary,-8.943996,36.134056,14462,Very High
124251-0,LUPUNGA,Morogoro,Ulanga,Dispensary,-9.02328,36.01781,2670,Low
121898-1,MADABADABA,Morogoro,Ulanga,Dispensary,-8.55999,36.40395,22987,Very High
102879-4,KILOSA MPEPO,Morogoro,Ulanga,Dispensary,-9.17605,36.011,6843,High
114652-1,MALINYI,Morogoro,Ulanga,Hospital,-8.93647,36.19492,30616,Very High
124248-6,USANGULE,Morogoro,Ulanga,Dispensary,-8.82246,36.25512,25920,Very High
121514-4,ITETE,Morogoro,Ulanga,Health Center,-8.66271,36.43945,3444,Low
103630-0,LUGALA,Morogoro,Ulanga,Hospital,-8.92424,36.13731,14415,Very High
105561-5,MTIMBIRA,Morogoro,Ulanga,Health Center,-8.78342,36.3667,31715,Very High
123791-6,KIPENYO,Morogoro,Ulanga,Dispensary,-8.75442,36.38722,10239,Very High
100374-8,BIRO,Morogoro,Ulanga,Dispensary,-8.88045,36.05455,7024,High
101621-1,IHOWANJA,Morogoro,Ulanga,Dispensary,-9.091278,36.0093,9775,Very High
101976-9,ITETE,Morogoro,Ulanga,Dispensary,-8.66453,36.4155,15420,Very High
113994-8,NGOHERANGA,Morogoro,Ulanga,Health Center,-9.01981,36.01861,2689,Low
121539-1,BIRO GVT,Morogoro,Ulanga,Dispensary,-8.88228,36.05531,6440,High
121618-3,MBALINYI,Morogoro,Ulanga,Dispensary,-8.96821,36.04194,11824,Very High
103140-0,KISWAGO,Morogoro,Ulanga,Dispensary,-8.90514,36.30295,10734,Very High
106392-4,NGOHERANGA RC,Morogoro,Ulanga,Dispensary,-9.03112,35.9994,14358,Very High
103020-4,KIPUTA,Morogoro,Ulanga,Dispensary,-8.93225,36.12755,7304,High
108483-9,TANGA,Morogoro,Ulanga,Dispensary,-9.01091,36.03883,7564,High
124250-2,ALABAMA,Morogoro,Ulanga,Dispensary,-8.64884,36.40456,10967,Very High
106406-2,NGOMBO,Morogoro,Ulanga,Dispensary,-9.02992,36.02849,2545,Low
107511-8,SOFI MISSION,Morogoro,Ulanga,Dispensary,-8.97732,36.3036,7087,High
123749-4,SMART CARE,Singida,Manyoni,Dispensary,-5.74995,34.82798,2346,Low
111492-5,MAARIFA,Singida,Manyoni,Dispensary,-5.75554,34.82585,6719,High
121807-2,SANZA,Singida,Manyoni,Health Center,-6.22295,35.12135,2022,Very Low
100800-2,CHIKOLA,Singida,Manyoni,Dispensary,-6.07974,34.84415,16220,Very High
124297-3,KASANII,Singida,Manyoni,Dispensary,-6.08972,34.72412,18113,Very High
111072-5,MVUMI,Singida,Manyoni,Dispensary,-5.91729,35.14368,12617,Very High
104321-5,MARIA MATHIAS,Singida,Manyoni,Health Center,-5.74776,34.84193,18472,Very High
103148-3,KITALALO,Singida,Manyoni,Dispensary,-5.82915,35.18451,7340,High
103545-0,LUSILILE,Singida,Manyoni,Dispensary,-5.89612,35.21562,6125,High
102847-1,KILIMATINDE,Singida,Manyoni,Hospital,-5.85823,34.95961,21219,Very High
113487-3,MWIBOO,Singida,Manyoni,Dispensary,-5.51345,35.03827,916,Very Low
124029-0,GM FARAJA,Singida,Manyoni,Dispensary,-5.75295,34.82765,4017,Moderate
102931-3,KINANGALI,Singida,Manyoni,Dispensary,-6.00706,34.59197,5698,Moderate
106613-3,NTUMBI,Singida,Manyoni,Dispensary,-6.26766,35.0711,7677,High
102968-5,KINTINKU,Singida,Manyoni,Health Center,-5.88728,35.2213,6264,High
104148-2,MAKUTUPORA,Singida,Manyoni,Dispensary,-5.7792,35.1141604,9186,Very High
107306-3,SASILO,Singida,Manyoni,Dispensary,-6.2616,34.8252,10931,Very High
106538-2,NKONKO,Singida,Manyoni,Health Center,-6.34581,34.96231,4410,Moderate
104066-6,MAJIRI,Singida,Manyoni,Dispensary,-6.04862,35.0151,10132,Very High
103577-3,LONDONI,Singida,Manyoni,Dispensary,-5.32031,35.0788,7452,High
101933-0,ISSEKE,Singida,Manyoni,Dispensary,-6.42847,35.02782,4773,Moderate
104284-5,Manyoni,Singida,Manyoni,Hospital,-5.747377,34.827929,8449,High
111067-5,MAGEREZA MANYONI,Singida,Manyoni,Dispensary,-5.74116,34.83762,14385,Very High
100801-0,CHIKOMBO,Singida,Manyoni,Dispensary,-6.16347,34.91047,9615,Very High
123777-5,MAGASAI,Singida,Manyoni,Dispensary,-5.82319,35.15431,2551,Low
120480-9,MAWENI,Singida,Manyoni,Dispensary,-5.954,35.1624,1509,Very Low
105448-5,Makuru,Singida,Manyoni,Dispensary,-5.52315,34.96488,10250,Very High
123045-7,MBWASA,Singida,Manyoni,Dispensary,-5.61005,35.13827,3576,Low
101345-7,HEKA,Singida,Manyoni,Dispensary,-6.07875,34.5226,1190,Very Low
123051-5,MUHALALA,Singida,Manyoni,Dispensary,-5.70731,34.97951,3288,Low
123033-3,CHISINGISA,Singida,Manyoni,Dispensary,-6.2907833,34.7872033,8227,High
100810-1,CHIKUYU,Singida,Manyoni,Dispensary,-5.51709,35.04425,1439,Very Low
101598-1,IGWAMADETE,Singida,Manyoni,Dispensary,-6.40926,35.1142,5895,High
120479-1,MASIGATI,Singida,Manyoni,Dispensary,-5.93691,36.07109,2838,Low
105384-2,MPOLA,Singida,Manyoni,Dispensary,-6.24213,34.9451,5457,Moderate
101362-2,HIKA,Singida,Manyoni,Dispensary,-5.619171,34.98391,7431,High
104077-3,MAKANDA,Singida,Manyoni,Dispensary,-5.68553,35.3249,7644,High
105168-9,MKWESE,Singida,Manyoni,Dispensary,-5.63984,34.8079,8214,High
124359-1,SOLYA,Singida,Manyoni,Dispensary,-7.08972,32.72412,2793,Low
124298-1,MAHAKA,Singida,Manyoni,Dispensary,-6.08972,35.09765,1423,Very Low
107301-4,SARANDA,Singida,Manyoni,Dispensary,-5.70731,34.9795,6570,High
107474-9,SIMBANGURU,Singida,Manyoni,Dispensary,-6.64238,35.0117,5632,Moderate
100782-2,CHIBUMAGWA,Singida,Manyoni,Health Center,-5.88113,34.59474,2787,Low
107655-3,SUKAMAHELA,Singida,Manyoni,Dispensary,-5.77736,35.0078,9892,Very High
101643-5,IKASI,Singida,Manyoni,Dispensary,-6.27831,35.2032,4486,Moderate
105349-5,MPAPA,Singida,Manyoni,Dispensary,-6.47831,35.0139,5522,Moderate
114570-5,CIBENAMBEBE,Singida,Manyoni,Dispensary,-6.1194,34.8627,13637,Very High
107297-4,SANZA,Singida,Manyoni,Dispensary,-6.3566,35.216,4408,Moderate
114408-8,ZENER VICTORY,Singida,Manyoni,Dispensary,-6.3567,35.215,4529,Moderate
123050-7,IGOSE,Singida,Manyoni,Dispensary,-5.95285,35.18954,5669,Moderate
107482-2,SINDANO,Mtwara,Masasi,Dispensary,-11.109014,39.058926,4080,Moderate
104592-1,MBEMBA,Mtwara,Masasi,Dispensary,-10.56958,38.95153,12519,Very High
107903-7,TULIZO,Mtwara,Masasi,Dispensary,-10.45696,39.09282,10038,Very High
121960-9,NGALOLE,Mtwara,Masasi,Dispensary,-10.75784,38.63065,4695,Moderate
106101-9,NAMALEMBO,Mtwara,Masasi,Dispensary,-10.75943,38.45839,5774,Moderate
113866-8,CHIWATA,Mtwara,Masasi,Dispensary,-10.62023,39.01454,6993,High
106100-1,NAMAJANI,Mtwara,Masasi,Dispensary,-10.72879,38.65121,9165,Very High
109258-4,MAJEMBE,Mtwara,Masasi,Dispensary,-10.74328,39.12561,2274,Low
103731-6,LUPASO,Mtwara,Masasi,Health Center,-10.94099,38.90046,6871,High
123787-4,MAPARAWE,Mtwara,Masasi,Dispensary,-11.13333,39.18333,2484,Low
106121-7,NAMBAYA,Mtwara,Masasi,Dispensary,-10.66061,38.65481,4650,Moderate
113778-5,JOAC,Mtwara,Masasi,Dispensary,-10.49819,39.02691,9011,High
105239-8,MNAVIRA,Mtwara,Masasi,Dispensary,-11.07554,39.25723,10090,Very High
103603-7,LUATALA,Mtwara,Masasi,Dispensary,-10.99769,39.08232,5946,High
121482-4,NDANDA,Mtwara,Masasi,Dispensary,-10.47725,39.03376,8688,High
121962-5,MPUTENI,Mtwara,Masasi,Dispensary,-10.83294,39.04983,4280,Moderate
106208-2,NASINDI,Mtwara,Masasi,Dispensary,-10.59167,38.85828,4257,Moderate
121998-9,CHIONDA,Mtwara,Masasi,Health Laboratory,-10.89211,38.98331,3929,Moderate
106195-1,NANYINDWA,Mtwara,Masasi,Dispensary,-10.63063,38.69677,7049,High
121961-7,NAMIHUNGO,Mtwara,Masasi,Dispensary,-10.36638,39.24161,6202,High
107571-2,ST. BENEDICTS,Mtwara,Masasi,Hospital,-10.49819,39.02691,9011,High
105366-9,MPETA,Mtwara,Masasi,Dispensary,-10.87475,38.94751,5173,Moderate
104997-2,MITESA,Mtwara,Masasi,Dispensary,-10.8939,39.1636,4357,Moderate
106148-0,ST. THERESIA,Mtwara,Masasi,Health Center,-11.033011,39.156211,10746,Very High
104894-1,MIJELEJELE,Mtwara,Masasi,Dispensary,-10.80844,39.01753,3658,Low
106115-9,NAMATUTWE,Mtwara,Masasi,Dispensary,-10.71112,38.5565,7957,High
100861-4,CHIWALE,Mtwara,Masasi,Health Center,-10.59045,38.61624,7761,High
100784-8,CHIDYA,Mtwara,Masasi,Dispensary,-10.62736,39.0211,3726,Low
100825-9,CHINGULUNGULU,Mtwara,Masasi,Dispensary,-10.7015,38.4978,3600,Low
105133-3,MKUMBULULU,Mtwara,Masasi,Dispensary,-11.0207,39.1227,2704,Low
108213-0,UTIMBE,Mtwara,Masasi,Dispensary,-11.03351,38.94711,5032,Moderate
120907-1,MPANYANI,Mtwara,Masasi,Dispensary,-10.54797,38.69374,3023,Low
122165-4,AMANICHIRORO,Mtwara,Masasi,Dispensary,-10.79424,38.62296,8842,High
120794-3,CHIKUNDI,Mtwara,Masasi,Health Center,-10.50118,38.99095,3061,Low
113932-8,MASASI,Mtwara,Masasi,Hospital,-10.92228,39.04015,3305,Low
103959-3,MAGEREZA NAMAJANI,Mtwara,Masasi,Dispensary,-10.72237,38.61907,4910,Moderate
104672-1,MBUYUNI,Mtwara,Masasi,Dispensary,-10.910363,39.04495,4670,Moderate
104126-8,MAKONG'ONDA,Mtwara,Masasi,Dispensary,-11.02657,39.25684,10421,Very High
120795-0,MNOLELA,Mtwara,Masasi,Dispensary,-10.83629,39.07719,4164,Moderate
100805-1,CHIKOWETI,Mtwara,Masasi,Dispensary,-10.6779,38.657470000000004,4318,Moderate
104299-3,MAPILI,Mtwara,Masasi,Dispensary,-11.04812,39.34164,8471,High
106186-0,NANJOTA,Mtwara,Masasi,Dispensary,-10.81821,38.97701,4848,Moderate
106068-0,NAGAGA,Mtwara,Masasi,Health Center,-10.9007,39.1072,12060,Very High
123950-8,SUZAN,Mtwara,Masasi,Dispensary,-10.62023,39.01454,6993,High
106158-9,NAMWANGA,Mtwara,Masasi,Dispensary,-10.76056,39.02797,10635,Very High
107917-7,TUMAINI,Mtwara,Masasi,Dispensary,-10.52722,38.96964,7206,High
105135-8,MKUNDI AMANI,Mtwara,Masasi,Dispensary,-10.76921,39.09895,8144,High
112978-2,SUZANA,Mtwara,Masasi,Health Laboratory,-10.60185,38.89653,10755,Very High
100808-5,CHIKUNJA,Mtwara,Masasi,Dispensary,-10.62963,38.81431,7951,High
111778-7,MWENA,Mtwara,Masasi,Dispensary,-10.507852,39.00902,6750,High
103694-6,LUKULEDI,Mtwara,Masasi,Health Center,-10.56354,38.80088,13373,Very High
123094-5,MCHOPA,Mtwara,Masasi,Dispensary,-10.59047,38.61626,2984,Low
104890-9,MIHIMA,Mtwara,Masasi,Dispensary,-10.51967,38.67662,2165,Low
100858-0,CHIUNGUTWA,Mtwara,Masasi,Health Center,-10.8917,38.99146,4479,Moderate
122783-4,MAKANYAMA,Mtwara,Masasi,Dispensary,-10.86557,38.90186,2999,Low
103704-3,LULINDI,Mtwara,Masasi,Dispensary,-10.8516,39.1257,9928,Very High
121477-4,NJAWALA,Mtwara,Masasi,Dispensary,-10.89409,38.90045,862,Very Low
106173-8,NANGANGA,Mtwara,Masasi,Dispensary,-10.4062,39.1859,7162,High
105127-5,MKULULU,Mtwara,Masasi,Dispensary,-10.79555,39.10167,3608,Low
123949-0,LULANGA,Mtwara,Masasi,Dispensary,-10.46251,39.43411,2909,Low
100844-0,Chisegu,Mtwara,Masasi,Dispensary,-10.68222,38.88448,13249,Very High
123282-6,NEIFA,Mtwara,Masasi,Health Laboratory,-10.72571,38.80574,5997,High
100806-9,CHIKUMBA,Mtwara,Masasi,Dispensary,-10.73525,38.8056,2831,Low
101018-0,DR. MWAMBE,Mtwara,Masasi,Health Center,-10.73775,38.80922,5438,Moderate
122523-4,MATAWALE,Mtwara,Masasi,Dispensary,-10.78103,38.77565,9567,Very High
120463-5,NANGOSE,Mtwara,Masasi,Dispensary,-10.6887,38.7842,10976,Very High
105679-5,MUMBAKA,Mtwara,Masasi,Dispensary,-10.800840000000001,38.90595,6911,High
122522-6,NAPUPA,Mtwara,Masasi,Dispensary,-10.50181,38.55901,2922,Low
111697-9,LIGULA MEDICAL,Mtwara,Masasi,Dispensary,-10.72522,38.8106,3476,Low
121027-7,UPANGA,Mtwara,Masasi,Dispensary,-10.73871,38.80668,1477,Very Low
111401-6,SILABU,Mtwara,Masasi,Dispensary,-10.7429,38.821040000000004,7837,High
111216-8,STEPHANIA,Mtwara,Masasi,Dispensary,-10.694325,38.847709,3542,Low
105151-5,MKUTI,Mtwara,Masasi,Dispensary,-10.7208,38.8174,937,Very Low
104627-5,MBONDE,Mtwara,Masasi,Health Center,-10.73878,38.74775,10198,Very High
120402-3,KIDIBO,Mtwara,Masasi,Health Center,-10.72085,38.81746,544,Very Low
105093-9,MKOMAINDO,Mtwara,Masasi,Hospital,-10.7319,38.796,14833,Very High
105533-4,MTANDI,Mtwara,Masasi,Dispensary,-10.71358,38.83079,11450,Very High
111696-1,NDANDA GROUP,Mtwara,Masasi,Dispensary,-10.72681,38.8172,7690,High
123311-3,KAUMU,Mtwara,Masasi,Health Laboratory,-10.72281,38.81445,2077,Very Low
111217-6,VICTORIA   HEALTH  SERVICES,Mtwara,Masasi,Dispensary,-10.72013,38.81947,6580,High
109259-2,BEST HEALTH SERVICES,Mtwara,Masasi,Dispensary,-10.73871,38.80667,4698,Moderate
104140-9,MAKULANI,Mtwara,Masasi,Dispensary,-10.80153,38.682567,7042,High
106114-2,NAMATUNU,Mtwara,Masasi,Dispensary,-10.74883,38.891929,7061,High
109260-0,GEREZA MASASI,Mtwara,Masasi,Dispensary,-10.72848,38.80424,2621,Low
101690-6,IKUNGULYANKOMA,Simiyu,Maswa,Dispensary,-3.11358,34.12969,3340,Low
107426-9,SHINYANGAMWENGE,Simiyu,Maswa,Dispensary,-3.54014,34.0256,4055,Moderate
101593-2,IGUNYA,Simiyu,Maswa,Dispensary,-2.89007,33.55495,5694,Moderate
113410-5,KIDABU,Simiyu,Maswa,Dispensary,-2.90232,33.50963,7603,High
101036-2,DULUNG'WA,Simiyu,Maswa,Dispensary,-3.06518,33.6836,8783,High
101263-2,GULA,Simiyu,Maswa,Dispensary,-3.44844,33.98273,4656,Moderate
102152-6,KADOTO,Simiyu,Maswa,Dispensary,-2.95195,33.66369,4463,Moderate
101828-2,IPILILO,Simiyu,Maswa,Dispensary,-3.08093,34.0911,8304,High
107433-5,SHISHIYU,Simiyu,Maswa,Dispensary,-2.95221,33.6024,9230,Very High
105791-8,MWABOMBA,Simiyu,Maswa,Dispensary,-3.48411,33.76236,6603,High
100990-1,DODOMA,Simiyu,Maswa,Dispensary,-3.06547,33.78331,12308,Very High
100447-2,BUGARAMA,Simiyu,Maswa,Dispensary,-3.29805,33.72516,10033,Very High
122777-6,KIZUNGU,Simiyu,Maswa,Dispensary,-3.18305,33.78111,3190,Low
114715-6,MWATUMBE,Simiyu,Maswa,Dispensary,-2.90719,33.59445,4344,Moderate
104198-7,MALYA,Simiyu,Maswa,Dispensary,-2.98844,33.5252,3526,Low
105788-4,MWABAYANDA,Simiyu,Maswa,Health Center,-3.04832,33.64013,7383,High
104433-8,MASWA SEC,Simiyu,Maswa,Dispensary,-3.1987,33.80271,10484,Very High
114569-7,WIGELEKELO,Simiyu,Maswa,Dispensary,-3.284203,33.579656,7707,High
105965-8,MWASAYI,Simiyu,Maswa,Health Center,-3.34516,33.69001,7955,High
123682-7,TUMAINI,Simiyu,Maswa,Health Laboratory,-3.13989,33.52482,11396,Very High
100598-2,BUSHASHI,Simiyu,Maswa,Dispensary,-3.1236,34.0087,8180,High
107363-4,SENANI,Simiyu,Maswa,Dispensary,-3.17386,34.06005,6288,High
108410-2,ZEBEYA,Simiyu,Maswa,Dispensary,-3.2015,34.01638,4455,Moderate
122996-2,JERUSAREM MAABARA,Simiyu,Maswa,Health Laboratory,-2.95261,33.66611,7295,High
100431-6,BUDEKWA,Simiyu,Maswa,Dispensary,-3.43811,33.81575,14418,Very High
107280-0,SANGAMWALUGESHA,Simiyu,Maswa,Dispensary,-3.41741,34.09796,6478,High
110953-7,ISANGA,Simiyu,Maswa,Dispensary,-3.25155,33.63381,10113,Very High
101709-4,ILAMATA,Simiyu,Maswa,Dispensary,-3.11345,33.63135,14332,Very High
121260-4,NJIAPANDA,Simiyu,Maswa,Dispensary,-3.20555,33.60251,13160,Very High
123681-9,LEMELO,Simiyu,Maswa,Health Laboratory,-3.16737,33.78283,11027,Very High
113416-2,MWABADIMI,Simiyu,Maswa,Dispensary,-3.24229,34.03331,7774,High
108353-4,WAZAZI-BINZA,Simiyu,Maswa,Dispensary,-3.18344,33.77966,3282,Low
102930-5,KINAMWIGULU,Simiyu,Maswa,Dispensary,-3.09268,33.7193,6750,High
106824-6,NYASHIMBA,Simiyu,Maswa,Dispensary,-3.25865,33.91482,9955,Very High
105810-6,MWAGALA,Simiyu,Maswa,Dispensary,-3.18444,33.77995,4122,Moderate
102083-3,JIJA,Simiyu,Maswa,Dispensary,-2.85265,33.61258,7458,High
109208-9,MASWA,Simiyu,Maswa,Hospital,-3.1858,33.78252,6045,High
107318-8,SAYUSAYU,Simiyu,Maswa,Dispensary,-3.17133,33.73315,12739,Very High
110955-2,MWABAGALU,Simiyu,Maswa,Dispensary,-3.03391,33.50819,6547,High
101680-7,MWANDETE,Simiyu,Maswa,Dispensary,-3.48218,34.0082,6166,High
105375-0,MPINDO,Simiyu,Maswa,Dispensary,-3.36943,34.03925,6188,High
104386-8,MASANWA,Simiyu,Maswa,Dispensary,-3.33331,33.78888,15369,Very High
121300-8,BARIKIWA,Simiyu,Maswa,Dispensary,-3.17485,33.77359,8570,High
115260-2,ISULILO,Simiyu,Maswa,Dispensary,-3.12138,33.39514,3994,Moderate
103453-7,LALAGO,Simiyu,Maswa,Health Center,-3.4515,33.94558,10500,Very High
105929-4,MWANG'HONOLI,Simiyu,Maswa,Dispensary,-3.01316,33.59545,6832,High
101710-2,ILAMBAMBASA,Simiyu,Maswa,Dispensary,-3.14953,34.10192,3438,Low
105650-6,BADI,Simiyu,Maswa,Dispensary,-3.23001,33.519,14177,Very High
105971-6,MWASHEGESHI,Simiyu,Maswa,Dispensary,-3.11209,33.9079,7359,High
114537-4,IGONGWA,Simiyu,Maswa,Dispensary,-3.22312,33.87172,13063,Very High
105859-3,MWAMANENGE,Simiyu,Maswa,Dispensary,-3.20164,33.9685,5702,Moderate
104394-2,MASELA,Simiyu,Maswa,Dispensary,-3.32792,33.63529,7484,High
105887-4,MWAMITUMAI,Simiyu,Maswa,Dispensary,-3.11885,34.07119,5378,Moderate
122997-0,MASWA    CENTER,Simiyu,Maswa,Health Laboratory,-3.44757,33.95158,4379,Moderate
104182-1,MALITA,Simiyu,Maswa,Dispensary,-3.0835,33.87336,8035,High
107372-5,SENG'WA,Simiyu,Maswa,Dispensary,-3.42211,33.70399,9707,Very High
114714-9,MALYA PRISON,Simiyu,Maswa,Dispensary,-2.985741,33.524435,358,Very Low
115258-6,MWABAYANDA M,Simiyu,Maswa,Dispensary,-3.09062,33.52537,5765,Moderate
104162-3,MALAMPAKA,Simiyu,Maswa,Health Center,-3.14416,33.51435,7199,High
107660-3,SULU,Simiyu,Maswa,Dispensary,-3.34553,33.94537,13393,Very High
108542-2,KIDAGANDA,Simiyu,Maswa,Dispensary,-3.32254,34.03354,6939,High
105880-9,MWABULIMBU,Simiyu,Maswa,Dispensary,-3.06591,33.56612,6074,High
106432-8,NGULIGULI,Simiyu,Maswa,Dispensary,-3.1325,33.95647,7514,High
101533-8,IGAWA,Mbeya,Mbarali,Dispensary,-8.76661,34.3823,15400,Very High
111318-2,MPOLO,Mbeya,Mbarali,Dispensary,-8.74442,33.908614,3301,Low
101601-3,IHAHI MISSION,Mbeya,Mbarali,Dispensary,-8.78529,34.08233,5419,Moderate
105732-2,MUUNGANO,Mbeya,Mbarali,Dispensary,-8.576645,34.457216,5140,Moderate
100024-9,A AND A,Mbeya,Mbarali,Dispensary,-8.67632,34.304,4552,Moderate
122957-4,MAGIGIWE,Mbeya,Mbarali,Dispensary,-8.32951,34.70961,4210,Moderate
122672-9,CATH MEDICAL,Mbeya,Mbarali,Health Laboratory,-8.66702,34.33005,6712,High
111526-0,ITAMBOLEO,Mbeya,Mbarali,Dispensary,-8.3324,33.9372,0,Very Low
110795-2,MAGEREZA,Mbeya,Mbarali,Dispensary,-8.683116,34.373105,8935,High
105227-3,MLUNGU,Mbeya,Mbarali,Dispensary,-8.5851,34.6679,4738,Moderate
109511-6,IMALILO SONGWE,Mbeya,Mbarali,Dispensary,-8.61328,34.25666,19993,Very High
103779-5,LUWANGO,Mbeya,Mbarali,Dispensary,-8.356,34.404,851,Very Low
104517-8,MAWINDI,Mbeya,Mbarali,Health Center,-8.68548,34.47815,4348,Moderate
101917-3,ISITU,Mbeya,Mbarali,Dispensary,-8.85471,34.0118,20064,Very High
104804-0,MHIMBIRA,Mbeya,Mbarali,Health Center,-8.85561,34.03131,9811,Very High
101941-3,ISUNURA,Mbeya,Mbarali,Dispensary,-8.62823,34.4177,2775,Low
113784-3,PENTEKOSTE,Mbeya,Mbarali,Dispensary,-8.67235210374,34.307034,5398,Moderate
104030-2,MAHONGOLE,Mbeya,Mbarali,Dispensary,-8.75725,33.70186,8984,High
122958-2,MATEBETE,Mbeya,Mbarali,Dispensary,-8.33241,33.93721,583,Very Low
115207-3,ST. BONIPHANCE MADIBIRA MISSION,Mbeya,Mbarali,Dispensary,-8.1254,34.4951,1665,Very Low
109622-1,UTENGULE USANGU,Mbeya,Mbarali,Health Center,-8.67629,33.86412,8372,High
101842-3,IPWANI,Mbeya,Mbarali,Dispensary,-8.66616,34.6616,5579,Moderate
120697-8,CHIMALA,Mbeya,Mbarali,Health Center,-8.84027,34.01556,1388,Very Low
112600-2,BARAKA,Mbeya,Mbarali,Health Laboratory,-8.86125,34.03347,7838,High
109690-8,MAPOGORO,Mbeya,Mbarali,Dispensary,-8.329502,34.709611,4957,Moderate
110794-5,KONGOLO MSWISWI,Mbeya,Mbarali,Dispensary,-8.774559,33.791211,3163,Low
111725-8,MBALINO,Mbeya,Mbarali,Dispensary,-8.33232,33.93712,2022,Very Low
101602-1,IHAHI,Mbeya,Mbarali,Dispensary,-8.790693,34.083233,1942,Very Low
105450-1,MSESULE,Mbeya,Mbarali,Dispensary,-8.75319,34.259531,3404,Low
104458-5,MATEMELA,Mbeya,Mbarali,Dispensary,-8.671283,34.60388,7783,High
109745-0,MABADAGA,Mbeya,Mbarali,Dispensary,-8.801239,34.221412,7268,High
107147-1,RUIWA,Mbeya,Mbarali,Dispensary,-8.76656,33.63952,9762,Very High
111651-6,NYAKAZOMBE,Mbeya,Mbarali,Dispensary,-8.285797,34.74795,8600,High
111718-3,MALAMBA,Mbeya,Mbarali,Dispensary,-8.72254,33.65655,2158,Low
104571-5,RUJEWA,Mbeya,Mbarali,Health Center,-8.71104,34.37474,17419,Very High
121454-3,IHEHA,Mbeya,Mbarali,Dispensary,-8.76689,33.75227,2086,Very Low
123304-8,SANGULAE,Mbeya,Mbarali,Health Laboratory,-8.75547,34.38726,823,Very Low
104306-6,MAPOGORO,Mbeya,Mbarali,Health Center,-8.81484,34.20214,1413,Very Low
107988-8,UBARUKU,Mbeya,Mbarali,Dispensary,-8.66668,34.316678,7550,High
111719-1,AZIMIO MSWISWI,Mbeya,Mbarali,Dispensary,-8.77455,33.79121,3055,Low
123309-7,VIVIANI,Mbeya,Mbarali,Health Laboratory,-8.82588,33.85386,17755,Very High
101961-1,ITAMBA,Mbeya,Mbarali,Dispensary,-8.72022,34.22225,5959,High
121453-5,MWANAVALA,Mbeya,Mbarali,Dispensary,-8.76689,33.75227,2086,Very Low
101595-7,IGURUSI,Mbeya,Mbarali,Health Center,-8.82448,33.8518,6706,High
102811-7,KILAMBO,Mbeya,Mbarali,Dispensary,-8.62312,33.76513,7761,High
100816-8,CHIMALA MISSION,Mbeya,Mbarali,Hospital,-8.8627,34.0329,3696,Low
123883-1,ETHAN,Mbeya,Mbarali,Health Laboratory,-8.67105,34.30275,11731,Very High
111716-7,LUHANGA,Mbeya,Mbarali,Dispensary,-8.62199,33.8859,7595,High
124319-5,NYANGE MEDICAL,Mbeya,Mbarali,Health Laboratory,-8.21818,34.84295,5724,Moderate
111183-0,MANIENGA,Mbeya,Mbarali,Dispensary,-8.6653426,34.4470079,5515,Moderate
121452-7,MUWALE,Mbeya,Mbarali,Dispensary,-8.76689,33.75227,2086,Very Low
109573-6,WIMBA MAHANGO,Mbeya,Mbarali,Dispensary,-8.722,33.65655,8428,High
106845-1,NYEREGETE,Mbeya,Mbarali,Dispensary,-8.618517,34.346029,9235,Very High
123014-3,RAFIKI,Mbeya,Mbarali,Health Laboratory,-8.73977,33.78773,3966,Moderate
107478-0,SIMIKE,Mbeya,Mbarali,Dispensary,-8.71001,33.8084,7094,High
101762-3,ILONGO,Mbeya,Mbarali,Dispensary,-8.7948,33.7089,4761,Moderate
121455-0,NYAKADETE,Mbeya,Mbarali,Dispensary,-8.76689,33.75227,2086,Very Low
111721-7,MKANDAMI,Mbeya,Mbarali,Dispensary,-8.74442,33.90862,6489,High
101532-0,IGAVA,Mbeya,Mbarali,Dispensary,-8.577894,34.478264,4363,Moderate
106586-1,NSONYANGA,Mbeya,Mbarali,Dispensary,-8.76689,33.75227,2086,Very Low
108036-5,UHAMBULE,Mbeya,Mbarali,Dispensary,-8.82445,33.85182,5675,Moderate
107148-9,RUJEWA MUSLIM,Mbeya,Mbarali,Dispensary,-8.704424,34.375312,24657,Very High
124123-1,MBISSA,Mbeya,Mbarali,Health Laboratory,-8.77269,33.78241,5480,Moderate
111627-6,MADUNDASI,Mbeya,Mbarali,Dispensary,-8.443812,33.879146,7206,High
108067-0,UKWAVILA,Mbeya,Mbarali,Dispensary,-8.713735,34.158419,11642,Very High
104671-3,MBUYUNI,Mbeya,Mbarali,Dispensary,-8.83292,34.1852,6890,High
121671-2,KONGOLO QUARRY,Mbeya,Mbarali,Dispensary,-8.77455,33.79121,3055,Low
108220-5,UTURO,Mbeya,Mbarali,Dispensary,-8.80331,34.1388,9227,Very High
112098-9,KAPUNGA,Mbeya,Mbarali,Dispensary,-8.68967,34.05553,16592,Very High
121451-9,MAHONGOLE,Mbeya,Mbarali,Health Center,-8.76689,33.75227,2086,Very Low
103850-4,MADIBIRA,Mbeya,Mbarali,Health Center,-8.21213,34.7956,14255,Very High
104010-4,MAHANGO MSWISWI,Mbeya,Mbarali,Dispensary,-8.780376,33.783233,4646,Moderate
111724-1,KIBAONI,Mbeya,Mbarali,Dispensary,-8.808766,34.0775091,2502,Low
101655-9,IKOGA MPYA,Mbeya,Mbarali,Dispensary,-8.2034,34.84099,2958,Low
115154-7,MBARALI,Mbeya,Mbarali,Hospital,-8.7520139,34.3867176,5529,Moderate
122956-6,IWALANJE,Mbeya,Mbarali,Dispensary,-8.57789,34.47826,2929,Low
122435-1,SOWETO,Mbeya,Mbarali,Dispensary,-8.76688,33.75226,2790,Low
106694-3,NYAMAKUYU,Mbeya,Mbarali,Dispensary,-8.15383,34.86446,7082,High
103852-0,MADIBIRA SMALL HOLDER,Mbeya,Mbarali,Dispensary,-8.201,34.8175,4559,Moderate
111722-5,IKANUTWA,Mbeya,Mbarali,Dispensary,-8.5993815,34.4046077,4705,Moderate
102318-3,KANGAGA,Mbeya,Mbarali,Dispensary,-8.76362,34.5025,7678,High
100884-6,CHOSI A,Mbeya,Mbarali,Dispensary,-8.8367,34.0643,2829,Low
108045-6,ST.BAKHITA,Mbeya,Mbarali,Health Center,-8.68181,34.31223,13102,Very High
107065-5,RC IYUNGA,Mbeya,Mbeya,Health Center,-8.92595,33.40546,9376,Very High
120888-3,BANK OF TANZANIA,Mbeya,Mbeya,Clinic,-8.90667,33.44552,2144,Low
124440-9,GS,Mbeya,Mbeya,Health Laboratory,-8.91281,33.54281,4671,Moderate
107335-2,SDA,Mbeya,Mbeya,Dispensary,-8.87698,33.45496,1442,Very Low
114096-1,MBEYA TBL,Mbeya,Mbeya,Dispensary,-8.93746,33.40551,5493,Moderate
124449-0,MANONGA,Mbeya,Mbeya,Clinic,-8.56491,33.30471,212,Very Low
102031-2,IWAMBI,Mbeya,Mbeya,Dispensary,-8.92118,33.37757,12072,Very High
102253-2,KALOBE,Mbeya,Mbeya,Maternity and Nursing Home,-8.92347,33.42175,5084,Moderate
112051-8,TUMAINI OBGY,Mbeya,Mbeya,Clinic,-8.90401,33.44215,4827,Moderate
112381-9,ST ELIZABETH SPECIALIZED,Mbeya,Mbeya,Clinic,-8.89535,33.44752,5174,Moderate
111304-2,FARAJA,Mbeya,Mbeya,Maternity and Nursing Home,-8.90362,33.54393,3245,Low
111637-5,NEHI,Mbeya,Mbeya,Dispensary,-8.90884,33.49834,3566,Low
110992-5,SILOAM,Mbeya,Mbeya,Maternity and Nursing Home,-8.89164,33.46972,22913,Very High
104345-4,MARIE STOPES,Mbeya,Mbeya,Dispensary,-8.91443,33.469970000000004,1196,Very Low
121286-9,ST JOHN,Mbeya,Mbeya,Dispensary,-8.9094,33.4608,307,Very Low
113732-2,IDUDA,Mbeya,Mbeya,Dispensary,-8.9344,33.55682,13713,Very High
122729-7,LIFETIME,Mbeya,Mbeya,Clinic,-8.909401,33.4594,1261,Very Low
120573-1,GIVES,Mbeya,Mbeya,Clinic,-8.9118,33.4803,6872,High
110740-8,MZUMBE UNIVERSITY MBEYA,Mbeya,Mbeya,Dispensary,-8.9087,33.44706,2216,Low
109791-4,MARANATHA,Mbeya,Mbeya,Dispensary,-8.91104,33.46431,404,Very Low
102048-6,IYUNGA,Mbeya,Mbeya,Health Center,-8.93656,33.42447,7311,High
123467-3,LIANA MBEYA,Mbeya,Mbeya,Clinic,-8.91441,33.46991,930,Very Low
110995-8,AFANA EYE CARE,Mbeya,Mbeya,Clinic,-8.89592,33.44146,1455,Very Low
110952-9,KAPOMBE,Mbeya,Mbeya,Dispensary,-8.91871,33.41432,6559,High
112593-9,BONNY,Mbeya,Mbeya,Health Laboratory,-8.90165,33.54175,416,Very Low
123265-1,CURA,Mbeya,Mbeya,Health Laboratory,-8.90191,33.54381,1098,Very Low
112972-5,M. OPTICAL CARE,Mbeya,Mbeya,Clinic,-8.9106,33.4577,1348,Very Low
110989-1,NEW VICTORIA,Mbeya,Mbeya,Dispensary,-8.89025,33.51447,26777,Very High
122198-5,ELIIS,Mbeya,Mbeya,Health Laboratory,-8.90663,33.43387,9335,Very High
112055-9,MARANATHA,Mbeya,Mbeya,Hospital,-8.9107,33.45813,311,Very Low
102003-1,ITUHA,Mbeya,Mbeya,Dispensary,-8.93127,33.50536,13389,Very High
100902-6,CITY,Mbeya,Mbeya,Clinic,-8.91385,33.41107,4416,Moderate
100053-8,AGA KHAN,Mbeya,Mbeya,Clinic,-8.89312,33.44157,634,Very Low
120977-4,UWATA,Mbeya,Mbeya,Clinic,-8.92525,33.48247,6689,High
121599-5,FINE CARE,Mbeya,Mbeya,Health Laboratory,-8.91536,33.4799,3674,Low
120258-9,LWISU,Mbeya,Mbeya,Dispensary,-8.91813,33.45657,20291,Very High
110910-7,PARADISE,Mbeya,Mbeya,Dispensary,-8.90199,33.54245,365,Very Low
114103-5,JUPITER OBS/GYN,Mbeya,Mbeya,Clinic,-8.9226,33.42661,381,Very Low
101974-4,ITENSA,Mbeya,Mbeya,Dispensary,-8.8903199999999991,33.54758,37889,Very High
122184-5,MT.,Mbeya,Mbeya,Health Laboratory,-8.91113,33.46811,864,Very Low
114656-2,LWISU,Mbeya,Mbeya,Dispensary,-8.91331,33.47763,2326,Low
112446-0,Hope,Mbeya,Mbeya,Clinic,-8.89579,33.44096,1991,Very Low
123694-2,JAY'S,Mbeya,Mbeya,Health Laboratory,-8.53589,33.26566,24,Very Low
112589-7,MBANGA,Mbeya,Mbeya,Health Laboratory,-8.91001,33.46445,602,Very Low
112986-5,KABWE EYE WEAR,Mbeya,Mbeya,Clinic,-8.91167,33.46497,844,Very Low
105033-5,KOREA,Mbeya,Mbeya,Clinic,-8.91129,33.47045,669,Very Low
111636-7,UWATA,Mbeya,Mbeya,Hospital,-8.92557,33.48356,1659,Very Low
101530-4,IGANZO,Mbeya,Mbeya,Dispensary,-8.8935,33.46228,10710,Very High
124007-6,SINAI,Mbeya,Mbeya,Dispensary,-8.91843,33.40511,4518,Moderate
101970-2,ITENDE,Mbeya,Mbeya,Dispensary,-8.90539,33.40045,5302,Moderate
109734-4,KIDELE,Mbeya,Mbeya,Dispensary,-8.92049,33.48351,5905,High
122545-7,KIM-GOLDEN,Mbeya,Mbeya,Clinic,-8.91246,33.84256,344,Very Low
104603-6,MBEYA,Mbeya,Mbeya,Dispensary,-8.90883,33.45247,2829,Low
123696-7,MAPAMBANO,Mbeya,Mbeya,Health Laboratory,-8.54589,33.27599,1,Very Low
108516-6,SAE,Mbeya,Mbeya,Dispensary,-8.91236,33.49422,6071,High
122145-6,M'S,Mbeya,Mbeya,Health Laboratory,-8.92122,33.42757,996,Very Low
101829-0,IPINDA,Mbeya,Mbeya,Dispensary,-8.91027,33.46217,1061,Very Low
113733-0,ITIJI,Mbeya,Mbeya,Dispensary,-8.90017,33.43292,6355,High
110739-0,JAY JAY,Mbeya,Mbeya,Maternity Home,-8.90224,33.4629,9653,Very High
101951-2,ITAGANO,Mbeya,Mbeya,Health Center,-8.83446,33.46171,6567,High
112601-0,ITUHA,Mbeya,Mbeya,Health Laboratory,-8.93177,33.50745,10240,Very High
123884-9,GOOD HOPE,Mbeya,Mbeya,Health Laboratory,-8.55611,33.29151,405,Very Low
108033-2,UHAI BAPTIST,Mbeya,Mbeya,Health Center,-8.9081,33.46854,4790,Moderate
121570-6,ITUHA AFYA CARE,Mbeya,Mbeya,Health Laboratory,-8.9087,33.50171,2925,Low
123607-4,GMCL,Mbeya,Mbeya,Dispensary,-8.72555,33.34375,979,Very Low
111698-7,ST CLARA,Mbeya,Mbeya,Dispensary,-8.94035,33.38889,6336,High
107790-8,TAZARA,Mbeya,Mbeya,Dispensary,-8.92888,33.41579,7223,High
122855-0,MWAKIBETE,Mbeya,Mbeya,Health Center,-8.93051,33.48873,12129,Very High
101535-3,IGAWILO,Mbeya,Mbeya,Hospital,-8.92339,33.56938,18356,Very High
120926-1,NDANYELA,Mbeya,Mbeya,Dispensary,-8.92297,33.42733,2830,Low
104598-8,FAMILY CARE,Mbeya,Mbeya,Clinic,-8.89348,33.44071,874,Very Low
123744-5,AXIA,Mbeya,Mbeya,Clinic,-8.54023,33.84363,3241,Low
123015-0,HOPE,Mbeya,Mbeya,Health Laboratory,-8.90921,33.46891,768,Very Low
100796-2,CHIHEKO,Mbeya,Mbeya,Clinic,-8.89311,33.44311,2779,Low
101116-2,F.F.U,Mbeya,Mbeya,Dispensary,-8.90058,33.44593,1638,Very Low
104601-0,MBEYA,Mbeya,Mbeya,Hospital,-8.8873,33.4387,2731,Low
110909-9,OZZANNE,Mbeya,Mbeya,Dispensary,-8.91162,33.4718,1589,Very Low
104602-8,MBEYA,Mbeya,Mbeya,Hospital,-8.91479,33.44595,10766,Very High
114655-4,SMILE,Mbeya,Mbeya,Clinic,-8.89178,33.43561,954,Very Low
124118-1,MKOMBOZ,Mbeya,Mbeya,Health Laboratory,-8.54191,33.27471,270,Very Low
112623-4,PRINCES,Mbeya,Mbeya,Health Laboratory,-8.92144,33.42889,4682,Moderate
105968-2,MWASENKWA,Mbeya,Mbeya,Dispensary,-8.85662,33.48957,4064,Moderate
120927-9,IYELA,Mbeya,Mbeya,Health Center,-8.92579,33.63625,532,Very Low
120928-7,ILEMI,Mbeya,Mbeya,Health Center,-8.88301,33.46374,8523,High
107114-1,RUANDA CHUO,Mbeya,Mbeya,Dispensary,-8.90077,33.44996,4836,Moderate
121146-5,ST.ALTHO,Mbeya,Mbeya,Health Laboratory,-8.88044,33.45941,3407,Low
120267-0,VAMKEKENA SPECIALIZED OBGYN SPECIALIZED CLINIC,Mbeya,Mbeya,Clinic,-8.92271,33.42391,2039,Very Low
108232-0,UYOLE,Mbeya,Mbeya,Hospital,-8.91325,33.54269,13019,Very High
123266-9,NEW UBARIKIWE,Mbeya,Mbeya,Health Laboratory,-8.90941,33.46083,374,Very Low
104099-7,MAKENDZA,Mbeya,Mbeya,Clinic,-8.93023,33.38543,8725,High
122676-0,LAWA,Mbeya,Mbeya,Health Laboratory,-8.91944,33.49657,11815,Very High
103227-5,KIWANJA MPAKA,Mbeya,Mbeya,Health Center,-8.89168,33.43388,6241,High
112604-4,SHALOM,Mbeya,Mbeya,Health Laboratory,-8.91353,33.48804,9255,Very High
112268-8,HOREB OBSY AND GYN SPECIALIZED,Mbeya,Mbeya,Clinic,-8.91903,33.47218,2594,Low
101971-0,ITENDE JKT,Mbeya,Mbeya,Dispensary,-8.91713,33.42975,7153,High
120743-0,CARPENAUM,Mbeya,Mbeya,Clinic,-8.9064,33.4996,15077,Very High
101150-1,FOREST,Mbeya,Mbeya,Clinic,-8.90727,33.44689,1097,Very Low
112602-8,HEKIMA,Mbeya,Mbeya,Health Laboratory,-8.90358,33.54368,989,Very Low
104604-4,MUST,Mbeya,Mbeya,Dispensary,-8.94234,33.41465,2770,Low
113731-4,ITEZI,Mbeya,Mbeya,Dispensary,-8.90238,33.53426,15259,Very High
101558-5,IGOLWA,Mbeya,Mbeya,Maternity and Nursing Home,-8.90988,33.47528,7156,High
103323-2,K'S,Mbeya,Mbeya,Hospital,-8.90945,33.45367,2856,Low
101945-4,ISYESYE,Mbeya,Mbeya,Dispensary,-8.910041,33.50744,6164,High
124452-4,COMFORT DENTAL CARE,Mbeya,Mbeya,Clinic,-8.91071,33.45891,963,Very Low
113730-6,TEMBELA,Mbeya,Mbeya,Dispensary,-8.946389,33.48849,8445,High
104355-3,MATI UYOLE,Mbeya,Mbeya,Dispensary,-8.92054,33.52861,1259,Very Low
112054-2,AFYACHECK,Mbeya,Mbeya,Clinic,-8.91691,33.46545,6331,High
120874-3,HELLEN,Mbeya,Mbeya,Clinic,-8.9200044,33.472782,11937,Very High
120966-7,NOSM,Mbeya,Mbeya,Maternity Home,-8.92709,33.51469,4984,Moderate
107117-4,RUANDA PRISON,Mbeya,Mbeya,Dispensary,-8.90118,33.44724,1251,Very Low
106240-5,NDANYELA,Mbeya,Mbeya,Maternity and Nursing Home,-8.92359,33.42524,2826,Low
113616-7,SHALOM,Mbeya,Mbeya,Health Laboratory,-8.90792,33.46421,2124,Very Low
113699-3,NZOVWE,Mbeya,Mbeya,Health Center,-8.932711,33.436371,8616,High
100901-8,CITY MEDICAL AND HEART,Mbeya,Mbeya,Clinic,-8.89377,33.43433,3170,Low
112611-9,NURU,Mbeya,Mbeya,Health Laboratory,-8.9021,33.54474,13897,Very High
114654-7,KALOBE,Mbeya,Mbeya,Dispensary,-8.91226,33.39754,2008,Very Low
102055-1,IZIWA,Mbeya,Mbeya,Dispensary,-8.87336,33.39793,5602,Moderate
101227-7,GM ITEZI,Mbeya,Mbeya,Dispensary,-8.90088,33.54099,6782,High
107113-3,RUANDA,Mbeya,Mbeya,Health Center,-8.90922,33.45991,1005,Very Low
110738-2,BAYLOR PEDIATRIC,Mbeya,Mbeya,Clinic,-8.89072,33.43823,1326,Very Low
106958-2,PANDA HILL SECONDARY,Mbeya,Mbeya,Dispensary,-8.960382,33.247201,5857,Moderate
102058-5,IZUMBWE,Mbeya,Mbeya,Dispensary,-8.984278,33.392905,8730,High
101480-2,IDIGA,Mbeya,Mbeya,Dispensary,-8.960626,33.242356,3720,Low
101738-3,ILEYA,Mbeya,Mbeya,Dispensary,-8.757195,33.455758,3047,Low
107579-5,ST. CATHERINE,Mbeya,Mbeya,Dispensary,-9.001969,33.655463,2449,Low
107549-8,SONGWE MAGEREZA,Mbeya,Mbeya,Dispensary,-8.94392,33.2364,680,Very Low
101940-5,ISUTO,Mbeya,Mbeya,Dispensary,-9.095239,33.28271,5077,Moderate
120872-7,SWAYA,Mbeya,Mbeya,Health Center,-8.95741,33.42957,3248,Low
101774-8,ILUNGU,Mbeya,Mbeya,Dispensary,-8.94249,33.76195,1309,Very Low
105993-0,MWELA,Mbeya,Mbeya,Dispensary,-8.962227,33.79836,1246,Very Low
109424-2,HURUMA,Mbeya,Mbeya,Dispensary,-8.93496,33.3478,1158,Very Low
103785-2,LWANJILO,Mbeya,Mbeya,Dispensary,-8.739069,33.568239,5294,Moderate
101731-8,ILEMBO,Mbeya,Mbeya,Health Center,-9.203475,33.354583,3255,Low
107439-2,SHIZUVI,Mbeya,Mbeya,Dispensary,-9.265471,33.396994,4459,Moderate
112485-8,MAGHABE,Mbeya,Mbeya,Dispensary,-8.89418,33.327746,4955,Moderate
121538-3,MBWAMBO,Mbeya,Mbeya,Health Laboratory,-8.85936,33.63743,2136,Very Low
106585-3,NSONGWI JUU,Mbeya,Mbeya,Dispensary,-8.93837,33.53422,4193,Moderate
107427-7,SHINZINGO,Mbeya,Mbeya,Dispensary,-9.078769,33.247451,3051,Low
102061-9,IZYIRA,Mbeya,Mbeya,Dispensary,-9.270141,33.167531,8249,High
101931-4,ISONSO,Mbeya,Mbeya,Dispensary,-9.313615,33.424214,4209,Moderate
114574-7,GALIJEMBE,Mbeya,Mbeya,Dispensary,-8.959829,33.598083,2659,Low
114329-6,SONGWE VIWANDANI,Mbeya,Mbeya,Dispensary,-8.948035,33.243934,5102,Moderate
115268-5,ITIZI,Mbeya,Mbeya,Dispensary,-9.11081,33.41962,7946,High
123013-5,MJI,Mbeya,Mbeya,Health Laboratory,-8.93662,33.34968,313,Very Low
106396-5,NGOLE,Mbeya,Mbeya,Dispensary,-8.937731,33.745011,1273,Very Low
110746-5,SWILLA SECONDARY,Mbeya,Mbeya,Dispensary,-8.92575,33.33546,11647,Very High
105792-6,MWABWOWO,Mbeya,Mbeya,Dispensary,-8.83329,33.40274,3789,Low
113981-5,MBEYA,Mbeya,Mbeya,Hospital,-8.856557,33.63866,1773,Very Low
106488-0,NJELENJE,Mbeya,Mbeya,Dispensary,-8.80381,33.229,4411,Moderate
107622-3,ST. PETER AND PAUL,Mbeya,Mbeya,Dispensary,-8.950442,33.240216,3024,Low
111185-5,MSAMARIA,Mbeya,Mbeya,Dispensary,-8.932404,33.35292,8521,High
107435-0,SHISONTA,Mbeya,Mbeya,Dispensary,-9.05745,33.26959,6068,High
102034-6,IWINDI,Mbeya,Mbeya,Dispensary,-8.96198,33.34939,11566,Very High
121010-3,MBALIZI,Mbeya,Mbeya,Clinic,-8.936589,33.349681,669,Very Low
106573-9,NSAMBYA,Mbeya,Mbeya,Dispensary,-9.010853,33.313603,3241,Low
103905-6,MAGANJO,Mbeya,Mbeya,Dispensary,-9.045983,33.400492,3339,Low
107441-8,Shongo,Mbeya,Mbeya,Dispensary,-9.009244,33.429306,4140,Moderate
106575-4,NSENGA,Mbeya,Mbeya,Dispensary,-8.954239,33.484558,5665,Moderate
108676-8,MBALIZI,Mbeya,Mbeya,Hospital,-8.93108,33.31067,8675,High
102033-8,IWIJI,Mbeya,Mbeya,Dispensary,-9.258864,33.243067,7705,High
105740-5,ST. JUDA THADEO,Mbeya,Mbeya,Dispensary,-8.851798,33.245398,2418,Low
121566-4,MATALI,Mbeya,Mbeya,Health Laboratory,-8.93631,33.35609,1270,Very Low
114307-2,WAMBISHE,Mbeya,Mbeya,Dispensary,-8.85368,33.74115,1147,Very Low
101850-6,IRAMBO,Mbeya,Mbeya,Dispensary,-8.937659,33.681499,2970,Low
122150-6,WATEULE,Mbeya,Mbeya,Health Laboratory,-8.93858,33.34984,5955,High
101507-2,IFUPA,Mbeya,Mbeya,Dispensary,-8.97624,33.76657,1219,Very Low
124067-0,RAMBO,Mbeya,Mbeya,Dispensary,-8.93312,33.34644,9474,Very High
107397-2,SHANGO,Mbeya,Mbeya,Dispensary,-8.983364,33.789056,616,Very Low
107471-5,SIMAMBWE,Mbeya,Mbeya,Dispensary,-8.982942,33.620213,3844,Low
101883-7,ISANGATI,Mbeya,Mbeya,Dispensary,-9.074866,33.428915,5455,Moderate
101647-6,IKHOHO,Mbeya,Mbeya,Dispensary,-8.926536,33.645705,2164,Low
102059-3,IZUMBWE II,Mbeya,Mbeya,Dispensary,-9.22028,33.27173,4054,Moderate
112587-1,EBENEZER,Mbeya,Mbeya,Health Laboratory,-8.93573,33.35693,1219,Very Low
111586-4,KIMONDO,Mbeya,Mbeya,Dispensary,-8.99836,33.69066,1177,Very Low
114309-8,SHITETE,Mbeya,Mbeya,Dispensary,-9.059308,33.320835,3284,Low
120527-7,HORONGO,Mbeya,Mbeya,Dispensary,-8.99527,33.40756,5100,Moderate
107689-2,SWAYA,Mbeya,Mbeya,Dispensary,-8.951041,33.444955,5658,Moderate
102511-3,KAWETERE,Mbeya,Mbeya,Dispensary,-8.848027,33.505838,1982,Very Low
123695-9,SAFINA MEDICAL,Mbeya,Mbeya,Health Laboratory,-8.85973,33.63411,2130,Very Low
101984-3,ITIMBA,Mbeya,Mbeya,Dispensary,-8.872009,33.288765,4263,Moderate
102788-7,KIKONDO,Mbeya,Mbeya,Dispensary,-9.02198,33.782611,1055,Very Low
102060-1,IZUO,Mbeya,Mbeya,Dispensary,-9.07595,33.371116,3250,Low
106684-4,NYALWELA,Mbeya,Mbeya,Dispensary,-8.959702,33.73003,2853,Low
124115-7,2D,Mbeya,Mbeya,Health Laboratory,-8.94805,33.22692,752,Very Low
122104-3,DIGA CARE,Mbeya,Mbeya,Health Laboratory,-8.93594,33.35455,1152,Very Low
101742-5,ILINDI,Mbeya,Mbeya,Dispensary,-9.081132,33.327233,4153,Moderate
107304-8,SONGWE,Mbeya,Mbeya,Health Center,-8.943972,33.23646,565,Very Low
101560-1,IGOMA,Mbeya,Mbeya,Dispensary,-8.997398,33.66892,2265,Low
115224-8,SHAMWENGO,Mbeya,Mbeya,Dispensary,-8.81332,33.68889,1831,Very Low
101815-9,INYALA,Mbeya,Mbeya,Health Center,-8.856567,33.638672,2012,Very Low
105023-6,MJELE,Mbeya,Mbeya,Dispensary,-8.718833,33.116543,5096,Moderate
108207-2,UTENGULE,Mbeya,Mbeya,Dispensary,-8.90754,33.33796,1407,Very Low
101492-7,IDUNDA,Mbeya,Mbeya,Dispensary,-8.91558,33.62783,3082,Low
101676-5,IKUKWA,Mbeya,Mbeya,Health Center,-8.757262,33.288657,4968,Moderate
101882-9,ISANGALA,Mbeya,Mbeya,Dispensary,-8.988462,33.311819,6052,High
102036-1,IWOWO,Mbeya,Mbeya,Dispensary,-9.129976,33.311263,6747,High
107292-5,SANTILYA,Mbeya,Mbeya,Health Center,-9.109932,33.356443,4725,Moderate
107115-8,RUANDA II,Mbeya,Mbeya,Dispensary,-9.176643,33.359918,6119,High
104560-8,MBALIZI,Mbeya,Mbeya,Dispensary,-8.93554,33.36035,8098,High
104630-9,MBONILE,Mbeya,Mbeya,Dispensary,-8.92737,33.7044,3079,Low
107451-7,SHUWA,Mbeya,Mbeya,Dispensary,-9.063202,33.371844,4513,Moderate
123294-1,IWALA,Mbeya,Mbeya,Dispensary,-8.89627,33.35018,8335,High
112185-4,ISWAGO,Mbeya,Mbeya,Dispensary,-9.135534,33.35882,4725,Moderate
114308-0,MUVWA,Mbeya,Mbeya,Dispensary,-8.846375,33.250696,2301,Low
123176-0,MBALIZI,Mbeya,Mbeya,Health Center,-8.91578,33.33721,2734,Low
110743-2,MBALIZI SECONDARY,Mbeya,Mbeya,Dispensary,-8.944893,33.360191,8421,High
121569-8,KADARI,Mbeya,Mbeya,Health Laboratory,-9.20335,33.34958,5422,Moderate
104192-0,MALOWE,Mbeya,Mbeya,Dispensary,-9.002771,33.288465,6457,High
101119-6,FADHILI,Mbeya,Mbeya,Dispensary,-8.93467,33.35455,960,Very Low
105457-6,MSHEWE,Mbeya,Mbeya,Dispensary,-8.855547,33.272584,2387,Low
108075-3,ULENJE,Mbeya,Mbeya,Dispensary,-8.94409,33.67279,4030,Moderate
102030-4,IWALANJE,Mbeya,Mbeya,Dispensary,-8.960129,33.585922,2269,Low
121186-1,WENDA HIGH SCHOOL,Mbeya,Mbeya,Dispensary,-8.56222,33.19599,33,Very Low
105219-0,MLOWO,Mbeya,Mbeya,Dispensary,-9.123302,33.267053,5619,Moderate
104561-6,MBALIZI MILITARY,Mbeya,Mbeya,Hospital,-8.942696,33.359119,3919,Moderate
114719-8,IMEZU,Mbeya,Mbeya,Dispensary,-8.868132,33.620229,7104,High
106983-0,PAULINE,Mbeya,Mbeya,Dispensary,-8.93762,33.34794,7888,High
109442-4,IGALE,Mbeya,Mbeya,Dispensary,-9.026906,33.432244,3794,Low
104995-6,MITAWA,Ruvuma,Mbinga,Dispensary,-11.13266,34.90985,3224,Low
106266-0,NDONGOSI,Ruvuma,Mbinga,Dispensary,-10.51253,34.84904,2454,Low
102750-7,KIHULILA,Ruvuma,Mbinga,Dispensary,-11.033073,34.950234,4926,Moderate
106249-6,NDEMBO,Ruvuma,Mbinga,Dispensary,-10.85003,34.95682,5397,Moderate
106383-3,NGIMA,Ruvuma,Mbinga,Dispensary,-10.908539,34.848432,4772,Moderate
100014-0,BURUMA,Ruvuma,Mbinga,Dispensary,-11.16848,34.91393,6487,High
105131-7,MKUMBI,Ruvuma,Mbinga,Dispensary,-10.89457,34.89092,3651,Low
106858-4,NYONI,Ruvuma,Mbinga,Dispensary,-11.08342,34.90292,6351,High
110453-8,LITURU,Ruvuma,Mbinga,Dispensary,-10.95642,34.81946,5507,Moderate
105122-6,MKUKA,Ruvuma,Mbinga,Dispensary,-11.051176,34.757778,5614,Moderate
122779-2,MATIRI,Ruvuma,Mbinga,Health Center,-10.38199,34.86384,817,Very Low
103548-4,LITEMBO,Ruvuma,Mbinga,Hospital,-10.97665,34.82522,6643,High
104003-9,MAGUU,Ruvuma,Mbinga,Health Center,-11.04208,34.79641,3608,Low
102747-3,KIHONGO,Ruvuma,Mbinga,Dispensary,-11.09058,34.79438,7618,High
101725-0,ILELA,Ruvuma,Mbinga,Dispensary,-11.158436,34.868484,6000,High
103012-1,KIPOLOLO,Ruvuma,Mbinga,Dispensary,-10.88213,34.82317,3373,Low
114838-6,PCMC,Ruvuma,Mbinga,Clinic,-10.75443,35.1468,1448,Very Low
112079-9,LUKITI,Ruvuma,Mbinga,Dispensary,-10.80644,34.86315,4018,Moderate
111254-9,KIHURUKU,Ruvuma,Mbinga,Dispensary,-1.72961,35.09584,1105,Very Low
103146-7,KITAI,Ruvuma,Mbinga,Dispensary,-10.71587,35.19528,7753,High
105350-3,MPAPA,Ruvuma,Mbinga,Health Center,-11.12157,34.92683,4377,Moderate
105082-2,MKOHA,Ruvuma,Mbinga,Dispensary,-10.968447,34.723333,7301,High
121298-4,MYAU,Ruvuma,Mbinga,Dispensary,-11.13134,35.48936,5490,Moderate
104472-6,MATIRI,Ruvuma,Mbinga,Dispensary,-10.75951,34.86403,2807,Low
104289-4,MANZEYE,Ruvuma,Mbinga,Dispensary,-10.95702,34.85598,3515,Low
103533-6,LINDA,Ruvuma,Mbinga,Dispensary,-10.8355,34.9082,3276,Low
102726-7,KIGONSERA,Ruvuma,Mbinga,Health Center,-10.80523,35.07116,8084,High
123711-4,ST.GAU,Ruvuma,Mbinga,Hospital,-10.75443,35.14687,1316,Very Low
105604-3,MTUNDUWARO,Ruvuma,Mbinga,Dispensary,-10.49533,34.91721,2193,Low
102736-6,KIHANGI MAHUKA,Ruvuma,Mbinga,Dispensary,-10.81877,34.95692,4414,Moderate
110259-9,LIPUMBA,Ruvuma,Mbinga,Dispensary,-10.844657,35.021209,7040,High
102948-7,KINGOLI,Ruvuma,Mbinga,Dispensary,-10.28437,35.10819,2590,Low
122780-0,LITUMBANDYOSI,Ruvuma,Mbinga,Health Center,-10.42564,35.11484,2809,Low
121515-1,LIKWELA,Ruvuma,Mbinga,Dispensary,-11.095553,34.909762,2546,Low
103553-4,LITORONGI,Ruvuma,Mbinga,Dispensary,-10.82531,35.138420000000004,6040,High
111252-3,RAHA LEO,Ruvuma,Mbinga,Dispensary,-10.748621,34.868823,3789,Low
104895-8,MIKALANGA,Ruvuma,Mbinga,Dispensary,-11.14476,34.83812,4298,Moderate
103566-6,LIWIHI,Ruvuma,Mbinga,Dispensary,-10.782529,34.899974,2279,Low
108837-6,LUHAGARA,Ruvuma,Mbinga,Dispensary,-10.53415,35.0595,4867,Moderate
110450-4,MITANGA,Ruvuma,Mbinga,Dispensary,-11.111849,34.902359,2050,Very Low
104296-9,MAPERA,Ruvuma,Mbinga,Health Center,-11.05712,34.82404,9228,Very High
108492-0,NDANGA,Ruvuma,Mbinga,Dispensary,-10.86818,34.82722,3144,Low
104452-8,MATEKELA,Ruvuma,Mbinga,Dispensary,-11.08966,34.85757,9416,Very High
106976-4,PARADISO,Ruvuma,Mbinga,Dispensary,-10.59352,35.02747,4479,Moderate
103557-5,LITUMBANDYOSI,Ruvuma,Mbinga,Dispensary,-10.41558,35.12761,2683,Low
104302-5,MAPIPILI,Ruvuma,Mbinga,Dispensary,-10.802,34.9114,2487,Low
123519-1,ALTO,Ruvuma,Mbinga,Health Laboratory,-10.67607,35.13291,3207,Low
121388-3,MBINGA COUNCIL,Ruvuma,Mbinga,Hospital,-10.76358,35.08068,3176,Low
111309-1,RUANDA,Ruvuma,Mbinga,Dispensary,-10.533629,34.917008,1540,Very Low
105145-7,MKURUMUSI,Ruvuma,Mbinga,Dispensary,-10.70487,35.05829,5476,Moderate
102937-0,KINDIMBA CHINI,Ruvuma,Mbinga,Health Center,-10.60393,34.7532,6143,High
122778-4,MKUMBI,Ruvuma,Mbinga,Health Center,-10.88695,34.88148,3068,Low
108022-5,UGANO,Ruvuma,Mbinga,Dispensary,-11.125868,34.821289,6523,High
110452-0,MBUJI,Ruvuma,Mbinga,Dispensary,-11.01794,34.8685,7486,High
102995-8,KIPAPA,Ruvuma,Mbinga,Dispensary,-11.01002,34.73305,7157,High
123264-4,KAPINGA,Ruvuma,Mbinga,Health Laboratory,-11.03637,34.80029,6695,High
102851-3,KILINDI,Ruvuma,Mbinga,Dispensary,-10.7429,34.78524,7344,High
108104-1,UNANGO,Ruvuma,Mbinga,Dispensary,-10.92988,34.89194,5247,Moderate
102938-8,KINDIMBA JUU,Ruvuma,Mbinga,Dispensary,-10.54019,34.81189,4164,Moderate
103508-8,LIHALE,Ruvuma,Mbinga,Dispensary,-10.793511,35.159748,2888,Low
103462-8,LANGIRO,Ruvuma,Mbinga,Dispensary,-10.99452,34.77829,9425,Very High
111251-5,WUKIRO,Ruvuma,Mbinga,Dispensary,-10.934477,34.85936,3856,Low
100112-2,AMANI MAKOLO,Ruvuma,Mbinga,Dispensary,-10.674759,35.135415,4809,Moderate
102815-8,KILANGA JUU,Ruvuma,Mbinga,Dispensary,-10.99424,34.89184,4344,Moderate
105036-8,MKAKO,Ruvuma,Mbinga,Dispensary,-10.74962,35.14709,3671,Low
107116-6,RUANDA,Ruvuma,Mbinga,Hospital,-10.54244,34.91173,3325,Low
104807-3,MHONGOZI,Ruvuma,Mbinga,Dispensary,-10.72035,34.94204,7471,High
110260-7,MATUTA,Ruvuma,Mbinga,Dispensary,-10.99682,34.70356,3776,Low
102740-8,KIHEREKETI,Ruvuma,Mbinga,Dispensary,-11.07047,34.956,4764,Moderate
103721-7,LUNDUMATO,Ruvuma,Mbinga,Dispensary,-10.85146,34.79458,4941,Moderate
103203-6,KITURA,Ruvuma,Mbinga,Dispensary,-10.93529,34.78794,9474,Very High
103686-2,LUKARASI,Ruvuma,Mbinga,Dispensary,-10.778962,34.983408,7607,High
108091-0,UMATI,Ruvuma,Mbinga,Dispensary,-10.94558,34.9913,946,Very Low
113079-8,HALELUYA,Ruvuma,Mbinga,Health Laboratory,-10.94282,35.00094,6465,High
107900-3,TUKUZI,Ruvuma,Mbinga,Dispensary,-11.00331,34.93481,4093,Moderate
103665-6,LUHANGAI,Ruvuma,Mbinga,Dispensary,-11.164209,35.108143,8891,High
103153-3,KITANDA,Ruvuma,Mbinga,Dispensary,-10.92812,35.1178,6340,High
108216-3,UTIRI,Ruvuma,Mbinga,Dispensary,-10.87067,35.05611,9310,Very High
122952-5,GLORY,Ruvuma,Mbinga,Clinic,-10.57011,34.59695,889,Very Low
103668-0,LUHEHE,Ruvuma,Mbinga,Dispensary,-11.01295,35.10723,3098,Low
106038-3,MYANGAYANGA,Ruvuma,Mbinga,Dispensary,-10.94522,34.93631,6005,High
105165-5,MKWAYA,Ruvuma,Mbinga,Dispensary,-10.94392,35.08647,4368,Moderate
102936-2,KINDIMBA,Ruvuma,Mbinga,Dispensary,-10.95915,34.89228,3631,Low
107375-8,SEPUKILA,Ruvuma,Mbinga,Dispensary,-11.02383,34.98146,5191,Moderate
113083-0,NAHIDYA,Ruvuma,Mbinga,Health Laboratory,-10.96045,34.98771,2496,Low
121457-6,KAGUGU,Ruvuma,Mbinga,Dispensary,-11.07919,35.02433,5376,Moderate
104616-8,MBINGA TC,Ruvuma,Mbinga,Hospital,-10.94102,34.9894,9078,Very High
113067-3,PARADISE,Ruvuma,Mbinga,Health Laboratory,-10.94913,34.99765,763,Very Low
107210-7,SAID SAID KALEMBO,Ruvuma,Mbinga,Health Center,-11.041,35.22794,13966,Very High
120623-4,MASUMUNI,Ruvuma,Mbinga,Dispensary,-10.96827,34.98927,5995,High
105360-2,MPEPAI,Ruvuma,Mbinga,Health Center,-11.09478,35.17511,7052,High
111201-0,MASIMELI,Ruvuma,Mbinga,Dispensary,-10.93763,35.16179,7250,High
104617-6,MBINGA HAN,Ruvuma,Mbinga,Dispensary,-10.96074,35.01984,6207,High
107187-7,RUVUMACHINI,Ruvuma,Mbinga,Dispensary,-11.180643,35.324406,4683,Moderate
123180-2,SM,Ruvuma,Mbinga,Clinic,-10.95022,35.00105,4002,Moderate
111249-9,LUWAITA,Ruvuma,Mbinga,Dispensary,-10.98305,34.94543,3763,Low
102782-0,KIKOLO,Ruvuma,Mbinga,Dispensary,-11.02284,35.14378,5263,Moderate
107641-3,ST. VICENT,Ruvuma,Mbinga,Health Center,-10.94907,34.99049,1613,Very Low
112289-4,MAGANAGANA,Ruvuma,Mbinga,Dispensary,-11.06922,34.99113,4647,Moderate
113072-3,GOODLUCK,Ruvuma,Mbinga,Health Laboratory,-10.95052,34.99752,1517,Very Low
108236-1,UZENA,Ruvuma,Mbinga,Dispensary,-11.018257,35.103147,3721,Low
104568-1,MBANGAMAO,Ruvuma,Mbinga,Dispensary,-11.051266,35.0536,4789,Moderate
114097-9,ST. MARTIN DEPORES,Ruvuma,Mbinga,Dispensary,-10.960428,34.985878,3524,Low
110222-7,MBINGA PRISON,Ruvuma,Mbinga,Dispensary,-10.957293,34.997206,4856,Moderate
113066-5,MBINGA,Ruvuma,Mbinga,Health Laboratory,-10.94629,34.99626,1404,Very Low
110218-5,ST.GABRIEL,Ruvuma,Mbinga,Dispensary,-10.941419,35.012808,13999,Very High
103541-9,LIPILIPILI,Ruvuma,Mbinga,Dispensary,-11.088279,35.136312,5545,Moderate
102841-4,KILIMANI,Ruvuma,Mbinga,Dispensary,-10.996253,35.022813,6452,High
101450-5,IBOYA,Geita,Mbogwe,Health Center,-3.34981,32.18427,11110,Very High
106469-0,NHOMOLWA,Geita,Mbogwe,Dispensary,-3.68167,32.37919,8759,High
112491-6,HURUMA,Geita,Mbogwe,Dispensary,-3.64939,32.16772,13615,Very High
106768-5,NYANG'HOLONGO,Geita,Mbogwe,Dispensary,-3.4125,32.057,27522,Very High
121622-5,BUNIGOZI,Geita,Mbogwe,Dispensary,-3.42165,32.29362,10255,Very High
106820-4,NYASATO,Geita,Mbogwe,Dispensary,-3.41528,32.21159,8721,High
100494-4,BUKADWE,Geita,Mbogwe,Dispensary,-3.65546,32.2876,8247,High
101836-5,IPONYA,Geita,Mbogwe,Dispensary,-3.71033,32.10254,29602,Very High
123128-1,NYAKASALUMA,Geita,Mbogwe,Dispensary,-3.68415,32.18049,16857,Very High
100655-0,BWELWA,Geita,Mbogwe,Dispensary,-3.37531,32.16981,11871,Very High
109760-9,IKUNGUIGAZI,Geita,Mbogwe,Health Center,-3.25219,31.97412,14751,Very High
121621-7,BUGALAGALA,Geita,Mbogwe,Health Center,-3.29945,31.99674,23228,Very High
122582-0,ISEBYA,Geita,Mbogwe,Dispensary,-3.23722,32.05532,17368,Very High
121620-9,NYITUNDU,Geita,Mbogwe,Dispensary,-3.31212,32.24092,15383,Very High
106654-7,NYAKAFURU,Geita,Mbogwe,Dispensary,-3.59727,32.19432,16061,Very High
103655-7,LUGUNGA,Geita,Mbogwe,Dispensary,-3.519967,32.2264,14043,Very High
105193-7,MLANGE,Geita,Mbogwe,Dispensary,-3.46912,32.25471,7892,High
106779-2,NYANHWIGA,Geita,Mbogwe,Dispensary,-3.641532,32.386858,8842,High
112837-0,ISHILANGA,Geita,Mbogwe,Health Laboratory,-3.64748,32.16473,4156,Moderate
122583-8,LULEMBELA,Geita,Mbogwe,Health Center,-3.23343,31.90602,8240,High
108175-1,USHIRIKA,Geita,Mbogwe,Dispensary,-3.3684,32.26194,13632,Very High
109139-6,ILANGALE,Geita,Mbogwe,Dispensary,-3.65135,32.10707,14552,Very High
101751-6,ILOLANGULU,Geita,Mbogwe,Dispensary,-3.29978,32.07825,26052,Very High
105327-1,MPAKALI,Geita,Mbogwe,Dispensary,-3.57434,32.28214,4936,Moderate
121224-0,MBOGWE,Geita,Mbogwe,Hospital,-3.36679,32.18427,2723,Low
101686-4,IKUNGUIGAZI,Geita,Mbogwe,Dispensary,-3.23679,31.9269,7498,High
106371-8,NGEMO,Geita,Mbogwe,Dispensary,-3.26484,32.21824,12816,Very High
109787-2,TUMAINI,Geita,Mbogwe,Dispensary,-3.64631,32.162598,26023,Very High
103703-5,LULEMBELA,Geita,Mbogwe,Dispensary,-3.256655,31.903425,35117,Very High
100545-3,BULUGALA,Geita,Mbogwe,Health Center,-3.448091,32.211421,8788,High
102312-6,KANEGERE,Geita,Mbogwe,Dispensary,-3.69864,32.26665,9231,Very High
104429-6,MASUMBWE,Geita,Mbogwe,Health Center,-3.64812,32.16602,6086,High
109934-0,IGUNDA,Songwe,Mbozi,Dispensary,-9.021314,33.030927,2949,Low
101756-5,ILOMBA,Songwe,Mbozi,Dispensary,-9.164956,33.205262,8255,High
111949-4,MANYARA,Songwe,Mbozi,Dispensary,-8.75334,32.71177,3017,Low
109668-4,ITEPULA,Songwe,Mbozi,Dispensary,-8.965963,32.897574,5870,High
105335-4,MPANDA,Songwe,Mbozi,Dispensary,-9.248494,33.015086,4674,Moderate
107929-2,TUMAINI,Songwe,Mbozi,Dispensary,-9.02074,32.99891,10200,Very High
109670-0,MSAMBA,Songwe,Mbozi,Dispensary,-9.21909,32.965627,5882,High
101361-4,HEZYA,Songwe,Mbozi,Dispensary,-9.247863,33.10539,3909,Moderate
102010-6,ITUMPI,Songwe,Mbozi,Dispensary,-8.876562,33.023085,2945,Low
109918-3,MPONELA,Songwe,Mbozi,Dispensary,-9.207291,32.825073,7913,High
101304-4,HALUNGU,Songwe,Mbozi,Dispensary,-8.918106,32.821355,7545,High
109935-7,MBIMBA,Songwe,Mbozi,Dispensary,-9.0781,32.963978,8969,High
109405-1,MSANYILA,Songwe,Mbozi,Dispensary,-8.913452,32.915395,7298,High
104637-4,MBOZI,Songwe,Mbozi,Hospital,-9.03356,32.92881,10716,Very High
106223-1,NAZARETH,Songwe,Mbozi,Dispensary,-9.01435,33.00788,6629,High
106853-5,NYIMBILI,Songwe,Mbozi,Dispensary,-9.20505,33.0566,7227,High
101391-1,HOSEA,Songwe,Mbozi,Dispensary,-9.106539,32.928697,13123,Very High
101877-9,ISANDULA B,Songwe,Mbozi,Dispensary,-9.195377,32.934072,4341,Moderate
101327-5,ST. JOSEPH,Songwe,Mbozi,Dispensary,-9.14666,33.00649,3095,Low
109936-5,IPAPA,Songwe,Mbozi,Dispensary,-9.10205,32.75121,9826,Very High
101483-6,IDIWILI,Songwe,Mbozi,Dispensary,-9.137602,33.154669,6248,High
101526-2,IGAMBA,Songwe,Mbozi,Dispensary,-8.991439,32.922639,7135,High
114081-3,UPENDO,Songwe,Mbozi,Dispensary,-9.04632,32.98158,4241,Moderate
108199-1,UTAMBALILA,Songwe,Mbozi,Dispensary,-8.76024,32.619277,5592,Moderate
101719-3,ILASI,Songwe,Mbozi,Hospital,-9.11126,32.9372,1476,Very Low
114126-6,ISOWEZYA,Songwe,Mbozi,Dispensary,-8.90863,32.9617,3323,Low
109939-9,IPANZYA,Songwe,Mbozi,Dispensary,-9.094889,32.775882,3379,Low
107548-0,NANYALA,Songwe,Mbozi,Health Center,-8.958758,33.213224,3950,Moderate
105190-3,MLANGALI,Songwe,Mbozi,Dispensary,-9.094798,33.058144,3549,Low
101900-9,ISENZANYA,Songwe,Mbozi,Dispensary,-8.795716,32.715063,6038,High
101876-1,ISANDULA A,Songwe,Mbozi,Dispensary,-9.225313,32.875882,7407,High
101307-7,HAMPANGALA,Songwe,Mbozi,Dispensary,-8.959099,32.757714,8516,High
101956-1,ITAKA,Songwe,Mbozi,Dispensary,-8.875731,32.803373,1733,Very Low
111546-8,MBULU,Songwe,Mbozi,Dispensary,-8.95888,33.04758,3705,Low
101518-9,IGALE,Songwe,Mbozi,Dispensary,-9.026653,33.140008,5154,Moderate
113706-6,HAKIMU,Songwe,Mbozi,Dispensary,-9.00875,32.99673,4947,Moderate
109905-0,WELLU 1,Songwe,Mbozi,Dispensary,-9.06512,32.83916,3612,Low
109937-3,SHILANGA,Songwe,Mbozi,Dispensary,-9.16273,32.88951,2512,Low
106514-3,NKANGA,Songwe,Mbozi,Health Center,-8.851918,32.718441,5893,High
106189-4,NANSAMA,Songwe,Mbozi,Dispensary,-8.908988,33.033098,4300,Moderate
109926-6,NAMLONGA,Songwe,Mbozi,Dispensary,-8.915153,33.137758,3500,Low
109947-2,SAKAMWELA,Songwe,Mbozi,Dispensary,-9.15531,32.81628,4737,Moderate
109958-9,IKOMELA,Songwe,Mbozi,Dispensary,-9.161569,32.920189,3442,Low
109978-7,WELLU II,Songwe,Mbozi,Dispensary,-9.012171,33.110945,2882,Low
114069-8,ITAKA JKT,Songwe,Mbozi,Health Center,-8.88933,32.79726,3905,Moderate
101840-7,IPUNGA,Songwe,Mbozi,Dispensary,-9.12796,32.793152,4476,Moderate
100319-3,BARA,Songwe,Mbozi,Dispensary,-8.80282,32.8031,2970,Low
101322-6,HANTESYA,Songwe,Mbozi,Dispensary,-9.213141,32.986006,2388,Low
105733-0,MUUNGANO,Songwe,Mbozi,Dispensary,-9.160704,32.990258,4368,Moderate
109911-8,LUNGWA,Songwe,Mbozi,Dispensary,-8.878528,32.994786,4246,Moderate
109944-9,WASSA,Songwe,Mbozi,Dispensary,-9.031262,32.80856,8366,High
104384-3,MASANGULA,Songwe,Mbozi,Dispensary,-9.143448,33.024865,4280,Moderate
101872-0,ISALALO,Songwe,Mbozi,Dispensary,-9.027538,32.747314,8491,High
106039-1,MYOVIZI,Songwe,Mbozi,Dispensary,-8.99618,33.04166,6662,High
107373-3,SENJELE,Songwe,Mbozi,Dispensary,-8.940434,33.161572,4496,Moderate
107458-2,SIFIKA,Songwe,Mbozi,Health Center,-9.106424,32.934337,6286,High
110376-1,KARASHA,Songwe,Mbozi,Dispensary,-9.043053,32.972583,5957,High
105223-2,MLOWO RC,Songwe,Mbozi,Dispensary,-8.98857,33.01631,3430,Low
109562-9,IPOROTO,Songwe,Mbozi,Dispensary,-8.825852,32.850428,5830,Moderate
109676-7,MAGEREZA,Songwe,Mbozi,Dispensary,-9.1183,32.941508,9374,Very High
120967-5,WEMA,Songwe,Mbozi,Maternity Home,-8.97138,33.12517,2009,Very Low
114499-7,OSWE,Songwe,Mbozi,Dispensary,-9.17797,32.8634,6575,High
109435-8,SHASYA,Songwe,Mbozi,Dispensary,-8.960807,32.854151,6374,High
109817-7,IBEMBWA,Songwe,Mbozi,Dispensary,-9.003431,32.873646,4308,Moderate
107112-5,RUANDA,Songwe,Mbozi,Dispensary,-8.96922,33.103575,3041,Low
101297-0,HALAMBO,Songwe,Mbozi,Dispensary,-8.96122,32.80298,9891,Very High
102047-8,IYULA,Songwe,Mbozi,Health Center,-9.070641,33.1353,5731,Moderate
101319-2,HANGOMBA,Songwe,Mbozi,Dispensary,-8.839826,32.793779,4996,Moderate
103899-1,MAGAMBA,Songwe,Mbozi,Dispensary,-8.850583,32.897732,5749,Moderate
109625-4,SAMBEWE,Songwe,Mbozi,Dispensary,-8.892226,33.054696,3919,Moderate
114114-2,SHIWINGA,Songwe,Mbozi,Dispensary,-8.90863,32.96171,4993,Moderate
121323-0,LUPYANA,Songwe,Mbozi,Clinic,-9.10839,32.94371,10893,Very High
101672-4,IKONYA,Songwe,Mbozi,Dispensary,-8.812602,32.764122,6909,High
108289-0,VWAWA,Songwe,Mbozi,Hospital,-9.113057,32.931549,5094,Moderate
109927-4,MBEWE,Songwe,Mbozi,Dispensary,-9.101882,33.091358,3726,Low
109941-5,ZELEZETA,Songwe,Mbozi,Dispensary,-9.000184,32.952395,3418,Low
109910-0,LWATI,Songwe,Mbozi,Dispensary,-8.917892,32.875505,6114,High
104583-0,MBAYA,Songwe,Mbozi,Dispensary,-9.111533,32.934923,499,Very Low
101494-3,IDUNDA,Songwe,Mbozi,Dispensary,-9.0871,33.204001,5182,Moderate
106159-7,NAMWANGWA,Songwe,Mbozi,Dispensary,-9.322387,33.066126,2551,Low
109973-8,BARA B,Songwe,Mbozi,Dispensary,-8.80888,32.79915,2220,Low
105220-8,MLOWO,Songwe,Mbozi,Dispensary,-9.01628,32.99978,2424,Low
106126-6,NAMBINZO,Songwe,Mbozi,Dispensary,-8.82211,32.66601,5645,Moderate
109551-2,KISIMA,Songwe,Mbozi,Dispensary,-9.01229,32.99921,1869,Very Low
101843-1,IPYANA,Songwe,Mbozi,Dispensary,-9.061102,33.170573,3694,Low
109915-9,ITENTULA,Songwe,Mbozi,Dispensary,-8.884261,32.693822,2698,Low
101606-2,IHANDA,Songwe,Mbozi,Dispensary,-9.17193,32.87333,4556,Moderate
109909-2,HARAKA,Songwe,Mbozi,Dispensary,-9.206456,33.133786,5541,Moderate
101887-8,ISANSA,Songwe,Mbozi,Health Center,-8.91494,32.99572,6602,High
107438-4,SHITUNGURU,Songwe,Mbozi,Dispensary,-8.837594,32.733865,2640,Low
120626-7,SONGWE,Songwe,Mbozi,Hospital,-9.13798,32.96319,2776,Low
105462-6,MSIA,Songwe,Mbozi,Dispensary,-9.014635,32.842537,7495,High
109577-7,IYENGA,Songwe,Mbozi,Dispensary,-8.858038,33.036073,2609,Low
106191-0,NANYALA,Songwe,Mbozi,Dispensary,-8.939013,33.194415,2509,Low
109916-7,MYOVIZI B,Songwe,Mbozi,Dispensary,-8.948176,33.074582,3677,Low
109417-6,LUKULULU,Songwe,Mbozi,Dispensary,-9.140495,33.088442,4771,Moderate
101465-3,ICHESA,Songwe,Mbozi,Dispensary,-9.02352,33.077994,4298,Moderate
102029-6,IWALANJE,Songwe,Mbozi,Dispensary,-8.866979,32.951258,10100,Very High
109900-1,IGANDUKA,Songwe,Mbozi,Dispensary,-9.035518,32.861388,4685,Moderate
109922-5,MALONJI,Songwe,Mbozi,Dispensary,-9.13542,32.84717,2851,Low
110741-6,IHOWA,Songwe,Mbozi,Dispensary,-9.036842,33.105308,5146,Moderate
109928-2,NDOLEZI,Songwe,Mbozi,Health Center,-9.098736,33.036386,4809,Moderate
109549-6,HATELELE,Songwe,Mbozi,Dispensary,-8.976826,32.984289,8389,High
101310-1,HAMWELO,Songwe,Mbozi,Dispensary,-8.908852,32.723298,7524,High
112941-0,DOVA EYE CARE,Songwe,Mbozi,Clinic,-9.108799,32.934847,766,Very Low
112180-5,SHAJI,Songwe,Mbozi,Dispensary,-9.05597,33.04174,4253,Moderate
110265-6,ITAKA,Songwe,Mbozi,Health Center,-8.871375,32.770847,6410,High
111547-6,SINAI,Songwe,Mbozi,Dispensary,-9.01203,32.99862,1324,Very Low
105363-6,MPERA,Songwe,Mbozi,Dispensary,-9.087885,32.813377,2572,Low
109808-6,HANSEKETWA,Songwe,Mbozi,Dispensary,-9.140143,32.897209,5774,Moderate
109906-8,SUMBALWELA,Songwe,Mbozi,Dispensary,-9.102392,32.867984,5087,Moderate
105720-7,MUSLUR,Manyara,Mbulu,Dispensary,-4.071137,35.264538,5073,Moderate
108381-5,YAEDA CHINI,Manyara,Mbulu,Dispensary,-3.974275,35.171024,2742,Low
114344-5,MONGO WA MONO,Manyara,Mbulu,Dispensary,-3.91109,35.25032,2731,Low
101335-8,HAYDOM,Manyara,Mbulu,Hospital,-4.11563,35.01602,10282,Very High
100182-5,ARRI,Manyara,Mbulu,Dispensary,-4.0125,35.428779,8703,High
101334-1,HAYDARER,Manyara,Mbulu,Dispensary,-4.229106,35.153025,12676,Very High
122283-5,ESHKESH,Manyara,Mbulu,Health Center,-3.99781,35.06171,3295,Low
111320-8,MARETADU CHINI,Manyara,Mbulu,Dispensary,-4.181396,35.191128,11691,Very High
104406-4,MASIEDA,Manyara,Mbulu,Dispensary,-3.705121,35.465679,5174,Moderate
101085-9,ST. ALOICE,Manyara,Mbulu,Health Center,-3.78451,35.39649,5204,Moderate
104748-9,MEWADAN,Manyara,Mbulu,Dispensary,-4.24695,34.99977,16329,Very High
100985-1,DIYOMATI,Manyara,Mbulu,Dispensary,-4.042717,35.304476,7949,High
100334-2,BASHAY,Manyara,Mbulu,Dispensary,-4.00878,35.31457,18951,Very High
104318-1,MARETADU,Manyara,Mbulu,Dispensary,-4.14812,35.21457,6265,High
122282-7,ENDESH,Manyara,Mbulu,Dispensary,-4.05075,35.43942,5131,Moderate
107936-7,TUMATI,Manyara,Mbulu,Dispensary,-4.04243,35.41969,5770,Moderate
113692-8,REHEMA COGI,Manyara,Mbulu,Dispensary,-4.15431,35.09264,4505,Moderate
104421-3,MASQARODA,Manyara,Mbulu,Dispensary,-3.950001,35.409955,10822,Very High
122280-1,ENDANACHAN,Manyara,Mbulu,Dispensary,-4.10188,35.08804,6831,High
103441-2,LABAY PENTECOSTE,Manyara,Mbulu,Dispensary,-4.06526,35.25136,12873,Very High
122279-3,HAYDOM,Manyara,Mbulu,Health Center,-4.16527,35.03616,5974,High
101096-6,ENDOJI,Manyara,Mbulu,Dispensary,-4.089914,35.406353,7813,High
111180-6,HURUMA,Manyara,Mbulu,Dispensary,-4.18941,35.02219,25241,Very High
101090-9,ENDAMASAK,Manyara,Mbulu,Dispensary,-4.11988,35.15087,6200,High
101325-9,HARBANGET,Manyara,Mbulu,Dispensary,-3.86278,35.40136,4144,Moderate
101091-7,ENDAMILLAY,Manyara,Mbulu,Dispensary,-4.01796,35.16626,8067,High
100981-0,DIRIM,Manyara,Mbulu,Dispensary,-4.00562,35.15888,291,Very Low
103964-3,MAGHANG,Manyara,Mbulu,Dispensary,-4.153927,35.096124,3633,Low
122281-9,QANDACH,Manyara,Mbulu,Dispensary,-4.08997,35.14265,7436,High
106417-9,NGORAT,Manyara,Mbulu,Dispensary,-4.16198,35.32325,7072,High
122080-5,UPENDO,Manyara,Mbulu,Health Laboratory,-4.07296,35.36469,8807,High
101218-6,GIDMADOY,Manyara,Mbulu,Dispensary,-4.175544,35.122118,7453,High
100995-0,DONGOBESH,Manyara,Mbulu,Health Center,-4.078274,35.363036,5559,Moderate
101191-5,GEHANDU,Manyara,Mbulu,Dispensary,-3.83041,35.577778,8093,High
101328-3,HASSAMA,Manyara,Mbulu,Dispensary,-3.879367,35.644203,8670,High
123232-1,SANKA A -,Manyara,Mbulu,Dispensary,-3.85096,35.56608,5376,Moderate
122512-7,BARGISH UWA,Manyara,Mbulu,Dispensary,-3.51111,35.32711,1057,Very Low
113696-9,ELAB,Manyara,Mbulu,Clinic,-3.85803,35.54188,5156,Moderate
121293-5,NAHSEY,Manyara,Mbulu,Dispensary,-3.54581,35.37361,2851,Low
100326-8,BARGISH,Manyara,Mbulu,Dispensary,-3.797502,35.552058,7411,High
120627-5,QATESH,Manyara,Mbulu,Dispensary,-3.48101,35.36301,3780,Low
100957-0,DAUDI,Manyara,Mbulu,Health Center,-3.75941,35.55564,6503,High
105706-6,MURRAY,Manyara,Mbulu,Dispensary,-3.964254,35.55627,11557,Very High
103347-1,KUTA,Manyara,Mbulu,Dispensary,-3.99869,35.57953,11160,Very High
103933-8,MAGEREZA,Manyara,Mbulu,Dispensary,-3.853399,35.541649,8827,High
101271-5,GUNYODA,Manyara,Mbulu,Dispensary,-3.78456,35.4861,5964,High
110762-2,ST. MARY OF FATIMA,Manyara,Mbulu,Dispensary,-3.73806,35.55654,5144,Moderate
102193-0,KAINAM,Manyara,Mbulu,Health Center,-3.91903,35.58611,17921,Very High
101350-7,ZACI,Manyara,Mbulu,Dispensary,-3.855185,35.543867,1002,Very Low
122494-8,MAHHERI,Manyara,Mbulu,Dispensary,-3.58551,35.31521,3978,Moderate
122513-5,SILALODA,Manyara,Mbulu,Dispensary,-3.84747,35.46858,7565,High
107888-0,TSAWA,Manyara,Mbulu,Dispensary,-3.82175,35.62888,7509,High
107839-3,TLAWI,Manyara,Mbulu,Health Center,-3.92112,35.4764,8177,High
122511-9,AICHO,Manyara,Mbulu,Dispensary,-3.70513,35.53367,3794,Low
121471-7,ADONAI,Manyara,Mbulu,Health Laboratory,-3.85521,35.54817,4872,Moderate
123703-1,KIVULINI HEALTH,Manyara,Mbulu,Health Laboratory,-3.52111,35.32461,726,Very Low
121305-7,ENDAGIKOT,Manyara,Mbulu,Dispensary,-3.51481,35.31292,2346,Low
111321-6,MBULU,Manyara,Mbulu,Hospital,-3.860454,35.543917,11585,Very High
105885-8,MWAMISHALI,Simiyu,Meatu,Dispensary,-3.53198,34.25078,7158,High
104949-3,MINYANDA,Simiyu,Meatu,Dispensary,-3.46549,34.14326,4417,Moderate
105913-8,MWANDOYA,Simiyu,Meatu,Health Center,-3.21996,34.21045,16339,Very High
105781-9,MWABAGIMU,Simiyu,Meatu,Dispensary,-3.83862,34.64371,5279,Moderate
100521-4,BUKUNDI,Simiyu,Meatu,Health Center,-3.90207,34.52032,4809,Moderate
103090-7,KISESA,Simiyu,Meatu,Dispensary,-3.02184,34.13833,8343,High
115153-9,MALWILO MNADANI,Simiyu,Meatu,Dispensary,-3.15818,34.32091,11760,Very High
103580-7,LONGALONIGA,Simiyu,Meatu,Dispensary,-3.1115,34.38,9695,Very High
105813-0,MWAGENI,Simiyu,Meatu,Dispensary,-3.44647,34.14003,3344,Low
100257-5,NEW STAND BAKWATA,Simiyu,Meatu,Dispensary,-3.89708,34.52769,5357,Moderate
101892-8,ISEBANDA,Simiyu,Meatu,Dispensary,-3.60403,34.11758,3160,Low
100551-1,BULYASHI,Simiyu,Meatu,Dispensary,-3.59987,34.19508,6184,High
105799-1,MWABUSALU,Simiyu,Meatu,Dispensary,-3.19617,34.12534,10591,Very High
104649-9,MBUGAYABAHYA,Simiyu,Meatu,Dispensary,-3.35522,34.25908,7310,High
106378-3,NG'HOBOKO,Simiyu,Meatu,Dispensary,-3.5497,34.15466,7210,High
101988-4,ITINJE,Simiyu,Meatu,Dispensary,-3.4187,34.11671,3932,Moderate
121458-4,MWANYAHINA,Simiyu,Meatu,Dispensary,-3.47582,34.29109,7427,High
107068-9,RC MISSION,Simiyu,Meatu,Dispensary,-3.52659,34.31254,6404,High
105970-8,MWASHATA,Simiyu,Meatu,Dispensary,-3.01247,34.31419,5444,Moderate
109823-5,MWANDUKISESA,Simiyu,Meatu,Dispensary,-3.11195,34.15656,6861,High
113101-0,KIRIGA,Simiyu,Meatu,Health Laboratory,-3.5225,34.3075,2112,Very Low
109687-4,MWAGAYI,Simiyu,Meatu,Dispensary,-3.36092,34.15092,6430,High
105877-5,MWAMBITI,Simiyu,Meatu,Dispensary,-3.61038,34.2822,4787,Moderate
105780-1,MWABAGALU,Simiyu,Meatu,Dispensary,-3.64082,34.34137,2519,Low
103534-4,LINGEKA,Simiyu,Meatu,Dispensary,-3.09667,34.30542,6450,High
105798-3,MWABUMA,Simiyu,Meatu,Dispensary,-3.01488,34.23832,12461,Very High
108878-0,MWAMANIMBA,Simiyu,Meatu,Dispensary,-3.75791,34.35081,2112,Very Low
105932-8,MWANGIKULU,Simiyu,Meatu,Dispensary,-3.93639,34.25771,2981,Low
105876-7,MWAMBEGWA,Simiyu,Meatu,Dispensary,-3.49793,34.34691,12127,Very High
102085-8,JINAMO,Simiyu,Meatu,Dispensary,-3.73179,34.5243,4120,Moderate
106531-7,NKOMA,Simiyu,Meatu,Dispensary,-3.5751,34.38322,6518,High
107361-8,SEMU,Simiyu,Meatu,Dispensary,-3.46593,34.23193,4923,Moderate
109780-7,MWAKALUBA,Simiyu,Meatu,Dispensary,-3.14136,34.24409,11665,Very High
123606-6,PORI LA AKIBA MASWA,Simiyu,Meatu,Dispensary,-3.20807,34.42691,1371,Very Low
105914-6,MWANDU ITINJE,Simiyu,Meatu,Dispensary,-3.26697,34.133,12206,Very High
109329-3,BUTULI,Simiyu,Meatu,Dispensary,-3.19509,34.42747,3660,Low
100715-2,CHAMBALA,Simiyu,Meatu,Dispensary,-3.82508,34.41454,5197,Moderate
106953-3,PAJI,Simiyu,Meatu,Dispensary,-3.53835,34.44856,6288,High
105857-7,MWAMALOLE,Simiyu,Meatu,Dispensary,-3.88939,34.29227,3432,Low
105832-0,MWAKIPOPO,Simiyu,Meatu,Dispensary,-3.79049,34.30968,2410,Low
109821-9,MWAMATIGA,Simiyu,Meatu,Dispensary,-3.71114,34.30979,1875,Very Low
105934-4,MWANGUDO,Simiyu,Meatu,Dispensary,-3.51463,34.49156,10224,Very High
102142-7,KABONDO,Simiyu,Meatu,Dispensary,-3.5957,34.07744,4521,Moderate
109778-1,MWAUKOLI,Simiyu,Meatu,Dispensary,-3.0489,34.17147,6371,High
123673-6,KIRIGA,Simiyu,Meatu,Health Laboratory,-3.53233,34.30794,8699,High
105808-0,MWAFUGUJI,Simiyu,Meatu,Dispensary,-3.51688,34.08595,4175,Moderate
104709-1,MEATU,Simiyu,Meatu,Hospital,-3.51901,34.30824,4614,Moderate
108879-8,MSHIKAMANO BAKWATA,Simiyu,Meatu,Dispensary,-3.52855,34.30997,2096,Very Low
105796-7,MWABULUTAGU,Simiyu,Meatu,Dispensary,-3.03271,34.36122,9609,Very High
106794-1,NYANZA,Simiyu,Meatu,Dispensary,-3.26855,34.28753,8091,High
107237-0,SAKASAKA,Simiyu,Meatu,Dispensary,-3.17038,34.37833,8926,High
105941-9,MWANJORO,Simiyu,Meatu,Dispensary,-3.71561,34.42622,3650,Low
101899-3,ISENGWA,Simiyu,Meatu,Dispensary,-3.46372,34.20035,5075,Moderate
100268-2,MAGANZO,Simiyu,Meatu,Health Center,-3.52553,34.30688,4288,Moderate
105800-7,MWABUZO,Simiyu,Meatu,Dispensary,-3.83597,34.17188,4683,Moderate
105785-0,MWABALEBI,Simiyu,Meatu,Dispensary,-3.83692,34.25598,1780,Very Low
104555-8,MBALAGANE,Simiyu,Meatu,Dispensary,-3.37694,34.18567,6352,High
114853-5,MWANDOYA BAKWATA,Simiyu,Meatu,Dispensary,-3.26733,34.20844,6188,High
107670-2,SUNGU,Simiyu,Meatu,Dispensary,-3.52561,34.62074,8413,High
101786-2,IMALASEKO,Simiyu,Meatu,Dispensary,-3.7226,34.09857,5327,Moderate
108881-4,MWAMANONI,Simiyu,Meatu,Dispensary,-3.84883,34.2068,2016,Very Low
111199-6,MAKAO,Simiyu,Meatu,Dispensary,-3.38616,34.82496,2290,Low
109340-0,IRAMBANDOGO,Simiyu,Meatu,Health Center,-3.53685,34.52528,4153,Moderate
103611-0,LUBIGA,Simiyu,Meatu,Dispensary,-3.30085,34.21466,8354,High
122866-7,ITABA,Simiyu,Meatu,Dispensary,-3.64422,34.41391,4094,Moderate
104661-4,MBUSHI,Simiyu,Meatu,Dispensary,-3.62035,34.51393,4636,Moderate
105862-7,MWAMANONGU,Simiyu,Meatu,Dispensary,-3.72444,34.25913,5432,Moderate
123687-6,MWAUKOLI,Simiyu,Meatu,Health Laboratory,-3.04682,34.16947,5107,Moderate
102556-8,KIA,Arusha,Arumeru,Dispensary,-3.37403,36.78446,4381,Moderate
106462-5,NGYANI,Arusha,Arumeru,Dispensary,-3.33122,36.83068,4482,Moderate
106413-8,NGONGONGARE,Arusha,Arumeru,Dispensary,-3.317932,36.882449,10392,Very High
107343-6,SEELA,Arusha,Arumeru,Dispensary,-3.32961,36.78751,4110,Moderate
106356-9,NGARENANYUKI,Arusha,Arumeru,Health Center,-3.150559,36.865657,9523,Very High
107935-9,TUMAINI,Arusha,Arumeru,Dispensary,-3.369636,37.062635,9052,Very High
103167-3,KITEFU,Arusha,Arumeru,Dispensary,-3.3942,36.8995,4196,Moderate
121320-6,AFRICA AMINI,Arusha,Arumeru,Clinic,-3.21182,36.85576,3403,Low
111633-4,MOUNT MERU HOPE,Arusha,Arumeru,Dispensary,-3.33841,36.77273,2028,Very Low
106525-9,NKOANEKOLI,Arusha,Arumeru,Dispensary,-3.33622,36.8505,4811,Moderate
123095-2,SAMVAI MEDICARE,Arusha,Arumeru,Dispensary,-3.39303,36.93563,3933,Moderate
112488-2,MAETU,Arusha,Arumeru,Dispensary,-3.36525,36.91201,3004,Low
109680-9,NEW LIFE,Arusha,Arumeru,Dispensary,-3.370249,36.88782,2775,Low
124021-7,MALULA,Arusha,Arumeru,Clinic,-3.38168,37.02326,2549,Low
100184-1,MERU,Arusha,Arumeru,Hospital,-3.3706,36.786839,7719,High
107258-6,SAMARIA,Arusha,Arumeru,Dispensary,-3.433471,36.974467,5952,High
104103-7,MAKIBA,Arusha,Arumeru,Health Center,-3.509728,36.960477,10817,Very High
104882-6,MIKUNGANI,Arusha,Arumeru,Dispensary,-3.56084,36.94349,9607,Very High
107239-6,SAKILA,Arusha,Arumeru,Dispensary,-3.3426,36.9562,1640,Very Low
105282-8,Momella,Arusha,Arumeru,Health Center,-3.213285,36.861852,2734,Low
107924-3,TUMAINI,Arusha,Arumeru,Health Center,-3.3725,36.81893,3535,Low
104319-9,MAREU,Arusha,Arumeru,Health Center,-3.325495,36.996531,8952,High
114925-1,KIKATITI,Arusha,Arumeru,Dispensary,-3.38548,36.93938,6071,High
113796-7,SONGORO,Arusha,Arumeru,Dispensary,-3.31642,36.81707,3900,Moderate
123638-9,USA OPTICALS,Arusha,Arumeru,Clinic,-3.37322,36.84753,1298,Very Low
102918-0,KIMUNDO,Arusha,Arumeru,Dispensary,-3.35097,36.78181,4522,Moderate
114246-2,KANDASHE,Arusha,Arumeru,Dispensary,-3.20779,36.9366,2951,Low
108443-3,KING'ORI,Arusha,Arumeru,Dispensary,-3.282212,36.97717,8287,High
107683-5,SURA,Arusha,Arumeru,Dispensary,-3.330077,36.799585,2977,Low
104194-6,MALULA,Arusha,Arumeru,Dispensary,-3.37826,37.01786,5093,Moderate
124131-4,VISION,Arusha,Arumeru,Dispensary,-3.37538,36.76402,7002,High
122606-7,FOUNDATION FOR PREVENTATIVE HEALTH,Arusha,Arumeru,Clinic,-3.36389,36.88628,8446,High
103115-2,KISIMIRI CHINI,Arusha,Arumeru,Dispensary,-3.168986,36.818681,4242,Moderate
122183-7,EAGADEN,Arusha,Arumeru,Health Laboratory,-3.39842,36.94852,6535,High
113764-5,COMMUNITY,Arusha,Arumeru,Dispensary,-3.37135,36.848554,2535,Low
107003-6,POLI,Arusha,Arumeru,Health Center,-3.34948,36.79779,6437,High
109749-2,MAISHA HEALTH CARE,Arusha,Arumeru,Dispensary,-3.377921,36.910684,4509,Moderate
113658-9,SAKIM,Arusha,Arumeru,Health Laboratory,-3.37348,36.75667,7156,High
106528-3,NKOARISAMBU,Arusha,Arumeru,Dispensary,-3.337012,36.777663,2393,Low
109775-7,LUMEN CRISTI,Arusha,Arumeru,Dispensary,-3.37332,36.89517,2765,Low
105673-8,MULALA,Arusha,Arumeru,Dispensary,-3.32401,36.82813,2052,Very Low
104228-2,MANDELA,Arusha,Arumeru,Dispensary,-3.400079,36.798478,5392,Moderate
108156-1,USA RIVER,Arusha,Arumeru,Health Center,-3.375364,36.848212,8347,High
120481-7,TICD,Arusha,Arumeru,Dispensary,-3.37907,36.805229,4033,Moderate
103470-1,LEGURUKI LUTHERAN,Arusha,Arumeru,Health Center,-3.25646,36.95171,5750,Moderate
103469-3,LEGURUKI,Arusha,Arumeru,Dispensary,-3.241771,36.924624,8577,High
102855-4,KILINGA,Arusha,Arumeru,Dispensary,-3.31445,36.83598,1924,Very Low
106576-2,NSENGONYI,Arusha,Arumeru,Dispensary,-3.26367,37.0132,10033,Very High
112097-1,AMBRENI,Arusha,Arumeru,Dispensary,-3.36819,36.75618,6119,High
106982-2,PATANDI,Arusha,Arumeru,Dispensary,-3.37307,36.7869,1911,Very Low
112487-4,SOHODE,Arusha,Arumeru,Dispensary,-3.37235,36.88349,5852,Moderate
104353-8,MARORONI,Arusha,Arumeru,Dispensary,-3.43696,36.91021,8299,High
106527-5,NKOARANGA,Arusha,Arumeru,Hospital,-3.33715,36.80775,3020,Low
109814-4,USA RC,Arusha,Arumeru,Health Center,-3.37148,36.85934,8868,High
114856-8,KISIMIRI JUU,Arusha,Arumeru,Dispensary,-3.14946,36.76932,3593,Low
105672-0,MULA,Arusha,Arumeru,Dispensary,-3.345569,36.811011,5024,Moderate
101288-9,NGYEKU,Arusha,Arumeru,Dispensary,-3.34525,36.936794,5886,High
113763-7,MJI MWEMA.,Arusha,Arumeru,Dispensary,-3.37478,36.84988,5216,Moderate
102372-0,KARANGAI,Arusha,Arumeru,Dispensary,-3.47771,36.8687,2418,Low
111270-5,SAKILA INTERNATIONAL,Arusha,Arumeru,Dispensary,-3.35181,36.96474,4518,Moderate
120599-6,ST EBERHARD,Arusha,Arumeru,Dispensary,-3.38429,36.89577,949,Very Low
103350-5,KWA UGORO,Arusha,Arumeru,Dispensary,-3.46567,36.87564,6538,High
104964-2,MIRIRINYI,Arusha,Arumeru,Dispensary,-3.21314,36.91456,2795,Low
106119-1,NAMBALA,Arusha,Arumeru,Dispensary,-3.4008,36.80629,8048,High
102990-9,KIPANDE NKOAVELE,Arusha,Arumeru,Dispensary,-3.336717,36.763612,4929,Moderate
108119-9,UPENDO,Arusha,Arumeru,Dispensary,-3.373487,36.784873,1144,Very Low
104051-8,MAJENGO,Arusha,Arumeru,Dispensary,-3.49409,37.0153,4777,Moderate
107434-3,SHISHTONI,Arusha,Arumeru,Dispensary,-3.21714,36.9618,7234,High
106526-7,NKOANRUA,Arusha,Arumeru,Dispensary,-3.353397,36.768375,9134,Very High
109652-8,TUMAINI UNIVERSITY MAKUMIRA,Arusha,Arumeru,Dispensary,-3.36884,36.82861,4972,Moderate
104651-5,MBUGUNI,Arusha,Arumeru,Health Center,-3.55268,36.91658,13757,Very High
104060-9,MAJI YA CHAI,Arusha,Arumeru,Dispensary,-3.360283,36.916575,4798,Moderate
100522-2,BUKWALI,Kagera,Missenyi,Dispensary,-1.00783,31.75429,2093,Very Low
100629-5,BUYANGO,Kagera,Missenyi,Dispensary,-1.14465,31.64271,12273,Very High
114369-2,PREMIER,Kagera,Missenyi,Health Laboratory,-1.00312,31.41293,3467,Low
121225-7,KASHAMBYA,Kagera,Missenyi,Health Center,-1.27268,31.41364,4182,Moderate
113899-9,NGANDO,Kagera,Missenyi,Dispensary,-1.15494,31.38174,3629,Low
102346-4,KANYIGO,Kagera,Missenyi,Dispensary,-1.07691,31.74676,8022,High
110161-7,MWEMAGE,Kagera,Missenyi,Dispensary,-1.31656,31.39933,13121,Very High
102431-4,KASHENYE,Kagera,Missenyi,Dispensary,-1.00699,31.75645,2582,Low
109969-6,KAGERA SALIENT,Kagera,Missenyi,Dispensary,-1.25211,31.42428,9278,Very High
122397-3,KAKIRI,Kagera,Missenyi,Dispensary,-1.16411,31.27351,313,Very Low
102166-6,KAGERA SUGAR,Kagera,Missenyi,Hospital,-1.21332,31.27517,3258,Low
106782-6,NYANKERE,Kagera,Missenyi,Dispensary,-1.39394,31.37168,9507,Very High
123863-3,UPENDO,Kagera,Missenyi,Health Laboratory,-1.13111,31.24291,4206,Moderate
100439-9,BUGANGO,Kagera,Missenyi,Dispensary,-1.00132,31.01005,8903,High
100436-5,BUGANDIKA,Kagera,Missenyi,Dispensary,-1.25709,31.65784,13507,Very High
105623-3,MUGANA,Kagera,Missenyi,Hospital,-1.21296,31.69542,6734,High
102700-2,KIGARAMA,Kagera,Missenyi,Dispensary,-1.04479,31.75891,3966,Moderate
101911-6,ISHOZI,Kagera,Missenyi,Dispensary,-1.15674,31.76817,7656,High
104953-5,MINZIRO,Kagera,Missenyi,Dispensary,-1.03923,31.54313,10159,Very High
100564-4,BUNAZI,Kagera,Missenyi,Health Center,-1.20995,31.40942,26285,Very High
120500-4,KAIZILEGE,Kagera,Missenyi,Dispensary,-1.26055,31.41081,5171,Moderate
110219-3,KAKUNYU,Kagera,Missenyi,Dispensary,-1.03253,30.93962,4818,Moderate
102425-6,KASHANGA,Kagera,Missenyi,Dispensary,-1.20881,31.70203,5773,Moderate
101200-4,GERA,Kagera,Missenyi,Dispensary,-1.25379,31.75239,9000,High
102850-5,KILIMILILE,Kagera,Missenyi,Dispensary,-1.32541,31.42212,6454,High
100666-7,BYEJU,Kagera,Missenyi,Dispensary,-1.06365,31.368447,12761,Very High
121789-2,KANYIGO,Kagera,Missenyi,Health Center,-1.51111,31.44811,6647,High
103431-3,KYELIMA,Kagera,Missenyi,Dispensary,-1.113624,31.77637,3500,Low
111826-4,KABYAILE,Kagera,Missenyi,Health Center,-1.19067,31.78275,5286,Moderate
100534-7,BULEMBO,Kagera,Missenyi,Dispensary,-1.29541,31.52111,3429,Low
103184-8,KITOBO,Kagera,Missenyi,Dispensary,-1.21613,31.63352,9230,Very High
102794-5,KIKUKWE,Kagera,Missenyi,Dispensary,-1.10889,31.72876,3572,Low
100458-9,BUGORORA,Kagera,Missenyi,Dispensary,-1.2082,31.58522,7008,High
107151-3,LUKUBA,Kagera,Missenyi,Dispensary,-1.00409,31.41635,3916,Moderate
121780-1,MISSENYI,Kagera,Missenyi,Hospital,-1.1632,31.2939,233,Very Low
107189-3,RUZINGA,Kagera,Missenyi,Dispensary,-1.07935,31.66887,2723,Low
103421-4,KYAKA,Kagera,Missenyi,Dispensary,-1.25443,31.42048,4629,Moderate
122396-5,KASHABA,Kagera,Missenyi,Dispensary,-1.15161,31.15491,1381,Very Low
102199-7,ST THERESIA,Kagera,Missenyi,Health Center,-1.24282,31.48279,8321,High
105725-6,MUTUKULA,Kagera,Missenyi,Dispensary,-1.00407,31.4134,1996,Very Low
101537-9,ELCT MISSENYE,Kagera,Missenyi,Dispensary,-1.14421,31.39542,9221,Very High
100421-7,BUBALE,Kagera,Missenyi,Dispensary,-1.15617,31.2339,2473,Low
110207-8,BUCHURAGO,Kagera,Missenyi,Dispensary,-1.32269,31.56656,2057,Very Low
102428-0,KASHASHA,Kagera,Missenyi,Dispensary,-1.22897,31.64319,5525,Moderate
124451-6,MTM,Kagera,Missenyi,Dispensary,-1.18384,31.31234,427,Very Low
102205-2,KAKINDO,Kagera,Missenyi,Dispensary,-1.16542,31.4893,3769,Low
113780-1,ABIGA,Mwanza,Misungwi,Maternity Home,-2.83797,33.0891,11350,Very High
110865-3,Kaseni,Mwanza,Misungwi,Dispensary,-2.66092,32.9848,8390,High
106404-7,NG'OMBE,Mwanza,Misungwi,Dispensary,-2.76876,33.04165,9724,Very High
114115-9,Shilalo,Mwanza,Misungwi,Dispensary,-3.130967,33.054308,5145,Moderate
114542-4,MHUNGWE,Mwanza,Misungwi,Dispensary,-2.89627,33.15279,9385,Very High
104990-7,MITINDO,Mwanza,Misungwi,Health Center,-2.84748,33.09533,5108,Moderate
101903-3,Isesa,Mwanza,Misungwi,Dispensary,-2.9855,32.84793,7951,High
103319-0,KOROMIJE,Mwanza,Misungwi,Health Center,-2.69217,33.16429,10274,Very High
100611-3,BUSONGO,Mwanza,Misungwi,Health Center,-3.12152,32.94986,13264,Very High
105285-1,MONDO,Mwanza,Misungwi,Dispensary,-2.84133,33.26139,6671,High
114342-9,MAMAYE,Mwanza,Misungwi,Dispensary,-2.73818,33.10621,4869,Moderate
104009-6,MAHANDO,Mwanza,Misungwi,Dispensary,-3.24642,32.80489,5957,High
108054-8,UKIRIGURU,Mwanza,Misungwi,Dispensary,-2.71256,33.02576,8881,High
105879-1,MWAMBOLA,Mwanza,Misungwi,Dispensary,-2.79591,33.10359,7999,High
114204-1,NG'HAMVE,Mwanza,Misungwi,Dispensary,-2.98647,32.91851,3383,Low
106640-6,Nyabumhanda,Mwanza,Misungwi,Dispensary,-2.63151,33.02711,8863,High
114127-4,NG'HOBO,Mwanza,Misungwi,Dispensary,-3.103803,33.025939,6459,High
105981-5,MWAWILE,Mwanza,Misungwi,Dispensary,-3.25063,32.89754,8282,High
104574-9,MBARIKA,Mwanza,Misungwi,Health Center,-2.91393,32.83813,5657,Moderate
114551-5,MASSENGA,Mwanza,Misungwi,Dispensary,-2.68076,32.99184,1765,Very Low
114201-7,SONGIWE,Mwanza,Misungwi,Dispensary,-3.02166,32.97553,9779,Very High
105895-7,Mwanagwa,Mwanza,Misungwi,Dispensary,-2.96202,33.16116,11979,Very High
112800-8,GOSPEL COMMISSION M,Mwanza,Misungwi,Dispensary,-2.842175,33.084601,12122,Very High
100519-8,BUKUMBI CAMP,Mwanza,Misungwi,Dispensary,-2.70619,32.91026,4808,Moderate
101447-1,IBONGOYA,Mwanza,Misungwi,Dispensary,-2.73657,33.12861,7495,High
100477-9,BUHINGO,Mwanza,Misungwi,Dispensary,-3.06333,33.02207,13823,Very High
107384-0,SETH BENJAMIN,Mwanza,Misungwi,Dispensary,-2.66418,32.92411,4667,Moderate
106520-0,NKINGA,Mwanza,Misungwi,Dispensary,-3.23485,32.87719,4868,Moderate
104971-7,Misasi,Mwanza,Misungwi,Health Center,-3.01429,33.08727,21474,Very High
106646-3,Nyahiti,Mwanza,Misungwi,Dispensary,-2.81167,32.98954,9260,Very High
101178-2,GAMBAJIGA,Mwanza,Misungwi,Dispensary,-2.63643,33.15105,10266,Very High
102502-2,Kaunda,Mwanza,Misungwi,Dispensary,-2.75807,32.98291,10271,Very High
110866-1,USAGARA,Mwanza,Misungwi,Dispensary,-2.70012,33.00199,4957,Moderate
100486-0,BUHUNDA,Mwanza,Misungwi,Dispensary,-3.03411,32.88011,6414,High
120964-2,SANJO,Mwanza,Misungwi,Dispensary,-2.67603,33.00369,4560,Moderate
121728-0,NHUNDULU,Mwanza,Misungwi,Health Center,-3.25997,32.88551,11863,Very High
103612-8,LUBIRI,Mwanza,Misungwi,Dispensary,-3.11933,32.79222,9706,Very High
101570-0,IGONGWA,Mwanza,Misungwi,Dispensary,-2.94176,32.94291,5661,Moderate
121724-9,KWIMWA,Mwanza,Misungwi,Dispensary,-2.937396,32.895103,5471,Moderate
106427-8,NGUGE,Mwanza,Misungwi,Dispensary,-2.84265,33.15975,6623,High
124182-7,GOOD NEWS,Mwanza,Misungwi,Dispensary,-2.68007,32.99532,726,Very Low
102343-1,KANYERERE,Mwanza,Misungwi,Dispensary,-2.66868,33.09776,11201,Very High
105811-4,Mwagala,Mwanza,Misungwi,Dispensary,-2.71785,33.06595,6829,High
105940-1,MWANIKO,Mwanza,Misungwi,Dispensary,-2.87447,33.22194,7213,High
111869-4,MATALE,Mwanza,Misungwi,Dispensary,-2.914799,32.996973,12230,Very High
113781-9,NGELEKA,Mwanza,Misungwi,Dispensary,-2.641856,33.012973,3536,Low
106693-5,NYAMAINZA,Mwanza,Misungwi,Dispensary,-3.02828,32.93758,11874,Very High
101554-4,IGOKELO,Mwanza,Misungwi,Dispensary,-2.82012,33.04992,10713,Very High
123954-0,CHICCO  DENTAL,Mwanza,Misungwi,Clinic,-2.64837,32.96423,10505,Very High
114552-3,NYANZA,Mwanza,Misungwi,Dispensary,-2.677991,32.995161,3329,Low
114207-4,Mwagimagi,Mwanza,Misungwi,Dispensary,-3.075227,32.864413,9212,Very High
114386-6,ERICK,Mwanza,Misungwi,Health Laboratory,-2.68543,33.00211,4693,Moderate
102760-6,KIJIMA,Mwanza,Misungwi,Dispensary,-3.08201,33.132,8350,High
111870-2,IHELELE,Mwanza,Misungwi,Dispensary,-3.033532,32.778146,4635,Moderate
107665-2,SUMBUGU,Mwanza,Misungwi,Dispensary,-2.86505,32.95206,5462,Moderate
114206-6,LUTALUTALE,Mwanza,Misungwi,Dispensary,-2.89094,32.86166,4090,Moderate
105878-3,Mwamboku,Mwanza,Misungwi,Dispensary,-3.16611,33.01912,5523,Moderate
114208-2,ISENENGEJA,Mwanza,Misungwi,Dispensary,-3.21446,32.84751,5648,Moderate
110864-6,MBALAMA,Mwanza,Misungwi,Dispensary,-2.99217,32.8962,4206,Moderate
121768-6,MISUNGWI-ITEJA,Mwanza,Misungwi,Hospital,-2.87021,33.10692,8967,High
113639-9,KMT,Mwanza,Misungwi,Dispensary,-2.843056,33.085209,6504,High
106769-3,NYANG'HOMANGO,Mwanza,Misungwi,Dispensary,-3.01248,32.8225,6454,High
114199-3,MWAMAGUHWA,Mwanza,Misungwi,Dispensary,-3.07586,33.15691,5785,Moderate
101477-8,USAGARA,Mwanza,Misungwi,Health Center,-2.68465,32.98506,3632,Low
114549-9,MAYOLWA,Mwanza,Misungwi,Dispensary,-2.68242,32.95388,4986,Moderate
100454-8,Bugisha,Mwanza,Misungwi,Dispensary,-2.85514,32.88467,6583,High
105815-5,MWAGILIGILI,Mwanza,Misungwi,Dispensary,-3.1739,32.92268,12501,Very High
101875-3,ISAMILO,Mwanza,Misungwi,Dispensary,-2.73179,32.94381,8591,High
106724-8,NYAMIJUNDU,Mwanza,Misungwi,Dispensary,-2.96011,32.99308,11319,Very High
106611-7,NTULYA,Mwanza,Misungwi,Dispensary,-2.86937,33.27817,6517,High
113350-3,USAGARA,Mwanza,Misungwi,Health Laboratory,-2.682824,32.996188,2850,Low
105873-4,MWAMAZENGO,Mwanza,Misungwi,Dispensary,-3.17018,32.84866,8652,High
100520-6,BUKUMBI,Mwanza,Misungwi,Hospital,-2.71405,32.92137,6761,High
104874-3,MIGANGA,Singida,Mkalama,Dispensary,-4.20287,34.71334,7694,High
105918-7,ST AGNES,Singida,Mkalama,Health Center,-4.27823,34.19019,7101,High
111131-9,SAMARIA,Singida,Mkalama,Dispensary,-4.27169,34.87536,16461,Very High
111030-3,KINAMPUNDU,Singida,Mkalama,Dispensary,-4.41726,34.79953,9461,Very High
103801-7,LYELEMBO,Singida,Mkalama,Dispensary,-4.47234,34.59218,6426,High
113148-1,MILADE,Singida,Mkalama,Dispensary,-4.60249,34.58725,7030,High
105473-3,MSINGI,Singida,Mkalama,Dispensary,-4.34113,34.55121,4326,Moderate
101578-3,IGUGUNO R.C,Singida,Mkalama,Dispensary,-4.56667,34.6333,3577,Low
121928-6,MSIU,Singida,Mkalama,Dispensary,-4.24019,34.78574,6305,High
113151-5,KIDARAFA,Singida,Mkalama,Dispensary,-4.21564,34.92171,12144,Very High
106524-2,NKINTO,Singida,Mkalama,Dispensary,-4.13318,34.75158,9294,Very High
103049-3,KIRUMI,Singida,Mkalama,Dispensary,-4.07651,34.71815,6675,High
106232-2,NDALA,Singida,Mkalama,Dispensary,-4.36167,34.64471,2723,Low
102971-9,KINYAMBULI,Singida,Mkalama,Health Center,-4.19891,34.78511,7695,High
111029-5,DOMINIC,Singida,Mkalama,Dispensary,-4.1418,34.88389,8001,High
102975-0,KINYANGIRI,Singida,Mkalama,Health Center,-4.45092,34.62766,3669,Low
101541-1,IGONIA,Singida,Mkalama,Dispensary,-4.09541,34.58298,4210,Moderate
114060-7,ILUNDA,Singida,Mkalama,Dispensary,-4.45234,34.42331,9354,Very High
105689-4,MUNGULI,Singida,Mkalama,Dispensary,-4.02106,34.83491,7589,High
101095-8,ENDASIKU,Singida,Mkalama,Dispensary,-3.93087,34.68995,3764,Low
104317-3,MARERA,Singida,Mkalama,Dispensary,-4.185471,34.884491,5743,Moderate
108393-0,YULANSONI,Singida,Mkalama,Dispensary,-4.38115,34.57289,4409,Moderate
105333-9,MPAMBALA,Singida,Mkalama,Dispensary,-4.05551,34.56228,4244,Moderate
100768-1,CHEMCHEM,Singida,Mkalama,Dispensary,-4.05102,34.58315,3469,Low
101427-3,IAMBI ELCT,Singida,Mkalama,Dispensary,-4.35331,34.7594,10285,Very High
113142-4,SALAMA,Singida,Mkalama,Health Laboratory,-4.30651,34.70478,9580,Very High
105038-4,MKALAMA,Singida,Mkalama,Health Center,-4.11442,34.6431,4473,Moderate
104160-7,MALAJA,Singida,Mkalama,Dispensary,-4.24018,34.70873,8579,High
106274-4,NDUGUTI,Singida,Mkalama,Dispensary,-4.30044,34.70001,4610,Moderate
101266-5,GUMANGA,Singida,Mkalama,Health Center,-4.23816,34.61206,12730,Very High
107484-8,SINGA,Singida,Mkalama,Dispensary,-4.38922,34.86124,11188,Very High
101658-3,IKOLO,Singida,Mkalama,Dispensary,-4.00614,34.75932,3160,Low
111031-1,MGIMBA,Singida,Mkalama,Dispensary,-4.26698,34.55539,2968,Low
105927-8,MWANGEZA,Singida,Mkalama,Dispensary,-4.10921,34.8226,7638,High
101577-5,IGUGUNO,Singida,Mkalama,Dispensary,-4.56667,34.63333,4689,Moderate
113139-0,IMANI,Singida,Mkalama,Health Laboratory,-4.56755,34.62489,10158,Very High
121944-3,LUKOMO,Singida,Mkalama,Dispensary,-4.45382,34.65456,3695,Low
106510-1,NKALAKALA,Singida,Mkalama,Dispensary,-4.27223,34.77478,13197,Very High
102778-8,KIKHONDA,Singida,Mkalama,Dispensary,-4.50046,34.74412,8569,High
101763-1,ILONGO,Singida,Mkalama,Dispensary,-4.07114,34.62179,5009,Moderate
121938-5,KINANKAMBA,Singida,Mkalama,Dispensary,-4.42582,34.65456,1337,Very Low
101905-8,ISHENGA,Singida,Mkalama,Dispensary,-4.39463,34.68501,8590,High
101910-8,ISHINSI,Singida,Mkalama,Dispensary,-4.35008,34.58816,3071,Low
105075-6,MKINGA LEO,Tanga,Mkinga,Dispensary,-4.84629,39.0861,4411,Moderate
101240-0,GOMBERO,Tanga,Mkinga,Dispensary,-4.95399,38.9495,6220,High
105830-4,MWAKIJEMBE,Tanga,Mkinga,Dispensary,-4.53312,38.9131,3972,Moderate
104286-0,MANZA,Tanga,Mkinga,Dispensary,-4.8282,39.1532,2486,Low
103911-4,MAGATI,Tanga,Mkinga,Dispensary,-4.82328,38.8132,7761,High
105074-9,MKINGA,Tanga,Mkinga,Health Center,-4.84618,39.1217,4892,Moderate
104309-0,MARAMBA,Tanga,Mkinga,Health Center,-4.86975,38.8023,5270,Moderate
121492-3,BANTU,Tanga,Mkinga,Dispensary,-4.93246,38.84604,7132,High
100946-3,DALUNI,Tanga,Mkinga,Dispensary,-4.77195,38.77562,4314,Moderate
104805-7,MHINDURO,Tanga,Mkinga,Dispensary,-4.93077,38.8003,3086,Low
124028-2,MICHAEL,Tanga,Mkinga,Dispensary,-4.86762,38.80481,6144,High
104310-8,MARAMBA JKT,Tanga,Mkinga,Dispensary,-4.86885,38.8078,1980,Very Low
105024-4,MJESANI,Tanga,Mkinga,Health Center,-5.02812,38.88301,5553,Moderate
105262-0,MOA,Tanga,Mkinga,Dispensary,-4.76797,39.1707,2876,Low
101390-3,HOROHORO,Tanga,Mkinga,Dispensary,-4.62459,39.10087,5940,High
101033-9,DUGA MAFORONI,Tanga,Mkinga,Dispensary,-4.681402,39.101821,7328,High
102597-2,KIBIBONI,Tanga,Mkinga,Dispensary,-4.93333,39.0948,1670,Very Low
105916-1,MWANDUSI,Tanga,Mkinga,Dispensary,-4.91125,39.118101,1595,Very Low
100989-3,DODA,Tanga,Mkinga,Dispensary,-4.91117,39.08805,2033,Very Low
121549-0,MAGAONI,Tanga,Mkinga,Dispensary,-4.87313,39.11396,2955,Low
102814-1,KILANGA,Tanga,Mkinga,Dispensary,-4.91248,38.7059,6477,High
114790-9,MAZOLA KILIFI,Tanga,Mkinga,Dispensary,-4.84976,39.02647,1484,Very Low
114789-1,KWALE,Tanga,Mkinga,Dispensary,-4.96549,39.13969,1721,Very Low
103972-6,MAGODI,Tanga,Mkinga,Dispensary,-4.774457,39.048863,2359,Low
111457-8,HOROHORO BOARDER,Tanga,Mkinga,Dispensary,-4.601755,39.100564,6745,High
105947-6,MWANYUMBA,Tanga,Mkinga,Dispensary,-4.83026,38.8603,4828,Moderate
121548-2,KIBEWANI,Tanga,Mkinga,Dispensary,-4.73641,39.07049,1895,Very Low
100295-5,BAMBA MAVENGERO,Tanga,Mkinga,Dispensary,-4.97254,38.7966,3154,Low
121904-7,Ram Clinical,Tanga,Mkinga,Health Laboratory,-4.86957,38.80573,1027,Very Low
103651-6,LUGONGO ESTATE,Tanga,Mkinga,Dispensary,-4.87224,38.83406,4197,Moderate
105565-6,MTIMBWANI,Tanga,Mkinga,Dispensary,-4.95747,39.08878,3751,Low
108292-4,VYERU,Tanga,Mkinga,Dispensary,-4.95496,39.1382,2767,Low
102722-6,KIGONGOI,Tanga,Mkinga,Dispensary,-4.81,38.7734,5216,Moderate
114791-7,SEGOMA,Tanga,Mkinga,Dispensary,-4.99752,38.76688,1674,Very Low
108287-4,VUO,Tanga,Mkinga,Dispensary,-4.80556,39.15088,3234,Low
121550-8,MATEMBONI,Tanga,Mkinga,Dispensary,-4.89333,38.77447,4465,Moderate
100394-6,BOMA,Tanga,Mkinga,Dispensary,-4.85865,39.19406,1494,Very Low
101034-7,DUGA SIGAYA,Tanga,Mkinga,Dispensary,-4.70868,39.1209,3966,Moderate
111086-5,MAYOMBONI,Tanga,Mkinga,Dispensary,-4.742973,39.165187,3189,Low
102881-0,KILULU DUGA,Tanga,Mkinga,Dispensary,-4.76032,39.12238,3112,Low
124426-8,TAIFA HEALTH,Pwani,Mkuranga,Health Laboratory,-6.59213,39.11916,11566,Very High
113302-4,CAREEN,Pwani,Mkuranga,Health Laboratory,-7.07437,39.23275,4410,Moderate
105047-5,MKAMBA,Pwani,Mkuranga,Health Center,-7.39424,38.9757,15266,Very High
107555-5,SOTELE,Pwani,Mkuranga,Dispensary,-7.302823,39.22047,7161,High
112061-7,MKANOGE,Pwani,Mkuranga,Dispensary,-7.48691,39.01517,5711,Moderate
111496-6,ISTANBUL HEALTH CARE CENTER,Pwani,Mkuranga,Health Center,-7.27558,39.13413,11257,Very High
114796-6,MTARAZAKI MEDICAL,Pwani,Mkuranga,Dispensary,-6.966642,39.347003,19220,Very High
122758-6,MTIRO,Pwani,Mkuranga,Dispensary,-7.08112,39.22812,6534,High
107586-0,ST. FRANCIS XAVIER,Pwani,Mkuranga,Dispensary,-7.1162,39.20819,1853,Very Low
103109-5,NYOTA YA BAHARI,Pwani,Mkuranga,Health Center,-7.39906,39.3391,6364,High
121448-5,TENGELEA,Pwani,Mkuranga,Dispensary,-7.11354,39.16155,7503,High
107642-1,ST. VINCENT,Pwani,Mkuranga,Health Center,-7.02419,39.29764,3841,Low
121456-8,RM  MEDICAL LABORATORY,Pwani,Mkuranga,Health Laboratory,-7.03243,39.2818,2889,Low
101852-2,IRENE KILIMAHEWA,Pwani,Mkuranga,Health Center,-7.37337,39.08953,14196,Very High
103912-2,MAGAWA,Pwani,Mkuranga,Dispensary,-7.456241,39.25951,5255,Moderate
107448-3,SHUNGUBWENI,Pwani,Mkuranga,Dispensary,-7.19269,39.38297,3609,Low
105898-1,MWANAMBAYA,Pwani,Mkuranga,Dispensary,-7.049182,39.240297,12495,Very High
108434-2,KITOMONDO,Pwani,Mkuranga,Dispensary,-7.28361,39.20063,6662,High
111079-0,KISEMVULE,Pwani,Mkuranga,Dispensary,-7.04461,39.28402,15655,Very High
106703-2,NYAMATO,Pwani,Mkuranga,Dispensary,-7.45614,39.0315,4673,Moderate
121442-8,KISEGESE,Pwani,Mkuranga,Dispensary,-7.4000005,38.896859,1595,Very Low
114294-2,MWAJUMA,Pwani,Mkuranga,Health Laboratory,-6.97434,39.28956,9481,Very High
103107-9,KISIJU,Pwani,Mkuranga,Health Center,-7.35925,39.28691,7543,High
121426-1,charity health laboratory,Pwani,Mkuranga,Health Laboratory,-7.03229,39.28097,2072,Very Low
123074-7,RAJM,Pwani,Mkuranga,Dispensary,-7.10868,39.20655,4184,Moderate
123575-3,MICO MKURANGA,Pwani,Mkuranga,Dispensary,-7.12368,39.20281,9844,Very High
103682-1,LUKANGA,Pwani,Mkuranga,Dispensary,-7.48048,39.17598,6717,High
114746-1,NGUNGUTI,Pwani,Mkuranga,Health Center,-7.005774,39.312513,513,Very Low
123960-7,KKKT MWARUSEMBE,Pwani,Mkuranga,Dispensary,-7.26584,39.14394,3147,Low
123084-6,MAGODANI,Pwani,Mkuranga,Dispensary,-7.01946,39.38877,9933,Very High
113564-9,MONTANA,Pwani,Mkuranga,Dispensary,-7.03395,39.27862,10531,Very High
111188-9,KIZIKO,Pwani,Mkuranga,Dispensary,-7.19771,39.12763,6599,High
124066-2,SHUFAA,Pwani,Mkuranga,Dispensary,-7.02299,39.27243,8754,High
105077-2,MKIU,Pwani,Mkuranga,Dispensary,-7.457331,39.12451,6644,High
103221-8,KIWAMBO,Pwani,Mkuranga,Dispensary,-7.30304,39.1573,7158,High
107283-4,SANGASANGA,Pwani,Mkuranga,Dispensary,-7.36362,39.2456,2173,Low
121315-6,FARAJA,Pwani,Mkuranga,Maternity and Nursing Home,-7.020824,39.280554,2527,Low
111497-4,MALELA,Pwani,Mkuranga,Dispensary,-7.10107,39.32065,4792,Moderate
111080-8,MBEZI MLUNGWANA,Pwani,Mkuranga,Dispensary,-7.35619,38.90701,1565,Very Low
120737-2,DIVINE PROVIDENCE,Pwani,Mkuranga,Health Center,-7.20039,39.02515,5435,Moderate
111550-0,CHAMGOI,Pwani,Mkuranga,Dispensary,-7.40207,38.90074,1749,Very Low
103989-0,MAGOZA,Pwani,Mkuranga,Dispensary,-7.13787,39.11319,6825,High
100370-6,BINGA,Pwani,Mkuranga,Dispensary,-7.26814,39.2333,6016,High
123765-0,ST.JOSHUA,Pwani,Mkuranga,Dispensary,-7.11625,39.20285,5852,Moderate
113301-6,GREAT HOPE,Pwani,Mkuranga,Health Laboratory,-7.11806,39.20583,2269,Low
108239-5,UZIMA MISSION,Pwani,Mkuranga,Dispensary,-6.97941,39.28865,2442,Low
121443-6,KWALE,Pwani,Mkuranga,Dispensary,-7.41162,39.39661,188,Very Low
107565-4,ST MAGDALENA,Pwani,Mkuranga,Maternity Home,-7.10486,39.32146,4304,Moderate
121424-6,BETHEL HEALTH LABORATORY,Pwani,Mkuranga,Health Laboratory,-7.00959,39.30669,5212,Moderate
124424-3,AGA SON,Pwani,Mkuranga,Health Laboratory,-7.01658,39.30324,3922,Moderate
124418-5,LINDA HEALTH,Pwani,Mkuranga,Health Laboratory,-7.03012,39.29461,9927,Very High
124141-3,ST.JOSHUA,Pwani,Mkuranga,Clinic,-7.1167299999999996,39.20359,1360,Very Low
100004-1,BUPU,Pwani,Mkuranga,Dispensary,-7.19919,39.0225,1866,Very Low
123043-2,MBOBOYU,Pwani,Mkuranga,Clinic,-7.03133,39.28257,4418,Moderate
102634-3,KIBUYUNI,Pwani,Mkuranga,Dispensary,-7.30131,38.9255,3541,Low
111494-1,MBULANI,Pwani,Mkuranga,Dispensary,-7.31969,38.96873,5214,Moderate
114750-3,NYATANGA,Pwani,Mkuranga,Dispensary,-7.297689,39.005723,8687,High
123715-5,CALL CHADOES,Pwani,Mkuranga,Dispensary,-7.01051,39.31705,19016,Very High
111354-7,UPENDO MATERNITY HOME,Pwani,Mkuranga,Maternity Home,-7.10576,39.20847,10036,Very High
114747-9,MWANDEGE,Pwani,Mkuranga,Dispensary,-6.975003,39.294353,11857,Very High
114749-5,MWARUSEMBE LGA,Pwani,Mkuranga,Dispensary,-7.272941,39.134459,6048,High
121422-0,LEMY II,Pwani,Mkuranga,Health Laboratory,-6.977717,39.287105,1096,Very Low
105143-2,MKURANGA,Pwani,Mkuranga,Hospital,-7.13164,39.21273,3463,Low
113562-3,BOKA,Pwani,Mkuranga,Dispensary,-7.00287,39.30926,7151,High
100171-8,ARAFA-KIPARANG'ANDA,Pwani,Mkuranga,Dispensary,-7.14991,39.1803,7162,High
108244-5,VIANZI,Pwani,Mkuranga,Dispensary,-7.0407,39.33069,19985,Very High
105961-7,MWARUSEMBE,Pwani,Mkuranga,Dispensary,-7.26593,39.1445,5786,Moderate
105499-8,MSORWA,Pwani,Mkuranga,Dispensary,-7.17381,39.29921,3309,Low
111493-3,MFURUMWAMBAO,Pwani,Mkuranga,Dispensary,-7.06961,39.36177,8555,High
124434-2,DR. JM HEALTH,Pwani,Mkuranga,Health Laboratory,-7.00377,39.31245,8652,High
111189-7,BOZA,Pwani,Mkuranga,Dispensary,-7.23449,39.42242,1444,Very Low
123833-6,ABILINDA,Pwani,Mkuranga,Maternity and Nursing Home,-6.98318,39.30021,17860,Very High
121446-9,SUNGUVUNI,Pwani,Mkuranga,Dispensary,-7.11993,39.26437,3256,Low
106504-4,NJOPEKA,Pwani,Mkuranga,Dispensary,-7.49652,39.1465,5788,Moderate
114320-5,MNEMELE,Pwani,Mkuranga,Health Laboratory,-7.455487,39.113232000000004,6836,High
124421-9,ARH,Pwani,Mkuranga,Health Laboratory,-7.43578,39.31919,532,Very Low
106207-4,NASIBUGANI,Pwani,Mkuranga,Dispensary,-7.39206,39.25648,3155,Low
124264-3,ELICANA,Pwani,Mkuranga,Dispensary,-7.11918,39.19074,6948,High
123470-7,OLDUVAI,Pwani,Mkuranga,Dispensary,-7.01889,39.31353,7582,High
106492-2,NJIA NNE,Pwani,Mkuranga,Dispensary,-7.36512,39.1896,10243,Very High
113300-8,LUVI,Pwani,Mkuranga,Health Laboratory,-6.95431,39.28564,21323,Very High
123395-6,MWANADILATU,Pwani,Mkuranga,Dispensary,-7.02391,39.17269,8349,High
121444-4,KIFUMANGAO,Pwani,Mkuranga,Dispensary,-7.523446,39.244571,1504,Very Low
121425-3,VIVAH,Pwani,Mkuranga,Health Laboratory,-7.00458,39.3084,3743,Low
121819-7,AL-RAHMAH,Pwani,Mkuranga,Dispensary,-7.12159,39.17275,2176,Low
124423-5,ARIZONA MEDICAL,Pwani,Mkuranga,Health Laboratory,-6.95384,39.28469,4630,Moderate
105326-3,MPAFU,Pwani,Mkuranga,Dispensary,-7.306161,39.324861,5019,Moderate
105185-3,MLAMLENI,Pwani,Mkuranga,Dispensary,-6.98504,39.24813,11011,Very High
121449-3,KIPARANG'ANDA,Pwani,Mkuranga,Dispensary,-7.14677,39.17742,3871,Low
121825-4,MADALALI,Pwani,Mkuranga,Dispensary,-6.979251,39.244164,10433,Very High
111478-4,IBUN JAZARY,Pwani,Mkuranga,Dispensary,-7.01391,39.29823,4000,Moderate
108258-5,VIKINDU,Pwani,Mkuranga,Dispensary,-7.00672,39.2991,3696,Low
114319-7,MTENDO,Pwani,Mkuranga,Health Laboratory,-7.018438,39.278493,4501,Moderate
102334-0,TAYMA KIMANZICHANA,Pwani,Mkuranga,Dispensary,-7.36316,39.0636,20588,Very High
124193-4,JAJA FAMILY,Pwani,Mkuranga,Dispensary,-7.00617,39.31095,1492,Very Low
114254-6,TUMANYENE,Pwani,Mkuranga,Health Laboratory,-7.00763,39.31494,4639,Moderate
121423-8,AFYA MEDICAL CARE LABORATORY,Pwani,Mkuranga,Health Laboratory,-7.009281,39.314161,2544,Low
105505-2,MSUFINI KIDETE,Pwani,Mkuranga,Dispensary,-7.17359,39.2331,5441,Moderate
104706-7,MDIMNI,Pwani,Mkuranga,Dispensary,-7.424961,39.293011,1959,Very Low
114748-7,KIMANZICHANA,Pwani,Mkuranga,Dispensary,-7.367026,39.060312,17115,Very High
121447-7,KIBAMBA,Pwani,Mkuranga,Dispensary,-7.08558,39.26114,4613,Moderate
101817-5,INYONGA,Katavi,Mlele,Health Center,-6.76288,32.0529,4295,Moderate
113376-8,WACHAWASEME,Katavi,Mlele,Dispensary,-6.73459,31.99464,4535,Moderate
113383-4,MLOGOLO,Katavi,Mlele,Dispensary,-6.84612,32.13016,8337,High
124351-8,MAJIJA,Katavi,Mlele,Dispensary,-6.78382,32.46953,29492,Very High
110093-2,MAPILI,Katavi,Mlele,Dispensary,-6.7976,32.1253,7930,High
113373-5,KANOGE,Katavi,Mlele,Dispensary,-6.69811,31.99061,6590,High
108203-1,UTENDE,Katavi,Mlele,Dispensary,-6.64988,32.0074,22271,Very High
115018-4,KAMALAMPAKA,Katavi,Mlele,Dispensary,-6.74779,32.13304,14024,Very High
101395-2,HUDUMA,Katavi,Mlele,Dispensary,-6.2224,32.0621,731,Very Low
113380-0,MASIGO,Katavi,Mlele,Dispensary,-6.818575,32.047617,6117,High
113144-0,KAMSISI,Katavi,Mlele,Dispensary,-6.647414,32.114138,19385,Very High
114670-3,MLELE,Katavi,Mlele,Hospital,-6.41817,32.02029,316,Very Low
122123-3,EBENEZER,Katavi,Mlele,Health Laboratory,-6.71691,32.057236,10127,Very High
101816-7,INYONGA B,Katavi,Mlele,Health Center,-6.721407,32.062187,13156,Very High
113378-4,MTAKUJA,Katavi,Mlele,Dispensary,-6.74689,32.00159,4790,Moderate
110003-1,NSENKWA,Katavi,Mlele,Dispensary,-6.77239,32.01488,6111,High
123970-6,SONGAMBELE,Katavi,Mlele,Dispensary,-6.68743,32.14757,12927,Very High
101726-8,ILELA,Katavi,Mlele,Dispensary,-6.813842,32.089999,3849,Low
115017-6,MGOMBE,Katavi,Mlele,Dispensary,-6.66471,32.00031,5261,Moderate
123076-2,LUGALA,Morogoro,Kilombero,Dispensary,-8.34864,36.08333,3039,Low
114987-1,CHITA,Morogoro,Kilombero,Health Center,-8.51798,35.95177,4298,Moderate
102499-1,KATURUKILA,Morogoro,Kilombero,Dispensary,-7.84273,36.91531,7951,High
114995-4,MKUYUNI,Morogoro,Kilombero,Dispensary,-8.77297,35.96679,16030,Very High
107791-6,TAZARA,Morogoro,Kilombero,Dispensary,-8.7861,35.7968,3733,Low
122047-4,BARAKA,Morogoro,Kilombero,Health Laboratory,-8.41267,36.01063,3827,Low
114106-8,MOFU,Morogoro,Kilombero,Health Center,-8.25261,36.11382,482,Very Low
122048-2,HAYDOM,Morogoro,Kilombero,Health Laboratory,-8.351,36.07987,871,Very Low
111058-4,KITETE,Morogoro,Kilombero,Dispensary,-8.7679,35.527,658,Very Low
114815-4,NJAGI,Morogoro,Kilombero,Dispensary,-8.24618,36.17225,9110,Very High
114002-9,MARY,Morogoro,Kilombero,Dispensary,-8.21208,36.2342,13031,Very High
106334-6,NGALIMILA,Morogoro,Kilombero,Dispensary,-8.96071,35.89394,9085,Very High
111040-2,UDAGAJI,Morogoro,Kilombero,Dispensary,-8.593724,35.900962,8180,High
111517-9,KAANAN,Morogoro,Kilombero,Dispensary,-8.5023,35.9356,2336,Low
114603-4,DARIO'S,Morogoro,Kilombero,Dispensary,-8.15369,36.38542,2380,Low
104620-0,ST JUDE THADDEUS,Morogoro,Kilombero,Health Center,-8.17262,36.25092,2875,Low
111186-3,MBINGU,Morogoro,Kilombero,Dispensary,-8.17857,36.26101,10978,Very High
108000-1,UCHINDILE,Morogoro,Kilombero,Dispensary,-8.7721,35.4101,4392,Moderate
111036-0,MATEMA,Morogoro,Kilombero,Dispensary,-8.84898,35.7744,10220,Very High
105207-5,MLIMBA,Morogoro,Kilombero,Health Center,-8.79667,35.805,3534,Low
105052-5,MKANGAWALO,Morogoro,Kilombero,Dispensary,-8.36586,36.07772,2870,Low
100848-1,CHITA RURAL,Morogoro,Kilombero,Dispensary,-8.521183,35.945358,11359,Very High
112023-7,IKWAMBI,Morogoro,Kilombero,Dispensary,-8.295306,36.345527,20132,Very High
114990-5,NGALIMILA RURAL,Morogoro,Kilombero,Dispensary,-8.96072,35.89395,6186,High
120659-8,LUSAJO,Morogoro,Kilombero,Health Laboratory,-8.3172,36.12365,20965,Very High
111057-6,KISEGESE,Morogoro,Kilombero,Dispensary,-8.17804,36.32942,12004,Very High
111056-8,IKULE,Morogoro,Kilombero,Dispensary,-8.40211,36.02032,3253,Low
123672-8,TANDALE,Morogoro,Kilombero,Health Laboratory,-8.20924,36.22904,4044,Moderate
114643-0,MLIMBA DH,Morogoro,Kilombero,Hospital,-8.35033,36.07214,842,Very Low
105342-0,MPANGA,Morogoro,Kilombero,Dispensary,-8.93667,35.8133,5109,Moderate
108206-4,UTENGULE,Morogoro,Kilombero,Dispensary,-8.95321,35.8372,9067,Very High
113119-2,MSOLWA MLIMBA,Morogoro,Kilombero,Dispensary,-8.7951,35.86138,11788,Very High
101473-7,IDETE,Morogoro,Kilombero,Dispensary,-8.101,36.36,227,Very Low
101831-6,IPINDE,Morogoro,Kilombero,Dispensary,-9.08979,35.7011,2556,Low
100843-2,CHISANO,Morogoro,Kilombero,Dispensary,-8.65992,35.8535,7883,High
107782-5,TAWETA,Morogoro,Kilombero,Dispensary,-9.0216,35.6066,4282,Moderate
107742-9,TANESCO KIHANSI,Morogoro,Kilombero,Dispensary,-8.63728,36.05011,8138,High
114013-6,TANGANYIKA RURAL,Morogoro,Kilombero,Dispensary,-9.10991,35.63493,762,Very Low
106160-5,NAMWAWALA,Morogoro,Kilombero,Dispensary,-8.154555,36.389139,13055,Very High
105250-5,MNGETA,Morogoro,Kilombero,Health Center,-8.31667,36.1067,1400,Very Low
114104-3,LUFULU,Morogoro,Kilombero,Dispensary,-8.54764,36.93091,1873,Very Low
121966-6,IGIMA,Morogoro,Kilombero,Health Center,-8.22821,36.62298,7471,High
122670-3,KICHANGANI,Morogoro,Kilombero,Health Laboratory,-8.51367,35.51482,1310,Very Low
100847-3,CHITA JKT,Morogoro,Kilombero,Dispensary,-8.498,35.931,21,Very Low
113816-3,MERERA,Morogoro,Kilombero,Dispensary,-8.5496200000000009,36.01682,5104,Moderate
122669-5,NEW ULANGA,Morogoro,Kilombero,Health Laboratory,-8.21152,36.22793,7289,High
123865-8,ABDON MAABARA,Morogoro,Kilombero,Health Laboratory,-8.10061,36.50966,6966,High
113568-0,MIWANGANI,Morogoro,Kilombero,Dispensary,-8.1474,36.50563,5231,Moderate
123740-3,KMC,Morogoro,Kilombero,Dispensary,-8.31868,36.12008,2603,Low
101476-0,IDETE PRISON,Morogoro,Kilombero,Dispensary,-8.101,36.489,2047,Very Low
114012-8,VIWANJASITINI,Morogoro,Kilombero,Dispensary,-8.81475,35.80865,6760,High
111059-2,KPL,Morogoro,Kilombero,Dispensary,-8.36303,36.09364,11889,Very High
123669-4,HANS MEDICAL,Morogoro,Kilombero,Health Laboratory,-8.78901,35.85374,3977,Moderate
114105-0,MGUGWE,Morogoro,Kilombero,Dispensary,-8.66626,35.84753,3881,Moderate
105264-6,MOFU,Morogoro,Kilombero,Dispensary,-8.30016,36.35098,3765,Low
111037-8,MARY'S,Morogoro,Kilombero,Dispensary,-8.78645,35.80531,9250,Very High
113997-1,ACLANE,Morogoro,Kilombero,Dispensary,-8.77998,35.81071,17906,Very High
123668-6,ACLANE USALAMA,Morogoro,Kilombero,Health Laboratory,-8.76035,35.82938,8703,High
114989-7,MSITA,Morogoro,Kilombero,Dispensary,-8.54961,36.01683,2940,Low
104693-7,MCHOMBE,Morogoro,Kilombero,Dispensary,-8.31667,36.1167,1842,Very Low
107751-0,TANGANYIKA,Morogoro,Kilombero,Dispensary,-9.12612,35.62993,1443,Very Low
111038-6,UPENDO,Morogoro,Kilombero,Dispensary,-8.92861,35.82456,8552,High
114988-9,MIKOCHINI,Morogoro,Kilombero,Dispensary,-8.22687,36.45064,14073,Very High
104720-8,MEIGHS,Morogoro,Kilombero,Dispensary,-8.80665,35.79706,5486,Moderate
106141-5,NAMING'ONGO,Songwe,Momba,Dispensary,-8.774294,32.446629,5640,Moderate
121387-5,SANTE,Songwe,Momba,Dispensary,-8.43975,32.52711,2320,Low
122319-7,NAKAWALE,Songwe,Momba,Dispensary,-9.00082,32.42495,3739,Low
100855-6,CHITETE,Songwe,Momba,Dispensary,-8.80533,32.5046,10120,Very High
120640-8,MOMBA,Songwe,Momba,Hospital,-8.80833,32.32525,961,Very Low
109890-4,NKALA,Songwe,Momba,Dispensary,-8.854012,32.496618,9355,Very High
102294-6,KAMSAMBA,Songwe,Momba,Health Center,-8.35759,32.2943,6275,High
112445-2,IPATA,Songwe,Momba,Dispensary,-8.58712,32.3732,2283,Low
111484-2,MACHINDO,Songwe,Momba,Dispensary,-8.833124,32.311199,1324,Very Low
113837-9,MASANYINTA,Songwe,Momba,Dispensary,-8.489,32.3011,1587,Very Low
112176-3,IPUMPILA,Songwe,Momba,Dispensary,-9.104452,32.414405,2554,Low
122252-0,MKULWE GOVT,Songwe,Momba,Health Center,-8.53731,32.31757,3715,Low
112174-8,KAONGA,Songwe,Momba,Dispensary,-8.68779,32.37329,2174,Low
120534-3,MSUNGWE',Songwe,Momba,Dispensary,-8.714931,32.41439,1593,Very Low
105148-1,MKUTANO,Songwe,Momba,Dispensary,-8.706625,32.169916,4733,Moderate
101640-1,IKANA,Songwe,Momba,Dispensary,-8.987247,32.413583,2505,Low
121480-8,CHOLE,Songwe,Momba,Dispensary,-8.71493,32.10475,3872,Low
108883-0,NKANGAMO,Songwe,Momba,Dispensary,-9.245507,32.623158,8795,High
109212-1,MKULWE,Songwe,Momba,Health Center,-8.584097,32.31643,4309,Moderate
109893-8,USOCHE,Songwe,Momba,Dispensary,-8.458861,32.290069,7921,High
102038-7,IYENDWE,Songwe,Momba,Dispensary,-8.997106,32.201764,4228,Moderate
109892-0,TONTELA,Songwe,Momba,Dispensary,-8.680803,32.38723,2709,Low
104759-6,MFUTO,Songwe,Momba,Dispensary,-8.798999,32.33388,1773,Very Low
108876-4,IVUNA,Songwe,Momba,Dispensary,-8.440311,32.528315,4246,Moderate
105347-9,MPAPA,Songwe,Momba,Dispensary,-8.40478,32.3735,6486,High
108865-7,KAPELE,Songwe,Momba,Dispensary,-9.068834,32.182498,3253,Low
108874-9,NTUNGWA,Songwe,Momba,Dispensary,-8.597743,32.475913,5958,High
120695-2,MSANGANO,Songwe,Momba,Health Center,-8.94941,32.58733,1657,Very Low
102406-6,KASANU,Songwe,Momba,Dispensary,-8.369221,32.362852,3242,Low
106130-8,NAMCHINKA,Songwe,Momba,Dispensary,-9.03083,32.1524,7826,High
106843-6,NYENJELE,Songwe,Momba,Dispensary,-8.94449,32.3725,4393,Moderate
108742-8,CHIWANDA,Songwe,Momba,Dispensary,-9.174886,32.562052,6509,High
109894-6,SAMANG'OMBE,Songwe,Momba,Dispensary,-8.355767,32.482798,6369,High
100823-4,CHINDI,Songwe,Momba,Dispensary,-9.035278,32.578694,7155,High
108877-2,NDALAMBO,Songwe,Momba,Health Center,-9.091417,32.497462,9970,Very High
109717-9,KASINDE,Songwe,Momba,Dispensary,-8.931355,32.13484,7425,High
100815-0,CHILULUMO,Songwe,Momba,Dispensary,-8.647669,32.361387,4336,Moderate
108733-7,NZOKA,Songwe,Momba,Dispensary,-8.769121,32.204679,4202,Moderate
111896-7,MNYUZI,Songwe,Momba,Dispensary,-8.95723,32.5477,3820,Low
121386-7,ITUMBULA,Songwe,Momba,Dispensary,-8.45104,32.47979,4581,Moderate
100893-7,CHUO,Songwe,Momba,Dispensary,-8.636802,32.305764,2234,Low
100840-8,CHIPUMPU,Songwe,Momba,Dispensary,-9.119999,32.26966,2083,Very Low
105016-0,MYUNGA,Songwe,Momba,Dispensary,-8.8426,32.278627,7396,High
105435-2,MSANGANO,Songwe,Momba,Dispensary,-8.956732,32.569871,5652,Moderate
111710-0,MPUI,Songwe,Momba,Dispensary,-8.88305,32.31221,3068,Low
105095-4,MKOMBA,Songwe,Momba,Dispensary,-8.501136,32.566147,8836,High
122359-3,SENGA,Songwe,Momba,Dispensary,-8.33802,32.36244,4944,Moderate
110357-1,NAMTAMBALALA,Songwe,Momba,Dispensary,-8.759517,32.199228,2585,Low
109891-2,NTINGA,Songwe,Momba,Dispensary,-8.96978,32.58233,6156,High
111685-4,ISANGA,Songwe,Momba,Dispensary,-9.15975,32.51744,4846,Moderate
122358-5,NAMSINDE I,Songwe,Momba,Dispensary,-8.56904,32.32443,1054,Very Low
105510-2,MSWAKINI,Arusha,Monduli,Dispensary,-3.63491,36.01191,3478,Low
103054-3,KIRURUMO,Arusha,Monduli,Health Center,-3.37109,35.84594,1413,Very Low
114400-5,ARUSHA MILITARY,Arusha,Monduli,Hospital,-3.347086,36.459164,3760,Low
110728-3,MTO WA MBU MISSION DENMARK,Arusha,Monduli,Dispensary,-3.371942,35.854498,4012,Moderate
109570-2,MUNGERE,Arusha,Monduli,Dispensary,-3.154006,36.025167,2263,Low
103588-0,LOSIMINGORE,Arusha,Monduli,Dispensary,-3.41787,36.1822,5549,Moderate
109455-6,MSWAKINI JUU,Arusha,Monduli,Dispensary,-3.673006,36.055272,3875,Moderate
109710-4,ZACC,Arusha,Monduli,Dispensary,-3.37109,35.84592,2394,Low
109774-0,TANZANIA CHRISTIAN,Arusha,Monduli,Dispensary,-3.29202,36.42228,4185,Moderate
104152-4,MAKUYUNI,Arusha,Monduli,Health Center,-3.449344,36.196862,2139,Very Low
123463-2,LENGORWA,Arusha,Monduli,Dispensary,-3.61836,36.51653,1561,Very Low
122913-7,OLDONYO,Arusha,Monduli,Dispensary,-2.97415,36.03888,1850,Very Low
107355-0,SELELA,Arusha,Monduli,Dispensary,-3.211605,35.947715,5290,Moderate
122831-1,MLIMANI,Arusha,Monduli,Dispensary,-3.29321,36.44669,2450,Low
122914-5,OLDONYOLENGAY,Arusha,Monduli,Dispensary,-2.97415,36.03887,7653,High
111540-1,FAMILY,Arusha,Monduli,Dispensary,-3.37588,35.88833,28189,Very High
105288-5,MONDULI JUU,Arusha,Monduli,Dispensary,-3.151125,36.405477,782,Very Low
101112-1,ESILALEI,Arusha,Monduli,Dispensary,-3.46945,35.97469,4669,Moderate
122316-3,MAKUYUNI DPDTC,Arusha,Monduli,Dispensary,-3.53997,36.10883,10461,Very High
114067-2,NANJA,Arusha,Monduli,Dispensary,-3.399294,36.268802,5823,Moderate
101100-6,ENGARUKA,Arusha,Monduli,Dispensary,-2.97415,36.03888,1850,Very Low
114068-0,KILIMATINDE,Arusha,Monduli,Dispensary,-3.56917,36.57113,3094,Low
106923-6,OLTUKAI,Arusha,Monduli,Dispensary,-3.632373,35.92047,2980,Low
109440-8,NAFCO,Arusha,Monduli,Health Center,-3.71916,36.41056,5611,Moderate
107895-5,TUKUSI,Arusha,Monduli,Dispensary,-3.67907,36.6055,12131,Very High
103574-0,LOLKISALE,Arusha,Monduli,Dispensary,-3.76107,36.42734,7143,High
105577-1,MTO WA MBU RC,Arusha,Monduli,Health Center,-3.37094,35.86656,14540,Very High
112004-7,KISUTU,Arusha,Monduli,Health Laboratory,-3.37275,35.85608,6100,High
112021-1,DONYONADO,Arusha,Monduli,Dispensary,-3.050036,36.43922,3005,Low
103483-4,LEPURKO,Arusha,Monduli,Dispensary,-3.21373,36.1356,1236,Very Low
104668-9,MBUYUNI,Arusha,Monduli,Dispensary,-3.449781,36.197312,3137,Low
120845-3,NAALARAMI,Arusha,Monduli,Dispensary,-3.61821,36.51545,1011,Very Low
112022-9,MONDULI MJINI,Arusha,Monduli,Health Center,-3.345216,36.425406,925,Very Low
104751-3,MFEREJI,Arusha,Monduli,Dispensary,-3.124104,36.467422,3254,Low
111538-5,ENGAROOJI,Arusha,Monduli,Dispensary,-3.249734,36.297962,2717,Low
105576-3,MTO WA MBU,Arusha,Monduli,Health Center,-3.15347,36.08522,496,Very Low
114401-3,MESERANI COGI,Arusha,Monduli,Dispensary,-3.4098,36.48698,5014,Moderate
106887-3,OLARASHI,Arusha,Monduli,Dispensary,-3.30075,36.44979,10041,Very High
104538-4,MBAASHI,Arusha,Monduli,Dispensary,-3.061621,36.126878,1421,Very Low
120848-7,LASHAINE,Arusha,Monduli,Dispensary,-3.33326,36.42094,2633,Low
104747-1,MESERANI JUU,Arusha,Monduli,Dispensary,-3.60434,36.39714,1338,Very Low
100087-6,ALKARIA,Arusha,Monduli,Dispensary,-3.32432,36.30118,3539,Low
106081-3,NAITI,Arusha,Monduli,Dispensary,-3.516049,36.168822,5437,Moderate
101074-3,EMAIRETTE,Arusha,Monduli,Dispensary,-3.258077,36.386185,4304,Moderate
107518-3,SOKOINE BARRACKS,Arusha,Monduli,Dispensary,-3.426838,36.456869,5875,High
105287-7,MONDULI,Arusha,Monduli,Hospital,-3.34021,36.42753,896,Very Low
111537-7,NAITOLIA,Arusha,Monduli,Dispensary,-3.60246,36.09109,4072,Moderate
101073-5,ELUWAI,Arusha,Monduli,Dispensary,-3.22278,36.38443,3466,Low
104278-7,MANYARA,Arusha,Monduli,Dispensary,-3.530033,36.0575,1614,Very Low
100179-1,ARKATAN,Arusha,Monduli,Dispensary,-3.41991,36.39205,2662,Low
105271-1,MOITA KILORITI,Arusha,Monduli,Dispensary,-3.459688,36.556513,4010,Moderate
105263-8,MOCET,Arusha,Monduli,Dispensary,-3.29983,36.45199,4975,Moderate
103477-6,LENDIKINYA,Arusha,Monduli,Dispensary,-3.341433,36.361717,4088,Moderate
114066-4,MESERAN BWAWANI,Arusha,Monduli,Dispensary,-3.52133,36.46751,4564,Moderate
110729-1,MTI MMOJA,Arusha,Monduli,Dispensary,-3.405564,36.30494,2483,Low
109428-3,TANZANIA MILITARY ACADEMY(TMA),Arusha,Monduli,Dispensary,-3.347076,36.459154,1009,Very Low
112286-0,MESERAN KOREA,Arusha,Monduli,Dispensary,-3.422494,36.519574,3531,Low
112045-0,JKT MAKUYUNI,Arusha,Monduli,Dispensary,-3.33125,36.1017667,564,Very Low
120846-1,LEMOOTI,Arusha,Monduli,Dispensary,-3.29346,36.4451,3138,Low
105270-3,MOITA BWAWANI,Arusha,Monduli,Dispensary,-3.69709,36.48041,2271,Low
110579-0,UPONDA,Morogoro,Morogoro,Dispensary,-7.01909,37.7803,3297,Low
112405-6,MOSI,Morogoro,Morogoro,Dispensary,-6.77842,37.76137,3173,Low
102671-5,KIDUNDA,Morogoro,Morogoro,Dispensary,-7.27266,38.2751,2747,Low
110399-3,MTOMBOZI,Morogoro,Morogoro,Dispensary,-7.106014,37.779957,4045,Moderate
110804-2,VISARAKA,Morogoro,Morogoro,Dispensary,-6.823992,38.18662,5903,High
111421-4,KICHANGANI,Morogoro,Morogoro,Dispensary,-7.2966,37.559,160,Very Low
123065-5,GWATA,Morogoro,Morogoro,Dispensary,-6.72237,38.23659,2486,Low
110410-8,Mvuha,Morogoro,Morogoro,Dispensary,-7.201563,37.864399,2409,Low
113407-1,BAMBA,Morogoro,Morogoro,Dispensary,-6.8363,37.78152,2290,Low
106854-3,NYINGWA,Morogoro,Morogoro,Dispensary,-7.11,37.681,3777,Low
114767-7,MOROGORO DC,Morogoro,Morogoro,Hospital,-7.17802,37.8383,2464,Low
111046-9,UMOJA NGERENGERE,Morogoro,Morogoro,Dispensary,-6.762155,38.127579,11167,Very High
106972-3,PANGAWE JWTZ,Morogoro,Morogoro,Dispensary,-6.80199,37.7638,2170,Low
102965-1,KINONKO JWTZ,Morogoro,Morogoro,Dispensary,-6.71428,38.017747,3349,Low
102401-7,KASANGA MISSION,Morogoro,Morogoro,Dispensary,-7.19666,37.74436,8932,High
106971-5,PANGAWE KIJIJINI,Morogoro,Morogoro,Dispensary,-6.79925,37.79339,4833,Moderate
121850-2,KASANGA,Morogoro,Morogoro,Health Center,-6.18448,37.72445,5779,Moderate
121845-2,KWABA,Morogoro,Morogoro,Dispensary,-6.98035,38.26591,2748,Low
103248-1,KIZINGA,Morogoro,Morogoro,Dispensary,-6.80236,37.84243,5099,Moderate
102959-4,KINOLE,Morogoro,Morogoro,Dispensary,-6.91244,37.7584,5245,Moderate
110411-6,FAITH,Morogoro,Morogoro,Dispensary,-7.073,37.77746,3234,Low
121851-0,LUBASAZI,Morogoro,Morogoro,Dispensary,-7.24498,37.77603,2222,Low
102628-5,KIBUNGO CHINI MISSION,Morogoro,Morogoro,Dispensary,-7.01231,37.8141,3758,Low
102798-6,KIKUNDI,Morogoro,Morogoro,Dispensary,-6.86667,37.8833,7426,High
100732-7,CHANGA,Morogoro,Morogoro,Dispensary,-6.97303,37.78524,4080,Moderate
103683-9,LUKANGE,Morogoro,Morogoro,Health Center,-7.26198,37.74828,8066,High
103281-2,KOLERO,Morogoro,Morogoro,Dispensary,-7.23339,37.77604,2913,Low
110398-5,TULO,Morogoro,Morogoro,Dispensary,-7.23648,37.91635,4062,Moderate
110581-6,NYARUTANGA,Morogoro,Morogoro,Dispensary,-7.441071,37.563348,5748,Moderate
121077-2,KISEMU,Morogoro,Morogoro,Health Center,-7.09558,37.88889,3206,Low
103038-6,KIROKA,Morogoro,Morogoro,Health Center,-6.84695,37.8272,4979,Moderate
121848-6,LUDEWA,Morogoro,Morogoro,Dispensary,-6.96269,37.72091,1017,Very Low
110356-3,TAWA,Morogoro,Morogoro,Health Center,-7.01687,37.72916,2851,Low
110424-9,KIBOGWA,Morogoro,Morogoro,Dispensary,-7.0264,37.6659,2035,Very Low
121866-8,KISWIRA,Morogoro,Morogoro,Dispensary,-7.34723,37.45623,78,Very Low
121844-5,KITUO CHA AFYA KISAKI STATION,Morogoro,Morogoro,Health Center,-7.49335,37.59649,2334,Low
114306-4,MBUKE,Morogoro,Morogoro,Health Laboratory,-7.20883,37.85807,2366,Low
104475-9,MATOMBO MISSION,Morogoro,Morogoro,Dispensary,-7.05788,37.7584,5867,High
102964-4,KINONKO,Morogoro,Morogoro,Dispensary,-6.7415,38.01866,935,Very Low
111417-2,KIGANILA,Morogoro,Morogoro,Dispensary,-7.204212,37.978215,2100,Very Low
104758-8,MFUMBWE,Morogoro,Morogoro,Dispensary,-6.8945,37.82123,4696,Moderate
104898-2,MIKESE,Morogoro,Morogoro,Dispensary,-6.77331,37.81995,7205,High
113723-1,KIBWAYA,Morogoro,Morogoro,Dispensary,-6.93078,37.80893,3228,Low
110803-4,SANGASANGA,Morogoro,Morogoro,Dispensary,-6.75896,38.18072,3770,Low
103064-2,KISAKI STATION,Morogoro,Morogoro,Dispensary,-7.45879,37.6015,4177,Moderate
121849-4,MAMBANI,Morogoro,Morogoro,Dispensary,-6.96666,37.68854,4600,Moderate
104871-9,MIFULU,Morogoro,Morogoro,Dispensary,-6.9773,37.7477,2942,Low
110406-6,SINGISA MISSION,Morogoro,Morogoro,Dispensary,-7.26868,37.67419,5619,Moderate
113417-0,SINGISA,Morogoro,Morogoro,Dispensary,-7.28291,37.67071,1505,Very Low
103973-4,MAGOGONI,Morogoro,Morogoro,Dispensary,-7.21756,37.993,8504,High
103254-9,KIZUKA JWTZ,Morogoro,Morogoro,Dispensary,-6.72251,38.12471,3780,Low
121841-1,MHUNGAMKOLA,Morogoro,Morogoro,Dispensary,-6.79446,37.97123,9158,Very High
110397-7,MVUHA MISSION,Morogoro,Morogoro,Dispensary,-7.18977,37.8513,3014,Low
108528-1,MATAMBWE - NYERERE NATIONAL PARK,Morogoro,Morogoro,Dispensary,-7.53363,37.76398,1386,Very Low
110433-0,KIBUNGO JUU,Morogoro,Morogoro,Dispensary,-7.01688,37.7297,2546,Low
103706-8,LUMBA CHINI,Morogoro,Morogoro,Dispensary,-7.26667,37.6,4575,Moderate
113418-8,KIDUGALO,Morogoro,Morogoro,Dispensary,-7.065005,37.85412,1350,Very Low
103310-9,KONGWA,Morogoro,Morogoro,Dispensary,-7.25065,37.90511,7333,High
121842-9,KINONKO,Morogoro,Morogoro,Health Center,-6.75266,38.01778,1025,Very Low
121213-3,HISASARA,Morogoro,Morogoro,Dispensary,-7.37747,37.80428,5258,Moderate
121847-8,KIBUKO,Morogoro,Morogoro,Dispensary,-6.95177,37.83817,4518,Moderate
103065-9,KISAKI GOMERO,Morogoro,Morogoro,Dispensary,-7.46522,37.60279,4348,Moderate
103085-7,KISEMU,Morogoro,Morogoro,Dispensary,-7.08486,37.77599,4079,Moderate
100647-7,BWAKWIRA JUU,Morogoro,Morogoro,Dispensary,-7.3,37.7,3440,Low
110708-5,MKUYUNI,Morogoro,Morogoro,Health Center,-6.95078,37.81077,4252,Moderate
105544-1,MTEGO WA SIMBA,Morogoro,Morogoro,Health Center,-6.74603,37.80443,8701,High
101159-2,FULWE,Morogoro,Morogoro,Dispensary,-6.75389,37.88301,31640,Very High
105048-3,MKAMBARANI,Morogoro,Morogoro,Dispensary,-6.773396,37.819958,4704,Moderate
103231-7,KIWEGE,Morogoro,Morogoro,Dispensary,-6.82125,38.06483,2216,Low
102263-1,KALUNDWA,Morogoro,Morogoro,Dispensary,-6.92776,37.78272,3139,Low
102630-1,KIBUNGO KUNGWE,Morogoro,Morogoro,Dispensary,-6.90181,37.8805,5512,Moderate
121079-8,JULIUS NYERERE HYDROPOWER PROJECT,Morogoro,Morogoro,Clinic,-7.79373,37.84917,2824,Low
110396-9,ST.MATHIAS,Morogoro,Morogoro,Dispensary,-6.832917,37.817693,3640,Low
111306-7,TEGETERO MISSION,Morogoro,Morogoro,Dispensary,-6.94233,37.7181,2031,Very Low
110400-9,MTOMBOZI MISSION,Morogoro,Morogoro,Dispensary,-7.1135,37.77579,5529,Moderate
105214-1,MLONO,Morogoro,Morogoro,Dispensary,-7.069217,37.71825,6087,High
105249-7,MNGAZI,Morogoro,Morogoro,Dispensary,-7.41667,37.65,12142,Very High
113567-2,DAKAWA UKUTU,Morogoro,Morogoro,Dispensary,-7.42061,37.71588,10127,Very High
121846-0,LULONGWE,Morogoro,Morogoro,Dispensary,-6.95719,38.18944,674,Very Low
100090-0,ALLIANCE ONE,Morogoro,Morogoro,Dispensary,-6.77842,37.76137,3173,Low
105206-7,MLILINGWA,Morogoro,Morogoro,Dispensary,-6.90434,38.02857,2794,Low
110801-8,MATULI,Morogoro,Morogoro,Dispensary,-6.91551,38.214375,3001,Low
101043-8,DUTHUMI,Morogoro,Morogoro,Health Center,-7.38321,37.7965,7279,High
103718-3,LUNDI,Morogoro,Morogoro,Dispensary,-7.0649,37.81803,3760,Low
105494-9,MSONGE,Morogoro,Morogoro,Dispensary,-7.2387,37.8496,3113,Low
110421-5,TUNUNGUO,Morogoro,Morogoro,Dispensary,-7.0452,37.9578,8396,High
110422-3,DIGUZI,Morogoro,Morogoro,Dispensary,-7.49684,37.606226,6876,High
100646-9,BWAKIRA CHINI,Morogoro,Morogoro,Dispensary,-7.40222,37.8342,4712,Moderate
106374-2,NGERENGERE,Morogoro,Morogoro,Health Center,-6.76216,38.12981,5548,Moderate
121852-8,SESENGA,Morogoro,Morogoro,Dispensary,-7.38342,37.53554,130,Very Low
100570-1,Bungu,Morogoro,Morogoro,Dispensary,-7.198267,37.788431,2879,Low
124084-5,EPHEDRA,Morogoro,Morogoro,Health Laboratory,-6.81292,37.664790000000004,5954,High
105118-4,MKOYA,Morogoro,Morogoro,Dispensary,-6.88415,37.64493,1352,Very Low
123880-7,HISASARA,Morogoro,Morogoro,Health Laboratory,-6.76574,37.68671,11290,Very High
110429-8,KONGA,Morogoro,Morogoro,Dispensary,-6.91507,37.59315,1872,Very Low
112696-0,NEW MADIZINI,Morogoro,Morogoro,Health Laboratory,-6.831202,37.663591,759,Very Low
108543-0,UHURU,Morogoro,Morogoro,Health Center,-6.82517,37.66573,1192,Very Low
112674-7,AGAPE,Morogoro,Morogoro,Health Laboratory,-6.81366,37.66942,2913,Low
115202-4,MBUYUNI,Morogoro,Morogoro,Dispensary,-6.87769,37.58661,994,Very Low
100176-7,ARDHI INSTITUTE,Morogoro,Morogoro,Dispensary,-6.82639,37.67594,2429,Low
100044-7,AGA KHAN,Morogoro,Morogoro,Clinic,-6.82926,37.66494,1420,Very Low
121727-2,GOA,Morogoro,Morogoro,Clinic,-6.83446,37.66445,7146,High
124195-9,MILLENIUM,Morogoro,Morogoro,Clinic,-6.49262,37.39424,572,Very Low
114680-2,METROGRAND,Morogoro,Morogoro,Clinic,-6.836277,37.677526,14452,Very High
103936-1,MAGEREZA MKOA,Morogoro,Morogoro,Dispensary,-6.82574,37.67575,1482,Very Low
110255-7,LUHUNGO,Morogoro,Morogoro,Dispensary,-6.90395,37.6377,2349,Low
120985-7,TUNGI,Morogoro,Morogoro,Dispensary,-6.77547,37.70581,15471,Very High
110131-0,HOLY CROSS,Morogoro,Morogoro,Health Center,-6.77969,37.64878,16409,Very High
124085-2,ROPHEKA,Morogoro,Morogoro,Health Laboratory,-6.77574,37.75075,11682,Very High
108513-3,MICO KIHONDA,Morogoro,Morogoro,Dispensary,-6.78306,37.65903,10223,Very High
110021-3,VITULI,Morogoro,Morogoro,Dispensary,-6.713611,37.645482,4214,Moderate
112660-6,HEKIMA,Morogoro,Morogoro,Health Laboratory,-6.832482,37.662989,1232,Very Low
102810-9,KILAKALA SECONDARY,Morogoro,Morogoro,Dispensary,-6.83184,37.68457,8973,High
124139-7,JASMEG,Morogoro,Morogoro,Clinic,-6.44125,37.54362,2472,Low
124153-8,JUDIN,Morogoro,Morogoro,Clinic,-6.73923,37.64214,8676,High
110227-6,TOWERO,Morogoro,Morogoro,Dispensary,-6.86581,37.66856,5666,Moderate
120448-6,IMANI,Morogoro,Morogoro,Dispensary,-6.70076,37.6386,10849,Very High
123292-5,LILIAN LYNCOLLIN AND COLLIN,Morogoro,Morogoro,Health Laboratory,-6.75166,37.64878,12161,Very High
122650-5,NGYEKU,Morogoro,Morogoro,Health Laboratory,-6.81659,37.71089,12745,Very High
112651-5,ALPHA,Morogoro,Morogoro,Health Laboratory,-6.786597,37.659471,8606,High
114662-0,ST GIOVANNA,Morogoro,Morogoro,Dispensary,-6.750533,37.635517,7397,High
110289-6,ST MAGDALENA,Morogoro,Morogoro,Dispensary,-6.82165,37.65409,3580,Low
111703-5,ALFA-PROLIFE,Morogoro,Morogoro,Dispensary,-6.796398,37.676988,8439,High
112658-0,NASEEM,Morogoro,Morogoro,Health Laboratory,-6.82746,37.66624,1414,Very Low
110914-9,KIBWE,Morogoro,Morogoro,Dispensary,-6.71361,37.64548,3943,Moderate
104665-5,MBUYA,Morogoro,Morogoro,Clinic,-6.82515,37.67001,2664,Low
114690-1,GREEN CITY MODERN,Morogoro,Morogoro,Dispensary,-6.69835,37.642185,10750,Very High
110306-8,TUWAENZI WAZEE,Morogoro,Morogoro,Dispensary,-6.82707,37.68178,3874,Moderate
110290-4,MAFIGA,Morogoro,Morogoro,Health Center,-6.82404,37.64698,3762,Low
112713-3,MP,Morogoro,Morogoro,Health Laboratory,-6.790367,37.669376,10676,Very High
110811-7,UJENZI MKOA,Morogoro,Morogoro,Dispensary,-6.81666,37.65799,5039,Moderate
107330-3,MOROGORO,Morogoro,Morogoro,Clinic,-6.83283,37.65844,4432,Moderate
121058-2,PLATINUM MEDICAL CARE,Morogoro,Morogoro,Hospital,-6.80301,37.66681,7077,High
114681-0,HAKIMI,Morogoro,Morogoro,Clinic,-6.818993,37.691839,4912,Moderate
121274-5,KIWANJA CHA NDEGE,Morogoro,Morogoro,Dispensary,-6.87769,37.65292,191,Very Low
123370-9,MLAPAKOLO,Morogoro,Morogoro,Dispensary,-6.80229,37.69199,14852,Very High
112664-8,VEMA,Morogoro,Morogoro,Health Laboratory,-6.82375,37.65421,3650,Low
102809-1,KILAKALA,Morogoro,Morogoro,Dispensary,-6.82189,37.69083,3770,Low
102643-4,Kichangani,Morogoro,Morogoro,Dispensary,-6.81019,37.69278,4216,Moderate
112675-4,KIBIHANZE,Morogoro,Morogoro,Health Laboratory,-6.7667,37.65421,7888,High
110292-0,ST KAROLI LUANGA,Morogoro,Morogoro,Dispensary,-6.80586,37.684,4651,Moderate
110293-8,UZIMA,Morogoro,Morogoro,Dispensary,-6.8148,37.66982,2880,Low
102744-0,KIHONDA,Morogoro,Morogoro,Health Center,-6.80388,37.68008,6196,High
103890-0,MAGADU,Morogoro,Morogoro,Dispensary,-6.86322,37.64768,6956,High
124108-2,MBA,Morogoro,Morogoro,Dispensary,-6.49262,37.39424,572,Very Low
123129-9,RELIANCE,Morogoro,Morogoro,Clinic,-6.48285,37.39013,1500,Very Low
112167-2,MOROGORO MUNICIPAL,Morogoro,Morogoro,Hospital,-6.72815,37.65956,9512,Very High
110303-5,ALJAMIH,Morogoro,Morogoro,Dispensary,-6.80408,37.66922,2536,Low
113728-0,NANGUJI MEMORIAL,Morogoro,Morogoro,Hospital,-6.82687,37.66404,532,Very Low
110428-0,RC/KNDEGE,Morogoro,Morogoro,Dispensary,-6.8227,37.6498,4041,Moderate
104181-3,MALIPULA,Morogoro,Morogoro,Dispensary,-6.81731,37.64386,9628,Very High
112701-8,NOLLA,Morogoro,Morogoro,Health Laboratory,-6.807008,37.689341,3581,Low
110915-6,LEGEZAMWENDO,Morogoro,Morogoro,Dispensary,-6.79188,37.75992,4469,Moderate
114764-4,SINA,Morogoro,Morogoro,Health Center,-6.78011,37.68005,11660,Very High
122632-3,BARAKA-N LABORATORY,Morogoro,Morogoro,Health Laboratory,-6.81659,37.71089,12745,Very High
107882-3,TRC,Morogoro,Morogoro,Dispensary,-6.8196,37.68085,3400,Low
110307-6,MGOLOLE,Morogoro,Morogoro,Health Center,-6.808667,37.73273,11375,Very High
108094-4,UMATI CLINIC,Morogoro,Morogoro,Dispensary,-6.83123,37.65574,6409,High
123042-4,GRACE,Morogoro,Morogoro,Clinic,-6.21673,37.38326,2784,Low
112659-8,ST CAMILUS,Morogoro,Morogoro,Health Laboratory,-6.823548,37.662083,1941,Very Low
123636-3,HOME OF LIFE,Morogoro,Morogoro,Health Laboratory,-6.83756,37.63344,13622,Very High
123000-2,KICHANGANI,Morogoro,Morogoro,Health Laboratory,-6.81431,37.67852,6800,High
124226-2,GENESIS OPTICALS,Morogoro,Morogoro,Optical Facility,-6.82497,37.66442,490,Very Low
103841-3,MADAGANYA,Morogoro,Morogoro,Dispensary,-6.87742,37.58661,5625,Moderate
114519-2,ABEMS,Morogoro,Morogoro,Dispensary,-6.73021,37.647713,6946,High
107215-6,SABASABA,Morogoro,Morogoro,Health Center,-6.82457,37.65919,3761,Low
110308-4,MICO MGETA,Morogoro,Morogoro,Dispensary,-6.81407,37.66961,883,Very Low
115205-7,LUKOBE,Morogoro,Morogoro,Health Center,-6.87769,37.65293,574,Very Low
111403-2,MISONGENI,Morogoro,Morogoro,Dispensary,-6.7978,37.7439,6335,High
121191-1,SULTAN,Morogoro,Morogoro,Dispensary,-6.87769,37.65293,574,Very Low
112689-5,KINGS,Morogoro,Morogoro,Health Laboratory,-6.81569,37.71706,11090,Very High
107012-7,POLICE FFU,Morogoro,Morogoro,Dispensary,-6.82364,37.67833,2130,Very Low
122333-8,NASSANIA,Morogoro,Morogoro,Clinic,-6.75222,37.63462,18406,Very High
105999-7,MWEMBESONGO,Morogoro,Morogoro,Dispensary,-6.8075,37.6717,6227,High
110427-2,SHALOM,Morogoro,Morogoro,Health Center,-6.80218,37.64376,9601,Very High
114689-3,AMANI,Morogoro,Morogoro,Dispensary,-6.79604,37.65021,8920,High
124189-2,MICO LUGALA,Morogoro,Morogoro,Dispensary,-6.80251,37.60196,6506,High
115201-6,KIHONDA MAGOROFANI,Morogoro,Morogoro,Dispensary,-6.79299,37.65293,8360,High
122657-0,JM  MEDICAL,Morogoro,Morogoro,Health Laboratory,-6.46285,37.38473,3286,Low
105025-1,MJI MPYA,Morogoro,Morogoro,Dispensary,-6.81886,37.6675,4143,Moderate
110302-7,JORDAN UNIVERSITY,Morogoro,Morogoro,Dispensary,-6.80639,37.70037,9151,Very High
123879-9,AMAZING GRACE HEALTH,Morogoro,Morogoro,Health Laboratory,-6.04305,37.03857,1582,Very Low
115206-5,MGANZA,Morogoro,Morogoro,Dispensary,-6.87769,37.58661,994,Very Low
124249-4,MT,Morogoro,Morogoro,Health Laboratory,-6.49601,37.39873,1149,Very Low
107563-9,ST HARRY,Morogoro,Morogoro,Health Center,-6.81991,37.66497,2699,Low
110166-6,MBETE,Morogoro,Morogoro,Dispensary,-6.8657,37.67794,3102,Low
102745-7,KIHONDA MAGEREZA,Morogoro,Morogoro,Dispensary,-6.76542,37.66056,9473,Very High
122751-1,UWANJA WA TAIFA,Morogoro,Morogoro,Dispensary,-6.79299,37.65293,8360,High
123284-2,TWO HD,Morogoro,Morogoro,Health Laboratory,-6.80887,37.63591,5011,Moderate
112740-6,IMANI,Morogoro,Morogoro,Maternity and Nursing Home,-6.7311,37.65075,2461,Low
114663-8,SINAI MOUNTAIN,Morogoro,Morogoro,Dispensary,-6.80002,37.65689,11073,Very High
110291-2,ST. THOMAS,Morogoro,Morogoro,Health Center,-6.82514,37.68822,3932,Moderate
115203-2,KIEGEA B,Morogoro,Morogoro,Dispensary,-6.87769,37.58661,994,Very Low
112741-4,EDEN,Morogoro,Morogoro,Health Laboratory,-6.700736,37.639267,978,Very Low
102729-1,MOROGORO TTC,Morogoro,Morogoro,Dispensary,-6.828332,37.70081,6322,High
112641-6,MATUMAINI,Morogoro,Morogoro,Health Laboratory,-6.81369,37.64958,8935,High
112725-7,MALAIKA,Morogoro,Morogoro,Health Laboratory,-6.79966,37.64057,6778,High
114520-0,STEVEN,Morogoro,Morogoro,Clinic,-6.767474,37.648129,22394,Very High
112876-8,SOKOINE UNIVERSITY,Morogoro,Morogoro,Hospital,-6.79611,37.632483,3118,Low
112719-0,KAANANI,Morogoro,Morogoro,Health Laboratory,-6.760126,37.609461,14430,Very High
122580-4,KAUZENI,Morogoro,Morogoro,Dispensary,-6.89746,37.60006,5399,Moderate
105515-1,ULUGURU,Morogoro,Morogoro,Health Center,-6.83034,37.66262,1238,Very Low
112737-2,MASIKA,Morogoro,Morogoro,Health Laboratory,-6.82392,37.66418,982,Very Low
105299-2,MOROGORO,Morogoro,Morogoro,Hospital,-6.82708,37.67181,2724,Low
102949-5,KINGOLWIRA,Morogoro,Morogoro,Health Center,-6.77666,37.75143,5732,Moderate
100056-1,AHMADIYYA,Morogoro,Morogoro,Clinic,-6.82734,37.66318,1340,Very Low
115199-2,MAZIMBU,Morogoro,Morogoro,Dispensary,-6.87769,37.58661,994,Very Low
105320-6,MOWO,Kilimanjaro,Moshi,Dispensary,-3.3032,37.42947,2939,Low
122631-5,BAMA HEALTH,Kilimanjaro,Moshi,Health Laboratory,-3.453757,37.335037,7520,High
104274-6,MANU,Kilimanjaro,Moshi,Dispensary,-3.31547,37.44272,2186,Low
113795-9,LONGUO,Kilimanjaro,Moshi,Dispensary,-3.30716,37.33065,10803,Very High
107287-5,SANGO,Kilimanjaro,Moshi,Dispensary,-3.34109,37.42072,5090,Moderate
106330-4,NGAJONI,Kilimanjaro,Moshi,Dispensary,-3.36202,37.5034,3628,Low
110767-1,MIWALENI,Kilimanjaro,Moshi,Dispensary,-3.43162,37.44136,4025,Moderate
104743-0,MERESINI,Kilimanjaro,Moshi,Dispensary,-3.36866,37.54626,6101,High
122584-6,TPC,Kilimanjaro,Moshi,Hospital,-10.36348,37.36291,561,Very Low
104153-2,MAKUYUNI,Kilimanjaro,Moshi,Dispensary,-3.41555,37.54922,3324,Low
105924-5,MWANGARIA,Kilimanjaro,Moshi,Dispensary,-3.5108,37.47913,2513,Low
104494-0,MAUA,Kilimanjaro,Moshi,Dispensary,-3.27774,37.47114,6284,High
108471-4,KIRUNGU,Kilimanjaro,Moshi,Dispensary,-3.58967,37.3629,4417,Moderate
102622-8,KIBOSHO BARAZANI,Kilimanjaro,Moshi,Dispensary,-3.23683,37.30835,3053,Low
104253-0,MANGO,Kilimanjaro,Moshi,Dispensary,-3.24463,37.29305,9387,Very High
108095-1,UMBWE,Kilimanjaro,Moshi,Health Center,-3.22904,37.27554,3696,Low
102027-0,IWA,Kilimanjaro,Moshi,Dispensary,-3.31932,37.46828,4066,Moderate
109569-4,UMBWE RC,Kilimanjaro,Moshi,Dispensary,-3.22786,37.27631,2763,Low
108472-2,KOCHAKINDO,Kilimanjaro,Moshi,Dispensary,-3.52659,37.51117,2908,Low
106885-7,OKAONI,Kilimanjaro,Moshi,Dispensary,-3.2143,37.29393,2654,Low
121435-2,LEGHOMULLO,Kilimanjaro,Moshi,Dispensary,-3.317891,37.49292,3126,Low
104070-8,MAKAA PUMWANI,Kilimanjaro,Moshi,Dispensary,-3.37796,37.42648,9051,Very High
111154-1,MAWANJENI,Kilimanjaro,Moshi,Dispensary,-3.33823,37.5742,6623,High
108152-0,URUKYASENI,Kilimanjaro,Moshi,Health Center,-3.280331,37.368921,7167,High
108151-2,URU KASKAZINI,Kilimanjaro,Moshi,Dispensary,-3.26439,37.34521,4215,Moderate
112227-4,ELCT KIRUWENI,Kilimanjaro,Moshi,Dispensary,-3.30474,37.59068,4465,Moderate
103436-2,KYOMU,Kilimanjaro,Moshi,Dispensary,-3.476571,37.51791,9969,Very High
122537-4,AMANI,Kilimanjaro,Moshi,Dispensary,-3.40138,37.52521,5876,High
102973-5,MSAE KINYAMVUO,Kilimanjaro,Moshi,Dispensary,-3.26508,37.55922,4687,Moderate
111156-6,MBAHE,Kilimanjaro,Moshi,Dispensary,-3.26277,37.51137,5590,Moderate
107874-0,TPC,Kilimanjaro,Moshi,Hospital,-3.52841,37.3242,2828,Low
114847-7,BAKWATA KINDI,Kilimanjaro,Moshi,Dispensary,-3.27853,37.27838,2510,Low
108479-7,MANDAKA MNONO,Kilimanjaro,Moshi,Dispensary,-3.405473,37.376211,1336,Very Low
105403-0,MRAWI,Kilimanjaro,Moshi,Dispensary,-3.2425,37.34415,3924,Moderate
112947-7,ALEP,Kilimanjaro,Moshi,Health Laboratory,-3.40753,37.36253,9765,Very High
100767-3,CHEMCHEM,Kilimanjaro,Moshi,Dispensary,-3.53685,37.327246,3751,Low
109413-5,SHIMBWE,Kilimanjaro,Moshi,Health Center,-3.26529,37.372233,2822,Low
109328-5,HIMO,Kilimanjaro,Moshi,Health Center,-3.38419,37.54816,4338,Moderate
100236-9,BAKWATA NJIA PANDA,Kilimanjaro,Moshi,Dispensary,-3.40915,37.51853,15017,Very High
108521-6,KINDI RC,Kilimanjaro,Moshi,Dispensary,-3.27365,37.27835,5791,Moderate
124033-2,MATELA,Kilimanjaro,Moshi,Dispensary,-10.58579,37.31483,477,Very Low
104903-0,MIKOCHENI,Kilimanjaro,Moshi,Dispensary,-3.59359,37.38903,1720,Very Low
104463-5,MATERUNI,Kilimanjaro,Moshi,Dispensary,-3.263897,37.393909,6115,High
111465-1,MSHIRI,Kilimanjaro,Moshi,Dispensary,-3.26231,37.52856,4347,Moderate
108153-8,URU MISSION,Kilimanjaro,Moshi,Dispensary,-3.25291,37.35431,3495,Low
103572-4,LOLE,Kilimanjaro,Moshi,Dispensary,-3.2627100000000002,37.573480000000004,4429,Moderate
103823-1,MABOGINI,Kilimanjaro,Moshi,Dispensary,-3.41215,37.36509,3865,Low
120293-6,LUSHE JR,Kilimanjaro,Moshi,Dispensary,-3.391567,37.315016,13610,Very High
108480-5,MARYBENNET,Kilimanjaro,Moshi,Dispensary,-3.29844,37.29192,4151,Moderate
109575-1,FUMVUHU,Kilimanjaro,Moshi,Dispensary,-3.292215,37.426097,2410,Low
105097-0,NKOMBOLE,Kilimanjaro,Moshi,Dispensary,-3.21472,37.29975,4248,Moderate
114851-9,SHOKONY,Kilimanjaro,Moshi,Dispensary,-3.295312,37.572616,5321,Moderate
120664-8,MAWALA,Kilimanjaro,Moshi,Dispensary,-3.54017,37.434645,2436,Low
114513-5,CLARA,Kilimanjaro,Moshi,Dispensary,-3.26464,37.33784,5679,Moderate
111464-4,MSEREKIA,Kilimanjaro,Moshi,Dispensary,-3.50128,37.36179,1836,Very Low
111976-7,EB LIMA,Kilimanjaro,Moshi,Dispensary,-3.22406,37.30117,3256,Low
101363-0,HIMO COGI,Kilimanjaro,Moshi,Dispensary,-3.38675,37.54888,2930,Low
105523-5,MTAKUJA,Kilimanjaro,Moshi,Dispensary,-3.47463,37.36707,2633,Low
108114-0,UPARO,Kilimanjaro,Moshi,Dispensary,-3.35987,37.46172,4760,Moderate
124113-2,ULAMAA   CENTRE,Kilimanjaro,Moshi,Health Laboratory,-10.09887,37.52176,293,Very Low
110735-8,SAGHANA,Kilimanjaro,Moshi,Dispensary,-3.40345,37.55778,4541,Moderate
107408-7,SHIA,Kilimanjaro,Moshi,Dispensary,-3.32391,37.41383,3277,Low
104027-8,MAHOMA,Kilimanjaro,Moshi,Dispensary,-3.3176,37.3967,2249,Low
123851-8,MATHIAS MEDICAL,Kilimanjaro,Moshi,Health Laboratory,-11.12159,37.36509,201,Very Low
104222-5,MANDAKA,Kilimanjaro,Moshi,Dispensary,-3.33157,37.51348,4513,Moderate
109357-4,CHEKERENI GVT,Kilimanjaro,Moshi,Dispensary,-3.45418,37.39888,3331,Low
104276-1,MANUSHI,Kilimanjaro,Moshi,Dispensary,-3.26602,37.26316,5524,Moderate
107804-7,TELLA,Kilimanjaro,Moshi,Dispensary,-3.306691,37.395071,2923,Low
108632-1,FARAJA,Kilimanjaro,Moshi,Hospital,-3.39006,37.55075,7170,High
106017-7,MWIKA,Kilimanjaro,Moshi,Health Center,-3.28629,37.56269,6204,High
120663-0,MATALA,Kilimanjaro,Moshi,Dispensary,-3.205937,37.334235,837,Very Low
112952-7,JOSAGI,Kilimanjaro,Moshi,Health Laboratory,-3.43775,37.38665,4547,Moderate
120665-5,MABUNGO,Kilimanjaro,Moshi,Dispensary,-3.245316,37.303008,10057,Very High
102386-0,KARMEL,Kilimanjaro,Moshi,Dispensary,-3.33759,37.48723,4609,Moderate
109563-7,KIDIA,Kilimanjaro,Moshi,Health Center,-3.30309,37.41348,3532,Low
113946-8,TEMA,Kilimanjaro,Moshi,Dispensary,-3.28643,37.42042,4187,Moderate
104624-2,MBOKOMU,Kilimanjaro,Moshi,Dispensary,-3.30039,37.38338,6167,High
102825-7,KILEMA POFO,Kilimanjaro,Moshi,Dispensary,-3.39711,37.53566,6893,High
120592-1,MEELA,Kilimanjaro,Moshi,Clinic,-10.24126,37.51887,154,Very Low
105090-5,MKOLOWONY,Kilimanjaro,Moshi,Dispensary,-3.30901,37.5488,6920,High
104313-2,MARANGU HQ,Kilimanjaro,Moshi,Health Center,-3.30329,37.52591,10595,Very High
114023-5,KITOWO,Kilimanjaro,Moshi,Dispensary,-3.25872,37.48021,4549,Moderate
110766-3,HIMO MARANGU,Kilimanjaro,Moshi,Dispensary,-3.38023,37.54419,4659,Moderate
102184-9,KAHE,Kilimanjaro,Moshi,Health Center,-3.48675,37.46003,3420,Low
107063-0,RAUYA,Kilimanjaro,Moshi,Dispensary,-3.32885,37.54128,7373,High
108525-7,YAMU,Kilimanjaro,Moshi,Dispensary,-3.33485,37.44995,2668,Low
103279-6,KOKIRIE,Kilimanjaro,Moshi,Dispensary,-3.270726,37.53847,5555,Moderate
108524-0,UOMBONI,Kilimanjaro,Moshi,Dispensary,-3.25651,37.48836,4076,Moderate
115078-8,AMECK,Kilimanjaro,Moshi,Dispensary,-3.279712,37.581608,4866,Moderate
109392-1,MBONI,Kilimanjaro,Moshi,Dispensary,-3.26663,37.54604,3970,Moderate
100134-6,ANNE KIILU,Kilimanjaro,Moshi,Dispensary,-3.31783,37.41059,1496,Very Low
103047-7,KIRUA VUNJO,Kilimanjaro,Moshi,Health Center,-3.31048,37.46336,4521,Moderate
112041-9,MWENGE CATHOLIC UNIVERSITY,Kilimanjaro,Moshi,Health Center,-3.29376,37.32418,3507,Low
114849-3,ELIONA MEMORIAL,Kilimanjaro,Moshi,Dispensary,-3.48758,37.436955,3478,Low
102686-3,KIFUNI,Kilimanjaro,Moshi,Dispensary,-3.20757,37.27573,4856,Moderate
104507-9,MAWELA,Kilimanjaro,Moshi,Dispensary,-3.29311,37.34456,9171,Very High
124124-9,JAEMA MEDICAL CARE,Kilimanjaro,Moshi,Dispensary,-11.52492,37.32797,3300,Low
104315-7,MARANGU,Kilimanjaro,Moshi,Hospital,-3.28164,37.51887,10688,Very High
104119-3,MAKOMU,Kilimanjaro,Moshi,Dispensary,-3.27952,37.49792,6418,High
108486-2,UCHIRA GVT.,Kilimanjaro,Moshi,Dispensary,-3.39633,37.48042,3731,Low
113980-7,ST MONICA,Kilimanjaro,Moshi,Hospital,-3.28758,37.44769,3264,Low
111585-6,JAMES NEVILLE,Kilimanjaro,Moshi,Dispensary,-3.32247,37.36665,10607,Very High
102824-0,KILEMA KISAO,Kilimanjaro,Moshi,Dispensary,-3.29405,37.48708,5288,Moderate
102611-1,KIBO,Kilimanjaro,Moshi,Dispensary,-3.24295,37.5193,3310,Low
105992-2,MWEKA OMI,Kilimanjaro,Moshi,Dispensary,-3.22583,37.3334,3731,Low
108223-9,UUWO,Kilimanjaro,Moshi,Dispensary,-3.27123,37.58957,3860,Low
103035-2,KIRIMA,Kilimanjaro,Moshi,Dispensary,-3.29038,37.30453,6594,High
102621-0,KIBOSHO,Kilimanjaro,Moshi,Hospital,-3.23564,37.31929,5368,Moderate
100760-8,CHEKERENI,Kilimanjaro,Moshi,Dispensary,-3.45432,37.39873,4034,Moderate
108001-9,ST JOSEPH,Kilimanjaro,Moshi,Dispensary,-3.39551,37.46883,7969,High
102935-4,KINDI GVT,Kilimanjaro,Moshi,Dispensary,-3.29072,37.27655,3461,Low
113859-3,UPENDO,Kilimanjaro,Moshi,Dispensary,-3.30782,37.34208,8385,High
106485-6,NJARI,Kilimanjaro,Moshi,Dispensary,-3.25066,37.36879,3449,Low
102822-4,KILEMA,Kilimanjaro,Moshi,Hospital,-3.30553,37.49649,4243,Moderate
102771-3,KIKARARA,Kilimanjaro,Moshi,Dispensary,-3.32741,37.387,4472,Moderate
114602-6,UZIMA,Kilimanjaro,Moshi,Dispensary,-3.48991,37.43625,5693,Moderate
120786-9,MEGAAFYA,Kilimanjaro,Moshi,Clinic,-3.344557,37.384938,3539,Low
111285-3,MUCCOBS,Kilimanjaro,Moshi,Health Center,-3.33489,37.33913,2937,Low
102069-2,JAFFERY,Kilimanjaro,Moshi,Clinic,-3.35472,37.34309,1310,Very Low
122586-1,TKT MISSION,Kilimanjaro,Moshi,Health Center,-3.34931,37.33804,777,Very Low
124230-4,SALAMA MOSHI,Kilimanjaro,Moshi,Dispensary,-3.20551,37.20246,776,Very Low
106011-0,MWERENI,Kilimanjaro,Moshi,Clinic,-3.33589,37.34874,8333,High
104057-5,MAJENGO,Kilimanjaro,Moshi,Health Center,-3.34417,37.3516,2659,Low
101015-6,HEALTH CARE,Kilimanjaro,Moshi,Dispensary,-3.35958,37.33149,2407,Low
105439-4,MSARANGA,Kilimanjaro,Moshi,Dispensary,-3.3445,37.3786,11250,Very High
106895-6,OLD MOSHI SEC SCHOOL,Kilimanjaro,Moshi,Clinic,-3.33277,37.33739,8163,High
112946-9,ASHOK,Kilimanjaro,Moshi,Health Laboratory,-3.33476,37.22134,497,Very Low
107216-4,SABASABA,Kilimanjaro,Moshi,Dispensary,-3.359797,37.320097,5462,Moderate
124104-1,REYNA,Kilimanjaro,Moshi,Clinic,-3.34522,37.33556,1688,Very Low
104514-5,MAWENZI,Kilimanjaro,Moshi,Hospital,-3.3512,37.33931,441,Very Low
100911-7,CHRISIAN OF GOSPEL INTERNATIONAL KAYA NO 1,Kilimanjaro,Moshi,Dispensary,-3.36981,37.34087,1750,Very Low
107062-2,RAU,Kilimanjaro,Moshi,Dispensary,-3.32348,37.35024,13232,Very High
100894-5,CHUO CHA POLISI,Kilimanjaro,Moshi,Health Center,-3.33358,37.33193,2784,Low
110860-4,BENBELA,Kilimanjaro,Moshi,Dispensary,-3.35636,37.32174,3953,Moderate
105027-7,MJI MPYA,Kilimanjaro,Moshi,Dispensary,-3.35768,37.35897,8547,High
100409-2,BONDENI,Kilimanjaro,Moshi,Dispensary,-3.36007,37.33994,1805,Very Low
102257-3,KALOLENI,Kilimanjaro,Moshi,Dispensary,-3.37162,37.3443,2190,Low
102620-2,KIBORILONI,Kilimanjaro,Moshi,Dispensary,-3.33559,37.37273,15261,Very High
123758-5,VERITAS,Kilimanjaro,Moshi,Clinic,-3.34742,37.34394,2571,Low
107464-0,SIIMA,Kilimanjaro,Moshi,Health Center,-3.35511,37.33538,1025,Very Low
100420-9,TANZANIA BREWERIES,Kilimanjaro,Moshi,Dispensary,-3.36275,37.34018,2715,Low
101013-1,MBWAMBO,Kilimanjaro,Moshi,Hospital,-3.34671,37.33951,638,Very Low
109528-0,MOSHI,Kilimanjaro,Moshi,Health Center,-3.35441,37.33062,1560,Very Low
107398-0,SHANTY TOWN,Kilimanjaro,Moshi,Clinic,-3.33754,37.32155,4491,Moderate
112500-4,GML HEALTH,Kilimanjaro,Moshi,Clinic,-3.33283,37.32936,8514,High
112949-3,LANCET,Kilimanjaro,Moshi,Health Laboratory,-3.34742,37.34394,2571,Low
123517-5,SEKA,Kilimanjaro,Moshi,Dispensary,-3.33951,37.29979,13768,Very High
108092-8,CHAMA CHA UZAZI NA MALEZI BORA TANZANIA,Kilimanjaro,Moshi,Dispensary,-3.347057,37.328023,5887,High
121647-2,HARDWIN CONSULTANCY EYE CLINIC,Kilimanjaro,Moshi,Clinic,-3.21143,37.21143,1779,Very Low
106294-2,NEEMA,Kilimanjaro,Moshi,Dispensary,-3.34421,37.34986,1482,Very Low
102613-7,KIBO PAEDIATRIC,Kilimanjaro,Moshi,Dispensary,-3.35768,37.33734,1276,Very Low
104291-0,MOSHI ARUSHA OCCUPATIONAL HEALTH,Kilimanjaro,Moshi,Health Center,-3.34603,37.33824,551,Very Low
112530-1,CAREPLUS,Kilimanjaro,Moshi,Health Center,-3.33521,37.21596,198,Very Low
106505-1,NJORO,Kilimanjaro,Moshi,Dispensary,-3.358345,37.349213,3229,Low
108623-0,KISHAMBA,Kilimanjaro,Moshi,Dispensary,-3.34274,37.35011,1910,Very Low
121090-5,PARAMOUNT,Kilimanjaro,Moshi,Clinic,-3.35283,37.33966,546,Very Low
105429-5,MSANDAKA,Kilimanjaro,Moshi,Dispensary,-3.368961,37.375927,4294,Moderate
108622-2,KORONGONI,Kilimanjaro,Moshi,Dispensary,-3.35741,37.33347,1178,Very Low
100936-4,CRCT KILIMANJARO FIRST HEALTH,Kilimanjaro,Moshi,Hospital,-3.34895,37.34186,1189,Very Low
123195-0,MAA,Kilimanjaro,Moshi,Clinic,-3.21623,37.20331,713,Very Low
108129-8,MAJENGO UPENDO,Kilimanjaro,Moshi,Health Center,-3.34524,37.38742,5509,Moderate
107429-3,SHIRIMATUNDA,Kilimanjaro,Moshi,Health Center,-3.36341,37.31306,14499,Very High
107014-3,POLICE LINE,Kilimanjaro,Moshi,Dispensary,-3.350223,37.33323,1782,Very Low
101023-0,DR NDUKA DENTAL,Kilimanjaro,Moshi,Clinic,-3.35537,37.33816,1103,Very Low
100082-7,AL-EHSAA,Kilimanjaro,Moshi,Health Center,-3.36883,37.34578,2034,Very Low
114592-9,REYNA AND DIALYSIS CENTRE,Kilimanjaro,Moshi,Clinic,-3.34542,37.33541,1262,Very Low
103919-7,MAGEREZA,Kilimanjaro,Moshi,Dispensary,-3.336392,37.313422,3830,Low
108621-4,YMCA,Kilimanjaro,Moshi,Dispensary,-3.34205,37.34399,1252,Very Low
123537-3,EDDIE,Kilimanjaro,Moshi,Health Laboratory,-3.34606,37.38704,11304,Very High
112501-2,ST ELMO,Kilimanjaro,Moshi,Clinic,-3.35241,37.33967,302,Very Low
109555-3,PAPRI,Kilimanjaro,Moshi,Clinic,-3.35656,37.33591,477,Very Low
123901-1,P & L MOSHI,Kilimanjaro,Moshi,Health Laboratory,-3.21125,37.20247,467,Very Low
120570-7,ALBINA,Kilimanjaro,Moshi,Clinic,-3.3440361,37.3406468,1376,Very Low
106981-4,PASUA,Kilimanjaro,Moshi,Health Center,-3.37059,37.33872,9104,Very High
107597-7,ST. JOSEPH,Kilimanjaro,Moshi,Hospital,-3.35488,37.31768,4261,Moderate
124218-9,MOUNT EVEREST,Kilimanjaro,Moshi,Dispensary,-3.21858,37.19544,1377,Very Low
112328-0,A2Z HEALTHCARE,Kilimanjaro,Moshi,Clinic,-3.35422,37.34398,1739,Very Low
120485-8,ST. JOSEPH,Kilimanjaro,Moshi,Clinic,-3.35527,37.31747,3128,Low
114593-7,MBIJIWE,Kilimanjaro,Moshi,Clinic,-3.342,37.3445,1382,Very Low
121636-5,FOR SIGHT EYE CARE,Kilimanjaro,Moshi,Clinic,-3.35234,37.3392,465,Very Low
103583-1,LONGUO,Kilimanjaro,Moshi,Dispensary,-3.317056,37.317292,9545,Very High
111010-5,VOICE OF VICTORY,Kilimanjaro,Moshi,Dispensary,-3.35499,37.34988,3916,Moderate
109967-0,MOSHI TECHNICAL SECONDARY SCHOOL,Kilimanjaro,Moshi,Clinic,-3.34465,37.30782,8239,High
107830-2,TINDIGANI MATERNITY HOME,Kilimanjaro,Moshi,Maternity Home,-3.38248,37.33911,9623,Very High
124038-1,AMANIRAU,Kilimanjaro,Moshi,Dispensary,-3.19222,37.20597,2850,Low
100938-0,MAJENGO COGI,Kilimanjaro,Moshi,Dispensary,-3.34634,37.35317,8399,High
104368-6,MARY LAND,Kilimanjaro,Moshi,Health Center,-3.37948,37.34011,5219,Moderate
112493-2,ABBYS,Katavi,Mpanda,Health Center,-6.34429,31.07279,1438,Very Low
120595-4,SHANWE,Katavi,Mpanda,Dispensary,-6.32209,31.070345,16267,Very High
120869-3,MWAMKULU,Katavi,Mpanda,Health Center,-6.30201,30.55271,6365,High
121726-4,Mdende Raha.,Katavi,Mpanda,Dispensary,-6.42228,30.98671,12752,Very High
123690-0,PGM,Katavi,Mpanda,Health Laboratory,-6.22088,31.05234,4378,Moderate
121221-6,MANGA,Katavi,Mpanda,Dispensary,-6.15598,31.04463,1964,Very Low
123244-6,MAKANYAGIO,Katavi,Mpanda,Dispensary,-6.20607,31.04066,1819,Very Low
121706-6,SUNGAMILA.,Katavi,Mpanda,Dispensary,-6.27402,31.12937,4694,Moderate
123691-8,SHALOM MEDICAL,Katavi,Mpanda,Health Laboratory,-6.19343,31.04415,316,Very Low
111474-3,MTAKUMBUKA,Katavi,Mpanda,Dispensary,-6.38569,31.14368,3820,Low
111470-1,MAGAMBA,Katavi,Mpanda,Dispensary,-6.41736,31.08918,7125,High
123708-0,MUDOBA,Katavi,Mpanda,Health Laboratory,-6.19706,31.05175,41,Very Low
120870-1,KAKESE,Katavi,Mpanda,Health Center,-6.40243,31.00006,15961,Very High
120535-0,POLICE KATAVI,Katavi,Mpanda,Dispensary,-6.34045,31.07107,1175,Very Low
113250-5,ST.GREM,Katavi,Mpanda,Dispensary,-6.33196,31.08223,10016,Very High
122152-2,VICTORY,Katavi,Mpanda,Health Laboratory,-6.33713,31.072472,903,Very Low
111475-0,TOWN,Katavi,Mpanda,Health Center,-6.349445,31.066106,6669,High
120815-6,DILIFU,Katavi,Mpanda,Dispensary,-6.39974,31.04192,5891,High
107845-0,TMC,Katavi,Mpanda,Dispensary,-6.338681,31.077913,12069,Very High
104923-8,ST. THERESIA MILALA,Katavi,Mpanda,Dispensary,-6.30556,31.02929,3211,Low
108690-9,KAKESE,Katavi,Mpanda,Dispensary,-6.425668,30.988416,2654,Low
121534-2,HURUMA,Katavi,Mpanda,Health Laboratory,-6.348242,31.073763,4509,Moderate
100119-7,AMEC,Katavi,Mpanda,Dispensary,-6.337284,31.070345,746,Very Low
112016-1,NDASI,Katavi,Mpanda,Health Laboratory,-6.34308,31.07251,1458,Very Low
124433-4,BN MEDICAL,Katavi,Mpanda,Health Laboratory,-6.19591,31.05348,1361,Very Low
107324-6,SDA,Katavi,Mpanda,Dispensary,-6.35002,31.07072,4016,Moderate
108689-1,ST.ALOYCE,Katavi,Mpanda,Health Center,-6.340594,31.074322,1300,Very Low
108682-6,MAGEREZA,Katavi,Mpanda,Dispensary,-6.35178,31.06873,7682,High
122828-7,KIGAMBONI,Katavi,Mpanda,Dispensary,-6.33596,31.06901,10728,Very High
112008-8,ADVERT,Katavi,Mpanda,Health Laboratory,-6.34682,31.07613,24302,Very High
111468-5,MWAMKULU,Katavi,Mpanda,Dispensary,-6.511008,30.904427,21493,Very High
122075-5,FEYROSE HEALTH LABORATORY,Katavi,Mpanda,Health Laboratory,-6.34674,31.055908,16880,Very High
121707-4,NSEMULWA,Katavi,Mpanda,Health Center,-6.36512,31.06491,5622,Moderate
111469-3,MLIMA KIPALA,Katavi,Mpanda,Dispensary,-6.48218,30.87681,17433,Very High
121489-9,KAZIMA,Katavi,Mpanda,Health Center,-6.32741,31.09213,38545,Very High
105336-2,MPANDA,Katavi,Mpanda,Hospital,-6.33919,31.07417,984,Very Low
121927-8,KATAVI,Katavi,Mpanda,Hospital,-6.31372,31.09003,9596,Very High
102442-1,KASOKOLA,Katavi,Mpanda,Dispensary,-6.27889,31.06566,6403,High
108697-4,KASHAULILI,Katavi,Mpanda,Dispensary,-6.344848,31.074057,1100,Very Low
111472-7,MILALA,Katavi,Mpanda,Dispensary,-6.31856,31.01592,7340,High
112009-6,VICTORIA,Katavi,Mpanda,Health Laboratory,-6.33185,31.08226,11146,Very High
121222-4,KAWALYOWA,Katavi,Mpanda,Dispensary,-6.22761,31.63014,279,Very Low
112492-4,UTAPOA,Katavi,Mpanda,Dispensary,-6.34661,31.06692,6325,High
100035-5,AFYA,Katavi,Mpanda,Dispensary,-6.34013,31.06891,4885,Moderate
122588-7,UPENDO,Katavi,Mpanda,Dispensary,-6.33835,31.06924,1338,Very Low
105337-0,MPANDA GIRLS,Katavi,Mpanda,Dispensary,-6.332822,31.04934,7545,High
121285-1,NDOHA,Katavi,Mpanda,Dispensary,-6.34581,31.07402,815,Very Low
112494-0,MONIBA,Katavi,Mpanda,Dispensary,-6.33622,31.07365,5808,Moderate
102438-9,ILEMBO,Katavi,Mpanda,Health Center,-6.3696,31.070182,36175,Very High
120560-8,MIZENGO PINDA CAMPUS,Katavi,Mlele,Dispensary,-7.09977,31.16475,7792,High
121605-0,UKINGWAMINZI,Katavi,Mlele,Dispensary,-7.17112,31.28815,9074,Very High
110081-7,IZIWASUNGU,Katavi,Mlele,Dispensary,-7.41726,31.42739,10938,Very High
101707-8,ILALANGULU,Katavi,Mlele,Dispensary,-7.104001,31.1644001,5357,Moderate
100712-9,CHAMALENDI,Katavi,Mlele,Dispensary,-7.125186,31.387048,28212,Very High
121488-1,MAJIMOTO,Katavi,Mlele,Health Center,-7.25603,31.43391,8841,High
104936-0,MIRUMBA,Katavi,Mlele,Dispensary,-7.09772,31.073,10789,Very High
110109-6,UPENDO WA MUNGU,Katavi,Mlele,Dispensary,-7.47091,31.39239,4842,Moderate
122142-3,MALUMBI,Katavi,Mlele,Health Laboratory,-7.10313,31.165564,4470,Moderate
121608-4,MSADYA,Katavi,Mlele,Dispensary,-7.17112,31.28811,5933,High
115219-8,KABUNDE,Katavi,Mlele,Dispensary,-7.36166,31.41663,16766,Very High
110072-6,MAJIMOTO,Katavi,Mlele,Dispensary,-7.25174,31.38672,7159,High
121606-8,KASANSA,Katavi,Mlele,Health Center,-7.46123,31.38927,2234,Low
120878-4,HURUMA,Katavi,Mlele,Dispensary,-7.25334,31.39487,5294,Moderate
112012-0,MORIAH,Katavi,Mlele,Health Laboratory,-7.25473,31.39906,7532,High
102580-8,KIBAONI,Katavi,Mlele,Health Center,-7.10166,31.16221,8460,High
102829-9,KILIDA,Katavi,Mlele,Dispensary,-7.423278,31.369549,9086,Very High
113928-6,Mwamapuli,Katavi,Mlele,Health Center,-7.16681,31.37375,12403,Very High
104203-5,MAMBA,Katavi,Mlele,Health Center,-7.31971,31.3666,13347,Very High
104585-5,MBEDE,Katavi,Mlele,Dispensary,-7.20448,31.3219,12750,Very High
110090-8,IKULWE,Katavi,Mlele,Dispensary,-7.26539,31.45479,27000,Very High
108171-0,USEVYA,Katavi,Mlele,Health Center,-7.10569,31.2343,39245,Very High
114508-5,MPIMBWE,Katavi,Mlele,Hospital,-7.17112,31.28814,4,Very Low
124415-1,MAJIMOTO,Katavi,Mlele,Health Laboratory,-7.25299,31.40051,7797,High
121607-6,KASHISHI,Katavi,Mlele,Dispensary,-7.17112,31.28811,5933,High
112399-1,KIKONKO,Katavi,Mlele,Dispensary,-7.45656,31.42147,4711,Moderate
104703-4,TUMAINI,Katavi,Mlele,Dispensary,-7.24733,31.39041,5697,Moderate
114806-3,Kitati,Dodoma,Mpwapwa,Dispensary,-6.71226,36.65668,3216,Low
105050-9,MKANANA,Dodoma,Mpwapwa,Dispensary,-6.49736,36.20498,1608,Very Low
102039-5,Iyenge,Dodoma,Mpwapwa,Dispensary,-6.62478,36.39081,11994,Very High
105556-5,MTERA,Dodoma,Mpwapwa,Health Center,-7.11294,35.97339,6109,High
101695-5,IKUYU,Dodoma,Mpwapwa,Dispensary,-6.79754,36.38928,11005,Very High
105896-5,MWANAKIANGA TTC,Dodoma,Mpwapwa,Dispensary,-6.34555,36.48001,10340,Very High
107043-2,Pwaga,Dodoma,Mpwapwa,Health Center,-6.6919,36.56195,13163,Very High
108376-5,Wiyenzele,Dodoma,Mpwapwa,Dispensary,-6.87342,36.11848,3378,Low
123608-2,HAZINA,Dodoma,Mpwapwa,Dispensary,-6.21039,36.29282,2983,Low
104641-6,MBUGA,Dodoma,Mpwapwa,Dispensary,-6.98703,36.61079,3781,Low
103715-9,LUMUMA RC,Dodoma,Mpwapwa,Health Center,-6.82705,36.61624,1662,Very Low
121062-4,SINGONHALI,Dodoma,Mpwapwa,Dispensary,-7.04383,36.25121,3622,Low
106876-6,NZUGILO,Dodoma,Mpwapwa,Dispensary,-7.230164,36.431451,2640,Low
106007-8,MWENZELE,Dodoma,Mpwapwa,Dispensary,-6.4491,36.6983,7536,High
121669-6,MPWANILA,Dodoma,Mpwapwa,Dispensary,-6.80838,36.80834,1233,Very Low
104635-8,MBORI,Dodoma,Mpwapwa,Health Center,-6.27165,36.37783,990,Very Low
101232-7,GODEGODE,Dodoma,Mpwapwa,Dispensary,-6.32398,36.33617,4313,Moderate
103675-5,LUHUNDWA,Dodoma,Mpwapwa,Dispensary,-6.80211,36.44591,5345,Moderate
100832-5,CHINYIKA,Dodoma,Mpwapwa,Dispensary,-6.72725,36.18769,1985,Very Low
107127-3,RUDI,Dodoma,Mpwapwa,Health Center,-6.96276,36.2539,6982,High
104782-8,MGOMA,Dodoma,Mpwapwa,Dispensary,-6.59067,36.53989,10306,Very High
101553-6,IGOJI I,Dodoma,Mpwapwa,Dispensary,-6.605,36.0979,3705,Low
102570-9,KIBAKWE,Dodoma,Mpwapwa,Health Center,-6.71652,36.36575,2749,Low
102571-7,KIBAKWE RC,Dodoma,Mpwapwa,Dispensary,-6.7154,36.36607,3427,Low
102657-4,KIDENGE,Dodoma,Mpwapwa,Dispensary,-6.75137,36.46881,8544,High
103246-5,KIZI,Dodoma,Mpwapwa,Dispensary,-6.95252,36.64066,5537,Moderate
107564-7,ST LUKES,Dodoma,Mpwapwa,Health Center,-6.3635,36.49508,27702,Very High
106321-3,NG'HAMBI,Dodoma,Mpwapwa,Dispensary,-6.22393,36.35437,7672,High
103874-4,MAFENE,Dodoma,Mpwapwa,Dispensary,-6.82706,36.62007,1667,Very Low
104184-7,MALOLO,Dodoma,Mpwapwa,Dispensary,-7.28513,36.502664,3810,Low
103691-2,LUKOLE,Dodoma,Mpwapwa,Dispensary,-6.59786,36.38401,5604,Moderate
121063-2,KISOKWE,Dodoma,Mpwapwa,Dispensary,-6.31946,36.41537,7897,High
104939-4,MIMA,Dodoma,Mpwapwa,Health Center,-6.54986,36.12778,6957,High
122714-9,KIBORIANI,Dodoma,Mpwapwa,Dispensary,-6.32761,36.49921,2717,Low
110374-6,MAKOSE,Dodoma,Mpwapwa,Dispensary,-6.93403,36.41961,4354,Moderate
121670-4,CHAMANDA,Dodoma,Mpwapwa,Dispensary,-6.66499,36.12901,4886,Moderate
104388-4,MASASTEBA,Dodoma,Mpwapwa,Dispensary,-6.35171,36.48828,8963,High
108374-0,WINZA,Dodoma,Mpwapwa,Dispensary,-7.02305,36.36015,6617,High
120577-2,NEW MASASTEBA,Dodoma,Mpwapwa,Dispensary,-6.34655,36.48734,7139,High
104527-7,MAZAE,Dodoma,Mpwapwa,Dispensary,-6.3443,36.4563,8476,High
100872-1,CHOGOLA,Dodoma,Mpwapwa,Dispensary,-6.96972,36.40843,4690,Moderate
104643-2,MBUGA RC,Dodoma,Mpwapwa,Dispensary,-6.98172,36.61218,2365,Low
123247-9,KINGITI,Dodoma,Mpwapwa,Dispensary,-6.61558,36.38695,701,Very Low
101265-7,GULWE,Dodoma,Mpwapwa,Dispensary,-6.450241,36.408848,11983,Very High
114805-5,Mzase,Dodoma,Mpwapwa,Dispensary,-6.52915,36.34279,4403,Moderate
104246-4,MANG'ALIZA,Dodoma,Mpwapwa,Dispensary,-7.18298,36.4165,4253,Moderate
105224-0,MLUNDUZI,Dodoma,Mpwapwa,Dispensary,-6.72723,36.18752,3208,Low
123057-2,RM,Dodoma,Mpwapwa,Dispensary,-6.71927,36.37127,13789,Very High
105399-0,Mpwapwa,Dodoma,Mpwapwa,Hospital,-6.35047,36.48813,1199,Very Low
121061-6,MUNGUWI,Dodoma,Mpwapwa,Dispensary,-6.69194,36.43846,2821,Low
113624-1,TUMAINI,Dodoma,Mpwapwa,Dispensary,-6.34813,36.49029,3439,Low
107320-4,SAZIMA,Dodoma,Mpwapwa,Dispensary,-6.5871,36.09954,4288,Moderate
108312-0,WANGI,Dodoma,Mpwapwa,Dispensary,-6.73979,36.2795,9689,Very High
102803-4,KIKUYU,Dodoma,Mpwapwa,Dispensary,-7.022247,36.44078,3481,Low
100351-6,Berege,Dodoma,Mpwapwa,Dispensary,-6.46832,36.28938,7471,High
104482-5,MATONYA,Dodoma,Mpwapwa,Dispensary,-6.95905,36.4703,1705,Very Low
101173-3,GALIGALI,Dodoma,Mpwapwa,Dispensary,-6.95922,36.51059,5752,Moderate
100891-1,CHUNYU,Dodoma,Mpwapwa,Dispensary,-6.281,36.32895,5291,Moderate
105557-3,MTERA TANESCO,Dodoma,Mpwapwa,Dispensary,-7.11641,35.97203,3171,Low
105411-3,MSAGALI,Dodoma,Mpwapwa,Dispensary,-6.36438,36.30986,8380,High
107359-2,SELUKA,Dodoma,Mpwapwa,Dispensary,-6.86122,36.04017,5507,Moderate
105225-7,MLUNGA,Dodoma,Mpwapwa,Dispensary,-6.63886,36.27979,9743,Very High
114141-5,Igoji kusini,Dodoma,Mpwapwa,Dispensary,-6.69956,36.08698,5170,Moderate
123904-5,CHISEYU,Dodoma,Mpwapwa,Dispensary,-6.49309,36.37251,4945,Moderate
100853-1,CHITEMO,Dodoma,Mpwapwa,Dispensary,-6.49738,36.20497,5002,Moderate
105527-6,MTAMBA,Dodoma,Mpwapwa,Dispensary,-6.42829,36.30558,3591,Low
101485-1,IDODOMA,Dodoma,Mpwapwa,Dispensary,-7.29905,36.374386,1918,Very Low
101818-3,INZOMVU,Dodoma,Mpwapwa,Dispensary,-6.48087,36.5739,13809,Very High
100831-7,CHINYANGHUKU,Dodoma,Mpwapwa,Dispensary,-6.79684,36.19389,4111,Moderate
103625-0,LUFU,Dodoma,Mpwapwa,Dispensary,-6.82234,36.4991,6599,High
102035-3,IWONDO,Dodoma,Mpwapwa,Health Center,-6.66976,36.00625,5661,Moderate
108379-9,WOTTA,Dodoma,Mpwapwa,Dispensary,-6.68232,36.29503,8766,High
102675-6,KIEGEA,Dodoma,Mpwapwa,Dispensary,-6.19239,36.25745,3048,Low
100836-6,CHIPOGORO,Dodoma,Mpwapwa,Health Center,-6.87272,36.03772,5489,Moderate
101827-4,IPERA,Dodoma,Mpwapwa,Health Center,-7.11596,36.48875,5939,High
103112-9,KISIMA,Dodoma,Mpwapwa,Dispensary,-7.02882,35.99395,7892,High
107726-2,TAMBI,Dodoma,Mpwapwa,Dispensary,-6.40633,36.6767,6435,High
100587-5,BUSANGI,Shinyanga,Kahama,Dispensary,-3.65804,32.55714,8225,High
100446-4,BUGARAMA,Shinyanga,Kahama,Health Center,-3.27083,32.42476,3671,Low
123226-3,CHIEFSTONE,Shinyanga,Kahama,Dispensary,-3.90531,32.93815,19407,Very High
110028-8,MWALUGULU,Shinyanga,Kahama,Health Center,-3.84036,32.81078,17755,Very High
106364-3,NGAYA,Shinyanga,Kahama,Health Center,-3.64017,32.62892,9682,Very High
123602-5,ILOGI,Shinyanga,Kahama,Dispensary,-3.53836,32.26464,3920,Moderate
120576-4,SEGESE,Shinyanga,Kahama,Clinic,-3.532517,32.419727,5494,Moderate
102073-4,JANA,Shinyanga,Kahama,Dispensary,-3.79832,32.98216,15157,Very High
122548-1,KAKOLA MZAZI,Shinyanga,Kahama,Dispensary,-3.24094,32.46372,10299,Very High
123759-3,PEMA,Shinyanga,Kahama,Maternity and Nursing Home,-3.26735,32.42401,14104,Very High
105987-2,MWAZIMBA,Shinyanga,Kahama,Dispensary,-3.48987,32.52192,1802,Very Low
123603-3,NDALA,Shinyanga,Kahama,Dispensary,-3.58723,32.46102,1928,Very Low
101869-6,ISAKA,Shinyanga,Kahama,Health Center,-3.90272,32.969970000000004,7111,High
110049-4,KALAGWA,Shinyanga,Kahama,Dispensary,-3.69546,32.49026,2606,Low
114780-0,BUCHAMBAGA,Shinyanga,Kahama,Dispensary,-3.342,32.3449,14755,Very High
123604-1,IZUMBA,Shinyanga,Kahama,Dispensary,-3.51955,32.48847,678,Very Low
123605-8,BUYANGE,Shinyanga,Kahama,Dispensary,-3.51955,32.48847,678,Very Low
107349-3,SEGESE,Shinyanga,Kahama,Dispensary,-3.53232,32.41965,6732,High
114576-2,BULIGE WAZAZI,Shinyanga,Kahama,Dispensary,-3.527534,32.674316,8945,High
112137-5,NYAMINJE,Shinyanga,Kahama,Dispensary,-3.60517,32.202184,9246,Very High
121895-7,BUYAGU,Shinyanga,Kahama,Dispensary,-3.46541,32.51831,2726,Low
122241-3,GULLA,Shinyanga,Kahama,Dispensary,-3.34567,36.45342,928,Very Low
110266-4,MHANDU,Shinyanga,Kahama,Dispensary,-3.56753,32.4913,3146,Low
123601-7,ISAKA STATION,Shinyanga,Kahama,Dispensary,-3.53848,32.56993,3013,Low
100444-9,BUGANZO,Shinyanga,Kahama,Dispensary,-3.62251,32.42562,4606,Moderate
110851-3,BUKWANGU,Shinyanga,Kahama,Dispensary,-3.67424,32.44091,4096,Moderate
114779-2,IKINDA,Shinyanga,Kahama,Dispensary,-3.3849967,32.31844,8314,High
121894-0,MASABI,Shinyanga,Kahama,Dispensary,-3.55888,32.43708,5151,Moderate
100762-4,CHELA,Shinyanga,Kahama,Health Center,-3.54038,32.54762,2273,Low
110850-5,NTOBO B,Shinyanga,Kahama,Dispensary,-3.66257,32.47304,4550,Moderate
111583-1,ITINDE,Shinyanga,Kahama,Dispensary,-3.5871438,32.4610629,1319,Very Low
123923-5,MADAHO,Shinyanga,Kahama,Dispensary,-3.38276,32.39788,3969,Moderate
122862-6,SUNGAMILE,Shinyanga,Kahama,Dispensary,-3.87642,32.83828,17099,Very High
111584-9,KAKOLA,Shinyanga,Kahama,Dispensary,-3.154,32.2642,9558,Very High
110954-5,BULUMA,Shinyanga,Kahama,Dispensary,-3.753477,32.888527,24440,Very High
100536-2,BULIGE,Shinyanga,Kahama,Dispensary,-3.52692,32.66974,9795,Very High
123529-0,BUSHING'WE,Shinyanga,Kahama,Health Laboratory,-3.24645,32.46141,7459,High
112138-3,BAKWATA KAKOLA,Shinyanga,Kahama,Dispensary,-3.2454314,32.459324,10859,Very High
120636-6,MATONANGE,Shinyanga,Kahama,Dispensary,-3.5393274,32.42777,8378,High
114777-6,WISOLELE,Shinyanga,Kahama,Dispensary,-3.5194583,32.488438,1932,Very Low
107887-2,TRUST GOD,Shinyanga,Kahama,Health Center,-3.24334,32.46102,2499,Low
112134-2,MWAKATA,Shinyanga,Kahama,Dispensary,-3.5352,32.5341,1063,Very Low
123918-5,BUSHING'WE,Shinyanga,Kahama,Dispensary,-3.15401,32.26446,7058,High
123922-7,IGWAMANONI,Shinyanga,Kahama,Dispensary,-3.27084,32.42475,16238,Very High
123600-9,MWASHIGINI,Shinyanga,Kahama,Dispensary,-3.50228,32.56993,5770,Moderate
121893-2,NYAMIGEGE,Shinyanga,Kahama,Dispensary,-3.69473,32.54332,8990,High
121891-6,MATINJE,Shinyanga,Kahama,Dispensary,-3.69654,32.89576,26838,Very High
102434-8,KASHISHI,Shinyanga,Kahama,Dispensary,-3.52784,32.74006,15690,Very High
112132-6,MBIZI,Shinyanga,Kahama,Dispensary,-3.5489786,32.351597,5066,Moderate
122859-2,NYAMISHIGA,Shinyanga,Kahama,Dispensary,-3.39138,32.47015,7255,High
106607-5,NTOBO,Shinyanga,Kahama,Dispensary,-3.64984,32.45802,6796,High
107417-8,SHILELA,Shinyanga,Kahama,Dispensary,-3.454559,32.41532,4241,Moderate
114599-4,RIDGE,Shinyanga,Kahama,Dispensary,-3.9045393,32.946922,10223,Very High
122171-2,KAKOLA NO 9,Shinyanga,Kahama,Dispensary,-3.13274,32.30621,7624,High
123920-1,MWANINGI,Shinyanga,Kahama,Dispensary,-3.52693,32.66976,2293,Low
121892-4,NTUNDU,Shinyanga,Kahama,Dispensary,-3.59772,32.55336,6425,High
123921-9,MALITO,Shinyanga,Kahama,Dispensary,-3.45453,32.41534,5238,Moderate
121924-5,BUMVA,Shinyanga,Kahama,Dispensary,-3.5189425,32.4510252,4354,Moderate
106619-0,NUNDU,Shinyanga,Kahama,Dispensary,-3.45097,32.54211,10869,Very High
123172-9,BUYAMBA,Shinyanga,Kahama,Dispensary,-3.64172,32.62833,3920,Moderate
122848-5,MGAGA,Shinyanga,Kahama,Dispensary,-3.828912,32.607041,4390,Moderate
110351-4,BULYANHULU,Shinyanga,Kahama,Health Center,-3.227469,32.483936,14320,Very High
103722-5,LUNGUYA,Shinyanga,Kahama,Health Center,-3.3828,32.39789,6300,High
121988-0,MWAKUZUKA,Shinyanga,Kahama,Dispensary,-3.33631,32.44804,13237,Very High
123919-3,UMBOGO,Shinyanga,Kahama,Dispensary,-3.38537,32.45383,2342,Low
120714-1,CHIWERERE,Lindi,Lindi,Dispensary,-10.35926,39.18987,2424,Low
106349-4,NGALA,Lindi,Lindi,Dispensary,-10.16548,39.28988,3932,Moderate
120713-3,LITIPU,Lindi,Lindi,Dispensary,-10.37925,39.66344,6797,High
103859-5,MADINGO,Lindi,Lindi,Dispensary,-10.44932,39.67462,3551,Low
104195-3,MALUNGO,Lindi,Lindi,Dispensary,-10.563167,39.672683,4463,Moderate
105051-7,MKANGA II,Lindi,Lindi,Dispensary,-10.21579,39.35371,3173,Low
106842-8,NYENGEDI,Lindi,Lindi,Dispensary,-10.25299,39.42719,7341,High
110168-2,NTENE,Lindi,Lindi,Dispensary,-10.1216,39.24512,9375,Very High
100838-2,CHIPONDA,Lindi,Lindi,Health Center,-10.09348,39.36948,5864,High
110341-5,MMUMBU,Lindi,Lindi,Dispensary,-10.08486,39.90752,1610,Very Low
105255-4,MNOLELA,Lindi,Lindi,Dispensary,-10.22311,39.73861,9093,Very High
106073-0,NAHUKAHUKA,Lindi,Lindi,Dispensary,-10.54293,39.39155,2189,Low
107651-2,SUDI,Lindi,Lindi,Dispensary,-10.16163,39.95636,2658,Low
106118-3,NAMBAHU,Lindi,Lindi,Dispensary,-10.59438,39.61952,4828,Moderate
113579-7,LINDI DISTRICT,Lindi,Lindi,Hospital,-10.201633,39.582614,998,Very Low
107472-3,SIMANA,Lindi,Lindi,Dispensary,-10.142,39.75298,2919,Low
103845-4,MADANGWA,Lindi,Lindi,Dispensary,-10.21451,39.86063,7309,High
103543-5,LIPOME,Lindi,Lindi,Dispensary,-10.46865,39.54192,3606,Low
102842-2,KILIMANJARO,Lindi,Lindi,Dispensary,-10.28321,39.49531,2335,Low
104581-4,MBAWALA,Lindi,Lindi,Dispensary,-10.43841,39.50996,1476,Very Low
104889-1,MIHIMA,Lindi,Lindi,Dispensary,-10.24441,39.13855,2097,Very Low
105595-3,MTUA,Lindi,Lindi,Health Center,-10.21791,39.49081,4504,Moderate
105525-0,MTAMA,Lindi,Lindi,Dispensary,-10.29739,39.36177,4576,Moderate
110345-6,CHIODYA,Lindi,Lindi,Dispensary,-10.14263,39.39388,5259,Moderate
105357-8,MPENDA,Lindi,Lindi,Dispensary,-10.33266,39.40384,2003,Very Low
107165-3,RUO,Lindi,Lindi,Dispensary,-10.2167,39.5833,4124,Moderate
107643-9,ST. WALBURGE,Lindi,Lindi,Hospital,-10.33113,39.29659,13337,Very High
103535-1,LINOHA,Lindi,Lindi,Dispensary,-10.40083,39.50961,5423,Moderate
106764-4,NYANGAMARA,Lindi,Lindi,Health Center,-10.37906,39.59784,5630,Moderate
106157-1,NAMUPA,Lindi,Lindi,Dispensary,-10.29088,39.25269,4591,Moderate
120715-8,MTEGU,Lindi,Lindi,Dispensary,-10.23239,39.88415,1728,Very Low
100859-8,CHIUTA,Lindi,Lindi,Dispensary,-10.51361,39.60161,7164,High
104033-6,MAHUMBIKA,Lindi,Lindi,Dispensary,-10.14701,39.58259,2545,Low
120686-1,MTAMA,Lindi,Lindi,Health Center,-10.29024,39.38949,1761,Very Low
122044-1,MKAMI,Lindi,Lindi,Health Laboratory,-10.30117,39.37229,4920,Moderate
107444-2,SHUKA,Lindi,Lindi,Dispensary,-10.01083,39.82696,927,Very Low
106106-8,NAMANGALE,Lindi,Lindi,Dispensary,-10.3401,39.1417,3305,Low
106964-0,PANGABOI,Lindi,Lindi,Health Center,-10.11834,39.86985,3559,Low
102832-3,KILIMAHEWA,Lindi,Lindi,Dispensary,-10.23948,39.46339,6092,High
112960-0,MATIPA,Lindi,Lindi,Health Laboratory,-10.33333,39.28333,2328,Low
101373-9,HINGAWALI,Lindi,Lindi,Dispensary,-10.19586,39.79592,3610,Low
105601-9,MTUMBYA,Lindi,Lindi,Dispensary,-10.31727,39.47457,1643,Very Low
113756-1,LIGANGA,Lindi,Lindi,Dispensary,-10.12861,39.13892,903,Very Low
110332-4,KIWALALA,Lindi,Lindi,Dispensary,-10.1803,39.54072,7091,High
120968-3,MAHIWA,Lindi,Lindi,Dispensary,-10.33801,39.26637,3070,Low
100976-0,Dihimba,Mtwara,Mtwara,Dispensary,-10.411789,39.976609,5041,Moderate
110717-6,MAKOME B,Mtwara,Mtwara,Dispensary,-10.490467,40.199439,2808,Low
120670-5,NANYANI,Mtwara,Mtwara,Dispensary,-10.30905,39.93021,3128,Low
110892-7,MBUO,Mtwara,Mtwara,Dispensary,-10.25523,39.99648,4602,Moderate
107219-8,SABODO,Mtwara,Mtwara,Dispensary,-10.266991,40.077442,1029,Very Low
110509-7,MKWAJUNI,Mtwara,Mtwara,Dispensary,-10.348507,40.016983,5163,Moderate
104580-6,MBAWALA,Mtwara,Mtwara,Dispensary,-10.452092,40.118299,11532,Very High
123279-2,MKUNDA  MEDICAL,Mtwara,Mtwara,Health Laboratory,-10.30324,39.87265,3802,Low
110714-3,MNGOJI,Mtwara,Mtwara,Dispensary,-10.31158,40.03029,3558,Low
110718-4,MAKOME A,Mtwara,Mtwara,Dispensary,-10.475715,40.177733,1533,Very Low
103175-6,KITERE,Mtwara,Mtwara,Health Center,-10.352534,39.781155,8640,High
114338-7,KILAMBO,Mtwara,Mtwara,Health Center,-10.4955,40.3447,3869,Low
110251-6,KILOMBERO,Mtwara,Mtwara,Dispensary,-10.508471,40.225794,2306,Low
107754-4,TANGAZO,Mtwara,Mtwara,Dispensary,-10.461149,40.321754,5807,Moderate
106181-1,NANGURUWE,Mtwara,Mtwara,Hospital,-10.493778,40.039188,13210,Very High
105468-3,MSIMBATI,Mtwara,Mtwara,Dispensary,-10.35567,40.424474,6807,High
106219-9,Naumbu,Mtwara,Mtwara,Dispensary,-10.234876,40.124005,1715,Very Low
104950-1,MINYEMBE,Mtwara,Mtwara,Dispensary,-10.422275,40.185761,5137,Moderate
123357-6,LIKONDE,Mtwara,Mtwara,Dispensary,-10.59059,39.81987,1858,Very Low
123089-5,MKUNWA,Mtwara,Mtwara,Health Center,-10.59059,39.81987,1858,Very Low
110246-6,Msijute,Mtwara,Mtwara,Dispensary,-10.271269,40.069635,4000,Moderate
105152-3,MKUTIMANGO,Mtwara,Mtwara,Dispensary,-10.490075,39.840513,4011,Moderate
104035-1,MAHURUNGA,Mtwara,Mtwara,Health Center,-10.537934,40.279072,5523,Moderate
106094-6,NALINGU,Mtwara,Mtwara,Dispensary,-10.337475,40.307026,4762,Moderate
108420-1,ZIWANI,Mtwara,Mtwara,Dispensary,-10.342816,40.23929,12000,Very High
106551-5,MKUNWA,Mtwara,Mtwara,Dispensary,-10.344645,40.086104,1842,Very Low
106132-4,NAMGOGOLI,Mtwara,Mtwara,Dispensary,-10.206224,40.013502,3707,Low
105433-7,MSANGAMKUU,Mtwara,Mtwara,Dispensary,-10.24668,40.230906,8407,High
104771-1,MGAO,Mtwara,Mtwara,Dispensary,-10.1351,39.982495,1041,Very Low
102506-3,KAWAWA,Mtwara,Mtwara,Dispensary,-10.372583,40.090017,5147,Moderate
105351-1,MPAPURA,Mtwara,Mtwara,Dispensary,-10.246607,39.938187,5724,Moderate
110247-4,LIBOBE,Mtwara,Mtwara,Dispensary,-10.303242,39.872655,4146,Moderate
103855-3,MADIMBA,Mtwara,Mtwara,Dispensary,-10.398161,40.301551,11286,Very High
101802-7,IMEKUWA,Mtwara,Mtwara,Dispensary,-10.21407,40.05,2729,Low
110505-5,NAMANJELE,Mtwara,Mtwara,Dispensary,-10.456816,39.947846,3761,Low
123725-4,MUBRY,Mtwara,Mtwara,Dispensary,-10.30025,40.17294,11390,Very High
103516-1,LIKOMBE,Mtwara,Mtwara,Health Center,-10.285399,40.196655,15779,Very High
106093-8,NALIENDELE,Mtwara,Mtwara,Dispensary,-10.36422,40.16098,4200,Moderate
103922-1,MAGEREZA,Mtwara,Mtwara,Dispensary,-10.305994,40.190194,6867,High
112983-2,AL-TABIBU,Mtwara,Mtwara,Health Laboratory,-10.36506,40.16107,2230,Low
120392-6,KANUDA HEALTH CARE  DISPENSARY,Mtwara,Mtwara,Dispensary,-7.17511,31.39622,20437,Very High
115264-4,MT ROYAL,Mtwara,Mtwara,Health Center,-10.27342,40.17245,6044,High
120486-6,MTWARA SOUTHERN ZONE,Mtwara,Mtwara,Hospital,-10.261886,40.169105,5109,Moderate
107529-0,SOMO,Mtwara,Mtwara,Dispensary,-10.29261,40.18445,9841,Very High
121039-2,SAYARI OPTICAL CENTER,Mtwara,Mtwara,Clinic,-10.28075,40.186279999999996,2011,Very Low
121752-0,UPENDO,Mtwara,Mtwara,Clinic,-10.26046,40.03469,5673,Moderate
107396-4,SHANGANI,Mtwara,Mtwara,Dispensary,-10.25648,40.18135,3373,Low
104049-2,ST PAUL,Mtwara,Mtwara,Dispensary,-10.30311,40.17547,1557,Very Low
100303-7,MTWARA PORT,Mtwara,Mtwara,Dispensary,-10.2704,40.19808,4855,Moderate
101408-3,HURUMA,Mtwara,Mtwara,Dispensary,-10.275941,40.165785,2798,Low
108512-5,BURSA,Mtwara,Mtwara,Dispensary,-10.30311,40.17547,1557,Very Low
108769-1,RAHA,Mtwara,Mtwara,Dispensary,-10.28308,40.18608,3723,Low
107217-2,SABATO,Mtwara,Mtwara,Dispensary,-10.27543,40.18259,1955,Very Low
112257-1,MCC,Mtwara,Mtwara,Health Center,-10.27704,40.16384,3520,Low
107006-9,POLICE,Mtwara,Mtwara,Dispensary,-10.27693,40.17832,2968,Low
112997-2,SIHA OPTICAL AND EYE CENTRE,Mtwara,Mtwara,Clinic,-10.27217,40.18631,1544,Very Low
105540-9,MTAWANYA,Mtwara,Mtwara,Dispensary,-10.20021,40.13024,173,Very Low
108016-7,UFUKONI,Mtwara,Mtwara,Health Center,-10.30724,40.16139,15169,Very High
120396-7,BOT MTWARA,Mtwara,Mtwara,Clinic,-10.27903,40.18595,2024,Very Low
123047-3,KILIMAHEWA,Mtwara,Mtwara,Dispensary,-10.29403,40.14449,6074,High
111218-4,CHUNO,Mtwara,Mtwara,Dispensary,-10.26965,40.16424,6151,High
112995-6,ADEFA OPTICAL CENTRE,Mtwara,Mtwara,Clinic,-10.27169,40.18213,5363,Moderate
124285-8,GAJ,Mtwara,Mtwara,Clinic,-10.27212,40.18767,2744,Low
114403-9,MBAWALA CHINI,Mtwara,Mtwara,Dispensary,-10.38626,40.12521,5076,Moderate
107203-2,RWELU,Mtwara,Mtwara,Dispensary,-10.32646,40.08126,1735,Very Low
112979-0,NEEMA,Mtwara,Mtwara,Health Laboratory,-10.29836,40.18256,6307,High
123113-3,ESA,Mtwara,Mtwara,Dispensary,-10.37311,40.15785,3273,Low
123482-2,TUMAIN,Mtwara,Mtwara,Dispensary,-10.30312,40.17547,6945,High
107232-1,SAJORA,Mtwara,Mtwara,Health Center,-10.28331,40.18337,4104,Moderate
108101-7,UMOJA,Mtwara,Mtwara,Dispensary,-10.26841,40.18983,2276,Low
103503-9,LIGULA,Mtwara,Mtwara,Hospital,-10.2824,40.17291,10158,Very High
120487-4,MAGOMENI,Mtwara,Mtwara,Dispensary,-10.18091,40.10141,73,Very Low
104899-0,MIKINDANI,Mtwara,Mtwara,Health Center,-10.28095,40.11861,6773,High
112024-5,IGODA,Iringa,Mufindi,Dispensary,-8.53342,35.48879,1528,Very Low
111451-1,MTWANGO,Iringa,Mufindi,Health Center,-8.54522,35.3354,3356,Low
103395-0,KWATWANGA,Iringa,Mufindi,Dispensary,-8.42818,34.7477,5335,Moderate
104781-0,MGOLOLO,Iringa,Mufindi,Health Center,-8.72758,35.3072,8924,High
103164-0,KITASENGWA,Iringa,Mufindi,Dispensary,-8.65477,35.3228,2402,Low
120908-9,NYOLOLO NJIA PANDA,Iringa,Mufindi,Dispensary,-8.50043,35.05807,8266,High
121461-8,ITULAVANU,Iringa,Mufindi,Dispensary,-8.38335,35.34645,2344,Low
101559-3,IGOMAA,Iringa,Mufindi,Dispensary,-8.22486,34.9454,2029,Very Low
114510-1,MUFINDI,Iringa,Mufindi,Hospital,-8.5471,35.12551,2909,Low
101576-7,IGOWOLE,Iringa,Mufindi,Dispensary,-8.58902,35.1547,11892,Very High
105344-6,MPANGA,Iringa,Mufindi,Dispensary,-8.58178,35.363,2531,Low
103866-0,MADUMA,Iringa,Mufindi,Dispensary,-8.4168,34.9394,7718,High
108030-8,UHAFIWA,Iringa,Mufindi,Dispensary,-8.50267,35.845,2218,Low
109841-7,IRAMBA,Iringa,Mufindi,Dispensary,-8.71596,34.9098,6810,High
102594-9,KIBENGU,Iringa,Mufindi,Dispensary,-8.265261,35.72651,2621,Low
108025-8,UGESA,Iringa,Mufindi,Dispensary,-8.27706,35.6018,2889,Low
104166-4,MALANGALI,Iringa,Mufindi,Health Center,-8.5683,34.8552,10482,Very High
110988-3,KIPONDA,Iringa,Mufindi,Dispensary,-8.522853,34.7522,6505,High
107224-8,SADANI,Iringa,Mufindi,Health Center,-8.24301,35.0346,5251,Moderate
101612-0,IHANZUTWA,Iringa,Mufindi,Dispensary,-8.17373,34.99905,2748,Low
100869-7,CHOGO,Iringa,Mufindi,Dispensary,-8.51382,35.74682,654,Very Low
109984-5,IHIMBO,Iringa,Mufindi,Dispensary,-8.46018,35.8653,1062,Very Low
110984-2,NZIVI,Iringa,Mufindi,Dispensary,-8.55674,35.08873,6571,High
101540-3,IGELEKE,Iringa,Mufindi,Dispensary,-8.31138,35.74796,1569,Very Low
110983-4,VIKULA,Iringa,Mufindi,Dispensary,-8.31285,35.55093,2134,Very Low
102577-4,ST. CHARLES,Iringa,Mufindi,Health Center,-8.59682,35.2852,1705,Very Low
108024-1,UGENZA,Iringa,Mufindi,Dispensary,-8.33373,34.9525,5264,Moderate
101916-5,ISIPII,Iringa,Mufindi,Dispensary,-8.58014,35.6434,897,Very Low
107222-2,SADANI,Iringa,Mufindi,Dispensary,-8.24255,35.0154,5923,High
104700-0,MDABULO,Iringa,Mufindi,Dispensary,-8.5036,35.5124,4475,Moderate
112017-9,IHALIMBA,Iringa,Mufindi,Dispensary,-8.26022,35.54225,3413,Low
106620-8,NUNDWE,Iringa,Mufindi,Dispensary,-8.3387,35.5136,3448,Low
111319-0,MBALAMAZIWA,Iringa,Mufindi,Health Center,-8.59587,34.963,10192,Very High
101622-9,IHOWANZA,Iringa,Mufindi,Dispensary,-8.57039,34.7686,5857,Moderate
106856-8,NYOLOLO,Iringa,Mufindi,Dispensary,-8.46975,35.0033,6236,High
105345-3,MPANGA TAZARA,Iringa,Mufindi,Dispensary,-8.74915,35.6512,938,Very Low
105622-5,MUFINDI TEA COMPANY,Iringa,Mufindi,Dispensary,-8.48423,35.4007,1289,Very Low
101460-4,IBWANZI,Iringa,Mufindi,Dispensary,-8.55016,35.59987,1504,Very Low
101698-9,IKWEHA,Iringa,Mufindi,Dispensary,-8.35574,34.8521,4323,Moderate
112026-0,MWITIKILWA,Iringa,Mufindi,Dispensary,-8.40153,35.4424,5122,Moderate
111163-2,IHAWAGA,Iringa,Mufindi,Dispensary,-8.80649,34.9765,5245,Moderate
111832-2,UHAMBILA,Iringa,Mufindi,Dispensary,-8.17806,35.1459,5900,High
101563-5,IGOMBAVANU,Iringa,Mufindi,Dispensary,-8.24092,35.1361,7107,High
101508-0,IFUPIRA,Iringa,Mufindi,Dispensary,-8.48086,35.41646,2344,Low
110982-6,KILOSA MUFINDI,Iringa,Mufindi,Dispensary,-8.48111,35.6175,2434,Low
109766-6,IKIMILINZOWO,Iringa,Mufindi,Dispensary,-8.74121,34.9355,5084,Moderate
111578-1,IYEGEYA,Iringa,Mufindi,Dispensary,-8.60085,35.5734,615,Very Low
109857-3,MTAMBULA,Iringa,Mufindi,Dispensary,-8.69843,35.0335,5734,Moderate
101972-8,ITENGULE,Iringa,Mufindi,Dispensary,-8.57638,34.8167,6314,High
102400-9,KASANGA,Iringa,Mufindi,Health Center,-8.63447,35.13924,7933,High
102576-6,KIBAO,Iringa,Mufindi,Dispensary,-8.59585,35.286,4624,Moderate
103676-3,LUHUNGA,Iringa,Mufindi,Dispensary,-8.54991,35.4649,1818,Very Low
101942-1,ISUPILO,Iringa,Mufindi,Dispensary,-8.3375,35.3908,768,Very Low
112018-7,MTILI,Iringa,Mufindi,Dispensary,-8.42327,35.358846,3186,Low
104143-3,MAKUNGU VA,Iringa,Mufindi,Dispensary,-8.75341,35.267,9428,Very High
101748-2,ILOGOMBE,Iringa,Mufindi,Dispensary,-8.32854,35.8178,1680,Very Low
106792-5,NYANYEMBE VA,Iringa,Mufindi,Dispensary,-8.62417,34.9393,5887,High
101998-3,ITONA,Iringa,Mufindi,Dispensary,-8.46025,35.3849,2950,Low
105101-0,MKONGE,Iringa,Mufindi,Dispensary,-8.55135,35.4149,1358,Very Low
102993-3,KIPANGA,Iringa,Mufindi,Dispensary,-8.41169,35.8669,1889,Very Low
106855-0,NYOLOLO,Iringa,Mufindi,Health Center,-8.46631,35.02615,3874,Moderate
114473-2,WAMIMBALWE,Iringa,Mufindi,Dispensary,-8.3693,35.6133,1616,Very Low
112406-4,NYIGO,Iringa,Mufindi,Dispensary,-8.77512,34.8791,8433,High
101670-8,IKONGOSI,Iringa,Mufindi,Dispensary,-8.37603,35.3888,3488,Low
107310-5,SAWALA,Iringa,Mufindi,Dispensary,-8.53114,35.3363,5889,High
112025-2,IGOMTWA,Iringa,Mufindi,Dispensary,-8.21735,35.59701,3196,Low
110985-9,LULANDA,Iringa,Mufindi,Dispensary,-8.61031,35.61622,659,Very Low
108184-3,USOKAMI,Iringa,Mufindi,Health Center,-8.23039,35.6889,4809,Moderate
111452-9,MKALALA,Iringa,Mufindi,Dispensary,-8.61266,35.2168,4791,Moderate
111834-8,ST.THERESIA,Iringa,Mufindi,Dispensary,-8.572543,35.624632,258,Very Low
105252-1,MNINGA,Iringa,Mufindi,Dispensary,-8.58072,35.2248,9457,Very High
104294-4,MAPANDA,Iringa,Mufindi,Dispensary,-8.42137,35.768,2744,Low
111162-4,KILOLO,Iringa,Mufindi,Dispensary,-8.71986,35.0846,4357,Moderate
106677-8,NYAKIPAMBO,Iringa,Mufindi,Dispensary,-8.69405,35.0043,5839,Moderate
104402-3,MASHEWA,Tanga,Muheza,Dispensary,-5.15619,38.6691,3264,Low
102645-9,KICHEBA,Tanga,Muheza,Dispensary,-5.10929,38.78848,7361,High
100107-2,AMANI,Tanga,Muheza,Dispensary,-5.10012,38.63348,5388,Moderate
113215-8,JIK,Tanga,Muheza,Health Laboratory,-5.17462,38.79244,9176,Very High
103124-4,KISIWANI,Tanga,Muheza,Dispensary,-5.10012,38.66243,2005,Very Low
105158-0,MKUZI,Tanga,Muheza,Health Center,-5.24093,38.8287,4633,Moderate
103351-3,KWABADA,Tanga,Muheza,Dispensary,-5.31818,38.75372,3572,Low
107531-6,SONGA,Tanga,Muheza,Dispensary,-5.2805,38.64079,4250,Moderate
113224-0,IBRA,Tanga,Muheza,Health Laboratory,-5.17365,38.78797,663,Very Low
104767-9,MGAMBO,Tanga,Muheza,Dispensary,-5.04592,38.61292,5711,Moderate
104970-9,MISALAI,Tanga,Muheza,Dispensary,-5.0229799999999996,38.63646,3279,Low
111634-2,ZENETI,Tanga,Muheza,Dispensary,-5.22188,38.6567,2455,Low
105290-1,MONGA,Tanga,Muheza,Dispensary,-5.08133,38.60006,5098,Moderate
106353-6,NGARANI,Tanga,Muheza,Dispensary,-5.2233,38.75185,5132,Moderate
107999-5,UBWARI,Tanga,Muheza,Health Center,-5.16715,38.78128,6331,High
102723-4,KIGONGOMAWE,Tanga,Muheza,Dispensary,-5.21421,38.89982,2469,Low
109713-8,MLINGANO,Tanga,Muheza,Dispensary,-5.12411,38.86301,3302,Low
109776-5,KILULU,Tanga,Muheza,Dispensary,-5.2132,38.80036,3940,Moderate
105649-8,MEDICARE,Tanga,Muheza,Dispensary,-5.17389,38.78738,8004,High
120929-5,KILONGO,Tanga,Muheza,Dispensary,-5.32033,38.68301,2579,Low
105056-6,MKANYAGENI,Tanga,Muheza,Dispensary,-5.14057,38.86968,2729,Low
105568-0,MTINDIRO,Tanga,Muheza,Dispensary,-5.26887,38.77537,4191,Moderate
113239-8,UMBA,Tanga,Muheza,Health Laboratory,-5.16163,38.89313,6131,High
102719-2,KIGOMBE,Tanga,Muheza,Dispensary,-5.29263,39.06213,6367,High
114591-1,BIKIRA MARIA AFYA YA WAGONJWA,Tanga,Muheza,Dispensary,-5.16691,38.78149,3064,Low
102660-8,KIDIDIMA,Tanga,Muheza,Health Center,-5.19126,38.80172,9407,Very High
103971-8,MAGODA,Tanga,Muheza,Dispensary,-5.184752,38.857512,2674,Low
100549-5,BULWA,Tanga,Muheza,Health Center,-5.04091,38.642,3125,Low
102578-2,KIBAONI,Tanga,Muheza,Dispensary,-5.1024,38.84752,5506,Moderate
105647-2,MUHEZA,Tanga,Muheza,Dispensary,-5.17281,38.78815,832,Very Low
104799-2,MHAMBA,Tanga,Muheza,Dispensary,-5.31231,38.64047,2778,Low
103966-8,MAGILA,Tanga,Muheza,Dispensary,-5.14935,38.76603,5154,Moderate
121786-8,Man Aweso,Tanga,Muheza,Health Laboratory,-5.13872,38.87356,964,Very Low
100225-2,BAGO,Tanga,Muheza,Dispensary,-5.33036,39.03235,1959,Very Low
104983-2,MISOZWE,Tanga,Muheza,Dispensary,-5.0634,38.77895,6153,High
106968-1,PANGANI FALLS,Tanga,Muheza,Dispensary,-5.35748,38.6564,3954,Moderate
121803-1,JR,Tanga,Muheza,Clinic,-5.42288,38.29522,3398,Low
100963-8,DEREMA,Tanga,Muheza,Dispensary,-5.08229,38.64227,3112,Low
102278-9,KAMBAI,Tanga,Muheza,Dispensary,-4.9822,38.70577,1324,Very Low
108419-3,ZIRAI,Tanga,Muheza,Dispensary,-4.98327,38.65624,3320,Low
120930-3,PANGAMLIMA,Tanga,Muheza,Dispensary,-5.24991,38.67246,5333,Moderate
103354-7,KWAFUNGO,Tanga,Muheza,Dispensary,-5.26513,38.72264,5594,Moderate
104943-6,MINDU,Tanga,Muheza,Dispensary,-5.27828,38.82294,2827,Low
106410-4,NGOMENI-UMBA,Tanga,Muheza,Dispensary,-5.16248,38.89285,2267,Low
106545-7,NKUMBA,Tanga,Muheza,Dispensary,-5.15321,38.72428,6443,High
103584-9,LONGUZA,Tanga,Muheza,Dispensary,-5.11986,38.69191,2841,Low
107865-8,TONGWE,Tanga,Muheza,Dispensary,-5.11442,38.71214,4360,Moderate
114479-9,MUHEZA DISTRICT,Tanga,Muheza,Hospital,-5.1673,38.82887,6062,High
103222-6,KIWANDA,Tanga,Muheza,Dispensary,-5.05687,38.71253,2946,Low
103986-6,MAGOROTO,Tanga,Muheza,Dispensary,-5.10979,38.74176,3624,Low
107028-3,POTWE,Tanga,Muheza,Dispensary,-5.20696,38.61807,2178,Low
100656-8,BWEMBWERA,Tanga,Muheza,Dispensary,-5.19779,38.71741,5102,Moderate
124026-6,KIDUMBA,Tanga,Muheza,Dispensary,-5.31428,38.78394,3674,Low
106425-2,NGUA,Tanga,Muheza,Dispensary,-5.14376,38.58722,3396,Low
122273-6,DATTY,Tanga,Muheza,Dispensary,-5.17124,38.78646,2588,Low
113219-0,META,Tanga,Muheza,Health Laboratory,-5.17865,38.79081,20049,Very High
109840-9,MBAMBARA,Tanga,Muheza,Dispensary,-5.33691,38.71724,3836,Low
103393-5,KWATANGO,Tanga,Muheza,Dispensary,-5.00864,38.73756,2080,Very Low
105648-0,MUHEZA,Tanga,Muheza,Hospital,-5.16818,38.79169,4434,Moderate
120935-2,MURUMO,Kagera,Muleba,Dispensary,-1.98361,31.78861,1254,Very Low
120324-9,MULEBA SPECIALIZED POLYCLINIC,Kagera,Muleba,Clinic,-1.83464,31.6672,5773,Moderate
102143-5,KABOYA,Kagera,Muleba,Dispensary,-1.59586,31.7442,5016,Moderate
100011-6,Burigi,Kagera,Muleba,Dispensary,-2.12365,31.4234,11952,Very High
110103-9,TUMAINI,Kagera,Muleba,Dispensary,-2.1394797,31.8193736,830,Very Low
102168-2,KAGOMA,Kagera,Muleba,Dispensary,-1.76839,31.69913,7571,High
105743-9,MUYENJE,Kagera,Muleba,Dispensary,-1.746,31.69028,6870,High
106930-1,OMURUNAZI,Kagera,Muleba,Dispensary,-1.71719,31.4983,10709,Very High
105616-7,MUBUNDA,Kagera,Muleba,Dispensary,-1.94737,31.51543,24480,Very High
100440-7,BUGANGUZI,Kagera,Muleba,Dispensary,-1.6881,31.57471,17867,Very High
102920-6,KIMWANI,Kagera,Muleba,Dispensary,-2.17299,31.66387,8600,High
114383-3,Bugasha,Kagera,Muleba,Dispensary,-1.569963,31.743893,5317,Moderate
122311-4,ATWENDA,Kagera,Muleba,Dispensary,-2.02246,31.57416,10391,Very High
107172-9,RUSHWA,Kagera,Muleba,Dispensary,-1.78329,31.49404,10949,Very High
101735-9,ILEMERA,Kagera,Muleba,Dispensary,-1.93494,31.63302,9976,Very High
104531-9,MAZINGA,Kagera,Muleba,Dispensary,-2.012704,31.778504,349,Very Low
110087-4,"KABALE""B""",Kagera,Muleba,Dispensary,-1.86493,31.57631,14874,Very High
111170-7,KOLPING SOCIETY OF TANZANIA,Kagera,Muleba,Dispensary,-2.10323,31.49339,8123,High
103192-1,KITUA,Kagera,Muleba,Dispensary,-1.620899,31.868893,2816,Low
110034-6,MENONITE,Kagera,Muleba,Dispensary,-1.842284,31.651883,15632,Very High
121046-7,KATEMBE,Kagera,Muleba,Dispensary,-2.218998,31.657843,5338,Moderate
100599-0,BUSHEKYA,Kagera,Muleba,Dispensary,-1.54032,31.703,4563,Moderate
114381-7,GOZIBA,Kagera,Muleba,Dispensary,-1.47236,32.61124,613,Very Low
102574-1,Kibanga,Kagera,Muleba,Dispensary,-1.8862,31.5663,7435,High
120937-8,BUGARA,Kagera,Muleba,Dispensary,-1.94167,31.58528,9073,Very High
102370-4,KARAMBI,Kagera,Muleba,Dispensary,-2.10592,31.5024,6321,High
107200-8,RWANTEGE,Kagera,Muleba,Health Center,-1.77598,31.54971,18734,Very High
106577-0,NSHAMBA,Kagera,Muleba,Health Center,-1.80332,31.550163,26917,Very High
113046-7,UPENDO,Kagera,Muleba,Health Laboratory,-1.84111,31.65592,11892,Very High
103438-8,KYOTA,Kagera,Muleba,Dispensary,-2.0936,31.66913,11776,Very High
103106-1,KISHURO,Kagera,Muleba,Dispensary,-1.84124,31.43891,27748,Very High
111174-9,HURUMA,Kagera,Muleba,Health Center,-1.83464,31.66721,1672,Very Low
114380-9,IKUZA GOVT,Kagera,Muleba,Dispensary,-2.1735,31.750713,2078,Very Low
103097-2,KISHANDA,Kagera,Muleba,Dispensary,-1.73476,31.5565,19673,Very High
114382-5,Mafumbo,Kagera,Muleba,Dispensary,-1.632358,31.656748,12536,Very High
109040-6,BISHEKE,Kagera,Muleba,Dispensary,-1.995967,31.523732,15860,Very High
107205-7,RWIGEMBE,Kagera,Muleba,Dispensary,-1.77643,31.4494,12011,Very High
112663-0,FARAJA,Kagera,Muleba,Maternity and Nursing Home,-2.020538,31.574909,10554,Very High
109071-1,BUMBIRE,Kagera,Muleba,Dispensary,-1.680493,31.875197,2372,Low
121231-5,AMOREK HEALTH CLINIC,Kagera,Muleba,Dispensary,-1.60168,31.72182,5586,Moderate
106732-1,NYAMIRANDA,Kagera,Muleba,Dispensary,-2.15905,31.5027,6884,High
114163-9,MAISHA MEMA,Kagera,Muleba,Dispensary,-1.89903,31.5454,10849,Very High
102754-9,KIHWERA,Kagera,Muleba,Dispensary,-1.6701,31.5436,11245,Very High
109323-6,NYAKABANGO,Kagera,Muleba,Dispensary,-2.30419,31.65019,7349,High
102169-0,KAGONDO,Kagera,Muleba,Hospital,-1.54749,31.7043,8543,High
110261-5,KABARE,Kagera,Muleba,Dispensary,-1.84344,31.54995,18096,Very High
102192-2,KAIGARA,Kagera,Muleba,Health Center,-1.83242,31.6709,9128,Very High
121047-5,KASINDAGA,Kagera,Muleba,Dispensary,-2.263912,31.50757,12742,Very High
106259-5,NDOLAGE,Kagera,Muleba,Hospital,-1.60465,31.64571,11801,Very High
102544-4,KEREBE,Kagera,Muleba,Dispensary,-1.473878,32.113628,587,Very Low
107130-7,RUGANDO,Kagera,Muleba,Dispensary,-1.59064,31.59364,15554,Very High
107125-7,RUBYA,Kagera,Muleba,Hospital,-1.74956,31.6204,27788,Very High
123006-9,MWAMGODO,Kagera,Muleba,Health Laboratory,-1.60254,31.72221,3354,Low
121572-2,MAISHA MEMA,Kagera,Muleba,Health Laboratory,-1.89919,31.54547,4484,Moderate
121239-8,RWOGA,Kagera,Muleba,Dispensary,-1.62455,31.71229,7797,High
103424-8,KYAMYORWA,Kagera,Muleba,Dispensary,-2.09139,31.5681,14218,Very High
102270-6,KAMACHUMU,Kagera,Muleba,Health Center,-1.62696,31.61398,25616,Very High
102051-0,IZIGO,Kagera,Muleba,Health Center,-1.62679,31.7168,15747,Very High
120936-0,RUTORO,Kagera,Muleba,Dispensary,-1.68167,31.34139,9242,Very High
103428-9,KYEBITEMBE,Kagera,Muleba,Dispensary,-2.17697,31.5,12012,Very High
102910-7,KIMEYA,Kagera,Muleba,Health Center,-2.05734,31.5193,16745,Very High
111173-1,MAGEREZA,Kagera,Muleba,Dispensary,-1.855769,31.651863,18249,Very High
107137-2,RUHANGA,Kagera,Muleba,Dispensary,-1.59453,31.664,11603,Very High
101736-7,ILEMERA ELCT,Kagera,Muleba,Dispensary,-1.95081,31.62475,4854,Moderate
121781-9,IJUMBI,Kagera,Muleba,Dispensary,-1.70854,31.62871,14841,Very High
106665-3,NYAKATENDE,Mara,Musoma,Dispensary,-1.61848,33.73816,7788,High
107152-1,RUKUBA,Mara,Musoma,Dispensary,-1.39918,33.69786,924,Very Low
100615-4,BUSUNGU,Mara,Musoma,Dispensary,-1.83539,33.3926,3793,Low
114007-8,MUSOMA,Mara,Musoma,Hospital,-1.47026,33.36241,NA,NA
110888-5,KIGERA ETUMA,Mara,Musoma,Dispensary,-1.57889,33.688844,11188,Very High
109772-4,MMAHARE,Mara,Musoma,Dispensary,-1.50261,33.73627,6375,High
102739-0,KIEMBA,Mara,Musoma,Dispensary,-1.64528,33.71525,9242,Very High
124135-5,ESEKO SJ ULTRACARE AND IMAGING LIMITED,Mara,Musoma,Mobile Radiology and Imaging Centre,-1.81091,33.41081,9272,Very High
100651-9,BWASI SDA,Mara,Musoma,Dispensary,-1.8619,33.3742,8141,High
107351-9,SEKA,Mara,Musoma,Dispensary,-1.81976,33.5889,13009,Very High
110887-7,ETARO,Mara,Musoma,Dispensary,-1.50513,33.70558,9670,Very High
103032-9,KIRIBA,Mara,Musoma,Dispensary,-1.6937,33.6309,7965,High
100462-1,BUGUNDA,Mara,Musoma,Dispensary,-1.82463,33.3571,7853,High
100645-1,BWAI,Mara,Musoma,Dispensary,-1.69598,33.593,15257,Very High
110894-3,NYEGINA,Mara,Musoma,Dispensary,-1.54658,33.7211,8886,High
100503-2,BUKIMA,Mara,Musoma,Dispensary,-1.81012,33.4079,3327,Low
106711-5,NYAMBONO,Mara,Musoma,Dispensary,-1.88113,33.695644,13701,Very High
100457-1,BUGOJI,Mara,Musoma,Dispensary,-1.89834,33.7386,9911,Very High
105700-9,Murangi,Mara,Musoma,Health Center,-1.83652,33.51666,20746,Very High
107175-2,RUSOLI,Mara,Musoma,Dispensary,-1.86728,33.4174,15645,Very High
107652-0,SUGUTI,Mara,Musoma,Dispensary,-1.79509,33.6433,11966,Very High
103287-9,KOME,Mara,Musoma,Dispensary,-1.85177,33.3348,4815,Moderate
105625-8,MUGANGO KMT,Mara,Musoma,Dispensary,-1.68829,33.6856,5338,Moderate
103416-4,KWIKUBA,Mara,Musoma,Dispensary,-1.73602,33.6756,11827,Very High
100849-9,CHITARE,Mara,Musoma,Dispensary,-1.89996,33.39408,5890,High
108315-3,WANYERE,Mara,Musoma,Dispensary,-1.84595,33.72932,11043,Very High
104413-0,MASINONO,Mara,Musoma,Dispensary,-1.9509,33.5894,14091,Very High
103342-2,KURUGEE,Mara,Musoma,Dispensary,-1.9137,33.3527,6738,High
110890-1,MWIRINGO,Mara,Musoma,Dispensary,-1.74636,33.63306,5369,Moderate
107798-1,TEGERUKA,Mara,Musoma,Dispensary,-1.75256,33.7346,12954,Very High
123206-5,MIGEKA,Mara,Musoma,Dispensary,-1.91486,33.30876,6045,High
105624-1,MUGANGO,Mara,Musoma,Health Center,-1.6851,33.6886,8643,High
106026-8,MWISENGE,Mara,Musoma,Dispensary,-1.508473,33.784007,12621,Very High
112578-0,MEDARI,Mara,Musoma,Health Laboratory,-1.52959,33.8299,7252,High
109276-6,DAHA,Mara,Musoma,Health Laboratory,-1.49734,33.80771,330,Very Low
100059-5,AICT MUSOMA,Mara,Musoma,Dispensary,-1.51269,33.80245,3892,Moderate
112126-8,Lest viva,Mara,Musoma,Dispensary,-1.51575,33.78748,3530,Low
114356-9,MASSORO,Mara,Musoma,Health Laboratory,-1.49589,33.80867,241,Very Low
105722-3,MUSOMA POLICE,Mara,Musoma,Dispensary,-1.49421,33.8072,512,Very Low
103934-6,MAGEREZA,Mara,Musoma,Dispensary,-1.497933,33.812478,284,Very Low
100356-5,BETHSAIDA,Mara,Musoma,Health Center,-1.535599,33.793888,9674,Very High
104111-0,ST. CLARENT,Mara,Musoma,Dispensary,-1.495547,33.772846,3057,Low
100471-2,BUHARE,Mara,Musoma,Dispensary,-1.516481,33.785273,6854,High
114526-7,Ngenda,Mara,Musoma,Clinic,-1.49731,33.80984,415,Very Low
114525-9,SIBABA,Mara,Musoma,Clinic,-1.49848,33.80768,758,Very Low
122231-4,fiyona,Mara,Musoma,Health Laboratory,-1.52369,33.80555,6500,High
123852-6,AGAPE,Mara,Musoma,Health Laboratory,-1.53488,33.78663,6799,High
114535-8,ROYAL,Mara,Musoma,Clinic,-1.49538,33.80624,1750,Very Low
106926-9,OMEGA,Mara,Musoma,Hospital,-1.50443,33.80355,1036,Very Low
105721-5,MWALIMU NYERERE MEMORIAL,Mara,Musoma,Hospital,-1.49198,33.80809,761,Very Low
109304-6,PARADISE,Mara,Musoma,Health Laboratory,-1.51906,33.80659,3808,Low
123762-7,RIGHTCARE CENTER,Mara,Musoma,Dispensary,-1.53142,33.81845,6991,High
100058-7,AIC BWERI,Mara,Musoma,Health Center,-1.53519,33.84328,16224,Very High
109781-5,KWIMBA,Mara,Musoma,Health Laboratory,-1.49539,33.80896,540,Very Low
123354-3,DOCTOR MSUA,Mara,Musoma,Clinic,-1.49759,33.80834,57,Very Low
115004-4,MSHIKAMANO,Mara,Musoma,Dispensary,-1.52143,33.81198,5866,High
106826-1,NYASHO,Mara,Musoma,Health Center,-1.50459,33.80553,569,Very Low
106701-6,NYAMATARE,Mara,Musoma,Dispensary,-1.51367,33.79572,4740,Moderate
107196-8,RWAMLIMI,Mara,Musoma,Health Center,-1.53142,33.81844,9788,Very High
100658-4,BWERI,Mara,Musoma,Health Center,-1.53059,33.83217,7580,High
106668-7,NYAKATO,Mara,Musoma,Dispensary,-1.517435,33.810248,7580,High
101858-9,IRINGO,Mara,Musoma,Dispensary,-1.499819,33.808302,1261,Very Low
104110-2,MAKOKO,Mara,Musoma,Health Center,-1.49313,33.77409,1346,Very Low
109293-1,MZALENDO,Mara,Musoma,Health Laboratory,-1.50481,33.80574,1528,Very Low
121464-2,Smai,Mara,Musoma,Health Laboratory,-1.49762,33.80842,115,Very Low
112566-5,SOMANDA,Mara,Musoma,Health Laboratory,-1.50826,33.80494,1006,Very Low
122434-4,MUSOMA MUNICIPAL,Mara,Musoma,Hospital,-1.49204,33.80745,1260,Very Low
112554-1,BUTIAMA,Mara,Musoma,Health Laboratory,-1.49899,33.81012,1002,Very Low
104112-8,JWTZ MAKOKO,Mara,Musoma,Dispensary,-1.498352,33.769976,5014,Moderate
112564-0,HOPE,Mara,Musoma,Health Laboratory,-1.50803,33.79433,3122,Low
100930-7,COPTIC,Mara,Musoma,Health Center,-1.508463,33.805672,2349,Low
106702-4,KAMNYONGE SDA,Mara,Musoma,Dispensary,-1.51136,33.79264,2157,Low
104335-5,MARIE STOPES,Mara,Musoma,Clinic,-1.504298,33.797144,7031,High
112821-4,CF,Mara,Musoma,Hospital,-1.49884,33.80935,185,Very Low
104239-9,MANGA,Mara,Musoma,Dispensary,-1.4983,33.81247,1114,Very Low
115005-1,KAMUNYONGE,Mara,Musoma,Dispensary,-1.50808,33.79918,2213,Low
103384-4,KWANGWA,Mara,Musoma,Dispensary,-1.5255,33.799263,10708,Very High
124109-0,ACN,Morogoro,Mvomero,Dispensary,-6.13746,37.638420000000004,2564,Low
105061-6,MKATA KIJIJINI,Morogoro,Mvomero,Dispensary,-6.96605,37.2165,1489,Very Low
102934-7,KINDA,Morogoro,Mvomero,Dispensary,-6.14223,37.4389,2424,Low
110883-6,MASIMBA,Morogoro,Mvomero,Dispensary,-5.93776,37.53817,2737,Low
103277-0,KODODO,Morogoro,Mvomero,Dispensary,-7.14141,37.50331,7864,High
111042-8,DIBURUMA,Morogoro,Mvomero,Dispensary,-5.83689,37.44284,3943,Moderate
105558-1,MTIBWA,Morogoro,Mvomero,Hospital,-6.14071,37.64044,4467,Moderate
124390-6,ST GASPAR,Morogoro,Mvomero,Dispensary,-6.08825,37.41459,470,Very Low
114142-3,DIFINGA,Morogoro,Mvomero,Dispensary,-6.00715,37.746585,4737,Moderate
114160-5,KIDUDWE,Morogoro,Mvomero,Dispensary,-6.09829,37.40222,1316,Very Low
107755-1,TANGENI,Morogoro,Mvomero,Dispensary,-6.94235,37.6166,3319,Low
100993-5,DOMA,Morogoro,Mvomero,Dispensary,-7.10418,37.2524,6491,High
104925-3,MILAMA,Morogoro,Mvomero,Health Center,-6.36968,37.44599,693,Very Low
108485-4,TURIANI,Morogoro,Mvomero,Dispensary,-6.14407,37.59172,21829,Very High
104012-0,MAHARAKA,Morogoro,Mvomero,Dispensary,-7.18326,37.3243,3443,Low
105496-4,MSONGOZI,Morogoro,Mvomero,Dispensary,-7.06756,37.34118,2098,Very Low
110882-8,MADIZINI,Morogoro,Mvomero,Dispensary,-6.13359,37.63232,7496,High
111375-2,MILAMA,Morogoro,Mvomero,Dispensary,-6.371992,37.445471,1868,Very Low
112267-0,ASSEY,Morogoro,Mvomero,Dispensary,-6.142705,37.616278,3297,Low
100568-5,BUNDUKI,Morogoro,Mvomero,Dispensary,-7.031422,37.622122,3320,Low
124096-9,ANIRA,Morogoro,Mvomero,Health Laboratory,-6.91982,37.42873,6459,High
110884-4,MICO SULUMO,Morogoro,Mvomero,Dispensary,-6.43757,37.53317,3254,Low
108306-2,WAMI KUU,Morogoro,Mvomero,Dispensary,-6.39623,37.46481,4521,Moderate
105072-3,MKINDO,Morogoro,Mvomero,Dispensary,-6.24079,37.5572,7956,High
106960-8,PANDAMBILI,Morogoro,Mvomero,Dispensary,-5.82445,37.49994,4103,Moderate
102316-7,KANGA,Morogoro,Mvomero,Dispensary,-6.000705,37.746794,4884,Moderate
107959-9,TURIANI,Morogoro,Mvomero,Hospital,-6.138443,37.612225,5141,Moderate
106985-5,PEKO MISEGESE,Morogoro,Mvomero,Dispensary,-6.99154,37.58237,2155,Low
106761-0,NYANDIRA,Morogoro,Mvomero,Dispensary,-7.08426,37.578,5093,Moderate
124105-8,VUNJA,Morogoro,Mvomero,Clinic,-6.13778,37.63875,806,Very Low
112757-0,FC,Morogoro,Mvomero,Health Laboratory,-6.30672,37.44524,9511,Very High
102746-5,KIHONDO,Morogoro,Mvomero,Dispensary,-7.1184,37.303775,1768,Very Low
103689-6,LUKENGE,Morogoro,Mvomero,Dispensary,-6.24391,37.63623,3358,Low
123741-1,TUMAINI,Morogoro,Mvomero,Dispensary,-6.13881,37.62503,5794,Moderate
106051-6,MZIHA,Morogoro,Mvomero,Dispensary,-5.90132,37.7824,17287,Very High
104777-8,MGETA MISSION,Morogoro,Mvomero,Dispensary,-7.03805,37.57131,4471,Moderate
105497-2,MSONGOZI MISSION,Morogoro,Mvomero,Dispensary,-7.059896,37.375909,2999,Low
112374-4,HOLLY MEDICAL CENTRE,Morogoro,Mvomero,Dispensary,-6.918815,37.561774,8090,High
103615-1,LUBUNGO B,Morogoro,Mvomero,Dispensary,-6.834642,37.498737,5755,Moderate
110881-0,WAMI MBIGIRI,Morogoro,Mvomero,Dispensary,-6.46306,37.48952,1110,Very Low
104417-1,MASKATI MISSION,Morogoro,Mvomero,Health Center,-6.056788,37.477632,1552,Very Low
108305-4,WAMI DAKAWA,Morogoro,Mvomero,Dispensary,-6.4358,37.5342,4064,Moderate
101384-6,Homboza,Morogoro,Mvomero,Dispensary,-7.0424,37.4693,10809,Very High
105293-5,MONGWE,Morogoro,Mvomero,Dispensary,-6.97095,37.5886,1436,Very Low
111044-4,ST. AGNES,Morogoro,Mvomero,Dispensary,-6.900365,37.486839,4574,Moderate
124081-1,MAINGU,Morogoro,Mvomero,Health Laboratory,-6.43331,37.52664,11184,Very High
104416-3,MASKATI,Morogoro,Mvomero,Dispensary,-6.06484,37.466202,2519,Low
111349-7,DIGALAMA,Morogoro,Mvomero,Dispensary,-6.06225,37.59517,3280,Low
102589-9,KIBATI,Morogoro,Mvomero,Health Center,-5.93376,37.4356,7520,High
105485-7,MSOLOKELO,Morogoro,Mvomero,Dispensary,-5.97087,37.6004,4509,Moderate
104776-0,MGETA,Morogoro,Mvomero,Health Center,-7.05825,37.57799,5811,Moderate
114161-3,MISENGERE,Morogoro,Mvomero,Dispensary,-7.18392,37.39899,6320,High
106986-3,PEMBA,Morogoro,Mvomero,Dispensary,-6.00066,37.514,3856,Low
101352-3,HEMBETI,Morogoro,Mvomero,Dispensary,-6.27011,37.5091,9034,Very High
110878-6,KWEUMA,Morogoro,Mvomero,Dispensary,-6.0891,37.56694,3100,Low
104151-6,MAKUYU,Morogoro,Mvomero,Dispensary,-6.31674,37.3862,6464,High
111045-1,MLALI MISSION,Morogoro,Mvomero,Dispensary,-6.964515,37.545567,5382,Moderate
112085-6,MVOMERO,Morogoro,Mvomero,Hospital,-6.510261,37.573994,12716,Very High
102279-7,Kambala,Morogoro,Mvomero,Dispensary,-6.318,37.583,5652,Moderate
104725-7,MELELA,Morogoro,Mvomero,Health Center,-6.92336,37.42855,1559,Very Low
100977-8,DIHINDA,Morogoro,Mvomero,Dispensary,-6.070384,37.702149,7266,High
106261-1,NDOLE,Morogoro,Mvomero,Dispensary,-6.15681,37.3896,3077,Low
103601-1,LUALE,Morogoro,Mvomero,Dispensary,-7.13328,37.53682,5933,High
104798-4,MHALE,Morogoro,Mvomero,Dispensary,-7.177,37.5438,6776,High
107795-7,TCHENZEMA,Morogoro,Mvomero,Dispensary,-7.10373,37.584,3596,Low
110879-4,LUSUNGI,Morogoro,Mvomero,Dispensary,-7.08212,37.55425,4308,Moderate
108308-8,WAMI VIJANA,Morogoro,Mvomero,Dispensary,-6.36717,37.4422,2247,Low
110880-2,SANENE,Morogoro,Mvomero,Dispensary,-6.13835,37.63784,3949,Moderate
112247-2,ZAFA,Morogoro,Mvomero,Dispensary,-6.44994,37.52562,732,Very Low
104243-1,MANGAE,Morogoro,Mvomero,Dispensary,-6.9528,37.337229,3524,Low
112750-5,NURU,Morogoro,Mvomero,Health Laboratory,-6.93992,37.40354,4459,Moderate
103751-4,LUSANGA,Morogoro,Mvomero,Dispensary,-6.11857,37.640686,8398,High
111043-6,MIKONGENI,Morogoro,Mvomero,Dispensary,-6.90477,37.56881,7264,High
114159-7,MANYINGA,Morogoro,Mvomero,Dispensary,-6.08203,37.37202,1227,Very Low
114143-1,MAGUNGA,Morogoro,Mvomero,Dispensary,-6.07846,37.42955,2324,Low
112746-3,MASOME,Morogoro,Mvomero,Health Laboratory,-6.91571,37.5749,7228,High
114701-6,MBIGIRI,Morogoro,Mvomero,Dispensary,-6.465621,37.486839,402,Very Low
105178-8,MLALI,Morogoro,Mvomero,Health Center,-6.956167,37.538226,9506,Very High
114536-6,MANZA,Morogoro,Mvomero,Dispensary,-7.00613,37.31143,1638,Very Low
111738-1,MWALAZI,Morogoro,Mvomero,Dispensary,-7.091087,37.558587,3028,Low
103697-9,LUKUNGUNI,Morogoro,Mvomero,Dispensary,-7.158398,37.529784,2872,Low
102624-4,KIBUKO,Morogoro,Mvomero,Dispensary,-7.11101,37.5615,3451,Low
107756-9,TANGENI MISSION,Morogoro,Mvomero,Dispensary,-6.92607,37.60233,1629,Very Low
104806-5,MHONDA MISSION,Morogoro,Mvomero,Dispensary,-6.12475,37.57602,4867,Moderate
104439-5,MATALE,Morogoro,Mvomero,Dispensary,-6.19829,37.3335,5080,Moderate
124196-7,MIKKO,Morogoro,Mvomero,Dispensary,-6.17271,37.63816,8128,High
105767-8,MVOMERO,Morogoro,Mvomero,Health Center,-6.303811,37.44351,6555,High
106056-5,MZUMBE,Morogoro,Mvomero,Health Center,-6.92402,37.56655,4956,Moderate
103895-9,MAGALI,Morogoro,Mvomero,Dispensary,-7.0305,37.43885,2392,Low
100755-8,Chazi,Morogoro,Mvomero,Health Center,-6.22051,37.576,5542,Moderate
111737-3,MAGURUWE,Morogoro,Mvomero,Dispensary,-7.014763,37.614867,1768,Very Low
122706-5,ST.VINCENT PALLOTTI,Morogoro,Mvomero,Dispensary,-6.48872,37.52127,4292,Moderate
103363-8,KWAKOA,Kilimanjaro,Mwanga,Dispensary,-3.78449,37.71094,3099,Low
102089-0,JIPE,Kilimanjaro,Mwanga,Dispensary,-3.57208,37.7189,895,Very Low
108275-9,VUAGHA,Kilimanjaro,Mwanga,Dispensary,-3.71611,37.686279999999996,2999,Low
103473-5,LEMBENI,Kilimanjaro,Mwanga,Dispensary,-3.78447,37.61316,3984,Moderate
114824-6,PROTUS CRCT,Kilimanjaro,Mwanga,Dispensary,-3.78371,37.61178,1335,Very Low
107545-6,SONGOA,Kilimanjaro,Mwanga,Dispensary,-3.71682,37.62152,1160,Very Low
103057-6,KIRYA,Kilimanjaro,Mwanga,Dispensary,-3.92431,37.48732,1826,Very Low
103075-8,KISANGARA JUU RC,Kilimanjaro,Mwanga,Dispensary,-3.73732,37.6384,859,Very Low
103461-0,LANG'ATA BORA,Kilimanjaro,Mwanga,Dispensary,-3.6528,37.44494,3158,Low
103051-9,KIRURU,Kilimanjaro,Mwanga,Dispensary,-3.70837,37.58611,2787,Low
102826-5,KILEO,Kilimanjaro,Mwanga,Dispensary,-3.47822,37.57153,7460,High
121223-2,KIRYA,Kilimanjaro,Mwanga,Health Center,-3.88629,37.47148,542,Very Low
102706-9,KIGHARE,Kilimanjaro,Mwanga,Dispensary,-3.68754,37.65454,1387,Very Low
106428-6,NGUJINI,Kilimanjaro,Mwanga,Dispensary,-3.727451,37.632981,998,Very Low
108166-0,USANGI,Kilimanjaro,Mwanga,Hospital,-3.6949,37.66143,3120,Low
122603-4,MASUMBENI,Kilimanjaro,Mwanga,Clinic,-3.63673,37.67284,3283,Low
106295-9,NEEMA,Kilimanjaro,Mwanga,Health Center,-3.65456,37.5828,6506,High
105408-9,MRITI,Kilimanjaro,Mwanga,Dispensary,-3.622291,37.675361,2920,Low
108277-5,VUCHAMA NGOFI,Kilimanjaro,Mwanga,Dispensary,-3.59034,37.669,2218,Low
101312-7,HANDENI,Kilimanjaro,Mwanga,Dispensary,-3.59783,37.46968,1369,Very Low
102682-2,KIFULA,Kilimanjaro,Mwanga,Health Center,-3.62977,37.67176,1976,Very Low
107669-4,SUNGO,Kilimanjaro,Mwanga,Dispensary,-3.655783,37.665186,2537,Low
107861-7,TOLOHA,Kilimanjaro,Mwanga,Dispensary,-3.714991,37.790581,1514,Very Low
103073-3,KISANGARA,Kilimanjaro,Mwanga,Health Center,-3.75299,37.59924,8063,High
122470-8,MAMA NGOMA  KWAKOA,Kilimanjaro,Mwanga,Health Center,-3.78344,37.70082,567,Very Low
123155-4,KITURI,Kilimanjaro,Mwanga,Dispensary,-3.50601,37.55849,5520,Moderate
102805-9,KIKWENI,Kilimanjaro,Mwanga,Dispensary,-3.65189,37.64507,3035,Low
102679-8,KIFARU,Kilimanjaro,Mwanga,Dispensary,-3.53513,37.55978,6917,High
103458-6,LAMBO,Kilimanjaro,Mwanga,Dispensary,-3.64949,37.62341,2346,Low
104634-1,MBORE,Kilimanjaro,Mwanga,Dispensary,-3.69897,37.68294,1987,Very Low
106270-2,NDORWE,Kilimanjaro,Mwanga,Dispensary,-3.71642,37.66027,1217,Very Low
106633-1,NYABINDA,Kilimanjaro,Mwanga,Dispensary,-3.75018,37.44672,3948,Moderate
103052-7,MAGEREZA,Kilimanjaro,Mwanga,Dispensary,-3.70989,37.59127,1986,Very Low
122734-7,MKOMBOZI,Kilimanjaro,Mwanga,Health Laboratory,-3.660569,37.582895,6529,High
102170-8,KAGONGO,Kilimanjaro,Mwanga,Health Center,-3.69776,37.43056,2682,Low
102875-2,KILOMENI ROMAN CATHOLIC,Kilimanjaro,Mwanga,Dispensary,-3.76858,37.6561,2233,Low
105153-1,MKUU,Kilimanjaro,Mwanga,Dispensary,-3.681593,37.627673,1072,Very Low
103078-2,KISANGIRO,Kilimanjaro,Mwanga,Dispensary,-3.631559,37.55647,1724,Very Low
106435-1,NGULU,Kilimanjaro,Mwanga,Dispensary,-3.81168,37.69085,1595,Very Low
106493-0,NJIA PANDA,Kilimanjaro,Mwanga,Dispensary,-3.8064,37.48304,1687,Very Low
107414-5,SHIGHATINI,Kilimanjaro,Mwanga,Health Center,-3.671273,37.643133,1012,Very Low
107053-1,RAA,Kilimanjaro,Mwanga,Dispensary,-3.60986,37.65515,1460,Very Low
104761-2,MGAGAO,Kilimanjaro,Mwanga,Dispensary,-3.9109,37.65413,1342,Very Low
101434-9,IBAYA,Kilimanjaro,Mwanga,Dispensary,-3.67751,37.64394,570,Very Low
100880-4,CHOMVU,Kilimanjaro,Mwanga,Dispensary,-3.716421,37.660271,3270,Low
104249-8,MANGIO,Kilimanjaro,Mwanga,Dispensary,-3.59889,37.66174,1448,Very Low
102725-9,KIGONIGONI,Kilimanjaro,Mwanga,Health Center,-3.6857,37.71606,2397,Low
104752-1,MFINGA,Kilimanjaro,Mwanga,Dispensary,-3.67006,37.63428,1511,Very Low
106969-9,PANGARO,Kilimanjaro,Mwanga,Dispensary,-3.88078,37.7283,2175,Low
102287-0,KAMBI YA SIMBA,Kilimanjaro,Mwanga,Dispensary,-3.594476,37.70814,926,Very Low
100623-8,BUTU,Kilimanjaro,Mwanga,Dispensary,-3.6463,37.71612,1874,Very Low
105919-5,MWANGA,Kilimanjaro,Mwanga,Health Center,-3.65501,37.57202,3589,Low
114721-4,COGI SALAMA MGAGAO,Kilimanjaro,Mwanga,Dispensary,-3.91436,37.65556,3410,Low
123156-2,CHANJALE,Kilimanjaro,Mwanga,Dispensary,-3.75089,37.62675,1532,Very Low
102368-8,KARAMBA,Kilimanjaro,Mwanga,Dispensary,-3.771923,37.834105,1052,Very Low
105922-9,MWANGA SEC.,Kilimanjaro,Mwanga,Dispensary,-3.65986,37.58593,9014,High
108276-7,VUCHAMA NDAMBWE,Kilimanjaro,Mwanga,Dispensary,-3.69149,37.62164,1434,Very Low
120832-1,KITOGHOTO,Kilimanjaro,Mwanga,Dispensary,-3.52076,37.67701,739,Very Low
103181-4,KITI CHA MUNGU,Kilimanjaro,Mwanga,Dispensary,-3.77722,37.47235,1440,Very Low
105818-9,MWAI,Kilimanjaro,Mwanga,Dispensary,-3.60885,37.61646,1337,Very Low
102874-5,KILOMENI SOFE,Kilimanjaro,Mwanga,Dispensary,-3.77639,37.65457,2285,Low
103042-8,KIRONGAYA,Kilimanjaro,Mwanga,Dispensary,-3.70167,37.64984,1770,Very Low
105409-7,MRUMA,Kilimanjaro,Mwanga,Dispensary,-3.62638,37.63678,3310,Low
103214-3,KIVISINI,Kilimanjaro,Mwanga,Dispensary,-3.56845,37.63612,1348,Very Low
106239-7,NDANDA,Kilimanjaro,Mwanga,Dispensary,-3.67611,37.65274,1406,Very Low
106443-5,NGUNICHILE,Lindi,Nachingwea,Dispensary,-10.5381,38.7565,3883,Moderate
114896-4,MIUMBUTI,Lindi,Nachingwea,Dispensary,-10.13482,38.64144,584,Very Low
100817-6,CHIMBENDENGA,Lindi,Nachingwea,Dispensary,-10.3756,38.3314,2587,Low
100833-3,CHIOLA,Lindi,Nachingwea,Dispensary,-10.20743,38.84164,5397,Moderate
104628-3,MBONDO,Lindi,Nachingwea,Dispensary,-10.375376,38.226374,4382,Moderate
108069-6,ULAI,Lindi,Nachingwea,Dispensary,-10.28245,38.64693,8676,High
124088-6,HK,Lindi,Nachingwea,Health Laboratory,-10.36701,38.76297,12001,Very High
112308-2,LIPUYU,Lindi,Nachingwea,Dispensary,-10.17662,38.37487,1196,Very Low
105115-0,MKOTOKUYANA,Lindi,Nachingwea,Dispensary,-10.3977,38.89866,2695,Low
122180-3,MBWAMBO,Lindi,Nachingwea,Health Laboratory,-10.49324,38.81669,7445,High
103524-5,LIKWELA,Lindi,Nachingwea,Dispensary,-10.0468,38.7507,2884,Low
107166-1,RUPONDA,Lindi,Nachingwea,Dispensary,-10.2475,38.6964,6978,High
110248-2,NDITI,Lindi,Nachingwea,Dispensary,-10.0916,38.57924,4953,Moderate
112967-5,ANGAZA,Lindi,Nachingwea,Health Laboratory,-10.36904,38.76445,7710,High
102845-5,KILIMARONDO,Lindi,Nachingwea,Health Center,-10.5602,38.0297,3745,Low
101685-6,IKUNGU,Lindi,Nachingwea,Dispensary,-10.27719,38.7654,4337,Moderate
106110-0,NAMAPWIA,Lindi,Nachingwea,Dispensary,-10.0559,38.64411,3159,Low
106070-6,NAHIMBA,Lindi,Nachingwea,Dispensary,-10.30977,38.15453,2120,Very Low
114898-0,MWANDILA,Lindi,Nachingwea,Dispensary,-10.13414,38.64045,885,Very Low
114894-9,MBUTE,Lindi,Nachingwea,Dispensary,-9.97708,38.64611,1878,Very Low
106003-7,MWENGE,Lindi,Nachingwea,Dispensary,-10.3283,38.7023,2123,Very Low
105381-8,MPIRUKA,Lindi,Nachingwea,Dispensary,-10.2992,38.81607,5303,Moderate
103536-9,LIONJA,Lindi,Nachingwea,Dispensary,-10.162867,38.492214,9632,Very High
105555-7,MTEPECHE,Lindi,Nachingwea,Dispensary,-10.393686,38.820215,1878,Very Low
114900-4,NAKALONJI,Lindi,Nachingwea,Dispensary,-10.38432,38.73822,4448,Moderate
121264-6,ILULU,Lindi,Nachingwea,Clinic,-10.37129,38.76267,1965,Very Low
111147-5,MCHONDA,Lindi,Nachingwea,Dispensary,-10.42408,38.68704,2591,Low
112311-6,CHIUMBATI MIEMBENI,Lindi,Nachingwea,Dispensary,-10.41796,38.81106,2691,Low
111339-8,NAMATUMBUSI,Lindi,Nachingwea,Dispensary,-10.48332,38.6233,3558,Low
111340-6,KIPARA MTUA,Lindi,Nachingwea,Dispensary,-10.37215,38.56966,5476,Moderate
102753-1,KIHUWE,Lindi,Nachingwea,Dispensary,-10.3837,38.70485,5895,High
104453-6,MATEKWE,Lindi,Nachingwea,Dispensary,-10.6237,38.1297,5462,Moderate
106113-4,NAMATUNU,Lindi,Nachingwea,Dispensary,-10.541,37.9755,4519,Moderate
112307-4,MUUNGANO,Lindi,Nachingwea,Dispensary,-10.2234,38.4355,600,Very Low
112948-5,MAYA,Lindi,Nachingwea,Dispensary,-10.37275,38.75589,4018,Moderate
106150-6,NAMPEMBA,Lindi,Nachingwea,Dispensary,-10.35598,38.81485,3894,Moderate
111341-4,MPUTE,Lindi,Nachingwea,Dispensary,-10.20502,38.58924,6779,High
114903-8,NDOMONI,Lindi,Nachingwea,Dispensary,-10.53711,38.80929,2054,Very Low
106079-7,NAIPANGA,Lindi,Nachingwea,Health Center,-10.49087,38.81321,5998,High
114895-6,MCHANGANI,Lindi,Nachingwea,Dispensary,-10.44903,38.72746,2580,Low
106892-3,OLD CAMP (JWTZ),Lindi,Nachingwea,Dispensary,-10.37494,38.76079,4402,Moderate
107201-6,RWEJE,Lindi,Nachingwea,Dispensary,-10.12698,38.77594,2575,Low
102063-5,J.K.T,Lindi,Nachingwea,Dispensary,-10.41651,38.61678,3146,Low
107947-4,TUNDURU YA LEO,Lindi,Nachingwea,Dispensary,-10.3838,38.75685,8457,High
106120-9,NAMBALAPALA,Lindi,Nachingwea,Dispensary,-10.1567,38.67714,3243,Low
102677-2,KIEGEI,Lindi,Nachingwea,Dispensary,-10.4108,37.9142,4432,Moderate
105083-0,MKOKA,Lindi,Nachingwea,Dispensary,-10.158,38.806,4203,Moderate
114892-3,MAZIWA,Lindi,Nachingwea,Dispensary,-10.34877,38.65626,5658,Moderate
106265-2,NDOMONDO,Lindi,Nachingwea,Dispensary,-10.53195,38.86554,4889,Moderate
112306-6,NAMMANGA,Lindi,Nachingwea,Dispensary,-10.27921,38.71661,3838,Low
114889-9,CHIUMBATI SHULENI,Lindi,Nachingwea,Dispensary,-10.36716,38.75662,13900,Very High
112305-8,JAMILA,Lindi,Nachingwea,Dispensary,-10.37105,38.76031,1024,Very Low
106178-7,NANGUNDE,Lindi,Nachingwea,Dispensary,-10.2166,38.559,7154,High
109262-6,MNERO,Lindi,Nachingwea,Hospital,-10.1831,38.63184,6160,High
106063-1,NACHINGWEA,Lindi,Nachingwea,Hospital,-10.3282,38.7024,3914,Moderate
121041-8,NAMATULA,Lindi,Nachingwea,Health Center,-10.38432,38.73822,4448,Moderate
104312-4,MARAMBO,Lindi,Nachingwea,Health Center,-10.212339,38.752613,5763,Moderate
105594-6,MTUA,Lindi,Nachingwea,Dispensary,-10.37564,38.4768,4866,Moderate
103932-0,MAGEREZA,Lindi,Nachingwea,Dispensary,-10.4282,38.75656,3751,Low
113884-1,KITANDA,Ruvuma,Namtumbo,Dispensary,-10.75277,36.0186,4184,Moderate
106122-5,NAMBECHA,Ruvuma,Namtumbo,Dispensary,-10.13126,36.08022,1861,Very Low
103505-4,LIGUNGA,Ruvuma,Namtumbo,Dispensary,-11.11278,36.21098,12901,Very High
108222-1,UTWANGO,Ruvuma,Namtumbo,Dispensary,-10,35.84946,412,Very Low
101317-6,ST. BERNARD HANGA,Ruvuma,Namtumbo,Health Center,-10.43874,35.79273,3235,Low
106484-9,NJALAMATATA,Ruvuma,Namtumbo,Dispensary,-10.70323,35.98267,7695,High
112273-8,MAGEUZI,Ruvuma,Namtumbo,Dispensary,-10.48495,35.68244,9204,Very High
104783-6,MGOMBASI,Ruvuma,Namtumbo,Dispensary,-10.17495,36.0206,1610,Very Low
104461-9,MATEPWENDE LUSEWA,Ruvuma,Namtumbo,Dispensary,-11.19788,36.1004,3821,Low
104231-6,MANDEPWENDELIGERA,Ruvuma,Namtumbo,Dispensary,-10.99212,36.0489,2923,Low
105205-9,MLILAYOYO,Ruvuma,Namtumbo,Dispensary,-10.43877,35.79272,4970,Moderate
109232-9,LIKUYUSEKA,Ruvuma,Namtumbo,Dispensary,-10.32002,36.27261,3562,Low
112274-6,MTUMBATIMAJI,Ruvuma,Namtumbo,Dispensary,-10.28858,36.10177,10827,Very High
105103-6,MKONGO,Ruvuma,Namtumbo,Health Center,-10.6975,36.0455,7522,High
100771-5,CHENGENA,Ruvuma,Namtumbo,Dispensary,-10.59767,36.08024,10908,Very High
123137-2,KILANGALANGA,Ruvuma,Namtumbo,Dispensary,-10.63456,36.06319,5657,Moderate
123518-3,ST.LUZIA(LUSIA)-ELIZABETH,Ruvuma,Namtumbo,Dispensary,-10.51747,35.78966,7597,High
123146-3,ULAMBONI,Ruvuma,Namtumbo,Dispensary,-10.96635,36.06041,2775,Low
104707-5,MDWEMA,Ruvuma,Namtumbo,Dispensary,-10.61861,35.86357,2738,Low
105519-3,MTAKANINI,Ruvuma,Namtumbo,Health Center,-10.55265,35.77845,3828,Low
106154-8,NAMTUMBO,Ruvuma,Namtumbo,Hospital,-10.29414,36.09142,6809,High
106461-7,NGWINDE,Ruvuma,Namtumbo,Dispensary,-10.63282,35.94762,4736,Moderate
103913-0,MAGAZINI,Ruvuma,Namtumbo,Health Center,-11.56421,36.46676,5105,Moderate
105478-2,MSISIMA,Ruvuma,Namtumbo,Dispensary,-11.17921,36.12399,1805,Very Low
109217-0,MTAKUJA,Ruvuma,Namtumbo,Dispensary,-10.83232,36.03193,3388,Low
105396-6,MPUTA,Ruvuma,Namtumbo,Health Center,-10.28525,35.86577,7032,High
111373-7,ST. LUISE,Ruvuma,Namtumbo,Dispensary,-10.562,36.263,6929,High
106076-3,NAIKESI,Ruvuma,Namtumbo,Dispensary,-10.20172,35.89823,10680,Very High
103519-5,LIKUSANGUSE,Ruvuma,Namtumbo,Dispensary,-11.2865,36.39471,7230,High
105549-0,MTELAWAMWAHI,Ruvuma,Namtumbo,Dispensary,-10.85582,36.19313,1843,Very Low
112275-3,NJOOMLOLE,Ruvuma,Namtumbo,Dispensary,-10.88711,36.11879,4866,Moderate
105591-2,MTONYA,Ruvuma,Namtumbo,Dispensary,-10.37686,36.1674,9458,Very High
113888-2,RUVUMA,Ruvuma,Namtumbo,Dispensary,-10.46322,35.8084,4228,Moderate
104614-3,MBIMBI,Ruvuma,Namtumbo,Dispensary,-10.49009,35.89812,4333,Moderate
103552-6,LITOLA,Ruvuma,Namtumbo,Dispensary,-10.5579,35.92279,6952,High
103521-1,LIKUYU A,Ruvuma,Namtumbo,Dispensary,-10.26887,36.21944,6840,High
109216-2,NAMTUMBO,Ruvuma,Namtumbo,Health Center,-10.46719,36.13502,37218,Very High
103493-3,Libango,Ruvuma,Namtumbo,Dispensary,-10.26485,36.02838,5513,Moderate
113887-4,SONGAMBELE,Ruvuma,Namtumbo,Dispensary,-10.07905,35.90041,3077,Low
100105-6,AMANI,Ruvuma,Namtumbo,Dispensary,-11.47111,36.65333,2384,Low
103531-0,LIMAMU,Ruvuma,Namtumbo,Dispensary,-10.82715,35.97208,3151,Low
103623-5,LUEGU,Ruvuma,Namtumbo,Dispensary,-10.53452,36.0132,17579,Very High
113885-8,NAMANGULI,Ruvuma,Namtumbo,Dispensary,-10.07903,35.9004,749,Very Low
103154-1,KITANDA,Ruvuma,Namtumbo,Dispensary,-10.07423,35.89731,4369,Moderate
104694-5,MCHOMORO,Ruvuma,Namtumbo,Dispensary,-10.57732,36.33635,5748,Moderate
113886-6,MWANGAZA,Ruvuma,Namtumbo,Dispensary,-10.75278,36.01862,2795,Low
103501-3,LIGERA,Ruvuma,Namtumbo,Health Center,-10.55201,36.53701,242,Very Low
103709-2,LUMECHA,Ruvuma,Namtumbo,Dispensary,-10.58007,35.7748,4518,Moderate
103754-8,LUSEWA,Ruvuma,Namtumbo,Health Center,-11.12806,36.16694,383,Very Low
106097-9,NAMABENGO,Ruvuma,Namtumbo,Health Center,-10.55843,35.86419,11772,Very High
102846-3,KILIMASELA,Ruvuma,Namtumbo,Dispensary,-10.75037,36.50991,1025,Very Low
104935-2,MILONJI,Ruvuma,Namtumbo,Dispensary,-11.07451,36.13176,852,Very Low
104426-2,MASUGURU,Ruvuma,Namtumbo,Dispensary,-10.355876,36.23687,4803,Moderate
106866-7,NYUNDO,Mtwara,Mtwara,Dispensary,-10.601477,39.672992,6104,High
105259-6,MNYAWI,Mtwara,Mtwara,Dispensary,-10.750625,39.846584,6882,High
123202-4,NAVIKOLE,Mtwara,Mtwara,Dispensary,-10.51971,40.15118,2191,Low
110720-0,MNYAHI,Mtwara,Mtwara,Dispensary,-10.69757,39.84018,1837,Very Low
110506-3,CHIWINDI,Mtwara,Mtwara,Dispensary,-10.59059,39.81987,1858,Very Low
103237-4,KIYANGA,Mtwara,Mtwara,Dispensary,-10.72252,39.99838,4649,Moderate
110443-9,MISUFINI,Mtwara,Mtwara,Dispensary,-10.61268,40.03207,2535,Low
112982-4,SHANGANI,Mtwara,Mtwara,Health Laboratory,-10.68577,39.79366,6041,High
106155-5,NAMTUMBUKA,Mtwara,Mtwara,Dispensary,-10.766344,39.920801,5319,Moderate
110444-7,MWANG'ANGA,Mtwara,Mtwara,Dispensary,-10.705779,39.874287,1924,Very Low
113747-0,NANYAMBA COUNCIL,Mtwara,Mtwara,Hospital,-10.64721,39.84234,1814,Very Low
123201-6,NGONJA,Mtwara,Mtwara,Dispensary,-10.54202,40.09596,1049,Very Low
111305-9,MAYEMBE CHINI,Mtwara,Mtwara,Dispensary,-10.703055,40.114284,2245,Low
105566-4,MTIMBWILIMBWI,Mtwara,Mtwara,Dispensary,-10.636953,39.853755,5714,Moderate
105257-0,MNONGODI,Mtwara,Mtwara,Dispensary,-10.769246,39.973177,3181,Low
108809-5,KIWENGULO,Mtwara,Mtwara,Dispensary,-10.76067,40.0146,2176,Low
110231-8,NARUNGA,Mtwara,Mtwara,Dispensary,-10.552639,39.73499,4075,Moderate
106142-3,NAMISANGI,Mtwara,Mtwara,Dispensary,-10.537276,39.878149,1203,Very Low
110252-4,DINYECHA,Mtwara,Mtwara,Health Center,-10.680103,39.788315,2246,Low
110719-2,ARUSHA CHINI,Mtwara,Mtwara,Dispensary,-10.60603,40.14393,2876,Low
103151-7,KITAMA BONDENI,Mtwara,Mtwara,Dispensary,-10.71475,39.73766,3271,Low
106193-6,NANYAMBA,Mtwara,Mtwara,Health Center,-10.6943,39.8047,5919,High
124425-0,NEW NANGONGA MEDICAL,Mtwara,Mtwara,Health Laboratory,-10.68066,39.80341,4087,Moderate
112429-6,KIROMBA,Mtwara,Mtwara,Dispensary,-10.69977,40.03154,1612,Very Low
100754-1,CHAWI,Mtwara,Mtwara,Dispensary,-10.558408,40.09948,3299,Low
110445-4,MARANJE,Mtwara,Mtwara,Dispensary,-10.557855,39.996269,3748,Low
104593-9,MBEMBALEO,Mtwara,Mtwara,Dispensary,-10.6999,39.9076,6559,High
110504-8,NANJEDYA,Mtwara,Mtwara,Dispensary,-10.57244,39.878243,3708,Low
110447-0,MPANYANI,Mtwara,Mtwara,Dispensary,-10.667331,39.950449,4775,Moderate
106483-1,NITEKELA,Mtwara,Mtwara,Dispensary,-10.659885,39.734013,4491,Moderate
112424-7,MAJENGO,Mtwara,Mtwara,Health Center,-10.535258,39.81642,1831,Very Low
122524-2,MKAHARA,Mtwara,Mtwara,Dispensary,-6.16118,35.74542,2951,Low
106490-6,NJENGWA,Mtwara,Mtwara,Dispensary,-10.553898,39.786023,3524,Low
101374-7,HINJU,Mtwara,Mtwara,Dispensary,-10.60499,39.77892,7912,High
103166-5,KITAYA,Mtwara,Mtwara,Dispensary,-10.65812,40.167775,3410,Low
105251-3,MNIMA,Mtwara,Mtwara,Dispensary,-10.470821,39.781232,7980,High
105569-8,MTINIKO,Mtwara,Mtwara,Dispensary,-10.59024,39.95188,3875,Moderate
103040-2,KIROMBA JUU,Mtwara,Mtwara,Dispensary,-10.6934,40.04098,3232,Low
104244-9,MANGAKA,Mtwara,Nanyumbu,Hospital,-10.940742,38.379716,8195,High
112056-7,MTAMBASWALA,Mtwara,Nanyumbu,Health Center,-11.4057,38.4889,3799,Low
106176-1,NANGOMBA,Mtwara,Nanyumbu,Dispensary,-10.904228,38.519224,14024,Very High
122403-9,MIKANGAULA,Mtwara,Nanyumbu,Health Center,-10.56322,38.37521,10,Very Low
104821-4,MICHIGA,Mtwara,Nanyumbu,Health Center,-10.925836,38.167447,13668,Very High
104316-5,MARATANI,Mtwara,Nanyumbu,Dispensary,-10.953884,38.62314,10207,Very High
115357-6,MSINYASI,Mtwara,Nanyumbu,Dispensary,-10.55111,38.16381,69,Very Low
105130-9,MKUMBARU,Mtwara,Nanyumbu,Dispensary,-10.78213,38.257279,8566,High
115295-8,MTALIKACHAU,Mtwara,Nanyumbu,Dispensary,-10.57191,38.46311,1453,Very Low
100841-6,CHIPUPUTA,Mtwara,Nanyumbu,Dispensary,-11.030828,38.410917,15630,Very High
115351-9,MNANJE,Mtwara,Nanyumbu,Health Center,-10.53666,38.41444,21,Very Low
106167-0,NANDETE,Mtwara,Nanyumbu,Dispensary,-10.902058,38.804491,10338,Very High
115350-1,MCHANGANI A,Mtwara,Nanyumbu,Dispensary,-10.51222,38.37242,3,Very Low
123730-4,CHINGUILE MISSION,Mtwara,Nanyumbu,Dispensary,-10.55413,38.23744,2,Very Low
103514-6,LIKOKONA,Mtwara,Nanyumbu,Dispensary,-10.897153,38.238462,11198,Very High
115301-4,NAMATUMBUSI,Mtwara,Nanyumbu,Dispensary,-10.8214048,38.68721387,6995,High
104896-6,MIKANGAULA,Mtwara,Nanyumbu,Dispensary,-10.848463,38.629271,11097,Very High
104424-7,MASUGURU,Mtwara,Nanyumbu,Dispensary,-11.351088,38.385531,4358,Moderate
108455-7,NANYUMBU,Mtwara,Nanyumbu,Health Center,-11.140558,38.49409,13838,Very High
106090-4,NAKOPI,Mtwara,Nanyumbu,Dispensary,-11.041961,38.176411,7416,High
103711-8,LUMESULE,Mtwara,Nanyumbu,Dispensary,-10.917173,38.021806,7628,High
107368-3,SENGENYA,Mtwara,Nanyumbu,Dispensary,-10.901323,38.352458,12451,Very High
104660-6,MBURUSA,Mtwara,Nanyumbu,Dispensary,-11.138361,38.242933,11482,Very High
121999-7,UPENDO HEALTH MEDICAL,Mtwara,Nanyumbu,Health Laboratory,-10.93948,38.37912,9092,Very High
104920-4,MIKUVA,Mtwara,Nanyumbu,Dispensary,-10.872349,38.728338,7485,High
122404-7,KAZAMOYO,Mtwara,Nanyumbu,Dispensary,-10.51222,38.37242,3,Very Low
115296-6,CHIVIRIRIKITI,Mtwara,Nanyumbu,Dispensary,-10.57191,38.46311,1453,Very Low
115356-8,NANDEMBO,Mtwara,Nanyumbu,Dispensary,-10.55454,38.11227,178,Very Low
112225-8,KENOSHUKURU,Mtwara,Nanyumbu,Dispensary,-10.93371,38.38936,12629,Very High
105111-9,MKONONA,Mtwara,Nanyumbu,Dispensary,-11.139622,38.57567,8745,High
108625-5,MAKONG'ONDERA,Mtwara,Nanyumbu,Dispensary,-10.823505,38.155695,5382,Moderate
124441-7,SILAJI HEALTH,Mtwara,Nanyumbu,Health Laboratory,-10.93344,38.38478,11191,Very High
109205-5,MARUMBA,Mtwara,Nanyumbu,Dispensary,-11.2385,38.66068,3398,Low
115348-5,CHITOWE,Mtwara,Nanyumbu,Dispensary,-10.56301,38.37511,0,Very Low
123887-2,MKUDUMBA,Mtwara,Newala,Dispensary,-10.63946,39.10241,2509,Low
104912-1,MIKUMBI,Mtwara,Newala,Dispensary,-10.5627,39.175,642,Very Low
121465-9,CHILANGALA,Mtwara,Newala,Dispensary,-10.560092,39.175191,1631,Very Low
103160-8,KITANGARI,Mtwara,Newala,Health Center,-10.65811,39.33731,5711,Moderate
120563-2,NAKAHAKO,Mtwara,Newala,Dispensary,-10.78043,39.17453,3444,Low
100795-4,CHIHANGU,Mtwara,Newala,Health Center,-10.6132,39.2209,4799,Moderate
110365-4,MAPUTI,Mtwara,Newala,Dispensary,-10.65191,39.33435,6886,High
110370-4,MKONGI,Mtwara,Newala,Dispensary,-10.512892,39.231563,2170,Low
101470-3,IDAMNOLE,Mtwara,Newala,Dispensary,-10.598423,39.250999,4478,Moderate
104025-2,MAHOHA,Mtwara,Newala,Dispensary,-10.49401,39.32499,3816,Low
104169-8,MALATU,Mtwara,Newala,Dispensary,-10.7693,39.25904,5857,Moderate
121398-2,TULIENI,Mtwara,Newala,Dispensary,-10.71252,39.44892,5036,Moderate
112942-8,JEREMIA,Mtwara,Newala,Dispensary,-10.65191,39.33437,3259,Low
121913-8,NAMANGUDU,Mtwara,Newala,Dispensary,-10.51034,39.26783,1264,Very Low
104139-1,MAKUKWE,Mtwara,Newala,Dispensary,-10.8299,39.3816,7595,High
105330-5,MPALU,Mtwara,Newala,Dispensary,-10.74047,39.16413,1716,Very Low
105585-4,MTONGWELE,Mtwara,Newala,Dispensary,-10.64677,39.26146,2136,Very Low
105091-3,MKOMA II,Mtwara,Newala,Dispensary,-10.44081,39.27691,4103,Moderate
105258-8,MNYAMBE,Mtwara,Newala,Dispensary,-10.66188,39.16145,7351,High
110364-7,NGONGO,Mtwara,Newala,Dispensary,-10.70503,39.31385,844,Very Low
105372-7,MPILANI,Mtwara,Newala,Dispensary,-10.62263,39.40036,5824,Moderate
122867-5,MANGO,Mtwara,Newala,Dispensary,-10.76804,39.38912,2096,Very Low
105606-8,MTUNGURU,Mtwara,Newala,Dispensary,-10.7672,39.3425,5440,Moderate
100851-5,CHITEKETE,Mtwara,Newala,Dispensary,-10.79764,39.22057,3672,Low
120544-2,MCHEMO,Mtwara,Newala,Hospital,-10.70279,39.31951,3491,Low
121397-4,MTOPWA,Mtwara,Newala,Dispensary,-10.70005,39.40577,6885,High
103481-8,LENGO,Mtwara,Newala,Dispensary,-10.7302,39.3042,5974,High
123193-5,NGALU,Mtwara,Newala,Dispensary,-10.77198,39.30608,1696,Very Low
110366-2,HENGAPANO,Mtwara,Newala,Dispensary,-10.7092,39.13313,1516,Very Low
110360-5,MKWEDU,Mtwara,Newala,Health Center,-10.81544,39.33569,3668,Low
105260-4,MNYEU,Mtwara,Newala,Dispensary,-10.67921,39.40681,3292,Low
100867-1,CHIWONGA,Mtwara,Newala,Dispensary,-10.5627,39.3572,6961,High
121694-4,MPWAPWA,Mtwara,Newala,Dispensary,-10.68901,39.27045,2379,Low
106192-8,NANYAMBA,Mtwara,Newala,Dispensary,-10.57423,39.04324,2722,Low
105166-3,MKWEDU,Mtwara,Newala,Dispensary,-10.85622,39.35012,4370,Moderate
121220-8,MALATU,Mtwara,Newala,Health Center,-10.74183,39.23081,1588,Very Low
110359-7,NAMBALI,Mtwara,Newala,Dispensary,-10.56994,39.287916,4146,Moderate
105256-2,MNOLELA,Mtwara,Newala,Dispensary,-10.68452,39.20657,3583,Low
105092-1,MKOMA L,Mtwara,Newala,Dispensary,-10.8167,39.1924,3937,Moderate
110369-6,MAGEREZA NEWALA,Mtwara,Newala,Dispensary,-10.957847,39.269681,1884,Very Low
102830-7,KILIDU I,Mtwara,Newala,Dispensary,-11.0147,39.3749,3208,Low
112474-2,MKULUNG'ULU,Mtwara,Newala,Dispensary,-10.49919,39.18782,2123,Very Low
114696-8,AMANI,Mtwara,Newala,Dispensary,-10.98106,39.39657,6368,High
112489-0,CHITANDI,Mtwara,Newala,Dispensary,-10.56613,39.14407,1690,Very Low
106127-4,NAMBUGA,Mtwara,Newala,Dispensary,-10.87382,39.23679,6597,High
122727-1,NYASSA,Mtwara,Newala,Dispensary,-10.43136,39.94455,940,Very Low
122832-9,ANTONIA,Mtwara,Newala,Health Laboratory,-10.95185,39.27407,10199,Very High
104134-2,MAKOTE,Mtwara,Newala,Dispensary,-10.9535,39.3375,10811,Very High
106320-5,NEWALA,Mtwara,Newala,Hospital,-10.9539,39.2757,6218,High
107078-8,Rehema,Mtwara,Newala,Health Center,-10.9402,39.2669,22699,Very High
106144-9,NAMIYONGA,Mtwara,Newala,Dispensary,-10.8929,39.3337,3439,Low
102831-5,KILIDU II,Mtwara,Newala,Dispensary,-10.8101,39.3058,5364,Moderate
114695-0,NANGURUWE,Mtwara,Newala,Health Center,-10.59372,39.20237,610,Very Low
110368-8,MAPILI,Mtwara,Newala,Dispensary,-11.04831,39.36415,1277,Very Low
114697-6,MAHUMBIKA,Mtwara,Newala,Dispensary,-10.91697,39.34835,4909,Moderate
105373-5,MPILIPILI,Mtwara,Newala,Dispensary,-10.9963,39.4295,2639,Low
123567-0,ZALU MEDICAL,Mtwara,Newala,Health Center,-10.64175,39.23765,887,Very Low
114700-8,MONEKA,Mtwara,Newala,Dispensary,-10.97001,39.26055,1470,Very Low
107781-7,TAWALA,Mtwara,Newala,Dispensary,-10.9252,39.401,7411,High
114699-2,MANDUMBA,Mtwara,Newala,Dispensary,-10.86873,39.31428,6183,High
100794-7,CHIHANGA,Mtwara,Newala,Dispensary,-11.019369,39.399049,1864,Very Low
110412-4,MKUNYA,Mtwara,Newala,Health Center,-10.983544,39.382889,5752,Moderate
102426-4,Kasharazi,Kagera,Ngara,Dispensary,-2.52161,30.75093,6579,High
106605-9,NTOBEYE,Kagera,Ngara,Dispensary,-2.45034,30.63733,12605,Very High
106682-8,NYARULAMA,Kagera,Ngara,Dispensary,-2.83232,30.48463,5279,Moderate
106603-4,NTERUNGWE,Kagera,Ngara,Dispensary,-2.49166,30.70711,9203,Very High
104519-4,Mayenzi,Kagera,Ngara,Dispensary,-2.55344,30.63264,4359,Moderate
102402-5,Kasange,Kagera,Ngara,Dispensary,-2.44414,30.53767,2673,Low
105681-1,MUMILAMILA,Kagera,Ngara,Dispensary,-2.89012,30.49975,5865,High
114784-2,ANNABEL MUGOMA,Kagera,Ngara,Health Center,-2.53516,30.61664,5398,Moderate
111511-2,Kabanga,Kagera,Ngara,Dispensary,-2.63492,30.47025,9445,Very High
105707-4,MURUBANGA,Kagera,Ngara,Dispensary,-2.84651,30.8138,6307,High
105664-7,Mukarehe,Kagera,Ngara,Dispensary,-2.59775,30.55368,7137,High
114781-8,ADONIRAM,Kagera,Ngara,Clinic,-2.50993,30.65352,3054,Low
102472-8,KATERERE,Kagera,Ngara,Dispensary,-2.59913,30.60954,4505,Moderate
107153-9,RULENGE,Kagera,Ngara,Hospital,-2.72021,30.63218,5718,Moderate
103817-3,MABAWE,Kagera,Ngara,Health Center,-2.58392,30.49821,8968,High
102304-3,Kanazi,Kagera,Ngara,Dispensary,-2.56184,30.5807,7214,High
115252-9,RWINYANA,Kagera,Ngara,Dispensary,-2.8335512,30.532622,4551,Moderate
103896-7,MAGAMBA,Kagera,Ngara,Dispensary,-2.97945,30.76528,5526,Moderate
108550-5,HUDUMA,Kagera,Ngara,Dispensary,-2.50479,30.65607,3377,Low
121987-2,RWAKALEMERA,Kagera,Ngara,Dispensary,-2.53516,30.61664,5398,Moderate
107395-6,SHANGA,Kagera,Ngara,Dispensary,-2.53605,30.54378,9698,Very High
103332-3,KUMUBUGA,Kagera,Ngara,Dispensary,-2.83582,30.95679,4525,Moderate
111265-5,KUMTANA,Kagera,Ngara,Dispensary,-2.53185,30.65985,4107,Moderate
102471-0,Burengo,Kagera,Ngara,Dispensary,-2.46308,30.74045,11080,Very High
106350-2,MAGEREZA NGARA,Kagera,Ngara,Dispensary,-2.50747,30.65761,4212,Moderate
105714-0,MURUVYAGILA,Kagera,Ngara,Dispensary,-2.55772,30.51031,5016,Moderate
121874-2,KISHANDA,Kagera,Ngara,Health Laboratory,-1.33913,31.816582,720,Very Low
111171-5,Ibuga,Kagera,Ngara,Dispensary,-2.66612,30.47932,4356,Moderate
102549-3,KEZA,Kagera,Ngara,Dispensary,-2.79167,30.72093,6766,High
105694-4,MUNJEBWE,Kagera,Ngara,Dispensary,-2.70101,30.63631,5704,Moderate
103333-1,Kumugamba,Kagera,Ngara,Dispensary,-2.64621,30.6555,4530,Moderate
100860-6,CHIVU,Kagera,Ngara,Dispensary,-2.49751,30.59856,7432,High
106596-0,NTANGA,Kagera,Ngara,Dispensary,-2.87814,30.8911,5366,Moderate
106678-6,NYAKISASA,Kagera,Ngara,Dispensary,-2.69982,30.69152,7046,High
121873-4,HUDUMA,Kagera,Ngara,Health Laboratory,-2.64088,30.466457,2880,Low
100483-7,BUHORORO,Kagera,Ngara,Dispensary,-2.53633,30.61705,2609,Low
107925-0,TUMAINI,Kagera,Ngara,Health Center,-2.71887,30.63383,3883,Moderate
105668-8,MUKUBU,Kagera,Ngara,Dispensary,-2.85457,30.68662,6562,High
102128-6,Kabalenzi,Kagera,Ngara,Dispensary,-2.52926,30.5701,5616,Moderate
105665-4,MUKATABO,Kagera,Ngara,Dispensary,-2.47004,30.53908,8779,High
106720-6,Nyamiaga,Kagera,Ngara,Hospital,-2.49744,30.6694,12015,Very High
102348-0,Kanyinya,Kagera,Ngara,Dispensary,-2.6206,30.63536,4076,Moderate
107176-0,RUSUMO,Kagera,Ngara,Dispensary,-2.39832,30.76984,12648,Very High
121369-3,TEMBO NICKEL PROJECT,Kagera,Ngara,Clinic,-2.88537,30.56037,1169,Very Low
108552-1,K9 JWTZ,Kagera,Ngara,Dispensary,-2.53551,30.78685,5039,Moderate
103055-0,KIRUSHYA,Kagera,Ngara,Dispensary,-2.45963,30.55495,7263,High
105458-4,MSHIKAMANO,Kagera,Ngara,Dispensary,-2.42309,30.81219,7318,High
107131-5,RUGANZO,Kagera,Ngara,Dispensary,-2.54773,30.68624,7766,High
103692-0,LUKOLE,Kagera,Ngara,Health Center,-2.57475,30.82845,7454,High
105744-7,MUYENZI,Kagera,Ngara,Dispensary,-2.75272,30.59263,8355,High
105682-9,MUMUHAMBA,Kagera,Ngara,Dispensary,-2.74538,30.53712,9349,Very High
107177-8,MAGEREZA RUSUMO,Kagera,Ngara,Dispensary,-2.3909,30.8311,1131,Very Low
105626-6,MUGANZA,Kagera,Ngara,Dispensary,-2.91164,30.64263,6369,High
111681-3,AMEN,Kagera,Ngara,Dispensary,-2.51155,30.6538,8716,High
105710-8,MURUSAGAMBA,Kagera,Ngara,Health Center,-2.96136,30.8446,6205,High
102521-2,KAZINGATI,Kagera,Ngara,Dispensary,-2.73639,30.68297,5509,Moderate
109761-7,Bugarama,Kagera,Ngara,Dispensary,-2.86689,30.53115,3828,Low
104639-0,MBUBA,Kagera,Ngara,Dispensary,-2.66449,30.60094,9293,Very High
107206-5,RWIMBOGO,Kagera,Ngara,Dispensary,-2.93652,30.72521,7282,High
102743-2,KIHINGA,Kagera,Ngara,Dispensary,-2.79535,30.51232,7782,High
103586-4,LOYRDES,Kagera,Ngara,Dispensary,-2.50076,30.85079,11475,Very High
105701-7,MURGWANZA,Kagera,Ngara,Hospital,-2.49222,30.64475,6148,High
100986-9,Djuruligwa,Kagera,Ngara,Dispensary,-2.63095,30.53048,10470,Very High
100504-0,Bukiriro,Kagera,Ngara,Health Center,-2.78007,30.54794,7203,High
102452-0,Kasulo,Kagera,Ngara,Dispensary,-2.51648,30.8217,3417,Low
106692-7,Nyamahwa,Kagera,Ngara,Dispensary,-2.62129,30.71467,12786,Very High
102133-6,KABANGA PRIVATE,Kagera,Ngara,Dispensary,-2.64679,30.45889,5694,Moderate
112460-1,ORMEKEKE,Arusha,Ngorongoro,Dispensary,-3.156426,35.285499,6356,High
112339-7,NEEMA,Arusha,Ngorongoro,Dispensary,-2.05992,35.56062,8761,High
107233-9,SAKALA,Arusha,Ngorongoro,Health Center,-2.05967,35.60012,5000,Moderate
107515-9,SOITSAMBU,Arusha,Ngorongoro,Dispensary,-1.90634,35.42008,11256,Very High
106919-4,OLOIROBI,Arusha,Ngorongoro,Dispensary,-3.2091,35.45956,11744,Very High
106920-2,OLOLOSWAKWAN,Arusha,Ngorongoro,Dispensary,-1.87667,35.33267,14598,Very High
109886-2,LOOSOITO,Arusha,Ngorongoro,Dispensary,-2.23187,35.49052,10944,Very High
102079-1,JEMA,Arusha,Ngorongoro,Dispensary,-2.13714,35.88556,5992,High
103573-2,LOLIONDO,Arusha,Ngorongoro,Health Center,-2.05254,35.62455,19250,Very High
108321-1,WASSO,Arusha,Ngorongoro,Hospital,-2.06541,35.56342,1911,Very Low
106918-6,OLOIPIRI,Arusha,Ngorongoro,Dispensary,-2.04423,35.43752,9408,Very High
113600-1,WETO,Arusha,Ngorongoro,Dispensary,-2.295109,35.691096,6711,High
104785-1,MGONGO,Arusha,Ngorongoro,Dispensary,-2.16017,35.670452,5755,Moderate
111227-5,ALAILELAI,Arusha,Ngorongoro,Dispensary,-2.95672,35.69837,12146,Very High
107378-2,SERO,Arusha,Ngorongoro,Dispensary,-1.82559,35.33282,7089,High
103893-4,MAGAIDURU,Arusha,Ngorongoro,Dispensary,-2.09351,35.63372,2451,Low
101111-3,ESERE,Arusha,Ngorongoro,Dispensary,-3.299273,35.191777,6091,High
101098-2,NGARESERO,Arusha,Ngorongoro,Dispensary,-2.60506,35.87579,7241,High
113930-2,NGORONGORO,Arusha,Ngorongoro,Hospital,-2.099559,35.55889,4437,Moderate
107000-2,PIYAYA,Arusha,Ngorongoro,Dispensary,-2.58141,35.50269,21192,Very High
109698-1,OLDONYOSAMBU,Arusha,Ngorongoro,Dispensary,-2.18099,35.83075,7384,High
104161-5,MALAMBO,Arusha,Ngorongoro,Health Center,-2.14574,35.73598,4682,Moderate
104977-4,MISIGIYO,Arusha,Ngorongoro,Dispensary,-3.20856,35.36331,8738,High
105633-2,MUGHOLO,Arusha,Ngorongoro,Dispensary,-2.14423,35.75081,9203,Very High
110912-3,SUKENYA,Arusha,Ngorongoro,Dispensary,-1.95633,35.51165,6372,High
106889-9,OLBALBAL,Arusha,Ngorongoro,Dispensary,-2.98524,35.50588,14353,Very High
100974-5,DIGODIGO,Arusha,Ngorongoro,Health Center,-2.145807,35.735996,5489,Moderate
111971-8,OLEKERETO,Arusha,Ngorongoro,Health Laboratory,-2.06595,35.55827,4335,Moderate
106222-3,NAIYOBI,Arusha,Ngorongoro,Dispensary,-2.84348,35.846931,19881,Very High
106938-4,OSINONI,Arusha,Ngorongoro,Health Center,-3.21426,35.0528,2305,Low
101097-4,ENDULEN,Arusha,Ngorongoro,Hospital,-3.205788,35.273871,10103,Very High
101861-3,ERKEEPUS,Arusha,Ngorongoro,Dispensary,-3.09308,35.68978,10228,Very High
107269-3,SAMUNGE,Arusha,Ngorongoro,Dispensary,-2.16265,35.70087,9509,Very High
107251-1,SALE,Arusha,Ngorongoro,Dispensary,-2.29707,35.68771,4988,Moderate
100530-5,BULATI,Arusha,Ngorongoro,Dispensary,-2.984482,35.802677,9496,Very High
109665-0,KAKESIO,Arusha,Ngorongoro,Dispensary,-3.37888,34.98792,8377,High
106884-0,OLPIRO,Arusha,Ngorongoro,Dispensary,-3.344087,35.280524,2823,Low
106078-9,NAINOKANOKA,Arusha,Ngorongoro,Health Center,-3.025892,35.686697,5933,High
106225-6,NCAA,Arusha,Ngorongoro,Dispensary,-3.24532,35.48094,3521,Low
106997-0,PINYINYI,Arusha,Ngorongoro,Dispensary,-2.31298,35.94426,6326,High
102329-0,KANIKELELE,Njombe,Njombe,Dispensary,-9.217842,35.261245,3485,Low
101962-9,ITAMBO,Njombe,Njombe,Dispensary,-9.396581,35.342844,717,Very Low
103736-5,LUPEMBE,Njombe,Njombe,Health Center,-9.269736,35.239206,5736,Moderate
103786-0,LWANZALI,Njombe,Njombe,Dispensary,-9.38998,35.296702,1059,Very Low
121982-3,SOVI,Njombe,Njombe,Dispensary,-9.33845,34.81601,740,Very Low
110896-8,MATEMBWE,Njombe,Njombe,Dispensary,-9.250911,35.164219,3699,Low
114091-2,NYAVE,Njombe,Njombe,Dispensary,-9.132199,35.29255,865,Very Low
109730-2,IGOMBOLA. B. ENSARY,Njombe,Njombe,Dispensary,-9.278828,35.28077,2359,Low
110947-9,MTWANGO,Njombe,Njombe,Health Center,-9.02821,34.82645,2257,Low
114089-6,KITOLE,Njombe,Njombe,Dispensary,-9.15082,35.32886,792,Very Low
101668-2,IKONDO,Njombe,Njombe,Dispensary,-9.081191,35.237702,5390,Moderate
102647-5,KICHIWA,Njombe,Njombe,Health Center,-9.04773,34.86603,6065,High
104755-4,MFRIGA,Njombe,Njombe,Dispensary,-9.296681,35.316987,2275,Low
101642-7,IKANG'ASI,Njombe,Njombe,Dispensary,-9.348999,35.348994,1802,Very Low
106857-6,NYOMBO,Njombe,Njombe,Dispensary,-9.201449,34.926208,5314,Moderate
101456-2,IBUMILA,Njombe,Njombe,Dispensary,-9.126037,34.848478,4616,Moderate
106481-5,NINGA,Njombe,Njombe,Dispensary,-9.102299,34.998869,3027,Low
121296-8,IKANDO,Njombe,Njombe,Dispensary,-9.16186,34.83859,3132,Low
121295-0,TAGAMENDA,Njombe,Njombe,Dispensary,-9.13497,34.97794,3028,Low
101778-9,IMAGE,Njombe,Njombe,Dispensary,-9.192428,35.100083,3058,Low
114093-8,WELELA,Njombe,Njombe,Dispensary,-9.01186,34.78622,2631,Low
114092-0,ILENGITITU,Njombe,Njombe,Dispensary,-9.04463,34.94612,1915,Very Low
108050-6,UKALAWA,Njombe,Njombe,Dispensary,-9.159389,35.293263,2017,Very Low
107469-9,Mtwango,Njombe,Njombe,Dispensary,-9.034591,34.815038,3283,Low
101683-1,IKUNA,Njombe,Njombe,Dispensary,-9.15756,34.92371,4587,Moderate
103848-8,MADEKE,Njombe,Njombe,Dispensary,-9.185447,35.391012,1109,Very Low
109751-8,UPAMI,Njombe,Njombe,Dispensary,-9.058662,34.906498,3170,Low
122041-7,LOLE,Njombe,Njombe,Dispensary,-9.74605,34.87748,497,Very Low
101924-9,ISOLIWAYA,Njombe,Njombe,Dispensary,-9.215299,35.199622,2884,Low
102655-8,KIDEGEMBYE,Njombe,Njombe,Dispensary,-9.278304,35.004862,8582,High
105465-9,MSIMA SAYUNI,Njombe,Njombe,Dispensary,-9.250849,34.938436,797,Very Low
111378-6,Ibiki,Njombe,Njombe,Dispensary,-9.015239,34.928239,2283,Low
114054-0,NJOMBE,Njombe,Njombe,Hospital,-9.27687,35.17352,1621,Very Low
114057-3,ISITU,Njombe,Njombe,Dispensary,-9.12882,35.03849,1757,Very Low
112223-3,Itunduma,Njombe,Njombe,Dispensary,-9.080301,34.81072,4939,Moderate
109768-2,LIMA,Njombe,Njombe,Dispensary,-9.08015,35.09242,2422,Low
109783-1,IKUNA,Njombe,Njombe,Health Center,-9.167715,34.944071,941,Very Low
111379-4,MATIGANJOLA,Njombe,Njombe,Dispensary,-9.23724,34.89176,3571,Low
108494-6,MATEMBWE,Njombe,Njombe,Health Center,-9.258938,35.122553,3021,Low
101569-2,IGONGOLO,Njombe,Njombe,Dispensary,-8.964887,34.908995,6807,High
102028-8,IWAFI,Njombe,Njombe,Dispensary,-9.344792,35.288098,2790,Low
121151-5,KIYOYA,Njombe,Njombe,Clinic,-9.33751,34.76841,1704,Very Low
101604-7,IHALULA,Njombe,Njombe,Health Center,-9.46292,34.69202,2188,Low
101481-0,IDIHANI,Njombe,Njombe,Dispensary,-9.50728,34.51728,2948,Low
111677-1,KIYAULA,Njombe,Njombe,Dispensary,-9.492144,34.608636,6418,High
112171-4,MFEREKE,Njombe,Njombe,Dispensary,-9.399196,34.741415,1498,Very Low
108228-8,ST.Anna's,Njombe,Njombe,Health Center,-9.47326,34.78256,4548,Moderate
104212-6,MAMONGOLO,Njombe,Njombe,Dispensary,-9.574168,34.442728,1441,Very Low
111680-5,MARIA CONSOLATA,Njombe,Njombe,Maternity and Nursing Home,-9.355917,34.782733,2923,Low
124116-5,MELISSA,Njombe,Njombe,Health Laboratory,-9.35903,34.78218,3485,Low
113689-4,NJOMBE,Njombe,Njombe,Hospital,-9.341751,34.704807,2303,Low
108198-3,UTALINGOLO,Njombe,Njombe,Dispensary,-9.440913,34.728406,3797,Low
111594-8,ARCS,Njombe,Njombe,Health Center,-9.35286,34.78817,4318,Moderate
108208-0,UTENGULE,Njombe,Njombe,Dispensary,-9.552747,34.951004,2067,Very Low
114731-3,LUPONDE GOVERNMENT,Njombe,Njombe,Health Center,-9.54508,34.70209,1887,Very Low
101556-9,IGOLA,Njombe,Njombe,Dispensary,-9.589503,34.807778,637,Very Low
104762-0,MGALA,Njombe,Njombe,Dispensary,-9.53587,35.24223,543,Very Low
108079-5,ST. ELIZABETH,Njombe,Njombe,Health Center,-9.59962,34.87434,2771,Low
105368-5,MPETO,Njombe,Njombe,Dispensary,-9.275607,34.805639,1503,Very Low
101803-5,ST. JOSEPH,Njombe,Njombe,Health Center,-9.59294,34.63068,2046,Very Low
103530-2,LIMAGE,Njombe,Njombe,Dispensary,-9.43608,34.87657,2197,Low
109486-1,Zengerendete,Njombe,Njombe,Dispensary,-9.35943,34.76002,9173,Very High
124201-5,JM,Njombe,Njombe,Health Laboratory,-9.30052,34.77627,2829,Low
120772-9,ST.GETRUDE JINO,Njombe,Njombe,Clinic,-9.34969,34.76941,3612,Low
102005-6,ITULIKE,Njombe,Njombe,Dispensary,-9.28991,34.71133,4248,Moderate
124117-3,JEREN,Njombe,Njombe,Health Laboratory,-9.54893,35.10874,4508,Moderate
112133-4,ST MARY'S WENDE,Njombe,Njombe,Dispensary,-9.34724,34.80304,829,Very Low
112135-9,KIBENA TEA,Njombe,Njombe,Dispensary,-9.211167,34.778849,890,Very Low
109434-1,LUSITU,Njombe,Njombe,Dispensary,-9.579987,34.74045,2820,Low
105736-3,MUUNGANO,Njombe,Njombe,Health Center,-9.54861,35.11577,395,Very Low
101449-7,Iboya,Njombe,Njombe,Dispensary,-9.43469,35.03831,2558,Low
101609-6,IHANGA,Njombe,Njombe,Health Center,-9.43151,35.14898,2653,Low
105560-7,MTILA,Njombe,Njombe,Dispensary,-9.551341,34.616616,3261,Low
123819-5,KIHESA,Njombe,Njombe,Dispensary,-9.33455,34.78511,2752,Low
111194-7,Peluanda,Njombe,Njombe,Dispensary,-9.31844,34.844076,2142,Low
106502-8,NJOMBE,Njombe,Njombe,Health Center,-9.337502,34.768421,1293,Very Low
114741-2,UTIGA,Njombe,Njombe,Dispensary,-9.39189,34.76794,1662,Very Low
107759-3,TANWAT,Njombe,Njombe,Hospital,-9.29339,34.77871,3199,Low
113056-6,MALABATA,Njombe,Njombe,Health Laboratory,-9.33354,34.76696,1326,Very Low
122854-3,NEW LIVINAS,Njombe,Njombe,Health Laboratory,-9.33615,34.76712,3571,Low
105030-1,MJIMWEMA,Njombe,Njombe,Dispensary,-9.376049,34.796057,1498,Very Low
113835-3,TORONTO,Njombe,Njombe,Dispensary,-9.66441,35.12046,1005,Very Low
101990-0,ITIPULA,Njombe,Njombe,Dispensary,-9.40872,35.20171,1529,Very Low
113836-1,IKISA,Njombe,Njombe,Dispensary,-9.45812,34.797110000000004,2330,Low
124121-5,MARIA IMAKULATA,Njombe,Njombe,Health Laboratory,-9.37156,34.79604,3664,Low
108383-1,YAKOBI,Njombe,Njombe,Dispensary,-9.417109,34.940776,2992,Low
103784-5,LWANGU,Njombe,Njombe,Dispensary,-9.505919,35.010988,3538,Low
107918-5,TUMAINI,Njombe,Njombe,Dispensary,-9.33189,34.76761,1586,Very Low
102037-9,IWUNGILO,Njombe,Njombe,Dispensary,-9.525149,34.863264,2097,Very Low
101495-0,IDUNDA,Njombe,Njombe,Dispensary,-9.344724,34.928551,3805,Low
109566-0,NGALANGA,Njombe,Njombe,Dispensary,-9.631113,34.92769,2261,Low
103970-0,MAGODA,Njombe,Njombe,Dispensary,-9.431958,34.776404,1715,Very Low
111595-5,MGAO,Njombe,Njombe,Health Center,-9.34713,34.4723,471,Very Low
101561-9,IGOMA,Njombe,Njombe,Dispensary,-9.482906,34.863756,2663,Low
113880-9,MATARAWE,Njombe,Njombe,Dispensary,-9.3081,34.77203,2013,Very Low
104474-2,MATOLA,Njombe,Njombe,Dispensary,-9.593596,34.583983,1864,Very Low
110294-6,LILOMBWI,Njombe,Njombe,Dispensary,-9.599361,35.176467,1166,Very Low
111673-0,NGELAMO,Njombe,Njombe,Dispensary,-9.60182,34.47577,1044,Very Low
103111-1,KISILO,Njombe,Njombe,Dispensary,-9.488721,34.649669,1852,Very Low
104586-3,MBEGA,Njombe,Njombe,Dispensary,-9.590823,34.547045,2528,Low
104909-7,MIKONGO,Njombe,Njombe,Dispensary,-9.618149,35.11982,1519,Very Low
105010-3,MIVA,Njombe,Njombe,Dispensary,-9.647022,34.790428,1722,Very Low
109640-3,Ramadhani,Njombe,Njombe,Dispensary,-9.330517,34.74547,8288,High
108362-5,WENDE,Njombe,Njombe,Dispensary,-9.344448,34.796345,958,Very Low
121474-1,ALTO,Njombe,Njombe,Health Laboratory,-9.33751,37.76852,1556,Very Low
111679-7,IDUCHU,Njombe,Njombe,Dispensary,-9.57809,34.78143,841,Very Low
108369-0,WIKICHI,Njombe,Njombe,Dispensary,-9.332547,34.694429,2482,Low
104084-9,MAKANJAULA,Njombe,Njombe,Dispensary,-9.544776,34.817448,826,Very Low
102678-0,KIFANYA,Njombe,Njombe,Dispensary,-9.54867,35.11578,622,Very Low
101568-4,Igominyi,Njombe,Njombe,Dispensary,-9.452406,34.882627,1301,Very Low
113064-0,AMANDA,Njombe,Njombe,Health Laboratory,-9.37339,34.80482,6246,High
112169-8,NOLE,Njombe,Njombe,Dispensary,-9.443424,34.66225,1670,Very Low
106501-0,NJOMBE TOWN,Njombe,Njombe,Hospital,-9.308679,34.772132,2466,Low
106618-2,NUNDU,Njombe,Njombe,Dispensary,-9.425011,34.827139,4982,Moderate
110295-3,BOIMANDA,Njombe,Njombe,Dispensary,-9.64211,34.718396,1864,Very Low
112939-4,PEMBEZONE OPTICAL EYE CARE -,Njombe,Njombe,Clinic,-9.33751,34.76842,1386,Very Low
103742-3,Luponde,Njombe,Njombe,Dispensary,-9.549512,34.693255,2650,Low
107331-1,SDA,Njombe,Njombe,Dispensary,-9.32975,34.76726,4392,Moderate
104136-7,MAKOWO,Njombe,Njombe,Health Center,-9.57598,34.48872,2606,Low
114737-0,IHANGA,Njombe,Njombe,Dispensary,-9.43434,35.16022,1753,Very Low
101496-8,IDUNDILANGA,Njombe,Njombe,Dispensary,-9.349798,34.769419,1269,Very Low
103193-9,KITULILA,Njombe,Njombe,Dispensary,-9.612991,34.640238,2017,Very Low
103640-9,LUGENGE,Njombe,Njombe,Dispensary,-9.03476,34.81524,2922,Low
123433-5,ULIWA,Njombe,Njombe,Dispensary,-9.52514,34.86426,500,Very Low
106503-6,NJOMLOLE,Njombe,Njombe,Dispensary,-9.521358,34.779826,2852,Low
100129-6,ST. RAPHAEL,Njombe,Njombe,Health Center,-9.34974,34.77148,3423,Low
115058-0,KISAMBALA,Rukwa,Nkasi,Dispensary,-7.56429,30.62124,2607,Low
102817-4,KILANGALA,Rukwa,Nkasi,Health Center,-7.81479,31.3626,11354,Very High
108215-5,Utinta,Rukwa,Nkasi,Dispensary,-7.13333,30.5167,2927,Low
114534-1,MILUNDIKWA JKT,Rukwa,Nkasi,Dispensary,-7.4127,31.214,3484,Low
112269-6,Paramawe,Rukwa,Nkasi,Dispensary,-7.2931,31.05306,16212,Very High
103800-9,Lyele,Rukwa,Nkasi,Dispensary,-7.38784,31.2871,5948,High
103576-5,Londokazi,Rukwa,Nkasi,Dispensary,-7.528524,31.221784,8175,High
107492-1,Sintali,Rukwa,Nkasi,Dispensary,-7.752951,31.431569,2943,Low
104954-3,Miombo,Rukwa,Nkasi,Dispensary,-7.471952,31.187352,5017,Moderate
101874-6,Isale,Rukwa,Nkasi,Dispensary,-7.632708,31.091892,22586,Very High
103004-8,Kipili,Rukwa,Nkasi,Dispensary,-7.44176,30.60615,3552,Low
105765-2,MVIMWA,Rukwa,Nkasi,Health Center,-7.80862,31.11993,17192,Very High
106610-9,Ntuchi,Rukwa,Nkasi,Dispensary,-7.715834,31.151901,12450,Very High
115049-9,MWAI,Rukwa,Nkasi,Dispensary,-7.34817,31.09509,5874,High
105353-7,Mpasa,Rukwa,Nkasi,Dispensary,-8.18694,30.95795,2754,Low
106107-6,Namansi,Rukwa,Nkasi,Dispensary,-7.622321,30.6607,2327,Low
106477-3,Ninde,Rukwa,Nkasi,Dispensary,-7.68893,30.72428,2429,Low
102812-5,Kilambo,Rukwa,Nkasi,Dispensary,-8.258518,30.995693,1663,Very Low
103255-6,Kizumbi,Rukwa,Nkasi,Dispensary,-7.906001,30.840048,9393,Very High
103245-7,Kizi,Rukwa,Nkasi,Dispensary,-7.195588,31.024294,12931,Very High
115165-3,NKOMANCHINDO,Rukwa,Nkasi,Dispensary,-7.55191,31.16111,2804,Low
114404-7,JUSTICE KORONGWE,Rukwa,Nkasi,Dispensary,-7.17144,30.54858,8272,High
112320-7,JULLY,Rukwa,Nkasi,Maternity and Nursing Home,-7.4965,31.03876,24764,Very High
106536-6,Nkomolo II,Rukwa,Nkasi,Dispensary,-7.779952,31.420911,2833,Low
103025-3,KIRANDO RUPP,Rukwa,Nkasi,Dispensary,-7.362903,30.625053,6818,High
100824-2,KING'OMBE,Rukwa,Nkasi,Health Center,-8.12176,31.05481,2525,Low
106109-2,NAMANYERE,Rukwa,Nkasi,Hospital,-7.50647,31.03943,11881,Very High
115054-9,MATALA,Rukwa,Nkasi,Dispensary,-7.35456,31.18544,5940,High
106597-8,Ntatumbila,Rukwa,Nkasi,Dispensary,-7.559959,31.162092,6443,High
104223-3,Mandakerenge,Rukwa,Nkasi,Dispensary,-7.40565,30.583278,2373,Low
102217-7,Kala,Rukwa,Nkasi,Dispensary,-8.13235,30.96761,1922,Very Low
115181-0,NCHENJE,Rukwa,Nkasi,Dispensary,-7.79011,31.22355,4822,Moderate
102522-0,Kazovu,Rukwa,Nkasi,Dispensary,-7.247511,30.554301,4245,Moderate
105423-8,Msamba,Rukwa,Nkasi,Dispensary,-7.81635,30.779775,446,Very Low
114507-7,Nkasi Council,Rukwa,Nkasi,Hospital,-7.52268,31.04394,13641,Very High
105184-6,Mlambo,Rukwa,Nkasi,Dispensary,-8.23496,31.07289,2481,Low
105089-7,Mkole,Rukwa,Nkasi,Dispensary,-7.38773,31.05096,10121,Very High
106108-4,Namanyere,Rukwa,Nkasi,Dispensary,-7.519297,31.045941,9328,Very High
106040-9,Myula,Rukwa,Nkasi,Dispensary,-7.843475,31.302938,10782,Very High
101987-6,ITINDI,Rukwa,Nkasi,Dispensary,-7.19301,31.16431,4402,Moderate
106024-3,Mwinza,Rukwa,Nkasi,Dispensary,-7.989314,30.886583,2806,Low
105553-2,Mtenga,Rukwa,Nkasi,Dispensary,-7.371888,31.113157,7326,High
115171-1,KANTAWA,Rukwa,Nkasi,Dispensary,-7.75048,31.35773,4945,Moderate
108309-6,Wampembe,Rukwa,Nkasi,Health Center,-7.8,30.783333,872,Very Low
124367-4,KASAPA,Rukwa,Nkasi,Dispensary,-7.95754,31.31184,5128,Moderate
115052-3,MASHETE,Rukwa,Nkasi,Dispensary,-7.4133,31.13491,9504,Very High
104937-8,Milundikwa,Rukwa,Nkasi,Dispensary,-7.69807,31.35225,4834,Moderate
115055-6,TAMBARUKA,Rukwa,Nkasi,Dispensary,-7.29521,31.18572,8284,High
105464-2,Msilihofu,Rukwa,Nkasi,Dispensary,-7.636107,31.15213,6721,High
106512-7,Nkana,Rukwa,Nkasi,Dispensary,-7.957468,31.317241,8334,High
105073-1,Mkinga,Rukwa,Nkasi,Dispensary,-7.488886,30.593695,3605,Low
100881-2,Chonga,Rukwa,Nkasi,Dispensary,-7.77943,31.26994,5227,Moderate
115057-2,KATONGOLO,Rukwa,Nkasi,Dispensary,-7.43002,30.64936,18291,Very High
103320-8,Korongwe,Rukwa,Nkasi,Dispensary,-7.159808,30.539316,8336,High
102448-8,KASU,Rukwa,Nkasi,Health Center,-7.65316,31.33374,9750,Very High
102463-7,Katani,Rukwa,Nkasi,Dispensary,-7.70237,31.2866,7083,High
100700-4,Chala,Rukwa,Nkasi,Dispensary,-7.59624,31.2682,11174,Very High
106535-8,Nkomolo,Rukwa,Nkasi,Health Center,-7.50195,31.03632,15803,Very High
102054-4,Izinga,Rukwa,Nkasi,Dispensary,-8.028149,30.908202,2127,Very Low
100701-2,CHALA,Rukwa,Nkasi,Health Center,-7.59228,31.27319,6302,High
112989-9,LAKE TANGANYIKA,Rukwa,Nkasi,Health Laboratory,-7.373677,30.625443,10939,Very High
102149-2,Kabwe,Rukwa,Nkasi,Dispensary,-7.0466,30.5533,18796,Very High
106546-5,Nkundi,Rukwa,Nkasi,Dispensary,-7.852951,31.432669,7574,High
102218-5,KALA,Rukwa,Nkasi,Health Center,-8.13727,30.97017,500,Very Low
102469-4,KATE VA,Rukwa,Nkasi,Dispensary,-7.860027,31.175091,5233,Moderate
103024-6,Kirando,Rukwa,Nkasi,Health Center,-7.370855,30.626236,6835,High
102468-6,KATE,Rukwa,Nkasi,Health Center,-7.85349,31.17794,5356,Moderate
115182-8,NTALAMILA,Rukwa,Nkasi,Dispensary,-7.51161,31.14362,6728,High
108155-3,URWILA,Katavi,Mlele,Dispensary,-6.43854,31.34528,2881,Low
102265-6,KALUNGU,Katavi,Mlele,Dispensary,-6.18307,31.19062,7551,High
121485-7,KATISUNGA,Katavi,Mlele,Dispensary,-6.47248,31.09491,2599,Low
115035-8,NDURUMO,Katavi,Mlele,Dispensary,-6.27625,31.20966,19776,Very High
110875-2,ITENKA,Katavi,Mlele,Health Center,-6.49908,30.99402,21193,Very High
107570-4,ST. BENEDICT,Katavi,Mlele,Health Center,-6.4535,31.36068,6281,High
123157-0,MATANDALANI,Katavi,Mlele,Dispensary,-6.55034,31.11303,5481,Moderate
102357-1,KAPANDA,Katavi,Mlele,Dispensary,-6.48943,31.07813,3457,Low
115033-3,IKONDAMOYO,Katavi,Mlele,Dispensary,-6.3961,31.31298,4101,Moderate
102291-2,KAMINULA,Katavi,Mlele,Dispensary,-6.15346,31.16321,3837,Low
107503-5,SITALIKE,Katavi,Mlele,Dispensary,-6.61836,31.14241,6700,High
114834-5,NSIMBO,Katavi,Mlele,Hospital,-6.36573,31.18281,3736,Low
102337-3,KANOGE,Katavi,Mlele,Health Center,-6.16843,31.1212,6253,High
105529-2,MTAMBO,Katavi,Mlele,Dispensary,-6.34047,31.3754,9341,Very High
110210-2,IBINDI,Katavi,Mlele,Dispensary,-6.52424,31.0814,7779,High
102489-2,KATUMBA,Katavi,Mlele,Health Center,-6.19233,31.14245,4831,Moderate
101660-9,IKOLONGO,Katavi,Mlele,Dispensary,-6.26115,31.1726,3475,Low
110105-4,NSIMBO,Katavi,Mlele,Dispensary,-6.38021,31.18864,4635,Moderate
109202-2,KAMBUZI,Katavi,Mlele,Dispensary,-6.05102,31.09518,21346,Very High
115029-1,KANOGE 1,Katavi,Mlele,Dispensary,-6.42397,31.23509,5739,Moderate
110262-3,MTISI,Katavi,Mlele,Health Center,-6.47051,31.1189,3653,Low
115032-5,KABUGA,Katavi,Mlele,Dispensary,-6.120596,31.097689,3302,Low
108020-9,UGALLA,Katavi,Mlele,Dispensary,-5.78668,31.16353,22837,Very High
110258-1,MTAPENDA,Katavi,Mlele,Dispensary,-6.33367,31.17137,6373,High
115031-7,KAPALALA,Katavi,Mlele,Dispensary,-6.41494,31.16124,4437,Moderate
102147-6,KABURONGE,Katavi,Mlele,Dispensary,-6.13147,31.119,2965,Low
123990-4,ITENKA B,Katavi,Mlele,Dispensary,-6.42801,30.98925,8945,High
106867-5,NZAGA,Katavi,Mlele,Dispensary,-6.35989,31.3235,7154,High
110100-5,MSAGINYA,Katavi,Mlele,Dispensary,-6.36809,31.24683,12816,Very High
105902-1,Mwananchi Trust,Mwanza,Nyamagana,Hospital,-2.519731,32.9004,504,Very Low
123757-7,NYANZA,Mwanza,Nyamagana,Hospital,-2.52453,32.91408,2887,Low
113367-7,KAMO,Mwanza,Nyamagana,Health Laboratory,-2.5490127,32.9655702,4595,Moderate
101423-2,HURUMA,Mwanza,Nyamagana,Dispensary,-2.52911,32.90924,2442,Low
124409-4,EL,Mwanza,Nyamagana,Health Laboratory,-2.60921,32.90357,5082,Moderate
124333-6,AFYA HEALTHCARE,Mwanza,Nyamagana,Health Laboratory,-2.53704,32.90763,5915,High
107243-8,SALAAMAN,Mwanza,Nyamagana,Health Center,-2.51961,32.90771,116,Very Low
108889-7,UNHEALTH,Mwanza,Nyamagana,Clinic,-2.520986,32.90994,2573,Low
113355-2,TWAKE,Mwanza,Nyamagana,Health Laboratory,-2.544645,32.9826367,394,Very Low
113315-6,QUALITY,Mwanza,Nyamagana,Health Laboratory,-2.518543,32.904289,358,Very Low
114818-8,MKUYUNI,Mwanza,Nyamagana,Dispensary,-2.55789,32.91497,15209,Very High
100062-9,MAKONGORO,Mwanza,Nyamagana,Health Center,-2.50528,32.90121,267,Very Low
113369-3,BESA,Mwanza,Nyamagana,Health Laboratory,-2.55955,32.91413,737,Very Low
100111-4,AMANI,Mwanza,Nyamagana,Dispensary,-2.54768,32.97922,7024,High
106688-5,NYAMAGANA,Mwanza,Nyamagana,Hospital,-2.56374,32.91333,5316,Moderate
121989-8,MB,Mwanza,Nyamagana,Health Laboratory,-2.51822,32.90371,147,Very Low
123182-8,JAFFERIES,Mwanza,Nyamagana,Clinic,-2.51796,32.90164,327,Very Low
121212-5,MBIJIWE,Mwanza,Nyamagana,Clinic,-2.5117517,32.8955349,21,Very Low
124161-1,PATRICE GLOBAL MISSION (PGM),Mwanza,Nyamagana,Health Laboratory,-2.62929,32.93836,15986,Very High
113771-0,MHANDU,Mwanza,Nyamagana,Dispensary,-2.55336,32.96305,16493,Very High
106823-8,NYASHANA JWTZ,Mwanza,Nyamagana,Clinic,-2.51674,32.92131,2517,Low
113344-6,MKOLANI,Mwanza,Nyamagana,Health Laboratory,-2.602409,32.931971,1297,Very Low
106835-2,NYEGEZI,Mwanza,Nyamagana,Dispensary,-2.59804,32.89635,2846,Low
120389-2,TNJ HEALTH CARE,Mwanza,Nyamagana,Dispensary,-2.62769,32.94244,2404,Low
113342-0,MALIMBE COMMUNITY BASED,Mwanza,Nyamagana,Health Laboratory,-2.59911,32.89624,3316,Low
124316-1,LUBEJA,Mwanza,Nyamagana,Health Laboratory,-2.63654,32.92558,20097,Very High
102870-3,KILOMBERO,Mwanza,Nyamagana,Health Center,-2.520138,32.906667,400,Very Low
122317-1,SAUT,Mwanza,Nyamagana,Dispensary,-2.59399,32.90386,607,Very Low
100448-0,BUGARIKA,Mwanza,Nyamagana,Dispensary,-2.53533,32.91783,4788,Moderate
105950-0,MWANZA WOMEN'S,Mwanza,Nyamagana,Hospital,-2.51879,32.90748,905,Very Low
107230-5,SAHWA,Mwanza,Nyamagana,Dispensary,-2.60254,32.97145,9375,Very High
121107-7,N.H.L,Mwanza,Nyamagana,Health Laboratory,-2.57229,32.98965,3167,Low
113386-7,MANJI'S,Mwanza,Nyamagana,Health Laboratory,-2.518038,32.901261,117,Very Low
122931-9,M-VISION,Mwanza,Nyamagana,Clinic,-2.52575,32.89333,942,Very Low
106457-5,NG'WALIDA,Mwanza,Nyamagana,Clinic,-2.51888,32.90683,120,Very Low
122660-4,TUSHABE,Mwanza,Nyamagana,Health Laboratory,-2.52104,32.90994,983,Very Low
124004-3,REMAKI HEALTHCARE,Mwanza,Nyamagana,Dispensary,-2.62765,32.94458,604,Very Low
120387-6,VOH MEDICAL CLINIC,Mwanza,Nyamagana,Clinic,-2.58406,32.92074,7789,High
113382-6,R.M,Mwanza,Nyamagana,Health Laboratory,-2.55532,32.95145,5312,Moderate
114686-9,ST.Clare,Mwanza,Nyamagana,Hospital,-2.51659,32.8996,176,Very Low
110956-0,PRINMAT MUSE,Mwanza,Nyamagana,Maternity and Nursing Home,-2.554986,32.953449,9414,Very High
101160-0,FUMAGILA,Mwanza,Nyamagana,Health Center,-2.59478,33.00474,15630,Very High
121415-4,ECCO,Mwanza,Nyamagana,Health Laboratory,-2.6258876,32.9481684,1398,Very Low
120566-5,ROCKCITY,Mwanza,Nyamagana,Clinic,-2.518315,32.903556,223,Very Low
106836-0,SAUT,Mwanza,Nyamagana,Dispensary,-2.59473,32.903056,1043,Very Low
112815-6,BADOSELE MEDICAL,Mwanza,Nyamagana,Dispensary,-2.54364,32.95646,902,Very Low
122746-1,MAYALA,Mwanza,Nyamagana,Health Laboratory,-2.57723,32.98091,16785,Very High
122641-4,HIMAS,Mwanza,Nyamagana,Health Laboratory,-2.541894,32.953405,2314,Low
110958-6,PRINMAT NANA,Mwanza,Nyamagana,Maternity Home,-2.545433,32.979045,2362,Low
124439-1,ARCANE,Mwanza,Nyamagana,Health Laboratory,-2.50609,32.90354,2281,Low
122095-3,UZIMA KWANZA,Mwanza,Nyamagana,Health Laboratory,-2.6253924,32.947112,343,Very Low
122637-2,ESPG  LABORATORY,Mwanza,Nyamagana,Health Laboratory,-2.602212,32.968486,11953,Very High
121127-5,CMJ,Mwanza,Nyamagana,Health Laboratory,-2.58895,32.91199,3922,Moderate
122323-9,BUGANDO,Mwanza,Nyamagana,Clinic,-2.508325,32.900532,1404,Very Low
112795-0,STAR,Mwanza,Nyamagana,Clinic,-2.5438517004753,32.95423025476,1400,Very Low
114562-2,RAINBOW,Mwanza,Nyamagana,Clinic,-2.52877,32.92239,6344,High
114642-2,TIBHOKI,Mwanza,Nyamagana,Maternity and Nursing Home,-2.52412507762063,32.8939370136407,1149,Very Low
121198-6,ST. J. BAKHITA HEALTH CARE,Mwanza,Nyamagana,Clinic,-2.5410803,32.9212477,10530,Very High
109541-3,KAMANGA,Mwanza,Nyamagana,Hospital,-2.59272,32.92379,6821,High
100481-1,BUHONGWA,Mwanza,Nyamagana,Dispensary,-2.62592,32.9464,457,Very Low
121642-3,Upendo Medical,Mwanza,Nyamagana,Health Laboratory,-2.502505,32.9118667,4147,Moderate
113398-2,F.A,Mwanza,Nyamagana,Health Laboratory,-2.5432722,32.9583798,2334,Low
124159-5,G&G MEDICAL,Mwanza,Nyamagana,Health Laboratory,-2.60856,32.90521,11665,Very High
101372-1,HINDU UNION MWANZA,Mwanza,Nyamagana,Hospital,-2.53306,32.90892,2385,Low
112943-6,FAMILY EYE CARE - AAR MWANZA BRANCH,Mwanza,Nyamagana,Clinic,-6.83276,37.65842,1175,Very Low
124410-2,TAITAA,Mwanza,Nyamagana,Health Laboratory,-2.33371,32.54512,21,Very Low
113364-4,MACHO'S,Mwanza,Nyamagana,Health Laboratory,-2.57266,32.99219,4939,Moderate
113349-5,TAYMA,Mwanza,Nyamagana,Health Laboratory,-2.62678,32.94364,1390,Very Low
113323-0,JAFOR,Mwanza,Nyamagana,Health Laboratory,-2.589884,32.922749,7360,High
100686-5,CFK,Mwanza,Nyamagana,Clinic,-2.52398,32.89438,1599,Very Low
112805-7,MAZOEZI TIBA MWANZA,Mwanza,Nyamagana,Physiotherapy Clinic,-2.52349,32.905764,2014,Very Low
100621-2,BUTIMBA T.T.C,Mwanza,Nyamagana,Clinic,-2.56391,32.89392,1025,Very Low
120785-1,ISAMILO,Mwanza,Nyamagana,Clinic,-2.514079,32.907901,6096,High
121106-9,BENEDICTO,Mwanza,Nyamagana,Health Laboratory,-2.54479,32.97945,381,Very Low
106588-7,NSUMBA,Mwanza,Nyamagana,Clinic,-2.59162,32.90102,3832,Low
122935-0,FLORA   PEDIATRIC,Mwanza,Nyamagana,Clinic,-2.52686,32.89234,2777,Low
101562-7,IGOMA,Mwanza,Nyamagana,Health Center,-2.543911,32.983114,9042,Very High
123536-5,SHALOM MEDICAL,Mwanza,Nyamagana,Health Laboratory,-2.58043,32.91896,9504,Very High
120622-6,MWANZA LENPRINMAT,Mwanza,Nyamagana,Maternity and Nursing Home,-2.60932,32.88681,1191,Very Low
112129-2,MISIGARO,Mwanza,Nyamagana,Dispensary,-2.631836,32.943979,7818,High
108192-6,USIMAU,Mwanza,Nyamagana,Dispensary,-2.52621,32.91576,1941,Very Low
123629-8,BEST VISION EYE CARE,Mwanza,Nyamagana,Clinic,-2.521267,32.907331,234,Very Low
113341-2,SHAMA,Mwanza,Nyamagana,Health Laboratory,-2.6050404,32.9313623,22601,Very High
113361-0,SHALOM,Mwanza,Nyamagana,Health Laboratory,-2.54438,32.98244,536,Very Low
100020-7,512KJ,Mwanza,Nyamagana,Dispensary,-2.58227,32.91911,1193,Very Low
123751-0,JR,Mwanza,Nyamagana,Hospital,-2.52056,32.90874,235,Very Low
114608-3,BIOMED,Mwanza,Nyamagana,Health Laboratory,-2.59255,32.92365,2131,Very Low
120633-3,SAYARI,Mwanza,Nyamagana,Clinic,-2.520454,32.908576,126,Very Low
113324-8,FARAJA,Mwanza,Nyamagana,Health Laboratory,-2.56485,32.91044,3169,Low
114389-0,SANTOS,Mwanza,Nyamagana,Health Laboratory,-2.54775,32.98061,717,Very Low
101221-0,GISANI,Mwanza,Nyamagana,Health Center,-2.58223,32.91931,502,Very Low
113368-5,JC,Mwanza,Nyamagana,Health Laboratory,-2.62351,32.94551,3418,Low
105420-4,MAHINA MSAMARIA,Mwanza,Nyamagana,Health Center,-2.54529,32.95102,9238,Very High
106346-0,NGANZA,Mwanza,Nyamagana,Clinic,-2.59119,32.90785,2613,Low
121163-0,KALISA OPTICAL CENTRE,Mwanza,Nyamagana,Clinic,-2.51301,32.90007,309,Very Low
113371-9,HOPE MITI MIREFU,Mwanza,Nyamagana,Health Laboratory,-2.62294,32.94593,173,Very Low
112117-7,ISEBANDA,Mwanza,Nyamagana,Dispensary,-2.62375,32.99007,8426,High
120385-0,SENTOS,Mwanza,Nyamagana,Clinic,-2.5475256,32.9805648,407,Very Low
112116-9,BULALE,Mwanza,Nyamagana,Health Center,-2.51662,32.89965,243,Very Low
123752-8,DR. AGARWALS,Mwanza,Nyamagana,Clinic,-2.53579,32.90318,1325,Very Low
121128-3,MISSION,Mwanza,Nyamagana,Health Laboratory,-2.51972,32.90759,72,Very Low
124420-1,NASAH,Mwanza,Nyamagana,Health Laboratory,-2.59662,32.94838,18235,Very High
113374-3,TAG BMCC,Mwanza,Nyamagana,Health Laboratory,-2.59749343019298,32.8973116972953,1559,Very Low
124147-0,SHAMALIWA,Mwanza,Nyamagana,Dispensary,-2.55231,32.98747,5309,Moderate
103816-5,MABATINI POLICE,Mwanza,Nyamagana,Dispensary,-2.52433,32.91652,825,Very Low
104128-4,MAKONGORO,Mwanza,Nyamagana,Health Center,-2.505435,32.901078,471,Very Low
100052-0,H.H AGAKHAN,Mwanza,Nyamagana,Hospital,-2.522278,32.906646,291,Very Low
121692-8,ST.CAMILLUS WELL POINT,Mwanza,Nyamagana,Health Laboratory,-2.59841,32.8962,1665,Very Low
107073-9,MWANZA DENTAL UNIT,Mwanza,Nyamagana,Clinic,-2.513843,32.900027,238,Very Low
113330-5,ELLY'S,Mwanza,Nyamagana,Health Laboratory,-2.517946,32.906126,442,Very Low
100372-2,BIOHEALTH,Mwanza,Nyamagana,Clinic,-2.51848,32.90155,189,Very Low
101549-4,IGOGO,Mwanza,Nyamagana,Dispensary,-2.54044,32.91476,9207,Very High
122619-0,MV SALLIM,Mwanza,Nyamagana,Clinic,-2.538165,32.901752,634,Very Low
121269-5,BUKILIRO,Mwanza,Nyamagana,Dispensary,-2.545039,32.969998,9237,Very High
124037-3,IMANI HEALTH CARE,Mwanza,Nyamagana,Dispensary,-2.54668,32.98282,1142,Very Low
114095-3,DOCTORS COMMUNITY,Mwanza,Nyamagana,Clinic,-2.60114,32.93084,5083,Moderate
114819-6,ISAMILO,Mwanza,Nyamagana,Dispensary,-2.30441,32.54512,219,Very Low
114393-2,CK,Mwanza,Nyamagana,Health Laboratory,-2.56971,32.99055,1410,Very Low
112991-5,MY EYE VISON CARE,Mwanza,Nyamagana,Clinic,-2.5160431,32.9039304,616,Very Low
121630-8,ROCK CITY EYE CARE,Mwanza,Nyamagana,Clinic,-2.51481900255096,32.9052223889261,511,Very Low
113370-1,BMS,Mwanza,Nyamagana,Health Laboratory,-2.62575,32.94829,14955,Very High
113336-2,GEMSA,Mwanza,Nyamagana,Health Laboratory,-2.56189,32.91483,6142,High
123846-8,MSUKUMA,Mwanza,Nyamagana,Health Laboratory,-2.53219,32.91381,2049,Very Low
113774-4,KLM,Mwanza,Nyamagana,Dispensary,-2.54481,32.95714,3653,Low
121272-9,ST. SUSANA,Mwanza,Nyamagana,Dispensary,-2.576554,32.993331,13278,Very High
101250-9,GOOD SAMARITAN,Mwanza,Nyamagana,Clinic,-2.509202,32.905898,3481,Low
113309-9,BAHAMA,Mwanza,Nyamagana,Health Laboratory,-2.51405,32.8998,196,Very Low
121170-5,MILAN & MILLADA,Mwanza,Nyamagana,Clinic,-2.520527,32.908317,107,Very Low
113306-5,HOPE,Mwanza,Nyamagana,Health Laboratory,-2.6226117,32.946095,17356,Very High
124017-5,UZIMA KWANZA,Mwanza,Nyamagana,Health Laboratory,-2.62743,32.94661,2794,Low
121156-4,Nana,Mwanza,Nyamagana,Health Laboratory,-2.5395237,32.9608445,2602,Low
104023-7,MAHINA,Mwanza,Nyamagana,Dispensary,-2.55914,32.94575,16825,Very High
104647-3,MBUGANI,Mwanza,Nyamagana,Dispensary,-2.52256,32.91834,2738,Low
101424-0,HURUMIA WATOTO,Mwanza,Nyamagana,Hospital,-2.524793,32.918121,405,Very Low
123256-0,KERATO,Mwanza,Nyamagana,Health Laboratory,-2.53405,32.93161,10619,Very High
109474-7,Tambuka reli,Mwanza,Nyamagana,Dispensary,-2.56732,32.93412,23571,Very High
110957-8,HUDUMA,Mwanza,Nyamagana,Maternity Home,-2.567096,32.990247,7189,High
112131-8,WAMBELE,Mwanza,Nyamagana,Dispensary,-2.53248,32.912464,1394,Very Low
103273-9,KMT MKUYUNI,Mwanza,Nyamagana,Dispensary,-2.56007,32.9137,792,Very Low
110827-3,STAR MEDICARE,Mwanza,Nyamagana,Dispensary,-2.52544,32.91844,1702,Very Low
121359-4,Janseen,Mwanza,Nyamagana,Health Laboratory,-2.532731,32.9136532,1193,Very Low
100620-4,BUTIMBA PRISON,Mwanza,Nyamagana,Dispensary,-2.5700565,32.9044163,2966,Low
112807-3,ISP. ORTHOPAEDICS REHABILITATION SERVICES AND CONSULTANCY LIMITED,Mwanza,Nyamagana,Physiotherapy Clinic,-2.52248,32.90709,1023,Very Low
113392-5,TRINITY,Mwanza,Nyamagana,Health Laboratory,-2.60434,32.93215,2525,Low
121716-5,APEX,Mwanza,Nyamagana,Health Laboratory,-2.54439,32.97963,7528,High
113331-3,M.Z.D,Mwanza,Nyamagana,Health Laboratory,-2.59479,32.91227,9348,Very High
110825-7,BAYLOR,Mwanza,Nyamagana,Clinic,-2.52874,32.9054,3736,Low
113394-1,MUNISI,Mwanza,Nyamagana,Health Laboratory,-2.5514969,32.9647174,6143,High
105088-9,MKOLANI PUBLIC,Mwanza,Nyamagana,Health Center,-2.59685,32.93147,10823,Very High
100685-7,CF,Mwanza,Nyamagana,Hospital,-2.52122,32.89862,2614,Low
100438-1,BUGANDO MEDICAL CENTRE (BMC),Mwanza,Nyamagana,Hospital,-2.52789,32.90665,1212,Very Low
121702-5,Eyeris Vision Centre Limited,Mwanza,Nyamagana,Clinic,-2.5178415965863,32.900136919845004,407,Very Low
122656-2,SKY,Mwanza,Nyamagana,Health Laboratory,-2.54763,32.98936,7833,High
122284-3,MOAS NEW LIFE,Mwanza,Nyamagana,Hospital,-2.549247,32.985866,2290,Low
107354-3,SEKOU-TOURE,Mwanza,Nyamagana,Hospital,-2.5119,32.90465,903,Very Low
107388-1,SHADI,Mwanza,Nyamagana,Dispensary,-2.64069,32.8817,4957,Moderate
124317-9,THE CITIZEN,Mwanza,Nyamagana,Health Laboratory,-2.50484,32.92457,956,Very Low
120386-8,CHAELY CARE,Mwanza,Nyamagana,Clinic,-2.5674597,32.9908651,7549,High
113317-2,TROPICANA,Mwanza,Nyamagana,Health Laboratory,-2.62787,32.94364,464,Very Low
113335-4,TUMAINI,Mwanza,Nyamagana,Health Laboratory,-2.5259213,32.9163136,596,Very Low
108897-0,MKOLANI,Mwanza,Nyamagana,Health Center,-2.60182,32.93682,13154,Very High
100085-0,AL-IJUMAA,Mwanza,Nyamagana,Health Center,-2.520509,32.902825,1010,Very Low
107883-1,Tanzania Railway Company MARINE,Mwanza,Nyamagana,Dispensary,-2.53486,32.90114,415,Very Low
120934-5,ELLY'S,Mwanza,Nyamagana,Dispensary,-2.518174,32.906333,152,Very Low
124154-6,BIVO HEALTHCARE,Mwanza,Nyamagana,Dispensary,-2.61552,32.88247,7594,High
114683-6,TANZANITE,Mwanza,Nyamagana,Hospital,-2.57226,32.90912,4502,Moderate
101398-6,HUDUMA MASHULENI,Mwanza,Nyamagana,Dispensary,-2.5162,32.89939,496,Very Low
106657-0,NYAKAHOJA,Mwanza,Nyamagana,Clinic,-2.5127,32.902,672,Very Low
110951-1,HURUMA,Mwanza,Nyamagana,Maternity and Nursing Home,-2.555756,32.986507,16877,Very High
108146-2,URAFIKI,Mwanza,Nyamagana,Health Center,-2.548208,32.9823,2234,Low
113310-7,2001 GEM PLUS,Mwanza,Nyamagana,Health Laboratory,-2.56352,32.91265,567,Very Low
121057-4,ST.PETER CLAVERY,Mwanza,Nyamagana,Clinic,-2.584105,32.95521,15402,Very High
122355-1,KASUBUYA,Geita,Nyang'hwale,Dispensary,-3.18289,32.48942,9118,Very High
122354-4,BUKULU,Geita,Nyang'hwale,Dispensary,-3.18289,32.48942,9118,Very High
106852-7,NYIJUNDU,Geita,Nyang'hwale,Health Center,-3.09164,32.66298,12607,Very High
100607-1,BUSOLWA,Geita,Nyang'hwale,Dispensary,-2.99855,32.6282,9149,Very High
103804-1,LYULU,Geita,Nyang'hwale,Dispensary,-3.3908,32.67814,12116,Very High
113613-4,TWO WAYS,Geita,Nyang'hwale,Health Laboratory,-3.20237,32.65012,1944,Very Low
114504-4,NYANG'HWALE,Geita,Nyang'hwale,Hospital,-3.183703,32.663155,8688,High
122024-3,NYAKUSOTA,Geita,Nyang'hwale,Health Laboratory,-3.20472,32.65083,3273,Low
114941-8,NYAMTUKUZA,Geita,Nyang'hwale,Dispensary,-3.03175,32.7397,5595,Moderate
102209-4,KAKORA,Geita,Nyang'hwale,Dispensary,-3.089447,32.72158,11035,Very High
114669-5,SHIBALAGA,Geita,Nyang'hwale,Dispensary,-2.9618,32.576878,9989,Very High
114938-4,NYANG'HOLONGO,Geita,Nyang'hwale,Dispensary,-3.00377,32.60068,5301,Moderate
109564-5,KHARUMWA JUMUIYA YA WAZAZI,Geita,Nyang'hwale,Dispensary,-3.20168,32.6503,4881,Moderate
114934-3,MHAMA,Geita,Nyang'hwale,Dispensary,-2.976598,32.487061,8792,High
114936-8,NYAMAKALA,Geita,Nyang'hwale,Dispensary,-3.128452,32.607349,11793,Very High
114878-2,IKANGALA,Geita,Nyang'hwale,Dispensary,-6.45678,32.45636,863,Very Low
102515-4,KAYENZE,Geita,Nyang'hwale,Dispensary,-3.28394,32.60414,23091,Very High
114667-9,LUSHIMBA,Geita,Nyang'hwale,Dispensary,-3.197533,32.654764,2504,Low
112184-7,MWAMAKILIGA,Geita,Nyang'hwale,Dispensary,-3.24595,32.67492,9281,Very High
114937-6,NGHWASABUKA,Geita,Nyang'hwale,Dispensary,-3.190628,32.455555,11415,Very High
102551-9,KHARUMWA,Geita,Nyang'hwale,Health Center,-3.19991,32.6574,3866,Low
106023-5,MWINGIRO,Geita,Nyang'hwale,Dispensary,-3.13332,32.51484,21933,Very High
114939-2,MIMBILI,Geita,Nyang'hwale,Dispensary,-6.45673,38.21454,59,Very Low
102154-2,KAFITA,Geita,Nyang'hwale,Dispensary,-3.23541,32.58459,18265,Very High
106763-6,NYANGALAMILA,Geita,Nyang'hwale,Dispensary,-3.15015,32.74138,8195,High
103189-7,KITONGO,Geita,Nyang'hwale,Dispensary,-3.14714,32.71871,6222,High
122356-9,IYENZE,Geita,Nyang'hwale,Dispensary,-3.18289,32.48942,9118,Very High
107386-5,SHABAKA,Geita,Nyang'hwale,Dispensary,-2.99217,32.4527,8294,High
114653-9,NEW HOPE LEVEL 1A2.,Geita,Nyang'hwale,Health Laboratory,-3.204132,32.650162,3595,Low
100524-8,BUKWIMBA,Geita,Nyang'hwale,Dispensary,-3.199345,32.657698,3982,Moderate
114859-2,NUNDU,Geita,Nyang'hwale,Dispensary,-6.45678,38.21454,52,Very Low
106770-1,NYANG'HWALE,Geita,Nyang'hwale,Health Center,-3.06105,32.58195,9272,Very High
114942-6,IFUGANDI,Geita,Nyang'hwale,Dispensary,-3.03449,32.652847,8202,High
109618-9,NYARUBELE,Geita,Nyang'hwale,Dispensary,-3.11788,32.69814,5860,Moderate
109389-7,NYAMIKONZE,Geita,Nyang'hwale,Dispensary,-3.1993346,32.6576263,176,Very Low
123361-8,BUSOLWA KONA,Geita,Nyang'hwale,Dispensary,-3.00377,32.60068,5301,Moderate
120505-3,MB MEDICAL LAB,Geita,Nyang'hwale,Health Laboratory,-3.060915,32.581837,9013,High
106860-0,NYUGWA,Geita,Nyang'hwale,Dispensary,-3.218662,32.73852,13614,Very High
122420-3,SHIBUMBA,Geita,Nyang'hwale,Dispensary,-3.18289,32.48942,9118,Very High
104251-4,MANGO,Ruvuma,Nyasa,Dispensary,-10.36721,34.66611,3456,Low
106177-9,NANGOMBO,Ruvuma,Nyasa,Dispensary,-11.28897,34.85452,4685,Moderate
102945-3,KINGERIKITI,Ruvuma,Nyasa,Dispensary,-11.20246,34.96808,11878,Very High
104564-0,MBAMBABAY,Ruvuma,Nyasa,Health Center,-11.28985,34.80495,9044,Very High
104553-3,MBAHA,Ruvuma,Nyasa,Dispensary,-10.68598,34.66173,3016,Low
121143-2,GRACIUS,Ruvuma,Nyasa,Health Laboratory,-10.54775,34.62369,4145,Moderate
104155-7,MAKWAI,Ruvuma,Nyasa,Dispensary,-11.163671,34.725101,4878,Moderate
110395-1,KIHAGARA,Ruvuma,Nyasa,Health Center,-11.02653,34.64737,13579,Very High
105608-4,MTUPALE,Ruvuma,Nyasa,Dispensary,-11.50574,34.96152,1847,Very Low
113095-4,ADONAI,Ruvuma,Nyasa,Health Laboratory,-11.28934,34.80098,3615,Low
105068-1,MKILI,Ruvuma,Nyasa,Health Center,-10.88523,34.68186,4732,Moderate
113068-1,UPENDO,Ruvuma,Nyasa,Health Laboratory,-11.10099,34.64489,7226,High
103720-9,LUNDU,Ruvuma,Nyasa,Dispensary,-10.72021,34.66652,3069,Low
105043-4,MKALI,Ruvuma,Nyasa,Dispensary,-11.1324,34.68956,8573,High
103670-6,LUHINDO,Ruvuma,Nyasa,Dispensary,-11.37545,35.08172,6429,High
106385-8,NGINGAMA,Ruvuma,Nyasa,Dispensary,-10.51797,34.71597,2143,Low
107939-1,TUMBI,Ruvuma,Nyasa,Dispensary,-11.038141,34.62094,4195,Moderate
111852-0,LUMEME,Ruvuma,Nyasa,Dispensary,-11.26487,34.99664,12199,Very High
105001-2,MITOMONI,Ruvuma,Nyasa,Dispensary,-11.54768,35.43264,2825,Low
102854-7,KILINDINDA,Ruvuma,Nyasa,Dispensary,-11.23885,35.07746,10271,Very High
103555-9,LITUHI,Ruvuma,Nyasa,Hospital,-10.54246,34.61183,2371,Low
104653-1,MBULI,Ruvuma,Nyasa,Dispensary,-10.81415,34.68201,2239,Low
103560-9,ST. ANNES,Ruvuma,Nyasa,Hospital,-11.09796,34.6409,4052,Moderate
113793-4,NDONDO,Ruvuma,Nyasa,Dispensary,-11.3821,35.14619,5400,Moderate
121142-4,HOPE,Ruvuma,Nyasa,Health Laboratory,-11.32183,35.05633,3804,Low
111735-7,HINGA,Ruvuma,Nyasa,Dispensary,-10.76849,34.68636,2276,Low
107833-6,TINGI,Ruvuma,Nyasa,Health Center,-11.31487,35.05787,3521,Low
106407-0,NG'OMBO,Ruvuma,Nyasa,Dispensary,-11.46075,34.94213,5097,Moderate
122406-2,JANGWANI,Ruvuma,Nyasa,Dispensary,-11.17152,35.81636,2340,Low
100830-9,CHINULA,Ruvuma,Nyasa,Dispensary,-11.22564,34.76687,6364,High
111734-0,LIWETA,Ruvuma,Nyasa,Dispensary,-10.64013,34.64895,1818,Very Low
106278-5,NDUMBI,Ruvuma,Nyasa,Dispensary,-10.628601,34.637825,3394,Low
105361-0,MPEPO,Ruvuma,Nyasa,Dispensary,-11.44755,35.07859,7604,High
103666-4,LUHANGARASI,Ruvuma,Nyasa,Dispensary,-11.1424,34.984844,11383,Very High
103719-1,LUNDO,Ruvuma,Nyasa,Dispensary,-11.16363,34.73998,3872,Low
103725-8,LUNYERE,Ruvuma,Nyasa,Dispensary,-11.546661,35.060453,1516,Very Low
103556-7,LITUMBAKUHAMBA,Ruvuma,Nyasa,Dispensary,-10.46612,34.78074,2035,Very Low
100857-2,CHIULU,Ruvuma,Nyasa,Dispensary,-11.34461,34.86113,7606,High
103539-3,LIPARAMBA,Ruvuma,Nyasa,Health Center,-11.39942,35.22787,7080,High
103370-3,KWAMBE,Ruvuma,Nyasa,Dispensary,-11.38315,34.93793,9647,Very High
113726-4,NYASA,Ruvuma,Nyasa,Hospital,-11.29864,34.86522,6046,High
105935-1,MWANHALA,Tabora,Nzega,Dispensary,-4.36687,33.1545,8076,High
113198-6,HALELUYA,Tabora,Nzega,Health Laboratory,-4.77411,33.24119,4388,Moderate
105817-1,MWAGUGULI,Tabora,Nzega,Dispensary,-4.03281,33.0444,3240,Low
101964-5,ITANANA,Tabora,Nzega,Health Center,-4.17896,32.9006,7629,High
107413-7,SHIGAMBA,Tabora,Nzega,Dispensary,-4.202311,33.063021,9369,Very High
100433-2,BUDUSHI,Tabora,Nzega,Dispensary,-4.79388,33.33,15161,Very High
122967-3,MAGENGATI,Tabora,Nzega,Health Center,-4.76096,33.10416,8254,High
106244-7,NDEKELI,Tabora,Nzega,Dispensary,-4.65589,33.2823,9414,Very High
107940-9,TUMBI,Tabora,Nzega,Dispensary,-4.606814,33.300288,8908,High
104663-0,MBUTU,Tabora,Nzega,Dispensary,-4.397392,32.784323,15367,Very High
102214-4,KAKULUNGU,Tabora,Nzega,Dispensary,-4.78826,32.96541,10316,Very High
108040-7,UHEMELI,Tabora,Nzega,Dispensary,-4.788139,33.245797,4350,Moderate
113203-4,AFRANN,Tabora,Nzega,Health Laboratory,-4.03072,33.13375,8613,High
103452-9,LAKUYI,Tabora,Nzega,Dispensary,-4.14103,33.047327,5296,Moderate
104551-7,MBAGWA,Tabora,Nzega,Dispensary,-4.58443,33.16169,10873,Very High
101649-2,IKINDWA,Tabora,Nzega,Dispensary,-4.135222,32.883116,12425,Very High
103916-3,MAGENGATI,Tabora,Nzega,Dispensary,-4.81752,33.0549,5450,Moderate
105265-3,MOGWA,Tabora,Nzega,Dispensary,-4.22838,32.88512,10301,Very High
104176-3,MALILITA,Tabora,Nzega,Dispensary,-4.110024,33.323895,5579,Moderate
107460-8,SIGILI,Tabora,Nzega,Dispensary,-3.92933,32.9918,5572,Moderate
103015-4,KIPUGULU,Tabora,Nzega,Dispensary,-4.521239,33.359119,5437,Moderate
108023-3,UGEMBE,Tabora,Nzega,Dispensary,-4.595484,32.971706,15971,Very High
100609-7,BUSONDO,Tabora,Nzega,Health Center,-4.68082,33.17812,11927,Very High
105963-3,MWASALA,Tabora,Nzega,Dispensary,-3.98765,33.3202,10208,Very High
105853-6,MWAMALA,Tabora,Nzega,Dispensary,-4.08342,32.9542,11527,Very High
122966-5,ILAGAJA,Tabora,Nzega,Dispensary,-4.31561,33.13341,9907,Very High
106523-4,NKINIZIWA,Tabora,Nzega,Dispensary,-4.59042,33.161,5255,Moderate
104204-3,MAMBALI,Tabora,Nzega,Dispensary,-4.53858,32.6903,36316,Very High
105933-6,MWANGOYE,Tabora,Nzega,Dispensary,-4.057,33.0844,7764,High
122711-5,IBOJA,Tabora,Nzega,Dispensary,-3.92987,32.93759,5286,Moderate
102182-3,KAHAMA NHALANGA,Tabora,Nzega,Dispensary,-4.17478,32.7832,22712,Very High
101867-0,ISAGENHE,Tabora,Nzega,Dispensary,-4.34118,32.8949,13341,Very High
106541-6,NKUGE,Tabora,Nzega,Dispensary,-4.51484,33.01851,5852,Moderate
108357-5,WELLA,Tabora,Nzega,Dispensary,-4.157638,33.303728,4691,Moderate
100480-3,BUHONDO,Tabora,Nzega,Dispensary,-3.99812,32.94585,5845,Moderate
122961-6,GULYAMBI,Tabora,Nzega,Dispensary,-4.52751,33.10015,7384,High
101995-9,ITOBO,Tabora,Nzega,Health Center,-4.17209,33.0152,11822,Very High
102399-3,KASANGA,Tabora,Nzega,Dispensary,-4.41358,32.68431,9083,Very High
107415-2,SHILA,Tabora,Nzega,Dispensary,-4.24951,33.1034,13085,Very High
104926-1,MILAMBO ITOBO,Tabora,Nzega,Dispensary,-4.77786,32.8967,8561,High
106518-4,NKINDU,Tabora,Nzega,Dispensary,-4.465473,32.823521,25201,Very High
102411-6,KASELA,Tabora,Nzega,Dispensary,-4.0982,33.007,5801,Moderate
107360-0,SEMEMBELA,Tabora,Nzega,Dispensary,-4.32718,32.6662,10662,Very High
107993-8,UBINGA,Tabora,Nzega,Dispensary,-4.4511,33.3044,9308,Very High
107037-4,PUGE,Tabora,Nzega,Dispensary,-4.73412,33.17467,4783,Moderate
103006-3,KIPILIMKA,Tabora,Nzega,Dispensary,-4.430012,33.00727,8868,High
106211-6,NATA,Tabora,Nzega,Health Center,-4.03107,33.13346,6122,High
100484-5,BUHULYU,Tabora,Nzega,Dispensary,-4.43766,32.97881,6474,High
100500-8,BUKENE,Tabora,Nzega,Health Center,-4.22514,32.8868,9860,Very High
111202-8,ARAFA FURAHA,Tabora,Nzega,Dispensary,-4.77345,33.23407,6735,High
114443-5,MAMBALI,Tabora,Nzega,Health Laboratory,-4.53858,32.6903,36316,Very High
102256-5,KALOLENI,Tabora,Nzega,Dispensary,-4.800522,33.033178,7814,High
103822-3,MABISILO,Tabora,Nzega,Dispensary,-4.67886,33.22958,5533,Moderate
105874-2,NZEGA DISTRICT COUNCIL,Tabora,Nzega,Hospital,-4.44993,33.14416,11328,Very High
122712-3,KABALLE,Tabora,Nzega,Dispensary,-4.51484,32.93759,2354,Low
103674-8,LUHUMBO,Tabora,Nzega,Dispensary,-4.26012,33.18105,6443,High
104632-5,MBOOGA,Tabora,Nzega,Dispensary,-4.261707,32.55,13624,Very High
101596-5,IGUSULE,Tabora,Nzega,Dispensary,-3.94915,32.8572,16897,Very High
103759-7,LUSU,Tabora,Nzega,Health Center,-4.023021,33.21781,8915,High
102385-2,KARITU,Tabora,Nzega,Dispensary,-4.30573,32.9786,14539,Very High
114444-3,BUKENE,Tabora,Nzega,Health Laboratory,-4.22514,32.8868,9860,Very High
124064-7,UPAMBO,Tabora,Nzega,Dispensary,-4.33058,32.95239,5231,Moderate
106233-0,NDALA,Tabora,Nzega,Hospital,-4.77137,33.23866,4481,Moderate
101502-3,IFUMBA,Tabora,Nzega,Dispensary,-3.99586,33.24021,6140,High
105820-5,MWAISELA,Tabora,Nzega,Health Center,-4.21568,33.18901,2303,Low
113782-7,ROSEMYSTICA,Tabora,Nzega,Dispensary,-4.21619,33.18627,1685,Very Low
113207-5,MHEKELA,Tabora,Nzega,Health Laboratory,-4.2193,33.18,2148,Low
122255-3,Amani,Tabora,Nzega,Health Laboratory,-4.2212,33.1857,2284,Low
124075-3,IPILILI,Tabora,Nzega,Dispensary,-4.02297,33.01837,323,Very Low
113185-3,UPENDO,Tabora,Nzega,Health Laboratory,-4.2201,33.1841,1370,Very Low
120464-3,NZEGA HEALTH CARE,Tabora,Nzega,Clinic,-4.21854,33.18803,584,Very Low
114840-2,CIPHIAN,Tabora,Nzega,Health Center,-4.20761,33.1887,7752,High
120269-6,DR KIFUTUMO,Tabora,Nzega,Clinic,-4.21872,33.1859,602,Very Low
122137-3,BULUNDE,Tabora,Nzega,Health Laboratory,-4.2196,33.2073,7217,High
123841-9,TULASHASHE,Tabora,Nzega,Health Laboratory,-4.2316,33.2046,1578,Very Low
104422-1,DR MASSAM,Tabora,Nzega,Dispensary,-4.22002,33.1757,8862,High
107268-5,SAMORA,Tabora,Nzega,Dispensary,-4.22129,33.1951,3822,Low
120619-2,IDUDUMO,Tabora,Nzega,Dispensary,-4.20845001,33.3028001,96,Very Low
111298-6,EDEN,Tabora,Nzega,Health Center,-4.21808,33.20304,3975,Moderate
108423-5,ZOGOLO,Tabora,Nzega,Health Center,-4.0983,33.1506,12187,Very High
123281-8,UCHAMA,Tabora,Nzega,Health Laboratory,-4.18954,33.18255,9378,Very High
101631-0,IJANIJA,Tabora,Nzega,Dispensary,-4.20845,33.30281,4079,Moderate
123316-2,ITILO,Tabora,Nzega,Dispensary,-4.02716,33.01722,1673,Very Low
122590-3,KITENGWE,Tabora,Nzega,Health Center,-4.22207,33.18838,3157,Low
120624-2,SILIMUKA,Tabora,Nzega,Dispensary,-4.2511,33.2087,2846,Low
106869-1,NZEGA,Tabora,Nzega,Hospital,-4.21693,33.1785,5039,Moderate
113210-9,FAITH,Tabora,Nzega,Health Laboratory,-4.2276,33.204,2670,Low
114044-1,NHOBOLA,Tabora,Nzega,Dispensary,-4.12085001,33.257001,5136,Moderate
113199-4,NYASA,Tabora,Nzega,Health Laboratory,-4.2198,33.1979,3804,Low
114446-8,TUMAINI,Tabora,Nzega,Health Laboratory,-4.2195,33.1902,1539,Very Low
104623-4,MBOGWE,Tabora,Nzega,Dispensary,-4.1632001,33.2645001,5700,Moderate
123746-0,UTUKUFU,Tabora,Nzega,Clinic,-4.21561,33.18771,808,Very Low
122690-1,GEU,Tabora,Nzega,Health Laboratory,-4.2332365,33.2167712,4692,Moderate
123314-7,UCHAMA,Tabora,Nzega,Dispensary,-4.01712,33.01711,1936,Very Low
104885-9,MIGUWA,Tabora,Nzega,Dispensary,-4.20845,33.3028,3472,Low
108105-8,UNDOMO,Tabora,Nzega,Dispensary,-4.143073,33.214886,5720,Moderate
121867-6,Omishi,Tanga,Pangani,Health Laboratory,-5.63236,38.91436,1492,Very Low
100601-4,BUSHIRI,Tanga,Pangani,Dispensary,-5.35868,38.95141,3185,Low
109722-9,PRISON,Tanga,Pangani,Dispensary,-5.42718,38.97184,490,Very Low
107241-2,SAKURA ESTATE,Tanga,Pangani,Dispensary,-5.618142,38.88288,2056,Very Low
121868-4,Mishi,Tanga,Pangani,Health Laboratory,-5.56406,38.91001,977,Very Low
105013-7,ST MARY,Tanga,Pangani,Dispensary,-5.31145,38.90773,3879,Moderate
102730-9,KIGURUSIMBA,Tanga,Pangani,Dispensary,-5.3864,38.87151,2678,Low
103844-7,MADANGA,Tanga,Pangani,Dispensary,-5.35323,38.97492,3548,Low
105040-0,MKALAMO,Tanga,Pangani,Health Center,-5.80368,38.66722,3241,Low
102780-4,KIKOKWE,Tanga,Pangani,Dispensary,-5.441015,38.98147,2656,Low
102896-8,KIMANG'A,Tanga,Pangani,Dispensary,-5.36604,39.0169,2629,Low
122737-0,MUJE,Tanga,Pangani,Health Laboratory,-5.42538,38.975937,5728,Moderate
104370-2,MASAIKA,Tanga,Pangani,Dispensary,-5.27591,38.8491,2622,Low
111674-8,MBULIZAGA,Tanga,Pangani,Dispensary,-5.759905,38.70193,1998,Very Low
103360-4,KWAKIBUYU,Tanga,Pangani,Dispensary,-5.61368,38.8921,3200,Low
109322-8,KANDITA,Tanga,Pangani,Dispensary,-5.42484,38.97905,8575,High
107645-4,STAHABU,Tanga,Pangani,Dispensary,-5.56317,38.90891,1408,Very Low
107284-2,SANGE,Tanga,Pangani,Dispensary,-5.68635,38.87518,7365,High
120925-3,MTANGO,Tanga,Pangani,Dispensary,-6.9275621,35.68864,2287,Low
113226-5,WAZOLE,Tanga,Pangani,Health Laboratory,-5.42797,38.97155,1674,Very Low
106009-4,MWERA ESTATE,Tanga,Pangani,Dispensary,-5.49461,38.95021,4336,Moderate
120923-8,USHONGO,Tanga,Pangani,Dispensary,-5.54726,38.96738,1920,Very Low
103463-6,LANGONI,Tanga,Pangani,Dispensary,-5.48253,38.88741,1041,Very Low
100417-5,BOZA,Tanga,Pangani,Dispensary,-5.405136,38.988709,5787,Moderate
106967-3,PANGANI,Tanga,Pangani,Hospital,-5.42626,38.9715,3150,Low
104723-2,MEKA,Tanga,Pangani,Dispensary,-5.43291,38.8806,1534,Very Low
106008-6,MWERA,Tanga,Pangani,Health Center,-5.49671,38.94518,2245,Low
120924-6,MTONGA,Tanga,Pangani,Dispensary,-5.5686626,38.8725395,2393,Low
101454-7,IBUKONI,Kilimanjaro,Rombo,Dispensary,-3.19085,37.641145,2503,Low
104731-5,MENGWE CHINI,Kilimanjaro,Rombo,Dispensary,-3.274796,37.640981,2682,Low
102943-8,KINGACHI,Kilimanjaro,Rombo,Dispensary,-3.073508,37.62549,9086,Very High
107256-0,SAMARIA,Kilimanjaro,Rombo,Dispensary,-2.99467,37.56456,2872,Low
115008-5,NDUWENI,Kilimanjaro,Rombo,Dispensary,-3.01224,37.55796,3005,Low
107419-4,SHIMBI,Kilimanjaro,Rombo,Dispensary,-3.22188,37.60364,5491,Moderate
113986-4,ROMBO DC,Kilimanjaro,Rombo,Hospital,-3.11432,37.65244,8228,High
104732-3,MENGWE JUU,Kilimanjaro,Rombo,Dispensary,-3.25679,37.61118,4004,Moderate
103209-3,KIUNGU,Kilimanjaro,Rombo,Dispensary,-3.27201,37.611766,4239,Moderate
102777-0,KIKELELWA,Kilimanjaro,Rombo,Dispensary,-2.974045,37.537839,3526,Low
121205-9,MFURUWASHE,Kilimanjaro,Rombo,Dispensary,-3.24929,37.65269,5836,Moderate
113697-7,REHA RC,Kilimanjaro,Rombo,Dispensary,-3.03042,37.60847,6906,High
103043-6,KIRONGO CHINI,Kilimanjaro,Rombo,Dispensary,-3.095749,37.627054,6494,High
108137-1,UPENDO,Kilimanjaro,Rombo,Dispensary,-2.99814,37.5639,2222,Low
121923-7,Long life health care laboratory,Kilimanjaro,Rombo,Health Laboratory,-3.19168,37.61337,4985,Moderate
106183-7,NANJARA,Kilimanjaro,Rombo,Dispensary,-3.021487,37.562476,3700,Low
105401-4,MRAO,Kilimanjaro,Rombo,Dispensary,-3.16623,37.60274,6928,High
102538-6,KENI,Kilimanjaro,Rombo,Health Center,-3.2352,37.61027,3289,Low
104221-7,MANDA JUU,Kilimanjaro,Rombo,Dispensary,-3.24588,37.60297,3107,Low
121206-7,SHIMBI KATI,Kilimanjaro,Rombo,Dispensary,-3.21465,37.62025,6023,High
103022-0,KIRAENI RC,Kilimanjaro,Rombo,Dispensary,-3.16608,37.65416,8489,High
101675-7,IKUINI,Kilimanjaro,Rombo,Dispensary,-3.1815,37.650796,4839,Moderate
105155-6,MKUU ROMAN CATHOLIC,Kilimanjaro,Rombo,Dispensary,-3.2009,37.60197,4742,Moderate
115009-3,NGASENI,Kilimanjaro,Rombo,Dispensary,-3.05982,37.59281,6010,High
101376-2,HOLILI,Kilimanjaro,Rombo,Health Center,-3.36128,37.6351,5645,Moderate
102389-4,KARUME,Kilimanjaro,Rombo,Health Center,-3.08087,37.592184,4299,Moderate
103044-4,KIRONGO,Kilimanjaro,Rombo,Dispensary,-3.09432,37.59547,4821,Moderate
103056-8,KIRWA MASHATI,Kilimanjaro,Rombo,Health Center,-3.15615,37.59757,4821,Moderate
109677-5,MAGEREZA ROMBO,Kilimanjaro,Rombo,Dispensary,-3.1932,37.62805,4094,Moderate
104399-1,MASHATI GOVT,Kilimanjaro,Rombo,Dispensary,-3.14049,37.60187,5908,High
112279-5,KIKELELWA RC,Kilimanjaro,Rombo,Dispensary,-2.97838,37.54082,3304,Low
105323-0,MOYO SAFI WA MARIA,Kilimanjaro,Rombo,Health Center,-3.02332,37.56846,6928,High
107099-4,RONGAI,Kilimanjaro,Rombo,Dispensary,-2.932232,37.462056,1693,Very Low
102185-6,KAHE,Kilimanjaro,Rombo,Dispensary,-3.048642,37.615526,6911,High
105275-2,MOKALA,Kilimanjaro,Rombo,Dispensary,-3.20076,37.59471,6047,High
101377-0,HOLILI AMEC,Kilimanjaro,Rombo,Dispensary,-3.37817,37.63762,8098,High
102539-4,KENI PARISH,Kilimanjaro,Rombo,Dispensary,-3.23422,37.61969,6548,High
121101-0,BARAKA,Kilimanjaro,Rombo,Dispensary,-3.0915,37.58294,4848,Moderate
111632-6,MALOWA,Kilimanjaro,Rombo,Dispensary,-3.30979,37.64339,4719,Moderate
113993-0,MRAO KERYO,Kilimanjaro,Rombo,Dispensary,-3.16771,37.58123,3402,Low
103039-4,KIROKOMU,Kilimanjaro,Rombo,Dispensary,-3.20544,37.64692,8228,High
106424-5,NGOYONI,Kilimanjaro,Rombo,Hospital,-3.26488,37.64471,2562,Low
114000-3,COGI MAMSERA,Kilimanjaro,Rombo,Dispensary,-3.26477,37.60204,3039,Low
106905-3,OLELE,Kilimanjaro,Rombo,Dispensary,-3.123559,37.606701,11237,Very High
108174-4,USHIRI,Kilimanjaro,Rombo,Dispensary,-3.177372,37.590183,4763,Moderate
104400-7,MASHATI RC,Kilimanjaro,Rombo,Dispensary,-3.14249,37.60405,7187,High
107992-0,UBETU,Kilimanjaro,Rombo,Dispensary,-3.05331,37.571436,7733,High
107771-8,TARAKEA,Kilimanjaro,Rombo,Dispensary,-3.00297,37.56337,1970,Very Low
107770-0,TARAKEA,Kilimanjaro,Rombo,Health Center,-3.003267,37.564824,4674,Moderate
120596-2,MKUU,Kilimanjaro,Rombo,Health Center,-3.18817,37.61987,3580,Low
104032-8,MAHOROSHA,Kilimanjaro,Rombo,Dispensary,-3.13703,37.64985,10675,Very High
104021-1,MAHIDA,Kilimanjaro,Rombo,Dispensary,-3.2976,37.6033,5705,Moderate
101416-6,HURUMA,Kilimanjaro,Rombo,Hospital,-3.18831,37.61679,1674,Very Low
104730-7,MENGENI KITASHA,Kilimanjaro,Rombo,Dispensary,-3.23885,37.58871,3606,Low
100453-0,BUGIRE,Mara,Rorya,Dispensary,-1.19868,34.2605,8226,High
106689-3,NYAMAGARO,Mara,Rorya,Health Center,-1.24512,33.91251,14925,Very High
100005-8,BURERE,Mara,Rorya,Dispensary,-1.30831,33.964,7753,High
121391-7,MAKONGORO,Mara,Rorya,Dispensary,-1.44292,34.05192,6602,High
107317-0,SAYUNI,Mara,Rorya,Dispensary,-1.45228,34.1219,5582,Moderate
106939-2,OSIRI,Mara,Rorya,Dispensary,-1.13349,34.1597,6279,High
100323-5,BARAKI,Mara,Rorya,Dispensary,-1.38045,33.9261,9443,Very High
100625-3,BUTURI,Mara,Rorya,Dispensary,-1.41729,34.0104,11408,Very High
103278-8,KOGAJA,Mara,Rorya,Dispensary,-1.17056,34.29831,4509,Moderate
107142-2,RUHU,Mara,Rorya,Dispensary,-1.35438,33.8263,8925,High
104408-0,MASIKE,Mara,Rorya,Dispensary,-1.3108900000000001,34.0437,11299,Very High
107554-8,SOTA,Mara,Rorya,Clinic,-1.12298,33.9838,2239,Low
106647-1,NYAHONGO,Mara,Rorya,Dispensary,-1.21892,33.9879,7858,High
107238-8,SAKAWA,Mara,Rorya,Dispensary,-1.15855,34.1924,12925,Very High
106712-3,NYAMBORI,Mara,Rorya,Dispensary,-1.13498,34.1237,9797,Very High
101661-7,IKOMA,Mara,Rorya,Dispensary,-1.19741,34.3452,10166,Very High
100586-7,BUSANGA,Mara,Rorya,Dispensary,-1.24504,33.9613,5062,Moderate
109836-7,KITEMBE,Mara,Rorya,Dispensary,-1.36635,34.26526,6538,High
100736-8,CHANGUGE,Mara,Rorya,Health Center,-1.24379,34.2255,10921,Very High
121390-9,RABOUR,Mara,Rorya,Health Center,-1.46047,34.03062,2386,Low
106362-7,NGASARO,Mara,Rorya,Health Center,-1.16478,34.0401,7970,High
109786-4,RARANYA,Mara,Rorya,Dispensary,-1.20865,34.10023,13303,Very High
109697-3,KWIBUSE,Mara,Rorya,Dispensary,-1.50041,34.08862,4341,Moderate
102941-2,KINESI,Mara,Rorya,Health Center,-1.46476,33.8634,12731,Very High
121325-5,OLIYO,Mara,Rorya,Dispensary,-1.4688,34.03502,4052,Moderate
106416-1,NG'OPE,Mara,Rorya,Dispensary,-1.12122,34.21222,3186,Low
107428-5,SHIRATI KMT,Mara,Rorya,Hospital,-1.15371,34.0307,9052,Very High
106750-3,NYAMUSI,Mara,Rorya,Dispensary,-1.15792,34.2617,4245,Moderate
100772-3,CHERECHE,Mara,Rorya,Dispensary,-1.3784,34.1038,9570,Very High
106756-0,NYANCHABAKENYE,Mara,Rorya,Dispensary,-1.45746,34.1217,4917,Moderate
106801-4,NYAROMBO,Mara,Rorya,Health Center,-1.25655,34.007,7273,High
103321-6,KOWAK,Mara,Rorya,Hospital,-1.36197,34.1542,7564,High
109753-4,KOTHORA,Mara,Rorya,Dispensary,-1.16577,34.03699,7938,High
107054-9,RADIENYA,Mara,Rorya,Dispensary,-1.28883,34.00464,3930,Moderate
107060-6,RAO,Mara,Rorya,Hospital,-1.15809,34.0331,3754,Low
104420-5,ST. MARY'S' MASONGA,Mara,Rorya,Health Center,-1.10779,34.03887,6713,High
108201-5,UTEGI,Mara,Rorya,Health Center,-1.31848,34.22275,8690,High
121382-6,DETT,Mara,Rorya,Dispensary,-1.38131,34.13754,3456,Low
108497-9,SOTA,Mara,Rorya,Dispensary,-1.11815,33.99425,3661,Low
102633-5,KIBUYI,Mara,Rorya,Dispensary,-1.42431,33.8152,4394,Moderate
106974-9,PANYAKOO,Mara,Rorya,Dispensary,-1.14258,34.2233,5000,Moderate
100428-2,BUBOMBI,Mara,Rorya,Dispensary,-1.08231,34.07561,12047,Very High
106829-5,NYASORO,Mara,Rorya,Dispensary,-1.37366,34.2355,6791,High
100324-3,BARAKI,Mara,Rorya,Health Center,-1.36842,33.968,5177,Moderate
100442-3,BUGANJO,Mara,Rorya,Dispensary,-1.356855,34.302778000000004,7418,High
100380-5,BITIRYO,Mara,Rorya,Dispensary,-1.39548,33.88448,7000,High
106828-7,NYASOKO,Mara,Rorya,Dispensary,-1.38736,34.1841,4425,Moderate
106700-8,NYAMASANDA,Mara,Rorya,Dispensary,-1.18708,34.2854,5272,Moderate
107199-2,RWANG'ENYI,Mara,Rorya,Dispensary,-1.2093,33.94379,6220,High
107519-1,SOKOLABORO,Mara,Rorya,Dispensary,-1.26046,34.0897,12953,Very High
109686-6,MANG'ORE,Mara,Rorya,Dispensary,-1.31064,34.25212,4494,Moderate
101810-0,RORYA,Mara,Rorya,Hospital,-1.27824,34.15952,16125,Very High
106881-6,OCHUNA,Mara,Rorya,Dispensary,-1.41243,34.1502,3507,Low
112830-5,KIBUYI COMMUNITY,Mara,Rorya,Dispensary,-1.405491,33.78184,2340,Low
103345-5,KURUYA,Mara,Rorya,Dispensary,-1.49052,33.9909,10512,Very High
121003-8,ROCHE SHEDF-VLOP,Mara,Rorya,Dispensary,-1.086188,34.171157,7088,High
121383-4,MUHUNDWE,Mara,Rorya,Dispensary,-1.1215,34.21449,1845,Very Low
100892-9,CHUNYU,Lindi,Ruangwa,Dispensary,-9.96855,38.8944,1668,Very Low
112361-1,CHIKUNDI,Lindi,Ruangwa,Dispensary,-9.5429,39.04437,2043,Very Low
111730-8,NANDAGALA,Lindi,Ruangwa,Health Center,-10.24821,38.97975,6842,High
111733-2,NANDENJE,Lindi,Ruangwa,Dispensary,-10.07595,39.02666,1779,Very Low
110905-7,MIHEWE,Lindi,Ruangwa,Dispensary,-9.93656,38.86563,2137,Very Low
105581-3,MTONDO,Lindi,Ruangwa,Dispensary,-9.83846,39.07285,4370,Moderate
112962-6,MANJULUNGU,Lindi,Ruangwa,Health Laboratory,-10.06704,38.93022,18173,Very High
110908-1,NAMUNGO,Lindi,Ruangwa,Dispensary,-9.97865,39.02982,2585,Low
104185-4,MALOLO,Lindi,Ruangwa,Dispensary,-10.3386,39.0681,7757,High
107118-2,RUANGWA MJINI,Lindi,Ruangwa,Health Center,-10.072478,38.935904,4369,Moderate
105520-1,MTAKUJA,Lindi,Ruangwa,Dispensary,-10.349,39.1062,325,Very Low
123953-2,JUNIOR,Lindi,Ruangwa,Dispensary,-10.08411,38.93419,5088,Moderate
100828-3,CHINONGWE,Lindi,Ruangwa,Dispensary,-10.4759,38.9144,9569,Very High
104085-6,MAKANJIRO,Lindi,Ruangwa,Dispensary,-10.1195,38.868,3609,Low
112357-9,MBECHA,Lindi,Ruangwa,Dispensary,-10.41329,39.05353,3822,Low
106540-8,NKOWE,Lindi,Ruangwa,Health Center,-10.1791,38.9374,7809,High
114821-2,RUANGWA,Lindi,Ruangwa,Hospital,-10.09002,38.91934,1500,Very Low
112358-7,MKUTINGOME,Lindi,Ruangwa,Dispensary,-10.00764,38.99739,2154,Low
122424-5,MBUYUNI,Lindi,Ruangwa,Health Center,-9.89375,38.94623,3318,Low
106179-5,NANGURUGAI,Lindi,Ruangwa,Dispensary,-9.91808,38.75606,3722,Low
122385-8,NAMKATILA,Lindi,Ruangwa,Dispensary,-9.86548,38.88912,3751,Low
110906-5,MIBURE,Lindi,Ruangwa,Dispensary,-10.07138,38.93567,2273,Low
105233-1,MNACHO,Lindi,Ruangwa,Dispensary,-10.2545,39.0039,4732,Moderate
103558-3,LIUGURU,Lindi,Ruangwa,Dispensary,-10.0284,38.8892,5560,Moderate
106099-5,NAMAHEMA,Lindi,Ruangwa,Dispensary,-10.240914,38.955385,4044,Moderate
103616-9,LUCHELEGWA,Lindi,Ruangwa,Health Center,-10.40037,38.95533,3845,Low
100785-5,CHIENJERE,Lindi,Ruangwa,Dispensary,-10.267384,38.91672,10291,Very High
106184-5,NANJARU,Lindi,Ruangwa,Dispensary,-9.72063,39.1052,12896,Very High
106205-8,NARUNG'OMBE,Lindi,Ruangwa,Dispensary,-9.98251,38.84367,3279,Low
104445-2,MATAMBALALE,Lindi,Ruangwa,Dispensary,-9.902055,38.898012,1989,Very Low
100780-6,CHIBULA,Lindi,Ruangwa,Dispensary,-9.94818,39.06686,424,Very Low
103518-7,LIKUNJA,Lindi,Ruangwa,Dispensary,-10.163085,38.914153,4622,Moderate
106064-9,NACHINYIMBA,Lindi,Ruangwa,Dispensary,-10.0606,38.9988,2301,Low
104817-2,MICHENGA,Lindi,Ruangwa,Dispensary,-10.3326,38.9939,5636,Moderate
111728-2,NAMKONJELA,Lindi,Ruangwa,Dispensary,-9.86073,38.9763,3024,Low
112360-3,MUHURU,Lindi,Ruangwa,Dispensary,-9.89772,39.03635,3389,Low
103495-8,LICHWACHWA,Lindi,Ruangwa,Dispensary,-9.943717,39.08374,1694,Very Low
101832-4,IPINGO,Lindi,Ruangwa,Dispensary,-10.4075,39.0065,2997,Low
103523-7,LIKWACHU,Lindi,Ruangwa,Dispensary,-10.4742,38.9584,4714,Moderate
104226-6,MANDAWA,Lindi,Ruangwa,Health Center,-9.90628,39.1179,8839,High
106135-7,NAMIEGU,Lindi,Ruangwa,Dispensary,-10.1609,38.98854,2459,Low
106125-8,NAMBILANJE,Lindi,Ruangwa,Dispensary,-9.78015,39.026275,5253,Moderate
106134-0,NAMICHIGA,Lindi,Ruangwa,Dispensary,-9.91425,38.9944,6188,High
105562-3,MTIMBO,Lindi,Ruangwa,Dispensary,-10.197357,38.876578,3807,Low
123437-6,LIPANDE,Lindi,Ruangwa,Dispensary,-10.89214,38.91975,1929,Very Low
106172-0,NANGANGA,Lindi,Ruangwa,Dispensary,-10.39475,39.138183,6432,High
110907-3,NANDANGA,Lindi,Ruangwa,Dispensary,-10.45966,39.00915,1361,Very Low
110782-0,KITANDI,Lindi,Ruangwa,Dispensary,-10.11898,38.92144,3792,Low
106138-1,NAMIKULO,Lindi,Ruangwa,Dispensary,-9.96706,38.9144,2287,Low
122387-4,MBANGARA,Lindi,Ruangwa,Dispensary,-10.09977,38.84092,1924,Very Low
104588-9,MBEKENYERA,Lindi,Ruangwa,Health Center,-9.99117,38.9501,9509,Very High
106420-3,NGORONGO,Pwani,Rufiji,Dispensary,-7.87107,38.64835,4371,Moderate
106281-9,Ndundutawa,Pwani,Rufiji,Dispensary,-8.1885,39.2335,3796,Low
122377-5,MGOMBA,Pwani,Rufiji,Dispensary,-8.01124,38.80975,2757,Low
107784-1,TAWI,Pwani,Rufiji,Dispensary,-8.279814,38.857009,1410,Very Low
108219-7,UTUNGE,Pwani,Rufiji,Dispensary,-8.01218,38.85865,2048,Very Low
102839-8,KILIMANI,Pwani,Rufiji,Dispensary,-7.90846,38.6729,8693,High
107768-4,TAPIKA,Pwani,Rufiji,Dispensary,-8.29916,38.56995,409,Very Low
104667-1,MBAMBE,Pwani,Rufiji,Dispensary,-7.912759,38.86721,1560,Very Low
105266-1,Mohoro,Pwani,Rufiji,Health Center,-8.14486,39.17728,18944,Very High
102955-2,Kingupira,Pwani,Rufiji,Dispensary,-8.46404,38.553249,732,Very Low
103014-7,KIPUGIRA,Pwani,Rufiji,Dispensary,-7.85523,38.46714,1834,Very Low
106731-3,Nyaminywili,Pwani,Rufiji,Health Center,-7.84113,38.4249,3437,Low
111536-9,MICO,Pwani,Rufiji,Dispensary,-7.944059,38.981762,20936,Very High
122379-1,KIKONGONO,Pwani,Rufiji,Dispensary,-7.87023,38.96361,5255,Moderate
122376-7,NYANDAKATUNDU,Pwani,Rufiji,Dispensary,-8.11477,38.80976,237,Very Low
122378-3,MSONA,Pwani,Rufiji,Dispensary,-7.83698,38.34478,1942,Very Low
114727-1,MLOKA,Pwani,Rufiji,Health Center,-7.77654,38.25313,7312,High
108211-4,UTETE,Pwani,Rufiji,Hospital,-7.98977,38.7542,9127,Very High
113892-4,MBUNJUMVULENI,Pwani,Rufiji,Dispensary,-7.9306316,38.899494,2855,Low
111009-7,KIPO,Pwani,Rufiji,Dispensary,-7.86627,38.50869,2527,Low
102939-6,KINDWITWI,Pwani,Rufiji,Dispensary,-8.09556,38.9953,6346,High
122375-9,UMWEKATI,Pwani,Rufiji,Dispensary,-7.99178,38.75392,11164,Very High
106129-0,Nambunju,Pwani,Rufiji,Dispensary,-8.31794,38.9857,3686,Low
106351-0,Ngarambe,Pwani,Rufiji,Dispensary,-8.446342,38.611938,690,Very Low
111972-6,KITAPI,Pwani,Rufiji,Dispensary,-8.32863,39.050818,1740,Very Low
100148-6,ARAFA IKWIRIRI,Pwani,Rufiji,Dispensary,-7.954202,38.982116,18337,Very High
104678-8,MBWARA,Pwani,Rufiji,Dispensary,-8.240296,39.02194,2184,Low
105537-5,MTANZA,Pwani,Rufiji,Dispensary,-7.83537,38.3689,950,Very Low
103223-4,KIWANGA,Pwani,Rufiji,Dispensary,-8.22997,39.1943,5041,Moderate
106280-1,NDUNDUNYIKANZA,Pwani,Rufiji,Dispensary,-7.86653,38.5652,3563,Low
101701-1,IKWIRIRI,Pwani,Rufiji,Dispensary,-7.952712,38.978004,10662,Very High
100887-9,Chumbi,Pwani,Rufiji,Dispensary,-8.127826,39.103237,6096,High
123788-2,NYAMAKURUKURUU,Pwani,Rufiji,Dispensary,-7.96316,38.89994,2363,Low
105967-4,MWASENI,Pwani,Rufiji,Dispensary,-7.779993,38.267083,2759,Low
105102-8,MKONGO,Pwani,Rufiji,Dispensary,-7.886657,38.748805,5731,Moderate
107188-5,RUWE,Pwani,Rufiji,Dispensary,-7.9166,38.8203,2442,Low
101136-0,FARAJA,Pwani,Rufiji,Dispensary,-7.942465,38.976523,13891,Very High
106752-9,Nyamwage,Pwani,Rufiji,Dispensary,-8.128866,38.99616,4371,Moderate
107690-0,SWAYA,Mbeya,Rungwe,Dispensary,-9.06726,33.50359,6710,High
111482-6,KALEBELA,Mbeya,Rungwe,Dispensary,-9.34024,33.72955,2854,Low
124072-0,KYOSA,Mbeya,Rungwe,Dispensary,-9.22834,33.47448,2105,Very Low
114809-7,MPUGUSO,Mbeya,Rungwe,Health Center,-9.31588,33.66123,6940,High
106499-7,NJISI,Mbeya,Rungwe,Dispensary,-9.22868,33.64119,2605,Low
124336-9,USHIRIKA HEALTH  CENTRE,Mbeya,Rungwe,Health Laboratory,-9.33188,33.74612,2256,Low
104418-9,MASOKO,Mbeya,Rungwe,Dispensary,-9.33124,33.750682,2282,Low
112598-8,KUNYUMBA,Mbeya,Rungwe,Health Laboratory,-9.32175,33.65713,5374,Moderate
101929-8,ISONGOLE,Mbeya,Rungwe,Dispensary,-9.03528,33.6074,3020,Low
101752-4,ILOLO,Mbeya,Rungwe,Dispensary,-9.174296,33.58501,4921,Moderate
102627-7,KIBUMBE,Mbeya,Rungwe,Dispensary,-9.149265,33.54057,4290,Moderate
101705-2,ILALABWE,Mbeya,Rungwe,Dispensary,-9.230594,33.565254,2924,Low
102490-0,KATUMBA II,Mbeya,Rungwe,Dispensary,-9.226294,33.641747,590,Very Low
101438-0,IBILILO,Mbeya,Rungwe,Dispensary,-9.20464,33.51678,4061,Moderate
115247-9,LUKOMANO,Mbeya,Rungwe,Clinic,-9.25769,33.64513,6614,High
114028-4,NEW KIWIRA,Mbeya,Rungwe,Dispensary,-9.1727,33.53717,2652,Low
106363-5,NGASEKE,Mbeya,Rungwe,Dispensary,-9.03528,33.69835,523,Very Low
111300-0,KIPANDE,Mbeya,Rungwe,Dispensary,-9.09237,33.46817,3007,Low
101435-6,IBIGI,Mbeya,Rungwe,Maternity Home,-9.222335,33.640641,7258,High
111394-3,NZUNDA,Mbeya,Rungwe,Dispensary,-9.08558,33.55738,2564,Low
122302-3,KYIMO,Mbeya,Rungwe,Health Center,-9.21704,33.58648,6050,High
103232-5,KIWIRA GOV,Mbeya,Rungwe,Health Center,-9.17549,33.54129,6787,High
104428-8,MASUKULU,Mbeya,Rungwe,Health Center,-9.40515,33.74892,6253,High
111268-9,DAMI DENTOMED,Mbeya,Rungwe,Clinic,-9.25066,33.64196,6533,High
107163-8,RUNGWE MISSION,Mbeya,Rungwe,Dispensary,-9.167916,33.590839,2444,Low
101693-0,IKUTI,Mbeya,Rungwe,Health Center,-9.29796,33.53196,4400,Moderate
101946-2,ISYONJE,Mbeya,Rungwe,Dispensary,-9.00501,33.62849,2481,Low
122304-9,KAKINDU,Mbeya,Rungwe,Dispensary,-9.25161,33.50367,1525,Very Low
120693-7,SWAYA A,Mbeya,Rungwe,Dispensary,-9.07861,33.53124,3699,Low
107662-9,SUMA,Mbeya,Rungwe,Dispensary,-9.210577,33.711734,8650,High
103235-8,KIWIRA FOREST,Mbeya,Rungwe,Dispensary,-9.08037,33.70541,392,Very Low
122347-8,KINYALA,Mbeya,Rungwe,Health Center,-9.10476,33.48826,5246,Moderate
103738-1,LUPEPO,Mbeya,Rungwe,Dispensary,-9.22948,33.51829,2728,Low
103059-2,KISA,Mbeya,Rungwe,Health Center,-9.370722,33.627258,2686,Low
101952-0,ITAGATA,Mbeya,Rungwe,Dispensary,-9.23327,33.67103,3618,Low
112608-5,ZENA,Mbeya,Rungwe,Health Laboratory,-9.17042,33.53903,6693,High
103435-4,KYOBO,Mbeya,Rungwe,Dispensary,-9.27204,33.49128,4958,Moderate
122348-6,IPONJOLA,Mbeya,Rungwe,Health Center,-9.24576,33.55954,1892,Very Low
109300-4,ILUNDO,Mbeya,Rungwe,Dispensary,-9.16344,33.55803,5043,Moderate
103767-0,LUTETE,Mbeya,Rungwe,Dispensary,-9.402074,33.638697,2147,Low
101740-9,ILIMA,Mbeya,Rungwe,Dispensary,-9.43881,33.68456,1808,Very Low
107479-8,SIMIKE,Mbeya,Rungwe,Dispensary,-9.26038,33.59676,6074,High
114027-6,ISONGOLE,Mbeya,Rungwe,Health Center,-9.04228,33.6121,2416,Low
100489-4,BUJELA,Mbeya,Rungwe,Dispensary,-9.340129,33.691675,4383,Moderate
107897-1,TUKUYU,Mbeya,Rungwe,Hospital,-9.268476,33.640405,8940,High
111569-0,ITULA,Mbeya,Rungwe,Dispensary,-9.35831,33.65263,2622,Low
103434-7,KYIMO,Mbeya,Rungwe,Dispensary,-9.209293,33.594474,10897,Very High
111267-1,MAKETE,Mbeya,Rungwe,Dispensary,-9.380468,33.62498,2135,Very Low
122305-6,NDANTO,Mbeya,Rungwe,Health Center,-9.08553,33.55738,687,Very Low
103649-0,LUGOMBO,Mbeya,Rungwe,Dispensary,-9.26442,33.56284,3059,Low
115243-8,EBBY EBENEZER,Mbeya,Rungwe,Dispensary,-9.30116,33.53138,5109,Moderate
106439-3,NGUMBULU,Mbeya,Rungwe,Dispensary,-9.08048,33.70539,255,Very Low
101517-1,IGALAMU,Mbeya,Rungwe,Dispensary,-9.333849,33.607606,2892,Low
102364-7,KAPUGI,Mbeya,Rungwe,Dispensary,-9.317925,33.591683,7780,High
103624-3,LUFINGO,Mbeya,Rungwe,Dispensary,-9.25515,33.58501,2073,Very Low
102493-4,KATUMBA I,Mbeya,Rungwe,Dispensary,-9.23005,33.62703,5475,Moderate
101639-3,IKAMA KATUMBA,Mbeya,Rungwe,Dispensary,-9.21826,33.65673,2643,Low
102496-7,KATUNDULU,Mbeya,Rungwe,Dispensary,-9.37857,33.67226,1985,Very Low
105391-7,MPUGA,Mbeya,Rungwe,Dispensary,-9.35557,33.60596,3001,Low
104391-8,MASEBE,Mbeya,Rungwe,Dispensary,-9.33564,33.65573,4127,Moderate
124073-8,LUFUMBI,Mbeya,Rungwe,Dispensary,-9.26734,33.68851,6619,High
105385-9,MPOMBO,Mbeya,Rungwe,Dispensary,-9.20512,33.484,3161,Low
124074-6,MASOKO,Mbeya,Rungwe,Health Center,-9.29358,33.71284,2927,Low
122303-1,NKUNGA,Mbeya,Rungwe,Dispensary,-9.20814,33.54055,3699,Low
106227-2,NDAGA,Mbeya,Rungwe,Dispensary,-9.07011,33.57712,4434,Moderate
103961-9,MAGEREZA TUKUYU,Mbeya,Rungwe,Dispensary,-9.26292,33.6385,4082,Moderate
106254-6,NDITU,Mbeya,Rungwe,Dispensary,-9.20177,33.679061,2840,Low
103236-6,KIWIRA,Mbeya,Rungwe,Dispensary,-9.0809,33.56203,3399,Low
102635-0,KIBWE,Mbeya,Rungwe,Dispensary,-9.265573,33.541892,2929,Low
101552-8,IGOGWE MISSION,Mbeya,Rungwe,Hospital,-9.152247,33.522732,7621,High
124429-2,KABUJE QUALITY,Mbeya,Rungwe,Health Laboratory,-9.59116,33.94228,3869,Low
123010-1,ROCA HEALTH,Mbeya,Rungwe,Health Laboratory,-9.26019,33.64284,2654,Low
122349-4,ILENGE,Mbeya,Rungwe,Dispensary,-9.20814,33.54055,3699,Low
107898-9,TUKUYU LUTHERAN,Mbeya,Rungwe,Health Center,-9.25196,33.64284,2956,Low
101187-3,GAVAO,Kilimanjaro,Same,Dispensary,-4.20542,37.50418,2267,Low
105777-7,MVURE KONGEI,Kilimanjaro,Same,Dispensary,-4.487131,38.071847,3192,Low
111596-3,MINYALA,Kilimanjaro,Same,Dispensary,-4.414069,37.954221,1767,Very Low
102234-2,KALEMAWE,Kilimanjaro,Same,Dispensary,-4.435717,38.085697,1128,Very Low
108284-1,VUMARI,Kilimanjaro,Same,Dispensary,-4.02352,37.7355,3491,Low
101246-7,GONJA,Kilimanjaro,Same,Hospital,-4.25973,37.9912,8809,High
107183-6,RUVU,Kilimanjaro,Same,Dispensary,-4.18,37.56603,1964,Very Low
103820-7,GOOD SHEPHERD,Kilimanjaro,Same,Dispensary,-4.56886,37.95057,1514,Very Low
104631-7,MBONO,Kilimanjaro,Same,Dispensary,-3.946147,37.72623,4284,Moderate
107654-6,SUJI SDA,Kilimanjaro,Same,Dispensary,-4.36558,37.89507,1038,Very Low
104090-6,MAKANYA KITIVO,Kilimanjaro,Same,Dispensary,-4.43788,37.825487,1758,Very Low
100348-2,BENDERA,Kilimanjaro,Same,Dispensary,-4.59303,38.0581,1252,Very Low
106037-5,MAMBA MYAMBA,Kilimanjaro,Same,Health Center,-4.38652,38.01204,2653,Low
104376-9,MASANDARE,Kilimanjaro,Same,Dispensary,-4.103807,37.720018,3506,Low
105243-0,GRACE&JANE,Kilimanjaro,Same,Dispensary,-4.383083,38.061192,7168,High
100688-1,CHABARU,Kilimanjaro,Same,Dispensary,-4.18712,37.9486,3983,Moderate
107404-6,SHENGENA,Kilimanjaro,Same,Health Center,-4.26267,37.8965,5279,Moderate
105378-4,MPIRANI,Kilimanjaro,Same,Dispensary,-4.29088,38.0284,2482,Low
110836-4,SAMBENI,Kilimanjaro,Same,Dispensary,-4.37569,37.9015,972,Very Low
104091-4,MAKANYA,Kilimanjaro,Same,Dispensary,-4.35901,37.82223,9476,Very High
102369-6,KARAMBA,Kilimanjaro,Same,Dispensary,-4.478201,38.112974,589,Very Low
110322-5,MAGEREZA SAME,Kilimanjaro,Same,Dispensary,-4.074354,37.729523,8010,High
121828-8,MBAKWENI,Kilimanjaro,Same,Dispensary,-4.17933,37.93106,2225,Low
114322-1,MTII,Kilimanjaro,Same,Health Center,-4.29997,38.00465,5947,High
101342-4,HEDARU MSAMARIA,Kilimanjaro,Same,Dispensary,-4.50349,37.91086,5277,Moderate
114080-5,MWALA,Kilimanjaro,Same,Dispensary,-4.561711,38.000742,2158,Low
101340-8,HEDARU,Kilimanjaro,Same,Health Center,-4.50856,37.9111,5642,Moderate
121811-4,NJAGU,Kilimanjaro,Same,Dispensary,-4.47187,37.98539,3235,Low
102151-8,KADANDO,Kilimanjaro,Same,Dispensary,-4.2909,38.02837,3607,Low
121799-1,MABILIONI,Kilimanjaro,Same,Dispensary,-4.56163,37.93531,2125,Very Low
123770-0,SANTA CLARA,Kilimanjaro,Same,Dispensary,-4.08458,37.97431,653,Very Low
100879-6,CHOME,Kilimanjaro,Same,Dispensary,-4.28828,37.8993,5701,Moderate
100307-8,BANGALALA,Kilimanjaro,Same,Dispensary,-4.23113,37.8482,6375,High
108490-4,KIRANGARE,Kilimanjaro,Same,Dispensary,-4.27843,37.57753,978,Very Low
123333-7,KANKOKORO,Kilimanjaro,Same,Dispensary,-4.46977,38.07422,3978,Moderate
104089-8,MAKANYA,Kilimanjaro,Same,Health Center,-4.342199,37.729522,1720,Very Low
106264-5,NDOLWA,Kilimanjaro,Same,Dispensary,-4.2264,37.8923,5410,Moderate
103264-8,LUTHERAN,Kilimanjaro,Same,Dispensary,-4.0661,37.7361,6847,High
121839-5,MASHIKA FAMILY,Kilimanjaro,Same,Health Laboratory,-4.49861,37.90686,11167,Very High
121804-9,RUVU  -MUUNGANO,Kilimanjaro,Same,Health Center,-4.24455,37.50534,6634,High
121797-5,SUJI MALINDI,Kilimanjaro,Same,Dispensary,-4.36439,37.89483,987,Very Low
104269-6,MBAGAMANKA,Kilimanjaro,Same,Dispensary,-4.17277,37.9175,2517,Low
107265-1,SAME TOWN,Kilimanjaro,Same,Hospital,-4.06443,37.74732,19887,Very High
121829-6,MKANYENI B,Kilimanjaro,Same,Dispensary,-4.20413,37.53623,1714,Very Low
103125-1,KISIWANI,Kilimanjaro,Same,Health Center,-4.13593,37.9514,6354,High
107653-8,SUJI GONJANZA,Kilimanjaro,Same,Dispensary,-4.38533,37.9013,2936,Low
102705-1,GONJA KIGHARE,Kilimanjaro,Same,Dispensary,-4.24655,37.99477,5429,Moderate
122498-9,GOHA,Kilimanjaro,Same,Dispensary,-4.39244,37.99224,4602,Moderate
102752-3,KIHURIO,Kilimanjaro,Same,Dispensary,-4.47007,38.0759,1268,Very Low
105996-3,MWEMBE,Kilimanjaro,Same,Dispensary,-4.156438,37.840148,4453,Moderate
107706-4,TAE,Kilimanjaro,Same,Dispensary,-4.33775,37.8946,4218,Moderate
107926-8,TUMAINI,Kilimanjaro,Same,Health Center,-4.06649,37.73825,5147,Moderate
100697-2,CHAJO,Kilimanjaro,Same,Dispensary,-4.15608,37.82165,2345,Low
107182-8,RUVU MARWA,Kilimanjaro,Same,Dispensary,-4.18943,37.896438,2791,Low
106282-7,NDUNGU,Kilimanjaro,Same,Health Center,-4.38533,38.061,3951,Moderate
100649-3,BWAMBO HEALTH CENTRE,Kilimanjaro,Same,Health Center,-4.39387,37.93941,4116,Moderate
110927-1,MPINJI,Kilimanjaro,Same,Dispensary,-4.38748,37.962,4642,Moderate
103654-0,LUGULU,Kilimanjaro,Same,Dispensary,-4.3409,38.0083,5100,Moderate
106600-0,NTENGA,Kilimanjaro,Same,Dispensary,-4.22693,37.9855,7047,High
102407-4,KASAPO,Kilimanjaro,Same,Dispensary,-4.33708,37.8582,3241,Low
121808-0,MAJENGO -,Kilimanjaro,Same,Dispensary,-4.57097,38.06828,1109,Very Low
101247-5,MAORE,Kilimanjaro,Same,Dispensary,-4.26844,38.05125,10106,Very High
123185-1,MGANDU,Kilimanjaro,Same,Dispensary,-4.50951,38.08248,806,Very Low
108481-3,RUVU KOMBO,Kilimanjaro,Same,Dispensary,-4.384146,37.627448,1607,Very Low
123174-5,MARINDI,Kilimanjaro,Same,Dispensary,-4.14929,37.91423,2712,Low
123119-0,SAME,Kilimanjaro,Same,Hospital,-4.13703,37.78917,3444,Low
106977-2,PARANE SDA,Kilimanjaro,Same,Dispensary,-4.39848,38.0031,3464,Low
105546-6,MTEKE,Kilimanjaro,Same,Dispensary,-4.171542,37.883785,2798,Low
104803-2,MHEZI,Kilimanjaro,Same,Dispensary,-4.14942,37.8802,4329,Moderate
100648-5,BWAMBO,Kilimanjaro,Same,Dispensary,-4.39402,37.94,1582,Very Low
101909-0,ISHINDE,Kilimanjaro,Same,Dispensary,-3.99257,37.70264,4695,Moderate
105559-9,MTII KANZA,Kilimanjaro,Same,Dispensary,-4.315289,37.998532,3755,Low
103420-6,KWIZU,Kilimanjaro,Same,Dispensary,-4.13192,37.9058,4518,Moderate
101341-6,HEDARU,Kilimanjaro,Same,Dispensary,-4.50327,37.90954,1461,Very Low
103204-4,KITUVI,Kilimanjaro,Same,Dispensary,-4.124675,37.877867,2082,Very Low
106595-2,NTAMBWE,Kilimanjaro,Same,Dispensary,-4.427,37.9285,5388,Moderate
114070-6,VUGWAMA,Kilimanjaro,Same,Dispensary,-4.414578,37.953847,2849,Low
124365-8,SAME SECONDARY,Kilimanjaro,Same,Dispensary,-4.04098,37.44418,2702,Low
123329-5,KIRONGWE,Kilimanjaro,Same,Dispensary,-4.39782,37.97441,3567,Low
121822-1,KIDUNDA,Kilimanjaro,Same,Dispensary,-4.47793,37.94558,4274,Moderate
108286-6,VUNTA,Kilimanjaro,Same,Health Center,-4.50082,37.9804,3821,Low
110966-9,SENGEREMA,Mwanza,Sengerema,Dispensary,-2.65353,32.64172,782,Very Low
100613-9,BUSULWANGILI,Mwanza,Sengerema,Dispensary,-2.71039,32.72397,6250,High
112353-8,NYANTAKUBWA,Mwanza,Sengerema,Dispensary,-2.69466,32.74107,1580,Very Low
121746-2,KANYELELE,Mwanza,Sengerema,Health Center,-2.68936,32.47444,8180,High
124417-7,JESSE,Mwanza,Sengerema,Health Laboratory,-2.65425,32.64389,1478,Very Low
106399-9,NGOMA A,Mwanza,Sengerema,Dispensary,-2.91519,32.6924,10155,Very High
106757-8,NYANCHENCHE,Mwanza,Sengerema,Dispensary,-2.829381,32.639641,9291,Very High
100639-4,BUZILASOGA,Mwanza,Sengerema,Dispensary,-2.68936,32.47444,8180,High
107955-7,TUNYENYE,Mwanza,Sengerema,Dispensary,-2.7424,32.65101,5814,Moderate
106740-4,NYAMIZEZE,Mwanza,Sengerema,Dispensary,-2.60144,32.60056,11828,Very High
106747-9,NYAMTELELA,Mwanza,Sengerema,Dispensary,-2.53359,32.69322,5301,Moderate
106707-3,NYAMAZUGO,Mwanza,Sengerema,Dispensary,-2.55656,32.54097,7919,High
102420-7,KASENYI,Mwanza,Sengerema,Dispensary,-2.51264,32.59708,18633,Very High
108488-8,SOTTA,Mwanza,Sengerema,Dispensary,-2.984955,32.711655,8448,High
112351-2,IGALAGALILO,Mwanza,Sengerema,Dispensary,-2.53828,32.75431,5106,Moderate
104526-9,MAYUYA,Mwanza,Sengerema,Dispensary,-2.65058,32.71411,7429,High
124140-5,LUCIAN,Mwanza,Sengerema,Clinic,-2.66256,32.64172,5286,Moderate
114917-8,NYITUNDU,Mwanza,Sengerema,Dispensary,-2.73294,32.80667,5079,Moderate
100710-3,CHAMABANDA,Mwanza,Sengerema,Dispensary,-2.52658,32.73266,6250,High
105786-8,SENGEREMA,Mwanza,Sengerema,Hospital,-2.67541,32.64673,3617,Low
123062-2,KASUNGAMILE MAGEREZA,Mwanza,Sengerema,Dispensary,-2.67541,32.57665,4258,Moderate
124157-9,MWAMBAO,Mwanza,Sengerema,Health Laboratory,-2.50607,32.67623,10204,Very High
101581-7,IGULUMUKI,Mwanza,Sengerema,Dispensary,-2.660354,32.551719,5820,Moderate
114912-9,ISHISHANGH'OLO,Mwanza,Sengerema,Dispensary,-2.71434,32.55287,4532,Moderate
106745-3,NYAMPANDE,Mwanza,Sengerema,Dispensary,-2.70499,32.75906,7086,High
102176-5,KAGUNGA,Mwanza,Sengerema,Health Center,-2.91612,32.62475,12352,Very High
114426-0,JANESCOM,Mwanza,Sengerema,Health Laboratory,-2.65137,32.64042,2744,Low
107369-1,SENGEREMA,Mwanza,Sengerema,Health Center,-2.654007,32.638108,6514,High
100628-7,BUYAGU,Mwanza,Sengerema,Dispensary,-2.84144,32.80172,5074,Moderate
102456-1,KASUNGAMILE,Mwanza,Sengerema,Dispensary,-2.58995,32.7167,6859,High
114913-7,BUTONGA,Mwanza,Sengerema,Dispensary,-2.63042,32.57663,5600,Moderate
110828-1,MAMA,Mwanza,Sengerema,Dispensary,-2.63745,32.65627,26816,Very High
108477-1,ILEKANILO,Mwanza,Sengerema,Dispensary,-2.623741,32.745151,8882,High
121745-4,SIMA,Mwanza,Sengerema,Health Center,-2.71433,32.55271,167,Very Low
102225-0,KALANGALALA,Mwanza,Sengerema,Dispensary,-2.80612,32.7934,2664,Low
122719-8,GODAMA,Mwanza,Sengerema,Dispensary,-2.65349,32.64975,13392,Very High
112352-0,NYASENGA,Mwanza,Sengerema,Dispensary,-2.69461,32.74113,2562,Low
114372-6,MUGUSI,Mwanza,Sengerema,Health Laboratory,-2.65217,32.6415,651,Very Low
105173-9,MULAGA,Mwanza,Sengerema,Dispensary,-2.80348,32.822947,5189,Moderate
108476-3,IGALULA,Mwanza,Sengerema,Dispensary,-2.904387,32.709739,6916,High
106402-1,NGOMAMTIMBA,Mwanza,Sengerema,Health Center,-2.41766,32.64599,2971,Low
114915-2,NYAMILILO,Mwanza,Sengerema,Dispensary,-2.57056,32.68147,9355,Very High
106706-5,NYAMATONGO,Mwanza,Sengerema,Dispensary,-2.52381,32.7901,12908,Very High
113312-3,SENGEREMA (A),Mwanza,Sengerema,Health Laboratory,-2.65287,32.64219,431,Very Low
114914-5,LUKUMBI,Mwanza,Sengerema,Dispensary,-2.41768,32.64598,6004,High
114921-0,MAMI,Mwanza,Sengerema,Dispensary,-2.77431,32.64599,4754,Moderate
113318-0,OMEGA,Mwanza,Sengerema,Health Laboratory,-2.65124,32.63913,13929,Very High
109728-6,BUSISI,Mwanza,Sengerema,Health Center,-2.728876,32.850975,5485,Moderate
107470-7,SIMA,Mwanza,Sengerema,Dispensary,-2.71433,32.5527,5020,Moderate
100289-8,BALATOGWA,Mwanza,Sengerema,Dispensary,-2.70638,32.64912,6318,High
107371-7,SENGEREMA SECONDARY,Mwanza,Sengerema,Dispensary,-2.66072,32.647568,5505,Moderate
114928-5,LUGONGO,Mwanza,Sengerema,Dispensary,-2.67543,32.64672,2513,Low
107513-4,SOGOSO,Mwanza,Sengerema,Dispensary,-2.7495,32.58385,7672,High
100381-3,BITOTO,Mwanza,Sengerema,Dispensary,-2.77137,32.78429,5152,Moderate
101923-1,ISOLE,Mwanza,Sengerema,Dispensary,-2.839447,32.751015,7916,High
106400-5,NGOMA B,Mwanza,Sengerema,Dispensary,-2.58637,32.78577,14514,Very High
113393-3,VATICAN,Mwanza,Sengerema,Health Laboratory,-2.38377,32.65595,3275,Low
112060-9,KAMANGA,Mwanza,Sengerema,Health Center,-2.5354,32.83826,8178,High
124101-7,ELABS,Mwanza,Sengerema,Dispensary,-2.66296,32.63307,8036,High
100606-3,BUSISI,Mwanza,Sengerema,Dispensary,-2.727369,32.867856,2922,Low
102444-7,KASOMEKO,Mwanza,Sengerema,Dispensary,-2.518219,32.711871,3886,Moderate
102106-2,JUMA KISIWANI,Mwanza,Sengerema,Dispensary,-2.4395,32.7397,2558,Low
111357-0,NYANZUMLA,Mwanza,Sengerema,Dispensary,-2.82541,32.59576,8055,High
103102-0,KISHINDA,Mwanza,Sengerema,Dispensary,-2.77431,32.70305,10307,Very High
114365-0,MATATA,Mwanza,Sengerema,Health Laboratory,-2.65136,32.64676,1592,Very Low
124138-9,GENESIS,Mwanza,Sengerema,Clinic,-2.65113,32.64724,5467,Moderate
102188-0,KAHUMULO,Mwanza,Sengerema,Dispensary,-2.68085,32.80726,9025,High
102497-5,KATUNGURU,Mwanza,Sengerema,Health Center,-2.50944,32.67532,6832,High
101515-5,IGAKA,Mwanza,Sengerema,Dispensary,-2.74643,32.51031,10266,Very High
102390-2,KARUMO,Mwanza,Sengerema,Dispensary,-2.500977,32.805992,4627,Moderate
124349-2,DR SANYA,Mwanza,Sengerema,Dispensary,-2.66256,32.61703,13436,Very High
109030-7,MAGANGE,Mara,Serengeti,Dispensary,-1.74969,34.33328,3960,Moderate
106847-7,NYERERE,Mara,Serengeti,Hospital,-1.841237,34.663731,4758,Moderate
107159-6,RUNG'ABURE,Mara,Serengeti,Dispensary,-1.7508,34.620329,3857,Low
104064-1,MAJIMOTO,Mara,Serengeti,Dispensary,-1.631431,34.35052,8570,High
105638-1,RCH A MOROTONGA,Mara,Serengeti,Dispensary,-1.845377,34.681607,2941,Low
101181-6,GANTAMOME,Mara,Serengeti,Dispensary,-1.584345,34.425937,6992,High
112187-0,BUSAWE,Mara,Serengeti,Dispensary,-1.594037,34.414359,3965,Moderate
107379-0,SERONERA NATIONAL PARK,Mara,Serengeti,Dispensary,-2.436236,34.820486,4680,Moderate
107082-0,REMUNG'ORORI,Mara,Serengeti,Dispensary,-1.752453,34.273076,6772,High
104412-2,MASINKI,Mara,Serengeti,Dispensary,-1.740919,34.364041,3778,Low
106783-4,NYANKOMOGO,Mara,Serengeti,Dispensary,-1.893237,34.317925,6435,High
102537-8,KEMUGESI,Mara,Serengeti,Health Center,-1.772239,34.4131,5585,Moderate
114720-6,SERENGETI,Mara,Serengeti,Hospital,-1.81717,34.69857,7235,High
108958-0,NYAMBURETI,Mara,Serengeti,Dispensary,-1.85108,34.68233,2865,Low
101202-0,GESARYA,Mara,Serengeti,Dispensary,-1.712972,34.6224,5531,Moderate
104385-0,MASANGURA,Mara,Serengeti,Dispensary,-1.788687,34.548298,7509,High
104559-0,MBALIBALI,Mara,Serengeti,Dispensary,-1.746574,34.708326,6581,High
106217-3,NATTA,Mara,Serengeti,Health Center,-2.023524,34.449253,3528,Low
114969-9,MARASOMOCHE,Mara,Serengeti,Dispensary,-1.60548,34.56792,3750,Low
103827-2,MABURI,Mara,Serengeti,Dispensary,-1.809201,34.369729,6241,High
123413-7,KENYAMONTA,Mara,Serengeti,Dispensary,-1.71749,34.26912,6072,High
101932-2,ISSECO,Mara,Serengeti,Dispensary,-2.007787,34.343062,1162,Very Low
123411-1,MBILIKILI,Mara,Serengeti,Dispensary,-1.83271,34.81579,4162,Moderate
103061-8,KISAKA GOVT,Mara,Serengeti,Dispensary,-1.541968,34.463681,8560,High
113554-0,JERUSALEM,Mara,Serengeti,Health Laboratory,-4.8915877,38.29026,911,Very Low
124450-8,MELIA SERENGETI,Mara,Serengeti,Clinic,-2.47248,34.54854,210,Very Low
103835-5,MACHOCHWE,Mara,Serengeti,Health Center,-1.67211,34.693600000000004,5912,High
101934-8,ISSENYE GOVT,Mara,Serengeti,Dispensary,-1.990244,34.352392,2670,Low
107092-9,ROBANDA,Mara,Serengeti,Health Center,-2.149691,34.699118,4190,Moderate
107086-1,RIGICHA,Mara,Serengeti,Dispensary,-1.926967,34.346506,4133,Moderate
105294-3,MONUNA,Mara,Serengeti,Dispensary,-1.87282,34.38703,5313,Moderate
104740-6,MERENGA,Mara,Serengeti,Dispensary,-1.630108,34.653015,5254,Moderate
114968-1,SOGOTI,Mara,Serengeti,Dispensary,-1.65918,34.56002,4313,Moderate
114970-7,NYAMAKENDO,Mara,Serengeti,Dispensary,-1.69068,34.70611,7901,High
114973-1,BURUNGA,Mara,Serengeti,Dispensary,-1.89318,34.63911,4087,Moderate
106849-3,NYIBOKO,Mara,Serengeti,Dispensary,-1.545566,34.503623,7360,High
114977-2,KEBOSONGO,Mara,Serengeti,Dispensary,-1.85954,34.72333,6538,High
105639-9,MUGUMU RCH B,Mara,Serengeti,Health Center,-1.831131,34.663795,8024,High
114971-5,KORERI,Mara,Serengeti,Dispensary,-1.77485,34.70585,5589,Moderate
100664-2,BWITENGI,Mara,Serengeti,Dispensary,-1.896762,34.661187,3390,Low
105718-1,MUSATI,Mara,Serengeti,Dispensary,-1.72604,34.51208,5115,Moderate
109124-8,MOTUKERI,Mara,Serengeti,Dispensary,-2.00863,34.42429,2374,Low
108295-7,WAGETE,Mara,Serengeti,Dispensary,-1.915318,34.383919,2423,Low
114972-3,SINGISI,Mara,Serengeti,Dispensary,-2.01466,34.37618,3137,Low
115094-5,KWANINA,Mara,Serengeti,Dispensary,-1.74579,34.60471,6282,High
109223-8,MUGUMU MAHABUSU,Mara,Serengeti,Dispensary,-1.838533,34.659938,5369,Moderate
112542-6,SERENGETI,Mara,Serengeti,Health Laboratory,-1.84185,34.67271,1753,Very Low
114509-3,MAHUNDA GODS WILL,Mara,Serengeti,Dispensary,-1.83656,34.67456,5017,Moderate
123406-1,BOKORE,Mara,Serengeti,Dispensary,-1.90828,34.62124,2297,Low
123407-9,GETARUNGU,Mara,Serengeti,Dispensary,-1.65637,34.61114,4279,Moderate
101273-1,GURUMETI,Mara,Serengeti,Dispensary,-2.04836,34.4677,1349,Very Low
102542-8,KENYANA,Mara,Serengeti,Dispensary,-1.725373,34.495149,3213,Low
106850-1,NYICHOKA,Mara,Serengeti,Dispensary,-1.910871,34.588818,6657,High
114360-1,BURITO,Mara,Serengeti,Health Laboratory,-1.84595,34.67685,2857,Low
102528-7,KEBANCHEBANCHE,Mara,Serengeti,Health Center,-1.688372,34.56162,4365,Moderate
106715-6,NYAMBURI,Mara,Serengeti,Dispensary,-1.790317,34.753138,8326,High
106679-4,NYAKITONO,Mara,Serengeti,Dispensary,-2.007179,34.497137,2888,Low
104973-3,MISEKE,Mara,Serengeti,Dispensary,-1.910252,34.691947,3832,Low
114978-0,NEEMASUMCHUN,Mara,Serengeti,Dispensary,-1.74131,34.68373,5710,Moderate
108950-7,TAMKERI,Mara,Serengeti,Dispensary,-1.764032,34.77976,7146,High
123410-3,MAKUNDUSI,Mara,Serengeti,Dispensary,-2.05684,34.46611,1916,Very Low
112563-2,JAMII,Mara,Serengeti,Health Laboratory,-1.83926,34.67377,392,Very Low
114979-8,KERUKEREGE,Mara,Serengeti,Dispensary,-1.79734,34.34689,3238,Low
106788-3,NYANSURURA,Mara,Serengeti,Dispensary,-1.61846,34.601796,4290,Moderate
114967-3,RING'WANI,Mara,Serengeti,Dispensary,-1.72359,34.41499,4775,Moderate
103314-1,KONO,Mara,Serengeti,Dispensary,-1.942822,34.395903,2355,Low
107192-7,RWAMCHANGA,Mara,Serengeti,Dispensary,-1.88446,34.731655,4259,Moderate
103170-7,KITEMBERE,Mara,Serengeti,Dispensary,-1.96151,34.37646,2435,Low
101152-7,FORT - IKOMA,Mara,Serengeti,Dispensary,-2.08246,34.6439,1861,Very Low
106738-8,NYAMITITA,Mara,Serengeti,Dispensary,-1.673094,34.449869,5185,Moderate
102018-9,ITUNUNU,Mara,Serengeti,Dispensary,-1.782034,34.615874,9803,Very High
101848-0,IRAMBA,Mara,Serengeti,Health Center,-1.695331,34.286046,5097,Moderate
114975-6,KENOKWE,Mara,Serengeti,Dispensary,-1.87542,34.50421,6278,High
106979-8,PARK- NYIGOTI,Mara,Serengeti,Dispensary,-1.95081,34.66076,3576,Low
113235-6,MEHTA'S,Mara,Serengeti,Dispensary,-2.47221,34.54672,277,Very Low
100671-7,KADA MUGUMU,Mara,Serengeti,Dispensary,-1.83825,34.673,1419,Very Low
108956-4,MLIMANI,Mara,Serengeti,Dispensary,-1.975314,34.461382,2109,Very Low
101901-7,ISERESERE,Mara,Serengeti,Dispensary,-1.579779,34.361012,4793,Moderate
122535-8,SAM,Mara,Serengeti,Clinic,-1.85102,34.68243,567,Very Low
123412-9,NYIBEREKERA,Mara,Serengeti,Dispensary,-2.00011,34.35559,1274,Very Low
123408-7,IHARARA,Mara,Serengeti,Dispensary,-2.01083,34.33579,5558,Moderate
115095-2,OMAHE,Mara,Serengeti,Dispensary,-1.96608,34.50678,4741,Moderate
105313-1,MOSONGO,Mara,Serengeti,Dispensary,-1.921482,34.453487,4737,Moderate
114358-5,UMOJA,Mara,Serengeti,Health Laboratory,-1.83891,34.67612,3348,Low
106705-7,NYAMATOKE,Mara,Serengeti,Dispensary,-1.811362,34.426368,5176,Moderate
100406-8,BONCHUGU,Mara,Serengeti,Dispensary,-1.874362,34.783327,7636,High
101276-4,GUSUHI,Mara,Serengeti,Dispensary,-1.834766,34.311121,6528,High
101396-0,SERENGETI  HUDUMA,Mara,Serengeti,Health Center,-1.841777,34.67278,359,Very Low
106735-4,NYAMISINGISI,Mara,Serengeti,Dispensary,-1.980854,34.341665,4439,Moderate
107700-7,MAGEREZA KUU MUGUMU,Mara,Serengeti,Dispensary,-1.831266,34.797013,3191,Low
106479-9,NINDO,Shinyanga,Shinyanga,Health Center,-3.54001,33.13976,20346,Very High
107827-8,TINDE,Shinyanga,Shinyanga,Health Center,-3.87068,33.19547,10750,Very High
101623-7,IHUGI,Shinyanga,Shinyanga,Dispensary,-3.67799,33.01915,16365,Very High
105789-2,MASENGWA,Shinyanga,Shinyanga,Dispensary,-3.75943,33.34223,6701,High
106698-4,NYAMALOGO,Shinyanga,Shinyanga,Dispensary,-3.596781,33.230177,8854,High
105966-6,MWASEKAGI,Shinyanga,Shinyanga,Dispensary,-3.4265,32.92818,13397,Very High
108422-7,ZOBOGO,Shinyanga,Shinyanga,Dispensary,-3.81722,33.1145,5739,Moderate
100455-5,BUGISI,Shinyanga,Shinyanga,Health Center,-3.82599,33.07312,6738,High
107664-5,SUMBIGU,Shinyanga,Shinyanga,Dispensary,-3.71585,33.26368,5967,High
108430-0,ZUNZULI,Shinyanga,Shinyanga,Dispensary,-3.32421,32.83933,8151,High
105850-2,MWAMAKARANGA,Shinyanga,Shinyanga,Dispensary,-3.56887,33.19909,6362,High
120916-2,KILIMAWE,Shinyanga,Shinyanga,Dispensary,-3.69623,33.25915,4154,Moderate
107250-3,SALAWE,Shinyanga,Shinyanga,Health Center,-3.31732,32.87113,16007,Very High
104975-8,MISHEPO,Shinyanga,Shinyanga,Dispensary,-3.67801,33.22305,9519,Very High
121812-2,IPILILO,Shinyanga,Shinyanga,Dispensary,-3.3996682,32.889977,7890,High
123507-6,MANHYABILI,Shinyanga,Shinyanga,Clinic,-3.39071,32.73671,6536,High
101749-0,ILOLA,Shinyanga,Shinyanga,Dispensary,-3.75087,33.0513,5953,High
108351-8,WAZAZI TINDE,Shinyanga,Shinyanga,Dispensary,-3.8763182,33.19516,19910,Very High
105864-3,MWAMANYUDA,Shinyanga,Shinyanga,Dispensary,-3.73485,33.13055,8891,High
107416-0,SHILABELA,Shinyanga,Shinyanga,Dispensary,-3.55603,33.29855,11648,Very High
101603-9,IHALO,Shinyanga,Shinyanga,Dispensary,-3.735911,33.022287,5934,High
108191-8,USULE,Shinyanga,Shinyanga,Dispensary,-3.76544,33.19527,9605,Very High
105843-7,MWALUKWA,Shinyanga,Shinyanga,Dispensary,-3.50975,33.37838,12990,Very High
120364-5,DIDIA,Shinyanga,Shinyanga,Dispensary,-3.8283606,33.08382,8618,High
101747-4,ILOBASHI,Shinyanga,Shinyanga,Dispensary,-3.81119,33.42963,9158,Very High
107270-1,SAMUYE,Shinyanga,Shinyanga,Health Center,-3.808997,33.3281,11161,Very High
113922-9,SHINYANGA DC,Shinyanga,Shinyanga,Hospital,-3.65561,33.15345,5435,Moderate
105975-7,MWASINGU,Shinyanga,Shinyanga,Dispensary,-3.519553,33.18506,7550,High
104510-3,MAWEMILU,Shinyanga,Shinyanga,Dispensary,-3.38695,32.80691,11451,Very High
123737-9,MASHAMA MEMORIAL,Shinyanga,Shinyanga,Clinic,-3.41491,32.71103,10433,Very High
104267-0,MAHNIGANA,Shinyanga,Shinyanga,Dispensary,-3.42979,32.98925,16011,Very High
101665-8,IKONDA,Shinyanga,Shinyanga,Dispensary,-3.89934,33.44312,8382,High
100422-5,BUBALE,Shinyanga,Shinyanga,Dispensary,-3.77644,33.42644,7364,High
110065-0,BAKWATA JOMU,Shinyanga,Shinyanga,Dispensary,-3.82703,33.0733,2154,Low
106394-0,NGOKOLO,Shinyanga,Shinyanga,Dispensary,-3.82127,33.16896,6906,High
100499-3,BUKENE,Shinyanga,Shinyanga,Dispensary,-3.70594,33.17531,6631,High
108164-5,USANDA,Shinyanga,Shinyanga,Dispensary,-3.83451,33.27595,17158,Very High
100456-3,BUGOGO,Shinyanga,Shinyanga,Dispensary,-3.77168,33.30901,4046,Moderate
106379-1,NG'HOMANGO,Shinyanga,Shinyanga,Dispensary,-3.63184,33.11738,10117,Very High
106004-5,MWENGE,Shinyanga,Shinyanga,Dispensary,-3.282943,32.818607,13241,Very High
105822-1,MWAJIJI,Shinyanga,Shinyanga,Dispensary,-3.525252,33.038983,17537,Very High
104729-9,MENDO,Shinyanga,Shinyanga,Dispensary,-3.73554,32.97659,5758,Moderate
102021-3,ITWANGI,Shinyanga,Shinyanga,Dispensary,-3.8549,33.09761,8645,High
107523-3,SOLWA,Shinyanga,Shinyanga,Dispensary,-3.40342,32.89727,10883,Very High
105833-8,MWAKITOLYO,Shinyanga,Shinyanga,Dispensary,-3.39302,32.72948,2999,Low
106825-3,NYASHIMBI,Shinyanga,Shinyanga,Dispensary,-3.88676,33.03897,10416,Very High
103790-2,LYABUKANDE,Shinyanga,Shinyanga,Dispensary,-3.56672,32.92916,10887,Very High
121153-1,KASSOGA MEMORIAL,Shinyanga,Shinyanga,Dispensary,-3.5719125,32.9324,17637,Very High
100622-0,BUTINI,Shinyanga,Shinyanga,Dispensary,-3.92251,33.11992,13832,Very High
105854-4,MWAMALA,Shinyanga,Shinyanga,Dispensary,-3.74529,33.31872,2360,Low
123899-7,KWEMA,Shinyanga,Shinyanga,Health Laboratory,-3.82753,33.07531,295,Very Low
122999-6,YAM MEDICAL,Shinyanga,Shinyanga,Health Laboratory,-3.66485,33.41384,3083,Low
100470-4,BUHANGIJA,Shinyanga,Shinyanga,Dispensary,-3.68658,33.41269,3680,Low
121698-5,SHINYANGA MUNICIPAL,Shinyanga,Shinyanga,Hospital,-3.66736,33.4271,689,Very Low
107309-7,SAVANAH PLAIN INTERNATIONAL SCHOOL,Shinyanga,Shinyanga,Dispensary,-3.65227,33.47621,7897,High
120264-7,MATONDO,Shinyanga,Shinyanga,Dispensary,-3.6645932,33.427616,2935,Low
100711-1,CHAMAGUHA,Shinyanga,Shinyanga,Dispensary,-3.67742,33.44454,2142,Low
100284-9,UHURU BAKWATA,Shinyanga,Shinyanga,Dispensary,-3.67147,33.42593,1735,Very Low
100896-0,KICOB,Shinyanga,Shinyanga,Dispensary,-3.71309,33.40294,5550,Moderate
111237-4,FAHA DENTAL CLINIC,Shinyanga,Shinyanga,Clinic,-3.66942,33.42684,160,Very Low
106897-2,OLD SHINYANGA JWTZ,Shinyanga,Shinyanga,Dispensary,-3.55618,33.4084,5190,Moderate
100602-2,BUSHORA,Shinyanga,Shinyanga,Dispensary,-3.50302,33.50325,3077,Low
101430-7,IBADAKULI,Shinyanga,Shinyanga,Dispensary,-3.6283,33.4965,9853,Very High
110863-8,IHAPA,Shinyanga,Shinyanga,Health Center,-3.55151,33.41688,3193,Low
120243-1,SHINYANGA,Shinyanga,Shinyanga,Clinic,-3.65144,33.423367,6600,High
113334-7,MTOKE INVEST.&OPHTHALMOLOGY SERVICES,Shinyanga,Shinyanga,Clinic,-3.666565,33.42697,650,Very Low
108584-4,MWAMALILI,Shinyanga,Shinyanga,Dispensary,-3.54703,33.45279,4459,Moderate
121099-6,ESTINA FARAJA,Shinyanga,Shinyanga,Dispensary,-3.62997,33.40647,5243,Moderate
102282-1,KAMBARAGE-POLICE,Shinyanga,Shinyanga,Dispensary,-3.66102,33.41862,2403,Low
123069-7,LUCKMED,Shinyanga,Shinyanga,Clinic,-3.69811,33.39851,2344,Low
113173-9,TWINS,Shinyanga,Shinyanga,Health Laboratory,-3.67614,33.43713,3835,Low
112524-4,MASEKELO,Shinyanga,Shinyanga,Dispensary,-3.67789,33.40693,6943,High
112448-6,INSPIRE MEDICAL SERVICES,Shinyanga,Shinyanga,Dispensary,-3.6644153,33.4006869,14245,Very High
101794-6,IMANI,Shinyanga,Shinyanga,Dispensary,-3.67179,33.42085,2569,Low
101171-7,GALAMBA,Shinyanga,Shinyanga,Dispensary,-3.59835,33.353387,2279,Low
100269-0,MAJENGO BAKWATA,Shinyanga,Shinyanga,Dispensary,-3.66767,33.41753,2306,Low
113165-5,DOUBLE J,Shinyanga,Shinyanga,Health Laboratory,-3.672465,33.410027,6136,High
112527-7,BUSHUSHU,Shinyanga,Shinyanga,Dispensary,-3.62806,33.40894,6964,High
110862-0,MITI MIREFU,Shinyanga,Shinyanga,Dispensary,-3.67022,33.42049,819,Very Low
106896-4,OLD SHINYANGA,Shinyanga,Shinyanga,Dispensary,-3.5682,33.41178,4667,Moderate
107381-6,SESEKO,Shinyanga,Shinyanga,Dispensary,-3.59227,33.44791,5469,Moderate
123539-9,BELENCE'S,Shinyanga,Shinyanga,Health Laboratory,-3.40451,33.25431,6627,High
111231-7,LUBAGA,Shinyanga,Shinyanga,Dispensary,-3.65283,33.3563,2535,Low
103256-4,KIZUMBI,Shinyanga,Shinyanga,Dispensary,-3.724292,33.41891,3747,Low
107598-5,ST. JOSEPH BUGANGA GROUP,Shinyanga,Shinyanga,Dispensary,-3.6674,33.41971,991,Very Low
124102-5,EAST MBEZI,Shinyanga,Shinyanga,Clinic,-3.65281,33.43521,11980,Very High
107424-4,LUTHERAN,Shinyanga,Shinyanga,Dispensary,-3.67001,33.42764,816,Very Low
103257-2,KIZUMBI- JWTZ,Shinyanga,Shinyanga,Dispensary,-3.70688,33.424638,2799,Low
122941-8,MCHUMA,Shinyanga,Shinyanga,Clinic,-3.67077,33.43219,1531,Very Low
113332-1,CHARITY OPTOMETRIST EYE CARE,Shinyanga,Shinyanga,Clinic,-3.6642416,33.46198,7468,High
113170-5,CHIKOMBI,Shinyanga,Shinyanga,Health Laboratory,-3.681055,33.41773,1617,Very Low
112528-5,CONSOLATA,Shinyanga,Shinyanga,Dispensary,-3.65004,33.41495,10590,Very High
120886-7,ONYEMELA DISP,Shinyanga,Shinyanga,Dispensary,-3.66839,33.43513,7335,High
105869-2,MWAMASHELE,Shinyanga,Shinyanga,Dispensary,-3.72531,33.46308,2917,Low
111877-7,THE R.N. KITINYA MEMORIAL,Shinyanga,Shinyanga,Dispensary,-3.68261,33.41909,2409,Low
102281-3,KAMBARAGE,Shinyanga,Shinyanga,Health Center,-3.66048,33.41391,4671,Moderate
100276-5,BAKWATA,Shinyanga,Shinyanga,Dispensary,-3.6715,33.4251,1200,Very Low
103940-3,MAGEREZA,Shinyanga,Shinyanga,Dispensary,-3.67735,33.4446,4703,Moderate
111876-9,KITINYA DISPENSARY,Shinyanga,Shinyanga,Dispensary,-3.6825032,33.41902,898,Very Low
111878-5,BUHANGIJA KITUO CHA WALEMAVU,Shinyanga,Shinyanga,Dispensary,-3.68557,33.41304,953,Very Low
103496-6,LIFELINE,Shinyanga,Shinyanga,Dispensary,-3.66406,33.42147,1155,Very Low
100774-9,CHIBE,Shinyanga,Shinyanga,Dispensary,-3.60151,33.362222,3200,Low
113166-3,LUKENSA,Shinyanga,Shinyanga,Health Laboratory,-3.6584318,33.426693,4777,Moderate
107423-6,SHINYANGA,Shinyanga,Shinyanga,Hospital,-3.66736,33.4271,689,Very Low
122015-1,MLANGA,Shinyanga,Shinyanga,Health Laboratory,-3.65072,33.41901,4680,Moderate
103280-4,KOLANDOTO,Shinyanga,Shinyanga,Hospital,-3.59841,33.53384,13526,Very High
122723-0,MACHINJIO MAPYA,Shinyanga,Shinyanga,Dispensary,-3.62824,33.44201,4354,Moderate
113163-0,NDONG'OS,Shinyanga,Shinyanga,Health Laboratory,-3.6631083,33.42148,1351,Very Low
107539-9,SONGAMBELE,Shinyanga,Shinyanga,Dispensary,-3.69148,33.43098,5477,Moderate
113162-2,MKUDE,Shinyanga,Shinyanga,Health Laboratory,-3.66982,33.42317,1010,Very Low
105980-7,MWAWAZA,Shinyanga,Shinyanga,Dispensary,-3.69256,33.3327,4443,Moderate
113160-6,ST. THADEO,Shinyanga,Shinyanga,Health Laboratory,-3.66942,33.42619,401,Very Low
111875-1,GOLDEN GRACE,Shinyanga,Shinyanga,Health Center,-3.68702,33.42412,6515,High
103489-1,LEVISHI,Kilimanjaro,Siha,Dispensary,-3.16221,37.1014,14152,Very High
106360-1,NGARITATI,Kilimanjaro,Siha,Dispensary,-3.26781,37.04434,5518,Moderate
110886-9,Kibong'oto Infectious Diseases (KIDH),Kilimanjaro,Siha,Hospital,-3.21778,37.04354,4814,Moderate
104280-3,MANYATA,Kilimanjaro,Siha,Dispensary,-3.26787,37.09407,5260,Moderate
114843-6,COMMUNITY HEALTH CARE,Kilimanjaro,Siha,Dispensary,-3.2332,37.1041,2976,Low
109810-2,SINAI,Kilimanjaro,Siha,Dispensary,-3.34401,37.10675,5286,Moderate
100997-6,DONYOMURWA,Kilimanjaro,Siha,Dispensary,-3.23887,37.0901,2952,Low
111060-0,SANYA JUU,Kilimanjaro,Siha,Dispensary,-3.18407,37.06535,13541,Very High
109292-3,MAGADINI,Kilimanjaro,Siha,Dispensary,-3.16739,36.99944,5639,Moderate
100749-1,CHARLOTTE,Kilimanjaro,Siha,Hospital,-3.17618,37.02134,5236,Moderate
120850-3,MWANGAZA,Kilimanjaro,Siha,Dispensary,-3.05291,37.04961,4371,Moderate
107294-1,SANYA JUU LUTHERAN,Kilimanjaro,Siha,Health Center,-3.22778,37.05364,2079,Very Low
112053-4,ST HILDERGARD,Kilimanjaro,Siha,Health Center,-3.14541,36.92936,4201,Moderate
107463-2,SIHA,Kilimanjaro,Siha,Health Center,-3.21778,37.043542,973,Very Low
109265-9,SIHA,Kilimanjaro,Siha,Hospital,-3.18218,37.06366,1328,Very Low
102307-6,KANDASHI,Kilimanjaro,Siha,Dispensary,-3.1887,36.9526,4659,Moderate
106074-8,NAIBILI,Kilimanjaro,Siha,Dispensary,-3.238564,37.034263,6328,High
106355-1,NGARENAIROBI,Kilimanjaro,Siha,Health Center,-3.06268,37.071538,3355,Low
101079-2,EMMAUS,Kilimanjaro,Siha,Health Center,-3.20953,37.07443,6555,High
102427-2,KASHASHI,Kilimanjaro,Siha,Dispensary,-3.2097,37.1224,8251,High
102374-6,ASHE ENGAI,Kilimanjaro,Siha,Health Center,-3.18129,37.01931,1018,Very Low
120852-9,MAWASILIANO,Kilimanjaro,Siha,Dispensary,-3.14267,36.96911,2401,Low
122407-0,MITIMIREFU,Kilimanjaro,Siha,Dispensary,-3.18116,37.06296,4915,Moderate
107932-6,TUMAINI LAWATE,Kilimanjaro,Siha,Dispensary,-3.22878,37.09917,4892,Moderate
120849-5,OLKOLILI,Kilimanjaro,Siha,Health Center,-3.30327,37.05721,7950,High
120851-1,KARANSI,Kilimanjaro,Siha,Dispensary,-3.18324,36.99722,8649,High
108475-5,FOREST,Kilimanjaro,Siha,Dispensary,-3.041083,37.0712,6122,High
104068-2,MAJOJORO,Tabora,Sikonge,Dispensary,-6.91784,33.4655,24641,Very High
106032-6,MWITIKIO,Tabora,Sikonge,Dispensary,-6.82591,33.3642,13294,Very High
122146-4,SIKONGE,Tabora,Sikonge,Health Laboratory,-5.616807,32.747948,1981,Very Low
101835-7,IPOLE,Tabora,Sikonge,Dispensary,-5.79014,32.7322,18669,Very High
122205-8,EXCELLENCE HEALTH,Tabora,Sikonge,Health Laboratory,-5.616232,32.747509,5392,Moderate
105002-0,MITOWO,Tabora,Sikonge,Dispensary,-5.49435,32.62087,4020,Moderate
122464-1,KIDETE,Tabora,Sikonge,Dispensary,-5.48353,32.52088,10873,Very High
114411-2,NYAHUA,Tabora,Sikonge,Health Center,-5.44364,33.27995,14526,Very High
101543-7,IGIGWA,Tabora,Sikonge,Dispensary,-5.38293,32.79191,9512,Very High
122209-0,TUTUO,Tabora,Sikonge,Health Laboratory,-5.49081,32.67483,3095,Low
107960-7,TUTUO,Tabora,Sikonge,Health Center,-5.49315,32.676001,6470,High
107467-3,SIKONGE,Tabora,Sikonge,Hospital,-5.62822,32.7577,9323,Very High
107466-5,SIKONGE,Tabora,Sikonge,Dispensary,-5.61992,32.753001,1757,Very Low
102883-6,KILUMBI,Tabora,Sikonge,Dispensary,-6.30004,33.8454,21893,Very High
123481-4,PATEL,Tabora,Sikonge,Dispensary,-5.47512,32.43926,508,Very Low
124174-4,KUDOX MEDICAL,Tabora,Sikonge,Health Laboratory,-6.50461,33.15107,1344,Very Low
105521-9,MTAKUJA,Tabora,Sikonge,Dispensary,-5.91075,32.92403,4948,Moderate
105277-8,MOLE,Tabora,Sikonge,Dispensary,-5.44321,32.6203,6246,High
105386-7,MPOMBWE,Tabora,Sikonge,Dispensary,-5.36569,32.6969,9543,Very High
124173-6,HURUMA,Tabora,Sikonge,Health Laboratory,-5.38128,32.79211,6717,High
123956-5,LUKAGO,Tabora,Sikonge,Dispensary,-5.27341,32.71913,3721,Low
107962-3,Tutuo SDA,Tabora,Sikonge,Dispensary,-5.48142,32.66222,4631,Moderate
101523-9,IGALULA,Tabora,Sikonge,Dispensary,-5.64452,32.6132,4318,Moderate
106648-9,NYAHUA,Tabora,Sikonge,Dispensary,-5.4157,33.28763,6922,High
107468-1,SIKONGE RC,Tabora,Sikonge,Dispensary,-5.60463,32.741108,3192,Low
101784-7,IMALAMPAKA,Tabora,Sikonge,Dispensary,-5.81022,32.9238,9535,Very High
103201-0,KITUNDA,Tabora,Sikonge,Health Center,-6.83984,33.24984,8281,High
124337-7,KUDOJA MEDICAL,Tabora,Sikonge,Health Laboratory,-5.47219,32.44009,312,Very Low
104533-5,MAZINGE,Tabora,Sikonge,Health Center,-5.64188,32.74164,2339,Low
124176-9,COLLLINS,Tabora,Sikonge,Health Laboratory,-5.60829,32.73805,2077,Very Low
123925-0,MKOLYE,Tabora,Sikonge,Dispensary,-5.61882,32.75059,2570,Low
122452-6,MWAMAYUNGA,Tabora,Sikonge,Dispensary,-5.61132,32.93055,22108,Very High
108193-4,USUNGA,Tabora,Sikonge,Dispensary,-5.7074,32.9412,11882,Very High
113977-3,SIKONGE DISTRICT HOSPITAL,Tabora,Sikonge,Hospital,-5.59981,32.73093,7014,High
103003-0,KIPILI,Tabora,Sikonge,Dispensary,-6.05356,33.9235,9015,High
124175-1,MIM,Tabora,Sikonge,Health Laboratory,-6.85143,33.22005,14672,Very High
106965-7,PANGALE,Tabora,Sikonge,Dispensary,-5.29254,32.7109,5579,Moderate
102397-7,KASANDALALA,Tabora,Sikonge,Dispensary,-5.42964,32.7422,5230,Moderate
107961-5,AMEC,Tabora,Sikonge,Dispensary,-5.48138,32.6768,2470,Low
104815-6,MIBONO,Tabora,Sikonge,Dispensary,-5.88281001,32.981001,10614,Very High
103070-9,KISANGA,Tabora,Sikonge,Dispensary,-5.5609,32.8304,24167,Very High
102276-3,KAMATA,Tabora,Sikonge,Dispensary,-6.853519,33.223454,13005,Very High
112468-4,KIKUNGU,Tabora,Sikonge,Dispensary,-5.71547,32.7729,11143,Very High
113264-6,KIYOMBO,Tabora,Sikonge,Health Center,-6.10327,33.93694,12618,Very High
103202-8,KITUNDA MISSION,Tabora,Sikonge,Dispensary,-6.801036,33.205919,9533,Very High
103472-7,LEMBELI,Tabora,Sikonge,Dispensary,-5.84474001,32.9097001,4841,Moderate
108170-2,USESULA,Tabora,Sikonge,Dispensary,-5.25311,32.6829,8374,High
108165-2,USANGANYA,Tabora,Sikonge,Dispensary,-5.3982,32.6173,15285,Very High
105008-7,MITWIGU,Tabora,Sikonge,Dispensary,-5.73482,32.70214,5543,Moderate
108214-8,UTIMULE,Tabora,Sikonge,Dispensary,-5.978444,32.791211,11205,Very High
107944-1,TUMBILI,Tabora,Sikonge,Dispensary,-5.46077,32.7715,13993,Very High
120938-6,KOMOLO,Manyara,Simanjiro,Health Center,-3.82066,36.72027,8055,High
107473-1,SIMANJIRO,Manyara,Simanjiro,Health Center,-3.97526,36.43892,4352,Moderate
106326-2,NGAGE,Manyara,Simanjiro,Dispensary,-4.168938,37.479634,4688,Moderate
106065-6,NADONJUKIN,Manyara,Simanjiro,Dispensary,-3.908557,36.698191,7077,High
120662-2,IRKUJITI,Manyara,Simanjiro,Dispensary,-4.65581,37.4937,1712,Very Low
113770-2,AMANI TERAT,Manyara,Simanjiro,Dispensary,-3.88263,36.59731,4478,Moderate
106419-5,NGORIKA,Manyara,Simanjiro,Dispensary,-3.90537,37.3878,526,Very Low
103460-2,LANDANAI,Manyara,Simanjiro,Dispensary,-4.08087,37.13363,10012,Very High
105481-6,MSITU WA TEMBO,Manyara,Simanjiro,Dispensary,-3.56748,37.29938,14905,Very High
103568-2,LOIBORSIRET,Manyara,Simanjiro,Dispensary,-4.27184,36.37591,8544,High
106935-0,ORKESUMETITA VAH,Manyara,Simanjiro,Hospital,-4.46374,37.19247,6849,High
106937-6,ORKESUMET,Manyara,Simanjiro,Health Center,-4.457219,37.191948,6951,High
106059-9,NABERERA,Manyara,Simanjiro,Health Center,-4.20257,36.9353,5213,Moderate
103475-0,LEMKUNA,Manyara,Simanjiro,Dispensary,-3.88851,37.4488,2329,Low
120941-0,LONDOTO,Manyara,Simanjiro,Dispensary,-3.53331,37.31107,1634,Very Low
121666-2,LANGAI,Manyara,Simanjiro,Dispensary,-3.89075,36.36478,683,Very Low
103592-2,LOSOKONOI,Manyara,Simanjiro,Dispensary,-4.05506,37.107223,4126,Moderate
103205-1,KITWAI A,Manyara,Simanjiro,Dispensary,-4.80839,37.15702,2410,Low
106883-2,OLJORO 5,Manyara,Simanjiro,Dispensary,-3.83709,36.6345,9312,Very High
120988-1,LERUMO,Manyara,Simanjiro,Dispensary,-4.65581,37.4937,1712,Very Low
123595-1,NAKWENI,Manyara,Simanjiro,Dispensary,-3.56051,36.98568,9466,Very High
111827-2,KITWAI B,Manyara,Simanjiro,Dispensary,-4.919931,37.303334,2431,Low
103590-6,LOSINYAI,Manyara,Simanjiro,Dispensary,-3.602966,36.719304,9491,Very High
107810-4,TERRAT,Manyara,Simanjiro,Dispensary,-3.88118,36.5877,3475,Low
120939-4,LOSWAKI,Manyara,Simanjiro,Dispensary,-3.82066,36.72027,8055,High
113966-6,SIMANJIRO,Manyara,Simanjiro,Hospital,-4.44725,37.20526,10476,Very High
113575-5,KIRUNG`URUNG,Manyara,Simanjiro,Dispensary,-4.48744,37.23502,6117,High
122278-5,LOIBORISIRET,Manyara,Simanjiro,Health Center,-3.52442,37.28277,3065,Low
122630-7,PEACE,Manyara,Simanjiro,Health Laboratory,-3.563864,36.98069,11543,Very High
107184-4,RUVU REMIT,Manyara,Simanjiro,Dispensary,-4.55899,37.6864,5637,Moderate
107657-9,SUKURO,Manyara,Simanjiro,Dispensary,-4.04417,36.5584,7169,High
112196-1,LEMOOTI,Manyara,Simanjiro,Dispensary,-3.82378,36.31431,3225,Low
103478-4,LENGASITI,Manyara,Simanjiro,Dispensary,-3.57466,37.15464,1602,Very Low
110807-5,KAMBI YA CHOKAA,Manyara,Simanjiro,Dispensary,-3.47554,37.18903,2440,Low
101269-9,GUNGE,Manyara,Simanjiro,Dispensary,-4.58991,37.87879,3842,Low
101104-8,ENGONONGOI,Manyara,Simanjiro,Dispensary,-3.82277,36.52375,8709,High
104963-4,MIRERANI UHC,Manyara,Simanjiro,Health Center,-3.57483,36.97611,15309,Very High
120940-2,LOSOITO,Manyara,Simanjiro,Dispensary,-3.60481,37.03517,1696,Very Low
103569-0,LOIBORSOIT A,Manyara,Simanjiro,Dispensary,-3.88243,36.42384,5865,High
113576-3,LENAITUNYO,Manyara,Simanjiro,Dispensary,-4.05225,36.43012,3634,Low
123269-3,EL-RAPHA,Manyara,Simanjiro,Health Laboratory,-3.60473,37.03517,727,Very Low
106934-3,ORKESUMET,Manyara,Simanjiro,Dispensary,-4.46411,37.1923,7857,High
103887-6,MAGADINI,Manyara,Simanjiro,Dispensary,-3.67901,37.3812,5927,High
106200-9,NAROKAWO,Manyara,Simanjiro,Dispensary,-4.22415,36.50127,7293,High
100673-3,MICO CALVARY,Manyara,Simanjiro,Dispensary,-3.55594,36.98645,8596,High
106862-6,NYUMBA YA MUNGU,Manyara,Simanjiro,Dispensary,-3.82192,37.4625,7241,High
106080-5,NAISINYAI,Manyara,Simanjiro,Dispensary,-3.517966,37.025632,15175,Very High
106890-7,OLCHORONYORI,Manyara,Simanjiro,Dispensary,-3.72611,37.2574,2448,Low
106102-7,NAMALULU,Manyara,Simanjiro,Dispensary,-4.34445,36.9505,7395,High
113577-1,LOROKARE,Manyara,Simanjiro,Dispensary,-3.7605,36.53078,7973,High
102872-9,KILOMBERO,Manyara,Simanjiro,Dispensary,-3.66218,36.84295,8367,High
121555-7,TERRAT,Manyara,Simanjiro,Health Center,-3.89075,36.36478,683,Very Low
120661-4,OLBILI,Manyara,Simanjiro,Dispensary,-4.45313,37.4756,1587,Very Low
120525-1,OKUTU,Manyara,Simanjiro,Dispensary,-4.20287,36.93494,6194,High
104742-2,MERERANI RC,Manyara,Simanjiro,Dispensary,-3.56378,36.97768,4957,Moderate
103570-8,LOIBORSOIT B,Manyara,Simanjiro,Dispensary,-4.397644,37.477621,3116,Low
105269-5,MOIPO,Manyara,Simanjiro,Dispensary,-3.55329,36.98344,14987,Very High
123228-9,SAGARA,Singida,Singida,Dispensary,-4.67981,35.10843,4694,Moderate
114036-7,UGHANDI B,Singida,Singida,Dispensary,-4.59764,34.72814,4519,Moderate
104488-2,MATUMBO,Singida,Singida,Dispensary,-4.55516,34.90348,7961,High
105632-4,MUGHAMO,Singida,Singida,Dispensary,-4.82357,34.91273,9109,Very High
107365-9,SENENE MFURU,Singida,Singida,Dispensary,-4.5692,34.67945,6228,High
123524-1,MAMO MEDICAL,Singida,Singida,Health Laboratory,-4.54831,34.84973,6903,High
114037-5,MUGHANGA,Singida,Singida,Dispensary,-4.51503,34.82511,5288,Moderate
112102-9,LAMBA,Singida,Singida,Dispensary,-4.82054,35.07167,6573,High
106273-6,NDUAMUGHANGA,Singida,Singida,Dispensary,-4.96986,35.22187,9660,Very High
123223-0,MHANGOO,Singida,Singida,Maternity and Nursing Home,-4.86271,35.34127,13368,Very High
104704-2,MDILU,Singida,Singida,Dispensary,-4.58902,34.99249,5460,Moderate
105332-1,MPAMBAA,Singida,Singida,Dispensary,-4.49471,34.81881,5261,Moderate
101955-3,ITAJA,Singida,Singida,Dispensary,-4.7146,35.06777,4833,Moderate
102979-2,KINYETO,Singida,Singida,Dispensary,-4.76329,34.85233,7049,High
101650-0,IKIWU,Singida,Singida,Dispensary,-4.61379,34.80099,9183,Very High
101761-5,ILONGERO,Singida,Singida,Health Center,-4.66653,34.87204,12562,Very High
104979-0,MISINKO,Singida,Singida,Dispensary,-4.63856,34.75588,5526,Moderate
122384-1,MWAKICHENCHE,Singida,Singida,Dispensary,-4.57571,34.85736,7000,High
109646-0,IGAURI,Singida,Singida,Dispensary,-4.69694,34.7993,8300,High
113136-6,BETHELI,Singida,Singida,Health Laboratory,-4.66185,34.86924,11811,Very High
106555-6,NKWAE,Singida,Singida,Dispensary,-4.61283,34.65627,3594,Low
105436-0,MSANGE,Singida,Singida,Health Center,-4.65128,35.03306,9444,Very High
100969-5,ST. CHARLES BORROMEUS,Singida,Singida,Dispensary,-4.45635,34.96344,8416,High
109633-8,GHALUNYANGU,Singida,Singida,Dispensary,-4.48747,34.96891,6106,High
108026-6,UGHANDI,Singida,Singida,Dispensary,-4.57054,34.72808,7511,High
123525-8,SAFINA GK,Singida,Singida,Health Laboratory,-4.76027,34.84498,6245,High
101646-8,IKHANODA,Singida,Singida,Dispensary,-4.59247,34.94807,8267,High
104790-1,MGORI,Singida,Singida,Health Center,-4.85328,34.97755,13023,Very High
105570-6,ST CAROLUS,Singida,Singida,Hospital,-4.54873,34.84298,10568,Very High
106384-1,NGIMU,Singida,Singida,Dispensary,-4.75445,35.08958,9240,Very High
105634-0,MUGHUNGA,Singida,Singida,Dispensary,-4.90077,35.08552,7183,High
112066-6,MWAHANGO,Singida,Singida,Dispensary,-4.70594,34.85831,6724,High
107344-4,SEFUNGA MANGIDA,Singida,Singida,Dispensary,-4.6585,35.08655,5511,Moderate
105619-1,MUDIDA,Singida,Singida,Dispensary,-4.45441,34.88195,15641,Very High
105764-5,MVAE,Singida,Singida,Dispensary,-4.64414,34.96598,8433,High
102970-1,KINYAGIGI,Singida,Singida,Dispensary,-4.72793,34.93997,17365,Very High
122402-1,MAKURO,Singida,Singida,Health Center,-4.51646,34.92754,11743,Very High
112065-8,AL-MANSOOR,Singida,Singida,Dispensary,-4.63479,34.65291,6623,High
109660-1,KINYAMWENDA,Singida,Singida,Dispensary,-4.73491,35.02883,7300,High
122382-5,UNYAMPANDA,Singida,Singida,Dispensary,-4.81035,34.74151,2069,Very Low
105032-7,MJUGHUDA,Singida,Singida,Dispensary,-4.56715,34.98305,6239,High
122383-3,MWACHAMBIA,Singida,Singida,Dispensary,-4.61991,34.99841,4514,Moderate
105066-5,MKENGE,Singida,Singida,Dispensary,-4.5792,34.89495,4834,Moderate
106341-1,NGAMU,Singida,Singida,Dispensary,-4.5347,35.03012,9062,Very High
107927-6,SINGIDA TUMAINI,Singida,Singida,Health Center,-4.81625,34.74966,72,Very Low
113183-8,VISION CARE - SINGIDA BRANCH,Singida,Singida,Clinic,-4.81638,34.75117,612,Very Low
124224-7,DOUBLE C,Singida,Singida,Clinic,-4.80251,34.73214,19734,Very High
122540-8,SINGIDA MUNICIPAL,Singida,Singida,Hospital,-4.81533,34.74761,1423,Very Low
122624-0,KISAKI,Singida,Singida,Dispensary,-4.90564,34.76884,7664,High
123750-2,ARAFAH,Singida,Singida,Dispensary,-4.72771,34.71342,5228,Moderate
109274-1,MANGA,Singida,Singida,Dispensary,-4.71901,34.71392,6066,High
107020-0,POLICE,Singida,Singida,Dispensary,-4.8203,34.74567,6653,High
124397-1,YUFAMILI.,Singida,Singida,Dispensary,-4.82874,34.72133,7778,High
120590-5,MABO,Singida,Singida,Dispensary,-4.82946,34.76268,8686,High
105571-4,MTIPA,Singida,Singida,Dispensary,-4.75114,34.77272,8625,High
121267-9,AMRI,Singida,Singida,Clinic,-4.80951,34.7376,3528,Low
124391-4,SINGAPORE,Singida,Singida,Clinic,-4.81612,34.74966,252,Very Low
122618-2,UNYIANGA,Singida,Singida,Dispensary,-4.87954,34.71054,8089,High
106044-1,MZALENDO,Singida,Singida,Dispensary,-4.81736,34.7491,490,Very Low
108110-8,UNYAMIKUMBI,Singida,Singida,Dispensary,-4.8996,34.80026,7152,High
103941-1,MAGEREZA,Singida,Singida,Dispensary,-4.81085,34.73795,2311,Low
105322-2,MOYO WA YESU NA MARIA,Singida,Singida,Dispensary,-4.80151,34.77569,10487,Very High
107485-5,SINGIDA,Singida,Singida,Hospital,-4.81553,34.74784,312,Very Low
112255-5,PRIDE,Singida,Singida,Clinic,-4.81612,34.75035,455,Very Low
123208-1,MED ONE,Singida,Singida,Dispensary,-4.80116,34.72341,9169,Very High
111224-2,FARAJA CENTER,Singida,Singida,Clinic,-4.81628,34.75009,84,Very Low
108038-1,UHASIBU,Singida,Singida,Dispensary,-4.79651,34.71965,12436,Very High
105526-8,Mtamaa,Singida,Singida,Dispensary,-4.9401910000000004,34.660481,7397,High
105690-2,MUNGUMAJI,Singida,Singida,Dispensary,-4.84428,34.784,10695,Very High
120554-1,MICO MANDEWA,Singida,Singida,Clinic,-4.79646,34.71587,10838,Very High
113114-3,MKOMBOZI,Singida,Singida,Health Laboratory,-4.81744,34.74596,1407,Very Low
122617-4,ITITI,Singida,Singida,Dispensary,-4.77675,34.65782,8971,High
109785-6,EAGT UTEMINI,Singida,Singida,Dispensary,-4.81513,34.73931,5553,Moderate
113122-6,WINDE,Singida,Singida,Health Laboratory,-4.82453,34.76455,17894,Very High
107516-7,SOKOINE,Singida,Singida,Health Center,-4.83115,34.75434,3725,Low
113109-3,UGHAUGHA,Singida,Singida,Dispensary,-4.90496,34.83833,6933,High
108109-0,UNYAMBWA,Singida,Singida,Dispensary,-4.80724,34.81425,5887,High
113131-7,UPENDO,Singida,Singida,Health Laboratory,-4.83484,34.75476,12777,Very High
123034-1,ISOMIA,Singida,Singida,Dispensary,-4.87239,34.59882,4451,Moderate
113121-8,MISSANGA,Singida,Singida,Health Laboratory,-4.82755,34.75079,9031,High
113182-0,C. K. OPTICAL,Singida,Singida,Clinic,-4.81846,34.75446,6659,High
122616-6,MANDEWA,Singida,Singida,Health Center,-4.82148,34.71181,7720,High
108034-0,UHAMAKA,Singida,Singida,Dispensary,-4.736931,34.669771,7161,High
122623-2,KISASIDA,Singida,Singida,Dispensary,-4.82584,34.84094,6822,High
113844-5,MTISI,Singida,Singida,Health Center,-4.92902,34.61744,4786,Moderate
113115-0,MANDELA,Singida,Singida,Health Laboratory,-4.81936,34.74944,2229,Low
105942-7,MWANKOKO,Singida,Singida,Dispensary,-4.86248,34.63771,10302,Very High
102582-4,MWAKI,Singida,Singida,Dispensary,-4.81553,34.75316,10767,Very High
114635-6,LITISHA A,Ruvuma,Songea,Dispensary,-10.6504,35.3846,3888,Moderate
105340-4,MPANDANGINDO,Ruvuma,Songea,Dispensary,-10.54261,35.6134,5831,Moderate
113971-6,SONGEA DC,Ruvuma,Songea,Hospital,-10.8233,35.5403,5589,Moderate
111872-8,PERAMIHO B,Ruvuma,Songea,Dispensary,-10.623288,35.456831,10827,Very High
103500-5,LIGANGA,Ruvuma,Songea,Dispensary,-10.678501,35.3376,1755,Very Low
106112-6,NAMATUHI,Ruvuma,Songea,Dispensary,-10.87231,35.44932,5178,Moderate
105738-9,MUUNGANOZOMBA,Ruvuma,Songea,Dispensary,-10.4923,35.2643,978,Very Low
115107-5,UYAHUDINI,Ruvuma,Songea,Dispensary,-10.7088,35.511,3000,Low
104005-4,MAGWAMILA,Ruvuma,Songea,Dispensary,-11.4747,35.6312,902,Very Low
103628-4,LUGAGARA,Ruvuma,Songea,Dispensary,-10.521173,35.268234,4289,Moderate
106978-0,PARANGU,Ruvuma,Songea,Dispensary,-10.608333,35.496944,3428,Low
114634-9,MATIMIRA,Ruvuma,Songea,Health Center,-10.7265,35.8401,1068,Very Low
102799-4,KIKUNJA,Ruvuma,Songea,Dispensary,-10.829249,35.732957999999996,3230,Low
104467-6,MATIMIRA,Ruvuma,Songea,Dispensary,-10.72,35.8,4197,Moderate
104618-4,MBINGA MHALULE,Ruvuma,Songea,Dispensary,-10.7325,35.389,5157,Moderate
104476-7,MATOMONDO,Ruvuma,Songea,Dispensary,-10.705146,35.389658,2008,Very Low
105176-2,JKT MLALE,Ruvuma,Songea,Dispensary,-10.79784,35.27141,4382,Moderate
105657-1,MUHUKURU,Ruvuma,Songea,Health Center,-11.2218,35.47647,7669,High
114637-2,MPANGULA,Ruvuma,Songea,Dispensary,-10.79663,35.85557,654,Very Low
105297-6,MOROGORO,Ruvuma,Songea,Dispensary,-10.62595,35.42591,4520,Moderate
109215-4,MUHUKURU NAKAWALE,Ruvuma,Songea,Dispensary,-11.41428,35.40054,2713,Low
104774-5,MGAZINI,Ruvuma,Songea,Dispensary,-10.4666,35.33292,1769,Very Low
103542-7,LIPOKELA,Ruvuma,Songea,Dispensary,-10.7096,35.3328,5220,Moderate
120995-6,LIGANGA,Ruvuma,Songea,Health Center,-10.67851,35.33761,309,Very Low
115113-3,MDUNDUWALO,Ruvuma,Songea,Dispensary,-10.47213,35.41453,2892,Low
100837-4,FABIO FALLICHETTI CHIPOLE,Ruvuma,Songea,Dispensary,-10.83076,35.269899,6264,High
106267-8,NDONGOSI,Ruvuma,Songea,Dispensary,-10.99236,35.60452,5354,Moderate
103796-9,LYANGWENI,Ruvuma,Songea,Dispensary,-10.767760000000001,35.49588,4242,Moderate
103559-1,LIULA,Ruvuma,Songea,Dispensary,-10.6878,35.7517,4425,Moderate
122423-7,KILAGANO,Ruvuma,Songea,Health Center,-10.46663,35.33292,3107,Low
106327-0,NGAHOKORA,Ruvuma,Songea,Dispensary,-10.87256,35.35852,5151,Moderate
103253-1,KIZUKA,Ruvuma,Songea,Dispensary,-10.88148,35.24686,6872,High
103758-9,LUSONGA,Ruvuma,Songea,Dispensary,-10.82128,35.227928,4177,Moderate
106084-7,NAKAHEGWA,Ruvuma,Songea,Dispensary,-10.7798,35.5403,1506,Very Low
102806-7,KILAGANO,Ruvuma,Songea,Dispensary,-10.44831,35.29123,4119,Moderate
105382-6,MPITIMBI,Ruvuma,Songea,Dispensary,-10.81376,35.54719,4690,Moderate
123538-1,LEIMA,Ruvuma,Songea,Health Laboratory,-10.37231,35.27281,1122,Very Low
103540-1,LIPAYA,Ruvuma,Songea,Dispensary,-10.7671,35.6169,6309,High
106990-5,ST. JOSEPH'S MISSION  PERAMIHO,Ruvuma,Songea,Hospital,-10.63771,35.46306,7532,High
121685-2,NDONGOSI A,Ruvuma,Songea,Dispensary,-10.99236,35.60452,5354,Moderate
104308-2,MAPOSENI,Ruvuma,Songea,Dispensary,-10.58048,35.43115,5735,Moderate
106085-4,NAKAHUGA,Ruvuma,Songea,Dispensary,-10.58754,35.33989,4265,Moderate
115102-6,MATAMA,Ruvuma,Songea,Dispensary,-11.20287,35.37296,3397,Low
103554-2,LITOWA,Ruvuma,Songea,Dispensary,-10.51605,35.47732,2563,Low
103565-8,LIWETA,Ruvuma,Songea,Dispensary,-10.5009,35.5984,3266,Low
120430-4,ST.OCTAVE AND TROMAN,Ruvuma,Songea,Clinic,-10.67484,35.63956,3201,Low
121881-7,LILAMBO 'A',Ruvuma,Songea,Health Center,-10.67068,35.53055,1445,Very Low
100730-1,CHANDARUA,Ruvuma,Songea,Dispensary,-10.592,35.62469,5876,High
100765-7,CHEM CHEM,Ruvuma,Songea,Dispensary,-10.69484,35.69043,2267,Low
112538-4,SEED FARM,Ruvuma,Songea,Dispensary,-10.6808,35.66833,6263,High
112416-3,VIRA,Ruvuma,Songea,Dispensary,-10.6746,35.6281,14410,Very High
108857-4,LIKUYUFUSI,Ruvuma,Songea,Dispensary,-10.67476,35.47967,5630,Moderate
110241-7,Gano GYN,Ruvuma,Songea,Clinic,-10.68004,35.65293,587,Very Low
107543-1,RUVUMA,Ruvuma,Songea,Hospital,-10.68087,35.65112,1323,Very Low
111906-4,LILAMBO 'B',Ruvuma,Songea,Dispensary,-10.66714,35.51836,2146,Low
100402-7,BOMBAMBILI,Ruvuma,Songea,Dispensary,-10.65667,35.65211,2538,Low
107909-4,TUMAINI,Ruvuma,Songea,Dispensary,-10.67709,35.64922,1055,Very Low
110243-3,RUHUWIKO,Ruvuma,Songea,Dispensary,-10.67421,35.59495,7534,High
107649-6,SUBIRA,Ruvuma,Songea,Dispensary,-10.71562,35.57933,5996,High
106006-0,MWENGEMSHINDO,Ruvuma,Songea,Dispensary,-10.6263,35.59396,5693,Moderate
105203-4,MLETELE,Ruvuma,Songea,Health Center,-10.63508,35.69868,5914,High
122936-8,MAZENGO,Ruvuma,Songea,Dispensary,-10.66944,35.65301,3442,Low
121321-4,NANCY,Ruvuma,Songea,Clinic,-10.649,35.65,16251,Very High
112304-1,NEEMA,Ruvuma,Songea,Clinic,-10.68004,35.65276,146,Very Low
100729-3,CHANDAMALI JWTZ,Ruvuma,Songea,Dispensary,-10.65975,35.66245,6871,High
111200-2,MLETE,Ruvuma,Songea,Dispensary,-10.57996,35.72881,3813,Low
103567-4,LIWUMBU,Ruvuma,Songea,Dispensary,-10.59929,35.69713,2855,Low
101145-1,FFU,Ruvuma,Songea,Dispensary,-10.66657,35.66794,5577,Moderate
120574-9,ST.OCTAVE AND TROMAN,Ruvuma,Songea,Clinic,-10.67484,35.63956,3201,Low
121882-5,LUPAPILA,Ruvuma,Songea,Dispensary,-10.71716,35.55796,3901,Moderate
113669-6,RUVUMA,Ruvuma,Songea,Health Center,-10.69386,35.63677,14072,Very High
112414-8,Ruvuma,Ruvuma,Songea,Clinic,-10.67881,35.6473,984,Very Low
120989-9,MSAMALA,Ruvuma,Songea,Health Center,-10.38361,35.38541,130,Very Low
104451-0,MATEKA A,Ruvuma,Songea,Dispensary,-10.6869,35.6629,9778,Very High
122003-7,HEKIMA,Ruvuma,Songea,Health Laboratory,-10.64009,35.62784,16516,Very High
108491-2,MFARANYAKI CHARITY,Ruvuma,Songea,Dispensary,-10.67609,35.64028,1784,Very Low
122827-9,MALAIKA,Ruvuma,Songea,Hospital,-10.40333,35.38533,544,Very Low
103949-4,MAGEREZA,Ruvuma,Songea,Dispensary,-10.68098,35.65334,2189,Low
123268-5,TRIPLE S,Ruvuma,Songea,Health Laboratory,-10.67153,35.59932,6086,High
107146-3,RUHUWIKO JWTZ,Ruvuma,Songea,Dispensary,-10.67001,35.61164,8202,High
111818-1,ST. BENJAMIN,Ruvuma,Songea,Dispensary,-10.65077,35.64879,3028,Low
122951-7,MIEMBENI LUTHERAN,Ruvuma,Songea,Dispensary,-10.37541,35.38451,630,Very Low
109130-5,UMATI,Ruvuma,Songea,Dispensary,-10.67414,35.66036,5759,Moderate
121885-8,SONGEA MUNICIPAL,Ruvuma,Songea,Hospital,-10.51366,35.67516,4169,Moderate
110240-9,MASIGIRA,Ruvuma,Songea,Dispensary,-10.55411,35.69221,3407,Low
123580-3,GABESA,Ruvuma,Songea,Dispensary,-10.66942,35.60787,6584,High
100689-9,CHABRUMA JWTZ,Ruvuma,Songea,Dispensary,-10.69338,35.53933,849,Very Low
105455-0,MSHANGANO,Ruvuma,Songea,Health Center,-10.61504,35.65111,20393,Very High
107480-6,SINAI,Ruvuma,Songea,Dispensary,-10.688917833333,35.448845,5299,Moderate
107743-7,TANGA,Ruvuma,Songea,Dispensary,-10.56044,35.66962,6165,High
104024-5,MAHILO,Ruvuma,Songea,Dispensary,-10.710189,35.70426,2137,Very Low
113096-2,SAFI,Ruvuma,Songea,Health Laboratory,-10.6777,35.64875,317,Very Low
121625-8,BEROYA,Ruvuma,Songea,Dispensary,-10.66,35.65,3448,Low
106252-0,NDILIMA LITEMBO,Ruvuma,Songea,Dispensary,-10.7492,35.65382,1806,Very Low
112415-5,WILOLESI GENERAL MEDICAL,Ruvuma,Songea,Clinic,-10.6651,35.6519,3164,Low
107569-6,ST. BENEDICT,Ruvuma,Songea,Dispensary,-10.67344,35.67218,4274,Moderate
112206-8,HOPE,Ruvuma,Songea,Clinic,-10.67784,35.65157,1278,Very Low
113065-7,HURUMA,Ruvuma,Songea,Health Laboratory,-10.67871,35.64998,397,Very Low
105028-5,MJIMWEMA,Ruvuma,Songea,Health Center,-10.66459,35.62539,15127,Very High
110945-3,MCW DENTAL,Ruvuma,Songea,Clinic,-10.69996,35.64592,3872,Low
112531-9,MAKAMBI,Ruvuma,Songea,Dispensary,-10.67179,35.64627,1095,Very Low
106566-3,NONGANONGA,Ruvuma,Songea,Dispensary,-10.61203,35.71361,2670,Low
104448-6,MATARAWE,Ruvuma,Songea,Dispensary,-10.66718,35.64108,8605,High
107618-1,ST. NORBERT VISITATION,Ruvuma,Songea,Health Center,-10.6647,35.6478,2976,Low
105900-5,MWANAMONGA,Ruvuma,Songea,Dispensary,-10.6378,35.5516,3850,Low
111292-9,ANGAZA VCT,Ruvuma,Songea,Dispensary,-10.67188,35.64617,1385,Very Low
104473-4,MATOGOROKATI,Ruvuma,Songea,Dispensary,-10.67966,35.68233,5327,Moderate
123533-2,UPONE,Ruvuma,Songea,Health Laboratory,-10.67215,35.53805,1550,Very Low
107578-7,ST. CAMILIUS,Ruvuma,Songea,Health Center,-10.68007,35.64685,3820,Low
114345-2,MSAMALA MUSLIM,Ruvuma,Songea,Dispensary,-10.64808,35.63689,12496,Very High
123005-1,FLORIDA,Ruvuma,Songea,Health Laboratory,-10.67159166,35.56413833,3387,Low
110946-1,CHANDARUA JWTZ,Ruvuma,Songea,Dispensary,-10.59692,35.6541,5460,Moderate
121289-3,TUNAJALI,Ruvuma,Songea,Clinic,-10.677455,35.638195,6030,High
108884-8,ST.FRANCIS,Ruvuma,Songea,Dispensary,-10.67125,35.66927,2036,Very Low
109167-7,IFWENKENYA,Songwe,Songwe,Dispensary,-8.634917,33.149211,11815,Very High
114156-3,MWAMBANI,Songwe,Songwe,Dispensary,-8.45074,33.00404,6692,High
114155-5,MANDA,Songwe,Songwe,Dispensary,-8.52271,32.74939,4563,Moderate
110990-9,IYOVYO,Songwe,Songwe,Dispensary,-8.53206,32.836749,7471,High
109159-4,KANGA,Songwe,Songwe,Dispensary,-8.579571,33.058581,10919,Very High
109156-0,NGWALA,Songwe,Songwe,Dispensary,-7.742485,32.817439,6455,High
109171-9,KAPALALA,Songwe,Songwe,Dispensary,-8.065178,32.684799,10642,Very High
109162-8,MBALA,Songwe,Songwe,Dispensary,-8.536998,33.075094,2932,Low
106454-2,NGWALA,Songwe,Songwe,Dispensary,-7.72064,32.7879,1328,Very Low
104567-3,MBANGALA,Songwe,Songwe,Dispensary,-8.35409,32.9101,7357,High
121168-9,New Luika Gold Mine Clinc,Songwe,Songwe,Clinic,-8.3631,32.96659,2990,Low
113845-2,SONGWE DC,Songwe,Songwe,Hospital,-8.4447,33.04256,5294,Moderate
113846-0,WANZANI,Songwe,Songwe,Dispensary,-8.59321,33.03327,4697,Moderate
123616-5,NDANGA,Songwe,Songwe,Dispensary,-8.30406,32.58591,35,Very Low
101260-8,SOME,Songwe,Songwe,Dispensary,-7.85407,32.4849,3757,Low
109542-1,ILEYA,Songwe,Songwe,Dispensary,-8.661837,33.182452,8682,High
109526-4,RUKWA,Songwe,Songwe,Dispensary,-8.09773,32.60416,3641,Low
109187-5,TOTOWE,Songwe,Songwe,Dispensary,-8.539012,32.943249,12060,Very High
109189-1,IFUKO,Songwe,Songwe,Dispensary,-8.571398,33.040289,5656,Moderate
109478-8,PATAMELA,Songwe,Songwe,Dispensary,-8.36698,33.06231,3782,Low
108008-4,UDINDE,Songwe,Songwe,Dispensary,-8.10128,32.6175,4001,Moderate
114154-8,ITIZIRO,Songwe,Songwe,Dispensary,-7.81981,32.79347,1660,Very Low
109213-9,MWAMBANI,Songwe,Songwe,Hospital,-8.443633,33.009839,28189,Very High
109188-3,MPONA,Songwe,Songwe,Dispensary,-8.585044,32.841147,10506,Very High
109497-8,MALEZA,Songwe,Songwe,Dispensary,-8.39867,32.90849,3447,Low
109160-2,GALULA,Songwe,Songwe,Dispensary,-8.608564,33.024871,8336,High
109181-8,NAMKUKWE,Songwe,Songwe,Dispensary,-8.58899,32.729105,5211,Moderate
122819-6,NJELENJE,Songwe,Songwe,Dispensary,-8.10417,32.52483,50,Very Low
120503-8,TEN MEDICAL,Songwe,Songwe,Dispensary,-8.26327,33.00505,8229,High
114152-2,ILASILO,Songwe,Songwe,Dispensary,-8.63059,33.03154,10391,Very High
114107-6,GENESIS,Songwe,Songwe,Dispensary,-8.54222,32.75294,6914,High
109186-7,MAGAMBA,Songwe,Songwe,Dispensary,-8.611093,32.921836,16807,Very High
109175-0,SAZA,Songwe,Songwe,Dispensary,-8.387387,33.000314,14971,Very High
109169-3,GUA,Songwe,Songwe,Dispensary,-7.854105,32.484907,8680,High
123748-6,FIN,Songwe,Songwe,Dispensary,-8.34528,32.50379,950,Very Low
109446-5,ITINDI,Songwe,Songwe,Dispensary,-8.66771,32.99604,8702,High
109163-6,TETE,Songwe,Songwe,Dispensary,-8.589708,33.112512,8814,High
101890-2,ISANZU,Songwe,Songwe,Dispensary,-8.51626,32.69701,10446,Very High
109177-6,MBUYUNI,Songwe,Songwe,Health Center,-8.537654,33.003164,18840,Very High
110916-4,KIZUMBI,Rukwa,Sumbawanga,Dispensary,-8.45946,32.03816,4386,Moderate
114506-9,Mtowisa,Rukwa,Sumbawanga,Hospital,-7.806917,31.774073,10606,Very High
114501-0,Maleza,Rukwa,Sumbawanga,Dispensary,-8.320687,32.302181,10220,Very High
102819-0,Kilangawana,Rukwa,Sumbawanga,Dispensary,-8.30051,32.3269,14557,Very High
102260-7,Kalumbaleza,Rukwa,Sumbawanga,Dispensary,-7.62137,31.5067,13827,Very High
102223-5,Kalambazite,Rukwa,Sumbawanga,Dispensary,-8.39822,31.9359,10117,Very High
107234-7,Sakalilo,Rukwa,Sumbawanga,Dispensary,-8.20622,31.9733,11804,Very High
107953-2,Tunko,Rukwa,Sumbawanga,Dispensary,-8.675392,32.16539,6225,High
103595-5,Lowe,Rukwa,Sumbawanga,Dispensary,-8.530358,31.962858,6661,High
103066-7,Kisalala,Rukwa,Sumbawanga,Dispensary,-8.61784,31.9928,3800,Low
110224-3,Zimba,Rukwa,Sumbawanga,Dispensary,-7.855676,31.825631,9278,Very High
102483-5,Katonto,Rukwa,Sumbawanga,Dispensary,-8.228946,31.726507,3162,Low
120380-1,KAENGESA,Rukwa,Sumbawanga,Health Center,-8.26527,31.70453,8747,High
105044-2,Mkamba,Rukwa,Sumbawanga,Dispensary,-7.787476,31.684346,18996,Very High
114502-8,MUST Rukwa Campus College,Rukwa,Sumbawanga,Dispensary,-8.318417,31.787288,4960,Moderate
105463-4,Msia,Rukwa,Sumbawanga,Dispensary,-7.95023,31.857499,7358,High
106187-8,Nankanga,Rukwa,Sumbawanga,Dispensary,-8.25757,32.0493,22081,Very High
101730-0,Ilembo,Rukwa,Sumbawanga,Dispensary,-8.39329,31.8171,4422,Moderate
102564-2,Kianda Igonda,Rukwa,Sumbawanga,Dispensary,-8.50992,32.1819,10882,Very High
103748-0,Lusaka,Rukwa,Sumbawanga,Dispensary,-8.4895,32.0234,9910,Very High
102255-7,Kalole,Rukwa,Sumbawanga,Dispensary,-8.18631,31.7408,2167,Low
105593-8,Mtowisa,Rukwa,Sumbawanga,Health Center,-7.806906,31.774059,4142,Moderate
110822-4,ILANGA,Rukwa,Sumbawanga,Dispensary,-8.153901,32.340734,242,Very Low
104189-6,Malolwa,Rukwa,Sumbawanga,Dispensary,-8.25299,31.8248,4223,Moderate
104753-9,Mfinga,Rukwa,Sumbawanga,Dispensary,-7.50747,31.4342,6655,High
105456-8,Mshani,Rukwa,Sumbawanga,Dispensary,-8.431975,31.988193,5982,High
101728-4,Ilemba,Rukwa,Sumbawanga,Dispensary,-8.252542,31.984828,8806,High
105428-7,Msanda Muungano,Rukwa,Sumbawanga,Health Center,-8.11001,31.8449,3989,Moderate
105392-5,Mpui,Rukwa,Sumbawanga,Health Center,-8.35442,31.8376,17666,Very High
105042-6,MKALE,Rukwa,Sumbawanga,Dispensary,-7.80517,31.77368,15586,Very High
105254-7,Mnokola,Rukwa,Sumbawanga,Dispensary,-8.63968,31.9438,5199,Moderate
103700-1,Lula,Rukwa,Sumbawanga,Dispensary,-8.289386,31.665396,4181,Moderate
107540-7,Songambele Azimio,Rukwa,Sumbawanga,Dispensary,-8.05479,31.8283,2797,Low
102409-0,Kasekela,Rukwa,Sumbawanga,Dispensary,-7.46799,31.44349,9720,Very High
111740-7,TUKUWA ANNEX,Rukwa,Sumbawanga,Dispensary,-7.50239,31.43508,4794,Moderate
102813-3,Kilando,Rukwa,Sumbawanga,Dispensary,-8.51425,32.298729,3091,Low
105319-8,Movu,Rukwa,Sumbawanga,Dispensary,-8.572169,32.126265,3126,Low
105678-7,MUMBA,Rukwa,Sumbawanga,Health Center,-8.17411,31.856,8169,High
102563-4,Kianda,Rukwa,Sumbawanga,Dispensary,-8.293211,31.755769,5012,Moderate
101674-0,Ikozi,Rukwa,Sumbawanga,Dispensary,-8.39229,31.8926,12592,Very High
103797-7,Lyapona,Rukwa,Sumbawanga,Dispensary,-8.3271128,31.709084,8068,High
105759-5,Muze,Rukwa,Sumbawanga,Dispensary,-7.67199,31.55187,13398,Very High
105367-7,Mpete,Rukwa,Sumbawanga,Dispensary,-7.55115,31.46712,10864,Very High
111708-4,Kilyamatundu,Rukwa,Sumbawanga,Dispensary,-8.3530995,32.28208,12327,Very High
123041-6,KAENGESA GOVERNMENT,Rukwa,Sumbawanga,Health Center,-8.14137,31.41586,1644,Very Low
110107-0,Miangalua,Rukwa,Sumbawanga,Dispensary,-8.628994,32.135176,10173,Very High
100854-9,CHITETE,Rukwa,Sumbawanga,Dispensary,-8.2599,31.64864,3876,Moderate
103058-4,Kisa,Rukwa,Sumbawanga,Dispensary,-8.023668,31.888365,9920,Very High
104927-9,Milepa,Rukwa,Sumbawanga,Health Center,-8.07651,31.9341,6391,High
102293-8,Kamnyazya,Rukwa,Sumbawanga,Dispensary,-8.485531,32.084525,4908,Moderate
107896-3,TUKUWA,Rukwa,Sumbawanga,Dispensary,-7.68126,31.56034,16775,Very High
102504-8,Kavifuti,Rukwa,Sumbawanga,Dispensary,-8.69023,32.0667,8545,High
110818-2,NDELEMA,Rukwa,Sumbawanga,Dispensary,-8.00022,32.00125,41,Very Low
101969-4,Itela,Rukwa,Sumbawanga,Dispensary,-8.324539,31.745628,3220,Low
106560-6,Nkwilo,Rukwa,Sumbawanga,Dispensary,-7.58334,31.47827,11017,Very High
102925-5,Kinambo,Rukwa,Sumbawanga,Dispensary,-8.15,31.9833,6176,High
115098-6,KIPETA,Rukwa,Sumbawanga,Health Center,-8.36826,32.26935,10105,Very High
107273-5,Sandulula,Rukwa,Sumbawanga,Dispensary,-8.18457,31.8251,4586,Moderate
107521-7,Solola,Rukwa,Sumbawanga,Dispensary,-8.26651,32.0158,5161,Moderate
105398-2,Mpwapwa,Rukwa,Sumbawanga,Dispensary,-8.228635,31.860618,7217,High
102823-2,Kilembo,Rukwa,Sumbawanga,Dispensary,-8.375605,31.976118,6406,High
110052-8,Mkima,Rukwa,Sumbawanga,Dispensary,-8.312556,31.825285,7111,High
107808-8,Tentula,Rukwa,Sumbawanga,Dispensary,-8.428658,31.905157,5421,Moderate
103258-0,Kizungu,Rukwa,Sumbawanga,Dispensary,-7.74206,31.5132,4507,Moderate
105146-5,Mkusi,Rukwa,Sumbawanga,Dispensary,-8.186209,31.74074,2540,Low
103002-2,Kipeta,Rukwa,Sumbawanga,Dispensary,-8.37668,32.2683,11126,Very High
120382-7,KAENGESA SEMINARY,Rukwa,Sumbawanga,Dispensary,-8.26053,31.68524,1541,Very Low
115136-4,KAZI,Rukwa,Sumbawanga,Dispensary,-8.26209,31.72265,2988,Low
108237-9,Uzia,Rukwa,Sumbawanga,Dispensary,-7.728587,31.612823,14198,Very High
111895-9,NZUMI,Rukwa,Sumbawanga,Dispensary,-8.25657,31.99129,11944,Very High
112992-3,ILOMOS,Rukwa,Sumbawanga,Health Laboratory,-8.56606,32.04139,8056,High
115128-1,MPONA,Rukwa,Sumbawanga,Dispensary,-8.49414,32.29008,4264,Moderate
100878-8,Chombe,Rukwa,Sumbawanga,Dispensary,-8.58068,32.221,9509,Very High
102353-0,KAOZE,Rukwa,Sumbawanga,Health Center,-8.45989,32.15831,24723,Very High
105134-1,Mkunda,Rukwa,Sumbawanga,Dispensary,-8.21731,31.6834,7275,High
104998-0,Mititi,Rukwa,Sumbawanga,Dispensary,-8.72219,31.9629,8147,High
103442-0,Laela,Rukwa,Sumbawanga,Health Center,-8.57128,32.0493,20101,Very High
120495-7,LUWA JESHI LA KUJENGA TAIFA,Rukwa,Sumbawanga,Dispensary,-7.859655,31.528326,1912,Very Low
114087-0,SUMBAWANGA SPECIALIZED,Rukwa,Sumbawanga,Clinic,-7.97444,31.60995,4236,Moderate
105172-1,MKYEKU,Rukwa,Sumbawanga,Dispensary,-7.9644,31.6127,1113,Very Low
114707-3,NAMBOGO,Rukwa,Sumbawanga,Dispensary,-8.04035,31.66232,6786,High
110084-1,MALAGANO,Rukwa,Sumbawanga,Dispensary,-8.13702,31.652,5210,Moderate
104053-4,MAJENGO,Rukwa,Sumbawanga,Dispensary,-7.947836,31.626213,25857,Very High
114905-3,MPONDA,Rukwa,Sumbawanga,Dispensary,-7.96563,31.61311,815,Very Low
122930-1,EBEN,Rukwa,Sumbawanga,Clinic,-7.96169,31.61261,1070,Very Low
121462-6,MATANGA,Rukwa,Sumbawanga,Health Center,-8.03674,31.50831,233,Very Low
100839-0,CHIPU,Rukwa,Sumbawanga,Dispensary,-7.976159,31.455994,3895,Moderate
104515-2,MAWENZUSI,Rukwa,Sumbawanga,Dispensary,-7.99788,31.792362,4625,Moderate
110233-4,ST.THERESIA,Rukwa,Sumbawanga,Health Center,-7.982182,31.619786,15689,Very High
102491-8,KATUMBA AZIMIO,Rukwa,Sumbawanga,Health Center,-8.08157,31.66584,6479,High
105279-4,MOLLO,Rukwa,Sumbawanga,Dispensary,-8.07913,31.7849,810,Very Low
113749-6,KINDERHAUS,Rukwa,Sumbawanga,Dispensary,-7.93797,31.60686,23373,Very High
102335-7,KANKWALE,Rukwa,Sumbawanga,Dispensary,-7.8984,31.59168,4995,Moderate
101003-2,DR. ATMAN,Rukwa,Sumbawanga,Hospital,-7.95773,31.63548,24544,Very High
105186-1,MLANDA,Rukwa,Sumbawanga,Dispensary,-8.053819,31.59555,9158,Very High
102419-9,KASENSE,Rukwa,Sumbawanga,Dispensary,-7.97996,31.5049,2167,Low
102414-0,KASEMA,Rukwa,Sumbawanga,Dispensary,-7.960423,31.614008,260,Very Low
103261-4,KIZWITE,Rukwa,Sumbawanga,Dispensary,-7.978916,31.62846,22453,Very High
100763-2,CHELENGANYA,Rukwa,Sumbawanga,Dispensary,-8.06247,31.53457,2829,Low
123693-4,FRAVERO,Rukwa,Sumbawanga,Health Laboratory,-7.95974,31.61722,6392,High
102951-1,KING'OMBE,Rukwa,Sumbawanga,Dispensary,-7.9696,31.66576,7732,High
102840-6,KILIMANI,Rukwa,Sumbawanga,Maternity Home,-7.98692,31.631,41726,Very High
115111-7,SUMBAWANGA ASILIA,Rukwa,Sumbawanga,Health Center,-7.94725,31.60946,15993,Very High
101021-4,MNZAVA'S,Rukwa,Sumbawanga,Dispensary,-7.96172,31.61579,814,Very Low
102338-1,KANONDO,Rukwa,Sumbawanga,Dispensary,-7.91286,31.5697,5566,Moderate
107367-5,SENGA,Rukwa,Sumbawanga,Dispensary,-7.91276,31.62632,5173,Moderate
114518-4,SUMBAWANGA MUNICIPAL,Rukwa,Sumbawanga,Hospital,-7.96269,31.56729,6741,High
106599-4,NTENDO,Rukwa,Sumbawanga,Dispensary,-7.904629,31.536157,4850,Moderate
104447-8,MATANGA,Rukwa,Sumbawanga,Dispensary,-8.019121,31.513643,4445,Moderate
101902-5,ISESA,Rukwa,Sumbawanga,Dispensary,-8.0169,31.676673,14135,Very High
110162-5,SANGOS,Rukwa,Sumbawanga,Dispensary,-7.95167,31.62788,10074,Very High
105563-1,MTIMBWA,Rukwa,Sumbawanga,Dispensary,-7.987894,31.531107,5059,Moderate
111690-4,SUMMIT,Rukwa,Sumbawanga,Health Center,-7.95989,31.61292,3481,Low
108015-9,UFIPA,Rukwa,Sumbawanga,Dispensary,-7.961372,31.614635,426,Very Low
123719-7,DESHELI MEDICAL CARE,Rukwa,Sumbawanga,Dispensary,-7.96338,31.60815,7317,High
104537-6,MAZWI,Rukwa,Sumbawanga,Health Center,-7.965825,31.613261,650,Very Low
104006-2,MAHABUSU,Rukwa,Sumbawanga,Dispensary,-7.96741,31.61592,6394,High
101165-9,FYENGELEZYA,Rukwa,Sumbawanga,Dispensary,-7.89141,31.49261,2268,Low
102833-1,KILIMAHEWA,Rukwa,Sumbawanga,Dispensary,-7.973764,31.601355,4445,Moderate
110977-6,UNIQUE,Rukwa,Sumbawanga,Dispensary,-7.95937,31.61506,2491,Low
110163-3,WIPANGA,Rukwa,Sumbawanga,Dispensary,-7.872532,31.630966,2797,Low
107663-7,SUMBAWANGA,Rukwa,Sumbawanga,Hospital,-7.96641,31.614065,994,Very Low
108578-6,KISUMBA,Rukwa,Sumbawanga,Dispensary,-8.052285,31.50198,3572,Low
107333-7,SABATO,Rukwa,Sumbawanga,Dispensary,-7.961342,31.616464,2123,Very Low
108078-7,MOLLO,Rukwa,Sumbawanga,Health Center,-8.03438,31.75971,338,Very Low
123692-6,HERIAN MEDICAL,Rukwa,Sumbawanga,Health Laboratory,-8.42262,31.40219,2862,Low
102460-3,KATANDALA,Rukwa,Sumbawanga,Health Center,-7.951357,31.620793,9302,Very High
107722-1,TAMASENGA,Rukwa,Sumbawanga,Dispensary,-8.136599,31.670927,4760,Moderate
104191-2,MALONJE,Rukwa,Sumbawanga,Dispensary,-8.070551,31.737426,3756,Low
103778-7,LUWA,Rukwa,Sumbawanga,Dispensary,-7.85961,31.5284,2320,Low
109897-9,EPHATA,Tabora,Tabora,Health Center,-5.02576,32.79645,5113,Moderate
123486-3,FURAHA,Tabora,Tabora,Clinic,-5.02253,32.79627,1433,Very Low
121769-4,MISHA,Tabora,Tabora,Health Center,-4.90857,32.76628,6243,High
101904-1,ISEVYA,Tabora,Tabora,Dispensary,-5.014012,32.819886,3020,Low
102866-1,KILOLENI,Tabora,Tabora,Dispensary,-5.006831,32.813171,1537,Very Low
109675-9,BLOCKFARM,Tabora,Tabora,Dispensary,-4.92187,32.65226,5174,Moderate
113358-6,FURAHA EYE CENTRE,Tabora,Tabora,Clinic,-5.01899,32.81065,901,Very Low
104383-5,MSANGE JKT,Tabora,Tabora,Dispensary,-4.97819,32.66507,4060,Moderate
113357-8,MASHATI OPTICAL CENTRE,Tabora,Tabora,Clinic,-5.028675,32.807345,2923,Low
113192-9,MILUNGU,Tabora,Tabora,Health Laboratory,-5.016636,32.826256,4858,Moderate
101950-4,ITAGA,Tabora,Tabora,Dispensary,-4.94072,32.74548,4974,Moderate
111581-5,OMULINGA,Tabora,Tabora,Health Center,-5.016078,32.805723,2898,Low
122308-0,New Afya Care,Tabora,Tabora,Health Laboratory,-5.0220955,32.8030482,1476,Very Low
107703-1,KITETE,Tabora,Tabora,Hospital,-5.02665,32.8073,475,Very Low
107871-6,TOWN,Tabora,Tabora,Dispensary,-5.02744,32.784,10673,Very High
113188-7,HEKIMA,Tabora,Tabora,Health Laboratory,-5.01665,32.82059,1507,Very Low
109829-2,AMUCTA,Tabora,Tabora,Dispensary,-5.02433,32.81594,2461,Low
104961-8,MILAMBO MILITARY,Tabora,Tabora,Hospital,-4.99393,32.79768,7077,High
122159-7,mkama,Tabora,Tabora,Health Laboratory,-5.0112467,32.827965,8429,High
102210-2,KAKOLA,Tabora,Tabora,Dispensary,-4.83333,32.76671,8840,High
110857-0,NG'AMBO,Tabora,Tabora,Dispensary,-5.0376,32.802988,2906,Low
100343-3,BEATRICE,Tabora,Tabora,Dispensary,-5.0202,32.80632,965,Very Low
122934-3,NKINGA  TABORA,Tabora,Tabora,Clinic,-5.01925,32.80652,556,Very Low
100773-1,CHEYO,Tabora,Tabora,Dispensary,-5.04216,32.8294,17315,Very High
112535-0,EMI,Tabora,Tabora,Clinic,-5.02463,32.81051,1286,Very Low
101980-1,ITETEMIA,Tabora,Tabora,Dispensary,-5.10085,32.79068,3317,Low
108100-9,UMOJA,Tabora,Tabora,Dispensary,-5.020581,32.80231,1190,Very Low
114823-8,FEKA,Tabora,Tabora,Clinic,-5.0170912,32.7988,325,Very Low
104271-2,MANOLEO,Tabora,Tabora,Dispensary,-4.99069,32.9545,7113,High
124149-6,EPHATA MISSION -TABORA,Tabora,Tabora,Health Center,-5.01232,32.76755,7196,High
107843-5,TMC,Tabora,Tabora,Dispensary,-5.02534,32.80729,1112,Very Low
123207-3,ST. RITACASCIA,Tabora,Tabora,Clinic,-5.02652,32.84388,13991,Very High
109865-6,UHAZILI,Tabora,Tabora,Dispensary,-5.025807,32.812727,737,Very Low
102262-3,KALUNDE,Tabora,Tabora,Dispensary,-4.97291,32.69661,5299,Moderate
112974-1,AGA KHAN,Tabora,Tabora,Clinic,-5.01862,32.81113,294,Very Low
113189-5,NJINGO,Tabora,Tabora,Health Laboratory,-5.01693,32.79838,9729,Very High
120549-1,ITULU,Tabora,Tabora,Dispensary,-5.12946,32.85902,3428,Low
114450-0,REMTULLA,Tabora,Tabora,Health Laboratory,-5.017648,32.81321,2032,Very Low
107334-5,SDA,Tabora,Tabora,Dispensary,-5.01738,32.81115,1698,Very Low
113204-2,MIHAYO,Tabora,Tabora,Health Laboratory,-5.006046,32.811717,4579,Moderate
113187-9,VANESA,Tabora,Tabora,Health Laboratory,-5.01735,32.8055,336,Very Low
124355-9,EMAGY,Tabora,Tabora,Health Laboratory,-5.27306,32.83968,4170,Moderate
101527-0,UMANDA,Tabora,Tabora,Dispensary,-4.86214,32.66372,4347,Moderate
106251-2,NDEVELWA,Tabora,Tabora,Dispensary,-5.10586,32.88257,8873,High
101664-1,IKOMWA,Tabora,Tabora,Dispensary,-4.73001,32.7966,13400,Very High
112303-3,MAILI TANO,Tabora,Tabora,Health Center,-5.004466,32.854929,10862,Very High
122929-3,CHARITY MISSION,Tabora,Tabora,Dispensary,-5.00652,32.84001,13541,Very High
113193-7,KUDO,Tabora,Tabora,Health Laboratory,-5.02638,32.80747,290,Very Low
101837-3,ST' ANN' MISSION,Tabora,Tabora,Hospital,-5.014753,32.843983,8592,High
122687-7,MSONGANZILA,Tabora,Tabora,Health Laboratory,-5.02279,32.79593,3460,Low
102988-3,KIPALAPALA,Tabora,Tabora,Dispensary,-5.09596,32.7947,6957,High
109740-1,MWIZAMHOLYA,Tabora,Tabora,Dispensary,-5.01748,32.7999,646,Very Low
107941-7,TUMBI,Tabora,Tabora,Health Center,-5.07511,32.69651,7396,High
110838-0,TRL,Tabora,Tabora,Dispensary,-5.02092,32.82076,4480,Moderate
123713-0,MAFWELE,Tabora,Tabora,Dispensary,-5.03463,32.75864,4196,Moderate
105524-3,MTAKUJA,Tabora,Tabora,Dispensary,-5.147561,32.752321,5214,Moderate
113206-7,BEDA,Tabora,Tabora,Health Laboratory,-5.03914,32.80455,3202,Low
123768-4,IGAMBILO,Tabora,Tabora,Dispensary,-4.91116,32.72469,3002,Low
106594-5,NTALIKWA,Tabora,Tabora,Dispensary,-5.11172,32.73951,4795,Moderate
108235-3,UYUI,Tabora,Tabora,Dispensary,-4.95048,32.8331,9814,Very High
122486-4,MTENDENI,Tabora,Tabora,Dispensary,-5.03496,32.81716,9290,Very High
103942-9,MAGEREZA,Tabora,Tabora,Dispensary,-4.97643,32.88169,2947,Low
120783-6,IGOSHA,Tabora,Tabora,Dispensary,-4.81339,32.67732,5481,Moderate
114812-1,TABORA MUNICIPAL,Tabora,Tabora,Hospital,-5.04,32.8,4973,Moderate
112536-8,CANAAN HEIRS,Tabora,Tabora,Clinic,-5.01774,32.80544,463,Very Low
113208-3,KILOLENI,Tabora,Tabora,Health Laboratory,-5.00605,32.81551,7853,High
105295-0,MORAVIAN,Tabora,Tabora,Dispensary,-5.01639,32.80091,3656,Low
109800-3,IMALAMIHAYO,Tabora,Tabora,Dispensary,-4.96433,32.88211,5375,Moderate
107005-1,POLICE,Tabora,Tabora,Dispensary,-5.02745,32.81401,1916,Very Low
113191-1,UHURU,Tabora,Tabora,Health Laboratory,-5.01653,32.83826,6165,High
104187-0,MALOLO,Tabora,Tabora,Dispensary,-5.03094,32.76499,2469,Low
113184-6,AMEN,Tabora,Tabora,Health Laboratory,-5.02836,32.80176,4186,Moderate
101500-7,IFUCHA,Tabora,Tabora,Dispensary,-5.03441,32.95529,7396,High
110858-8,ST PHILIPO,Tabora,Tabora,Health Center,-5.04705,32.80169,15927,Very High
106139-9,NAMIKUPA,Mtwara,Tandahimba,Health Center,-10.84307,39.62274,9040,Very High
113901-3,MAMBAMBA,Mtwara,Tandahimba,Health Center,-10.72257,39.50861,7544,High
107736-1,TANDAHIMBA,Mtwara,Tandahimba,Hospital,-10.75298,39.63918,3772,Low
104690-3,MCHICHIRA,Mtwara,Tandahimba,Dispensary,-10.89594,39.62944,5907,High
100980-2,DINEMBO,Mtwara,Tandahimba,Dispensary,-10.93639,39.49938,7393,High
103537-7,LIPALWE,Mtwara,Tandahimba,Dispensary,-10.95121,39.46946,3304,Low
106145-6,NAMKOMOLELA,Mtwara,Tandahimba,Dispensary,-10.7323,39.5493,4765,Moderate
104036-9,MAHUTA,Mtwara,Tandahimba,Health Center,-10.87609,39.42982,3989,Moderate
122250-4,DINDUMA,Mtwara,Tandahimba,Dispensary,-10.85458,39.50021,5293,Moderate
103599-7,LUAGALA,Mtwara,Tandahimba,Health Center,-10.54403,39.47835,11709,Very High
103515-3,LIKOLOMBE,Mtwara,Tandahimba,Dispensary,-10.36101,39.4201,2141,Low
112376-9,RAMSHAN,Mtwara,Tandahimba,Dispensary,-10.91383,39.5634,8643,High
112404-9,NYOTA NJEMA TANDAHIMBA,Mtwara,Tandahimba,Dispensary,-10.75236,39.63405,3178,Low
105011-1,MIVANGA,Mtwara,Tandahimba,Dispensary,-10.6795,39.6425,6544,High
104818-0,MICHENJELE,Mtwara,Tandahimba,Dispensary,-10.800840000000001,39.87867,5417,Moderate
111948-6,AMANI,Mtwara,Tandahimba,Health Center,-10.76401,39.64431,10909,Very High
120747-1,NJAME,Mtwara,Tandahimba,Dispensary,-10.84971,39.70012,3398,Low
105114-3,MKOREHA,Mtwara,Tandahimba,Dispensary,-10.84845,39.7315,10377,Very High
106117-5,NAMBAHU,Mtwara,Tandahimba,Dispensary,-10.67951,39.64253,4624,Moderate
112454-4,M & B,Mtwara,Tandahimba,Dispensary,-10.81268,39.52836,10253,Very High
105086-3,MKOLA,Mtwara,Tandahimba,Dispensary,-10.5459,39.4295,3292,Low
104495-7,MAUNDO,Mtwara,Tandahimba,Dispensary,-10.89593,39.62949,4326,Moderate
106140-7,NAMINDONDI,Mtwara,Tandahimba,Dispensary,-10.4074,39.4691,4550,Moderate
104705-9,MDIMBA,Mtwara,Tandahimba,Dispensary,-10.75986,39.47408,8912,High
106194-4,NANYANGA,Mtwara,Tandahimba,Dispensary,-10.81375,39.52027,5618,Moderate
106198-5,NAPUTA,Mtwara,Tandahimba,Dispensary,-10.84517,39.69403,6888,High
104014-6,MAHEHA,Mtwara,Tandahimba,Health Center,-10.91158,39.52644,7432,High
106445-0,NGUNJA,Mtwara,Tandahimba,Dispensary,-10.44933,39.41409,3368,Low
105170-5,MKWITI,Mtwara,Tandahimba,Dispensary,-10.39771,39.38062,3990,Moderate
104888-3,MIHAMBWE,Mtwara,Tandahimba,Health Center,-10.82111,39.80091,11554,Very High
103802-5,LYENJE,Mtwara,Tandahimba,Dispensary,-10.69313,39.54846,9965,Very High
103690-4,LUKOKODA,Mtwara,Tandahimba,Dispensary,-10.86003,39.54663,3140,Low
113916-1,MIUTA,Mtwara,Tandahimba,Dispensary,-10.74035,39.77846,9411,Very High
100826-7,CHINGUNGWE,Mtwara,Tandahimba,Dispensary,-10.79287,39.42548,8488,High
109210-5,KARSHAY,Mtwara,Tandahimba,Dispensary,-10.75318,39.62988,10363,Very High
105167-1,MKWEDU,Mtwara,Tandahimba,Dispensary,-10.67215,39.50719,3659,Low
100783-0,CHIDEDE,Mtwara,Tandahimba,Dispensary,-10.50158,39.44363,2003,Very Low
122249-6,MNAZI MMOJA,Mtwara,Tandahimba,Dispensary,-10.87578,39.50223,6386,High
104259-7,MANGOMBYA,Mtwara,Tandahimba,Dispensary,-10.4777,39.35102,4395,Moderate
103546-8,LITEHU,Mtwara,Tandahimba,Health Center,-10.58834,39.52784,8121,High
121209-1,HB,Mtwara,Tandahimba,Dispensary,-10.77236,39.62722,19159,Very High
103150-9,KITAMA,Mtwara,Tandahimba,Health Center,-10.74732,39.72136,14307,Very High
124312-0,MITUMBATI,Mtwara,Tandahimba,Dispensary,-10.85693,39.59281,5467,Moderate
100752-5,CHAUME,Mtwara,Tandahimba,Dispensary,-10.62468,39.44958,9959,Very High
112435-3,MTEGU,Mtwara,Tandahimba,Dispensary,-10.79096,39.49229,6254,High
105108-5,MKONJOWANO,Mtwara,Tandahimba,Dispensary,-10.58834,39.52784,8121,High
124167-8,RATIFA MEDICAL,Mtwara,Tandahimba,Health Laboratory,-10.87268,39.42866,17440,Very High
120912-1,nour,Tanga,Tanga,Dispensary,-5.09389,39.09361,6218,High
100280-7,BAKWATA,Tanga,Tanga,Dispensary,-5.07968,39.10202,680,Very Low
113220-8,ROSHA,Tanga,Tanga,Health Laboratory,-5.05793,39.05573,8741,High
103135-0,KISOSORA,Tanga,Tanga,Dispensary,-5.07076,39.08184,7538,High
121734-8,Life Care,Tanga,Tanga,Health Laboratory,-5.1243,39.01432,4201,Moderate
107061-4,RASHEED,Tanga,Tanga,Dispensary,-5.08115,39.09787,2971,Low
102568-3,KIBAFUTA,Tanga,Tanga,Dispensary,-5.00254,39.02122,5187,Moderate
100882-0,CHONGOLEANI,Tanga,Tanga,Dispensary,-5.00397,39.13461,1580,Very Low
113221-6,HEFSIBA,Tanga,Tanga,Health Laboratory,-5.07872,39.09466,6944,High
101117-0,F.F.U,Tanga,Tanga,Dispensary,-5.08181,39.07235,6288,High
107303-0,TANGA CEMENT,Tanga,Tanga,Dispensary,-5.11075,38.99511,3720,Low
123275-0,TUPA,Tanga,Tanga,Health Laboratory,-5.09673,39.12099,13136,Very High
103884-3,MAFURIKO,Tanga,Tanga,Health Center,-5.05681,39.05651,3151,Low
113236-4,I & J,Tanga,Tanga,Health Laboratory,-5.09613,39.09534,5810,Moderate
111942-9,AMINA,Tanga,Tanga,Dispensary,-5.09369,39.0977,4269,Moderate
107744-5,TANGA CENTRAL,Tanga,Tanga,Hospital,-5.07961,39.1053,3654,Low
122664-6,MWAKEYE,Tanga,Tanga,Health Laboratory,-5.11416,39.08003,5937,High
111944-5,UMOJA,Tanga,Tanga,Dispensary,-5.07359,39.10402,2288,Low
122731-3,ROSHA,Tanga,Tanga,Dispensary,-5.05626,39.05898,3527,Low
114532-5,BETHLEHEM,Tanga,Tanga,Clinic,-5.08288,39.10148,3715,Low
113237-2,DIGITAL,Tanga,Tanga,Health Laboratory,-5.1236,38.97381,14746,Very High
113227-3,PC,Tanga,Tanga,Health Laboratory,-5.10024,39.03996,1194,Very Low
113229-9,Mwangaza,Tanga,Tanga,Health Laboratory,-5.10506,39.10896,5020,Moderate
107912-8,TUMAINI,Tanga,Tanga,Health Center,-5.07139,39.08573,5593,Moderate
113214-1,TADI,Tanga,Tanga,Health Laboratory,-5.10131,39.10633,4202,Moderate
101032-1,DUGA,Tanga,Tanga,Health Center,-5.09815,39.08952,6516,High
121627-4,City Optometry Clinic at City Dispensary,Tanga,Tanga,Clinic,-5.07871,39.10294,988,Very Low
113216-6,KIGWE,Tanga,Tanga,Health Laboratory,-5.07302,39.11927,11506,Very High
122246-2,Amati,Tanga,Tanga,Health Laboratory,-5.09048,39.12449,10468,Very High
121703-3,FIRST GENIC,Tanga,Tanga,Health Laboratory,-5.10605,39.10266,11716,Very High
114533-3,SHALOM DENTAL,Tanga,Tanga,Clinic,-5.07271,39.10091,830,Very Low
111943-7,TIB,Tanga,Tanga,Clinic,-5.07875,39.09994,971,Very Low
103031-1,KIRARE,Tanga,Tanga,Dispensary,-5.24811,39.02777,2635,Low
122736-2,VICTORY,Tanga,Tanga,Health Laboratory,-5.09901,39.08617,4576,Moderate
104307-4,MAPOJONI,Tanga,Tanga,Dispensary,-5.247573,38.966429,4968,Moderate
107025-9,PONGWE,Tanga,Tanga,Health Center,-5.133376,38.97556,13375,Very High
113240-6,Lola,Tanga,Tanga,Health Laboratory,-5.13322,39.08682,10770,Very High
107732-0,Amsterdam,Tanga,Tanga,Dispensary,-5.088497,39.110085,11157,Very High
107733-8,TAMTA CHARITABLE,Tanga,Tanga,Clinic,-5.07483,39.10195,951,Very Low
100009-0,BURHANI CHARTABLE,Tanga,Tanga,Clinic,-5.07611,39.10071,1395,Very Low
106961-6,PANDE,Tanga,Tanga,Dispensary,-5.053995,38.948792,4141,Moderate
121695-1,Shechambo,Tanga,Tanga,Health Laboratory,-5.10494,39.11953,7239,High
120478-3,I Care,Tanga,Tanga,Clinic,-5.0833,39.09953,4036,Moderate
102322-5,KANGE,Tanga,Tanga,Dispensary,-5.09969,39.04266,4703,Moderate
122654-7,GENESIS MEDICAL,Tanga,Tanga,Health Laboratory,-5.07549,39.08758,7672,High
112934-5,TANGA OPTICAL CENTRE,Tanga,Tanga,Clinic,-5.08163,39.11099,5647,Moderate
105829-6,MWAKIDILA,Tanga,Tanga,Health Center,-5.12676,39.08881,11328,Very High
122045-8,SHECKY,Tanga,Tanga,Health Laboratory,-5.111438,39.092628,9049,Very High
100405-0,TANGA,Tanga,Tanga,Hospital,-5.06535,39.11155,5443,Moderate
105621-7,MUFADDAL,Tanga,Tanga,Dispensary,-5.08118,39.10287,1492,Very Low
107225-5,SAFI MEDICS,Tanga,Tanga,Hospital,-5.06786,39.10979,4124,Moderate
108630-5,TANGA CITY,Tanga,Tanga,Hospital,-5.115887,39.070198,4903,Moderate
112120-1,THE AGA KHAN,Tanga,Tanga,Clinic,-5.07866,39.09809,746,Very Low
102323-3,KANGE JWTZ,Tanga,Tanga,Dispensary,-5.09686,39.01545,2311,Low
120591-3,NOOR OPTICS LIMITED,Tanga,Tanga,Clinic,-5.07158,39.10545,3107,Low
121701-7,Belladona,Tanga,Tanga,Health Laboratory,-5.11465,39.09228,13511,Very High
106339-5,NGAMIANI,Tanga,Tanga,Health Center,-5.07866,39.09653,1081,Very Low
106450-0,NGUVUMALI,Tanga,Tanga,Dispensary,-5.0788,39.08063,12612,Very High
102644-2,KICHANGANI,Tanga,Tanga,Dispensary,-5.12245,39.01545,2160,Low
123313-9,SALAAM MEDICS,Tanga,Tanga,Dispensary,-5.09203,39.09631,5008,Moderate
100092-6,AL-MOHLEM,Tanga,Tanga,Health Center,-5.08303,39.11682,11029,Very High
113213-3,TANGA CITY,Tanga,Tanga,Health Laboratory,-5.11679,39.07025,1698,Very Low
123225-5,MST SICKBAY,Tanga,Tanga,Clinic,-5.02307,39.12751,942,Very Low
105379-2,MPIRANI,Tanga,Tanga,Dispensary,-4.987175,39.084238,3687,Low
121696-9,Zumbe,Tanga,Tanga,Health Laboratory,-5.10515,39.05453,9552,Very High
114596-0,SIHA,Tanga,Tanga,Clinic,-5.07105,39.10096,859,Very Low
110347-2,CITY,Tanga,Tanga,Clinic,-5.07879,39.10294,273,Very Low
112929-5,NOOR OPTICS,Tanga,Tanga,Clinic,-5.07158,39.10545,3107,Low
107863-3,TONGONI,Tanga,Tanga,Dispensary,-5.21242,39.05972,3401,Low
113225-7,KANGE,Tanga,Tanga,Health Laboratory,-5.098164,39.040047,5990,High
103825-6,MABOKWENI,Tanga,Tanga,Dispensary,-5.02674,39.05784,6132,High
123301-4,ABIKO,Tanga,Tanga,Health Laboratory,-5.12439,39.05696,5882,High
104130-0,MAKORORA,Tanga,Tanga,Health Center,-5.08269,39.10894,3609,Low
100304-5,BANDARI,Tanga,Tanga,Dispensary,-5.07008,39.10501,1379,Very Low
104897-4,MIKANJUNI,Tanga,Tanga,Health Center,-5.09531,39.10649,7205,High
103836-3,MACHUI,Tanga,Tanga,Dispensary,-5.171862,39.089699,4853,Moderate
122414-6,KISIMATUI,Tanga,Tanga,Dispensary,-5.22419,39.03848,757,Very Low
123506-8,ZANOFA,Tanga,Tanga,Clinic,-5.10652,39.03965,4506,Moderate
104365-2,MARUNGU,Tanga,Tanga,Dispensary,-5.21078,39.02662,5140,Moderate
113242-2,Mungure,Tanga,Tanga,Health Laboratory,-5.09592,39.10404,5714,Moderate
123233-9,ALWIDAD,Tanga,Tanga,Dispensary,-5.73665,38.58326,1921,Very Low
113222-4,APAN,Tanga,Tanga,Health Laboratory,-5.071397,39.093468,5590,Moderate
104513-7,MAWENI PRISON,Tanga,Tanga,Dispensary,-5.11476,39.01822,1958,Very Low
100886-1,CHUMBAGENI PRISON,Tanga,Tanga,Dispensary,-5.07223,39.09548,1427,Very Low
100966-1,DEPOT,Tanga,Tanga,Dispensary,-5.07247,39.09517,1295,Very Low
100354-0,BESHA,Tanga,Tanga,Hospital,-5.10182,39.109,5742,Moderate
106963-2,PANDE JWTZ,Tanga,Tanga,Dispensary,-5.07167,38.98393,3941,Moderate
121737-1,Mtaita,Tanga,Tanga,Health Laboratory,-5.11681,39.04513,6635,High
112920-4,BURHANI CHARITABLE,Tanga,Tanga,Clinic,-5.07152,39.0991,1601,Very Low
122454-2,SHIZA,Tanga,Tanga,Health Laboratory,-5.10831,39.08373,6591,High
102146-8,KABUNGU,Katavi,Mpanda,Dispensary,-6.30444,30.97492,7808,High
113019-4,ITETEMYA,Katavi,Mpanda,Dispensary,-6.78721,30.43802,6372,High
122263-7,KAPANGA,Katavi,Mpanda,Dispensary,-6.32127,30.70968,34305,Very High
101841-5,IPWAGA,Katavi,Mpanda,Dispensary,-5.6405,30.35635,24292,Very High
104044-3,Majalila,Katavi,Mpanda,Dispensary,-6.18651,30.98739,3007,Low
122153-0,KASEKESE,Katavi,Mpanda,Health Laboratory,-6.55199,30.688606,4234,Moderate
101657-5,Ikola,Katavi,Mpanda,Dispensary,-6.73947,30.40773,5727,Moderate
122942-6,GREEN APPLE,Katavi,Mpanda,Dispensary,-6.19038,30.98825,1822,Very Low
122186-0,KIBO,Katavi,Mpanda,Health Laboratory,-6.22422,30.982414,6874,High
123980-5,KENGELE,Katavi,Mpanda,Dispensary,-6.51391,30.73051,6904,High
115022-6,KAMSANGA,Katavi,Mpanda,Dispensary,-6.36714,30.90879,14166,Very High
121778-5,KUSI,Katavi,Mpanda,Dispensary,-5.49131,30.33311,6172,High
122262-9,MPEMBE,Katavi,Mpanda,Dispensary,-6.32127,30.70968,34305,Very High
115021-8,MNYAGALA,Katavi,Mpanda,Health Center,-6.39714,30.90911,14105,Very High
114728-9,Bujombe,Katavi,Mpanda,Dispensary,-6.38344,30.419558,9922,Very High
102610-3,KIBO,Katavi,Mpanda,Dispensary,-6.22424,30.98247,82,Very Low
106012-8,MWESE,Katavi,Mpanda,Health Center,-6.20302,30.32401,6545,High
121623-3,IGALULA,Katavi,Mpanda,Dispensary,-6.22425,30.98248,5644,Moderate
122264-5,IGAGALA,Katavi,Mpanda,Dispensary,-6.22424,30.98247,82,Very Low
122261-1,KAGUNGA,Katavi,Mpanda,Dispensary,-6.55233,30.70968,4608,Moderate
122610-9,MCHANGANI,Katavi,Mpanda,Dispensary,-6.75088,30.41217,6964,High
124146-2,MIGEKA,Katavi,Mpanda,Dispensary,-6.51391,30.73051,6904,High
100525-5,Bulamata,Katavi,Mpanda,Dispensary,-5.7282400000000004,30.56213,9152,Very High
123340-2,LUGONESI,Katavi,Mpanda,Dispensary,-6.19609,30.33004,7364,High
112410-6,KAFISHA,Katavi,Mpanda,Dispensary,-6.72828,30.45959,6213,High
112411-4,KASINDE,Katavi,Mpanda,Dispensary,-6.29778,30.91999,17784,Very High
122686-9,MNYAMSOMPORA,Katavi,Mpanda,Health Laboratory,-6.81475,30.48909,4081,Moderate
102355-5,Kapalamsenga,Katavi,Mpanda,Dispensary,-6.81406,30.49082,4462,Moderate
102247-4,KALILANKULUKULU,Katavi,Mpanda,Dispensary,-6.36715,30.93901,2298,Low
101938-9,ISUMBWE,Katavi,Mpanda,Dispensary,-5.71272,30.50283,15168,Very High
122851-9,KALILANKULUKULU- GEREZANI,Katavi,Mpanda,Dispensary,-6.84075,31.46721,560,Very Low
123012-7,ZABRON HEALTH,Katavi,Mpanda,Health Laboratory,-6.57993,30.90783,13215,Very High
111455-2,ISENGULE,Katavi,Mpanda,Dispensary,-6.72725,30.39466,7033,High
102381-1,KAREMA,Katavi,Mpanda,Health Center,-6.81633,30.44368,1421,Very Low
107455-8,SIBWESA,Katavi,Mpanda,Dispensary,-6.49603,30.74912,21652,Very High
102488-4,KATUMA,Katavi,Mpanda,Dispensary,-6.32127,30.70968,34305,Very High
104974-1,MISHAMO,Katavi,Mpanda,Health Center,-5.6141,30.48113,38654,Very High
114004-5,TANGANYIKA,Katavi,Mpanda,Hospital,-6.16555,30.97458,27660,Very High
102380-3,DR ATTMAN KAREMA,Katavi,Mpanda,Dispensary,-6.81981,30.44283,4493,Moderate
122169-6,BANANZENGO,Katavi,Mpanda,Dispensary,-6.30419,30.609995,7318,High
122739-6,PLASMA HEALTH,Katavi,Mpanda,Health Laboratory,-6.48346,30.85421,22768,Very High
112413-0,KAMJELA,Katavi,Mpanda,Dispensary,-5.74673,30.56616,13555,Very High
101718-5,ILANGU,Katavi,Mpanda,Dispensary,-5.55947,30.37648,20145,Very High
101897-7,ISENGA,Katavi,Mpanda,Dispensary,-5.53721,30.58343,860,Very Low
102019-7,ITUNYA,Katavi,Mpanda,Dispensary,-6.84411,30.51716,8670,High
102410-8,KASEKESE,Katavi,Mpanda,Health Center,-6.55233,30.68803,10558,Very High
115024-2,KAPEMBA,Katavi,Mpanda,Dispensary,-5.53721,30.58446,1199,Very Low
100612-1,BUSONGOLA,Katavi,Mpanda,Dispensary,-5.80329,30.59647,30080,Very High
113800-7,NYANUNGU,Mara,Tarime,Dispensary,-1.40375,34.71104,21519,Very High
120816-4,SORONETA,Mara,Tarime,Dispensary,-1.35541,34.44851,4051,Moderate
121756-1,URAFIKI,Mara,Tarime,Dispensary,-1.46631,34.52206,540,Very Low
103143-4,KITAGUTITI,Mara,Tarime,Dispensary,-1.29669,34.5403,6572,High
123365-9,KOMARERA,Mara,Tarime,Dispensary,-1.42819,34.45797,1449,Very Low
122233-0,TOREZA,Mara,Tarime,Health Laboratory,-1.393826,34.64657,4419,Moderate
100559-4,BUMERA,Mara,Tarime,Dispensary,-1.29125,34.29651,8953,High
106774-3,NYANGOTO,Mara,Tarime,Health Center,-1.47,34.5235,5663,Moderate
122236-3,EBENEZER.,Mara,Tarime,Health Laboratory,-1.469874,34.52265,5384,Moderate
123717-1,UDIZUNGWA,Mara,Tarime,Dispensary,-1.46813,34.52371,304,Very Low
113801-5,KIMUSI,Mara,Tarime,Dispensary,-1.35787,34.61746,8241,High
122393-2,KYORUBA,Mara,Tarime,Dispensary,-1.32357,34.45174,4441,Moderate
104378-5,BIKIRA MARIA MAMA WA TUMAINI,Mara,Tarime,Health Center,-1.44744,34.69874,20871,Very High
113933-6,NYAMWIGURA,Mara,Tarime,Dispensary,-1.37113,34.46389,3385,Low
122475-7,KEWAMAMBA,Mara,Tarime,Dispensary,-1.39733,34.34851,7751,High
122939-2,MAX,Mara,Tarime,Dispensary,-1.46817,34.52374,776,Very Low
111389-3,NEEMA PRINMAT,Mara,Tarime,Dispensary,-1.465981,34.51873,4013,Moderate
110797-8,NYABISAGA,Mara,Tarime,Dispensary,-1.27543,34.515091,2510,Low
123840-1,NYAMWAGA HEALTH,Mara,Tarime,Health Laboratory,-1.39588,34.57851,12883,Very High
106743-8,NYAMONGO,Mara,Tarime,Health Center,-1.48633,34.5524,11680,Very High
120823-0,PEMBA,Mara,Tarime,Dispensary,-1.27543,34.51509,5652,Moderate
123366-7,NYANDAGE,Mara,Tarime,Dispensary,-1.42927,34.47395,6105,High
113940-1,KOBORI,Mara,Tarime,Dispensary,-1.39419,34.57756,1615,Very Low
123181-0,MALIATANGA MWINUKA,Mara,Tarime,Clinic,-1.25369,34.47654,3967,Moderate
121084-8,IMMACULATE HEART SISTERS KITENGA,Mara,Tarime,Dispensary,-1.277361,34.25007,3872,Low
113943-5,KITAWASI,Mara,Tarime,Dispensary,-1.46632,34.52216,768,Very Low
123367-5,KENYANGI,Mara,Tarime,Dispensary,-1.29141,34.42858,4336,Moderate
112592-1,NEEMA,Mara,Tarime,Maternity and Nursing Home,-1.465851,34.5187,5467,Moderate
113798-3,ITIRYO,Mara,Tarime,Dispensary,-1.38935,34.68099,11666,Very High
106991-3,PEROZI PRINMAT,Mara,Tarime,Maternity Home,-1.26452,34.4781,5776,Moderate
113792-6,CHACHA WANDERA,Mara,Tarime,Dispensary,-1.25548,34.47394,3724,Low
101286-3,WILL'S MEMORIAL,Mara,Tarime,Health Center,-1.255731,34.464031,8381,High
122229-8,DK,Mara,Tarime,Health Laboratory,-1.462618,34.51972,6610,High
105702-5,MURIBA,Mara,Tarime,Health Center,-1.39666,34.6431,9505,Very High
113791-8,KEMAMBO GROUP,Mara,Tarime,Dispensary,-1.46351,34.5276,15371,Very High
107497-0,SIRARI,Mara,Tarime,Health Center,-1.25216,34.47512,367,Very Low
114355-1,GREEN,Mara,Tarime,Health Laboratory,-1.468253,34.523,357,Very Low
114848-5,NYANGOTO CADA,Mara,Tarime,Dispensary,-1.46631001,34.52206001,128,Very Low
100575-0,BUNGURERE,Mara,Tarime,Dispensary,-1.40164,34.6617,9302,Very High
110973-5,MATONGO,Mara,Tarime,Dispensary,-1.465006,34.47989,9673,Very High
106751-1,TARIME DC,Mara,Tarime,Hospital,-1.39433,34.5774,3536,Low
112644-0,HUDUMA,Mara,Tarime,Maternity Home,-1.24859,34.47765,4150,Moderate
122391-6,ITANDURA,Mara,Tarime,Dispensary,-1.43615,34.44931,2335,Low
110970-1,NKEREGE,Mara,Tarime,Dispensary,-1.439891,34.347069,12268,Very High
113944-3,NYAMERAMBARO,Mara,Tarime,Dispensary,-1.464812,34.18667,5593,Moderate
101210-3,GIBASO,Mara,Tarime,Dispensary,-1.52891,34.6503,20047,Very High
107684-3,SURUBU,Mara,Tarime,Dispensary,-1.4473,34.2276,12694,Very High
107104-2,ROZANA,Mara,Tarime,Dispensary,-1.37613,34.4802,8772,High
101199-8,GENKURU,Mara,Tarime,Health Center,-1.43573,34.6113,24244,Very High
110796-0,KUBITERERE,Mara,Tarime,Dispensary,-1.225701,34.413225,11275,Very High
113790-0,MURITO,Mara,Tarime,Dispensary,-1.52848,34.58349,8633,High
114816-2,KEWANJA,Mara,Tarime,Dispensary,-1.3825,34.5335,15773,Very High
113797-5,BOREGA A,Mara,Tarime,Dispensary,-1.32048,34.58718,8099,High
105530-0,MTANA,Mara,Tarime,Dispensary,-1.38471,34.28527,9373,Very High
106813-9,NYARWANA,Mara,Tarime,Health Center,-1.42075,34.4409,7053,High
120824-8,KANGARIANI,Mara,Tarime,Dispensary,-1.27543,34.46799,4621,Moderate
113934-4,MAGOMA,Mara,Tarime,Health Center,-1.34872,34.47287,8084,High
106819-6,NYASARICHO,Mara,Tarime,Dispensary,-1.31751,34.4658,4368,Moderate
114817-0,KEBWEYE,Mara,Tarime,Dispensary,-1.35731,34.5606,4561,Moderate
106593-7,NTAGACHA,Mara,Tarime,Dispensary,-1.35335,34.5998,5664,Moderate
100093-4,ALPHA,Mara,Tarime,Maternity Home,-1.25212,34.4751,1937,Very Low
123011-9,PEROSE,Mara,Tarime,Health Laboratory,-1.15521,34.28411,1709,Very Low
106791-7,NYANTIRA,Mara,Tarime,Dispensary,-1.355901,34.640767,10057,Very High
103987-4,MAGOTO,Mara,Tarime,Health Center,-1.35732,34.5606,3331,Low
123151-3,TURUGETI,Mara,Tarime,Dispensary,-1.28479,34.43254,5620,Moderate
123153-9,KEMAKORERE,Mara,Tarime,Dispensary,-1.38071,34.45115,3856,Low
102985-9,KIONGERA,Mara,Tarime,Dispensary,-1.22789,34.3689,13602,Very High
122392-4,NYABITOCHO,Mara,Tarime,Dispensary,-1.32042,34.54421,11575,Very High
112574-9,NYERERE,Mara,Tarime,Health Laboratory,-1.427552,34.18899,6090,High
122822-0,KEBAGA,Mara,Tarime,Dispensary,-1.38364,34.38462,7481,High
102625-1,KIBUMAYE,Mara,Tarime,Dispensary,-1.37495,34.41807,2634,Low
112549-1,MAKOA,Mara,Tarime,Health Laboratory,-1.35412,34.36043,8386,High
122534-1,UFUNUO,Mara,Tarime,Clinic,-1.33929,34.38001,5404,Moderate
114363-5,MAFARASINI,Mara,Tarime,Health Laboratory,-1.346503,34.36323,4732,Moderate
121393-3,MUGINI,Mara,Tarime,Clinic,-1.343982,34.38047,1046,Very Low
109914-2,KENYAMANYORI,Mara,Tarime,Dispensary,-1.38419,34.40572,8959,High
122944-2,HEAGTON,Mara,Tarime,Health Center,-1.34726,34.38643,5070,Moderate
109917-5,MAGENA,Mara,Tarime,Health Center,-1.30953,34.40711,8415,High
101177-4,GAMASARA,Mara,Tarime,Dispensary,-1.3487,34.34,6449,High
121437-8,KIBUMAYE,Mara,Tarime,Health Center,-1.37198,34.41602,5404,Moderate
112103-7,NKONGORE,Mara,Tarime,Dispensary,-1.34541,34.43665,6452,High
122824-6,MASURURA,Mara,Tarime,Dispensary,-1.28091,34.36548,9299,Very High
107773-4,MAKONZO,Mara,Tarime,Dispensary,-1.34204,34.38381,3502,Low
122243-9,ABEL,Mara,Tarime,Health Laboratory,-1.338827,34.37536,10917,Very High
109662-7,PRISON,Mara,Tarime,Dispensary,-1.34846,34.37122,6148,High
123212-3,NYAMBUNA,Mara,Tarime,Clinic,-1.34348,34.37938,657,Very Low
107340-2,SDA TARIME,Mara,Tarime,Dispensary,-1.3435,34.3807,543,Very Low
123550-6,FEDA TRUST MEDICAL,Mara,Tarime,Health Laboratory,-1.34121,34.37715,320,Very Low
122823-8,NYAGISESE,Mara,Tarime,Dispensary,-1.31989,34.35195,3280,Low
100365-6,BIKIRA MARIA WA MIUJIZA,Mara,Tarime,Dispensary,-1.356191,34.344441,4231,Moderate
112558-2,REBU,Mara,Tarime,Health Laboratory,-1.34754,34.38607,1581,Very Low
109895-3,TARIME,Mara,Tarime,Hospital,-1.34656,34.36909,2078,Very Low
122653-9,TATA KIBACHO,Mara,Tarime,Health Laboratory,-1.35414,34.39074,18555,Very High
122962-4,MAX  MEDICAL,Mara,Tarime,Dispensary,-1.38186,34.38727,3873,Moderate
122821-2,MOGABIRI,Mara,Tarime,Dispensary,-1.37823,34.43271,7881,High
122825-3,CHOMETE,Mara,Tarime,Dispensary,-1.33498,34.38995,15901,Very High
112541-8,BENNY,Mara,Tarime,Health Laboratory,-1.34158,34.37913,565,Very Low
112573-1,NYAMBUNA,Mara,Tarime,Health Laboratory,-1.34348,34.37938,657,Very Low
107774-2,TARIME GOODWILL FOUNDATION,Mara,Tarime,Health Center,-1.34747,34.38347,3743,Low
114361-9,NGOWI,Mara,Tarime,Health Laboratory,-1.34253,34.37824,253,Very Low
112540-0,MWASI,Mara,Tarime,Health Laboratory,-1.34229,34.37634,1507,Very Low
112550-9,NDEGE,Mara,Tarime,Health Laboratory,-1.34041,34.37746,632,Very Low
112567-3,MJ,Mara,Tarime,Health Laboratory,-1.34317,34.37727,1320,Very Low
112825-5,K.K.K.T,Mara,Tarime,Dispensary,-1.34467,34.3836,1318,Very Low
122122-5,JETA,Mara,Tarime,Health Laboratory,-5.5640635,38.910007,325,Very Low
113533-4,COAST,Dar es Salaam,Temeke,Health Laboratory,-6.94197,39.27964,5047,Moderate
120406-4,GP,Dar es Salaam,Temeke,Clinic,-6.85728,39.2559,5918,High
100928-1,CONSOLATA SISTERS,Dar es Salaam,Temeke,Dispensary,-6.884454,39.272773,4488,Moderate
122985-5,MIHO,Dar es Salaam,Temeke,Health Laboratory,-6.93111,39.26011,4271,Moderate
100634-5,BUZA,Dar es Salaam,Temeke,Health Center,-6.89178,39.23131,5755,Moderate
111621-9,NUR FA EYE CENTRE,Dar es Salaam,Temeke,Clinic,-6.86627,39.26959,1950,Very Low
102954-5,Kingugi,Dar es Salaam,Temeke,Dispensary,-6.90326,39.25131,10914,Very High
113528-4,TRINITY,Dar es Salaam,Temeke,Health Laboratory,-6.88624,39.25735,11052,Very High
113534-2,DAT,Dar es Salaam,Temeke,Health Laboratory,-6.97878,39.21376,2355,Low
121979-9,ECCAL,Dar es Salaam,Temeke,Health Laboratory,-6.98988,39.45443,4323,Moderate
107030-9,MKIZA,Dar es Salaam,Temeke,Dispensary,-6.91456,39.27097,221,Very Low
110694-7,CHEGEKA,Dar es Salaam,Temeke,Dispensary,-6.936747,39.245039,3288,Low
114165-4,MIBURANI,Dar es Salaam,Temeke,Dispensary,-6.85206,39.26988,5722,Moderate
104830-5,MUZDALIFAH AMANI,Dar es Salaam,Temeke,Dispensary,-6.87921,39.24726,4674,Moderate
123511-8,ONE HIGH WAY,Dar es Salaam,Temeke,Health Laboratory,-6.95128,39.22474,10633,Very High
110690-5,KKKT MTONI,Dar es Salaam,Temeke,Dispensary,-6.874949,39.275267,8359,High
124386-4,DOUBLEG GROUP,Dar es Salaam,Temeke,Dispensary,-6.53584,38.14206,2484,Low
112438-7,RATH-FISHA,Dar es Salaam,Temeke,Dispensary,-6.89096,39.24073,9451,Very High
114557-2,KIDS FIRST PEDIATRIC,Dar es Salaam,Temeke,Clinic,-6.87033,39.22504,3352,Low
114181-1,STELLA HEALTH,Dar es Salaam,Temeke,Clinic,-6.91614,39.31971,14390,Very High
114191-0,LIFE TIME EYE CARE,Dar es Salaam,Temeke,Clinic,-6.88079,39.22818,9046,Very High
112482-5,MICO BEST,Dar es Salaam,Temeke,Dispensary,-6.97523,39.21348,6278,High
110629-3,ALEXIA,Dar es Salaam,Temeke,Hospital,-6.94335,39.30899,14901,Very High
107933-4,TUMAINI MISSION,Dar es Salaam,Temeke,Health Center,-6.95262,39.28305,12189,Very High
120746-3,SABAOTHHOST,Dar es Salaam,Temeke,Clinic,-6.93081,39.3363,12119,Very High
113751-2,ZAIFA,Dar es Salaam,Temeke,Dispensary,-6.87127,39.26371,3231,Low
107806-2,Temeke,Dar es Salaam,Temeke,Hospital,-6.8574,39.2618,1233,Very Low
102758-0,Kijichi,Dar es Salaam,Temeke,Health Center,-6.89423,39.29699,12643,Very High
120488-2,CNC,Dar es Salaam,Temeke,Clinic,-6.89061,39.22021,3824,Low
110815-8,Mbagala Kuu,Dar es Salaam,Temeke,Dispensary,-6.902912,39.287904,12088,Very High
114167-0,TANDIKA,Dar es Salaam,Temeke,Dispensary,-6.86539,39.25098,8302,High
110618-6,ARAFA ZAKHEM,Dar es Salaam,Temeke,Clinic,-6.91362,39.27055,2291,Low
110556-8,TMJ,Dar es Salaam,Temeke,Clinic,-6.83834,39.26898,6799,High
120273-8,KHOJA SHIA ITHNAASHERI CHARITABLE EYE CENTRE,Dar es Salaam,Temeke,Clinic,-6.863617,39.260143,1486,Very Low
120263-9,NEW RBB,Dar es Salaam,Temeke,Clinic,-6.947203,39.229433,5351,Moderate
113516-9,IGALA,Dar es Salaam,Temeke,Health Laboratory,-6.87159,39.23482,7390,High
122057-3,AJIM,Dar es Salaam,Temeke,Health Laboratory,-6.89288,39.23547,4730,Moderate
107974-8,TAYMA VETENARY,Dar es Salaam,Temeke,Dispensary,-6.853649,39.252703,4890,Moderate
112683-8,AGM,Dar es Salaam,Temeke,Clinic,-6.86391,39.26955,3164,Low
110279-7,SAMARIA,Dar es Salaam,Temeke,Dispensary,-6.92856,39.25727,6096,High
110693-9,SASHA,Dar es Salaam,Temeke,Dispensary,-6.878112,39.249675,7043,High
112260-5,BAKWATA KICHEMCHEM,Dar es Salaam,Temeke,Dispensary,-6.91374,39.28494,14558,Very High
110603-8,MTONI KIJICHI,Dar es Salaam,Temeke,Dispensary,-6.88782,39.28121,7361,High
121244-8,KURASINI,Dar es Salaam,Temeke,Clinic,-6.84912394,39.28239715,2430,Low
112101-1,CPC CHARITABLE MEDICAL SERVICES,Dar es Salaam,Temeke,Dispensary,-6.836,39.27344,6234,High
100158-5,EPIPHANY,Dar es Salaam,Temeke,Hospital,-6.89674,39.28308,9249,Very High
101294-7,HAFFORD,Dar es Salaam,Temeke,Hospital,-6.84456,39.26735,5637,Moderate
114018-5,ARAFA DAIMA,Dar es Salaam,Temeke,Dispensary,-6.93785,39.26202,25259,Very High
112662-2,HUDUMA,Dar es Salaam,Temeke,Dispensary,-6.84228,39.27534,4039,Moderate
114560-6,KURASINI WELLNESS,Dar es Salaam,Temeke,Clinic,-6.84249,39.28816,18695,Very High
114558-0,PROSATRA YOMBO,Dar es Salaam,Temeke,Dispensary,-6.88319,39.23282,7209,High
102808-3,KILAKALA,Dar es Salaam,Temeke,Health Center,-6.87307,39.24529,3773,Low
114020-1,HOSSANA,Dar es Salaam,Temeke,Dispensary,-6.93022,39.27243,13642,Very High
110691-3,DUCE,Dar es Salaam,Temeke,Dispensary,-6.85091,39.271689,4061,Moderate
123480-6,MCHOMBE MED-CENTRUM,Dar es Salaam,Temeke,Dispensary,-6.89082,36.22101,3398,Low
111528-6,MARA,Dar es Salaam,Temeke,Health Center,-6.89161,39.29571,18025,Very High
114490-6,RAD TECH,Dar es Salaam,Temeke,Clinic,-6.86474,39.26196,2709,Low
120418-9,CHIPANDE 2020,Dar es Salaam,Temeke,Clinic,-6.86515,36.26349,2535,Low
113537-5,GALAMBO,Dar es Salaam,Temeke,Health Laboratory,-6.88243,39.25139,7634,High
111675-5,DOCTOR MOSES,Dar es Salaam,Temeke,Dispensary,-6.89555,39.22955,11086,Very High
113515-1,DWM,Dar es Salaam,Temeke,Health Laboratory,-6.90425,39.28369,9051,Very High
104791-9,Mgulani JKT,Dar es Salaam,Temeke,Health Center,-6.851856,39.278794,5726,Moderate
113532-6,FARIJIKA,Dar es Salaam,Temeke,Health Laboratory,-6.92487,39.33865,1795,Very Low
112442-9,PASAKA,Dar es Salaam,Temeke,Dispensary,-6.93554,39.28228,16395,Very High
124132-2,MAULY,Dar es Salaam,Temeke,Clinic,-6.91508,39.27033,1591,Very Low
111004-8,BLESS,Dar es Salaam,Temeke,Dispensary,-6.915297,39.263281,12684,Very High
110516-2,BAKWATA YOMBO DARAJANI,Dar es Salaam,Temeke,Dispensary,-6.86846,39.24673,5219,Moderate
114168-8,NS KEKEZA,Dar es Salaam,Temeke,Dispensary,-6.84129,39.26943,2131,Very Low
122026-8,MK LEGACY MEDICAL,Dar es Salaam,Temeke,Health Laboratory,-6.92331,39.27502,8434,High
111530-2,BAKWATA MIANZINI,Dar es Salaam,Temeke,Dispensary,-6.93278,39.25713,8166,High
111806-6,ZANGO HEALTH CARE,Dar es Salaam,Temeke,Clinic,-6.94848,39.22749,5352,Moderate
111527-8,NURU,Dar es Salaam,Temeke,Clinic,-6.87391,39.27082,4667,Moderate
104565-7,MBANDE,Dar es Salaam,Temeke,Health Center,-6.98134,39.21298,27335,Very High
112096-3,AFRICANA,Dar es Salaam,Temeke,Clinic,-6.86653,39.27168,2486,Low
121984-9,MILENGANILO MEDICAL,Dar es Salaam,Temeke,Health Laboratory,-6.96192,39.22488,13015,Very High
123090-3,POLICE COLLEGE,Dar es Salaam,Temeke,Dispensary,-6.84816,39.28324,8541,High
103268-9,KEKO MEDICAL SERVICES,Dar es Salaam,Temeke,Dispensary,-6.839139,39.274025,2700,Low
102532-9,Keko Prison,Dar es Salaam,Temeke,Dispensary,-6.841671,39.276169,6117,High
123167-9,NIHAAM,Dar es Salaam,Temeke,Dispensary,-6.93705,39.23858,5593,Moderate
122982-2,TUMAINI MEDICAL,Dar es Salaam,Temeke,Health Laboratory,-6.91861,39.27271,3680,Low
108392-2,Yombo Vituka,Dar es Salaam,Temeke,Health Center,-6.877565,39.22824,3163,Low
110515-4,ANSA,Dar es Salaam,Temeke,Dispensary,-6.97732,39.21285,3031,Low
104984-0,MISSION MBAGALA,Dar es Salaam,Temeke,Dispensary,-6.90506,39.27142,5593,Moderate
112093-0,MICO MASJID TUNGI,Dar es Salaam,Temeke,Dispensary,-6.85399,39.26075,3969,Moderate
124327-8,MADOSHI,Dar es Salaam,Temeke,Health Laboratory,-6.88308,39.24302,7732,High
105493-1,MSOMENI,Dar es Salaam,Temeke,Dispensary,-6.87971,39.26119,11141,Very High
120682-0,TRULAB-MATITU,Dar es Salaam,Temeke,Health Laboratory,-6.90319,39.28399,2406,Low
106053-2,Mzinga,Dar es Salaam,Temeke,Dispensary,-6.941788,39.282659,12833,Very High
110734-1,UPENDO MODERN,Dar es Salaam,Temeke,Health Center,-6.89311,39.26503,10900,Very High
113529-2,IBRA,Dar es Salaam,Temeke,Health Laboratory,-6.96813,39.22689,6772,High
113522-7,ARAFA CM,Dar es Salaam,Temeke,Health Laboratory,-6.92328,39.25856,6817,High
108131-4,UPENDANO,Dar es Salaam,Temeke,Dispensary,-6.85253,39.26484,1863,Very Low
107855-9,TOANGOMA,Dar es Salaam,Temeke,Health Center,-6.93643,39.31157,10951,Very High
112612-7,MBAGALA,Dar es Salaam,Temeke,Clinic,-6.93999,39.24536,3018,Low
121805-6,MKONDOGWA,Dar es Salaam,Temeke,Health Center,-6.93367,39.22881,6975,High
107794-0,TCC,Dar es Salaam,Temeke,Clinic,-6.84127,39.25257,6909,High
123756-9,ZANGO ZAIDI,Dar es Salaam,Temeke,Hospital,-6.94848,39.22749,5352,Moderate
110278-9,SUNA,Dar es Salaam,Temeke,Health Center,-6.87761,39.22826,2927,Low
120494-0,USWEGE MEDICAL,Dar es Salaam,Temeke,Dispensary,-6.97797,39.20005,15071,Very High
120407-2,ESAM,Dar es Salaam,Temeke,Clinic,-6.917465,39.244717,11680,Very High
121806-4,GOROKA,Dar es Salaam,Temeke,Health Center,-6.94011,39.29791,25425,Very High
112437-9,LATE PROF. MWANKEMWA,Dar es Salaam,Temeke,Clinic,-6.9534,39.22586,9251,Very High
101348-1,Hekima,Dar es Salaam,Temeke,Dispensary,-6.974999,39.215919,2761,Low
113521-9,M&K,Dar es Salaam,Temeke,Health Laboratory,-6.94805,39.23001,7336,High
108300-5,WALTER,Dar es Salaam,Temeke,Hospital,-6.8703701,39.26174,2809,Low
110698-8,FLORENCE MISSION,Dar es Salaam,Temeke,Dispensary,-6.93224,39.24751,7590,High
100164-3,SAMASI RANGITATU,Dar es Salaam,Temeke,Clinic,-6.925501,39.268401,5849,Moderate
110704-4,TOHS,Dar es Salaam,Temeke,Hospital,-6.844011,39.24711,4168,Moderate
104082-3,Makangarawe,Dar es Salaam,Temeke,Dispensary,-6.88418,39.24591,5750,Moderate
123242-0,MICO KAGUNGA,Dar es Salaam,Temeke,Dispensary,-6.92091,39.23933,7624,High
100714-5,Chamazi,Dar es Salaam,Temeke,Dispensary,-6.95061,39.22803,5372,Moderate
122605-9,KILUNGULE,Dar es Salaam,Temeke,Dispensary,-6.78735,39.10747,8994,High
107081-2,ARAFA YOMBO RELINI,Dar es Salaam,Temeke,Dispensary,-6.87034,39.230881,2787,Low
111423-0,HURUMA,Dar es Salaam,Temeke,Dispensary,-6.97566,39.21271,6181,High
112637-4,MUHALI DIABETES AND ENDOCRINOLOGY,Dar es Salaam,Temeke,Clinic,-6.87863,39.28749,9868,Very High
100169-2,ARAFA UPENDO,Dar es Salaam,Temeke,Health Center,-6.85673,39.26251,2659,Low
107459-0,Sigara,Dar es Salaam,Temeke,Dispensary,-6.886965,39.217057,7910,High
104059-1,Maji Matitu,Dar es Salaam,Temeke,Health Center,-6.93633,39.24808,6385,High
111626-8,MICO NIIMAT,Dar es Salaam,Temeke,Dispensary,-6.93889,39.23206,9246,Very High
123515-9,GHOROFANI MEDICAL,Dar es Salaam,Temeke,Health Laboratory,-6.97505,39.20002,15779,Very High
111617-7,Charambe,Dar es Salaam,Temeke,Dispensary,-6.92326,39.2555,10587,Very High
122599-4,NOVIC,Dar es Salaam,Temeke,Dispensary,-6.93285,39.22211,9146,Very High
110611-1,SPRF YOMBO VITUKA,Dar es Salaam,Temeke,Dispensary,-6.874311,39.225112,9223,Very High
110699-6,TYMA BUBUBU,Dar es Salaam,Temeke,Dispensary,-6.868252,39.255867,4067,Moderate
112483-3,SHREE HINDU MANDAL ALAF,Dar es Salaam,Temeke,Dispensary,-6.84654,39.24994,1801,Very Low
114021-9,OPRAH,Dar es Salaam,Temeke,Health Center,-6.93,39.24372,9263,Very High
114559-8,WAKURU,Dar es Salaam,Temeke,Clinic,-6.86103,39.26197,2680,Low
110638-4,UPENDO MAM,Dar es Salaam,Temeke,Dispensary,-6.889744,39.281703,9555,Very High
120290-2,MAMED,Dar es Salaam,Temeke,Clinic,-6.8926234,39.267137,7480,High
110897-6,KILWA ROAD POLICE,Dar es Salaam,Temeke,Hospital,-6.85003,39.280578,3400,Low
120493-2,JUDA,Dar es Salaam,Temeke,Clinic,-6.89275,39.22765,3016,Low
105003-8,ATUKUZWE JUU,Dar es Salaam,Temeke,Dispensary,-6.92112,39.27518,3344,Low
120589-7,AL KIPONZA,Dar es Salaam,Temeke,Dispensary,-6.97628,39.21686,8866,High
111624-3,FRATINA,Dar es Salaam,Temeke,Dispensary,-6.91238,39.24182,7989,High
120450-2,TAWHEED,Dar es Salaam,Temeke,Dispensary,-6.87075,39.25772,7084,High
110521-2,ARAFA UMOJA,Dar es Salaam,Temeke,Dispensary,-6.87362,39.26928,2956,Low
110276-3,Mbagala Roundtable,Dar es Salaam,Temeke,Health Center,-6.9014,39.264228,10689,Very High
110523-8,ARAFA KILAKALA,Dar es Salaam,Temeke,Dispensary,-6.868475,39.241608,6521,High
107972-2,FORDEVA,Dar es Salaam,Temeke,Dispensary,-6.84897,39.25871,7934,High
114491-4,NELA,Dar es Salaam,Temeke,Clinic,-6.85924,39.26077,1947,Very Low
112262-1,SHEFA,Dar es Salaam,Temeke,Dispensary,-6.90866,39.25797,13477,Very High
110702-8,Muzdalifah Mkombozi,Dar es Salaam,Temeke,Dispensary,-6.86983,39.26691,3839,Low
121992-2,BUHORO,Dar es Salaam,Temeke,Health Laboratory,-6.971145,39.219936,10668,Very High
114305-6,RM,Dar es Salaam,Temeke,Health Laboratory,-6.89364,39.23499,10769,Very High
110647-5,ST. CLARA,Dar es Salaam,Temeke,Dispensary,-6.94135,39.24629,15947,Very High
122594-5,MSIMBAZI,Dar es Salaam,Temeke,Clinic,-6.86982,39.27398,3471,Low
104037-7,MAIBONG SUKIDA,Dar es Salaam,Temeke,Dispensary,-6.87784,39.26506,4860,Moderate
122932-7,KILONDE,Dar es Salaam,Temeke,Dispensary,-6.91389,39.25226,15017,Very High
107327-9,TEMEKE SDA,Dar es Salaam,Temeke,Dispensary,-6.854226,39.263505,1483,Very Low
124322-9,MATUMAINI HEALTH,Dar es Salaam,Temeke,Health Laboratory,-6.91704,39.27179,2300,Low
114022-7,AGA KHAN YOMBO VITUKA,Dar es Salaam,Temeke,Clinic,-6.89173,39.22363,7009,High
112277-9,MICO KARODE'S,Dar es Salaam,Temeke,Dispensary,-6.91367,39.2724,4129,Moderate
121980-7,DANHOPE,Dar es Salaam,Temeke,Health Laboratory,-6.902623,39.29686,15335,Very High
122604-2,KURASINI,Dar es Salaam,Temeke,Dispensary,-6.85621,39.28261,18330,Very High
100157-7,ARAFA MAPINDUZI,Dar es Salaam,Temeke,Dispensary,-6.92709,39.26505,5095,Moderate
110602-0,ARAFA AZIMIO,Dar es Salaam,Temeke,Dispensary,-6.87562,39.26611,3814,Low
124323-7,REX,Dar es Salaam,Temeke,Health Laboratory,-6.86807,39.27783,3299,Low
123501-9,KAGABO,Dar es Salaam,Temeke,Dispensary,-6.87103,39.24979,6478,High
122906-1,JPG,Dar es Salaam,Temeke,Clinic,-6.84441,39.27111,4525,Moderate
102531-1,Keko Mwanga,Dar es Salaam,Temeke,Dispensary,-6.836683,39.276667,8680,High
120415-5,CONSOLATA SISTER,Dar es Salaam,Temeke,Clinic,-6.88445,39.27277,6662,High
113525-0,CHRIS,Dar es Salaam,Temeke,Health Laboratory,-6.90068,39.25041,9982,Very High
102646-7,Kichemchem,Dar es Salaam,Temeke,Dispensary,-6.914032,39.29272,19594,Very High
101078-4,EMMA,Dar es Salaam,Temeke,Health Center,-6.86452,39.26741,2267,Low
110518-8,Chang'ombe,Dar es Salaam,Temeke,Dispensary,-6.842576,39.26801,4304,Moderate
110283-9,Mtoni,Dar es Salaam,Temeke,Dispensary,-6.86738,39.27325,1141,Very Low
110630-1,TAYMA SANDALI,Dar es Salaam,Temeke,Dispensary,-6.85665,39.25048,6014,High
121587-0,UPENDO YOMBO RELI,Dar es Salaam,Temeke,Health Laboratory,-6.870498,39.229996,2841,Low
111850-4,HIGHLANDS MOS,Dar es Salaam,Temeke,Clinic,-6.88511,39.27832,6869,High
110560-0,Tambukareli,Dar es Salaam,Temeke,Dispensary,-6.877689,39.264878,2032,Very Low
104547-5,Mbagala Rangi Tatu,Dar es Salaam,Temeke,Hospital,-6.91432,39.270642,123,Very Low
110701-0,KESHENI MISSION,Dar es Salaam,Temeke,Dispensary,-6.94387,39.27725,17120,Very High
102333-2,MTONI,Dar es Salaam,Temeke,Dispensary,-6.86792,39.27738,1554,Very Low
112444-5,TUMAINI LETU BAKWATA,Dar es Salaam,Temeke,Dispensary,-6.94359,39.21492,13245,Very High
120413-0,SAINT GRIFFIN,Dar es Salaam,Temeke,Dispensary,-6.89273,39.27626,12016,Very High
123068-9,CONSO OMEGA,Dar es Salaam,Temeke,Dispensary,-6.94246,39.21531,10204,Very High
123589-4,ARAFA KILUNGULE,Dar es Salaam,Temeke,Dispensary,-6.91015,39.24093,17243,Very High
123742-9,WIZETWI,Dar es Salaam,Temeke,Dispensary,-6.92261,39.27371,2888,Low
120257-1,MUKAMI MEMORIAL,Dar es Salaam,Temeke,Clinic,-6.9143,39.27211,963,Very Low
121025-1,MEDICHECKS,Dar es Salaam,Temeke,Clinic,-6.93393,39.23892,6881,High
120555-8,MUHALI,Dar es Salaam,Temeke,Clinic,-6.8773,39.292,6625,High
121993-0,FASH,Dar es Salaam,Temeke,Health Laboratory,-6.38391,38.50049,1276,Very Low
110598-0,SAMA,Dar es Salaam,Temeke,Dispensary,-6.91701,39.27931,13053,Very High
123097-8,MWAPEMBA JAMII,Dar es Salaam,Temeke,Dispensary,-6.93611,39.34341,20968,Very High
111003-0,SALAAMAN,Dar es Salaam,Temeke,Health Center,-6.86272,39.25739,4689,Moderate
110696-2,Mtoni Kijchi Police,Dar es Salaam,Temeke,Dispensary,-6.87512,39.29155,1582,Very Low
111620-1,TEMEKE OPTOMETRY CENTRE,Dar es Salaam,Temeke,Clinic,-6.86903,39.26352,2550,Low
104792-7,Mgulani TPDF,Dar es Salaam,Temeke,Dispensary,-6.860559,39.27769,7813,High
104866-9,MUZDALIFAH,Dar es Salaam,Temeke,Dispensary,-6.87283,39.24321,2172,Low
122570-5,DEDATI,Dar es Salaam,Temeke,Dispensary,-6.89887,39.28283,5935,High
121129-1,LIVOYANGE,Dar es Salaam,Temeke,Health Laboratory,-6.88203,39.23535,8491,High
100057-9,ST. RAPHAEL,Dar es Salaam,Temeke,Health Center,-6.866646,39.258316,1491,Very Low
114493-0,DSK,Dar es Salaam,Temeke,Dispensary,-6.92374,39.33641,15809,Very High
110592-3,MANDELA,Dar es Salaam,Temeke,Dispensary,-6.869036,39.281513,9316,Very High
113517-7,NANAIRO CO. LIMITED,Dar es Salaam,Temeke,Health Laboratory,-6.86839,39.27575,988,Very Low
110703-6,ST. FRANCIS XAVIER,Dar es Salaam,Temeke,Dispensary,-6.853455,39.264307,1657,Very Low
122724-8,OASIS,Dar es Salaam,Temeke,Dispensary,-6.90004,39.27011,6847,High
100305-2,Bandari,Dar es Salaam,Temeke,Health Center,-6.832175,39.28889,5875,High
107220-6,TAYMA MBAGALA,Dar es Salaam,Temeke,Hospital,-6.895705,39.267596,5057,Moderate
114511-9,TAYMA BUZA,Dar es Salaam,Temeke,Dispensary,-6.89436,39.22744,4401,Moderate
110280-5,Sandali,Dar es Salaam,Temeke,Dispensary,-6.85637,39.2461,7612,High
113518-5,NANAIRO CO. LIMITED,Dar es Salaam,Temeke,Health Laboratory,-6.86725,39.27451,2288,Low
124129-8,HNS,Dar es Salaam,Temeke,Dispensary,-6.96633,39.22921,10383,Very High
110277-1,Mbagala Kizuiani,Dar es Salaam,Temeke,Dispensary,-6.90324,39.26743,5891,High
104921-2,Mikwambe,Dar es Salaam,Temeke,Dispensary,-6.924836,39.340178,5649,Moderate
107980-5,MTIRO MEDICAL SERVICES,Dar es Salaam,Temeke,Dispensary,-6.94299,39.31223,20544,Very High
100168-4,ARAFA UGWENO,Dar es Salaam,Temeke,Health Center,-6.86719,39.25908,1691,Very Low
110608-7,TAYMA YOMBO SUNRISE,Dar es Salaam,Temeke,Dispensary,-6.87489,39.24137,6902,High
121983-1,SIGARA MEDICAL,Dar es Salaam,Temeke,Health Laboratory,-6.888256,39.219051,3504,Low
113523-5,JEREMIA,Dar es Salaam,Temeke,Health Laboratory,-6.86268,39.26733,5500,Moderate
110593-1,ARAFA ANABA,Dar es Salaam,Temeke,Dispensary,-6.92228,39.23557,15380,Very High
104855-2,MICO MTONI,Dar es Salaam,Temeke,Dispensary,-6.86839,39.27571,441,Very Low
112356-1,MAKAMBINI,Songwe,Momba,Dispensary,-9.30184,32.77642,41754,Very High
121544-1,MSAMBA II,Songwe,Momba,Dispensary,-9.05724,32.37526,3435,Low
108849-1,KATETE,Songwe,Momba,Dispensary,-9.256486,32.838614,11531,Very High
108850-9,TUNDUMA,Songwe,Momba,Health Center,-9.301648,32.763672,32369,Very High
121880-9,NAMOLE,Songwe,Momba,Dispensary,-9.13048,32.45157,1715,Very Low
111684-7,FARAJA,Songwe,Momba,Dispensary,-9.30457,32.77905,98984,Very High
113990-6,TUNDUMA,Songwe,Momba,Hospital,-9.27222,32.84714,5103,Moderate
108886-3,HOLLY FAMILY,Songwe,Momba,Health Center,-9.29949,32.76261,3827,Low
110745-7,Mpande,Songwe,Momba,Dispensary,-9.340881,32.817746,4534,Moderate
108768-3,NANDANGA,Songwe,Momba,Dispensary,-9.2955,32.893913,9288,Very High
121532-6,CHAMBO MEDICAL,Songwe,Momba,Health Laboratory,-9.2963,32.76261,97673,Very High
121340-4,TUNDUMA WELLNESS,Songwe,Momba,Clinic,-9.2618,32.83017,35339,Very High
115227-1,ST YOSEPHA,Songwe,Momba,Health Center,-9.24824,32.84834,4329,Moderate
108737-8,CHIWEZI,Songwe,Momba,Dispensary,-9.08855,32.42225,602,Very Low
105356-0,MPEMBA,Songwe,Momba,Dispensary,-9.2586,32.832203,8655,High
104456-9,MATEMANGA,Ruvuma,Tunduru,Health Center,-10.76089,37.00934,4488,Moderate
105567-2,MTINA,Ruvuma,Tunduru,Health Center,-11.26141,37.36842,9232,Very High
106111-8,NAMASAKATA,Ruvuma,Tunduru,Dispensary,-11.14369,37.44779,3019,Low
104062-5,MAJIMAJI,Ruvuma,Tunduru,Dispensary,-10.85706,37.57579,4432,Moderate
105661-3,MUHUWESI,Ruvuma,Tunduru,Dispensary,-10.86997,37.45241,12363,Very High
107946-6,TUNDURU,Ruvuma,Tunduru,Hospital,-11.04982,37.33648,17703,Very High
122265-2,MWANGAZA,Ruvuma,Tunduru,Dispensary,-7.8931,32.7802242,2604,Low
121162-2,MNAZIMMOJA,Ruvuma,Tunduru,Dispensary,-10.86771,37.62163,4082,Moderate
114343-7,GEREZA MAJIMAJI,Ruvuma,Tunduru,Dispensary,-10.85703,37.57574,5098,Moderate
103506-2,LIGUNGA,Ruvuma,Tunduru,Dispensary,-10.78831,37.12173,4384,Moderate
121179-6,ANGALIA,Ruvuma,Tunduru,Dispensary,-11.31341,37.38501,4422,Moderate
103832-2,MACHEMBA,Ruvuma,Tunduru,Dispensary,-11.12341,37.16541,3160,Low
111930-4,TUWEMACHO,Ruvuma,Tunduru,Dispensary,-11.11217,37.39041,3900,Moderate
107835-1,TINGINYA,Ruvuma,Tunduru,Dispensary,-10.78031,37.96217,7100,High
102198-9,KAJIMA,Ruvuma,Tunduru,Dispensary,-10.65773,37.05073,2119,Very Low
110950-3,TUNDURU,Ruvuma,Tunduru,Dispensary,-11.04489,37.33299,9726,Very High
104695-2,MCHOTEKA,Ruvuma,Tunduru,Health Center,-11.44901,36.88501,8168,High
100106-4,AMANI,Ruvuma,Tunduru,Dispensary,-11.21349,37.45284,4720,Moderate
104994-9,MISYAJE,Ruvuma,Tunduru,Dispensary,-11.24888,36.88445,2832,Low
104594-7,MBESA,Ruvuma,Tunduru,Hospital,-11.34665,37.06465,15386,Very High
121497-2,MWONGOZO,Ruvuma,Tunduru,Dispensary,-11.00939,37.45721,4805,Moderate
104708-3,MEA - MTWARO,Ruvuma,Tunduru,Dispensary,-11.24939,37.56171,6936,High
110885-1,MWENGE,Ruvuma,Tunduru,Dispensary,-11.38566,37.36435,7083,High
110949-5,ST JOSEPH MAPAMBAZUKO,Ruvuma,Tunduru,Dispensary,-11.0352,37.32849,9794,Very High
109131-3,SEMENI,Ruvuma,Tunduru,Dispensary,-11.22313,37.28876,6001,High
103564-1,LIWANGULA,Ruvuma,Tunduru,Dispensary,-10.74473,37.75724,2835,Low
100207-0,AZIMIO,Ruvuma,Tunduru,Dispensary,-11.17379,37.26271,5372,Moderate
104427-0,MASUGURU,Ruvuma,Tunduru,Dispensary,-11.36894,36.88709,3684,Low
106151-4,NAMPUNGU,Ruvuma,Tunduru,Dispensary,-10.91525,37.03805,1614,Very Low
103155-8,KITANDA,Ruvuma,Tunduru,Dispensary,-11.11666,37.31739,4136,Moderate
105117-6,MKOWELA,Ruvuma,Tunduru,Dispensary,-10.92058,37.94592,6928,High
101161-8,FUNDIMBANGA,Ruvuma,Tunduru,Dispensary,-10.80261,37.03289,1511,Very Low
100764-0,CHELEWENI,Ruvuma,Tunduru,Dispensary,-10.96787,37.45386,9480,Very High
107902-9,TULIENI,Ruvuma,Tunduru,Dispensary,-10.96973,37.75434,8307,High
104942-8,MINDU,Ruvuma,Tunduru,Dispensary,-10.82527,37.77089,4408,Moderate
121511-0,CHIUNGO,Ruvuma,Tunduru,Dispensary,-11.24939,37.56171,6936,High
121704-1,LEGEZAMWENDO,Ruvuma,Tunduru,Dispensary,-11.08838,37.17152,2051,Very Low
104078-1,MAKANDE,Ruvuma,Tunduru,Dispensary,-11.64791,37.35224,1975,Very Low
109115-6,MARUMBA,Ruvuma,Tunduru,Dispensary,-11.31226,36.86638,5814,Moderate
108363-3,WENJE,Ruvuma,Tunduru,Dispensary,-11.55908,36.91672,7781,High
106077-1,NAIKUILA,Ruvuma,Tunduru,Dispensary,-11.16433,37.48116,1310,Very Low
121175-4,MASONYA,Ruvuma,Tunduru,Health Center,-10.78948,37.44765,6431,High
123267-7,IRUSIM MEDICAL LABORATORY,Ruvuma,Tunduru,Health Laboratory,-10.87683,37.65426,8447,High
106143-1,NAMIUNGO,Ruvuma,Tunduru,Dispensary,-10.86813,37.6385,2549,Low
104579-8,MBATI,Ruvuma,Tunduru,Dispensary,-11.30995,36.95874,5190,Moderate
101401-8,HULIA,Ruvuma,Tunduru,Dispensary,-10.79896,36.68382,3292,Low
104043-5,MAJALA,Ruvuma,Tunduru,Dispensary,-10.88095,37.17093,5345,Moderate
105057-4,MKAPA,Ruvuma,Tunduru,Dispensary,-10.69309,37.05777,2547,Low
102517-0,KAZAMOYO,Ruvuma,Tunduru,Dispensary,-11.35993,37.44131,2668,Low
103679-7,LUKALA,Ruvuma,Tunduru,Dispensary,-11.52046,37.24258,1904,Very Low
121177-0,NALASI,Ruvuma,Tunduru,Health Center,-11.45859,36.98357,3667,Low
104578-0,MBATAMILA,Ruvuma,Tunduru,Dispensary,-10.99901,36.96858,2163,Low
106489-8,NJENGA,Ruvuma,Tunduru,Dispensary,-11.41612,36.84551,2855,Low
105592-0,MTONYA,Ruvuma,Tunduru,Dispensary,-10.88014,37.71513,6855,High
106161-3,NAMWINYU,Ruvuma,Tunduru,Dispensary,-10.76828,36.90025,6270,High
106092-0,NALASI,Ruvuma,Tunduru,Dispensary,-11.46546,36.98343,11194,Very High
107966-4,TWENDEMBELE,Ruvuma,Tunduru,Dispensary,-10.71561,37.17081,3219,Low
103695-3,LUKUMBULE,Ruvuma,Tunduru,Dispensary,-11.50861,37.36804,14532,Very High
121494-9,DARAJAMBILI,Ruvuma,Tunduru,Dispensary,-10.78896,36.81382,3254,Low
100862-2,CHIWANA,Ruvuma,Tunduru,Dispensary,-11.22206,37.17724,3655,Low
123099-4,FARAJA,Ruvuma,Tunduru,Dispensary,-11.04301,37.33155,9207,Very High
110948-7,HURUMA,Ruvuma,Tunduru,Dispensary,-11.0323,37.3261,15394,Very High
121178-8,MCHESI,Ruvuma,Tunduru,Health Center,-11.52107,37.24069,1623,Very Low
104650-7,MBUGULAJI,Ruvuma,Tunduru,Dispensary,-10.60361,36.82175,3750,Low
104972-5,MISECHELA,Ruvuma,Tunduru,Dispensary,-11.17102,37.69028,5133,Moderate
106209-0,NASOMBA,Ruvuma,Tunduru,Dispensary,-11.58707,37.08392,2683,Low
122923-6,JEB,Ruvuma,Tunduru,Dispensary,-11.24379,37.20673,2056,Very Low
104699-4,MCHURUKA,Ruvuma,Tunduru,Dispensary,-11.00939,37.45721,4805,Moderate
103208-5,KIUMMA,Ruvuma,Tunduru,Hospital,-10.75874,36.95745,5995,High
106347-8,NGAPA,Ruvuma,Tunduru,Dispensary,-10.59981,37.82615,4633,Moderate
106250-4,NDENYENDE,Ruvuma,Tunduru,Dispensary,-10.79685,36.96276,2105,Very Low
106086-2,NAKAPANYA,Ruvuma,Tunduru,Health Center,-10.89912,37.80588,8372,High
123323-8,NAMASALAU,Ruvuma,Tunduru,Dispensary,-11.13601,37.35123,2759,Low
120593-9,MWANANCHI,Ruvuma,Tunduru,Dispensary,-10.89917,37.8037,4836,Moderate
102259-9,KALULU,Ruvuma,Tunduru,Dispensary,-10.60361,36.82174,3436,Low
113766-0,BISHOP JAMES,Ruvuma,Tunduru,Dispensary,-11.060065,37.343533,11964,Very High
106165-4,NANDEMBO,Ruvuma,Tunduru,Dispensary,-10.95599,37.23625,13837,Very High
103149-1,KITALO,Ruvuma,Tunduru,Dispensary,-10.97056,37.12312,2284,Low
105475-8,MSINJI,Ruvuma,Tunduru,Dispensary,-11.02616,37.57814,8427,High
102663-2,KIDODOMA,Ruvuma,Tunduru,Dispensary,-11.03815,37.18311,4296,Moderate
105059-0,MKASALE,Ruvuma,Tunduru,Health Center,-11.13902,37.52501,4570,Moderate
103502-1,LIGOMA,Ruvuma,Tunduru,Dispensary,-11.07821,37.49799,6726,High
100154-4,ARAFA CORNER,Dar es Salaam,Ubungo,Dispensary,-6.78898,39.19297,4524,Moderate
114466-6,MCD LIFE CARE,Dar es Salaam,Ubungo,Dispensary,-6.790121,39.145973,5836,Moderate
110645-9,SINZA MICO,Dar es Salaam,Ubungo,Dispensary,-6.7803,39.21972,882,Very Low
103497-4,LIFESIGN,Dar es Salaam,Ubungo,Dispensary,-6.795877,39.138872,6685,High
104839-6,MICO FARASI MABIBO,Dar es Salaam,Ubungo,Dispensary,-6.81386,39.22921,3339,Low
113750-4,SUN,Dar es Salaam,Ubungo,Dispensary,-6.787335,39.201172,6141,High
106625-7,KINGA MAWIMBI,Dar es Salaam,Ubungo,Dispensary,-6.8147,39.2394,1204,Very Low
114014-4,SPARTIAL HEALTH,Dar es Salaam,Ubungo,Clinic,-6.77447,39.2211,998,Very Low
101059-4,EDWARD MICHAUD MEMORIAL R.C,Dar es Salaam,Ubungo,Hospital,-6.77216,39.22286,1922,Very Low
104137-5,MAKUBURI,Dar es Salaam,Ubungo,Health Center,-6.80815,39.21457,4591,Moderate
112028-6,BETHEL,Dar es Salaam,Ubungo,Dispensary,-6.78313,39.2221,674,Very Low
110605-3,ICS ST ESTER,Dar es Salaam,Ubungo,Dispensary,-6.809656,39.107663,22814,Very High
122938-4,RALLY,Dar es Salaam,Ubungo,Clinic,-6.79465,39.21539,869,Very Low
110686-3,PROHEALTH,Dar es Salaam,Ubungo,Clinic,-6.74015,39.15467,10386,Very High
108651-1,MICO MWEMBECHAI,Dar es Salaam,Ubungo,Dispensary,-6.80745,39.24848,2539,Low
123720-5,SUCA PURITY HEALTH CARE,Dar es Salaam,Ubungo,Dispensary,-6.79234,39.14898,4042,Moderate
106927-7,OMEK FAMILY,Dar es Salaam,Ubungo,Dispensary,-6.80086,39.20305,2499,Low
104658-0,MAKURUMLA,Dar es Salaam,Ubungo,Health Center,-6.80521,39.24222,2947,Low
103407-3,KWEMBE,Dar es Salaam,Ubungo,Dispensary,-6.820151,39.08506,11240,Very High
112258-9,MALAMBA MAWILI,Dar es Salaam,Ubungo,Dispensary,-6.8099,39.11361,15036,Very High
113267-9,GOD THE LORD,Dar es Salaam,Ubungo,Health Laboratory,-6.79764,39.20943,2751,Low
110633-5,SINZA MICO,Dar es Salaam,Ubungo,Health Center,-6.78032,39.21972,1555,Very Low
112027-8,MUZDALIFA CHARITABLE,Dar es Salaam,Ubungo,Dispensary,-6.81034,39.15009,9896,Very High
121266-1,ELCT LUTHER,Dar es Salaam,Ubungo,Clinic,-6.78908,39.18151,4769,Moderate
122968-1,ST.YOHANE,Dar es Salaam,Ubungo,Health Center,-6.72502,39.13924,11234,Very High
110555-0,MICO A3T MAVURUNZA,Dar es Salaam,Ubungo,Dispensary,-6.81487,39.16463,11944,Very High
111890-0,MUHIMBILI NATIONAL HOSPITAL - MLOGANZILA,Dar es Salaam,Ubungo,Hospital,-6.81493,39.05828,4485,Moderate
110646-7,NSILO HEALTH CARE,Dar es Salaam,Ubungo,Dispensary,-6.77263,39.13171,24457,Very High
102572-5,AMANI,Dar es Salaam,Ubungo,Dispensary,-6.80665,39.07537,6918,High
113261-2,LEM,Dar es Salaam,Ubungo,Health Laboratory,-6.80437,39.24089,2278,Low
108442-5,Kiluvya,Dar es Salaam,Ubungo,Dispensary,-6.78678,39.01857,2599,Low
111939-5,UKOMBOZI,Dar es Salaam,Ubungo,Dispensary,-6.73578,39.12332,39151,Very High
111102-0,HURUMA,Dar es Salaam,Ubungo,Dispensary,-6.78972,39.16761,2258,Low
111940-3,ZULU,Dar es Salaam,Ubungo,Clinic,-6.80301,39.12629,12689,Very High
123478-0,KERA,Dar es Salaam,Ubungo,Clinic,-6.76405,39.04373,14945,Very High
123498-8,HOPEKWEMBE,Dar es Salaam,Ubungo,Dispensary,-6.81481,39.08641,5865,High
110928-9,KITEA,Dar es Salaam,Ubungo,Dispensary,-6.778412,39.150747,15813,Very High
112334-8,SHILE,Dar es Salaam,Ubungo,Clinic,-6.80288,39.19666,4495,Moderate
112643-2,FACE SPECIALIST,Dar es Salaam,Ubungo,Clinic,-6.77446,39.2222,2409,Low
111889-2,MAKUTANO,Dar es Salaam,Ubungo,Dispensary,-6.80681,39.22959,4166,Moderate
112230-8,MBEZI MAZURU,Dar es Salaam,Ubungo,Dispensary,-6.7727,39.11977,23521,Very High
105506-0,MSUMI,Dar es Salaam,Ubungo,Dispensary,-6.71486,39.10667,4613,Moderate
114484-9,Sweet Corner,Dar es Salaam,Ubungo,Dispensary,-6.790579,39.23365,4498,Moderate
103408-1,KWEMBE KATI,Dar es Salaam,Ubungo,Dispensary,-6.80809,39.09472,6106,High
107033-3,PRIME CARE,Dar es Salaam,Ubungo,Dispensary,-6.77497,39.10893,17129,Very High
102996-6,KIPASIKA HEALTH CARE,Dar es Salaam,Ubungo,Dispensary,-6.78449,39.1163,366,Very Low
102117-9,JWTZ UBUNGO,Dar es Salaam,Ubungo,Dispensary,-6.81032,39.19725,1208,Very Low
110936-2,MIKURU HEALTHCARE,Dar es Salaam,Ubungo,Dispensary,-6.78532,39.05224,10379,Very High
109431-7,MSAKUZI,Dar es Salaam,Ubungo,Clinic,-6.767236,39.071894,4242,Moderate
123847-6,GIFT,Dar es Salaam,Ubungo,Health Laboratory,-6.31246,39.27304,NA,NA
104835-4,MICO DARAJANI,Dar es Salaam,Ubungo,Dispensary,-6.81753,39.23931,4826,Moderate
114483-1,TRIPHONIA,Dar es Salaam,Ubungo,Clinic,-6.816316,39.238167,2577,Low
108636-2,FATHER TREST,Dar es Salaam,Ubungo,Dispensary,-6.79481,39.14687,6107,High
101063-6,EKENYWA,Dar es Salaam,Ubungo,Hospital,-6.807491,39.249839,2451,Low
112030-2,Bukede Specialized,Dar es Salaam,Ubungo,Clinic,-6.78079,39.11471,3704,Low
122863-4,SANEV,Dar es Salaam,Ubungo,Clinic,-6.71699,39.14411,6613,High
101936-3,ISTIQAAMA,Dar es Salaam,Ubungo,Health Center,-6.80537,39.246403,2551,Low
111466-9,MANZESE,Dar es Salaam,Ubungo,Dispensary,-6.795583,39.226681,4721,Moderate
112624-2,MARUKU MODERN,Dar es Salaam,Ubungo,Dispensary,-6.80488,39.20415,2518,Low
108106-6,UDSM,Dar es Salaam,Ubungo,Hospital,-6.77922,39.20814,3847,Low
111950-2,EXODUS,Dar es Salaam,Ubungo,Dispensary,-6.74186,39.1698,20587,Very High
110778-8,ARAFAT BASNA,Dar es Salaam,Ubungo,Dispensary,-6.76083,39.07319,10463,Very High
110599-8,MICO KIMARA,Dar es Salaam,Ubungo,Dispensary,-6.79103,39.16754,2001,Very Low
111449-5,JOAN MSAKUZI,Dar es Salaam,Ubungo,Dispensary,-6.774087,39.081038,11999,Very High
120632-5,NIT,Dar es Salaam,Ubungo,Dispensary,-6.803525,39.220116,2415,Low
120709-1,DR ESTER HEALTH CARE,Dar es Salaam,Ubungo,Dispensary,-6.468541,39.037471,NA,NA
112631-7,NYUMBANI,Dar es Salaam,Ubungo,Clinic,-6.80016,39.06252,10797,Very High
122561-4,MAGREFA,Dar es Salaam,Ubungo,Clinic,-6.80588,39.22685,3068,Low
123967-2,WECARE,Dar es Salaam,Ubungo,Nursing Home,-6.79815,39.18561,13700,Very High
124284-1,BONITAS HEALTHCARE,Dar es Salaam,Ubungo,Dispensary,-6.78515,39.15968,9808,Very High
110775-4,JPM,Dar es Salaam,Ubungo,Dispensary,-6.73964,39.16628,5941,High
103819-9,MABIBO HOSTEL,Dar es Salaam,Ubungo,Dispensary,-6.805146,39.20821,2941,Low
110934-7,MSIGULA,Dar es Salaam,Ubungo,Clinic,-6.812522,39.238985,2742,Low
123716-3,AISON,Dar es Salaam,Ubungo,Clinic,-6.74024,39.16528,1575,Very Low
105370-1,MPIJI MAGOHE,Dar es Salaam,Ubungo,Dispensary,-6.72925,39.0667,13324,Very High
105324-8,MOYO SAFI WA MARIA,Dar es Salaam,Ubungo,Hospital,-6.78493,39.19762,4881,Moderate
112419-7,HEKIMA,Dar es Salaam,Ubungo,Health Center,-6.74136,39.07902,12446,Very High
107685-0,SURVEY,Dar es Salaam,Ubungo,Dispensary,-6.773947,39.222077,320,Very Low
104504-6,MAVURUNZA,Dar es Salaam,Ubungo,Dispensary,-6.81131,39.15865,4396,Moderate
120248-0,MAKMARO,Dar es Salaam,Ubungo,Clinic,-6.80044,39.21528,3807,Low
122919-4,GENTLE,Dar es Salaam,Ubungo,Clinic,-6.81048,39.22532,2785,Low
112516-0,MKUNGUNI,Dar es Salaam,Ubungo,Dispensary,-6.796379,39.230893,2137,Very Low
111887-6,DTM HEALTH CARE,Dar es Salaam,Ubungo,Clinic,-6.79389,39.07658,9675,Very High
120734-9,MAKA,Dar es Salaam,Ubungo,Clinic,-6.78303,39.11614,506,Very Low
111938-7,B&B,Dar es Salaam,Ubungo,Clinic,-6.74133,39.16882,914,Very Low
110663-2,MAFARASA MULEBA,Dar es Salaam,Ubungo,Dispensary,-6.80862,39.2206,3596,Low
110722-6,MARISE,Dar es Salaam,Ubungo,Dispensary,-6.79895,39.22557,2210,Low
100159-3,ARAFA MBEZI,Dar es Salaam,Ubungo,Dispensary,-6.7828,39.11346,1994,Very Low
122593-7,OPTICAL CENTRE MBEZI BRANCH,Dar es Salaam,Ubungo,Clinic,-6.78791,39.06451,10872,Very High
111344-8,WEMA,Dar es Salaam,Ubungo,Dispensary,-6.79164,39.1472,933,Very Low
120274-6,SALBA MEDICAL CARE,Dar es Salaam,Ubungo,Clinic,-6.789167,39.113853,11712,Very High
123976-3,TERMINAL,Dar es Salaam,Ubungo,Dispensary,-6.79082,39.21433,1322,Very Low
115371-7,BRILLIANT,Dar es Salaam,Ubungo,Clinic,-6.782274,39.222294,490,Very Low
114517-6,MLAMI,Dar es Salaam,Ubungo,Dispensary,-6.80397,39.23683,4025,Moderate
113260-4,SEM,Dar es Salaam,Ubungo,Health Laboratory,-6.78294,39.13767,7924,High
115056-4,HIGHLAND,Dar es Salaam,Ubungo,Clinic,-6.75158,39.0924,21037,Very High
103659-9,ST BENEDICT,Dar es Salaam,Ubungo,Hospital,-6.79778,39.09051,4799,Moderate
114463-3,AGA KHAN SINZA,Dar es Salaam,Ubungo,Clinic,-6.788601,39.218807,4170,Moderate
113266-1,P.N,Dar es Salaam,Ubungo,Health Laboratory,-6.80877,39.23691,1130,Very Low
120306-6,SOKENY,Dar es Salaam,Ubungo,Clinic,-6.807588,39.219837,2117,Very Low
122565-5,RISALA,Dar es Salaam,Ubungo,Clinic,-6.78615,39.22348,945,Very Low
102900-8,KIMARA,Dar es Salaam,Ubungo,Health Center,-6.78555,39.16621,4764,Moderate
113255-4,SHABANI,Dar es Salaam,Ubungo,Health Laboratory,-6.78785,39.05613,4164,Moderate
112191-2,ST JOSEPH COLLEGE OF ENGINEERING,Dar es Salaam,Ubungo,Dispensary,-6.793324,39.088874,14463,Very High
110669-9,KINAE,Dar es Salaam,Ubungo,Dispensary,-6.79028,39.15786,4852,Moderate
123613-2,MEGAVISION,Dar es Salaam,Ubungo,Clinic,-6.78862,39.21442,2601,Low
112029-4,EBENEZER,Dar es Salaam,Ubungo,Dispensary,-6.75549,39.14996,19383,Very High
123577-9,MAGAYE,Dar es Salaam,Ubungo,Clinic,-6.79979,39.23729,2910,Low
100121-3,AMENI,Dar es Salaam,Ubungo,Dispensary,-6.78339,39.22297,763,Very Low
110776-2,KELEI,Dar es Salaam,Ubungo,Dispensary,-6.71303,39.17087,17635,Very High
123472-3,KANAANI,Dar es Salaam,Ubungo,Dispensary,-6.82001,39.15505,11523,Very High
108639-6,ARAFA UZURI,Dar es Salaam,Ubungo,Dispensary,-6.79392,39.23314,3191,Low
114730-5,KOREA,Dar es Salaam,Ubungo,Clinic,-6.79345,39.13131,3218,Low
121611-8,MATOSA,Dar es Salaam,Ubungo,Health Laboratory,-6.7579819,39.1498714,7117,High
101229-3,Goba,Dar es Salaam,Ubungo,Dispensary,-6.74073,39.15786,1875,Very Low
113254-7,JIB,Dar es Salaam,Ubungo,Health Laboratory,-6.81353,39.24429,5765,Moderate
124381-5,EMPATHY,Dar es Salaam,Ubungo,Dispensary,-6.78587,39.23238,7907,High
124143-9,CONCORD,Dar es Salaam,Ubungo,Dispensary,-6.70882,39.16963,11371,Very High
114983-0,MSINGWA,Dar es Salaam,Ubungo,Dispensary,-6.81539,39.12448,21314,Very High
113402-2,ST THOMAS,Dar es Salaam,Ubungo,Clinic,-6.80389,39.20949,2541,Low
124379-9,AK,Dar es Salaam,Ubungo,Dispensary,-6.70882,39.16963,11371,Very High
111133-5,MAKNESH,Dar es Salaam,Ubungo,Dispensary,-6.78314,39.1414,7894,High
120250-6,ST. BERNADETHA,Dar es Salaam,Ubungo,Dispensary,-6.815959,39.138138,22320,Very High
122322-1,MIDLAN,Dar es Salaam,Ubungo,Health Center,-6.72051,39.10529,15037,Very High
100388-8,BOCHI,Dar es Salaam,Ubungo,Hospital,-6.789444,39.13008,7000,High
121073-1,JAJA FAMILY,Dar es Salaam,Ubungo,Dispensary,-6.498281,39.070201,175,Very Low
104288-6,TIP TOP,Dar es Salaam,Ubungo,Health Center,-6.80078,39.2299,3280,Low
111886-8,PARADIGMS,Dar es Salaam,Ubungo,Health Center,-6.81792,39.15663,3845,Low
103818-1,MABIBO,Dar es Salaam,Ubungo,Dispensary,-6.81265,39.22591,3325,Low
112417-1,POA ARAFA CHARITABLE,Dar es Salaam,Ubungo,Dispensary,-6.70772,39.10942,8958,High
110682-2,MCDIT,Dar es Salaam,Ubungo,Clinic,-6.789433,39.187688,1914,Very Low
113252-1,HOPE,Dar es Salaam,Ubungo,Health Laboratory,-6.80471,39.20942,674,Very Low
113246-3,JEMA,Dar es Salaam,Ubungo,Health Laboratory,-6.75468,39.04994,12838,Very High
110780-4,FAMILY EYE CARE,Dar es Salaam,Ubungo,Clinic,-6.78463,39.22284,761,Very Low
111364-6,P- CONSULTANT,Dar es Salaam,Ubungo,Clinic,-6.80395,39.15354,6756,High
107617-3,ST. MONICA MODERN,Dar es Salaam,Ubungo,Health Center,-6.798686,39.231334,2265,Low
110612-9,AFYA CARE SINZA,Dar es Salaam,Ubungo,Dispensary,-6.78639,39.22538,2818,Low
123039-0,JEMIX HEALTH CARE,Dar es Salaam,Ubungo,Clinic,-6.74119,39.16869,1290,Very Low
111665-6,MULOKOZI,Dar es Salaam,Ubungo,Clinic,-6.73261,39.19162,26414,Very High
107841-9,TM,Dar es Salaam,Ubungo,Dispensary,-6.808728,39.237493,1928,Very Low
123491-3,PEAN,Dar es Salaam,Ubungo,Clinic,-6.79439,39.21567,2669,Low
110656-6,K.G AFYA CARE,Dar es Salaam,Ubungo,Dispensary,-6.75628,39.09964,27449,Very High
112519-4,JODAMA HEALTH CARE,Dar es Salaam,Ubungo,Dispensary,-6.738482,39.160515,7165,High
120561-6,KAIRUKI,Dar es Salaam,Ubungo,Clinic,-6.78543,39.10919,2589,Low
112758-8,FAITH EYE CARE CENTRE,Dar es Salaam,Ubungo,Clinic,-6.78111,39.22328,4120,Moderate
110595-6,PANGASEGA,Dar es Salaam,Ubungo,Dispensary,-6.76833,39.1589,10365,Very High
111317-4,National Public Health Laboratory(NPHL),Dar es Salaam,Ubungo,Health Laboratory,-6.8121,39.29746,1092,Very Low
102637-6,KIBWEGERE,Dar es Salaam,Ubungo,Dispensary,-6.786772,39.018587,11462,Very High
111106-1,LUDODI DENTAL,Dar es Salaam,Ubungo,Clinic,-6.784682,39.116419,2637,Low
122814-7,VOTRE,Dar es Salaam,Ubungo,Clinic,-6.7889099999999996,39.05432,2873,Low
111625-0,MHAGAMA,Dar es Salaam,Ubungo,Dispensary,-6.76175,39.15266,12026,Very High
108687-5,MBEZI,Dar es Salaam,Ubungo,Health Center,-6.78221,39.11876,5071,Moderate
123724-7,MIMIZ,Dar es Salaam,Ubungo,Clinic,-6.32203,39.51263,NA,NA
113274-5,SEM,Dar es Salaam,Ubungo,Health Laboratory,-6.80579,39.20151,2607,Low
111345-5,NURAIFO,Dar es Salaam,Ubungo,Dispensary,-6.77297,39.01198,5067,Moderate
120469-2,KINZUDI,Dar es Salaam,Ubungo,Dispensary,-6.34356,39.54678,NA,NA
115211-5,DR OLE LENGINE MEMORIAL,Dar es Salaam,Ubungo,Hospital,-6.789422,39.049207,9662,Very High
120347-0,KAM MUSIKA HOSPITAL,Dar es Salaam,Ubungo,Hospital,-6.781748,39.176788,7732,High
111383-6,K.H,Dar es Salaam,Ubungo,Dispensary,-6.783336,39.11571,348,Very Low
111448-7,MIDIZINI MUZDALIFAH,Dar es Salaam,Ubungo,Dispensary,-6.801862,39.225147,2318,Low
107495-4,SINZA,Dar es Salaam,Ubungo,Hospital,-6.78368,39.22227,649,Very Low
113262-0,NELLCON,Dar es Salaam,Ubungo,Health Laboratory,-6.74115,39.16164,3743,Low
124087-8,FASHA HEALTH,Dar es Salaam,Ubungo,Health Laboratory,-6.11421,39.32426,NA,NA
100161-9,ARAFA MWANANCHI,Dar es Salaam,Ubungo,Dispensary,-6.79292,39.18691,1699,Very Low
112031-0,MTANI,Dar es Salaam,Ubungo,Dispensary,-6.83622,39.11837,39038,Very High
122267-8,DALESA,Dar es Salaam,Ubungo,Dispensary,-6.47592,39.0431,124,Very Low
114984-8,TEMBONI,Dar es Salaam,Ubungo,Dispensary,-6.80045,39.12872,6304,High
114553-1,UBUNGO,Dar es Salaam,Ubungo,Hospital,-6.78699,39.18755,6203,High
120733-1,FAVOUR,Dar es Salaam,Ubungo,Clinic,-6.78643,39.1675,832,Very Low
111864-5,MBURAHATI,Dar es Salaam,Ubungo,Dispensary,-6.80949,39.23657,1560,Very Low
111380-2,SALAMA 1,Dar es Salaam,Ubungo,Clinic,-6.79293,39.18769,3319,Low
100162-7,ARAFA NHC,Dar es Salaam,Ubungo,Dispensary,-6.79208,39.21271,3102,Low
110772-1,BARAKA MBEZI,Dar es Salaam,Ubungo,Dispensary,-6.78107,39.12778,8402,High
110786-1,ARAFA SINZA,Dar es Salaam,Ubungo,Dispensary,-6.78857,39.22475,4457,Moderate
113180-4,A1 EYE SOLUTIONS,Dar es Salaam,Ubungo,Clinic,-6.78826,39.10833,7695,High
111931-2,MICO CHARITABLE,Dar es Salaam,Ubungo,Clinic,-6.81523,39.21312,7498,High
123178-6,MICO BUFFALO,Dar es Salaam,Ubungo,Dispensary,-6.71284,39.18833,22950,Very High
110771-3,MLIMANI CITY,Dar es Salaam,Ubungo,Clinic,-6.77738,39.21893,1777,Very Low
112332-2,AGA KHAN KIMARA,Dar es Salaam,Ubungo,Clinic,-6.79144,39.16736,10474,Very High
110777-0,B.J. SISO-MMASI,Dar es Salaam,Ubungo,Dispensary,-6.77046,39.07188,8058,High
115222-2,MEDWAY,Dar es Salaam,Ubungo,Clinic,-6.741417,39.160213,3393,Low
111888-4,AFYA CARE CHARITABLE,Dar es Salaam,Ubungo,Dispensary,-6.79672,39.12846,4756,Moderate
105453-5,MSEWE,Dar es Salaam,Ubungo,Dispensary,-6.787849,39.19439,3717,Low
112333-0,ST MARTIN DE PORES,Dar es Salaam,Ubungo,Dispensary,-6.82001,39.15505,11523,Very High
123885-6,MWEZAI,Dar es Salaam,Ubungo,Dispensary,-6.81131,39.23291,3624,Low
122856-8,BEST CHOICE FOR YOU,Dar es Salaam,Ubungo,Clinic,-6.78542,39.16831,5389,Moderate
112619-2,KINAE ENT,Dar es Salaam,Ubungo,Clinic,-6.79028,39.15786,4852,Moderate
120719-0,ST. ALBERT THE GREAT,Dar es Salaam,Ubungo,Dispensary,-6.77167,39.09442,17884,Very High
123291-7,TUNAJALI MEDICAL,Dar es Salaam,Ubungo,Health Laboratory,-6.80042,39.20051,4799,Moderate
112565-7,NAMWETA NJETENI,Dar es Salaam,Ubungo,Dispensary,-6.80583,39.09562,6533,High
124465-6,ROBEN ISLAND,Dar es Salaam,Ubungo,Health Laboratory,-6.34504,39.53173,NA,NA
104339-7,MARIE STOPES KIMARA,Dar es Salaam,Ubungo,Dispensary,-6.79023,39.18167,6166,High
112189-6,MSAMARIA,Dar es Salaam,Ubungo,Clinic,-6.79769,39.20708,3970,Moderate
112515-2,HEALTHSCOPE,Dar es Salaam,Ubungo,Dispensary,-6.795865,39.138805,4991,Moderate
110503-0,DAVIDSON EMANUEL  PAEDIATRIC,Dar es Salaam,Ubungo,Clinic,-6.78631,39.22442,412,Very Low
102249-0,KALITA PRINMAT,Dar es Salaam,Ubungo,Maternity Home,-6.71179,39.13544,13738,Very High
123369-1,GANA,Mwanza,Ukerewe,Dispensary,-1.80997,32.80615,864,Very Low
109452-3,HAMUYEBE,Mwanza,Ukerewe,Dispensary,-2.11381,33.06104,7945,High
105670-4,MUKUNU,Mwanza,Ukerewe,Dispensary,-2.01093,32.97242,20229,Very High
112050-0,KULAZU,Mwanza,Ukerewe,Dispensary,-6.691084,33.427838,4718,Moderate
100527-1,BULAMBA,Mwanza,Ukerewe,Dispensary,-2.05496,33.08659,17393,Very High
105703-3,MURITI,Mwanza,Ukerewe,Health Center,-1.99349,32.93144,14703,Very High
123209-9,LUKANIMA,Mwanza,Ukerewe,Dispensary,-2.01878,33.03722,13015,Very High
100635-2,BUZEGWE,Mwanza,Ukerewe,Dispensary,-1.97954,33.10275,11769,Very High
105659-7,MUHULA,Mwanza,Ukerewe,Dispensary,-2.10614,33.02156,7277,High
113985-6,BUSUNDA,Mwanza,Ukerewe,Dispensary,-2.09232,33.03767,6269,High
110871-1,NAKATUNGURU,Mwanza,Ukerewe,Health Center,-2.1035,33.08208,3830,Low
101306-9,HAMUKOKO,Mwanza,Ukerewe,Dispensary,-2.11855,33.13578,16746,Very High
100501-6,BUKIKO,Mwanza,Ukerewe,Dispensary,-1.8366,33.0941,4399,Moderate
122270-2,NEMUSAAN,Mwanza,Ukerewe,Dispensary,-1.874384,33.019345,1515,Very Low
102699-6,KIGARA,Mwanza,Ukerewe,Dispensary,-2.0731,32.99449,16576,Very High
102177-3,KAGUNGULI,Mwanza,Ukerewe,Health Center,-2.00909,33.07472,17835,Very High
106098-7,NAMAGONDO,Mwanza,Ukerewe,Dispensary,-2.0619,33.05043,9062,Very High
106061-5,NABUNGONA,Mwanza,Ukerewe,Dispensary,-2.00242,32.90121,9378,Very High
106699-2,NYAMANGA,Mwanza,Ukerewe,Dispensary,-1.82525,33.05356,4989,Moderate
107071-3,MANDELA,Mwanza,Ukerewe,Dispensary,-2.10795,33.0855,1764,Very Low
102418-1,KASENI,Mwanza,Ukerewe,Dispensary,-1.94137,32.84717,2703,Low
102520-4,KAZILANKANDA,Mwanza,Ukerewe,Dispensary,-2.04624,33.00356,13849,Very High
105711-6,MULUSENI,Mwanza,Ukerewe,Dispensary,-2.12549,33.16258,7637,High
100460-5,BUGULA,Mwanza,Ukerewe,Dispensary,-2.01431,32.88144,9883,Very High
121680-3,MUSOZI,Mwanza,Ukerewe,Dispensary,-2.05496,33.08659,17393,Very High
101394-5,HUDUMA,Mwanza,Ukerewe,Dispensary,-2.10979,33.09053,13167,Very High
107506-8,SIZU,Mwanza,Ukerewe,Dispensary,-1.94241,33.05902,3891,Moderate
103412-3,KWERU,Mwanza,Ukerewe,Dispensary,-1.9293,33.16192,2808,Low
101175-8,GALLU,Mwanza,Ukerewe,Dispensary,-1.94028,32.87962,4904,Moderate
107336-0,NANSIO SDA,Mwanza,Ukerewe,Dispensary,-2.10264,33.08061,7525,High
100459-7,BUGOROLA,Mwanza,Ukerewe,Dispensary,-1.98515,33.01855,13469,Very High
121968-2,NABWEKO,Mwanza,Ukerewe,Health Center,-1.71081,33.34082,3204,Low
102275-5,KAMASI,Mwanza,Ukerewe,Dispensary,-1.86272,32.8535,1900,Very Low
121048-3,BWASSA,Mwanza,Ukerewe,Dispensary,-2.07999,33.07984,9837,Very High
123253-7,ILANGALA MEDICAL,Mwanza,Ukerewe,Health Laboratory,-1.91528,32.91023,4068,Moderate
101864-7,IRUGWA,Mwanza,Ukerewe,Dispensary,-1.73136,33.35865,2745,Low
121643-1,CHIBASI,Mwanza,Ukerewe,Dispensary,-1.81724,33.01286,5145,Moderate
110876-0,MIBUNGO,Mwanza,Ukerewe,Dispensary,-1.93434,32.91243,8867,High
100663-4,BWISYA,Mwanza,Ukerewe,Hospital,-1.87143,33.02398,2150,Low
110870-3,NYANG'OMBE,Mwanza,Ukerewe,Dispensary,-1.869806,33.0322934,5649,Moderate
100514-9,BUKONDO,Mwanza,Ukerewe,Dispensary,-2.07837,32.90004,12433,Very High
100614-7,BUSUMBA,Mwanza,Ukerewe,Dispensary,-2.10604,32.8843,6066,High
100588-3,BUSANGU MUGU,Mwanza,Ukerewe,Dispensary,-1.95897,32.88338,4058,Moderate
105712-4,MURUTILIMA,Mwanza,Ukerewe,Health Center,-1.91365,32.91268,5345,Moderate
100515-6,BUKONYO,Mwanza,Ukerewe,Dispensary,-1.96565,32.9306,9154,Very High
100788-9,CHIFULE,Mwanza,Ukerewe,Dispensary,-1.81724,33.01286,5145,Moderate
107124-0,RUBYA,Mwanza,Ukerewe,Dispensary,-2.05205,32.86324,2503,Low
101521-3,IGALLA,Mwanza,Ukerewe,Health Center,-2.05011,32.94422,26998,Very High
105713-2,MURUTUNGURU,Mwanza,Ukerewe,Dispensary,-2.01878,33.03722,13015,Very High
121681-1,CHANKAMBA,Mwanza,Ukerewe,Dispensary,-2.09073,33.30949,2967,Low
114434-4,K.K,Mwanza,Ukerewe,Health Laboratory,-2.104932,33.076465,10533,Very High
108053-0,NANSIO,Mwanza,Ukerewe,Hospital,-2.09123,33.09493,20398,Very High
114436-9,OLYMPUS,Mwanza,Ukerewe,Health Laboratory,-2.104911,33.0876874,8805,High
122544-0,PHEMAR 97,Morogoro,Ulanga,Dispensary,-8.68299,36.711193,7467,High
101926-4,ISONGO,Morogoro,Ulanga,Dispensary,-8.73116,36.7135,7655,High
100842-4,CHIROMBORA,Morogoro,Ulanga,Dispensary,-8.92957,36.75449,5484,Moderate
104019-5,MAHENGE,Morogoro,Ulanga,Hospital,-8.68696,36.71616,10071,Very High
122837-8,IRAGUA,Morogoro,Ulanga,Health Center,-8.50426,36.53144,6840,High
112695-2,MKOMBOZI,Morogoro,Ulanga,Health Laboratory,-8.91708,36.82428,8675,High
101844-9,IRAGUA,Morogoro,Ulanga,Dispensary,-8.52954,36.51198,8858,High
101944-7,ISYAGA,Morogoro,Ulanga,Dispensary,-8.95125,36.71584,1859,Very Low
112671-3,SHEKINAH,Morogoro,Ulanga,Health Laboratory,-8.67436,36.70987,5671,Moderate
104642-4,MBUGA,Morogoro,Ulanga,Dispensary,-8.9935,36.86344,6971,High
120611-9,SALI GOVERNMENT,Morogoro,Ulanga,Dispensary,-8.966339,36.684063,975,Very Low
124229-6,NIIM,Morogoro,Ulanga,Dispensary,-8.68117,36.71691,13641,Very High
101845-6,IRAGUA R.C,Morogoro,Ulanga,Dispensary,-8.54324,36.5187,2995,Low
111041-0,IDUNDA,Morogoro,Ulanga,Dispensary,-8.48803,36.69568,3015,Low
105984-9,MWAYA,Morogoro,Ulanga,Health Center,-8.91822,36.82235,5245,Moderate
111863-7,NAMHANGA,Morogoro,Ulanga,Dispensary,-8.48417,36.54049,18763,Very High
103672-2,LUHOMBERO RC,Morogoro,Ulanga,Dispensary,-9.0532,36.81859,4123,Moderate
112738-0,KALIFUTA,Morogoro,Ulanga,Health Laboratory,-8.33671,36.81878,3382,Low
101758-1,ILONGA,Morogoro,Ulanga,Dispensary,-9.05549,36.83124,4498,Moderate
107252-9,SALI,Morogoro,Ulanga,Dispensary,-8.96591,36.68937,535,Very Low
123631-4,RUAHA,Morogoro,Ulanga,Health Center,-8.89365,36.72689,3388,Low
112753-9,TUMAINI JIPYA,Morogoro,Ulanga,Health Laboratory,-8.89713,36.71682,3894,Moderate
103681-3,LUKANDE,Morogoro,Ulanga,Dispensary,-8.79924,36.83301,6123,High
102547-7,KETAKETA,Morogoro,Ulanga,Dispensary,-9.09988,36.74228,4498,Moderate
103418-0,KWIRO,Morogoro,Ulanga,Dispensary,-8.67435,36.70989,6157,High
110409-0,KIVUKONI,Morogoro,Ulanga,Dispensary,-8.21281,36.69467,10071,Very High
101056-0,EBUYU,Morogoro,Ulanga,Dispensary,-8.96792,36.76057,2785,Low
120538-4,MINEPA,Morogoro,Ulanga,Dispensary,-8.276473,36.682186,11199,Very High
111191-3,MILOLA,Morogoro,Ulanga,Dispensary,-8.33296,36.67346,18375,Very High
105484-0,MSOGEZI,Morogoro,Ulanga,Dispensary,-8.61091,36.6405,2542,Low
101572-6,IGOTA,Morogoro,Ulanga,Dispensary,-8.40999,36.67768,3030,Low
106083-9,NAKAFULU,Morogoro,Ulanga,Dispensary,-8.41369,36.62939,6232,High
107110-9,RUAHA RC,Morogoro,Ulanga,Dispensary,-8.90135,36.72057,3177,Low
102642-6,KICHANGANI,Morogoro,Ulanga,Dispensary,-8.41525,36.67879,6570,High
103741-5,LUPIRO,Morogoro,Ulanga,Health Center,-8.39296,36.67485,7881,High
112742-2,MWANGAZA,Morogoro,Ulanga,Health Laboratory,-8.98343,36.86499,6571,High
112711-7,SHALOM KIVUKONI,Morogoro,Ulanga,Health Laboratory,-8.20381,36.69359,4095,Moderate
112684-6,HOSSANA,Morogoro,Ulanga,Health Laboratory,-8.38455,36.67151,12705,Very High
100809-3,CHIKUTI,Morogoro,Ulanga,Dispensary,-8.60187,36.73414,3706,Low
102865-3,KILOLENI,Tabora,Urambo,Dispensary,-5.02097,32.31644,9287,Very High
113912-0,ITEGAMATWI,Tabora,Urambo,Dispensary,-5.15428,32.28965,5522,Moderate
110961-0,IZENGABATOGILWE,Tabora,Urambo,Dispensary,-5.26204,32.2815,3952,Moderate
103925-4,MAGEREZA,Tabora,Urambo,Dispensary,-5.16723,32.0416,6393,High
124152-0,MKUTU,Tabora,Urambo,Dispensary,-5.09074,32.31458,5604,Moderate
123689-2,NTAHONCHA,Tabora,Urambo,Health Laboratory,-5.07778,32.06954,857,Very Low
110960-2,UYOGO,Tabora,Urambo,Dispensary,-4.91533,32.02967,13365,Very High
124354-2,SUNRISE,Tabora,Urambo,Health Laboratory,-5.07045,32.07074,784,Very Low
113911-2,USSOKEMLIMANI,Tabora,Urambo,Health Center,-5.09132,31.9027,1299,Very Low
107535-7,SONGAMBELE,Tabora,Urambo,Health Center,-4.93337,32.09261,8640,High
113700-9,SOKO MEMORIAL,Tabora,Urambo,Health Center,-5.08244,32.04785,5128,Moderate
106583-8,NSOGOLO,Tabora,Urambo,Dispensary,-5.2417,32.33805,6262,High
114948-3,WEMA,Tabora,Urambo,Dispensary,-5.18309,32.12898,11430,Very High
122776-8,HURUMA,Tabora,Urambo,Dispensary,-5.06735,32.07239,3552,Low
113197-8,HURUMA,Tabora,Urambo,Health Laboratory,-5.067357,32.072382,516,Very Low
101592-4,IGUNGULI,Tabora,Urambo,Dispensary,-4.81306,32.076,19309,Very High
102440-5,KASISI,Tabora,Urambo,Dispensary,-5.13452,32.13768,6251,High
101930-6,ISONGWA,Tabora,Urambo,Dispensary,-5.22153,32.30064,2831,Low
113910-4,UHURU,Tabora,Urambo,Dispensary,-5.07194,31.88749,2849,Low
101966-0,ITEBULANDA,Tabora,Urambo,Dispensary,-5.2105,32.07982,10788,Very High
102052-8,IZIMBILI,Tabora,Urambo,Dispensary,-5.22519,32.4091,16618,Very High
108148-8,URAMBO,Tabora,Urambo,Hospital,-5.08109,32.07449,1441,Very Low
111812-4,MOTOMOTO,Tabora,Urambo,Dispensary,-5.06548,31.96774,8009,High
108285-8,VUMILIA,Tabora,Urambo,Dispensary,-5.06774,31.92634,2223,Low
114447-6,MSEMELE,Tabora,Urambo,Health Laboratory,-5.17041,32.35012,6933,High
123878-1,KANANI,Tabora,Urambo,Health Laboratory,-5.09061,32.06315,10067,Very High
102295-3,KAMSEKWA,Tabora,Urambo,Dispensary,-5.06803,32.06374,6076,High
102012-2,ITUNDU,Tabora,Urambo,Dispensary,-5.08777,32.15168,8970,High
102088-2,JIONEE MWENYEWE,Tabora,Urambo,Dispensary,-4.93861,32.16771,13039,Very High
108183-5,USISYA,Tabora,Urambo,Dispensary,-5.08618,32.2358,13044,Very High
108186-8,USSOKE,Tabora,Urambo,Health Center,-5.09286,32.31414,4481,Moderate
105726-4,MUUNGANO,Tabora,Urambo,Dispensary,-5.02198,32.1382,12018,Very High
114464-1,BIHARU,Tabora,Urambo,Health Laboratory,-5.079482,32.06879,1862,Very Low
114957-4,UPENDO,Tabora,Urambo,Dispensary,-5.22354,32.25198,6599,High
114461-7,AMAN,Tabora,Urambo,Health Laboratory,-5.207059,32.082485,4314,Moderate
114963-2,MILAMBO,Tabora,Urambo,Dispensary,-4.75543,32.00191,38339,Very High
113194-5,AMIGO,Tabora,Urambo,Health Laboratory,-5.06947,32.07248,2617,Low
106529-1,NKOKOTO,Tabora,Urambo,Dispensary,-5.0914,31.9025,1753,Very Low
114946-7,UKONDAMOYO,Tabora,Urambo,Dispensary,-5.08111,32.07477,11974,Very High
102272-2,KAMALENDI,Tabora,Urambo,Dispensary,-5.17193,31.90223,14584,Very High
114961-6,VUMILIA,Tabora,Urambo,Health Center,-5.06802,31.94267,1118,Very Low
111727-4,MAGEREZA MAHABUSU,Tabora,Urambo,Dispensary,-5.07784,32.07097,789,Very Low
107209-9,S.D.A.,Tabora,Urambo,Dispensary,-5.07231,32.06944,1526,Very Low
102238-3,KALEMELA A,Tabora,Urambo,Dispensary,-5.00787,32.044441,13668,Very High
122846-9,MWADUI,Shinyanga,Kahama,Dispensary,-3.54571,32.33221,3142,Low
108080-3,ULOWA,Shinyanga,Kahama,Dispensary,-4.20947,32.13191,10142,Very High
100594-1,BUSENDA,Shinyanga,Kahama,Dispensary,-4.07186,32.59838,17611,Very High
120801-6,MAKONGOLO,Shinyanga,Kahama,Dispensary,-3.9638,32.2196,11488,Very High
114024-3,USHETU,Shinyanga,Kahama,Hospital,-4.12182,32.39091,10858,Very High
113889-0,BUTIBU,Shinyanga,Kahama,Dispensary,-4.03271,32.3159,13268,Very High
107987-0,UBAGWE,Shinyanga,Kahama,Dispensary,-4.13831,32.0503,15419,Very High
122845-1,NYAMTENGELA,Shinyanga,Kahama,Dispensary,-3.53722,32.81732,19193,Very High
107574-6,ST. BERNARD,Shinyanga,Kahama,Dispensary,-4.19513,32.27919,6361,High
100272-4,BAKWATA MBIKA,Shinyanga,Kahama,Dispensary,-4.18819,32.2451,12495,Very High
104293-6,MAPAMBA,Shinyanga,Kahama,Dispensary,-4.1325,32.48428,14774,Very High
108063-9,UKUNE,Shinyanga,Kahama,Health Center,-4.02176,32.52416,15843,Very High
101586-6,IGUNDA,Shinyanga,Kahama,Dispensary,-3.97723,32.40285,4634,Moderate
120797-6,ELIUS KWANDIKWA,Shinyanga,Kahama,Dispensary,-4.0893,32.00946,7100,High
111090-7,IHAPULA,Shinyanga,Kahama,Dispensary,-3.88784,32.24831,6332,High
108173-6,USHETU,Shinyanga,Kahama,Health Center,-4.16095,32.2629,13333,Very High
106685-1,NYALWELWE,Shinyanga,Kahama,Health Center,-3.98899,32.02698,10953,Very High
102924-8,KINAMAPULA,Shinyanga,Kahama,Dispensary,-3.99085,32.3973,4998,Moderate
121350-3,UPENDO,Shinyanga,Kahama,Dispensary,-4.20663,32.656628,14163,Very High
100512-3,BUKOMELA,Shinyanga,Kahama,Dispensary,-4.09783,32.33351,9634,Very High
105395-8,MPUNZE,Shinyanga,Kahama,Dispensary,-3.90589,32.40495,10683,Very High
120798-4,ITEBELE,Shinyanga,Kahama,Dispensary,-4.06767,32.65775,12454,Very High
110026-2,NYANKENDE,Shinyanga,Kahama,Dispensary,-3.94447,32.07816,20599,Very High
120853-7,BUGOMBA A,Shinyanga,Kahama,Dispensary,-4.0356,32.07833,20021,Very High
100718-6,CHAMBO,Shinyanga,Kahama,Dispensary,-4.20101,32.65791,12801,Very High
106590-3,NSUNGA,Shinyanga,Kahama,Dispensary,-4.26938,32.40285,9010,High
110031-2,MWABOMBA,Shinyanga,Kahama,Dispensary,-3.80747,32.12191,18714,Very High
101469-5,IDAHINA,Shinyanga,Kahama,Dispensary,-3.85323,32.1832,8569,High
120788-5,ITUMBO,Shinyanga,Kahama,Dispensary,-4.03576,32.42073,8007,High
105161-4,MKWANGULWA,Shinyanga,Kahama,Dispensary,-4.23903,32.28795,7348,High
112428-8,TUMAINI WAZAZI,Shinyanga,Kahama,Dispensary,-4.05031,32.0163,8045,High
120800-8,MANUNGU,Shinyanga,Kahama,Dispensary,-4.22873,32.38604,7741,High
103136-8,KISUKE,Shinyanga,Kahama,Dispensary,-4.07397,32.43428,6770,High
108231-2,UYOGO,Shinyanga,Kahama,Dispensary,-4.17872,32.34633,9868,Very High
100548-7,BULUNGWA,Shinyanga,Kahama,Health Center,-4.00407,32.23053,24527,Very High
121594-6,IGWAMANONI,Shinyanga,Kahama,Health Center,-3.48121,32.16212,9944,Very High
113955-9,TUNDA LA ROHO,Shinyanga,Kahama,Dispensary,-4.21222,32.12322,9011,High
108599-2,LUHAGA,Shinyanga,Kahama,Dispensary,-3.78115,32.21305,14281,Very High
111083-2,SABASABINI,Shinyanga,Kahama,Dispensary,-3.91557,32.35207,12871,Very High
101599-9,IGWAMANONI,Shinyanga,Kahama,Dispensary,-3.81917,32.2798,13593,Very High
122844-4,IGALULA,Shinyanga,Kahama,Dispensary,-4.44812,32.33121,19265,Very High
111095-6,BUNANDA,Shinyanga,Kahama,Dispensary,-3.95754,32.13183,16185,Very High
120799-2,BUGELA,Shinyanga,Kahama,Dispensary,-4.1415,32.136,18089,Very High
111262-2,MAHALE,Kigoma,Uvinza,Dispensary,-6.032793,29.743205,564,Very Low
102366-2,KARAGO,Kigoma,Uvinza,Dispensary,-5.28404,29.80053,6118,High
101706-0,ILALANGURU,Kigoma,Uvinza,Dispensary,-4.99002,31.11038,2785,Low
104770-3,MGANZA,Kigoma,Uvinza,Dispensary,-5.06694,31.04296,11731,Very High
122409-6,KALILANI,Kigoma,Uvinza,Dispensary,-6.00029,29.77991,1521,Very Low
101524-7,IGALULA,Kigoma,Uvinza,Dispensary,-5.94932,29.89469,6253,High
101354-9,HEREMBE,Kigoma,Uvinza,Dispensary,-5.730417,29.920683,5808,Moderate
101702-9,ILAGALA PRISON,Kigoma,Uvinza,Dispensary,-5.177094,29.830549,7935,High
110853-9,KATUMBI,Kigoma,Uvinza,Dispensary,-6.000293,29.779903,1372,Very Low
102267-2,KALYA,Kigoma,Uvinza,Health Center,-6.47149,30.0092,4999,Moderate
115329-5,IKUBULU,Kigoma,Uvinza,Dispensary,-6.06849,30.16894,2926,Low
108225-4,UVINZA,Kigoma,Uvinza,Health Center,-5.07713,30.37036,9916,Very High
100698-0,CHAKULU,Kigoma,Uvinza,Dispensary,-5.050727,30.451905,20397,Very High
103607-8,LUBALISI,Kigoma,Uvinza,Dispensary,-6.06849,30.16894,2926,Low
103023-8,KIRANDO,Kigoma,Uvinza,Dispensary,-5.39953,29.7537,6236,High
108224-7,UVINZA,Kigoma,Uvinza,Dispensary,-5.11088,30.3899,13209,Very High
102306-8,KANDAGA,Kigoma,Uvinza,Dispensary,-4.96095,29.84394,7983,High
115226-3,DOMINION,Kigoma,Uvinza,Dispensary,-5.10153,33.07624,6347,High
114480-7,UVINZA,Kigoma,Uvinza,Hospital,-5.077234,30.233172,10995,Very High
122315-5,ST.E,Kigoma,Uvinza,Dispensary,-4.99511,30.00097,10417,Very High
105834-6,MWAKIZEGA,Kigoma,Uvinza,Dispensary,-5.09799,29.81572,10406,Very High
105884-1,MWAMILA,Kigoma,Uvinza,Dispensary,-5.045262,30.160404,11011,Very High
104765-3,MGAMBAZI,Kigoma,Uvinza,Dispensary,-5.8396,29.97228,6582,High
112423-9,MAZUNGWE,Kigoma,Uvinza,Dispensary,-5.04118,30.05368,7294,High
111336-4,KASISI,Kigoma,Uvinza,Dispensary,-5.05531,30.96591,17004,Very High
106449-2,NGURUKA,Kigoma,Uvinza,Health Center,-5.11112,31.04288,15126,Very High
114826-1,MHC BWERU,Kigoma,Uvinza,Dispensary,-5.10902,31.03869,14720,Very High
111337-2,ITEBULA,Kigoma,Uvinza,Dispensary,-5.14233,31.05239,19806,Very High
108456-5,NKONKWA,Kigoma,Uvinza,Dispensary,-6.00758,29.82109,2355,Low
103791-0,LYABUSENDE,Kigoma,Uvinza,Dispensary,-5.486996,29.781877,3121,Low
100695-6,CHAGU,Kigoma,Uvinza,Dispensary,-4.98333,31.2,8605,High
111140-0,RUKOMA,Kigoma,Uvinza,Dispensary,-5.92604,29.93559,10843,Very High
105543-3,MTEGO WA NOTI,Kigoma,Uvinza,Dispensary,-5.00898,31.1219,1965,Very Low
102523-8,KAZURAMIMBA,Kigoma,Uvinza,Dispensary,-4.99287,29.99455,8377,High
100332-6,BASANZA,Kigoma,Uvinza,Dispensary,-4.978927,30.292741,7093,High
121691-0,NEO,Kigoma,Uvinza,Health Laboratory,-4.979826,30.29612,11913,Very High
106765-1,NYANGANGA,Kigoma,Uvinza,Dispensary,-4.93911,30.02244,4801,Moderate
102451-2,KASUKU,Kigoma,Uvinza,Dispensary,-4.90331,29.74438,5606,Moderate
107461-6,SIGUNGA,Kigoma,Uvinza,Dispensary,-5.57431,29.84471,7989,High
111142-6,SONGAMBELE,Kigoma,Uvinza,Dispensary,-5.314892,29.907677,4588,Moderate
110847-1,MLELA,Kigoma,Uvinza,Dispensary,-4.91807,29.85859,7692,High
104158-1,MALAGARASI,Kigoma,Uvinza,Dispensary,-5.10072,30.8217,37032,Very High
102241-7,KALENGE,Kigoma,Uvinza,Dispensary,-4.95686,29.87916,14799,Very High
123390-7,KAJEJE,Kigoma,Uvinza,Dispensary,-5.31489,29.90767,5972,High
124172-8,FAZA MEDICS,Kigoma,Uvinza,Health Laboratory,-5.09497,30.38075,4138,Moderate
107679-3,SUNUKA,Kigoma,Uvinza,Dispensary,-5.34924,29.78476,8134,High
102358-9,KAPARAMSENGA,Kigoma,Uvinza,Dispensary,-5.803808,29.955492,4407,Moderate
122757-8,LUFUBU,Kigoma,Uvinza,Dispensary,-6.06849,30.16894,2926,Low
102423-1,KASHAGULU,Kigoma,Uvinza,Dispensary,-6.45671,30.04182,6972,High
111141-8,SIBWESA,Kigoma,Uvinza,Dispensary,-6.497792,29.953247,2430,Low
123389-9,MWANGAZA,Kigoma,Uvinza,Dispensary,-5.00898,31.12192,911,Very Low
122410-4,MPETA,Kigoma,Uvinza,Dispensary,-5.10153,30.76243,55722,Very High
101703-7,ILAGALA,Kigoma,Uvinza,Health Center,-5.20008,29.835,14358,Very High
100479-5,BUHINGU,Kigoma,Uvinza,Health Center,-5.97985,29.84029,4683,Moderate
115325-3,KATETE,Kigoma,Uvinza,Dispensary,-5.09836,29.81534,8212,High
108017-5,UFULUMA,Tabora,Uyui,Dispensary,-4.98108,32.3872,11543,Very High
122698-4,MSIMBA,Tabora,Uyui,Dispensary,-4.95354,32.52634,6098,High
101838-1,IPULULU,Tabora,Uyui,Dispensary,-5.247021,32.941791,6831,High
104597-0,MBEYA,Tabora,Uyui,Dispensary,-4.41897,32.57709,4421,Moderate
121021-0,KANYONGA,Tabora,Uyui,Dispensary,-5.11705,33.112,2828,Low
113291-9,MANDA,Tabora,Uyui,Dispensary,-4.94823,33.1785,18323,Very High
106268-6,NDONO,Tabora,Uyui,Dispensary,-5.114521,32.44481,7235,High
102011-4,ITUNDAUKULU,Tabora,Uyui,Dispensary,-5.19809,33.14157,10044,Very High
104190-4,MALONGWE,Tabora,Uyui,Dispensary,-5.43572,33.6359,6733,High
101525-4,IGALULA,Tabora,Uyui,Health Center,-5.21373,33.02824,8969,High
113765-2,MASWANYA,Tabora,Uyui,Dispensary,-5.069605,32.491122,3241,Low
103598-9,LOYA,Tabora,Uyui,Dispensary,-5.05777,33.83244,10106,Very High
101256-6,GOWEKO,Tabora,Uyui,Dispensary,-5.33007,33.15303,2772,Low
106875-8,NZUBUKA,Tabora,Uyui,Dispensary,-4.73894,32.8328,7727,High
104523-6,MAYOMBO,Tabora,Uyui,Dispensary,-4.95877,33.0064,5231,Moderate
114442-7,MUNSONEZA,Tabora,Uyui,Health Laboratory,-5.04181,33.83401,13287,Very High
102510-5,KAWEKAPINA,Tabora,Uyui,Dispensary,-5.28577,32.994,10157,Very High
102254-0,KALOLA,Tabora,Uyui,Dispensary,-5.04021,32.4905,7399,High
121250-5,KILUNGU,Tabora,Uyui,Dispensary,-4.83691,33.25365,9420,Very High
102732-5,KIGWA B,Tabora,Uyui,Dispensary,-5.11703,33.116,1566,Very Low
114430-2,MIGONGWA,Tabora,Uyui,Dispensary,-5.05778,33.08324,7403,High
121740-5,FURAHA,Tabora,Uyui,Health Laboratory,-5.09831,32.63608,3070,Low
123239-6,GIFTCOSTA,Tabora,Uyui,Dispensary,-5.49743,33.8123,13798,Very High
106872-5,NZIGALA,Tabora,Uyui,Dispensary,-5.13627,33.18409,6511,High
120782-8,KASISI B,Tabora,Uyui,Dispensary,-5.05036,32.57936,5053,Moderate
103244-0,KIZENGI,Tabora,Uyui,Dispensary,-5.35443,33.5715,11998,Very High
114407-0,JOREB,Tabora,Uyui,Dispensary,-4.401124,32.5133,7090,High
105015-2,MIYENZE,Tabora,Uyui,Dispensary,-5.14541,33.49712,20414,Very High
123125-7,MBOLA MASHARIKI,Tabora,Uyui,Dispensary,-5.02225,32.57962,3180,Low
121247-1,LOYA,Tabora,Uyui,Health Center,-5.05947,33.38323,602,Very Low
121253-9,KATUNDA,Tabora,Uyui,Dispensary,-5.28634,32.25051,5893,High
111214-3,MBOLA,Tabora,Uyui,Dispensary,-5.02165,32.58525,3411,Low
124286-6,MABAMA MILITARY,Tabora,Uyui,Dispensary,-5.10638,32.53494,2571,Low
121252-1,HASSAN MWAKASUVI,Tabora,Uyui,Health Center,-5.10867,33.25148,1556,Very Low
111213-5,ISENGA,Tabora,Uyui,Dispensary,-5.15524,32.64389,7813,High
102731-7,KIGWA A,Tabora,Uyui,Dispensary,-5.026886,33.031041,5178,Moderate
102923-0,KINAMAGI,Tabora,Uyui,Dispensary,-5.075861,32.997391,9369,Very High
104883-4,MIGUNGUMALO,Tabora,Uyui,Dispensary,-4.95368,32.52642,5549,Moderate
101555-1,IGOKO,Tabora,Uyui,Dispensary,-4.82266,33.1107,9432,Very High
114406-2,MAGILI MEMORIAL,Tabora,Uyui,Dispensary,-4.401122,32.5132,45,Very Low
100205-4,AZIMIO,Tabora,Uyui,Dispensary,-4.85505,32.4751,11058,Very High
122248-8,ARAFA-UPENDO,Tabora,Uyui,Dispensary,-5.14131,33.4946,10909,Very High
120342-1,MWAKADALA,Tabora,Uyui,Dispensary,-4.84178,33.50738,10999,Very High
122697-6,GOWEKO MLIMANI,Tabora,Uyui,Dispensary,-5.33012,33.15324,5103,Moderate
103814-0,MABAMA,Tabora,Uyui,Dispensary,-5.12233,32.5251,1431,Very Low
114456-7,SINYANGWE,Tabora,Uyui,Health Laboratory,-5.12698,32.52086,4674,Moderate
107437-6,SHITAGE,Tabora,Uyui,Dispensary,-4.28046,32.5151,12133,Very High
121945-0,K.T.B,Tabora,Uyui,Health Laboratory,-4.96817,32.35241,2764,Low
101669-0,IKONGOLO,Tabora,Uyui,Dispensary,-4.85527,32.91111,11036,Very High
123764-3,MBWANJI,Tabora,Uyui,Dispensary,-4.40111,32.51282,18933,Very High
123850-0,KUSHISHA,Tabora,Uyui,Health Laboratory,-5.32853,33.15103,5305,Moderate
101907-4,ISHIHIMULWA,Tabora,Uyui,Dispensary,-4.401121,32.5131,274,Very Low
123891-4,UPENDO,Tabora,Uyui,Maternity and Nursing Home,-4.85796,32.23762,21013,Very High
122998-8,KANANI'S DIAGNOSTIC LABORATORY,Tabora,Uyui,Health Laboratory,-4.97392,33.49063,14425,Very High
101782-1,IMALAKASEKO,Tabora,Uyui,Dispensary,-5.25515,33.1035,6928,High
101441-4,IBIRI,Tabora,Uyui,Dispensary,-4.926491,32.598181,7538,High
101912-4,ISIKIZYA,Tabora,Uyui,Dispensary,-4.8643,33.1004,9866,Very High
123838-5,KANAANI,Tabora,Uyui,Health Laboratory,-5.29138,33.69547,19339,Very High
106030-0,MWISOLE,Tabora,Uyui,Dispensary,-4.97103,33.4885,5078,Moderate
122696-8,ILOLANGULU,Tabora,Uyui,Health Center,-5.09453,32.63462,3752,Low
121248-9,KALANGALE,Tabora,Uyui,Dispensary,-4.85111,33.65921,13897,Very High
108028-2,UGOWOLA,Tabora,Uyui,Dispensary,-4.96703,32.35093,4943,Moderate
102229-2,KARANGASI,Tabora,Uyui,Dispensary,-5.562109,34.008944,9679,Very High
105827-0,MWAKASHINDYE,Tabora,Uyui,Dispensary,-4.83221,32.62136,10212,Very High
102344-9,KANYENYE,Tabora,Uyui,Dispensary,-4.81548,32.88202,6875,High
108144-7,UPUGE,Tabora,Uyui,Health Center,-4.88333,33.0167,7188,High
124353-4,KISIRIGA LABORATORY,Tabora,Uyui,Health Laboratory,-5.12572,32.51771,3092,Low
114445-0,MKILYA,Tabora,Uyui,Health Laboratory,-5.32771,33.15491,7883,High
106552-3,NKUTUISENGA,Tabora,Uyui,Dispensary,-4.30337,32.45223,8318,High
101989-2,ITINKA,Tabora,Uyui,Dispensary,-5.05068,32.41302,5248,Moderate
107958-1,TURA,Tabora,Uyui,Dispensary,-5.49548,33.8428,13668,Very High
100517-2,BUKUMBI,Tabora,Uyui,Dispensary,-4.418971,32.577091,12865,Very High
101750-8,ILOLANGULU,Tabora,Uyui,Dispensary,-5.09457,32.6339,2197,Low
101251-7,GOOD SAMARITAN,Tabora,Uyui,Dispensary,-4.855509,33.753689,10955,Very High
124180-1,BIKINGWE,Tabora,Uyui,Health Laboratory,-4.73594,33.17336,5089,Moderate
103766-2,LUTENDE,Tabora,Uyui,Dispensary,-4.86296,33.48309,5051,Moderate
123839-3,MGAWE HEALTH,Tabora,Uyui,Health Laboratory,-5.32853,33.15103,5305,Moderate
108158-7,USAGARI,Tabora,Uyui,Dispensary,-4.88601,32.5093,10216,Very High
103969-2,MAGIRI,Tabora,Uyui,Dispensary,-4.943751,33.04741,7202,High
122133-2,MAYEZI,Tabora,Uyui,Health Laboratory,-5.11983,33.13146,6402,High
103773-8,LUTONA,Tabora,Uyui,Dispensary,-5.18102,33.71983,18034,Very High
104098-9,MAKAZI,Tabora,Uyui,Dispensary,-4.94851,32.30954,10556,Very High
104702-6,MDANDU,Njombe,Wanging'ombe,Dispensary,-9.148297,34.695201,3802,Low
122519-2,UTIGA,Njombe,Wanging'ombe,Dispensary,-8.83604,34.64464,4911,Moderate
114396-5,GONELAMAFUTA,Njombe,Wanging'ombe,Dispensary,-9.162104,34.565964,1766,Very Low
108314-6,WANGUTWA,Njombe,Wanging'ombe,Dispensary,-8.908379,34.673648,2493,Low
104797-6,MHAJI,Njombe,Wanging'ombe,Dispensary,-9.16783,34.761281,3293,Low
107231-3,Saja Health Centre,Njombe,Wanging'ombe,Health Center,-8.72185,34.76635,7690,High
114842-8,IDUNDA,Njombe,Wanging'ombe,Dispensary,-9.274311,34.367325,558,Very Low
106954-1,PALANGAWANU,Njombe,Wanging'ombe,Health Center,-8.98019,34.59028,5096,Moderate
120564-0,KATENGE,Njombe,Wanging'ombe,Dispensary,-8.81956,34.76862,3807,Low
105301-6,MORONGA,Njombe,Wanging'ombe,Dispensary,-9.27939,34.37476,818,Very Low
108313-8,WANGING'OMBE,Njombe,Wanging'ombe,Health Center,-8.852019,34.630487,1524,Very Low
101610-4,IHANJA,Njombe,Wanging'ombe,Dispensary,-9.091102,34.659443,2377,Low
101035-4,DULAMU,Njombe,Wanging'ombe,Dispensary,-9.020013,34.608907,3096,Low
111936-1,ISINDAGOSI,Njombe,Wanging'ombe,Dispensary,-9.08029,34.714435,3175,Low
101571-8,IGOSI,Njombe,Wanging'ombe,Dispensary,-9.300512,34.516138,2289,Low
121491-5,MTAPA,Njombe,Wanging'ombe,Dispensary,-8.88963,34.58756,3771,Low
103757-1,LUSISI,Njombe,Wanging'ombe,Dispensary,-9.138312,34.774271,2475,Low
113052-5,DIBAJE,Njombe,Wanging'ombe,Health Laboratory,-8.89611,34.58019,2015,Very Low
114437-7,JILALA,Njombe,Wanging'ombe,Dispensary,-8.89834,34.57843,2917,Low
100708-7,CHALOWE,Njombe,Wanging'ombe,Dispensary,-9.077496,34.597478,4297,Moderate
104369-4,MASAGE,Njombe,Wanging'ombe,Dispensary,-9.10671,34.509067,2162,Low
114828-7,MAFINGA,Njombe,Wanging'ombe,Dispensary,-9.315726,34.467522,853,Very Low
108652-9,KINENULO,Njombe,Wanging'ombe,Dispensary,-9.241888,34.61273,2628,Low
121602-7,MWILAMBA,Njombe,Wanging'ombe,Dispensary,-9.35585,34.47922,729,Very Low
114397-3,ILEMBULA,Njombe,Wanging'ombe,Health Center,-8.88963,34.58756,3771,Low
101732-6,ILEMBULA,Njombe,Wanging'ombe,Hospital,-8.89859,34.57875,3606,Low
103622-7,LUDUGA,Njombe,Wanging'ombe,Dispensary,-8.968451,34.52866,5242,Moderate
111932-0,INUKA REHABILITATION CENTRE,Njombe,Wanging'ombe,Hospital,-8.854156,34.62751,2214,Low
108039-9,UHEKULE,Njombe,Wanging'ombe,Dispensary,-9.371744,34.55842,1569,Very Low
105204-2,MLEVELA,Njombe,Wanging'ombe,Dispensary,-9.208186,34.703918,3952,Moderate
101789-6,IMALILO,Njombe,Wanging'ombe,Dispensary,-9.200361,34.40919,1649,Very Low
108310-4,WANGAMA,Njombe,Wanging'ombe,Dispensary,-9.171542,34.478783,2477,Low
109805-2,ITAMBO,Njombe,Wanging'ombe,Dispensary,-9.100548,34.641447,2021,Very Low
102668-1,KIDUGALA,Njombe,Wanging'ombe,Health Center,-9.12617,34.53092,4315,Moderate
111935-3,MNGATE,Njombe,Wanging'ombe,Dispensary,-9.171027,34.664035,1913,Very Low
108654-5,IVIGO,Njombe,Wanging'ombe,Dispensary,-9.253929,34.540137,1502,Very Low
100302-9,Banawanu,Njombe,Wanging'ombe,Dispensary,-8.950625,34.715227,2861,Low
108047-2,UJINDILE,Njombe,Wanging'ombe,Dispensary,-9.243634,34.503301,2531,Low
123432-7,SAKALENGA,Njombe,Wanging'ombe,Dispensary,-8.67655,34.65434,1414,Very Low
114827-9,IDINDILIMUNYO,Njombe,Wanging'ombe,Dispensary,-9.0583,34.680495,3262,Low
102002-3,ITOWO,Njombe,Wanging'ombe,Dispensary,-9.11316,34.69908,1815,Very Low
101597-3,IGWACHANYA,Njombe,Wanging'ombe,Dispensary,-9.06211,34.64546,5638,Moderate
111934-6,LULANZI,Njombe,Wanging'ombe,Dispensary,-9.135199,34.807431,1996,Very Low
101792-0,IMALINYI,Njombe,Wanging'ombe,Dispensary,-9.191441,34.626722,4406,Moderate
121498-0,MNG'ELENGE,Njombe,Wanging'ombe,Dispensary,-8.84043,34.72443,2966,Low
102999-0,KIPENGERE,Njombe,Wanging'ombe,Health Center,-9.29095,34.43954,2707,Low
101547-8,IGODIVAHA,Njombe,Wanging'ombe,Dispensary,-9.202117,34.564871,2650,Low
101544-5,IGIMA,Njombe,Wanging'ombe,Dispensary,-9.194871,34.742726,3803,Low
122806-3,MDASI,Njombe,Wanging'ombe,Dispensary,-9.31787,34.54265,802,Very Low
104165-6,MALANGALI,Njombe,Wanging'ombe,Dispensary,-9.075957,34.478089,3675,Low
108073-8,ULEMBWE,Njombe,Wanging'ombe,Dispensary,-9.312146,34.636394,3933,Moderate
122974-9,MASAULWA,Njombe,Wanging'ombe,Dispensary,-9.12954,34.59881,2546,Low
107255-2,SAMARIA,Njombe,Wanging'ombe,Dispensary,-9.305763,34.57553,1549,Very Low
108161-1,USALULE,Njombe,Wanging'ombe,Dispensary,-9.365912,34.611997,2930,Low
114830-3,MAWINDI,Njombe,Wanging'ombe,Dispensary,-9.150567,34.775089,1527,Very Low
124200-7,EYE FOR SCIENCEE,Njombe,Wanging'ombe,Health Laboratory,-9.14255,34.36827,90,Very Low
111933-8,IGAGALA,Njombe,Wanging'ombe,Dispensary,-9.35149,34.65042,3756,Low
120550-9,MAMBEGU,Njombe,Wanging'ombe,Dispensary,-9.00074,34.54947,2761,Low
120568-1,MTEWELE ENSARY,Njombe,Wanging'ombe,Dispensary,-8.85106,34.76367,2291,Low
102764-8,KIJOMBE,Njombe,Wanging'ombe,Dispensary,-8.77538,34.642589,4574,Moderate
106343-7,NG'ANDA,Njombe,Wanging'ombe,Dispensary,-9.34299,34.56805,865,Very Low
101914-0,ISIMIKE,Njombe,Wanging'ombe,Dispensary,-8.720098,34.84635,5049,Moderate
108010-0,UDONJA,Njombe,Wanging'ombe,Dispensary,-8.961672,34.685576,2639,Low
108037-3,UHAMBULE,Njombe,Wanging'ombe,Dispensary,-8.88367,34.7162,3346,Low
114394-0,WANGING'OMBE,Njombe,Wanging'ombe,Hospital,-9.11886,34.67518,1615,Very Low
104108-6,MAKOGA,Njombe,Wanging'ombe,Health Center,-9.330994,34.557194,1464,Very Low
102300-1,KANAMALENGA,Njombe,Wanging'ombe,Dispensary,-8.92325,34.64173,3695,Low
102004-9,ITULAHUMBA,Njombe,Wanging'ombe,Dispensary,-9.088232,34.75537,4407,Moderate
110867-9,UHENGA,Njombe,Wanging'ombe,Dispensary,-8.74164,34.71364,2593,Low
113060-8,TONY,Njombe,Wanging'ombe,Health Laboratory,-8.89415,34.58055,6542,High
108202-3,UTELEWE,Njombe,Wanging'ombe,Dispensary,-9.280273,34.593142,2107,Very Low
106863-4,NYUMBANITU,Njombe,Wanging'ombe,Dispensary,-9.24731,34.675343,4228,Moderate
108190-0,USUKA,Njombe,Wanging'ombe,Health Center,-8.98056,34.65802,3725,Low
