{
"type": "FeatureCollection",
"name": "uganda_hex_pop",
"crs": { "type": "name", "properties": { "name": "urn:ogc:def:crs:OGC:1.3:CRS84" } },
"xy_coordinate_resolution": 1e-05,
"features": [
{ "type": "Feature", "properties": { "pop": 203.0 }, "geometry": { "type": "Polygon", "coordinates": [ [ [ 29.54793, -1.34498 ], [ 29.49961, -1.32076 ], [ 29.4995, -1.27216 ], [ 29.54771, -1.24778 ], [ 29.59603, -1.272 ], [ 29.59614, -1.3206 ], [ 29.54793, -1.34498 ] ] ] } },
{ "type": "Feature", "properties": { "pop": 4231.0 }, "geometry": { "type": "Polygon", "coordinates": [ [ [ 29.5476, -1.19917 ], [ 29.49929, -1.17495 ], [ 29.49918, -1.12635 ], [ 29.54739, -1.10197 ], [ 29.5957, -1.12619 ], [ 29.59581, -1.17479 ], [ 29.5476, -1.19917 ] ] ] } },
{ "type": "Feature", "properties": { "pop": 1225.0 }, "geometry": { "type": "Polygon", "coordinates": [ [ [ 29.54728, -1.05336 ], [ 29.49897, -1.02914 ], [ 29.49886, -0.98053 ], [ 29.54706, -0.95615 ], [ 29.59537, -0.98037 ], [ 29.59548, -1.02898 ], [ 29.54728, -1.05336 ] ] ] } },
{ "type": "Feature", "properties": { "pop": 10336.0 }, "geometry": { "type": "Polygon", "coordinates": [ [ [ 29.59635, -1.4178 ], [ 29.54803, -1.39358 ], [ 29.54793, -1.34498 ], [ 29.59614, -1.3206 ], [ 29.64446, -1.34482 ], [ 29.64457, -1.39342 ], [ 29.59635, -1.4178 ] ] ] } },
{ "type": "Feature", "properties": { "pop": 18872.0 }, "geometry": { "type": "Polygon", "coordinates": [ [ [ 29.59603, -1.272 ], [ 29.54771, -1.24778 ], [ 29.5476, -1.19917 ], [ 29.59581, -1.17479 ], [ 29.64413, -1.19901 ], [ 29.64424, -1.24761 ], [ 29.59603, -1.272 ] ] ] } },
{ "type": "Feature", "properties": { "pop": 11670.0 }, "geometry": { "type": "Polygon", "coordinates": [ [ [ 29.5957, -1.12619 ], [ 29.54739, -1.10197 ], [ 29.54728, -1.05336 ], [ 29.59548, -1.02898 ], [ 29.6438, -1.0532 ], [ 29.64391, -1.1018 ], [ 29.5957, -1.12619 ] ] ] } },
{ "type": "Feature", "properties": { "pop": 16977.0 }, "geometry": { "type": "Polygon", "coordinates": [ [ [ 29.59537, -0.98037 ], [ 29.54706, -0.95615 ], [ 29.54695, -0.90755 ], [ 29.59516, -0.88316 ], [ 29.64347, -0.90738 ], [ 29.64358, -0.95599 ], [ 29.59537, -0.98037 ] ] ] } },
{ "type": "Feature", "properties": { "pop": 2422.0 }, "geometry": { "type": "Polygon", "coordinates": [ [ [ 29.59505, -0.83455 ], [ 29.54674, -0.81033 ], [ 29.54663, -0.76173 ], [ 29.59483, -0.73734 ], [ 29.64314, -0.76156 ], [ 29.64325, -0.81017 ], [ 29.59505, -0.83455 ] ] ] } },
{ "type": "Feature", "properties": { "pop": 142.0 }, "geometry": { "type": "Polygon", "coordinates": [ [ [ 29.59472, -0.68873 ], [ 29.54642, -0.66451 ], [ 29.54631, -0.6159 ], [ 29.5945, -0.59151 ], [ 29.64281, -0.61573 ], [ 29.64292, -0.66434 ], [ 29.59472, -0.68873 ] ] ] } },
{ "type": "Feature", "properties": { "pop": 78040.0 }, "geometry": { "type": "Polygon", "coordinates": [ [ [ 29.64446, -1.34482 ], [ 29.59614, -1.3206 ], [ 29.59603, -1.272 ], [ 29.64424, -1.24761 ], [ 29.69256, -1.27183 ], [ 29.69267, -1.32043 ], [ 29.64446, -1.34482 ] ] ] } },
{ "type": "Feature", "properties": { "pop": 20164.0 }, "geometry": { "type": "Polygon", "coordinates": [ [ [ 29.64413, -1.19901 ], [ 29.59581, -1.17479 ], [ 29.5957, -1.12619 ], [ 29.64391, -1.1018 ], [ 29.69222, -1.12602 ], [ 29.69233, -1.17462 ], [ 29.64413, -1.19901 ] ] ] } },
{ "type": "Feature", "properties": { "pop": 8024.0 }, "geometry": { "type": "Polygon", "coordinates": [ [ [ 29.6438, -1.0532 ], [ 29.59548, -1.02898 ], [ 29.59537, -0.98037 ], [ 29.64358, -0.95599 ], [ 29.69189, -0.98021 ], [ 29.692, -1.02881 ], [ 29.6438, -1.0532 ] ] ] } },
{ "type": "Feature", "properties": { "pop": 19056.0 }, "geometry": { "type": "Polygon", "coordinates": [ [ [ 29.64347, -0.90738 ], [ 29.59516, -0.88316 ], [ 29.59505, -0.83455 ], [ 29.64325, -0.81017 ], [ 29.69155, -0.83439 ], [ 29.69167, -0.88299 ], [ 29.64347, -0.90738 ] ] ] } },
{ "type": "Feature", "properties": { "pop": 12858.0 }, "geometry": { "type": "Polygon", "coordinates": [ [ [ 29.64314, -0.76156 ], [ 29.59483, -0.73734 ], [ 29.59472, -0.68873 ], [ 29.64292, -0.66434 ], [ 29.69122, -0.68856 ], [ 29.69133, -0.73717 ], [ 29.64314, -0.76156 ] ] ] } },
{ "type": "Feature", "properties": { "pop": 1229.0 }, "geometry": { "type": "Polygon", "coordinates": [ [ [ 29.64281, -0.61573 ], [ 29.5945, -0.59151 ], [ 29.59439, -0.5429 ], [ 29.64258, -0.51851 ], [ 29.69089, -0.54274 ], [ 29.691, -0.59135 ], [ 29.64281, -0.61573 ] ] ] } },
{ "type": "Feature", "properties": { "pop": 13371.0 }, "geometry": { "type": "Polygon", "coordinates": [ [ [ 29.69289, -1.41764 ], [ 29.64457, -1.39342 ], [ 29.64446, -1.34482 ], [ 29.69267, -1.32043 ], [ 29.74099, -1.34465 ], [ 29.7411, -1.39325 ], [ 29.69289, -1.41764 ] ] ] } },
{ "type": "Feature", "properties": { "pop": 27617.0 }, "geometry": { "type": "Polygon", "coordinates": [ [ [ 29.69256, -1.27183 ], [ 29.64424, -1.24761 ], [ 29.64413, -1.19901 ], [ 29.69233, -1.17462 ], [ 29.74065, -1.19884 ], [ 29.74076, -1.24744 ], [ 29.69256, -1.27183 ] ] ] } },
{ "type": "Feature", "properties": { "pop": 9266.0 }, "geometry": { "type": "Polygon", "coordinates": [ [ [ 29.69222, -1.12602 ], [ 29.64391, -1.1018 ], [ 29.6438, -1.0532 ], [ 29.692, -1.02881 ], [ 29.74031, -1.05303 ], [ 29.74043, -1.10163 ], [ 29.69222, -1.12602 ] ] ] } },
{ "type": "Feature", "properties": { "pop": 14549.0 }, "geometry": { "type": "Polygon", "coordinates": [ [ [ 29.69189, -0.98021 ], [ 29.64358, -0.95599 ], [ 29.64347, -0.90738 ], [ 29.69167, -0.88299 ], [ 29.73998, -0.90721 ], [ 29.74009, -0.95582 ], [ 29.69189, -0.98021 ] ] ] } },
{ "type": "Feature", "properties": { "pop": 31394.0 }, "geometry": { "type": "Polygon", "coordinates": [ [ [ 29.69155, -0.83439 ], [ 29.64325, -0.81017 ], [ 29.64314, -0.76156 ], [ 29.69133, -0.73717 ], [ 29.73964, -0.76139 ], [ 29.73975, -0.81 ], [ 29.69155, -0.83439 ] ] ] } },
{ "type": "Feature", "properties": { "pop": 7767.0 }, "geometry": { "type": "Polygon", "coordinates": [ [ [ 29.69122, -0.68856 ], [ 29.64292, -0.66434 ], [ 29.64281, -0.61573 ], [ 29.691, -0.59135 ], [ 29.7393, -0.61557 ], [ 29.73941, -0.66418 ], [ 29.69122, -0.68856 ] ] ] } },
{ "type": "Feature", "properties": { "pop": 2735.0 }, "geometry": { "type": "Polygon", "coordinates": [ [ [ 29.69089, -0.54274 ], [ 29.64258, -0.51851 ], [ 29.64247, -0.4699 ], [ 29.69066, -0.44551 ], [ 29.73897, -0.46973 ], [ 29.73908, -0.51835 ], [ 29.69089, -0.54274 ] ] ] } },
{ "type": "Feature", "properties": { "pop": 146.0 }, "geometry": { "type": "Polygon", "coordinates": [ [ [ 29.68989, -0.1052 ], [ 29.64159, -0.08098 ], [ 29.64148, -0.03236 ], [ 29.68966, -0.00796 ], [ 29.73795, -0.03219 ], [ 29.73807, -0.08081 ], [ 29.68989, -0.1052 ] ] ] } },
{ "type": "Feature", "properties": { "pop": 6922.0 }, "geometry": { "type": "Polygon", "coordinates": [ [ [ 29.68955, 0.04066 ], [ 29.64126, 0.06489 ], [ 29.64115, 0.11351 ], [ 29.68933, 0.13791 ], [ 29.73762, 0.11368 ], [ 29.73773, 0.06505 ], [ 29.68955, 0.04066 ] ] ] } },
{ "type": "Feature", "properties": { "pop": 70318.0 }, "geometry": { "type": "Polygon", "coordinates": [ [ [ 29.74099, -1.34465 ], [ 29.69267, -1.32043 ], [ 29.69256, -1.27183 ], [ 29.74076, -1.24744 ], [ 29.78908, -1.27166 ], [ 29.7892, -1.32026 ], [ 29.74099, -1.34465 ] ] ] } },
{ "type": "Feature", "properties": { "pop": 25027.0 }, "geometry": { "type": "Polygon", "coordinates": [ [ [ 29.74065, -1.19884 ], [ 29.69233, -1.17462 ], [ 29.69222, -1.12602 ], [ 29.74043, -1.10163 ], [ 29.78874, -1.12585 ], [ 29.78886, -1.17445 ], [ 29.74065, -1.19884 ] ] ] } },
{ "type": "Feature", "properties": { "pop": 10306.0 }, "geometry": { "type": "Polygon", "coordinates": [ [ [ 29.74031, -1.05303 ], [ 29.692, -1.02881 ], [ 29.69189, -0.98021 ], [ 29.74009, -0.95582 ], [ 29.7884, -0.98004 ], [ 29.78852, -1.02864 ], [ 29.74031, -1.05303 ] ] ] } },
{ "type": "Feature", "properties": { "pop": 25998.0 }, "geometry": { "type": "Polygon", "coordinates": [ [ [ 29.73998, -0.90721 ], [ 29.69167, -0.88299 ], [ 29.69155, -0.83439 ], [ 29.73975, -0.81 ], [ 29.78806, -0.83422 ], [ 29.78818, -0.88282 ], [ 29.73998, -0.90721 ] ] ] } },
{ "type": "Feature", "properties": { "pop": 23117.0 }, "geometry": { "type": "Polygon", "coordinates": [ [ [ 29.73964, -0.76139 ], [ 29.69133, -0.73717 ], [ 29.69122, -0.68856 ], [ 29.73941, -0.66418 ], [ 29.78772, -0.68839 ], [ 29.78783, -0.737 ], [ 29.73964, -0.76139 ] ] ] } },
{ "type": "Feature", "properties": { "pop": 3616.0 }, "geometry": { "type": "Polygon", "coordinates": [ [ [ 29.7393, -0.61557 ], [ 29.691, -0.59135 ], [ 29.69089, -0.54274 ], [ 29.73908, -0.51835 ], [ 29.78738, -0.54257 ], [ 29.78749, -0.59118 ], [ 29.7393, -0.61557 ] ] ] } },
{ "type": "Feature", "properties": { "pop": 1956.0 }, "geometry": { "type": "Polygon", "coordinates": [ [ [ 29.73897, -0.46973 ], [ 29.69066, -0.44551 ], [ 29.69055, -0.3969 ], [ 29.73874, -0.37251 ], [ 29.78704, -0.39673 ], [ 29.78715, -0.44534 ], [ 29.73897, -0.46973 ] ] ] } },
{ "type": "Feature", "properties": { "pop": 117.0 }, "geometry": { "type": "Polygon", "coordinates": [ [ [ 29.73829, -0.17805 ], [ 29.69, -0.15382 ], [ 29.68989, -0.1052 ], [ 29.73807, -0.08081 ], [ 29.78636, -0.10503 ], [ 29.78647, -0.15365 ], [ 29.73829, -0.17805 ] ] ] } },
{ "type": "Feature", "properties": { "pop": 96264.0 }, "geometry": { "type": "Polygon", "coordinates": [ [ [ 29.73795, -0.03219 ], [ 29.68966, -0.00796 ], [ 29.68955, 0.04066 ], [ 29.73773, 0.06505 ], [ 29.78602, 0.04083 ], [ 29.78613, -0.00779 ], [ 29.73795, -0.03219 ] ] ] } },
{ "type": "Feature", "properties": { "pop": 4843.0 }, "geometry": { "type": "Polygon", "coordinates": [ [ [ 29.73762, 0.11368 ], [ 29.68933, 0.13791 ], [ 29.68922, 0.18653 ], [ 29.73739, 0.21093 ], [ 29.78568, 0.1867 ], [ 29.78579, 0.13808 ], [ 29.73762, 0.11368 ] ] ] } },
{ "type": "Feature", "properties": { "pop": 6753.0 }, "geometry": { "type": "Polygon", "coordinates": [ [ [ 29.78942, -1.41747 ], [ 29.7411, -1.39325 ], [ 29.74099, -1.34465 ], [ 29.7892, -1.32026 ], [ 29.83752, -1.34448 ], [ 29.83763, -1.39308 ], [ 29.78942, -1.41747 ] ] ] } },
{ "type": "Feature", "properties": { "pop": 36306.0 }, "geometry": { "type": "Polygon", "coordinates": [ [ [ 29.78908, -1.27166 ], [ 29.74076, -1.24744 ], [ 29.74065, -1.19884 ], [ 29.78886, -1.17445 ], [ 29.83718, -1.19867 ], [ 29.83729, -1.24727 ], [ 29.78908, -1.27166 ] ] ] } },
{ "type": "Feature", "properties": { "pop": 14918.0 }, "geometry": { "type": "Polygon", "coordinates": [ [ [ 29.78874, -1.12585 ], [ 29.74043, -1.10163 ], [ 29.74031, -1.05303 ], [ 29.78852, -1.02864 ], [ 29.83683, -1.05286 ], [ 29.83695, -1.10146 ], [ 29.78874, -1.12585 ] ] ] } },
{ "type": "Feature", "properties": { "pop": 24054.0 }, "geometry": { "type": "Polygon", "coordinates": [ [ [ 29.7884, -0.98004 ], [ 29.74009, -0.95582 ], [ 29.73998, -0.90721 ], [ 29.78818, -0.88282 ], [ 29.83649, -0.90704 ], [ 29.8366, -0.95565 ], [ 29.7884, -0.98004 ] ] ] } },
{ "type": "Feature", "properties": { "pop": 34417.0 }, "geometry": { "type": "Polygon", "coordinates": [ [ [ 29.78806, -0.83422 ], [ 29.73975, -0.81 ], [ 29.73964, -0.76139 ], [ 29.78783, -0.737 ], [ 29.83614, -0.76122 ], [ 29.83626, -0.80983 ], [ 29.78806, -0.83422 ] ] ] } },
{ "type": "Feature", "properties": { "pop": 12965.0 }, "geometry": { "type": "Polygon", "coordinates": [ [ [ 29.78772, -0.68839 ], [ 29.73941, -0.66418 ], [ 29.7393, -0.61557 ], [ 29.78749, -0.59118 ], [ 29.8358, -0.6154 ], [ 29.83591, -0.664 ], [ 29.78772, -0.68839 ] ] ] } },
{ "type": "Feature", "properties": { "pop": 4372.0 }, "geometry": { "type": "Polygon", "coordinates": [ [ [ 29.78738, -0.54257 ], [ 29.73908, -0.51835 ], [ 29.73897, -0.46973 ], [ 29.78715, -0.44534 ], [ 29.83546, -0.46956 ], [ 29.83557, -0.51817 ], [ 29.78738, -0.54257 ] ] ] } },
{ "type": "Feature", "properties": { "pop": 74.0 }, "geometry": { "type": "Polygon", "coordinates": [ [ [ 29.78704, -0.39673 ], [ 29.73874, -0.37251 ], [ 29.73863, -0.32389 ], [ 29.78681, -0.2995 ], [ 29.83511, -0.32372 ], [ 29.83523, -0.37234 ], [ 29.78704, -0.39673 ] ] ] } },
{ "type": "Feature", "properties": { "pop": 12235.0 }, "geometry": { "type": "Polygon", "coordinates": [ [ [ 29.78636, -0.10503 ], [ 29.73807, -0.08081 ], [ 29.73795, -0.03219 ], [ 29.78613, -0.00779 ], [ 29.83442, -0.03202 ], [ 29.83454, -0.08064 ], [ 29.78636, -0.10503 ] ] ] } },
{ "type": "Feature", "properties": { "pop": 35800.0 }, "geometry": { "type": "Polygon", "coordinates": [ [ [ 29.78602, 0.04083 ], [ 29.73773, 0.06505 ], [ 29.73762, 0.11368 ], [ 29.78579, 0.13808 ], [ 29.83408, 0.11385 ], [ 29.83419, 0.06523 ], [ 29.78602, 0.04083 ] ] ] } },
{ "type": "Feature", "properties": { "pop": 57.0 }, "geometry": { "type": "Polygon", "coordinates": [ [ [ 29.78568, 0.1867 ], [ 29.73739, 0.21093 ], [ 29.73728, 0.25956 ], [ 29.78545, 0.28396 ], [ 29.83374, 0.25973 ], [ 29.83385, 0.2111 ], [ 29.78568, 0.1867 ] ] ] } },
{ "type": "Feature", "properties": { "pop": 20.0 }, "geometry": { "type": "Polygon", "coordinates": [ [ [ 29.83786, -1.49028 ], [ 29.78954, -1.46607 ], [ 29.78942, -1.41747 ], [ 29.83763, -1.39308 ], [ 29.88596, -1.41729 ], [ 29.88608, -1.4659 ], [ 29.83786, -1.49028 ] ] ] } },
{ "type": "Feature", "properties": { "pop": 21578.0 }, "geometry": { "type": "Polygon", "coordinates": [ [ [ 29.83752, -1.34448 ], [ 29.7892, -1.32026 ], [ 29.78908, -1.27166 ], [ 29.83729, -1.24727 ], [ 29.88561, -1.27149 ], [ 29.88573, -1.32009 ], [ 29.83752, -1.34448 ] ] ] } },
{ "type": "Feature", "properties": { "pop": 29675.0 }, "geometry": { "type": "Polygon", "coordinates": [ [ [ 29.83718, -1.19867 ], [ 29.78886, -1.17445 ], [ 29.78874, -1.12585 ], [ 29.83695, -1.10146 ], [ 29.88526, -1.12568 ], [ 29.88538, -1.17428 ], [ 29.83718, -1.19867 ] ] ] } },
{ "type": "Feature", "properties": { "pop": 16398.0 }, "geometry": { "type": "Polygon", "coordinates": [ [ [ 29.83683, -1.05286 ], [ 29.78852, -1.02864 ], [ 29.7884, -0.98004 ], [ 29.8366, -0.95565 ], [ 29.88492, -0.97986 ], [ 29.88503, -1.02847 ], [ 29.83683, -1.05286 ] ] ] } },
{ "type": "Feature", "properties": { "pop": 26777.0 }, "geometry": { "type": "Polygon", "coordinates": [ [ [ 29.83649, -0.90704 ], [ 29.78818, -0.88282 ], [ 29.78806, -0.83422 ], [ 29.83626, -0.80983 ], [ 29.88457, -0.83404 ], [ 29.88468, -0.88265 ], [ 29.83649, -0.90704 ] ] ] } },
{ "type": "Feature", "properties": { "pop": 24425.0 }, "geometry": { "type": "Polygon", "coordinates": [ [ [ 29.83614, -0.76122 ], [ 29.78783, -0.737 ], [ 29.78772, -0.68839 ], [ 29.83591, -0.664 ], [ 29.88422, -0.68822 ], [ 29.88434, -0.73683 ], [ 29.83614, -0.76122 ] ] ] } },
{ "type": "Feature", "properties": { "pop": 5475.0 }, "geometry": { "type": "Polygon", "coordinates": [ [ [ 29.8358, -0.6154 ], [ 29.78749, -0.59118 ], [ 29.78738, -0.54257 ], [ 29.83557, -0.51817 ], [ 29.88387, -0.54239 ], [ 29.88399, -0.591 ], [ 29.8358, -0.6154 ] ] ] } },
{ "type": "Feature", "properties": { "pop": 2969.0 }, "geometry": { "type": "Polygon", "coordinates": [ [ [ 29.83546, -0.46956 ], [ 29.78715, -0.44534 ], [ 29.78704, -0.39673 ], [ 29.83523, -0.37234 ], [ 29.88353, -0.39656 ], [ 29.88364, -0.44517 ], [ 29.83546, -0.46956 ] ] ] } },
{ "type": "Feature", "properties": { "pop": 95.0 }, "geometry": { "type": "Polygon", "coordinates": [ [ [ 29.83511, -0.32372 ], [ 29.78681, -0.2995 ], [ 29.7867, -0.25089 ], [ 29.83488, -0.22649 ], [ 29.88318, -0.25071 ], [ 29.8833, -0.29933 ], [ 29.83511, -0.32372 ] ] ] } },
{ "type": "Feature", "properties": { "pop": 18226.0 }, "geometry": { "type": "Polygon", "coordinates": [ [ [ 29.83477, -0.17788 ], [ 29.78647, -0.15365 ], [ 29.78636, -0.10503 ], [ 29.83454, -0.08064 ], [ 29.88283, -0.10486 ], [ 29.88295, -0.15348 ], [ 29.83477, -0.17788 ] ] ] } },
{ "type": "Feature", "properties": { "pop": 45697.0 }, "geometry": { "type": "Polygon", "coordinates": [ [ [ 29.83442, -0.03202 ], [ 29.78613, -0.00779 ], [ 29.78602, 0.04083 ], [ 29.83419, 0.06523 ], [ 29.88249, 0.041 ], [ 29.8826, -0.00762 ], [ 29.83442, -0.03202 ] ] ] } },
{ "type": "Feature", "properties": { "pop": 14937.0 }, "geometry": { "type": "Polygon", "coordinates": [ [ [ 29.83408, 0.11385 ], [ 29.78579, 0.13808 ], [ 29.78568, 0.1867 ], [ 29.83385, 0.2111 ], [ 29.88214, 0.18687 ], [ 29.88225, 0.13825 ], [ 29.83408, 0.11385 ] ] ] } },
{ "type": "Feature", "properties": { "pop": 8327.0 }, "geometry": { "type": "Polygon", "coordinates": [ [ [ 29.83374, 0.25973 ], [ 29.78545, 0.28396 ], [ 29.78534, 0.33259 ], [ 29.83351, 0.35699 ], [ 29.88179, 0.33276 ], [ 29.88191, 0.28413 ], [ 29.83374, 0.25973 ] ] ] } },
{ "type": "Feature", "properties": { "pop": 16431.0 }, "geometry": { "type": "Polygon", "coordinates": [ [ [ 29.88596, -1.41729 ], [ 29.83763, -1.39308 ], [ 29.83752, -1.34448 ], [ 29.88573, -1.32009 ], [ 29.93405, -1.3443 ], [ 29.93417, -1.3929 ], [ 29.88596, -1.41729 ] ] ] } },
{ "type": "Feature", "properties": { "pop": 26114.0 }, "geometry": { "type": "Polygon", "coordinates": [ [ [ 29.88561, -1.27149 ], [ 29.83729, -1.24727 ], [ 29.83718, -1.19867 ], [ 29.88538, -1.17428 ], [ 29.9337, -1.19849 ], [ 29.93382, -1.2471 ], [ 29.88561, -1.27149 ] ] ] } },
{ "type": "Feature", "properties": { "pop": 20745.0 }, "geometry": { "type": "Polygon", "coordinates": [ [ [ 29.88526, -1.12568 ], [ 29.83695, -1.10146 ], [ 29.83683, -1.05286 ], [ 29.88503, -1.02847 ], [ 29.93335, -1.05268 ], [ 29.93347, -1.10129 ], [ 29.88526, -1.12568 ] ] ] } },
{ "type": "Feature", "properties": { "pop": 23517.0 }, "geometry": { "type": "Polygon", "coordinates": [ [ [ 29.88492, -0.97986 ], [ 29.8366, -0.95565 ], [ 29.83649, -0.90704 ], [ 29.88468, -0.88265 ], [ 29.933, -0.90687 ], [ 29.93312, -0.95547 ], [ 29.88492, -0.97986 ] ] ] } },
{ "type": "Feature", "properties": { "pop": 47556.0 }, "geometry": { "type": "Polygon", "coordinates": [ [ [ 29.88457, -0.83404 ], [ 29.83626, -0.80983 ], [ 29.83614, -0.76122 ], [ 29.88434, -0.73683 ], [ 29.93265, -0.76105 ], [ 29.93276, -0.80965 ], [ 29.88457, -0.83404 ] ] ] } },
{ "type": "Feature", "properties": { "pop": 21350.0 }, "geometry": { "type": "Polygon", "coordinates": [ [ [ 29.88422, -0.68822 ], [ 29.83591, -0.664 ], [ 29.8358, -0.6154 ], [ 29.88399, -0.591 ], [ 29.9323, -0.61522 ], [ 29.93241, -0.66383 ], [ 29.88422, -0.68822 ] ] ] } },
{ "type": "Feature", "properties": { "pop": 2964.0 }, "geometry": { "type": "Polygon", "coordinates": [ [ [ 29.88387, -0.54239 ], [ 29.83557, -0.51817 ], [ 29.83546, -0.46956 ], [ 29.88364, -0.44517 ], [ 29.93195, -0.46939 ], [ 29.93206, -0.518 ], [ 29.88387, -0.54239 ] ] ] } },
{ "type": "Feature", "properties": { "pop": 2085.0 }, "geometry": { "type": "Polygon", "coordinates": [ [ [ 29.88353, -0.39656 ], [ 29.83523, -0.37234 ], [ 29.83511, -0.32372 ], [ 29.8833, -0.29933 ], [ 29.93159, -0.32355 ], [ 29.93171, -0.37216 ], [ 29.88353, -0.39656 ] ] ] } },
{ "type": "Feature", "properties": { "pop": 1220.0 }, "geometry": { "type": "Polygon", "coordinates": [ [ [ 29.88318, -0.25071 ], [ 29.83488, -0.22649 ], [ 29.83477, -0.17788 ], [ 29.88295, -0.15348 ], [ 29.93124, -0.1777 ], [ 29.93136, -0.22632 ], [ 29.88318, -0.25071 ] ] ] } },
{ "type": "Feature", "properties": { "pop": 9821.0 }, "geometry": { "type": "Polygon", "coordinates": [ [ [ 29.88283, -0.10486 ], [ 29.83454, -0.08064 ], [ 29.83442, -0.03202 ], [ 29.8826, -0.00762 ], [ 29.93089, -0.03184 ], [ 29.93101, -0.08046 ], [ 29.88283, -0.10486 ] ] ] } },
{ "type": "Feature", "properties": { "pop": 43732.0 }, "geometry": { "type": "Polygon", "coordinates": [ [ [ 29.88249, 0.041 ], [ 29.83419, 0.06523 ], [ 29.83408, 0.11385 ], [ 29.88225, 0.13825 ], [ 29.93054, 0.11402 ], [ 29.93066, 0.0654 ], [ 29.88249, 0.041 ] ] ] } },
{ "type": "Feature", "properties": { "pop": 14378.0 }, "geometry": { "type": "Polygon", "coordinates": [ [ [ 29.88214, 0.18687 ], [ 29.83385, 0.2111 ], [ 29.83374, 0.25973 ], [ 29.88191, 0.28413 ], [ 29.93019, 0.2599 ], [ 29.93031, 0.21128 ], [ 29.88214, 0.18687 ] ] ] } },
{ "type": "Feature", "properties": { "pop": 13143.0 }, "geometry": { "type": "Polygon", "coordinates": [ [ [ 29.88179, 0.33276 ], [ 29.83351, 0.35699 ], [ 29.83339, 0.40562 ], [ 29.88156, 0.43002 ], [ 29.92984, 0.40579 ], [ 29.92996, 0.35716 ], [ 29.88179, 0.33276 ] ] ] } },
{ "type": "Feature", "properties": { "pop": 22879.0 }, "geometry": { "type": "Polygon", "coordinates": [ [ [ 29.9344, -1.49011 ], [ 29.88608, -1.4659 ], [ 29.88596, -1.41729 ], [ 29.93417, -1.3929 ], [ 29.98249, -1.41712 ], [ 29.98261, -1.46572 ], [ 29.9344, -1.49011 ] ] ] } },
{ "type": "Feature", "properties": { "pop": 20885.0 }, "geometry": { "type": "Polygon", "coordinates": [ [ [ 29.93405, -1.3443 ], [ 29.88573, -1.32009 ], [ 29.88561, -1.27149 ], [ 29.93382, -1.2471 ], [ 29.98214, -1.27131 ], [ 29.98226, -1.31991 ], [ 29.93405, -1.3443 ] ] ] } },
{ "type": "Feature", "properties": { "pop": 30641.0 }, "geometry": { "type": "Polygon", "coordinates": [ [ [ 29.9337, -1.19849 ], [ 29.88538, -1.17428 ], [ 29.88526, -1.12568 ], [ 29.93347, -1.10129 ], [ 29.98179, -1.1255 ], [ 29.9819, -1.1741 ], [ 29.9337, -1.19849 ] ] ] } },
{ "type": "Feature", "properties": { "pop": 28786.0 }, "geometry": { "type": "Polygon", "coordinates": [ [ [ 29.93335, -1.05268 ], [ 29.88503, -1.02847 ], [ 29.88492, -0.97986 ], [ 29.93312, -0.95547 ], [ 29.98143, -0.97969 ], [ 29.98155, -1.02829 ], [ 29.93335, -1.05268 ] ] ] } },
{ "type": "Feature", "properties": { "pop": 29810.0 }, "geometry": { "type": "Polygon", "coordinates": [ [ [ 29.933, -0.90687 ], [ 29.88468, -0.88265 ], [ 29.88457, -0.83404 ], [ 29.93276, -0.80965 ], [ 29.98108, -0.83387 ], [ 29.98119, -0.88247 ], [ 29.933, -0.90687 ] ] ] } },
{ "type": "Feature", "properties": { "pop": 31071.0 }, "geometry": { "type": "Polygon", "coordinates": [ [ [ 29.93265, -0.76105 ], [ 29.88434, -0.73683 ], [ 29.88422, -0.68822 ], [ 29.93241, -0.66383 ], [ 29.98072, -0.68804 ], [ 29.98084, -0.73665 ], [ 29.93265, -0.76105 ] ] ] } },
{ "type": "Feature", "properties": { "pop": 21741.0 }, "geometry": { "type": "Polygon", "coordinates": [ [ [ 29.9323, -0.61522 ], [ 29.88399, -0.591 ], [ 29.88387, -0.54239 ], [ 29.93206, -0.518 ], [ 29.98037, -0.54222 ], [ 29.98049, -0.59083 ], [ 29.9323, -0.61522 ] ] ] } },
{ "type": "Feature", "properties": { "pop": 1985.0 }, "geometry": { "type": "Polygon", "coordinates": [ [ [ 29.93195, -0.46939 ], [ 29.88364, -0.44517 ], [ 29.88353, -0.39656 ], [ 29.93171, -0.37216 ], [ 29.98001, -0.39638 ], [ 29.98013, -0.44499 ], [ 29.93195, -0.46939 ] ] ] } },
{ "type": "Feature", "properties": { "pop": 1402.0 }, "geometry": { "type": "Polygon", "coordinates": [ [ [ 29.93159, -0.32355 ], [ 29.8833, -0.29933 ], [ 29.88318, -0.25071 ], [ 29.93136, -0.22632 ], [ 29.97966, -0.25054 ], [ 29.97978, -0.29915 ], [ 29.93159, -0.32355 ] ] ] } },
{ "type": "Feature", "properties": { "pop": 7141.0 }, "geometry": { "type": "Polygon", "coordinates": [ [ [ 29.93124, -0.1777 ], [ 29.88295, -0.15348 ], [ 29.88283, -0.10486 ], [ 29.93101, -0.08046 ], [ 29.97931, -0.10468 ], [ 29.97942, -0.1533 ], [ 29.93124, -0.1777 ] ] ] } },
{ "type": "Feature", "properties": { "pop": 10320.0 }, "geometry": { "type": "Polygon", "coordinates": [ [ [ 29.93089, -0.03184 ], [ 29.8826, -0.00762 ], [ 29.88249, 0.041 ], [ 29.93066, 0.0654 ], [ 29.97895, 0.04118 ], [ 29.97907, -0.00744 ], [ 29.93089, -0.03184 ] ] ] } },
{ "type": "Feature", "properties": { "pop": 20085.0 }, "geometry": { "type": "Polygon", "coordinates": [ [ [ 29.93054, 0.11402 ], [ 29.88225, 0.13825 ], [ 29.88214, 0.18687 ], [ 29.93031, 0.21128 ], [ 29.9786, 0.18705 ], [ 29.97872, 0.13843 ], [ 29.93054, 0.11402 ] ] ] } },
{ "type": "Feature", "properties": { "pop": 25423.0 }, "geometry": { "type": "Polygon", "coordinates": [ [ [ 29.93019, 0.2599 ], [ 29.88191, 0.28413 ], [ 29.88179, 0.33276 ], [ 29.92996, 0.35716 ], [ 29.97824, 0.33294 ], [ 29.97836, 0.28431 ], [ 29.93019, 0.2599 ] ] ] } },
{ "type": "Feature", "properties": { "pop": 6217.0 }, "geometry": { "type": "Polygon", "coordinates": [ [ [ 29.92984, 0.40579 ], [ 29.88156, 0.43002 ], [ 29.88144, 0.47866 ], [ 29.92961, 0.50306 ], [ 29.97789, 0.47883 ], [ 29.97801, 0.4302 ], [ 29.92984, 0.40579 ] ] ] } },
{ "type": "Feature", "properties": { "pop": 2059.0 }, "geometry": { "type": "Polygon", "coordinates": [ [ [ 29.92949, 0.5517 ], [ 29.88121, 0.57593 ], [ 29.8811, 0.62457 ], [ 29.92926, 0.64897 ], [ 29.97754, 0.62474 ], [ 29.97765, 0.5761 ], [ 29.92949, 0.5517 ] ] ] } },
{ "type": "Feature", "properties": { "pop": 1778.0 }, "geometry": { "type": "Polygon", "coordinates": [ [ [ 29.92914, 0.69761 ], [ 29.88087, 0.72185 ], [ 29.88075, 0.77049 ], [ 29.92891, 0.7949 ], [ 29.97718, 0.77067 ], [ 29.9773, 0.72202 ], [ 29.92914, 0.69761 ] ] ] } },
{ "type": "Feature", "properties": { "pop": 31735.0 }, "geometry": { "type": "Polygon", "coordinates": [ [ [ 29.98249, -1.41712 ], [ 29.93417, -1.3929 ], [ 29.93405, -1.3443 ], [ 29.98226, -1.31991 ], [ 30.03058, -1.34412 ], [ 30.0307, -1.39273 ], [ 29.98249, -1.41712 ] ] ] } },
{ "type": "Feature", "properties": { "pop": 72167.0 }, "geometry": { "type": "Polygon", "coordinates": [ [ [ 29.98214, -1.27131 ], [ 29.93382, -1.2471 ], [ 29.9337, -1.19849 ], [ 29.9819, -1.1741 ], [ 30.03022, -1.19831 ], [ 30.03034, -1.24692 ], [ 29.98214, -1.27131 ] ] ] } },
{ "type": "Feature", "properties": { "pop": 20705.0 }, "geometry": { "type": "Polygon", "coordinates": [ [ [ 29.98179, -1.1255 ], [ 29.93347, -1.10129 ], [ 29.93335, -1.05268 ], [ 29.98155, -1.02829 ], [ 30.02987, -1.0525 ], [ 30.02999, -1.10111 ], [ 29.98179, -1.1255 ] ] ] } },
{ "type": "Feature", "properties": { "pop": 21951.0 }, "geometry": { "type": "Polygon", "coordinates": [ [ [ 29.98143, -0.97969 ], [ 29.93312, -0.95547 ], [ 29.933, -0.90687 ], [ 29.98119, -0.88247 ], [ 30.02951, -0.90669 ], [ 30.02963, -0.95529 ], [ 29.98143, -0.97969 ] ] ] } },
{ "type": "Feature", "properties": { "pop": 34283.0 }, "geometry": { "type": "Polygon", "coordinates": [ [ [ 29.98108, -0.83387 ], [ 29.93276, -0.80965 ], [ 29.93265, -0.76105 ], [ 29.98084, -0.73665 ], [ 30.02915, -0.76087 ], [ 30.02927, -0.80947 ], [ 29.98108, -0.83387 ] ] ] } },
{ "type": "Feature", "properties": { "pop": 37112.0 }, "geometry": { "type": "Polygon", "coordinates": [ [ [ 29.98072, -0.68804 ], [ 29.93241, -0.66383 ], [ 29.9323, -0.61522 ], [ 29.98049, -0.59083 ], [ 30.02879, -0.61504 ], [ 30.02891, -0.66365 ], [ 29.98072, -0.68804 ] ] ] } },
{ "type": "Feature", "properties": { "pop": 27540.0 }, "geometry": { "type": "Polygon", "coordinates": [ [ [ 29.98037, -0.54222 ], [ 29.93206, -0.518 ], [ 29.93195, -0.46939 ], [ 29.98013, -0.44499 ], [ 30.02844, -0.46921 ], [ 30.02856, -0.51782 ], [ 29.98037, -0.54222 ] ] ] } },
{ "type": "Feature", "properties": { "pop": 1779.0 }, "geometry": { "type": "Polygon", "coordinates": [ [ [ 29.98001, -0.39638 ], [ 29.93171, -0.37216 ], [ 29.93159, -0.32355 ], [ 29.97978, -0.29915 ], [ 30.02808, -0.32337 ], [ 30.0282, -0.37198 ], [ 29.98001, -0.39638 ] ] ] } },
{ "type": "Feature", "properties": { "pop": 2009.0 }, "geometry": { "type": "Polygon", "coordinates": [ [ [ 29.97966, -0.25054 ], [ 29.93136, -0.22632 ], [ 29.93124, -0.1777 ], [ 29.97942, -0.1533 ], [ 30.02772, -0.17752 ], [ 30.02784, -0.22614 ], [ 29.97966, -0.25054 ] ] ] } },
{ "type": "Feature", "properties": { "pop": 3664.0 }, "geometry": { "type": "Polygon", "coordinates": [ [ [ 29.97931, -0.10468 ], [ 29.93101, -0.08046 ], [ 29.93089, -0.03184 ], [ 29.97907, -0.00744 ], [ 30.02736, -0.03166 ], [ 30.02748, -0.08028 ], [ 29.97931, -0.10468 ] ] ] } },
{ "type": "Feature", "properties": { "pop": 17015.0 }, "geometry": { "type": "Polygon", "coordinates": [ [ [ 29.97895, 0.04118 ], [ 29.93066, 0.0654 ], [ 29.93054, 0.11402 ], [ 29.97872, 0.13843 ], [ 30.02701, 0.1142 ], [ 30.02712, 0.06558 ], [ 29.97895, 0.04118 ] ] ] } },
{ "type": "Feature", "properties": { "pop": 17700.0 }, "geometry": { "type": "Polygon", "coordinates": [ [ [ 29.9786, 0.18705 ], [ 29.93031, 0.21128 ], [ 29.93019, 0.2599 ], [ 29.97836, 0.28431 ], [ 30.02665, 0.26008 ], [ 30.02677, 0.21145 ], [ 29.9786, 0.18705 ] ] ] } },
{ "type": "Feature", "properties": { "pop": 17677.0 }, "geometry": { "type": "Polygon", "coordinates": [ [ [ 29.97824, 0.33294 ], [ 29.92996, 0.35716 ], [ 29.92984, 0.40579 ], [ 29.97801, 0.4302 ], [ 30.02629, 0.40597 ], [ 30.02641, 0.35734 ], [ 29.97824, 0.33294 ] ] ] } },
{ "type": "Feature", "properties": { "pop": 3293.0 }, "geometry": { "type": "Polygon", "coordinates": [ [ [ 29.97789, 0.47883 ], [ 29.92961, 0.50306 ], [ 29.92949, 0.5517 ], [ 29.97765, 0.5761 ], [ 30.02593, 0.55188 ], [ 30.02605, 0.50324 ], [ 29.97789, 0.47883 ] ] ] } },
{ "type": "Feature", "properties": { "pop": 56578.0 }, "geometry": { "type": "Polygon", "coordinates": [ [ [ 29.97754, 0.62474 ], [ 29.92926, 0.64897 ], [ 29.92914, 0.69761 ], [ 29.9773, 0.72202 ], [ 30.02558, 0.69779 ], [ 30.0257, 0.64915 ], [ 29.97754, 0.62474 ] ] ] } },
{ "type": "Feature", "properties": { "pop": 4257.0 }, "geometry": { "type": "Polygon", "coordinates": [ [ [ 29.97718, 0.77067 ], [ 29.92891, 0.7949 ], [ 29.92879, 0.84355 ], [ 29.97695, 0.86796 ], [ 30.02522, 0.84373 ], [ 30.02534, 0.79508 ], [ 29.97718, 0.77067 ] ] ] } },
{ "type": "Feature", "properties": { "pop": 11878.0 }, "geometry": { "type": "Polygon", "coordinates": [ [ [ 30.03094, -1.48993 ], [ 29.98261, -1.46572 ], [ 29.98249, -1.41712 ], [ 30.0307, -1.39273 ], [ 30.07903, -1.41694 ], [ 30.07915, -1.46554 ], [ 30.03094, -1.48993 ] ] ] } },
{ "type": "Feature", "properties": { "pop": 46234.0 }, "geometry": { "type": "Polygon", "coordinates": [ [ [ 30.03058, -1.34412 ], [ 29.98226, -1.31991 ], [ 29.98214, -1.27131 ], [ 30.03034, -1.24692 ], [ 30.07867, -1.27113 ], [ 30.07879, -1.31973 ], [ 30.03058, -1.34412 ] ] ] } },
{ "type": "Feature", "properties": { "pop": 24100.0 }, "geometry": { "type": "Polygon", "coordinates": [ [ [ 30.03022, -1.19831 ], [ 29.9819, -1.1741 ], [ 29.98179, -1.1255 ], [ 30.02999, -1.10111 ], [ 30.07831, -1.12532 ], [ 30.07843, -1.17392 ], [ 30.03022, -1.19831 ] ] ] } },
{ "type": "Feature", "properties": { "pop": 23111.0 }, "geometry": { "type": "Polygon", "coordinates": [ [ [ 30.02987, -1.0525 ], [ 29.98155, -1.02829 ], [ 29.98143, -0.97969 ], [ 30.02963, -0.95529 ], [ 30.07795, -0.97951 ], [ 30.07807, -1.02811 ], [ 30.02987, -1.0525 ] ] ] } },
{ "type": "Feature", "properties": { "pop": 31521.0 }, "geometry": { "type": "Polygon", "coordinates": [ [ [ 30.02951, -0.90669 ], [ 29.98119, -0.88247 ], [ 29.98108, -0.83387 ], [ 30.02927, -0.80947 ], [ 30.07758, -0.83369 ], [ 30.0777, -0.88229 ], [ 30.02951, -0.90669 ] ] ] } },
{ "type": "Feature", "properties": { "pop": 32399.0 }, "geometry": { "type": "Polygon", "coordinates": [ [ [ 30.02915, -0.76087 ], [ 29.98084, -0.73665 ], [ 29.98072, -0.68804 ], [ 30.02891, -0.66365 ], [ 30.07722, -0.68786 ], [ 30.07734, -0.73647 ], [ 30.02915, -0.76087 ] ] ] } },
{ "type": "Feature", "properties": { "pop": 31396.0 }, "geometry": { "type": "Polygon", "coordinates": [ [ [ 30.02879, -0.61504 ], [ 29.98049, -0.59083 ], [ 29.98037, -0.54222 ], [ 30.02856, -0.51782 ], [ 30.07686, -0.54204 ], [ 30.07698, -0.59065 ], [ 30.02879, -0.61504 ] ] ] } },
{ "type": "Feature", "properties": { "pop": 4702.0 }, "geometry": { "type": "Polygon", "coordinates": [ [ [ 30.02844, -0.46921 ], [ 29.98013, -0.44499 ], [ 29.98001, -0.39638 ], [ 30.0282, -0.37198 ], [ 30.0765, -0.3962 ], [ 30.07662, -0.44481 ], [ 30.02844, -0.46921 ] ] ] } },
{ "type": "Feature", "properties": { "pop": 3492.0 }, "geometry": { "type": "Polygon", "coordinates": [ [ [ 30.02808, -0.32337 ], [ 29.97978, -0.29915 ], [ 29.97966, -0.25054 ], [ 30.02784, -0.22614 ], [ 30.07614, -0.25036 ], [ 30.07626, -0.29897 ], [ 30.02808, -0.32337 ] ] ] } },
{ "type": "Feature", "properties": { "pop": 3834.0 }, "geometry": { "type": "Polygon", "coordinates": [ [ [ 30.02772, -0.17752 ], [ 29.97942, -0.1533 ], [ 29.97931, -0.10468 ], [ 30.02748, -0.08028 ], [ 30.07578, -0.1045 ], [ 30.0759, -0.15312 ], [ 30.02772, -0.17752 ] ] ] } },
{ "type": "Feature", "properties": { "pop": 4769.0 }, "geometry": { "type": "Polygon", "coordinates": [ [ [ 30.02736, -0.03166 ], [ 29.97907, -0.00744 ], [ 29.97895, 0.04118 ], [ 30.02712, 0.06558 ], [ 30.07542, 0.04136 ], [ 30.07554, -0.00726 ], [ 30.02736, -0.03166 ] ] ] } },
{ "type": "Feature", "properties": { "pop": 51181.0 }, "geometry": { "type": "Polygon", "coordinates": [ [ [ 30.02701, 0.1142 ], [ 29.97872, 0.13843 ], [ 29.9786, 0.18705 ], [ 30.02677, 0.21145 ], [ 30.07506, 0.18723 ], [ 30.07518, 0.13861 ], [ 30.02701, 0.1142 ] ] ] } },
{ "type": "Feature", "properties": { "pop": 13000.0 }, "geometry": { "type": "Polygon", "coordinates": [ [ [ 30.02665, 0.26008 ], [ 29.97836, 0.28431 ], [ 29.97824, 0.33294 ], [ 30.02641, 0.35734 ], [ 30.0747, 0.33312 ], [ 30.07482, 0.28449 ], [ 30.02665, 0.26008 ] ] ] } },
{ "type": "Feature", "properties": { "pop": 12404.0 }, "geometry": { "type": "Polygon", "coordinates": [ [ [ 30.02629, 0.40597 ], [ 29.97801, 0.4302 ], [ 29.97789, 0.47883 ], [ 30.02605, 0.50324 ], [ 30.07433, 0.47901 ], [ 30.07446, 0.43038 ], [ 30.02629, 0.40597 ] ] ] } },
{ "type": "Feature", "properties": { "pop": 19020.0 }, "geometry": { "type": "Polygon", "coordinates": [ [ [ 30.02593, 0.55188 ], [ 29.97765, 0.5761 ], [ 29.97754, 0.62474 ], [ 30.0257, 0.64915 ], [ 30.07397, 0.62492 ], [ 30.07409, 0.57628 ], [ 30.02593, 0.55188 ] ] ] } },
{ "type": "Feature", "properties": { "pop": 43196.0 }, "geometry": { "type": "Polygon", "coordinates": [ [ [ 30.02558, 0.69779 ], [ 29.9773, 0.72202 ], [ 29.97718, 0.77067 ], [ 30.02534, 0.79508 ], [ 30.07361, 0.77085 ], [ 30.07373, 0.7222 ], [ 30.02558, 0.69779 ] ] ] } },
{ "type": "Feature", "properties": { "pop": 891.0 }, "geometry": { "type": "Polygon", "coordinates": [ [ [ 30.02522, 0.84373 ], [ 29.97695, 0.86796 ], [ 29.97683, 0.91661 ], [ 30.02498, 0.94102 ], [ 30.07325, 0.91679 ], [ 30.07337, 0.86814 ], [ 30.02522, 0.84373 ] ] ] } },
{ "type": "Feature", "properties": { "pop": 15675.0 }, "geometry": { "type": "Polygon", "coordinates": [ [ [ 30.07903, -1.41694 ], [ 30.0307, -1.39273 ], [ 30.03058, -1.34412 ], [ 30.07879, -1.31973 ], [ 30.12711, -1.34394 ], [ 30.12724, -1.39254 ], [ 30.07903, -1.41694 ] ] ] } },
{ "type": "Feature", "properties": { "pop": 32402.0 }, "geometry": { "type": "Polygon", "coordinates": [ [ [ 30.07867, -1.27113 ], [ 30.03034, -1.24692 ], [ 30.03022, -1.19831 ], [ 30.07843, -1.17392 ], [ 30.12675, -1.19813 ], [ 30.12687, -1.24674 ], [ 30.07867, -1.27113 ] ] ] } },
{ "type": "Feature", "properties": { "pop": 19323.0 }, "geometry": { "type": "Polygon", "coordinates": [ [ [ 30.07831, -1.12532 ], [ 30.02999, -1.10111 ], [ 30.02987, -1.0525 ], [ 30.07807, -1.02811 ], [ 30.12638, -1.05232 ], [ 30.12651, -1.10093 ], [ 30.07831, -1.12532 ] ] ] } },
{ "type": "Feature", "properties": { "pop": 17484.0 }, "geometry": { "type": "Polygon", "coordinates": [ [ [ 30.07795, -0.97951 ], [ 30.02963, -0.95529 ], [ 30.02951, -0.90669 ], [ 30.0777, -0.88229 ], [ 30.12602, -0.90651 ], [ 30.12614, -0.95511 ], [ 30.07795, -0.97951 ] ] ] } },
{ "type": "Feature", "properties": { "pop": 30174.0 }, "geometry": { "type": "Polygon", "coordinates": [ [ [ 30.07758, -0.83369 ], [ 30.02927, -0.80947 ], [ 30.02915, -0.76087 ], [ 30.07734, -0.73647 ], [ 30.12566, -0.76069 ], [ 30.12578, -0.80929 ], [ 30.07758, -0.83369 ] ] ] } },
{ "type": "Feature", "properties": { "pop": 30722.0 }, "geometry": { "type": "Polygon", "coordinates": [ [ [ 30.07722, -0.68786 ], [ 30.02891, -0.66365 ], [ 30.02879, -0.61504 ], [ 30.07698, -0.59065 ], [ 30.12529, -0.61486 ], [ 30.12541, -0.66347 ], [ 30.07722, -0.68786 ] ] ] } },
{ "type": "Feature", "properties": { "pop": 28799.0 }, "geometry": { "type": "Polygon", "coordinates": [ [ [ 30.07686, -0.54204 ], [ 30.02856, -0.51782 ], [ 30.02844, -0.46921 ], [ 30.07662, -0.44481 ], [ 30.12493, -0.46903 ], [ 30.12505, -0.51764 ], [ 30.07686, -0.54204 ] ] ] } },
{ "type": "Feature", "properties": { "pop": 10643.0 }, "geometry": { "type": "Polygon", "coordinates": [ [ [ 30.0765, -0.3962 ], [ 30.0282, -0.37198 ], [ 30.02808, -0.32337 ], [ 30.07626, -0.29897 ], [ 30.12456, -0.32319 ], [ 30.12468, -0.3718 ], [ 30.0765, -0.3962 ] ] ] } },
{ "type": "Feature", "properties": { "pop": 14502.0 }, "geometry": { "type": "Polygon", "coordinates": [ [ [ 30.07614, -0.25036 ], [ 30.02784, -0.22614 ], [ 30.02772, -0.17752 ], [ 30.0759, -0.15312 ], [ 30.1242, -0.17734 ], [ 30.12432, -0.22596 ], [ 30.07614, -0.25036 ] ] ] } },
{ "type": "Feature", "properties": { "pop": 2304.0 }, "geometry": { "type": "Polygon", "coordinates": [ [ [ 30.07578, -0.1045 ], [ 30.02748, -0.08028 ], [ 30.02736, -0.03166 ], [ 30.07554, -0.00726 ], [ 30.12383, -0.03148 ], [ 30.12395, -0.0801 ], [ 30.07578, -0.1045 ] ] ] } },
{ "type": "Feature", "properties": { "pop": 6533.0 }, "geometry": { "type": "Polygon", "coordinates": [ [ [ 30.07542, 0.04136 ], [ 30.02712, 0.06558 ], [ 30.02701, 0.1142 ], [ 30.07518, 0.13861 ], [ 30.12347, 0.11438 ], [ 30.12359, 0.06576 ], [ 30.07542, 0.04136 ] ] ] } },
{ "type": "Feature", "properties": { "pop": 41062.0 }, "geometry": { "type": "Polygon", "coordinates": [ [ [ 30.07506, 0.18723 ], [ 30.02677, 0.21145 ], [ 30.02665, 0.26008 ], [ 30.07482, 0.28449 ], [ 30.1231, 0.26026 ], [ 30.12323, 0.21164 ], [ 30.07506, 0.18723 ] ] ] } },
{ "type": "Feature", "properties": { "pop": 26564.0 }, "geometry": { "type": "Polygon", "coordinates": [ [ [ 30.0747, 0.33312 ], [ 30.02641, 0.35734 ], [ 30.02629, 0.40597 ], [ 30.07446, 0.43038 ], [ 30.12274, 0.40615 ], [ 30.12286, 0.35752 ], [ 30.0747, 0.33312 ] ] ] } },
{ "type": "Feature", "properties": { "pop": 14997.0 }, "geometry": { "type": "Polygon", "coordinates": [ [ [ 30.07433, 0.47901 ], [ 30.02605, 0.50324 ], [ 30.02593, 0.55188 ], [ 30.07409, 0.57628 ], [ 30.12238, 0.55206 ], [ 30.1225, 0.50342 ], [ 30.07433, 0.47901 ] ] ] } },
{ "type": "Feature", "properties": { "pop": 45643.0 }, "geometry": { "type": "Polygon", "coordinates": [ [ [ 30.07397, 0.62492 ], [ 30.0257, 0.64915 ], [ 30.02558, 0.69779 ], [ 30.07373, 0.7222 ], [ 30.12201, 0.69797 ], [ 30.12213, 0.64933 ], [ 30.07397, 0.62492 ] ] ] } },
{ "type": "Feature", "properties": { "pop": 15578.0 }, "geometry": { "type": "Polygon", "coordinates": [ [ [ 30.07361, 0.77085 ], [ 30.02534, 0.79508 ], [ 30.02522, 0.84373 ], [ 30.07337, 0.86814 ], [ 30.12165, 0.84391 ], [ 30.12177, 0.79526 ], [ 30.07361, 0.77085 ] ] ] } },
{ "type": "Feature", "properties": { "pop": 20397.0 }, "geometry": { "type": "Polygon", "coordinates": [ [ [ 30.12711, -1.34394 ], [ 30.07879, -1.31973 ], [ 30.07867, -1.27113 ], [ 30.12687, -1.24674 ], [ 30.1752, -1.27095 ], [ 30.17532, -1.31955 ], [ 30.12711, -1.34394 ] ] ] } },
{ "type": "Feature", "properties": { "pop": 28970.0 }, "geometry": { "type": "Polygon", "coordinates": [ [ [ 30.12675, -1.19813 ], [ 30.07843, -1.17392 ], [ 30.07831, -1.12532 ], [ 30.12651, -1.10093 ], [ 30.17483, -1.12514 ], [ 30.17495, -1.17374 ], [ 30.12675, -1.19813 ] ] ] } },
{ "type": "Feature", "properties": { "pop": 22327.0 }, "geometry": { "type": "Polygon", "coordinates": [ [ [ 30.12638, -1.05232 ], [ 30.07807, -1.02811 ], [ 30.07795, -0.97951 ], [ 30.12614, -0.95511 ], [ 30.17446, -0.97932 ], [ 30.17458, -1.02793 ], [ 30.12638, -1.05232 ] ] ] } },
{ "type": "Feature", "properties": { "pop": 38120.0 }, "geometry": { "type": "Polygon", "coordinates": [ [ [ 30.12602, -0.90651 ], [ 30.0777, -0.88229 ], [ 30.07758, -0.83369 ], [ 30.12578, -0.80929 ], [ 30.17409, -0.8335 ], [ 30.17421, -0.88211 ], [ 30.12602, -0.90651 ] ] ] } },
{ "type": "Feature", "properties": { "pop": 28306.0 }, "geometry": { "type": "Polygon", "coordinates": [ [ [ 30.12566, -0.76069 ], [ 30.07734, -0.73647 ], [ 30.07722, -0.68786 ], [ 30.12541, -0.66347 ], [ 30.17372, -0.68768 ], [ 30.17385, -0.73629 ], [ 30.12566, -0.76069 ] ] ] } },
{ "type": "Feature", "properties": { "pop": 48151.0 }, "geometry": { "type": "Polygon", "coordinates": [ [ [ 30.12529, -0.61486 ], [ 30.07698, -0.59065 ], [ 30.07686, -0.54204 ], [ 30.12505, -0.51764 ], [ 30.17336, -0.54185 ], [ 30.17348, -0.59046 ], [ 30.12529, -0.61486 ] ] ] } },
{ "type": "Feature", "properties": { "pop": 18775.0 }, "geometry": { "type": "Polygon", "coordinates": [ [ [ 30.12493, -0.46903 ], [ 30.07662, -0.44481 ], [ 30.0765, -0.3962 ], [ 30.12468, -0.3718 ], [ 30.17299, -0.39602 ], [ 30.17311, -0.44463 ], [ 30.12493, -0.46903 ] ] ] } },
{ "type": "Feature", "properties": { "pop": 38564.0 }, "geometry": { "type": "Polygon", "coordinates": [ [ [ 30.12456, -0.32319 ], [ 30.07626, -0.29897 ], [ 30.07614, -0.25036 ], [ 30.12432, -0.22596 ], [ 30.17262, -0.25017 ], [ 30.17274, -0.29879 ], [ 30.12456, -0.32319 ] ] ] } },
{ "type": "Feature", "properties": { "pop": 5471.0 }, "geometry": { "type": "Polygon", "coordinates": [ [ [ 30.1242, -0.17734 ], [ 30.0759, -0.15312 ], [ 30.07578, -0.1045 ], [ 30.12395, -0.0801 ], [ 30.17225, -0.10432 ], [ 30.17237, -0.15294 ], [ 30.1242, -0.17734 ] ] ] } },
{ "type": "Feature", "properties": { "pop": 1529.0 }, "geometry": { "type": "Polygon", "coordinates": [ [ [ 30.12383, -0.03148 ], [ 30.07554, -0.00726 ], [ 30.07542, 0.04136 ], [ 30.12359, 0.06576 ], [ 30.17188, 0.04154 ], [ 30.17201, -0.00708 ], [ 30.12383, -0.03148 ] ] ] } },
{ "type": "Feature", "properties": { "pop": 59942.0 }, "geometry": { "type": "Polygon", "coordinates": [ [ [ 30.12347, 0.11438 ], [ 30.07518, 0.13861 ], [ 30.07506, 0.18723 ], [ 30.12323, 0.21164 ], [ 30.17152, 0.18742 ], [ 30.17164, 0.13879 ], [ 30.12347, 0.11438 ] ] ] } },
{ "type": "Feature", "properties": { "pop": 23792.0 }, "geometry": { "type": "Polygon", "coordinates": [ [ [ 30.1231, 0.26026 ], [ 30.07482, 0.28449 ], [ 30.0747, 0.33312 ], [ 30.12286, 0.35752 ], [ 30.17115, 0.3333 ], [ 30.17127, 0.28467 ], [ 30.1231, 0.26026 ] ] ] } },
{ "type": "Feature", "properties": { "pop": 27426.0 }, "geometry": { "type": "Polygon", "coordinates": [ [ [ 30.12274, 0.40615 ], [ 30.07446, 0.43038 ], [ 30.07433, 0.47901 ], [ 30.1225, 0.50342 ], [ 30.17078, 0.4792 ], [ 30.1709, 0.43056 ], [ 30.12274, 0.40615 ] ] ] } },
{ "type": "Feature", "properties": { "pop": 23191.0 }, "geometry": { "type": "Polygon", "coordinates": [ [ [ 30.12238, 0.55206 ], [ 30.07409, 0.57628 ], [ 30.07397, 0.62492 ], [ 30.12213, 0.64933 ], [ 30.17041, 0.62511 ], [ 30.17054, 0.57647 ], [ 30.12238, 0.55206 ] ] ] } },
{ "type": "Feature", "properties": { "pop": 36998.0 }, "geometry": { "type": "Polygon", "coordinates": [ [ [ 30.12201, 0.69797 ], [ 30.07373, 0.7222 ], [ 30.07361, 0.77085 ], [ 30.12177, 0.79526 ], [ 30.17005, 0.77103 ], [ 30.17017, 0.72239 ], [ 30.12201, 0.69797 ] ] ] } },
{ "type": "Feature", "properties": { "pop": 3339.0 }, "geometry": { "type": "Polygon", "coordinates": [ [ [ 30.12165, 0.84391 ], [ 30.07337, 0.86814 ], [ 30.07325, 0.91679 ], [ 30.1214, 0.9412 ], [ 30.16968, 0.91697 ], [ 30.1698, 0.86832 ], [ 30.12165, 0.84391 ] ] ] } },
{ "type": "Feature", "properties": { "pop": 1593.0 }, "geometry": { "type": "Polygon", "coordinates": [ [ [ 30.17556, -1.41675 ], [ 30.12724, -1.39254 ], [ 30.12711, -1.34394 ], [ 30.17532, -1.31955 ], [ 30.22365, -1.34376 ], [ 30.22377, -1.39236 ], [ 30.17556, -1.41675 ] ] ] } },
{ "type": "Feature", "properties": { "pop": 23271.0 }, "geometry": { "type": "Polygon", "coordinates": [ [ [ 30.1752, -1.27095 ], [ 30.12687, -1.24674 ], [ 30.12675, -1.19813 ], [ 30.17495, -1.17374 ], [ 30.22327, -1.19795 ], [ 30.2234, -1.24655 ], [ 30.1752, -1.27095 ] ] ] } },
{ "type": "Feature", "properties": { "pop": 20296.0 }, "geometry": { "type": "Polygon", "coordinates": [ [ [ 30.17483, -1.12514 ], [ 30.12651, -1.10093 ], [ 30.12638, -1.05232 ], [ 30.17458, -1.02793 ], [ 30.2229, -1.05214 ], [ 30.22303, -1.10074 ], [ 30.17483, -1.12514 ] ] ] } },
{ "type": "Feature", "properties": { "pop": 19581.0 }, "geometry": { "type": "Polygon", "coordinates": [ [ [ 30.17446, -0.97932 ], [ 30.12614, -0.95511 ], [ 30.12602, -0.90651 ], [ 30.17421, -0.88211 ], [ 30.22253, -0.90632 ], [ 30.22265, -0.95493 ], [ 30.17446, -0.97932 ] ] ] } },
{ "type": "Feature", "properties": { "pop": 38021.0 }, "geometry": { "type": "Polygon", "coordinates": [ [ [ 30.17409, -0.8335 ], [ 30.12578, -0.80929 ], [ 30.12566, -0.76069 ], [ 30.17385, -0.73629 ], [ 30.22216, -0.7605 ], [ 30.22228, -0.80911 ], [ 30.17409, -0.8335 ] ] ] } },
{ "type": "Feature", "properties": { "pop": 31025.0 }, "geometry": { "type": "Polygon", "coordinates": [ [ [ 30.17372, -0.68768 ], [ 30.12541, -0.66347 ], [ 30.12529, -0.61486 ], [ 30.17348, -0.59046 ], [ 30.22179, -0.61467 ], [ 30.22191, -0.66328 ], [ 30.17372, -0.68768 ] ] ] } },
{ "type": "Feature", "properties": { "pop": 32381.0 }, "geometry": { "type": "Polygon", "coordinates": [ [ [ 30.17336, -0.54185 ], [ 30.12505, -0.51764 ], [ 30.12493, -0.46903 ], [ 30.17311, -0.44463 ], [ 30.22142, -0.46884 ], [ 30.22154, -0.51745 ], [ 30.17336, -0.54185 ] ] ] } },
{ "type": "Feature", "properties": { "pop": 8017.0 }, "geometry": { "type": "Polygon", "coordinates": [ [ [ 30.17299, -0.39602 ], [ 30.12468, -0.3718 ], [ 30.12456, -0.32319 ], [ 30.17274, -0.29879 ], [ 30.22104, -0.323 ], [ 30.22117, -0.37162 ], [ 30.17299, -0.39602 ] ] ] } },
{ "type": "Feature", "properties": { "pop": 38456.0 }, "geometry": { "type": "Polygon", "coordinates": [ [ [ 30.17262, -0.25017 ], [ 30.12432, -0.22596 ], [ 30.1242, -0.17734 ], [ 30.17237, -0.15294 ], [ 30.22067, -0.17715 ], [ 30.2208, -0.22577 ], [ 30.17262, -0.25017 ] ] ] } },
{ "type": "Feature", "properties": { "pop": 1486.0 }, "geometry": { "type": "Polygon", "coordinates": [ [ [ 30.17225, -0.10432 ], [ 30.12395, -0.0801 ], [ 30.12383, -0.03148 ], [ 30.17201, -0.00708 ], [ 30.2203, -0.0313 ], [ 30.22043, -0.07992 ], [ 30.17225, -0.10432 ] ] ] } },
{ "type": "Feature", "properties": { "pop": 5002.0 }, "geometry": { "type": "Polygon", "coordinates": [ [ [ 30.17188, 0.04154 ], [ 30.12359, 0.06576 ], [ 30.12347, 0.11438 ], [ 30.17164, 0.13879 ], [ 30.21993, 0.11457 ], [ 30.22005, 0.06595 ], [ 30.17188, 0.04154 ] ] ] } },
{ "type": "Feature", "properties": { "pop": 18375.0 }, "geometry": { "type": "Polygon", "coordinates": [ [ [ 30.17152, 0.18742 ], [ 30.12323, 0.21164 ], [ 30.1231, 0.26026 ], [ 30.17127, 0.28467 ], [ 30.21956, 0.26045 ], [ 30.21968, 0.21182 ], [ 30.17152, 0.18742 ] ] ] } },
{ "type": "Feature", "properties": { "pop": 47006.0 }, "geometry": { "type": "Polygon", "coordinates": [ [ [ 30.17115, 0.3333 ], [ 30.12286, 0.35752 ], [ 30.12274, 0.40615 ], [ 30.1709, 0.43056 ], [ 30.21919, 0.40634 ], [ 30.21931, 0.35771 ], [ 30.17115, 0.3333 ] ] ] } },
{ "type": "Feature", "properties": { "pop": 42265.0 }, "geometry": { "type": "Polygon", "coordinates": [ [ [ 30.17078, 0.4792 ], [ 30.1225, 0.50342 ], [ 30.12238, 0.55206 ], [ 30.17054, 0.57647 ], [ 30.21882, 0.55224 ], [ 30.21894, 0.50361 ], [ 30.17078, 0.4792 ] ] ] } },
{ "type": "Feature", "properties": { "pop": 38644.0 }, "geometry": { "type": "Polygon", "coordinates": [ [ [ 30.17041, 0.62511 ], [ 30.12213, 0.64933 ], [ 30.12201, 0.69797 ], [ 30.17017, 0.72239 ], [ 30.21845, 0.69816 ], [ 30.21857, 0.64952 ], [ 30.17041, 0.62511 ] ] ] } },
{ "type": "Feature", "properties": { "pop": 16395.0 }, "geometry": { "type": "Polygon", "coordinates": [ [ [ 30.17005, 0.77103 ], [ 30.12177, 0.79526 ], [ 30.12165, 0.84391 ], [ 30.1698, 0.86832 ], [ 30.21808, 0.84409 ], [ 30.2182, 0.79545 ], [ 30.17005, 0.77103 ] ] ] } },
{ "type": "Feature", "properties": { "pop": 1044.0 }, "geometry": { "type": "Polygon", "coordinates": [ [ [ 30.16968, 0.91697 ], [ 30.1214, 0.9412 ], [ 30.12128, 0.98985 ], [ 30.16943, 1.01427 ], [ 30.21771, 0.99004 ], [ 30.21783, 0.94139 ], [ 30.16968, 0.91697 ] ] ] } },
{ "type": "Feature", "properties": { "pop": 817.0 }, "geometry": { "type": "Polygon", "coordinates": [ [ [ 30.22365, -1.34376 ], [ 30.17532, -1.31955 ], [ 30.1752, -1.27095 ], [ 30.2234, -1.24655 ], [ 30.27172, -1.27076 ], [ 30.27185, -1.31936 ], [ 30.22365, -1.34376 ] ] ] } },
{ "type": "Feature", "properties": { "pop": 13948.0 }, "geometry": { "type": "Polygon", "coordinates": [ [ [ 30.22327, -1.19795 ], [ 30.17495, -1.17374 ], [ 30.17483, -1.12514 ], [ 30.22303, -1.10074 ], [ 30.27135, -1.12495 ], [ 30.27147, -1.17355 ], [ 30.22327, -1.19795 ] ] ] } },
{ "type": "Feature", "properties": { "pop": 24025.0 }, "geometry": { "type": "Polygon", "coordinates": [ [ [ 30.2229, -1.05214 ], [ 30.17458, -1.02793 ], [ 30.17446, -0.97932 ], [ 30.22265, -0.95493 ], [ 30.27097, -0.97913 ], [ 30.2711, -1.02774 ], [ 30.2229, -1.05214 ] ] ] } },
{ "type": "Feature", "properties": { "pop": 34505.0 }, "geometry": { "type": "Polygon", "coordinates": [ [ [ 30.22253, -0.90632 ], [ 30.17421, -0.88211 ], [ 30.17409, -0.8335 ], [ 30.22228, -0.80911 ], [ 30.2706, -0.83332 ], [ 30.27072, -0.88192 ], [ 30.22253, -0.90632 ] ] ] } },
{ "type": "Feature", "properties": { "pop": 17726.0 }, "geometry": { "type": "Polygon", "coordinates": [ [ [ 30.22216, -0.7605 ], [ 30.17385, -0.73629 ], [ 30.17372, -0.68768 ], [ 30.22191, -0.66328 ], [ 30.27022, -0.68749 ], [ 30.27035, -0.7361 ], [ 30.22216, -0.7605 ] ] ] } },
{ "type": "Feature", "properties": { "pop": 34043.0 }, "geometry": { "type": "Polygon", "coordinates": [ [ [ 30.22179, -0.61467 ], [ 30.17348, -0.59046 ], [ 30.17336, -0.54185 ], [ 30.22154, -0.51745 ], [ 30.26985, -0.54167 ], [ 30.26997, -0.59028 ], [ 30.22179, -0.61467 ] ] ] } },
{ "type": "Feature", "properties": { "pop": 21403.0 }, "geometry": { "type": "Polygon", "coordinates": [ [ [ 30.22142, -0.46884 ], [ 30.17311, -0.44463 ], [ 30.17299, -0.39602 ], [ 30.22117, -0.37162 ], [ 30.26947, -0.39583 ], [ 30.2696, -0.44444 ], [ 30.22142, -0.46884 ] ] ] } },
{ "type": "Feature", "properties": { "pop": 10418.0 }, "geometry": { "type": "Polygon", "coordinates": [ [ [ 30.22104, -0.323 ], [ 30.17274, -0.29879 ], [ 30.17262, -0.25017 ], [ 30.2208, -0.22577 ], [ 30.2691, -0.24999 ], [ 30.26922, -0.2986 ], [ 30.22104, -0.323 ] ] ] } },
{ "type": "Feature", "properties": { "pop": 13488.0 }, "geometry": { "type": "Polygon", "coordinates": [ [ [ 30.22067, -0.17715 ], [ 30.17237, -0.15294 ], [ 30.17225, -0.10432 ], [ 30.22043, -0.07992 ], [ 30.26872, -0.10413 ], [ 30.26885, -0.15275 ], [ 30.22067, -0.17715 ] ] ] } },
{ "type": "Feature", "properties": { "pop": 8329.0 }, "geometry": { "type": "Polygon", "coordinates": [ [ [ 30.21993, 0.11457 ], [ 30.17164, 0.13879 ], [ 30.17152, 0.18742 ], [ 30.21968, 0.21182 ], [ 30.26798, 0.1876 ], [ 30.2681, 0.13898 ], [ 30.21993, 0.11457 ] ] ] } },
{ "type": "Feature", "properties": { "pop": 23140.0 }, "geometry": { "type": "Polygon", "coordinates": [ [ [ 30.21956, 0.26045 ], [ 30.17127, 0.28467 ], [ 30.17115, 0.3333 ], [ 30.21931, 0.35771 ], [ 30.2676, 0.33349 ], [ 30.26773, 0.28486 ], [ 30.21956, 0.26045 ] ] ] } },
{ "type": "Feature", "properties": { "pop": 48784.0 }, "geometry": { "type": "Polygon", "coordinates": [ [ [ 30.21919, 0.40634 ], [ 30.1709, 0.43056 ], [ 30.17078, 0.4792 ], [ 30.21894, 0.50361 ], [ 30.26723, 0.47938 ], [ 30.26735, 0.43075 ], [ 30.21919, 0.40634 ] ] ] } },
{ "type": "Feature", "properties": { "pop": 51812.0 }, "geometry": { "type": "Polygon", "coordinates": [ [ [ 30.21882, 0.55224 ], [ 30.17054, 0.57647 ], [ 30.17041, 0.62511 ], [ 30.21857, 0.64952 ], [ 30.26685, 0.62529 ], [ 30.26698, 0.57666 ], [ 30.21882, 0.55224 ] ] ] } },
{ "type": "Feature", "properties": { "pop": 27832.0 }, "geometry": { "type": "Polygon", "coordinates": [ [ [ 30.21845, 0.69816 ], [ 30.17017, 0.72239 ], [ 30.17005, 0.77103 ], [ 30.2182, 0.79545 ], [ 30.26648, 0.77122 ], [ 30.2666, 0.72258 ], [ 30.21845, 0.69816 ] ] ] } },
{ "type": "Feature", "properties": { "pop": 8132.0 }, "geometry": { "type": "Polygon", "coordinates": [ [ [ 30.21808, 0.84409 ], [ 30.1698, 0.86832 ], [ 30.16968, 0.91697 ], [ 30.21783, 0.94139 ], [ 30.2661, 0.91716 ], [ 30.26623, 0.86851 ], [ 30.21808, 0.84409 ] ] ] } },
{ "type": "Feature", "properties": { "pop": 1315.0 }, "geometry": { "type": "Polygon", "coordinates": [ [ [ 30.21771, 0.99004 ], [ 30.16943, 1.01427 ], [ 30.16931, 1.06293 ], [ 30.21746, 1.08735 ], [ 30.26573, 1.06311 ], [ 30.26585, 1.01446 ], [ 30.21771, 0.99004 ] ] ] } },
{ "type": "Feature", "properties": { "pop": 5462.0 }, "geometry": { "type": "Polygon", "coordinates": [ [ [ 30.27172, -1.27076 ], [ 30.2234, -1.24655 ], [ 30.22327, -1.19795 ], [ 30.27147, -1.17355 ], [ 30.3198, -1.19776 ], [ 30.31992, -1.24636 ], [ 30.27172, -1.27076 ] ] ] } },
{ "type": "Feature", "properties": { "pop": 9224.0 }, "geometry": { "type": "Polygon", "coordinates": [ [ [ 30.27135, -1.12495 ], [ 30.22303, -1.10074 ], [ 30.2229, -1.05214 ], [ 30.2711, -1.02774 ], [ 30.31942, -1.05195 ], [ 30.31955, -1.10055 ], [ 30.27135, -1.12495 ] ] ] } },
{ "type": "Feature", "properties": { "pop": 21395.0 }, "geometry": { "type": "Polygon", "coordinates": [ [ [ 30.27097, -0.97913 ], [ 30.22265, -0.95493 ], [ 30.22253, -0.90632 ], [ 30.27072, -0.88192 ], [ 30.31904, -0.90613 ], [ 30.31917, -0.95474 ], [ 30.27097, -0.97913 ] ] ] } },
{ "type": "Feature", "properties": { "pop": 21980.0 }, "geometry": { "type": "Polygon", "coordinates": [ [ [ 30.2706, -0.83332 ], [ 30.22228, -0.80911 ], [ 30.22216, -0.7605 ], [ 30.27035, -0.7361 ], [ 30.31866, -0.76031 ], [ 30.31879, -0.80892 ], [ 30.2706, -0.83332 ] ] ] } },
{ "type": "Feature", "properties": { "pop": 21658.0 }, "geometry": { "type": "Polygon", "coordinates": [ [ [ 30.27022, -0.68749 ], [ 30.22191, -0.66328 ], [ 30.22179, -0.61467 ], [ 30.26997, -0.59028 ], [ 30.31828, -0.61449 ], [ 30.31841, -0.66309 ], [ 30.27022, -0.68749 ] ] ] } },
{ "type": "Feature", "properties": { "pop": 29109.0 }, "geometry": { "type": "Polygon", "coordinates": [ [ [ 30.26985, -0.54167 ], [ 30.22154, -0.51745 ], [ 30.22142, -0.46884 ], [ 30.2696, -0.44444 ], [ 30.31791, -0.46865 ], [ 30.31803, -0.51726 ], [ 30.26985, -0.54167 ] ] ] } },
{ "type": "Feature", "properties": { "pop": 12132.0 }, "geometry": { "type": "Polygon", "coordinates": [ [ [ 30.26947, -0.39583 ], [ 30.22117, -0.37162 ], [ 30.22104, -0.323 ], [ 30.26922, -0.2986 ], [ 30.31753, -0.32281 ], [ 30.31765, -0.37143 ], [ 30.26947, -0.39583 ] ] ] } },
{ "type": "Feature", "properties": { "pop": 10908.0 }, "geometry": { "type": "Polygon", "coordinates": [ [ [ 30.2691, -0.24999 ], [ 30.2208, -0.22577 ], [ 30.22067, -0.17715 ], [ 30.26885, -0.15275 ], [ 30.31715, -0.17697 ], [ 30.31728, -0.22558 ], [ 30.2691, -0.24999 ] ] ] } },
{ "type": "Feature", "properties": { "pop": 25202.0 }, "geometry": { "type": "Polygon", "coordinates": [ [ [ 30.26872, -0.10413 ], [ 30.22043, -0.07992 ], [ 30.2203, -0.0313 ], [ 30.26847, -0.00689 ], [ 30.31677, -0.03111 ], [ 30.3169, -0.07973 ], [ 30.26872, -0.10413 ] ] ] } },
{ "type": "Feature", "properties": { "pop": 3486.0 }, "geometry": { "type": "Polygon", "coordinates": [ [ [ 30.26835, 0.04173 ], [ 30.22005, 0.06595 ], [ 30.21993, 0.11457 ], [ 30.2681, 0.13898 ], [ 30.31639, 0.11476 ], [ 30.31652, 0.06614 ], [ 30.26835, 0.04173 ] ] ] } },
{ "type": "Feature", "properties": { "pop": 5460.0 }, "geometry": { "type": "Polygon", "coordinates": [ [ [ 30.26798, 0.1876 ], [ 30.21968, 0.21182 ], [ 30.21956, 0.26045 ], [ 30.26773, 0.28486 ], [ 30.31602, 0.26064 ], [ 30.31614, 0.21201 ], [ 30.26798, 0.1876 ] ] ] } },
{ "type": "Feature", "properties": { "pop": 27754.0 }, "geometry": { "type": "Polygon", "coordinates": [ [ [ 30.2676, 0.33349 ], [ 30.21931, 0.35771 ], [ 30.21919, 0.40634 ], [ 30.26735, 0.43075 ], [ 30.31564, 0.40653 ], [ 30.31576, 0.3579 ], [ 30.2676, 0.33349 ] ] ] } },
{ "type": "Feature", "properties": { "pop": 22698.0 }, "geometry": { "type": "Polygon", "coordinates": [ [ [ 30.26723, 0.47938 ], [ 30.21894, 0.50361 ], [ 30.21882, 0.55224 ], [ 30.26698, 0.57666 ], [ 30.31526, 0.55243 ], [ 30.31539, 0.5038 ], [ 30.26723, 0.47938 ] ] ] } },
{ "type": "Feature", "properties": { "pop": 87415.0 }, "geometry": { "type": "Polygon", "coordinates": [ [ [ 30.26685, 0.62529 ], [ 30.21857, 0.64952 ], [ 30.21845, 0.69816 ], [ 30.2666, 0.72258 ], [ 30.31488, 0.69835 ], [ 30.31501, 0.64971 ], [ 30.26685, 0.62529 ] ] ] } },
{ "type": "Feature", "properties": { "pop": 10987.0 }, "geometry": { "type": "Polygon", "coordinates": [ [ [ 30.26648, 0.77122 ], [ 30.2182, 0.79545 ], [ 30.21808, 0.84409 ], [ 30.26623, 0.86851 ], [ 30.3145, 0.84428 ], [ 30.31463, 0.79564 ], [ 30.26648, 0.77122 ] ] ] } },
{ "type": "Feature", "properties": { "pop": 1609.0 }, "geometry": { "type": "Polygon", "coordinates": [ [ [ 30.2661, 0.91716 ], [ 30.21783, 0.94139 ], [ 30.21771, 0.99004 ], [ 30.26585, 1.01446 ], [ 30.31413, 0.99023 ], [ 30.31425, 0.94158 ], [ 30.2661, 0.91716 ] ] ] } },
{ "type": "Feature", "properties": { "pop": 5754.0 }, "geometry": { "type": "Polygon", "coordinates": [ [ [ 30.26573, 1.06311 ], [ 30.21746, 1.08735 ], [ 30.21733, 1.136 ], [ 30.26548, 1.16043 ], [ 30.31375, 1.13619 ], [ 30.31387, 1.08754 ], [ 30.26573, 1.06311 ] ] ] } },
{ "type": "Feature", "properties": { "pop": 5488.0 }, "geometry": { "type": "Polygon", "coordinates": [ [ [ 30.3198, -1.19776 ], [ 30.27147, -1.17355 ], [ 30.27135, -1.12495 ], [ 30.31955, -1.10055 ], [ 30.36787, -1.12476 ], [ 30.368, -1.17336 ], [ 30.3198, -1.19776 ] ] ] } },
{ "type": "Feature", "properties": { "pop": 27566.0 }, "geometry": { "type": "Polygon", "coordinates": [ [ [ 30.31942, -1.05195 ], [ 30.2711, -1.02774 ], [ 30.27097, -0.97913 ], [ 30.31917, -0.95474 ], [ 30.36749, -0.97894 ], [ 30.36762, -1.02755 ], [ 30.31942, -1.05195 ] ] ] } },
{ "type": "Feature", "properties": { "pop": 24366.0 }, "geometry": { "type": "Polygon", "coordinates": [ [ [ 30.31904, -0.90613 ], [ 30.27072, -0.88192 ], [ 30.2706, -0.83332 ], [ 30.31879, -0.80892 ], [ 30.36711, -0.83313 ], [ 30.36723, -0.88173 ], [ 30.31904, -0.90613 ] ] ] } },
{ "type": "Feature", "properties": { "pop": 25402.0 }, "geometry": { "type": "Polygon", "coordinates": [ [ [ 30.31866, -0.76031 ], [ 30.27035, -0.7361 ], [ 30.27022, -0.68749 ], [ 30.31841, -0.66309 ], [ 30.36672, -0.6873 ], [ 30.36685, -0.73591 ], [ 30.31866, -0.76031 ] ] ] } },
{ "type": "Feature", "properties": { "pop": 32089.0 }, "geometry": { "type": "Polygon", "coordinates": [ [ [ 30.31828, -0.61449 ], [ 30.26997, -0.59028 ], [ 30.26985, -0.54167 ], [ 30.31803, -0.51726 ], [ 30.36634, -0.54147 ], [ 30.36647, -0.59008 ], [ 30.31828, -0.61449 ] ] ] } },
{ "type": "Feature", "properties": { "pop": 19130.0 }, "geometry": { "type": "Polygon", "coordinates": [ [ [ 30.31791, -0.46865 ], [ 30.2696, -0.44444 ], [ 30.26947, -0.39583 ], [ 30.31765, -0.37143 ], [ 30.36596, -0.39564 ], [ 30.36609, -0.44425 ], [ 30.31791, -0.46865 ] ] ] } },
{ "type": "Feature", "properties": { "pop": 15660.0 }, "geometry": { "type": "Polygon", "coordinates": [ [ [ 30.31753, -0.32281 ], [ 30.26922, -0.2986 ], [ 30.2691, -0.24999 ], [ 30.31728, -0.22558 ], [ 30.36558, -0.24979 ], [ 30.36571, -0.29841 ], [ 30.31753, -0.32281 ] ] ] } },
{ "type": "Feature", "properties": { "pop": 16497.0 }, "geometry": { "type": "Polygon", "coordinates": [ [ [ 30.31715, -0.17697 ], [ 30.26885, -0.15275 ], [ 30.26872, -0.10413 ], [ 30.3169, -0.07973 ], [ 30.3652, -0.10394 ], [ 30.36532, -0.15256 ], [ 30.31715, -0.17697 ] ] ] } },
{ "type": "Feature", "properties": { "pop": 20865.0 }, "geometry": { "type": "Polygon", "coordinates": [ [ [ 30.31677, -0.03111 ], [ 30.26847, -0.00689 ], [ 30.26835, 0.04173 ], [ 30.31652, 0.06614 ], [ 30.36482, 0.04192 ], [ 30.36494, -0.0067 ], [ 30.31677, -0.03111 ] ] ] } },
{ "type": "Feature", "properties": { "pop": 7384.0 }, "geometry": { "type": "Polygon", "coordinates": [ [ [ 30.31639, 0.11476 ], [ 30.2681, 0.13898 ], [ 30.26798, 0.1876 ], [ 30.31614, 0.21201 ], [ 30.36443, 0.18779 ], [ 30.36456, 0.13917 ], [ 30.31639, 0.11476 ] ] ] } },
{ "type": "Feature", "properties": { "pop": 3976.0 }, "geometry": { "type": "Polygon", "coordinates": [ [ [ 30.31602, 0.26064 ], [ 30.26773, 0.28486 ], [ 30.2676, 0.33349 ], [ 30.31576, 0.3579 ], [ 30.36405, 0.33368 ], [ 30.36418, 0.28505 ], [ 30.31602, 0.26064 ] ] ] } },
{ "type": "Feature", "properties": { "pop": 14364.0 }, "geometry": { "type": "Polygon", "coordinates": [ [ [ 30.31564, 0.40653 ], [ 30.26735, 0.43075 ], [ 30.26723, 0.47938 ], [ 30.31539, 0.5038 ], [ 30.36367, 0.47957 ], [ 30.3638, 0.43094 ], [ 30.31564, 0.40653 ] ] ] } },
{ "type": "Feature", "properties": { "pop": 33799.0 }, "geometry": { "type": "Polygon", "coordinates": [ [ [ 30.31526, 0.55243 ], [ 30.26698, 0.57666 ], [ 30.26685, 0.62529 ], [ 30.31501, 0.64971 ], [ 30.36329, 0.62548 ], [ 30.36342, 0.57685 ], [ 30.31526, 0.55243 ] ] ] } },
{ "type": "Feature", "properties": { "pop": 19122.0 }, "geometry": { "type": "Polygon", "coordinates": [ [ [ 30.31488, 0.69835 ], [ 30.2666, 0.72258 ], [ 30.26648, 0.77122 ], [ 30.31463, 0.79564 ], [ 30.36291, 0.77141 ], [ 30.36304, 0.72277 ], [ 30.31488, 0.69835 ] ] ] } },
{ "type": "Feature", "properties": { "pop": 844.0 }, "geometry": { "type": "Polygon", "coordinates": [ [ [ 30.3145, 0.84428 ], [ 30.26623, 0.86851 ], [ 30.2661, 0.91716 ], [ 30.31425, 0.94158 ], [ 30.36253, 0.91735 ], [ 30.36266, 0.8687 ], [ 30.3145, 0.84428 ] ] ] } },
{ "type": "Feature", "properties": { "pop": 4092.0 }, "geometry": { "type": "Polygon", "coordinates": [ [ [ 30.31413, 0.99023 ], [ 30.26585, 1.01446 ], [ 30.26573, 1.06311 ], [ 30.31387, 1.08754 ], [ 30.36215, 1.0633 ], [ 30.36227, 1.01465 ], [ 30.31413, 0.99023 ] ] ] } },
{ "type": "Feature", "properties": { "pop": 1204.0 }, "geometry": { "type": "Polygon", "coordinates": [ [ [ 30.31375, 1.13619 ], [ 30.26548, 1.16043 ], [ 30.26535, 1.20909 ], [ 30.3135, 1.23351 ], [ 30.36177, 1.20928 ], [ 30.36189, 1.16062 ], [ 30.31375, 1.13619 ] ] ] } },
{ "type": "Feature", "properties": { "pop": 5011.0 }, "geometry": { "type": "Polygon", "coordinates": [ [ [ 30.36787, -1.12476 ], [ 30.31955, -1.10055 ], [ 30.31942, -1.05195 ], [ 30.36762, -1.02755 ], [ 30.41594, -1.05175 ], [ 30.41607, -1.10036 ], [ 30.36787, -1.12476 ] ] ] } },
{ "type": "Feature", "properties": { "pop": 22219.0 }, "geometry": { "type": "Polygon", "coordinates": [ [ [ 30.36749, -0.97894 ], [ 30.31917, -0.95474 ], [ 30.31904, -0.90613 ], [ 30.36723, -0.88173 ], [ 30.41555, -0.90594 ], [ 30.41568, -0.95454 ], [ 30.36749, -0.97894 ] ] ] } },
{ "type": "Feature", "properties": { "pop": 13447.0 }, "geometry": { "type": "Polygon", "coordinates": [ [ [ 30.36711, -0.83313 ], [ 30.31879, -0.80892 ], [ 30.31866, -0.76031 ], [ 30.36685, -0.73591 ], [ 30.41517, -0.76012 ], [ 30.4153, -0.80873 ], [ 30.36711, -0.83313 ] ] ] } },
{ "type": "Feature", "properties": { "pop": 24591.0 }, "geometry": { "type": "Polygon", "coordinates": [ [ [ 30.36672, -0.6873 ], [ 30.31841, -0.66309 ], [ 30.31828, -0.61449 ], [ 30.36647, -0.59008 ], [ 30.41478, -0.61429 ], [ 30.41491, -0.6629 ], [ 30.36672, -0.6873 ] ] ] } },
{ "type": "Feature", "properties": { "pop": 31325.0 }, "geometry": { "type": "Polygon", "coordinates": [ [ [ 30.36634, -0.54147 ], [ 30.31803, -0.51726 ], [ 30.31791, -0.46865 ], [ 30.36609, -0.44425 ], [ 30.4144, -0.46846 ], [ 30.41452, -0.51707 ], [ 30.36634, -0.54147 ] ] ] } },
{ "type": "Feature", "properties": { "pop": 22638.0 }, "geometry": { "type": "Polygon", "coordinates": [ [ [ 30.36596, -0.39564 ], [ 30.31765, -0.37143 ], [ 30.31753, -0.32281 ], [ 30.36571, -0.29841 ], [ 30.41401, -0.32262 ], [ 30.41414, -0.37124 ], [ 30.36596, -0.39564 ] ] ] } },
{ "type": "Feature", "properties": { "pop": 21633.0 }, "geometry": { "type": "Polygon", "coordinates": [ [ [ 30.36558, -0.24979 ], [ 30.31728, -0.22558 ], [ 30.31715, -0.17697 ], [ 30.36532, -0.15256 ], [ 30.41363, -0.17677 ], [ 30.41375, -0.22539 ], [ 30.36558, -0.24979 ] ] ] } },
{ "type": "Feature", "properties": { "pop": 33481.0 }, "geometry": { "type": "Polygon", "coordinates": [ [ [ 30.3652, -0.10394 ], [ 30.3169, -0.07973 ], [ 30.31677, -0.03111 ], [ 30.36494, -0.0067 ], [ 30.41324, -0.03092 ], [ 30.41337, -0.07954 ], [ 30.3652, -0.10394 ] ] ] } },
{ "type": "Feature", "properties": { "pop": 22593.0 }, "geometry": { "type": "Polygon", "coordinates": [ [ [ 30.36482, 0.04192 ], [ 30.31652, 0.06614 ], [ 30.31639, 0.11476 ], [ 30.36456, 0.13917 ], [ 30.41286, 0.11495 ], [ 30.41298, 0.06633 ], [ 30.36482, 0.04192 ] ] ] } },
{ "type": "Feature", "properties": { "pop": 7785.0 }, "geometry": { "type": "Polygon", "coordinates": [ [ [ 30.36443, 0.18779 ], [ 30.31614, 0.21201 ], [ 30.31602, 0.26064 ], [ 30.36418, 0.28505 ], [ 30.41247, 0.26083 ], [ 30.4126, 0.2122 ], [ 30.36443, 0.18779 ] ] ] } },
{ "type": "Feature", "properties": { "pop": 7686.0 }, "geometry": { "type": "Polygon", "coordinates": [ [ [ 30.36405, 0.33368 ], [ 30.31576, 0.3579 ], [ 30.31564, 0.40653 ], [ 30.3638, 0.43094 ], [ 30.41209, 0.40672 ], [ 30.41222, 0.35809 ], [ 30.36405, 0.33368 ] ] ] } },
{ "type": "Feature", "properties": { "pop": 10418.0 }, "geometry": { "type": "Polygon", "coordinates": [ [ [ 30.36367, 0.47957 ], [ 30.31539, 0.5038 ], [ 30.31526, 0.55243 ], [ 30.36342, 0.57685 ], [ 30.4117, 0.55262 ], [ 30.41183, 0.50399 ], [ 30.36367, 0.47957 ] ] ] } },
{ "type": "Feature", "properties": { "pop": 23826.0 }, "geometry": { "type": "Polygon", "coordinates": [ [ [ 30.36329, 0.62548 ], [ 30.31501, 0.64971 ], [ 30.31488, 0.69835 ], [ 30.36304, 0.72277 ], [ 30.41132, 0.69854 ], [ 30.41145, 0.6499 ], [ 30.36329, 0.62548 ] ] ] } },
{ "type": "Feature", "properties": { "pop": 7891.0 }, "geometry": { "type": "Polygon", "coordinates": [ [ [ 30.36291, 0.77141 ], [ 30.31463, 0.79564 ], [ 30.3145, 0.84428 ], [ 30.36266, 0.8687 ], [ 30.41093, 0.84447 ], [ 30.41106, 0.79583 ], [ 30.36291, 0.77141 ] ] ] } },
{ "type": "Feature", "properties": { "pop": 514.0 }, "geometry": { "type": "Polygon", "coordinates": [ [ [ 30.36253, 0.91735 ], [ 30.31425, 0.94158 ], [ 30.31413, 0.99023 ], [ 30.36227, 1.01465 ], [ 30.41055, 0.99042 ], [ 30.41068, 0.94177 ], [ 30.36253, 0.91735 ] ] ] } },
{ "type": "Feature", "properties": { "pop": 2212.0 }, "geometry": { "type": "Polygon", "coordinates": [ [ [ 30.36215, 1.0633 ], [ 30.31387, 1.08754 ], [ 30.31375, 1.13619 ], [ 30.36189, 1.16062 ], [ 30.41016, 1.13639 ], [ 30.41029, 1.08773 ], [ 30.36215, 1.0633 ] ] ] } },
{ "type": "Feature", "properties": { "pop": 32325.0 }, "geometry": { "type": "Polygon", "coordinates": [ [ [ 30.41594, -1.05175 ], [ 30.36762, -1.02755 ], [ 30.36749, -0.97894 ], [ 30.41568, -0.95454 ], [ 30.464, -0.97875 ], [ 30.46413, -1.02735 ], [ 30.41594, -1.05175 ] ] ] } },
{ "type": "Feature", "properties": { "pop": 15047.0 }, "geometry": { "type": "Polygon", "coordinates": [ [ [ 30.41555, -0.90594 ], [ 30.36723, -0.88173 ], [ 30.36711, -0.83313 ], [ 30.4153, -0.80873 ], [ 30.46361, -0.83293 ], [ 30.46374, -0.88154 ], [ 30.41555, -0.90594 ] ] ] } },
{ "type": "Feature", "properties": { "pop": 28880.0 }, "geometry": { "type": "Polygon", "coordinates": [ [ [ 30.41517, -0.76012 ], [ 30.36685, -0.73591 ], [ 30.36672, -0.6873 ], [ 30.41491, -0.6629 ], [ 30.46322, -0.68711 ], [ 30.46335, -0.73572 ], [ 30.41517, -0.76012 ] ] ] } },
{ "type": "Feature", "properties": { "pop": 36785.0 }, "geometry": { "type": "Polygon", "coordinates": [ [ [ 30.41478, -0.61429 ], [ 30.36647, -0.59008 ], [ 30.36634, -0.54147 ], [ 30.41452, -0.51707 ], [ 30.46284, -0.54128 ], [ 30.46297, -0.58989 ], [ 30.41478, -0.61429 ] ] ] } },
{ "type": "Feature", "properties": { "pop": 27862.0 }, "geometry": { "type": "Polygon", "coordinates": [ [ [ 30.4144, -0.46846 ], [ 30.36609, -0.44425 ], [ 30.36596, -0.39564 ], [ 30.41414, -0.37124 ], [ 30.46245, -0.39544 ], [ 30.46258, -0.44406 ], [ 30.4144, -0.46846 ] ] ] } },
{ "type": "Feature", "properties": { "pop": 23890.0 }, "geometry": { "type": "Polygon", "coordinates": [ [ [ 30.41401, -0.32262 ], [ 30.36571, -0.29841 ], [ 30.36558, -0.24979 ], [ 30.41375, -0.22539 ], [ 30.46206, -0.2496 ], [ 30.46219, -0.29822 ], [ 30.41401, -0.32262 ] ] ] } },
{ "type": "Feature", "properties": { "pop": 36202.0 }, "geometry": { "type": "Polygon", "coordinates": [ [ [ 30.41363, -0.17677 ], [ 30.36532, -0.15256 ], [ 30.3652, -0.10394 ], [ 30.41337, -0.07954 ], [ 30.46167, -0.10375 ], [ 30.4618, -0.15237 ], [ 30.41363, -0.17677 ] ] ] } },
{ "type": "Feature", "properties": { "pop": 29823.0 }, "geometry": { "type": "Polygon", "coordinates": [ [ [ 30.41324, -0.03092 ], [ 30.36494, -0.0067 ], [ 30.36482, 0.04192 ], [ 30.41298, 0.06633 ], [ 30.46128, 0.04211 ], [ 30.46141, -0.00651 ], [ 30.41324, -0.03092 ] ] ] } },
{ "type": "Feature", "properties": { "pop": 24436.0 }, "geometry": { "type": "Polygon", "coordinates": [ [ [ 30.41286, 0.11495 ], [ 30.36456, 0.13917 ], [ 30.36443, 0.18779 ], [ 30.4126, 0.2122 ], [ 30.46089, 0.18799 ], [ 30.46102, 0.13936 ], [ 30.41286, 0.11495 ] ] ] } },
{ "type": "Feature", "properties": { "pop": 17270.0 }, "geometry": { "type": "Polygon", "coordinates": [ [ [ 30.41247, 0.26083 ], [ 30.36418, 0.28505 ], [ 30.36405, 0.33368 ], [ 30.41222, 0.35809 ], [ 30.46051, 0.33387 ], [ 30.46063, 0.28524 ], [ 30.41247, 0.26083 ] ] ] } },
{ "type": "Feature", "properties": { "pop": 6059.0 }, "geometry": { "type": "Polygon", "coordinates": [ [ [ 30.41209, 0.40672 ], [ 30.3638, 0.43094 ], [ 30.36367, 0.47957 ], [ 30.41183, 0.50399 ], [ 30.46012, 0.47977 ], [ 30.46025, 0.43113 ], [ 30.41209, 0.40672 ] ] ] } },
{ "type": "Feature", "properties": { "pop": 9807.0 }, "geometry": { "type": "Polygon", "coordinates": [ [ [ 30.4117, 0.55262 ], [ 30.36342, 0.57685 ], [ 30.36329, 0.62548 ], [ 30.41145, 0.6499 ], [ 30.45973, 0.62568 ], [ 30.45986, 0.57704 ], [ 30.4117, 0.55262 ] ] ] } },
{ "type": "Feature", "properties": { "pop": 19501.0 }, "geometry": { "type": "Polygon", "coordinates": [ [ [ 30.41132, 0.69854 ], [ 30.36304, 0.72277 ], [ 30.36291, 0.77141 ], [ 30.41106, 0.79583 ], [ 30.45934, 0.7716 ], [ 30.45947, 0.72296 ], [ 30.41132, 0.69854 ] ] ] } },
{ "type": "Feature", "properties": { "pop": 5857.0 }, "geometry": { "type": "Polygon", "coordinates": [ [ [ 30.41093, 0.84447 ], [ 30.36266, 0.8687 ], [ 30.36253, 0.91735 ], [ 30.41068, 0.94177 ], [ 30.45895, 0.91754 ], [ 30.45908, 0.86889 ], [ 30.41093, 0.84447 ] ] ] } },
{ "type": "Feature", "properties": { "pop": 426.0 }, "geometry": { "type": "Polygon", "coordinates": [ [ [ 30.41055, 0.99042 ], [ 30.36227, 1.01465 ], [ 30.36215, 1.0633 ], [ 30.41029, 1.08773 ], [ 30.45856, 1.0635 ], [ 30.45869, 1.01485 ], [ 30.41055, 0.99042 ] ] ] } },
{ "type": "Feature", "properties": { "pop": 2166.0 }, "geometry": { "type": "Polygon", "coordinates": [ [ [ 30.41016, 1.13639 ], [ 30.36189, 1.16062 ], [ 30.36177, 1.20928 ], [ 30.40991, 1.23371 ], [ 30.45818, 1.20947 ], [ 30.45831, 1.16081 ], [ 30.41016, 1.13639 ] ] ] } },
{ "type": "Feature", "properties": { "pop": 4584.0 }, "geometry": { "type": "Polygon", "coordinates": [ [ [ 30.46439, -1.12456 ], [ 30.41607, -1.10036 ], [ 30.41594, -1.05175 ], [ 30.46413, -1.02735 ], [ 30.51246, -1.05156 ], [ 30.51259, -1.10016 ], [ 30.46439, -1.12456 ] ] ] } },
{ "type": "Feature", "properties": { "pop": 28446.0 }, "geometry": { "type": "Polygon", "coordinates": [ [ [ 30.464, -0.97875 ], [ 30.41568, -0.95454 ], [ 30.41555, -0.90594 ], [ 30.46374, -0.88154 ], [ 30.51206, -0.90574 ], [ 30.51219, -0.95435 ], [ 30.464, -0.97875 ] ] ] } },
{ "type": "Feature", "properties": { "pop": 15496.0 }, "geometry": { "type": "Polygon", "coordinates": [ [ [ 30.46361, -0.83293 ], [ 30.4153, -0.80873 ], [ 30.41517, -0.76012 ], [ 30.46335, -0.73572 ], [ 30.51167, -0.75992 ], [ 30.5118, -0.80853 ], [ 30.46361, -0.83293 ] ] ] } },
{ "type": "Feature", "properties": { "pop": 22225.0 }, "geometry": { "type": "Polygon", "coordinates": [ [ [ 30.46322, -0.68711 ], [ 30.41491, -0.6629 ], [ 30.41478, -0.61429 ], [ 30.46297, -0.58989 ], [ 30.51128, -0.6141 ], [ 30.51141, -0.66271 ], [ 30.46322, -0.68711 ] ] ] } },
{ "type": "Feature", "properties": { "pop": 19090.0 }, "geometry": { "type": "Polygon", "coordinates": [ [ [ 30.46284, -0.54128 ], [ 30.41452, -0.51707 ], [ 30.4144, -0.46846 ], [ 30.46258, -0.44406 ], [ 30.51089, -0.46827 ], [ 30.51102, -0.51688 ], [ 30.46284, -0.54128 ] ] ] } },
{ "type": "Feature", "properties": { "pop": 26952.0 }, "geometry": { "type": "Polygon", "coordinates": [ [ [ 30.46245, -0.39544 ], [ 30.41414, -0.37124 ], [ 30.41401, -0.32262 ], [ 30.46219, -0.29822 ], [ 30.51049, -0.32243 ], [ 30.51063, -0.37104 ], [ 30.46245, -0.39544 ] ] ] } },
{ "type": "Feature", "properties": { "pop": 22134.0 }, "geometry": { "type": "Polygon", "coordinates": [ [ [ 30.46206, -0.2496 ], [ 30.41375, -0.22539 ], [ 30.41363, -0.17677 ], [ 30.4618, -0.15237 ], [ 30.5101, -0.17658 ], [ 30.51023, -0.22519 ], [ 30.46206, -0.2496 ] ] ] } },
{ "type": "Feature", "properties": { "pop": 25828.0 }, "geometry": { "type": "Polygon", "coordinates": [ [ [ 30.46167, -0.10375 ], [ 30.41337, -0.07954 ], [ 30.41324, -0.03092 ], [ 30.46141, -0.00651 ], [ 30.50971, -0.03072 ], [ 30.50984, -0.07934 ], [ 30.46167, -0.10375 ] ] ] } },
{ "type": "Feature", "properties": { "pop": 25140.0 }, "geometry": { "type": "Polygon", "coordinates": [ [ [ 30.46128, 0.04211 ], [ 30.41298, 0.06633 ], [ 30.41286, 0.11495 ], [ 30.46102, 0.13936 ], [ 30.50932, 0.11515 ], [ 30.50945, 0.06652 ], [ 30.46128, 0.04211 ] ] ] } },
{ "type": "Feature", "properties": { "pop": 19011.0 }, "geometry": { "type": "Polygon", "coordinates": [ [ [ 30.46089, 0.18799 ], [ 30.4126, 0.2122 ], [ 30.41247, 0.26083 ], [ 30.46063, 0.28524 ], [ 30.50893, 0.26103 ], [ 30.50906, 0.2124 ], [ 30.46089, 0.18799 ] ] ] } },
{ "type": "Feature", "properties": { "pop": 19637.0 }, "geometry": { "type": "Polygon", "coordinates": [ [ [ 30.46051, 0.33387 ], [ 30.41222, 0.35809 ], [ 30.41209, 0.40672 ], [ 30.46025, 0.43113 ], [ 30.50854, 0.40692 ], [ 30.50867, 0.35828 ], [ 30.46051, 0.33387 ] ] ] } },
{ "type": "Feature", "properties": { "pop": 6091.0 }, "geometry": { "type": "Polygon", "coordinates": [ [ [ 30.46012, 0.47977 ], [ 30.41183, 0.50399 ], [ 30.4117, 0.55262 ], [ 30.45986, 0.57704 ], [ 30.50814, 0.55282 ], [ 30.50827, 0.50418 ], [ 30.46012, 0.47977 ] ] ] } },
{ "type": "Feature", "properties": { "pop": 23466.0 }, "geometry": { "type": "Polygon", "coordinates": [ [ [ 30.45973, 0.62568 ], [ 30.41145, 0.6499 ], [ 30.41132, 0.69854 ], [ 30.45947, 0.72296 ], [ 30.50775, 0.69874 ], [ 30.50788, 0.6501 ], [ 30.45973, 0.62568 ] ] ] } },
{ "type": "Feature", "properties": { "pop": 13455.0 }, "geometry": { "type": "Polygon", "coordinates": [ [ [ 30.45934, 0.7716 ], [ 30.41106, 0.79583 ], [ 30.41093, 0.84447 ], [ 30.45908, 0.86889 ], [ 30.50736, 0.84467 ], [ 30.50749, 0.79602 ], [ 30.45934, 0.7716 ] ] ] } },
{ "type": "Feature", "properties": { "pop": 711.0 }, "geometry": { "type": "Polygon", "coordinates": [ [ [ 30.45895, 0.91754 ], [ 30.41068, 0.94177 ], [ 30.41055, 0.99042 ], [ 30.45869, 1.01485 ], [ 30.50697, 0.99062 ], [ 30.5071, 0.94197 ], [ 30.45895, 0.91754 ] ] ] } },
{ "type": "Feature", "properties": { "pop": 6496.0 }, "geometry": { "type": "Polygon", "coordinates": [ [ [ 30.45856, 1.0635 ], [ 30.41029, 1.08773 ], [ 30.41016, 1.13639 ], [ 30.45831, 1.16081 ], [ 30.50658, 1.13658 ], [ 30.50671, 1.08792 ], [ 30.45856, 1.0635 ] ] ] } },
{ "type": "Feature", "properties": { "pop": 47.0 }, "geometry": { "type": "Polygon", "coordinates": [ [ [ 30.45818, 1.20947 ], [ 30.40991, 1.23371 ], [ 30.40978, 1.28237 ], [ 30.45792, 1.3068 ], [ 30.50619, 1.28256 ], [ 30.50632, 1.2339 ], [ 30.45818, 1.20947 ] ] ] } },
{ "type": "Feature", "properties": { "pop": 15573.0 }, "geometry": { "type": "Polygon", "coordinates": [ [ [ 30.51246, -1.05156 ], [ 30.46413, -1.02735 ], [ 30.464, -0.97875 ], [ 30.51219, -0.95435 ], [ 30.56052, -0.97855 ], [ 30.56065, -1.02716 ], [ 30.51246, -1.05156 ] ] ] } },
{ "type": "Feature", "properties": { "pop": 21238.0 }, "geometry": { "type": "Polygon", "coordinates": [ [ [ 30.51206, -0.90574 ], [ 30.46374, -0.88154 ], [ 30.46361, -0.83293 ], [ 30.5118, -0.80853 ], [ 30.56012, -0.83273 ], [ 30.56025, -0.88134 ], [ 30.51206, -0.90574 ] ] ] } },
{ "type": "Feature", "properties": { "pop": 20741.0 }, "geometry": { "type": "Polygon", "coordinates": [ [ [ 30.51167, -0.75992 ], [ 30.46335, -0.73572 ], [ 30.46322, -0.68711 ], [ 30.51141, -0.66271 ], [ 30.55972, -0.68691 ], [ 30.55986, -0.73552 ], [ 30.51167, -0.75992 ] ] ] } },
{ "type": "Feature", "properties": { "pop": 12592.0 }, "geometry": { "type": "Polygon", "coordinates": [ [ [ 30.51128, -0.6141 ], [ 30.46297, -0.58989 ], [ 30.46284, -0.54128 ], [ 30.51102, -0.51688 ], [ 30.55933, -0.54108 ], [ 30.55946, -0.58969 ], [ 30.51128, -0.6141 ] ] ] } },
{ "type": "Feature", "properties": { "pop": 25327.0 }, "geometry": { "type": "Polygon", "coordinates": [ [ [ 30.51089, -0.46827 ], [ 30.46258, -0.44406 ], [ 30.46245, -0.39544 ], [ 30.51063, -0.37104 ], [ 30.55893, -0.39525 ], [ 30.55907, -0.44386 ], [ 30.51089, -0.46827 ] ] ] } },
{ "type": "Feature", "properties": { "pop": 23814.0 }, "geometry": { "type": "Polygon", "coordinates": [ [ [ 30.51049, -0.32243 ], [ 30.46219, -0.29822 ], [ 30.46206, -0.2496 ], [ 30.51023, -0.22519 ], [ 30.55854, -0.2494 ], [ 30.55867, -0.29802 ], [ 30.51049, -0.32243 ] ] ] } },
{ "type": "Feature", "properties": { "pop": 39955.0 }, "geometry": { "type": "Polygon", "coordinates": [ [ [ 30.5101, -0.17658 ], [ 30.4618, -0.15237 ], [ 30.46167, -0.10375 ], [ 30.50984, -0.07934 ], [ 30.55814, -0.10355 ], [ 30.55828, -0.15217 ], [ 30.5101, -0.17658 ] ] ] } },
{ "type": "Feature", "properties": { "pop": 27621.0 }, "geometry": { "type": "Polygon", "coordinates": [ [ [ 30.50971, -0.03072 ], [ 30.46141, -0.00651 ], [ 30.46128, 0.04211 ], [ 30.50945, 0.06652 ], [ 30.55775, 0.04231 ], [ 30.55788, -0.00631 ], [ 30.50971, -0.03072 ] ] ] } },
{ "type": "Feature", "properties": { "pop": 21928.0 }, "geometry": { "type": "Polygon", "coordinates": [ [ [ 30.50932, 0.11515 ], [ 30.46102, 0.13936 ], [ 30.46089, 0.18799 ], [ 30.50906, 0.2124 ], [ 30.55735, 0.18818 ], [ 30.55748, 0.13956 ], [ 30.50932, 0.11515 ] ] ] } },
{ "type": "Feature", "properties": { "pop": 18292.0 }, "geometry": { "type": "Polygon", "coordinates": [ [ [ 30.50893, 0.26103 ], [ 30.46063, 0.28524 ], [ 30.46051, 0.33387 ], [ 30.50867, 0.35828 ], [ 30.55696, 0.33407 ], [ 30.55709, 0.28544 ], [ 30.50893, 0.26103 ] ] ] } },
{ "type": "Feature", "properties": { "pop": 8376.0 }, "geometry": { "type": "Polygon", "coordinates": [ [ [ 30.50854, 0.40692 ], [ 30.46025, 0.43113 ], [ 30.46012, 0.47977 ], [ 30.50827, 0.50418 ], [ 30.55656, 0.47997 ], [ 30.55669, 0.43133 ], [ 30.50854, 0.40692 ] ] ] } },
{ "type": "Feature", "properties": { "pop": 25041.0 }, "geometry": { "type": "Polygon", "coordinates": [ [ [ 30.50814, 0.55282 ], [ 30.45986, 0.57704 ], [ 30.45973, 0.62568 ], [ 30.50788, 0.6501 ], [ 30.55617, 0.62588 ], [ 30.5563, 0.57724 ], [ 30.50814, 0.55282 ] ] ] } },
{ "type": "Feature", "properties": { "pop": 16287.0 }, "geometry": { "type": "Polygon", "coordinates": [ [ [ 30.50775, 0.69874 ], [ 30.45947, 0.72296 ], [ 30.45934, 0.7716 ], [ 30.50749, 0.79602 ], [ 30.55577, 0.7718 ], [ 30.5559, 0.72316 ], [ 30.50775, 0.69874 ] ] ] } },
{ "type": "Feature", "properties": { "pop": 18565.0 }, "geometry": { "type": "Polygon", "coordinates": [ [ [ 30.50736, 0.84467 ], [ 30.45908, 0.86889 ], [ 30.45895, 0.91754 ], [ 30.5071, 0.94197 ], [ 30.55538, 0.91774 ], [ 30.55551, 0.86909 ], [ 30.50736, 0.84467 ] ] ] } },
{ "type": "Feature", "properties": { "pop": 13306.0 }, "geometry": { "type": "Polygon", "coordinates": [ [ [ 30.50697, 0.99062 ], [ 30.45869, 1.01485 ], [ 30.45856, 1.0635 ], [ 30.50671, 1.08792 ], [ 30.55498, 1.0637 ], [ 30.55511, 1.01504 ], [ 30.50697, 0.99062 ] ] ] } },
{ "type": "Feature", "properties": { "pop": 1212.0 }, "geometry": { "type": "Polygon", "coordinates": [ [ [ 30.50658, 1.13658 ], [ 30.45831, 1.16081 ], [ 30.45818, 1.20947 ], [ 30.50632, 1.2339 ], [ 30.55459, 1.20967 ], [ 30.55472, 1.16101 ], [ 30.50658, 1.13658 ] ] ] } },
{ "type": "Feature", "properties": { "pop": 1948.0 }, "geometry": { "type": "Polygon", "coordinates": [ [ [ 30.56091, -1.12437 ], [ 30.51259, -1.10016 ], [ 30.51246, -1.05156 ], [ 30.56065, -1.02716 ], [ 30.60897, -1.05136 ], [ 30.60911, -1.09996 ], [ 30.56091, -1.12437 ] ] ] } },
{ "type": "Feature", "properties": { "pop": 20836.0 }, "geometry": { "type": "Polygon", "coordinates": [ [ [ 30.56052, -0.97855 ], [ 30.51219, -0.95435 ], [ 30.51206, -0.90574 ], [ 30.56025, -0.88134 ], [ 30.60857, -0.90554 ], [ 30.60871, -0.95415 ], [ 30.56052, -0.97855 ] ] ] } },
{ "type": "Feature", "properties": { "pop": 24125.0 }, "geometry": { "type": "Polygon", "coordinates": [ [ [ 30.56012, -0.83273 ], [ 30.5118, -0.80853 ], [ 30.51167, -0.75992 ], [ 30.55986, -0.73552 ], [ 30.60817, -0.75972 ], [ 30.60831, -0.80833 ], [ 30.56012, -0.83273 ] ] ] } },
{ "type": "Feature", "properties": { "pop": 24956.0 }, "geometry": { "type": "Polygon", "coordinates": [ [ [ 30.55972, -0.68691 ], [ 30.51141, -0.66271 ], [ 30.51128, -0.6141 ], [ 30.55946, -0.58969 ], [ 30.60778, -0.6139 ], [ 30.60791, -0.66251 ], [ 30.55972, -0.68691 ] ] ] } },
{ "type": "Feature", "properties": { "pop": 14532.0 }, "geometry": { "type": "Polygon", "coordinates": [ [ [ 30.55933, -0.54108 ], [ 30.51102, -0.51688 ], [ 30.51089, -0.46827 ], [ 30.55907, -0.44386 ], [ 30.60738, -0.46807 ], [ 30.60751, -0.51668 ], [ 30.55933, -0.54108 ] ] ] } },
{ "type": "Feature", "properties": { "pop": 34123.0 }, "geometry": { "type": "Polygon", "coordinates": [ [ [ 30.55893, -0.39525 ], [ 30.51063, -0.37104 ], [ 30.51049, -0.32243 ], [ 30.55867, -0.29802 ], [ 30.60698, -0.32223 ], [ 30.60711, -0.37084 ], [ 30.55893, -0.39525 ] ] ] } },
{ "type": "Feature", "properties": { "pop": 27946.0 }, "geometry": { "type": "Polygon", "coordinates": [ [ [ 30.55854, -0.2494 ], [ 30.51023, -0.22519 ], [ 30.5101, -0.17658 ], [ 30.55828, -0.15217 ], [ 30.60658, -0.17638 ], [ 30.60671, -0.225 ], [ 30.55854, -0.2494 ] ] ] } },
{ "type": "Feature", "properties": { "pop": 17427.0 }, "geometry": { "type": "Polygon", "coordinates": [ [ [ 30.55814, -0.10355 ], [ 30.50984, -0.07934 ], [ 30.50971, -0.03072 ], [ 30.55788, -0.00631 ], [ 30.60618, -0.03052 ], [ 30.60631, -0.07914 ], [ 30.55814, -0.10355 ] ] ] } },
{ "type": "Feature", "properties": { "pop": 18366.0 }, "geometry": { "type": "Polygon", "coordinates": [ [ [ 30.55775, 0.04231 ], [ 30.50945, 0.06652 ], [ 30.50932, 0.11515 ], [ 30.55748, 0.13956 ], [ 30.60578, 0.11535 ], [ 30.60591, 0.06672 ], [ 30.55775, 0.04231 ] ] ] } },
{ "type": "Feature", "properties": { "pop": 15971.0 }, "geometry": { "type": "Polygon", "coordinates": [ [ [ 30.55735, 0.18818 ], [ 30.50906, 0.2124 ], [ 30.50893, 0.26103 ], [ 30.55709, 0.28544 ], [ 30.60538, 0.26122 ], [ 30.60552, 0.2126 ], [ 30.55735, 0.18818 ] ] ] } },
{ "type": "Feature", "properties": { "pop": 18705.0 }, "geometry": { "type": "Polygon", "coordinates": [ [ [ 30.55696, 0.33407 ], [ 30.50867, 0.35828 ], [ 30.50854, 0.40692 ], [ 30.55669, 0.43133 ], [ 30.60498, 0.40712 ], [ 30.60512, 0.35848 ], [ 30.55696, 0.33407 ] ] ] } },
{ "type": "Feature", "properties": { "pop": 15269.0 }, "geometry": { "type": "Polygon", "coordinates": [ [ [ 30.55656, 0.47997 ], [ 30.50827, 0.50418 ], [ 30.50814, 0.55282 ], [ 30.5563, 0.57724 ], [ 30.60459, 0.55302 ], [ 30.60472, 0.50438 ], [ 30.55656, 0.47997 ] ] ] } },
{ "type": "Feature", "properties": { "pop": 24195.0 }, "geometry": { "type": "Polygon", "coordinates": [ [ [ 30.55617, 0.62588 ], [ 30.50788, 0.6501 ], [ 30.50775, 0.69874 ], [ 30.5559, 0.72316 ], [ 30.60419, 0.69894 ], [ 30.60432, 0.6503 ], [ 30.55617, 0.62588 ] ] ] } },
{ "type": "Feature", "properties": { "pop": 23379.0 }, "geometry": { "type": "Polygon", "coordinates": [ [ [ 30.55577, 0.7718 ], [ 30.50749, 0.79602 ], [ 30.50736, 0.84467 ], [ 30.55551, 0.86909 ], [ 30.60379, 0.84487 ], [ 30.60392, 0.79622 ], [ 30.55577, 0.7718 ] ] ] } },
{ "type": "Feature", "properties": { "pop": 22663.0 }, "geometry": { "type": "Polygon", "coordinates": [ [ [ 30.55538, 0.91774 ], [ 30.5071, 0.94197 ], [ 30.50697, 0.99062 ], [ 30.55511, 1.01504 ], [ 30.60339, 0.99082 ], [ 30.60352, 0.94217 ], [ 30.55538, 0.91774 ] ] ] } },
{ "type": "Feature", "properties": { "pop": 172.0 }, "geometry": { "type": "Polygon", "coordinates": [ [ [ 30.55498, 1.0637 ], [ 30.50671, 1.08792 ], [ 30.50658, 1.13658 ], [ 30.55472, 1.16101 ], [ 30.60299, 1.13678 ], [ 30.60313, 1.08812 ], [ 30.55498, 1.0637 ] ] ] } },
{ "type": "Feature", "properties": { "pop": 29088.0 }, "geometry": { "type": "Polygon", "coordinates": [ [ [ 30.60897, -1.05136 ], [ 30.56065, -1.02716 ], [ 30.56052, -0.97855 ], [ 30.60871, -0.95415 ], [ 30.65703, -0.97835 ], [ 30.65716, -1.02696 ], [ 30.60897, -1.05136 ] ] ] } },
{ "type": "Feature", "properties": { "pop": 21614.0 }, "geometry": { "type": "Polygon", "coordinates": [ [ [ 30.60857, -0.90554 ], [ 30.56025, -0.88134 ], [ 30.56012, -0.83273 ], [ 30.60831, -0.80833 ], [ 30.65663, -0.83253 ], [ 30.65676, -0.88114 ], [ 30.60857, -0.90554 ] ] ] } },
{ "type": "Feature", "properties": { "pop": 25922.0 }, "geometry": { "type": "Polygon", "coordinates": [ [ [ 30.60817, -0.75972 ], [ 30.55986, -0.73552 ], [ 30.55972, -0.68691 ], [ 30.60791, -0.66251 ], [ 30.65623, -0.68671 ], [ 30.65636, -0.73532 ], [ 30.60817, -0.75972 ] ] ] } },
{ "type": "Feature", "properties": { "pop": 18281.0 }, "geometry": { "type": "Polygon", "coordinates": [ [ [ 30.60778, -0.6139 ], [ 30.55946, -0.58969 ], [ 30.55933, -0.54108 ], [ 30.60751, -0.51668 ], [ 30.65582, -0.54088 ], [ 30.65596, -0.58949 ], [ 30.60778, -0.6139 ] ] ] } },
{ "type": "Feature", "properties": { "pop": 20573.0 }, "geometry": { "type": "Polygon", "coordinates": [ [ [ 30.60738, -0.46807 ], [ 30.55907, -0.44386 ], [ 30.55893, -0.39525 ], [ 30.60711, -0.37084 ], [ 30.65542, -0.39505 ], [ 30.65555, -0.44366 ], [ 30.60738, -0.46807 ] ] ] } },
{ "type": "Feature", "properties": { "pop": 24711.0 }, "geometry": { "type": "Polygon", "coordinates": [ [ [ 30.60698, -0.32223 ], [ 30.55867, -0.29802 ], [ 30.55854, -0.2494 ], [ 30.60671, -0.225 ], [ 30.65502, -0.2492 ], [ 30.65515, -0.29782 ], [ 30.60698, -0.32223 ] ] ] } },
{ "type": "Feature", "properties": { "pop": 26969.0 }, "geometry": { "type": "Polygon", "coordinates": [ [ [ 30.60658, -0.17638 ], [ 30.55828, -0.15217 ], [ 30.55814, -0.10355 ], [ 30.60631, -0.07914 ], [ 30.65462, -0.10335 ], [ 30.65475, -0.15197 ], [ 30.60658, -0.17638 ] ] ] } },
{ "type": "Feature", "properties": { "pop": 16379.0 }, "geometry": { "type": "Polygon", "coordinates": [ [ [ 30.60618, -0.03052 ], [ 30.55788, -0.00631 ], [ 30.55775, 0.04231 ], [ 30.60591, 0.06672 ], [ 30.65421, 0.04251 ], [ 30.65435, -0.00611 ], [ 30.60618, -0.03052 ] ] ] } },
{ "type": "Feature", "properties": { "pop": 14842.0 }, "geometry": { "type": "Polygon", "coordinates": [ [ [ 30.60578, 0.11535 ], [ 30.55748, 0.13956 ], [ 30.55735, 0.18818 ], [ 30.60552, 0.2126 ], [ 30.65381, 0.18839 ], [ 30.65395, 0.13976 ], [ 30.60578, 0.11535 ] ] ] } },
{ "type": "Feature", "properties": { "pop": 20674.0 }, "geometry": { "type": "Polygon", "coordinates": [ [ [ 30.60538, 0.26122 ], [ 30.55709, 0.28544 ], [ 30.55696, 0.33407 ], [ 30.60512, 0.35848 ], [ 30.65341, 0.33427 ], [ 30.65354, 0.28564 ], [ 30.60538, 0.26122 ] ] ] } },
{ "type": "Feature", "properties": { "pop": 15302.0 }, "geometry": { "type": "Polygon", "coordinates": [ [ [ 30.60498, 0.40712 ], [ 30.55669, 0.43133 ], [ 30.55656, 0.47997 ], [ 30.60472, 0.50438 ], [ 30.65301, 0.48017 ], [ 30.65314, 0.43153 ], [ 30.60498, 0.40712 ] ] ] } },
{ "type": "Feature", "properties": { "pop": 29950.0 }, "geometry": { "type": "Polygon", "coordinates": [ [ [ 30.60459, 0.55302 ], [ 30.5563, 0.57724 ], [ 30.55617, 0.62588 ], [ 30.60432, 0.6503 ], [ 30.65261, 0.62608 ], [ 30.65274, 0.57744 ], [ 30.60459, 0.55302 ] ] ] } },
{ "type": "Feature", "properties": { "pop": 17705.0 }, "geometry": { "type": "Polygon", "coordinates": [ [ [ 30.60419, 0.69894 ], [ 30.5559, 0.72316 ], [ 30.55577, 0.7718 ], [ 30.60392, 0.79622 ], [ 30.6522, 0.772 ], [ 30.65234, 0.72336 ], [ 30.60419, 0.69894 ] ] ] } },
{ "type": "Feature", "properties": { "pop": 19744.0 }, "geometry": { "type": "Polygon", "coordinates": [ [ [ 30.60379, 0.84487 ], [ 30.55551, 0.86909 ], [ 30.55538, 0.91774 ], [ 30.60352, 0.94217 ], [ 30.6518, 0.91794 ], [ 30.65194, 0.86929 ], [ 30.60379, 0.84487 ] ] ] } },
{ "type": "Feature", "properties": { "pop": 14467.0 }, "geometry": { "type": "Polygon", "coordinates": [ [ [ 30.60339, 0.99082 ], [ 30.55511, 1.01504 ], [ 30.55498, 1.0637 ], [ 30.60313, 1.08812 ], [ 30.6514, 1.0639 ], [ 30.65154, 1.01524 ], [ 30.60339, 0.99082 ] ] ] } },
{ "type": "Feature", "properties": { "pop": 8379.0 }, "geometry": { "type": "Polygon", "coordinates": [ [ [ 30.65743, -1.12417 ], [ 30.60911, -1.09996 ], [ 30.60897, -1.05136 ], [ 30.65716, -1.02696 ], [ 30.70549, -1.05116 ], [ 30.70563, -1.09976 ], [ 30.65743, -1.12417 ] ] ] } },
{ "type": "Feature", "properties": { "pop": 47588.0 }, "geometry": { "type": "Polygon", "coordinates": [ [ [ 30.65703, -0.97835 ], [ 30.60871, -0.95415 ], [ 30.60857, -0.90554 ], [ 30.65676, -0.88114 ], [ 30.70508, -0.90534 ], [ 30.70522, -0.95395 ], [ 30.65703, -0.97835 ] ] ] } },
{ "type": "Feature", "properties": { "pop": 26381.0 }, "geometry": { "type": "Polygon", "coordinates": [ [ [ 30.65663, -0.83253 ], [ 30.60831, -0.80833 ], [ 30.60817, -0.75972 ], [ 30.65636, -0.73532 ], [ 30.70468, -0.75952 ], [ 30.70481, -0.80813 ], [ 30.65663, -0.83253 ] ] ] } },
{ "type": "Feature", "properties": { "pop": 125509.0 }, "geometry": { "type": "Polygon", "coordinates": [ [ [ 30.65623, -0.68671 ], [ 30.60791, -0.66251 ], [ 30.60778, -0.6139 ], [ 30.65596, -0.58949 ], [ 30.70427, -0.6137 ], [ 30.70441, -0.6623 ], [ 30.65623, -0.68671 ] ] ] } },
{ "type": "Feature", "properties": { "pop": 12720.0 }, "geometry": { "type": "Polygon", "coordinates": [ [ [ 30.65582, -0.54088 ], [ 30.60751, -0.51668 ], [ 30.60738, -0.46807 ], [ 30.65555, -0.44366 ], [ 30.70387, -0.46786 ], [ 30.704, -0.51647 ], [ 30.65582, -0.54088 ] ] ] } },
{ "type": "Feature", "properties": { "pop": 15172.0 }, "geometry": { "type": "Polygon", "coordinates": [ [ [ 30.65542, -0.39505 ], [ 30.60711, -0.37084 ], [ 30.60698, -0.32223 ], [ 30.65515, -0.29782 ], [ 30.70346, -0.32202 ], [ 30.7036, -0.37064 ], [ 30.65542, -0.39505 ] ] ] } },
{ "type": "Feature", "properties": { "pop": 17657.0 }, "geometry": { "type": "Polygon", "coordinates": [ [ [ 30.65502, -0.2492 ], [ 30.60671, -0.225 ], [ 30.60658, -0.17638 ], [ 30.65475, -0.15197 ], [ 30.70306, -0.17618 ], [ 30.70319, -0.22479 ], [ 30.65502, -0.2492 ] ] ] } },
{ "type": "Feature", "properties": { "pop": 16024.0 }, "geometry": { "type": "Polygon", "coordinates": [ [ [ 30.65462, -0.10335 ], [ 30.60631, -0.07914 ], [ 30.60618, -0.03052 ], [ 30.65435, -0.00611 ], [ 30.70265, -0.03032 ], [ 30.70279, -0.07894 ], [ 30.65462, -0.10335 ] ] ] } },
{ "type": "Feature", "properties": { "pop": 14904.0 }, "geometry": { "type": "Polygon", "coordinates": [ [ [ 30.65421, 0.04251 ], [ 30.60591, 0.06672 ], [ 30.60578, 0.11535 ], [ 30.65395, 0.13976 ], [ 30.70224, 0.11555 ], [ 30.70238, 0.06693 ], [ 30.65421, 0.04251 ] ] ] } },
{ "type": "Feature", "properties": { "pop": 15735.0 }, "geometry": { "type": "Polygon", "coordinates": [ [ [ 30.65381, 0.18839 ], [ 30.60552, 0.2126 ], [ 30.60538, 0.26122 ], [ 30.65354, 0.28564 ], [ 30.70184, 0.26143 ], [ 30.70197, 0.2128 ], [ 30.65381, 0.18839 ] ] ] } },
{ "type": "Feature", "properties": { "pop": 26595.0 }, "geometry": { "type": "Polygon", "coordinates": [ [ [ 30.65341, 0.33427 ], [ 30.60512, 0.35848 ], [ 30.60498, 0.40712 ], [ 30.65314, 0.43153 ], [ 30.70143, 0.40732 ], [ 30.70157, 0.35869 ], [ 30.65341, 0.33427 ] ] ] } },
{ "type": "Feature", "properties": { "pop": 12464.0 }, "geometry": { "type": "Polygon", "coordinates": [ [ [ 30.65301, 0.48017 ], [ 30.60472, 0.50438 ], [ 30.60459, 0.55302 ], [ 30.65274, 0.57744 ], [ 30.70103, 0.55322 ], [ 30.70116, 0.50459 ], [ 30.65301, 0.48017 ] ] ] } },
{ "type": "Feature", "properties": { "pop": 20776.0 }, "geometry": { "type": "Polygon", "coordinates": [ [ [ 30.65261, 0.62608 ], [ 30.60432, 0.6503 ], [ 30.60419, 0.69894 ], [ 30.65234, 0.72336 ], [ 30.70062, 0.69914 ], [ 30.70076, 0.6505 ], [ 30.65261, 0.62608 ] ] ] } },
{ "type": "Feature", "properties": { "pop": 16768.0 }, "geometry": { "type": "Polygon", "coordinates": [ [ [ 30.6522, 0.772 ], [ 30.60392, 0.79622 ], [ 30.60379, 0.84487 ], [ 30.65194, 0.86929 ], [ 30.70022, 0.84507 ], [ 30.70035, 0.79643 ], [ 30.6522, 0.772 ] ] ] } },
{ "type": "Feature", "properties": { "pop": 35637.0 }, "geometry": { "type": "Polygon", "coordinates": [ [ [ 30.6518, 0.91794 ], [ 30.60352, 0.94217 ], [ 30.60339, 0.99082 ], [ 30.65154, 1.01524 ], [ 30.69981, 0.99102 ], [ 30.69995, 0.94237 ], [ 30.6518, 0.91794 ] ] ] } },
{ "type": "Feature", "properties": { "pop": 9206.0 }, "geometry": { "type": "Polygon", "coordinates": [ [ [ 30.6514, 1.0639 ], [ 30.60313, 1.08812 ], [ 30.60299, 1.13678 ], [ 30.65113, 1.16121 ], [ 30.69941, 1.13698 ], [ 30.69954, 1.08833 ], [ 30.6514, 1.0639 ] ] ] } },
{ "type": "Feature", "properties": { "pop": 21500.0 }, "geometry": { "type": "Polygon", "coordinates": [ [ [ 30.70549, -1.05116 ], [ 30.65716, -1.02696 ], [ 30.65703, -0.97835 ], [ 30.70522, -0.95395 ], [ 30.75354, -0.97815 ], [ 30.75368, -1.02675 ], [ 30.70549, -1.05116 ] ] ] } },
{ "type": "Feature", "properties": { "pop": 32179.0 }, "geometry": { "type": "Polygon", "coordinates": [ [ [ 30.70508, -0.90534 ], [ 30.65676, -0.88114 ], [ 30.65663, -0.83253 ], [ 30.70481, -0.80813 ], [ 30.75313, -0.83233 ], [ 30.75327, -0.88094 ], [ 30.70508, -0.90534 ] ] ] } },
{ "type": "Feature", "properties": { "pop": 26696.0 }, "geometry": { "type": "Polygon", "coordinates": [ [ [ 30.70468, -0.75952 ], [ 30.65636, -0.73532 ], [ 30.65623, -0.68671 ], [ 30.70441, -0.6623 ], [ 30.75273, -0.68651 ], [ 30.75286, -0.73511 ], [ 30.70468, -0.75952 ] ] ] } },
{ "type": "Feature", "properties": { "pop": 43647.0 }, "geometry": { "type": "Polygon", "coordinates": [ [ [ 30.70427, -0.6137 ], [ 30.65596, -0.58949 ], [ 30.65582, -0.54088 ], [ 30.704, -0.51647 ], [ 30.75232, -0.54068 ], [ 30.75245, -0.58929 ], [ 30.70427, -0.6137 ] ] ] } },
{ "type": "Feature", "properties": { "pop": 8363.0 }, "geometry": { "type": "Polygon", "coordinates": [ [ [ 30.70387, -0.46786 ], [ 30.65555, -0.44366 ], [ 30.65542, -0.39505 ], [ 30.7036, -0.37064 ], [ 30.75191, -0.39484 ], [ 30.75204, -0.44345 ], [ 30.70387, -0.46786 ] ] ] } },
{ "type": "Feature", "properties": { "pop": 15369.0 }, "geometry": { "type": "Polygon", "coordinates": [ [ [ 30.70346, -0.32202 ], [ 30.65515, -0.29782 ], [ 30.65502, -0.2492 ], [ 30.70319, -0.22479 ], [ 30.7515, -0.249 ], [ 30.75163, -0.29761 ], [ 30.70346, -0.32202 ] ] ] } },
{ "type": "Feature", "properties": { "pop": 12897.0 }, "geometry": { "type": "Polygon", "coordinates": [ [ [ 30.70306, -0.17618 ], [ 30.65475, -0.15197 ], [ 30.65462, -0.10335 ], [ 30.70279, -0.07894 ], [ 30.75109, -0.10315 ], [ 30.75123, -0.15176 ], [ 30.70306, -0.17618 ] ] ] } },
{ "type": "Feature", "properties": { "pop": 11913.0 }, "geometry": { "type": "Polygon", "coordinates": [ [ [ 30.70265, -0.03032 ], [ 30.65435, -0.00611 ], [ 30.65421, 0.04251 ], [ 30.70238, 0.06693 ], [ 30.75068, 0.04272 ], [ 30.75082, -0.00591 ], [ 30.70265, -0.03032 ] ] ] } },
{ "type": "Feature", "properties": { "pop": 10553.0 }, "geometry": { "type": "Polygon", "coordinates": [ [ [ 30.70224, 0.11555 ], [ 30.65395, 0.13976 ], [ 30.65381, 0.18839 ], [ 30.70197, 0.2128 ], [ 30.75027, 0.18859 ], [ 30.75041, 0.13996 ], [ 30.70224, 0.11555 ] ] ] } },
{ "type": "Feature", "properties": { "pop": 27550.0 }, "geometry": { "type": "Polygon", "coordinates": [ [ [ 30.70184, 0.26143 ], [ 30.65354, 0.28564 ], [ 30.65341, 0.33427 ], [ 30.70157, 0.35869 ], [ 30.74986, 0.33447 ], [ 30.75, 0.28584 ], [ 30.70184, 0.26143 ] ] ] } },
{ "type": "Feature", "properties": { "pop": 21287.0 }, "geometry": { "type": "Polygon", "coordinates": [ [ [ 30.70143, 0.40732 ], [ 30.65314, 0.43153 ], [ 30.65301, 0.48017 ], [ 30.70116, 0.50459 ], [ 30.74945, 0.48037 ], [ 30.74959, 0.43174 ], [ 30.70143, 0.40732 ] ] ] } },
{ "type": "Feature", "properties": { "pop": 16632.0 }, "geometry": { "type": "Polygon", "coordinates": [ [ [ 30.70103, 0.55322 ], [ 30.65274, 0.57744 ], [ 30.65261, 0.62608 ], [ 30.70076, 0.6505 ], [ 30.74905, 0.62628 ], [ 30.74918, 0.57764 ], [ 30.70103, 0.55322 ] ] ] } },
{ "type": "Feature", "properties": { "pop": 24890.0 }, "geometry": { "type": "Polygon", "coordinates": [ [ [ 30.70062, 0.69914 ], [ 30.65234, 0.72336 ], [ 30.6522, 0.772 ], [ 30.70035, 0.79643 ], [ 30.74864, 0.77221 ], [ 30.74877, 0.72356 ], [ 30.70062, 0.69914 ] ] ] } },
{ "type": "Feature", "properties": { "pop": 31338.0 }, "geometry": { "type": "Polygon", "coordinates": [ [ [ 30.70022, 0.84507 ], [ 30.65194, 0.86929 ], [ 30.6518, 0.91794 ], [ 30.69995, 0.94237 ], [ 30.74823, 0.91815 ], [ 30.74836, 0.8695 ], [ 30.70022, 0.84507 ] ] ] } },
{ "type": "Feature", "properties": { "pop": 36213.0 }, "geometry": { "type": "Polygon", "coordinates": [ [ [ 30.69981, 0.99102 ], [ 30.65154, 1.01524 ], [ 30.6514, 1.0639 ], [ 30.69954, 1.08833 ], [ 30.74782, 1.0641 ], [ 30.74796, 1.01545 ], [ 30.69981, 0.99102 ] ] ] } },
{ "type": "Feature", "properties": { "pop": 4703.0 }, "geometry": { "type": "Polygon", "coordinates": [ [ [ 30.69941, 1.13698 ], [ 30.65113, 1.16121 ], [ 30.651, 1.20987 ], [ 30.69914, 1.2343 ], [ 30.74741, 1.21008 ], [ 30.74755, 1.16142 ], [ 30.69941, 1.13698 ] ] ] } },
{ "type": "Feature", "properties": { "pop": 51.0 }, "geometry": { "type": "Polygon", "coordinates": [ [ [ 30.69576, 2.45157 ], [ 30.64752, 2.47583 ], [ 30.64739, 2.52455 ], [ 30.69549, 2.54902 ], [ 30.74374, 2.52476 ], [ 30.74387, 2.47603 ], [ 30.69576, 2.45157 ] ] ] } },
{ "type": "Feature", "properties": { "pop": 17368.0 }, "geometry": { "type": "Polygon", "coordinates": [ [ [ 30.75354, -0.97815 ], [ 30.70522, -0.95395 ], [ 30.70508, -0.90534 ], [ 30.75327, -0.88094 ], [ 30.80159, -0.90514 ], [ 30.80173, -0.95374 ], [ 30.75354, -0.97815 ] ] ] } },
{ "type": "Feature", "properties": { "pop": 29891.0 }, "geometry": { "type": "Polygon", "coordinates": [ [ [ 30.75313, -0.83233 ], [ 30.70481, -0.80813 ], [ 30.70468, -0.75952 ], [ 30.75286, -0.73511 ], [ 30.80118, -0.75932 ], [ 30.80132, -0.80792 ], [ 30.75313, -0.83233 ] ] ] } },
{ "type": "Feature", "properties": { "pop": 11906.0 }, "geometry": { "type": "Polygon", "coordinates": [ [ [ 30.75273, -0.68651 ], [ 30.70441, -0.6623 ], [ 30.70427, -0.6137 ], [ 30.75245, -0.58929 ], [ 30.80077, -0.61349 ], [ 30.80091, -0.6621 ], [ 30.75273, -0.68651 ] ] ] } },
{ "type": "Feature", "properties": { "pop": 14765.0 }, "geometry": { "type": "Polygon", "coordinates": [ [ [ 30.75232, -0.54068 ], [ 30.704, -0.51647 ], [ 30.70387, -0.46786 ], [ 30.75204, -0.44345 ], [ 30.80036, -0.46766 ], [ 30.80049, -0.51627 ], [ 30.75232, -0.54068 ] ] ] } },
{ "type": "Feature", "properties": { "pop": 6215.0 }, "geometry": { "type": "Polygon", "coordinates": [ [ [ 30.75191, -0.39484 ], [ 30.7036, -0.37064 ], [ 30.70346, -0.32202 ], [ 30.75163, -0.29761 ], [ 30.79994, -0.32182 ], [ 30.80008, -0.37043 ], [ 30.75191, -0.39484 ] ] ] } },
{ "type": "Feature", "properties": { "pop": 9039.0 }, "geometry": { "type": "Polygon", "coordinates": [ [ [ 30.7515, -0.249 ], [ 30.70319, -0.22479 ], [ 30.70306, -0.17618 ], [ 30.75123, -0.15176 ], [ 30.79953, -0.17597 ], [ 30.79967, -0.22459 ], [ 30.7515, -0.249 ] ] ] } },
{ "type": "Feature", "properties": { "pop": 14684.0 }, "geometry": { "type": "Polygon", "coordinates": [ [ [ 30.75109, -0.10315 ], [ 30.70279, -0.07894 ], [ 30.70265, -0.03032 ], [ 30.75082, -0.00591 ], [ 30.79912, -0.03011 ], [ 30.79926, -0.07873 ], [ 30.75109, -0.10315 ] ] ] } },
{ "type": "Feature", "properties": { "pop": 16588.0 }, "geometry": { "type": "Polygon", "coordinates": [ [ [ 30.75068, 0.04272 ], [ 30.70238, 0.06693 ], [ 30.70224, 0.11555 ], [ 30.75041, 0.13996 ], [ 30.79871, 0.11576 ], [ 30.79884, 0.06713 ], [ 30.75068, 0.04272 ] ] ] } },
{ "type": "Feature", "properties": { "pop": 9908.0 }, "geometry": { "type": "Polygon", "coordinates": [ [ [ 30.75027, 0.18859 ], [ 30.70197, 0.2128 ], [ 30.70184, 0.26143 ], [ 30.75, 0.28584 ], [ 30.79829, 0.26163 ], [ 30.79843, 0.21301 ], [ 30.75027, 0.18859 ] ] ] } },
{ "type": "Feature", "properties": { "pop": 23265.0 }, "geometry": { "type": "Polygon", "coordinates": [ [ [ 30.74986, 0.33447 ], [ 30.70157, 0.35869 ], [ 30.70143, 0.40732 ], [ 30.74959, 0.43174 ], [ 30.79788, 0.40752 ], [ 30.79802, 0.35889 ], [ 30.74986, 0.33447 ] ] ] } },
{ "type": "Feature", "properties": { "pop": 18046.0 }, "geometry": { "type": "Polygon", "coordinates": [ [ [ 30.74945, 0.48037 ], [ 30.70116, 0.50459 ], [ 30.70103, 0.55322 ], [ 30.74918, 0.57764 ], [ 30.79747, 0.55343 ], [ 30.79761, 0.50479 ], [ 30.74945, 0.48037 ] ] ] } },
{ "type": "Feature", "properties": { "pop": 17397.0 }, "geometry": { "type": "Polygon", "coordinates": [ [ [ 30.74905, 0.62628 ], [ 30.70076, 0.6505 ], [ 30.70062, 0.69914 ], [ 30.74877, 0.72356 ], [ 30.79706, 0.69935 ], [ 30.7972, 0.6507 ], [ 30.74905, 0.62628 ] ] ] } },
{ "type": "Feature", "properties": { "pop": 27121.0 }, "geometry": { "type": "Polygon", "coordinates": [ [ [ 30.74864, 0.77221 ], [ 30.70035, 0.79643 ], [ 30.70022, 0.84507 ], [ 30.74836, 0.8695 ], [ 30.79665, 0.84528 ], [ 30.79678, 0.79663 ], [ 30.74864, 0.77221 ] ] ] } },
{ "type": "Feature", "properties": { "pop": 33808.0 }, "geometry": { "type": "Polygon", "coordinates": [ [ [ 30.74823, 0.91815 ], [ 30.69995, 0.94237 ], [ 30.69981, 0.99102 ], [ 30.74796, 1.01545 ], [ 30.79623, 0.99123 ], [ 30.79637, 0.94257 ], [ 30.74823, 0.91815 ] ] ] } },
{ "type": "Feature", "properties": { "pop": 21575.0 }, "geometry": { "type": "Polygon", "coordinates": [ [ [ 30.74782, 1.0641 ], [ 30.69954, 1.08833 ], [ 30.69941, 1.13698 ], [ 30.74755, 1.16142 ], [ 30.79582, 1.13719 ], [ 30.79596, 1.08853 ], [ 30.74782, 1.0641 ] ] ] } },
{ "type": "Feature", "properties": { "pop": 7291.0 }, "geometry": { "type": "Polygon", "coordinates": [ [ [ 30.74741, 1.21008 ], [ 30.69914, 1.2343 ], [ 30.699, 1.28297 ], [ 30.74714, 1.3074 ], [ 30.79541, 1.28317 ], [ 30.79555, 1.23451 ], [ 30.74741, 1.21008 ] ] ] } },
{ "type": "Feature", "properties": { "pop": 3351.0 }, "geometry": { "type": "Polygon", "coordinates": [ [ [ 30.74414, 2.37859 ], [ 30.6959, 2.40284 ], [ 30.69576, 2.45157 ], [ 30.74387, 2.47603 ], [ 30.79212, 2.45177 ], [ 30.79225, 2.40305 ], [ 30.74414, 2.37859 ] ] ] } },
{ "type": "Feature", "properties": { "pop": 7588.0 }, "geometry": { "type": "Polygon", "coordinates": [ [ [ 30.74374, 2.52476 ], [ 30.69549, 2.54902 ], [ 30.69536, 2.59775 ], [ 30.74346, 2.62222 ], [ 30.79171, 2.59795 ], [ 30.79184, 2.54922 ], [ 30.74374, 2.52476 ] ] ] } },
{ "type": "Feature", "properties": { "pop": 961.0 }, "geometry": { "type": "Polygon", "coordinates": [ [ [ 30.74251, 2.96342 ], [ 30.69428, 2.9877 ], [ 30.69415, 3.03646 ], [ 30.74224, 3.06094 ], [ 30.79047, 3.03666 ], [ 30.79061, 2.98791 ], [ 30.74251, 2.96342 ] ] ] } },
{ "type": "Feature", "properties": { "pop": 6097.0 }, "geometry": { "type": "Polygon", "coordinates": [ [ [ 30.80201, -1.05095 ], [ 30.75368, -1.02675 ], [ 30.75354, -0.97815 ], [ 30.80173, -0.95374 ], [ 30.85006, -0.97794 ], [ 30.8502, -1.02654 ], [ 30.80201, -1.05095 ] ] ] } },
{ "type": "Feature", "properties": { "pop": 17058.0 }, "geometry": { "type": "Polygon", "coordinates": [ [ [ 30.80159, -0.90514 ], [ 30.75327, -0.88094 ], [ 30.75313, -0.83233 ], [ 30.80132, -0.80792 ], [ 30.84964, -0.83212 ], [ 30.84978, -0.88073 ], [ 30.80159, -0.90514 ] ] ] } },
{ "type": "Feature", "properties": { "pop": 10204.0 }, "geometry": { "type": "Polygon", "coordinates": [ [ [ 30.80118, -0.75932 ], [ 30.75286, -0.73511 ], [ 30.75273, -0.68651 ], [ 30.80091, -0.6621 ], [ 30.84923, -0.6863 ], [ 30.84936, -0.73491 ], [ 30.80118, -0.75932 ] ] ] } },
{ "type": "Feature", "properties": { "pop": 7566.0 }, "geometry": { "type": "Polygon", "coordinates": [ [ [ 30.80077, -0.61349 ], [ 30.75245, -0.58929 ], [ 30.75232, -0.54068 ], [ 30.80049, -0.51627 ], [ 30.84881, -0.54047 ], [ 30.84895, -0.58908 ], [ 30.80077, -0.61349 ] ] ] } },
{ "type": "Feature", "properties": { "pop": 4348.0 }, "geometry": { "type": "Polygon", "coordinates": [ [ [ 30.80036, -0.46766 ], [ 30.75204, -0.44345 ], [ 30.75191, -0.39484 ], [ 30.80008, -0.37043 ], [ 30.84839, -0.39463 ], [ 30.84853, -0.44325 ], [ 30.80036, -0.46766 ] ] ] } },
{ "type": "Feature", "properties": { "pop": 6102.0 }, "geometry": { "type": "Polygon", "coordinates": [ [ [ 30.79994, -0.32182 ], [ 30.75163, -0.29761 ], [ 30.7515, -0.249 ], [ 30.79967, -0.22459 ], [ 30.84798, -0.24879 ], [ 30.84812, -0.29741 ], [ 30.79994, -0.32182 ] ] ] } },
{ "type": "Feature", "properties": { "pop": 7934.0 }, "geometry": { "type": "Polygon", "coordinates": [ [ [ 30.79953, -0.17597 ], [ 30.75123, -0.15176 ], [ 30.75109, -0.10315 ], [ 30.79926, -0.07873 ], [ 30.84756, -0.10294 ], [ 30.8477, -0.15156 ], [ 30.79953, -0.17597 ] ] ] } },
{ "type": "Feature", "properties": { "pop": 8772.0 }, "geometry": { "type": "Polygon", "coordinates": [ [ [ 30.79912, -0.03011 ], [ 30.75082, -0.00591 ], [ 30.75068, 0.04272 ], [ 30.79884, 0.06713 ], [ 30.84715, 0.04292 ], [ 30.84728, -0.0057 ], [ 30.79912, -0.03011 ] ] ] } },
{ "type": "Feature", "properties": { "pop": 15347.0 }, "geometry": { "type": "Polygon", "coordinates": [ [ [ 30.79871, 0.11576 ], [ 30.75041, 0.13996 ], [ 30.75027, 0.18859 ], [ 30.79843, 0.21301 ], [ 30.84673, 0.1888 ], [ 30.84687, 0.14017 ], [ 30.79871, 0.11576 ] ] ] } },
{ "type": "Feature", "properties": { "pop": 19983.0 }, "geometry": { "type": "Polygon", "coordinates": [ [ [ 30.79829, 0.26163 ], [ 30.75, 0.28584 ], [ 30.74986, 0.33447 ], [ 30.79802, 0.35889 ], [ 30.84631, 0.33468 ], [ 30.84645, 0.28605 ], [ 30.79829, 0.26163 ] ] ] } },
{ "type": "Feature", "properties": { "pop": 23109.0 }, "geometry": { "type": "Polygon", "coordinates": [ [ [ 30.79788, 0.40752 ], [ 30.74959, 0.43174 ], [ 30.74945, 0.48037 ], [ 30.79761, 0.50479 ], [ 30.8459, 0.48058 ], [ 30.84604, 0.43194 ], [ 30.79788, 0.40752 ] ] ] } },
{ "type": "Feature", "properties": { "pop": 15398.0 }, "geometry": { "type": "Polygon", "coordinates": [ [ [ 30.79747, 0.55343 ], [ 30.74918, 0.57764 ], [ 30.74905, 0.62628 ], [ 30.7972, 0.6507 ], [ 30.84548, 0.62649 ], [ 30.84562, 0.57785 ], [ 30.79747, 0.55343 ] ] ] } },
{ "type": "Feature", "properties": { "pop": 22814.0 }, "geometry": { "type": "Polygon", "coordinates": [ [ [ 30.79706, 0.69935 ], [ 30.74877, 0.72356 ], [ 30.74864, 0.77221 ], [ 30.79678, 0.79663 ], [ 30.84507, 0.77241 ], [ 30.84521, 0.72377 ], [ 30.79706, 0.69935 ] ] ] } },
{ "type": "Feature", "properties": { "pop": 42844.0 }, "geometry": { "type": "Polygon", "coordinates": [ [ [ 30.79665, 0.84528 ], [ 30.74836, 0.8695 ], [ 30.74823, 0.91815 ], [ 30.79637, 0.94257 ], [ 30.84465, 0.91835 ], [ 30.84479, 0.86971 ], [ 30.79665, 0.84528 ] ] ] } },
{ "type": "Feature", "properties": { "pop": 33950.0 }, "geometry": { "type": "Polygon", "coordinates": [ [ [ 30.79623, 0.99123 ], [ 30.74796, 1.01545 ], [ 30.74782, 1.0641 ], [ 30.79596, 1.08853 ], [ 30.84424, 1.06431 ], [ 30.84438, 1.01566 ], [ 30.79623, 0.99123 ] ] ] } },
{ "type": "Feature", "properties": { "pop": 24809.0 }, "geometry": { "type": "Polygon", "coordinates": [ [ [ 30.79582, 1.13719 ], [ 30.74755, 1.16142 ], [ 30.74741, 1.21008 ], [ 30.79555, 1.23451 ], [ 30.84382, 1.21028 ], [ 30.84396, 1.16162 ], [ 30.79582, 1.13719 ] ] ] } },
{ "type": "Feature", "properties": { "pop": 4952.0 }, "geometry": { "type": "Polygon", "coordinates": [ [ [ 30.79541, 1.28317 ], [ 30.74714, 1.3074 ], [ 30.747, 1.35607 ], [ 30.79514, 1.3805 ], [ 30.84341, 1.35627 ], [ 30.84355, 1.30761 ], [ 30.79541, 1.28317 ] ] ] } },
{ "type": "Feature", "properties": { "pop": 21901.0 }, "geometry": { "type": "Polygon", "coordinates": [ [ [ 30.79212, 2.45177 ], [ 30.74387, 2.47603 ], [ 30.74374, 2.52476 ], [ 30.79184, 2.54922 ], [ 30.84009, 2.52496 ], [ 30.84022, 2.47624 ], [ 30.79212, 2.45177 ] ] ] } },
{ "type": "Feature", "properties": { "pop": 12133.0 }, "geometry": { "type": "Polygon", "coordinates": [ [ [ 30.79171, 2.59795 ], [ 30.74346, 2.62222 ], [ 30.74333, 2.67095 ], [ 30.79143, 2.69542 ], [ 30.83967, 2.67116 ], [ 30.83981, 2.62242 ], [ 30.79171, 2.59795 ] ] ] } },
{ "type": "Feature", "properties": { "pop": 25605.0 }, "geometry": { "type": "Polygon", "coordinates": [ [ [ 30.79047, 3.03666 ], [ 30.74224, 3.06094 ], [ 30.74211, 3.1097 ], [ 30.7902, 3.13419 ], [ 30.83843, 3.10991 ], [ 30.83857, 3.06115 ], [ 30.79047, 3.03666 ] ] ] } },
{ "type": "Feature", "properties": { "pop": 1524.0 }, "geometry": { "type": "Polygon", "coordinates": [ [ [ 30.79006, 3.18296 ], [ 30.74183, 3.20724 ], [ 30.7417, 3.25601 ], [ 30.78979, 3.28051 ], [ 30.83801, 3.25622 ], [ 30.83815, 3.20745 ], [ 30.79006, 3.18296 ] ] ] } },
{ "type": "Feature", "properties": { "pop": 16665.0 }, "geometry": { "type": "Polygon", "coordinates": [ [ [ 30.85006, -0.97794 ], [ 30.80173, -0.95374 ], [ 30.80159, -0.90514 ], [ 30.84978, -0.88073 ], [ 30.89811, -0.90493 ], [ 30.89825, -0.95353 ], [ 30.85006, -0.97794 ] ] ] } },
{ "type": "Feature", "properties": { "pop": 16086.0 }, "geometry": { "type": "Polygon", "coordinates": [ [ [ 30.84964, -0.83212 ], [ 30.80132, -0.80792 ], [ 30.80118, -0.75932 ], [ 30.84936, -0.73491 ], [ 30.89769, -0.75911 ], [ 30.89783, -0.80771 ], [ 30.84964, -0.83212 ] ] ] } },
{ "type": "Feature", "properties": { "pop": 5260.0 }, "geometry": { "type": "Polygon", "coordinates": [ [ [ 30.84923, -0.6863 ], [ 30.80091, -0.6621 ], [ 30.80077, -0.61349 ], [ 30.84895, -0.58908 ], [ 30.89727, -0.61328 ], [ 30.89741, -0.66189 ], [ 30.84923, -0.6863 ] ] ] } },
{ "type": "Feature", "properties": { "pop": 7204.0 }, "geometry": { "type": "Polygon", "coordinates": [ [ [ 30.84881, -0.54047 ], [ 30.80049, -0.51627 ], [ 30.80036, -0.46766 ], [ 30.84853, -0.44325 ], [ 30.89685, -0.46745 ], [ 30.89699, -0.51606 ], [ 30.84881, -0.54047 ] ] ] } },
{ "type": "Feature", "properties": { "pop": 2673.0 }, "geometry": { "type": "Polygon", "coordinates": [ [ [ 30.84839, -0.39463 ], [ 30.80008, -0.37043 ], [ 30.79994, -0.32182 ], [ 30.84812, -0.29741 ], [ 30.89643, -0.32161 ], [ 30.89657, -0.37022 ], [ 30.84839, -0.39463 ] ] ] } },
{ "type": "Feature", "properties": { "pop": 10045.0 }, "geometry": { "type": "Polygon", "coordinates": [ [ [ 30.84798, -0.24879 ], [ 30.79967, -0.22459 ], [ 30.79953, -0.17597 ], [ 30.8477, -0.15156 ], [ 30.89601, -0.17576 ], [ 30.89615, -0.22438 ], [ 30.84798, -0.24879 ] ] ] } },
{ "type": "Feature", "properties": { "pop": 7343.0 }, "geometry": { "type": "Polygon", "coordinates": [ [ [ 30.84756, -0.10294 ], [ 30.79926, -0.07873 ], [ 30.79912, -0.03011 ], [ 30.84728, -0.0057 ], [ 30.89559, -0.0299 ], [ 30.89573, -0.07852 ], [ 30.84756, -0.10294 ] ] ] } },
{ "type": "Feature", "properties": { "pop": 12709.0 }, "geometry": { "type": "Polygon", "coordinates": [ [ [ 30.84715, 0.04292 ], [ 30.79884, 0.06713 ], [ 30.79871, 0.11576 ], [ 30.84687, 0.14017 ], [ 30.89517, 0.11596 ], [ 30.89531, 0.06734 ], [ 30.84715, 0.04292 ] ] ] } },
{ "type": "Feature", "properties": { "pop": 7365.0 }, "geometry": { "type": "Polygon", "coordinates": [ [ [ 30.84673, 0.1888 ], [ 30.79843, 0.21301 ], [ 30.79829, 0.26163 ], [ 30.84645, 0.28605 ], [ 30.89475, 0.26184 ], [ 30.89489, 0.21322 ], [ 30.84673, 0.1888 ] ] ] } },
{ "type": "Feature", "properties": { "pop": 26992.0 }, "geometry": { "type": "Polygon", "coordinates": [ [ [ 30.84631, 0.33468 ], [ 30.79802, 0.35889 ], [ 30.79788, 0.40752 ], [ 30.84604, 0.43194 ], [ 30.89433, 0.40773 ], [ 30.89447, 0.3591 ], [ 30.84631, 0.33468 ] ] ] } },
{ "type": "Feature", "properties": { "pop": 21131.0 }, "geometry": { "type": "Polygon", "coordinates": [ [ [ 30.8459, 0.48058 ], [ 30.79761, 0.50479 ], [ 30.79747, 0.55343 ], [ 30.84562, 0.57785 ], [ 30.89391, 0.55364 ], [ 30.89405, 0.505 ], [ 30.8459, 0.48058 ] ] ] } },
{ "type": "Feature", "properties": { "pop": 16873.0 }, "geometry": { "type": "Polygon", "coordinates": [ [ [ 30.84548, 0.62649 ], [ 30.7972, 0.6507 ], [ 30.79706, 0.69935 ], [ 30.84521, 0.72377 ], [ 30.89349, 0.69955 ], [ 30.89363, 0.65091 ], [ 30.84548, 0.62649 ] ] ] } },
{ "type": "Feature", "properties": { "pop": 14303.0 }, "geometry": { "type": "Polygon", "coordinates": [ [ [ 30.84507, 0.77241 ], [ 30.79678, 0.79663 ], [ 30.79665, 0.84528 ], [ 30.84479, 0.86971 ], [ 30.89307, 0.84549 ], [ 30.89321, 0.79684 ], [ 30.84507, 0.77241 ] ] ] } },
{ "type": "Feature", "properties": { "pop": 41275.0 }, "geometry": { "type": "Polygon", "coordinates": [ [ [ 30.84465, 0.91835 ], [ 30.79637, 0.94257 ], [ 30.79623, 0.99123 ], [ 30.84438, 1.01566 ], [ 30.89266, 0.99143 ], [ 30.8928, 0.94278 ], [ 30.84465, 0.91835 ] ] ] } },
{ "type": "Feature", "properties": { "pop": 24591.0 }, "geometry": { "type": "Polygon", "coordinates": [ [ [ 30.84424, 1.06431 ], [ 30.79596, 1.08853 ], [ 30.79582, 1.13719 ], [ 30.84396, 1.16162 ], [ 30.89224, 1.1374 ], [ 30.89238, 1.08874 ], [ 30.84424, 1.06431 ] ] ] } },
{ "type": "Feature", "properties": { "pop": 22235.0 }, "geometry": { "type": "Polygon", "coordinates": [ [ [ 30.84382, 1.21028 ], [ 30.79555, 1.23451 ], [ 30.79541, 1.28317 ], [ 30.84355, 1.30761 ], [ 30.89182, 1.28338 ], [ 30.89196, 1.23472 ], [ 30.84382, 1.21028 ] ] ] } },
{ "type": "Feature", "properties": { "pop": 3524.0 }, "geometry": { "type": "Polygon", "coordinates": [ [ [ 30.84341, 1.35627 ], [ 30.79514, 1.3805 ], [ 30.795, 1.42917 ], [ 30.84313, 1.45361 ], [ 30.8914, 1.42938 ], [ 30.89154, 1.38071 ], [ 30.84341, 1.35627 ] ] ] } },
{ "type": "Feature", "properties": { "pop": 17747.0 }, "geometry": { "type": "Polygon", "coordinates": [ [ [ 30.8405, 2.3788 ], [ 30.79225, 2.40305 ], [ 30.79212, 2.45177 ], [ 30.84022, 2.47624 ], [ 30.88847, 2.45198 ], [ 30.88861, 2.40326 ], [ 30.8405, 2.3788 ] ] ] } },
{ "type": "Feature", "properties": { "pop": 23656.0 }, "geometry": { "type": "Polygon", "coordinates": [ [ [ 30.84009, 2.52496 ], [ 30.79184, 2.54922 ], [ 30.79171, 2.59795 ], [ 30.83981, 2.62242 ], [ 30.88805, 2.59816 ], [ 30.88819, 2.54943 ], [ 30.84009, 2.52496 ] ] ] } },
{ "type": "Feature", "properties": { "pop": 17667.0 }, "geometry": { "type": "Polygon", "coordinates": [ [ [ 30.83967, 2.67116 ], [ 30.79143, 2.69542 ], [ 30.79129, 2.74416 ], [ 30.8394, 2.76864 ], [ 30.88763, 2.74437 ], [ 30.88777, 2.69563 ], [ 30.83967, 2.67116 ] ] ] } },
{ "type": "Feature", "properties": { "pop": 672.0 }, "geometry": { "type": "Polygon", "coordinates": [ [ [ 30.83926, 2.81738 ], [ 30.79102, 2.84165 ], [ 30.79088, 2.8904 ], [ 30.83898, 2.91488 ], [ 30.88722, 2.89061 ], [ 30.88736, 2.84186 ], [ 30.83926, 2.81738 ] ] ] } },
{ "type": "Feature", "properties": { "pop": 40511.0 }, "geometry": { "type": "Polygon", "coordinates": [ [ [ 30.83884, 2.96363 ], [ 30.79061, 2.98791 ], [ 30.79047, 3.03666 ], [ 30.83857, 3.06115 ], [ 30.8868, 3.03687 ], [ 30.88694, 2.98812 ], [ 30.83884, 2.96363 ] ] ] } },
{ "type": "Feature", "properties": { "pop": 33394.0 }, "geometry": { "type": "Polygon", "coordinates": [ [ [ 30.83843, 3.10991 ], [ 30.7902, 3.13419 ], [ 30.79006, 3.18296 ], [ 30.83815, 3.20745 ], [ 30.88638, 3.18317 ], [ 30.88652, 3.1344 ], [ 30.83843, 3.10991 ] ] ] } },
{ "type": "Feature", "properties": { "pop": 7559.0 }, "geometry": { "type": "Polygon", "coordinates": [ [ [ 30.83801, 3.25622 ], [ 30.78979, 3.28051 ], [ 30.78965, 3.32928 ], [ 30.83774, 3.35378 ], [ 30.88596, 3.32949 ], [ 30.8861, 3.28072 ], [ 30.83801, 3.25622 ] ] ] } },
{ "type": "Feature", "properties": { "pop": 5824.0 }, "geometry": { "type": "Polygon", "coordinates": [ [ [ 30.89853, -1.05074 ], [ 30.8502, -1.02654 ], [ 30.85006, -0.97794 ], [ 30.89825, -0.95353 ], [ 30.94657, -0.97773 ], [ 30.94671, -1.02633 ], [ 30.89853, -1.05074 ] ] ] } },
{ "type": "Feature", "properties": { "pop": 32830.0 }, "geometry": { "type": "Polygon", "coordinates": [ [ [ 30.89811, -0.90493 ], [ 30.84978, -0.88073 ], [ 30.84964, -0.83212 ], [ 30.89783, -0.80771 ], [ 30.94615, -0.83191 ], [ 30.94629, -0.88052 ], [ 30.89811, -0.90493 ] ] ] } },
{ "type": "Feature", "properties": { "pop": 4285.0 }, "geometry": { "type": "Polygon", "coordinates": [ [ [ 30.89769, -0.75911 ], [ 30.84936, -0.73491 ], [ 30.84923, -0.6863 ], [ 30.89741, -0.66189 ], [ 30.94573, -0.68609 ], [ 30.94587, -0.7347 ], [ 30.89769, -0.75911 ] ] ] } },
{ "type": "Feature", "properties": { "pop": 5647.0 }, "geometry": { "type": "Polygon", "coordinates": [ [ [ 30.89727, -0.61328 ], [ 30.84895, -0.58908 ], [ 30.84881, -0.54047 ], [ 30.89699, -0.51606 ], [ 30.9453, -0.54026 ], [ 30.94544, -0.58887 ], [ 30.89727, -0.61328 ] ] ] } },
{ "type": "Feature", "properties": { "pop": 1074.0 }, "geometry": { "type": "Polygon", "coordinates": [ [ [ 30.89685, -0.46745 ], [ 30.84853, -0.44325 ], [ 30.84839, -0.39463 ], [ 30.89657, -0.37022 ], [ 30.94488, -0.39442 ], [ 30.94502, -0.44304 ], [ 30.89685, -0.46745 ] ] ] } },
{ "type": "Feature", "properties": { "pop": 3694.0 }, "geometry": { "type": "Polygon", "coordinates": [ [ [ 30.89643, -0.32161 ], [ 30.84812, -0.29741 ], [ 30.84798, -0.24879 ], [ 30.89615, -0.22438 ], [ 30.94446, -0.24858 ], [ 30.9446, -0.29719 ], [ 30.89643, -0.32161 ] ] ] } },
{ "type": "Feature", "properties": { "pop": 3861.0 }, "geometry": { "type": "Polygon", "coordinates": [ [ [ 30.89601, -0.17576 ], [ 30.8477, -0.15156 ], [ 30.84756, -0.10294 ], [ 30.89573, -0.07852 ], [ 30.94404, -0.10273 ], [ 30.94418, -0.15135 ], [ 30.89601, -0.17576 ] ] ] } },
{ "type": "Feature", "properties": { "pop": 7043.0 }, "geometry": { "type": "Polygon", "coordinates": [ [ [ 30.89559, -0.0299 ], [ 30.84728, -0.0057 ], [ 30.84715, 0.04292 ], [ 30.89531, 0.06734 ], [ 30.94361, 0.04314 ], [ 30.94375, -0.00549 ], [ 30.89559, -0.0299 ] ] ] } },
{ "type": "Feature", "properties": { "pop": 11764.0 }, "geometry": { "type": "Polygon", "coordinates": [ [ [ 30.89517, 0.11596 ], [ 30.84687, 0.14017 ], [ 30.84673, 0.1888 ], [ 30.89489, 0.21322 ], [ 30.94319, 0.18901 ], [ 30.94333, 0.14038 ], [ 30.89517, 0.11596 ] ] ] } },
{ "type": "Feature", "properties": { "pop": 21156.0 }, "geometry": { "type": "Polygon", "coordinates": [ [ [ 30.89475, 0.26184 ], [ 30.84645, 0.28605 ], [ 30.84631, 0.33468 ], [ 30.89447, 0.3591 ], [ 30.94277, 0.33489 ], [ 30.94291, 0.28626 ], [ 30.89475, 0.26184 ] ] ] } },
{ "type": "Feature", "properties": { "pop": 27584.0 }, "geometry": { "type": "Polygon", "coordinates": [ [ [ 30.89433, 0.40773 ], [ 30.84604, 0.43194 ], [ 30.8459, 0.48058 ], [ 30.89405, 0.505 ], [ 30.94234, 0.48079 ], [ 30.94249, 0.43216 ], [ 30.89433, 0.40773 ] ] ] } },
{ "type": "Feature", "properties": { "pop": 15147.0 }, "geometry": { "type": "Polygon", "coordinates": [ [ [ 30.89391, 0.55364 ], [ 30.84562, 0.57785 ], [ 30.84548, 0.62649 ], [ 30.89363, 0.65091 ], [ 30.94192, 0.6267 ], [ 30.94206, 0.57806 ], [ 30.89391, 0.55364 ] ] ] } },
{ "type": "Feature", "properties": { "pop": 14309.0 }, "geometry": { "type": "Polygon", "coordinates": [ [ [ 30.89349, 0.69955 ], [ 30.84521, 0.72377 ], [ 30.84507, 0.77241 ], [ 30.89321, 0.79684 ], [ 30.9415, 0.77263 ], [ 30.94164, 0.72398 ], [ 30.89349, 0.69955 ] ] ] } },
{ "type": "Feature", "properties": { "pop": 25423.0 }, "geometry": { "type": "Polygon", "coordinates": [ [ [ 30.89307, 0.84549 ], [ 30.84479, 0.86971 ], [ 30.84465, 0.91835 ], [ 30.8928, 0.94278 ], [ 30.94108, 0.91857 ], [ 30.94122, 0.86992 ], [ 30.89307, 0.84549 ] ] ] } },
{ "type": "Feature", "properties": { "pop": 31687.0 }, "geometry": { "type": "Polygon", "coordinates": [ [ [ 30.89266, 0.99143 ], [ 30.84438, 1.01566 ], [ 30.84424, 1.06431 ], [ 30.89238, 1.08874 ], [ 30.94066, 1.06452 ], [ 30.9408, 1.01587 ], [ 30.89266, 0.99143 ] ] ] } },
{ "type": "Feature", "properties": { "pop": 16103.0 }, "geometry": { "type": "Polygon", "coordinates": [ [ [ 30.89224, 1.1374 ], [ 30.84396, 1.16162 ], [ 30.84382, 1.21028 ], [ 30.89196, 1.23472 ], [ 30.94023, 1.21049 ], [ 30.94037, 1.16183 ], [ 30.89224, 1.1374 ] ] ] } },
{ "type": "Feature", "properties": { "pop": 15168.0 }, "geometry": { "type": "Polygon", "coordinates": [ [ [ 30.89182, 1.28338 ], [ 30.84355, 1.30761 ], [ 30.84341, 1.35627 ], [ 30.89154, 1.38071 ], [ 30.93981, 1.35649 ], [ 30.93995, 1.30782 ], [ 30.89182, 1.28338 ] ] ] } },
{ "type": "Feature", "properties": { "pop": 1169.0 }, "geometry": { "type": "Polygon", "coordinates": [ [ [ 30.8914, 1.42938 ], [ 30.84313, 1.45361 ], [ 30.84299, 1.50228 ], [ 30.89112, 1.52673 ], [ 30.93939, 1.5025 ], [ 30.93953, 1.45382 ], [ 30.8914, 1.42938 ] ] ] } },
{ "type": "Feature", "properties": { "pop": 14560.0 }, "geometry": { "type": "Polygon", "coordinates": [ [ [ 30.88889, 2.30583 ], [ 30.84064, 2.33008 ], [ 30.8405, 2.3788 ], [ 30.88861, 2.40326 ], [ 30.93686, 2.37901 ], [ 30.937, 2.33029 ], [ 30.88889, 2.30583 ] ] ] } },
{ "type": "Feature", "properties": { "pop": 30938.0 }, "geometry": { "type": "Polygon", "coordinates": [ [ [ 30.88847, 2.45198 ], [ 30.84022, 2.47624 ], [ 30.84009, 2.52496 ], [ 30.88819, 2.54943 ], [ 30.93644, 2.52518 ], [ 30.93658, 2.47645 ], [ 30.88847, 2.45198 ] ] ] } },
{ "type": "Feature", "properties": { "pop": 23316.0 }, "geometry": { "type": "Polygon", "coordinates": [ [ [ 30.88805, 2.59816 ], [ 30.83981, 2.62242 ], [ 30.83967, 2.67116 ], [ 30.88777, 2.69563 ], [ 30.93601, 2.67137 ], [ 30.93615, 2.62264 ], [ 30.88805, 2.59816 ] ] ] } },
{ "type": "Feature", "properties": { "pop": 15814.0 }, "geometry": { "type": "Polygon", "coordinates": [ [ [ 30.88763, 2.74437 ], [ 30.8394, 2.76864 ], [ 30.83926, 2.81738 ], [ 30.88736, 2.84186 ], [ 30.93559, 2.81759 ], [ 30.93573, 2.76885 ], [ 30.88763, 2.74437 ] ] ] } },
{ "type": "Feature", "properties": { "pop": 35814.0 }, "geometry": { "type": "Polygon", "coordinates": [ [ [ 30.88722, 2.89061 ], [ 30.83898, 2.91488 ], [ 30.83884, 2.96363 ], [ 30.88694, 2.98812 ], [ 30.93517, 2.96384 ], [ 30.93531, 2.91509 ], [ 30.88722, 2.89061 ] ] ] } },
{ "type": "Feature", "properties": { "pop": 65604.0 }, "geometry": { "type": "Polygon", "coordinates": [ [ [ 30.8868, 3.03687 ], [ 30.83857, 3.06115 ], [ 30.83843, 3.10991 ], [ 30.88652, 3.1344 ], [ 30.93475, 3.11012 ], [ 30.93489, 3.06136 ], [ 30.8868, 3.03687 ] ] ] } },
{ "type": "Feature", "properties": { "pop": 40708.0 }, "geometry": { "type": "Polygon", "coordinates": [ [ [ 30.88638, 3.18317 ], [ 30.83815, 3.20745 ], [ 30.83801, 3.25622 ], [ 30.8861, 3.28072 ], [ 30.93433, 3.25643 ], [ 30.93447, 3.20766 ], [ 30.88638, 3.18317 ] ] ] } },
{ "type": "Feature", "properties": { "pop": 8004.0 }, "geometry": { "type": "Polygon", "coordinates": [ [ [ 30.88596, 3.32949 ], [ 30.83774, 3.35378 ], [ 30.8376, 3.40256 ], [ 30.88568, 3.42706 ], [ 30.93391, 3.40278 ], [ 30.93405, 3.35399 ], [ 30.88596, 3.32949 ] ] ] } },
{ "type": "Feature", "properties": { "pop": 18424.0 }, "geometry": { "type": "Polygon", "coordinates": [ [ [ 30.88554, 3.47585 ], [ 30.83732, 3.50014 ], [ 30.83718, 3.54894 ], [ 30.88527, 3.57344 ], [ 30.93349, 3.54915 ], [ 30.93363, 3.50035 ], [ 30.88554, 3.47585 ] ] ] } },
{ "type": "Feature", "properties": { "pop": 23325.0 }, "geometry": { "type": "Polygon", "coordinates": [ [ [ 30.94657, -0.97773 ], [ 30.89825, -0.95353 ], [ 30.89811, -0.90493 ], [ 30.94629, -0.88052 ], [ 30.99462, -0.90471 ], [ 30.99476, -0.95332 ], [ 30.94657, -0.97773 ] ] ] } },
{ "type": "Feature", "properties": { "pop": 44237.0 }, "geometry": { "type": "Polygon", "coordinates": [ [ [ 30.94615, -0.83191 ], [ 30.89783, -0.80771 ], [ 30.89769, -0.75911 ], [ 30.94587, -0.7347 ], [ 30.99419, -0.75889 ], [ 30.99433, -0.8075 ], [ 30.94615, -0.83191 ] ] ] } },
{ "type": "Feature", "properties": { "pop": 587.0 }, "geometry": { "type": "Polygon", "coordinates": [ [ [ 30.94573, -0.68609 ], [ 30.89741, -0.66189 ], [ 30.89727, -0.61328 ], [ 30.94544, -0.58887 ], [ 30.99376, -0.61307 ], [ 30.99391, -0.66168 ], [ 30.94573, -0.68609 ] ] ] } },
{ "type": "Feature", "properties": { "pop": 7067.0 }, "geometry": { "type": "Polygon", "coordinates": [ [ [ 30.9453, -0.54026 ], [ 30.89699, -0.51606 ], [ 30.89685, -0.46745 ], [ 30.94502, -0.44304 ], [ 30.99334, -0.46723 ], [ 30.99348, -0.51585 ], [ 30.9453, -0.54026 ] ] ] } },
{ "type": "Feature", "properties": { "pop": 1859.0 }, "geometry": { "type": "Polygon", "coordinates": [ [ [ 30.94488, -0.39442 ], [ 30.89657, -0.37022 ], [ 30.89643, -0.32161 ], [ 30.9446, -0.29719 ], [ 30.99291, -0.32139 ], [ 30.99305, -0.37001 ], [ 30.94488, -0.39442 ] ] ] } },
{ "type": "Feature", "properties": { "pop": 10394.0 }, "geometry": { "type": "Polygon", "coordinates": [ [ [ 30.94446, -0.24858 ], [ 30.89615, -0.22438 ], [ 30.89601, -0.17576 ], [ 30.94418, -0.15135 ], [ 30.99248, -0.17555 ], [ 30.99263, -0.22416 ], [ 30.94446, -0.24858 ] ] ] } },
{ "type": "Feature", "properties": { "pop": 4037.0 }, "geometry": { "type": "Polygon", "coordinates": [ [ [ 30.94404, -0.10273 ], [ 30.89573, -0.07852 ], [ 30.89559, -0.0299 ], [ 30.94375, -0.00549 ], [ 30.99206, -0.02969 ], [ 30.9922, -0.07831 ], [ 30.94404, -0.10273 ] ] ] } },
{ "type": "Feature", "properties": { "pop": 9107.0 }, "geometry": { "type": "Polygon", "coordinates": [ [ [ 30.94361, 0.04314 ], [ 30.89531, 0.06734 ], [ 30.89517, 0.11596 ], [ 30.94333, 0.14038 ], [ 30.99163, 0.11618 ], [ 30.99177, 0.06755 ], [ 30.94361, 0.04314 ] ] ] } },
{ "type": "Feature", "properties": { "pop": 12785.0 }, "geometry": { "type": "Polygon", "coordinates": [ [ [ 30.94319, 0.18901 ], [ 30.89489, 0.21322 ], [ 30.89475, 0.26184 ], [ 30.94291, 0.28626 ], [ 30.99121, 0.26206 ], [ 30.99135, 0.21343 ], [ 30.94319, 0.18901 ] ] ] } },
{ "type": "Feature", "properties": { "pop": 24875.0 }, "geometry": { "type": "Polygon", "coordinates": [ [ [ 30.94277, 0.33489 ], [ 30.89447, 0.3591 ], [ 30.89433, 0.40773 ], [ 30.94249, 0.43216 ], [ 30.99078, 0.40795 ], [ 30.99092, 0.35932 ], [ 30.94277, 0.33489 ] ] ] } },
{ "type": "Feature", "properties": { "pop": 27935.0 }, "geometry": { "type": "Polygon", "coordinates": [ [ [ 30.94234, 0.48079 ], [ 30.89405, 0.505 ], [ 30.89391, 0.55364 ], [ 30.94206, 0.57806 ], [ 30.99035, 0.55385 ], [ 30.9905, 0.50521 ], [ 30.94234, 0.48079 ] ] ] } },
{ "type": "Feature", "properties": { "pop": 20371.0 }, "geometry": { "type": "Polygon", "coordinates": [ [ [ 30.94192, 0.6267 ], [ 30.89363, 0.65091 ], [ 30.89349, 0.69955 ], [ 30.94164, 0.72398 ], [ 30.98993, 0.69977 ], [ 30.99007, 0.65113 ], [ 30.94192, 0.6267 ] ] ] } },
{ "type": "Feature", "properties": { "pop": 13139.0 }, "geometry": { "type": "Polygon", "coordinates": [ [ [ 30.9415, 0.77263 ], [ 30.89321, 0.79684 ], [ 30.89307, 0.84549 ], [ 30.94122, 0.86992 ], [ 30.9895, 0.8457 ], [ 30.98964, 0.79705 ], [ 30.9415, 0.77263 ] ] ] } },
{ "type": "Feature", "properties": { "pop": 22137.0 }, "geometry": { "type": "Polygon", "coordinates": [ [ [ 30.94108, 0.91857 ], [ 30.8928, 0.94278 ], [ 30.89266, 0.99143 ], [ 30.9408, 1.01587 ], [ 30.98908, 0.99165 ], [ 30.98922, 0.943 ], [ 30.94108, 0.91857 ] ] ] } },
{ "type": "Feature", "properties": { "pop": 19701.0 }, "geometry": { "type": "Polygon", "coordinates": [ [ [ 30.94066, 1.06452 ], [ 30.89238, 1.08874 ], [ 30.89224, 1.1374 ], [ 30.94037, 1.16183 ], [ 30.98865, 1.13761 ], [ 30.98879, 1.08896 ], [ 30.94066, 1.06452 ] ] ] } },
{ "type": "Feature", "properties": { "pop": 11399.0 }, "geometry": { "type": "Polygon", "coordinates": [ [ [ 30.94023, 1.21049 ], [ 30.89196, 1.23472 ], [ 30.89182, 1.28338 ], [ 30.93995, 1.30782 ], [ 30.98823, 1.28359 ], [ 30.98837, 1.23493 ], [ 30.94023, 1.21049 ] ] ] } },
{ "type": "Feature", "properties": { "pop": 13474.0 }, "geometry": { "type": "Polygon", "coordinates": [ [ [ 30.93981, 1.35649 ], [ 30.89154, 1.38071 ], [ 30.8914, 1.42938 ], [ 30.93953, 1.45382 ], [ 30.9878, 1.4296 ], [ 30.98794, 1.38093 ], [ 30.93981, 1.35649 ] ] ] } },
{ "type": "Feature", "properties": { "pop": 5275.0 }, "geometry": { "type": "Polygon", "coordinates": [ [ [ 30.93939, 1.5025 ], [ 30.89112, 1.52673 ], [ 30.89098, 1.5754 ], [ 30.93911, 1.59985 ], [ 30.98737, 1.57562 ], [ 30.98752, 1.52694 ], [ 30.93939, 1.5025 ] ] ] } },
{ "type": "Feature", "properties": { "pop": 48103.0 }, "geometry": { "type": "Polygon", "coordinates": [ [ [ 30.93686, 2.37901 ], [ 30.88861, 2.40326 ], [ 30.88847, 2.45198 ], [ 30.93658, 2.47645 ], [ 30.98482, 2.45219 ], [ 30.98497, 2.40347 ], [ 30.93686, 2.37901 ] ] ] } },
{ "type": "Feature", "properties": { "pop": 23791.0 }, "geometry": { "type": "Polygon", "coordinates": [ [ [ 30.93644, 2.52518 ], [ 30.88819, 2.54943 ], [ 30.88805, 2.59816 ], [ 30.93615, 2.62264 ], [ 30.9844, 2.59838 ], [ 30.98454, 2.54965 ], [ 30.93644, 2.52518 ] ] ] } },
{ "type": "Feature", "properties": { "pop": 15465.0 }, "geometry": { "type": "Polygon", "coordinates": [ [ [ 30.93601, 2.67137 ], [ 30.88777, 2.69563 ], [ 30.88763, 2.74437 ], [ 30.93573, 2.76885 ], [ 30.98397, 2.74459 ], [ 30.98411, 2.69585 ], [ 30.93601, 2.67137 ] ] ] } },
{ "type": "Feature", "properties": { "pop": 20457.0 }, "geometry": { "type": "Polygon", "coordinates": [ [ [ 30.93559, 2.81759 ], [ 30.88736, 2.84186 ], [ 30.88722, 2.89061 ], [ 30.93531, 2.91509 ], [ 30.98355, 2.89082 ], [ 30.98369, 2.84207 ], [ 30.93559, 2.81759 ] ] ] } },
{ "type": "Feature", "properties": { "pop": 188393.0 }, "geometry": { "type": "Polygon", "coordinates": [ [ [ 30.93517, 2.96384 ], [ 30.88694, 2.98812 ], [ 30.8868, 3.03687 ], [ 30.93489, 3.06136 ], [ 30.98312, 3.03709 ], [ 30.98327, 2.98833 ], [ 30.93517, 2.96384 ] ] ] } },
{ "type": "Feature", "properties": { "pop": 41617.0 }, "geometry": { "type": "Polygon", "coordinates": [ [ [ 30.93475, 3.11012 ], [ 30.88652, 3.1344 ], [ 30.88638, 3.18317 ], [ 30.93447, 3.20766 ], [ 30.9827, 3.18338 ], [ 30.98284, 3.13461 ], [ 30.93475, 3.11012 ] ] ] } },
{ "type": "Feature", "properties": { "pop": 37226.0 }, "geometry": { "type": "Polygon", "coordinates": [ [ [ 30.93433, 3.25643 ], [ 30.8861, 3.28072 ], [ 30.88596, 3.32949 ], [ 30.93405, 3.35399 ], [ 30.98227, 3.32971 ], [ 30.98242, 3.28093 ], [ 30.93433, 3.25643 ] ] ] } },
{ "type": "Feature", "properties": { "pop": 41905.0 }, "geometry": { "type": "Polygon", "coordinates": [ [ [ 30.93391, 3.40278 ], [ 30.88568, 3.42706 ], [ 30.88554, 3.47585 ], [ 30.93363, 3.50035 ], [ 30.98185, 3.47607 ], [ 30.98199, 3.42728 ], [ 30.93391, 3.40278 ] ] ] } },
{ "type": "Feature", "properties": { "pop": 10800.0 }, "geometry": { "type": "Polygon", "coordinates": [ [ [ 30.93349, 3.54915 ], [ 30.88527, 3.57344 ], [ 30.88513, 3.62224 ], [ 30.93321, 3.64675 ], [ 30.98142, 3.62245 ], [ 30.98157, 3.57365 ], [ 30.93349, 3.54915 ] ] ] } },
{ "type": "Feature", "properties": { "pop": 7427.0 }, "geometry": { "type": "Polygon", "coordinates": [ [ [ 30.99504, -1.05053 ], [ 30.94671, -1.02633 ], [ 30.94657, -0.97773 ], [ 30.99476, -0.95332 ], [ 31.04309, -0.97751 ], [ 31.04323, -1.02612 ], [ 30.99504, -1.05053 ] ] ] } },
{ "type": "Feature", "properties": { "pop": 27280.0 }, "geometry": { "type": "Polygon", "coordinates": [ [ [ 30.99462, -0.90471 ], [ 30.94629, -0.88052 ], [ 30.94615, -0.83191 ], [ 30.99433, -0.8075 ], [ 31.04266, -0.8317 ], [ 31.0428, -0.8803 ], [ 30.99462, -0.90471 ] ] ] } },
{ "type": "Feature", "properties": { "pop": 4161.0 }, "geometry": { "type": "Polygon", "coordinates": [ [ [ 30.99419, -0.75889 ], [ 30.94587, -0.7347 ], [ 30.94573, -0.68609 ], [ 30.99391, -0.66168 ], [ 31.04223, -0.68587 ], [ 31.04237, -0.73448 ], [ 30.99419, -0.75889 ] ] ] } },
{ "type": "Feature", "properties": { "pop": 806.0 }, "geometry": { "type": "Polygon", "coordinates": [ [ [ 30.99376, -0.61307 ], [ 30.94544, -0.58887 ], [ 30.9453, -0.54026 ], [ 30.99348, -0.51585 ], [ 31.0418, -0.54004 ], [ 31.04194, -0.58865 ], [ 30.99376, -0.61307 ] ] ] } },
{ "type": "Feature", "properties": { "pop": 2039.0 }, "geometry": { "type": "Polygon", "coordinates": [ [ [ 30.99334, -0.46723 ], [ 30.94502, -0.44304 ], [ 30.94488, -0.39442 ], [ 30.99305, -0.37001 ], [ 31.04137, -0.39421 ], [ 31.04151, -0.44282 ], [ 30.99334, -0.46723 ] ] ] } },
{ "type": "Feature", "properties": { "pop": 3437.0 }, "geometry": { "type": "Polygon", "coordinates": [ [ [ 30.99291, -0.32139 ], [ 30.9446, -0.29719 ], [ 30.94446, -0.24858 ], [ 30.99263, -0.22416 ], [ 31.04094, -0.24836 ], [ 31.04108, -0.29698 ], [ 30.99291, -0.32139 ] ] ] } },
{ "type": "Feature", "properties": { "pop": 6848.0 }, "geometry": { "type": "Polygon", "coordinates": [ [ [ 30.99248, -0.17555 ], [ 30.94418, -0.15135 ], [ 30.94404, -0.10273 ], [ 30.9922, -0.07831 ], [ 31.04051, -0.10251 ], [ 31.04065, -0.15113 ], [ 30.99248, -0.17555 ] ] ] } },
{ "type": "Feature", "properties": { "pop": 5691.0 }, "geometry": { "type": "Polygon", "coordinates": [ [ [ 30.99206, -0.02969 ], [ 30.94375, -0.00549 ], [ 30.94361, 0.04314 ], [ 30.99177, 0.06755 ], [ 31.04008, 0.04335 ], [ 31.04022, -0.00527 ], [ 30.99206, -0.02969 ] ] ] } },
{ "type": "Feature", "properties": { "pop": 7786.0 }, "geometry": { "type": "Polygon", "coordinates": [ [ [ 30.99163, 0.11618 ], [ 30.94333, 0.14038 ], [ 30.94319, 0.18901 ], [ 30.99135, 0.21343 ], [ 31.03965, 0.18922 ], [ 31.03979, 0.1406 ], [ 30.99163, 0.11618 ] ] ] } },
{ "type": "Feature", "properties": { "pop": 15432.0 }, "geometry": { "type": "Polygon", "coordinates": [ [ [ 30.99121, 0.26206 ], [ 30.94291, 0.28626 ], [ 30.94277, 0.33489 ], [ 30.99092, 0.35932 ], [ 31.03922, 0.33511 ], [ 31.03936, 0.28648 ], [ 30.99121, 0.26206 ] ] ] } },
{ "type": "Feature", "properties": { "pop": 22631.0 }, "geometry": { "type": "Polygon", "coordinates": [ [ [ 30.99078, 0.40795 ], [ 30.94249, 0.43216 ], [ 30.94234, 0.48079 ], [ 30.9905, 0.50521 ], [ 31.03879, 0.481 ], [ 31.03893, 0.43237 ], [ 30.99078, 0.40795 ] ] ] } },
{ "type": "Feature", "properties": { "pop": 19397.0 }, "geometry": { "type": "Polygon", "coordinates": [ [ [ 30.99035, 0.55385 ], [ 30.94206, 0.57806 ], [ 30.94192, 0.6267 ], [ 30.99007, 0.65113 ], [ 31.03836, 0.62692 ], [ 31.0385, 0.57828 ], [ 30.99035, 0.55385 ] ] ] } },
{ "type": "Feature", "properties": { "pop": 11073.0 }, "geometry": { "type": "Polygon", "coordinates": [ [ [ 30.98993, 0.69977 ], [ 30.94164, 0.72398 ], [ 30.9415, 0.77263 ], [ 30.98964, 0.79705 ], [ 31.03793, 0.77284 ], [ 31.03807, 0.7242 ], [ 30.98993, 0.69977 ] ] ] } },
{ "type": "Feature", "properties": { "pop": 19936.0 }, "geometry": { "type": "Polygon", "coordinates": [ [ [ 30.9895, 0.8457 ], [ 30.94122, 0.86992 ], [ 30.94108, 0.91857 ], [ 30.98922, 0.943 ], [ 31.0375, 0.91878 ], [ 31.03765, 0.87013 ], [ 30.9895, 0.8457 ] ] ] } },
{ "type": "Feature", "properties": { "pop": 20909.0 }, "geometry": { "type": "Polygon", "coordinates": [ [ [ 30.98908, 0.99165 ], [ 30.9408, 1.01587 ], [ 30.94066, 1.06452 ], [ 30.98879, 1.08896 ], [ 31.03707, 1.06474 ], [ 31.03722, 1.01608 ], [ 30.98908, 0.99165 ] ] ] } },
{ "type": "Feature", "properties": { "pop": 7707.0 }, "geometry": { "type": "Polygon", "coordinates": [ [ [ 30.98865, 1.13761 ], [ 30.94037, 1.16183 ], [ 30.94023, 1.21049 ], [ 30.98837, 1.23493 ], [ 31.03664, 1.21071 ], [ 31.03679, 1.16205 ], [ 30.98865, 1.13761 ] ] ] } },
{ "type": "Feature", "properties": { "pop": 7863.0 }, "geometry": { "type": "Polygon", "coordinates": [ [ [ 30.98823, 1.28359 ], [ 30.93995, 1.30782 ], [ 30.93981, 1.35649 ], [ 30.98794, 1.38093 ], [ 31.03622, 1.3567 ], [ 31.03636, 1.30803 ], [ 30.98823, 1.28359 ] ] ] } },
{ "type": "Feature", "properties": { "pop": 10302.0 }, "geometry": { "type": "Polygon", "coordinates": [ [ [ 30.9878, 1.4296 ], [ 30.93953, 1.45382 ], [ 30.93939, 1.5025 ], [ 30.98752, 1.52694 ], [ 31.03579, 1.50271 ], [ 31.03593, 1.45404 ], [ 30.9878, 1.4296 ] ] ] } },
{ "type": "Feature", "properties": { "pop": 1759.0 }, "geometry": { "type": "Polygon", "coordinates": [ [ [ 30.98525, 2.30604 ], [ 30.937, 2.33029 ], [ 30.93686, 2.37901 ], [ 30.98497, 2.40347 ], [ 31.03321, 2.37922 ], [ 31.03336, 2.3305 ], [ 30.98525, 2.30604 ] ] ] } },
{ "type": "Feature", "properties": { "pop": 15378.0 }, "geometry": { "type": "Polygon", "coordinates": [ [ [ 30.98482, 2.45219 ], [ 30.93658, 2.47645 ], [ 30.93644, 2.52518 ], [ 30.98454, 2.54965 ], [ 31.03279, 2.52539 ], [ 31.03293, 2.47666 ], [ 30.98482, 2.45219 ] ] ] } },
{ "type": "Feature", "properties": { "pop": 10383.0 }, "geometry": { "type": "Polygon", "coordinates": [ [ [ 30.9844, 2.59838 ], [ 30.93615, 2.62264 ], [ 30.93601, 2.67137 ], [ 30.98411, 2.69585 ], [ 31.03236, 2.67159 ], [ 31.0325, 2.62285 ], [ 30.9844, 2.59838 ] ] ] } },
{ "type": "Feature", "properties": { "pop": 17160.0 }, "geometry": { "type": "Polygon", "coordinates": [ [ [ 30.98397, 2.74459 ], [ 30.93573, 2.76885 ], [ 30.93559, 2.81759 ], [ 30.98369, 2.84207 ], [ 31.03193, 2.81781 ], [ 31.03207, 2.76906 ], [ 30.98397, 2.74459 ] ] ] } },
{ "type": "Feature", "properties": { "pop": 16236.0 }, "geometry": { "type": "Polygon", "coordinates": [ [ [ 30.98355, 2.89082 ], [ 30.93531, 2.91509 ], [ 30.93517, 2.96384 ], [ 30.98327, 2.98833 ], [ 31.0315, 2.96406 ], [ 31.03164, 2.91531 ], [ 30.98355, 2.89082 ] ] ] } },
{ "type": "Feature", "properties": { "pop": 46389.0 }, "geometry": { "type": "Polygon", "coordinates": [ [ [ 30.98312, 3.03709 ], [ 30.93489, 3.06136 ], [ 30.93475, 3.11012 ], [ 30.98284, 3.13461 ], [ 31.03107, 3.11034 ], [ 31.03121, 3.06158 ], [ 30.98312, 3.03709 ] ] ] } },
{ "type": "Feature", "properties": { "pop": 44812.0 }, "geometry": { "type": "Polygon", "coordinates": [ [ [ 30.9827, 3.18338 ], [ 30.93447, 3.20766 ], [ 30.93433, 3.25643 ], [ 30.98242, 3.28093 ], [ 31.03064, 3.25665 ], [ 31.03079, 3.20788 ], [ 30.9827, 3.18338 ] ] ] } },
{ "type": "Feature", "properties": { "pop": 74263.0 }, "geometry": { "type": "Polygon", "coordinates": [ [ [ 30.98227, 3.32971 ], [ 30.93405, 3.35399 ], [ 30.93391, 3.40278 ], [ 30.98199, 3.42728 ], [ 31.03022, 3.40299 ], [ 31.03036, 3.35421 ], [ 30.98227, 3.32971 ] ] ] } },
{ "type": "Feature", "properties": { "pop": 23055.0 }, "geometry": { "type": "Polygon", "coordinates": [ [ [ 30.98185, 3.47607 ], [ 30.93363, 3.50035 ], [ 30.93349, 3.54915 ], [ 30.98157, 3.57365 ], [ 31.02979, 3.54936 ], [ 31.02993, 3.50057 ], [ 30.98185, 3.47607 ] ] ] } },
{ "type": "Feature", "properties": { "pop": 5088.0 }, "geometry": { "type": "Polygon", "coordinates": [ [ [ 30.98142, 3.62245 ], [ 30.93321, 3.64675 ], [ 30.93306, 3.69555 ], [ 30.98114, 3.72007 ], [ 31.02936, 3.69577 ], [ 31.0295, 3.64696 ], [ 30.98142, 3.62245 ] ] ] } },
{ "type": "Feature", "properties": { "pop": 13250.0 }, "geometry": { "type": "Polygon", "coordinates": [ [ [ 31.04309, -0.97751 ], [ 30.99476, -0.95332 ], [ 30.99462, -0.90471 ], [ 31.0428, -0.8803 ], [ 31.09113, -0.9045 ], [ 31.09127, -0.9531 ], [ 31.04309, -0.97751 ] ] ] } },
{ "type": "Feature", "properties": { "pop": 13692.0 }, "geometry": { "type": "Polygon", "coordinates": [ [ [ 31.04266, -0.8317 ], [ 30.99433, -0.8075 ], [ 30.99419, -0.75889 ], [ 31.04237, -0.73448 ], [ 31.09069, -0.75868 ], [ 31.09084, -0.80728 ], [ 31.04266, -0.8317 ] ] ] } },
{ "type": "Feature", "properties": { "pop": 382.0 }, "geometry": { "type": "Polygon", "coordinates": [ [ [ 31.04223, -0.68587 ], [ 30.99391, -0.66168 ], [ 30.99376, -0.61307 ], [ 31.04194, -0.58865 ], [ 31.09026, -0.61285 ], [ 31.0904, -0.66146 ], [ 31.04223, -0.68587 ] ] ] } },
{ "type": "Feature", "properties": { "pop": 8857.0 }, "geometry": { "type": "Polygon", "coordinates": [ [ [ 31.0418, -0.54004 ], [ 30.99348, -0.51585 ], [ 30.99334, -0.46723 ], [ 31.04151, -0.44282 ], [ 31.08983, -0.46702 ], [ 31.08997, -0.51563 ], [ 31.0418, -0.54004 ] ] ] } },
{ "type": "Feature", "properties": { "pop": 1110.0 }, "geometry": { "type": "Polygon", "coordinates": [ [ [ 31.04137, -0.39421 ], [ 30.99305, -0.37001 ], [ 30.99291, -0.32139 ], [ 31.04108, -0.29698 ], [ 31.08939, -0.32118 ], [ 31.08954, -0.36979 ], [ 31.04137, -0.39421 ] ] ] } },
{ "type": "Feature", "properties": { "pop": 3313.0 }, "geometry": { "type": "Polygon", "coordinates": [ [ [ 31.04094, -0.24836 ], [ 30.99263, -0.22416 ], [ 30.99248, -0.17555 ], [ 31.04065, -0.15113 ], [ 31.08896, -0.17533 ], [ 31.08911, -0.22395 ], [ 31.04094, -0.24836 ] ] ] } },
{ "type": "Feature", "properties": { "pop": 8866.0 }, "geometry": { "type": "Polygon", "coordinates": [ [ [ 31.04051, -0.10251 ], [ 30.9922, -0.07831 ], [ 30.99206, -0.02969 ], [ 31.04022, -0.00527 ], [ 31.08853, -0.02947 ], [ 31.08867, -0.07809 ], [ 31.04051, -0.10251 ] ] ] } },
{ "type": "Feature", "properties": { "pop": 7044.0 }, "geometry": { "type": "Polygon", "coordinates": [ [ [ 31.04008, 0.04335 ], [ 30.99177, 0.06755 ], [ 30.99163, 0.11618 ], [ 31.03979, 0.1406 ], [ 31.08809, 0.11639 ], [ 31.08824, 0.06777 ], [ 31.04008, 0.04335 ] ] ] } },
{ "type": "Feature", "properties": { "pop": 7532.0 }, "geometry": { "type": "Polygon", "coordinates": [ [ [ 31.03965, 0.18922 ], [ 30.99135, 0.21343 ], [ 30.99121, 0.26206 ], [ 31.03936, 0.28648 ], [ 31.08766, 0.26227 ], [ 31.08781, 0.21365 ], [ 31.03965, 0.18922 ] ] ] } },
{ "type": "Feature", "properties": { "pop": 28804.0 }, "geometry": { "type": "Polygon", "coordinates": [ [ [ 31.03922, 0.33511 ], [ 30.99092, 0.35932 ], [ 30.99078, 0.40795 ], [ 31.03893, 0.43237 ], [ 31.08723, 0.40816 ], [ 31.08737, 0.35953 ], [ 31.03922, 0.33511 ] ] ] } },
{ "type": "Feature", "properties": { "pop": 19663.0 }, "geometry": { "type": "Polygon", "coordinates": [ [ [ 31.03879, 0.481 ], [ 30.9905, 0.50521 ], [ 30.99035, 0.55385 ], [ 31.0385, 0.57828 ], [ 31.0868, 0.55407 ], [ 31.08694, 0.50543 ], [ 31.03879, 0.481 ] ] ] } },
{ "type": "Feature", "properties": { "pop": 15672.0 }, "geometry": { "type": "Polygon", "coordinates": [ [ [ 31.03836, 0.62692 ], [ 30.99007, 0.65113 ], [ 30.98993, 0.69977 ], [ 31.03807, 0.7242 ], [ 31.08636, 0.69998 ], [ 31.08651, 0.65134 ], [ 31.03836, 0.62692 ] ] ] } },
{ "type": "Feature", "properties": { "pop": 15098.0 }, "geometry": { "type": "Polygon", "coordinates": [ [ [ 31.03793, 0.77284 ], [ 30.98964, 0.79705 ], [ 30.9895, 0.8457 ], [ 31.03765, 0.87013 ], [ 31.08593, 0.84592 ], [ 31.08608, 0.79727 ], [ 31.03793, 0.77284 ] ] ] } },
{ "type": "Feature", "properties": { "pop": 19318.0 }, "geometry": { "type": "Polygon", "coordinates": [ [ [ 31.0375, 0.91878 ], [ 30.98922, 0.943 ], [ 30.98908, 0.99165 ], [ 31.03722, 1.01608 ], [ 31.0855, 0.99186 ], [ 31.08564, 0.94321 ], [ 31.0375, 0.91878 ] ] ] } },
{ "type": "Feature", "properties": { "pop": 17276.0 }, "geometry": { "type": "Polygon", "coordinates": [ [ [ 31.03707, 1.06474 ], [ 30.98879, 1.08896 ], [ 30.98865, 1.13761 ], [ 31.03679, 1.16205 ], [ 31.08507, 1.13783 ], [ 31.08521, 1.08917 ], [ 31.03707, 1.06474 ] ] ] } },
{ "type": "Feature", "properties": { "pop": 6619.0 }, "geometry": { "type": "Polygon", "coordinates": [ [ [ 31.03664, 1.21071 ], [ 30.98837, 1.23493 ], [ 30.98823, 1.28359 ], [ 31.03636, 1.30803 ], [ 31.08463, 1.28381 ], [ 31.08478, 1.23515 ], [ 31.03664, 1.21071 ] ] ] } },
{ "type": "Feature", "properties": { "pop": 11544.0 }, "geometry": { "type": "Polygon", "coordinates": [ [ [ 31.03622, 1.3567 ], [ 30.98794, 1.38093 ], [ 30.9878, 1.4296 ], [ 31.03593, 1.45404 ], [ 31.0842, 1.42981 ], [ 31.08435, 1.38114 ], [ 31.03622, 1.3567 ] ] ] } },
{ "type": "Feature", "properties": { "pop": 3176.0 }, "geometry": { "type": "Polygon", "coordinates": [ [ [ 31.03579, 1.50271 ], [ 30.98752, 1.52694 ], [ 30.98737, 1.57562 ], [ 31.0355, 1.60006 ], [ 31.08377, 1.57583 ], [ 31.08391, 1.52716 ], [ 31.03579, 1.50271 ] ] ] } },
{ "type": "Feature", "properties": { "pop": 44933.0 }, "geometry": { "type": "Polygon", "coordinates": [ [ [ 31.03321, 2.37922 ], [ 30.98497, 2.40347 ], [ 30.98482, 2.45219 ], [ 31.03293, 2.47666 ], [ 31.08118, 2.45241 ], [ 31.08132, 2.40369 ], [ 31.03321, 2.37922 ] ] ] } },
{ "type": "Feature", "properties": { "pop": 11131.0 }, "geometry": { "type": "Polygon", "coordinates": [ [ [ 31.03279, 2.52539 ], [ 30.98454, 2.54965 ], [ 30.9844, 2.59838 ], [ 31.0325, 2.62285 ], [ 31.08074, 2.59859 ], [ 31.08089, 2.54986 ], [ 31.03279, 2.52539 ] ] ] } },
{ "type": "Feature", "properties": { "pop": 9665.0 }, "geometry": { "type": "Polygon", "coordinates": [ [ [ 31.03236, 2.67159 ], [ 30.98411, 2.69585 ], [ 30.98397, 2.74459 ], [ 31.03207, 2.76906 ], [ 31.08031, 2.7448 ], [ 31.08046, 2.69606 ], [ 31.03236, 2.67159 ] ] ] } },
{ "type": "Feature", "properties": { "pop": 11882.0 }, "geometry": { "type": "Polygon", "coordinates": [ [ [ 31.03193, 2.81781 ], [ 30.98369, 2.84207 ], [ 30.98355, 2.89082 ], [ 31.03164, 2.91531 ], [ 31.07988, 2.89104 ], [ 31.08002, 2.84229 ], [ 31.03193, 2.81781 ] ] ] } },
{ "type": "Feature", "properties": { "pop": 15025.0 }, "geometry": { "type": "Polygon", "coordinates": [ [ [ 31.0315, 2.96406 ], [ 30.98327, 2.98833 ], [ 30.98312, 3.03709 ], [ 31.03121, 3.06158 ], [ 31.07945, 3.0373 ], [ 31.07959, 2.98855 ], [ 31.0315, 2.96406 ] ] ] } },
{ "type": "Feature", "properties": { "pop": 36961.0 }, "geometry": { "type": "Polygon", "coordinates": [ [ [ 31.03107, 3.11034 ], [ 30.98284, 3.13461 ], [ 30.9827, 3.18338 ], [ 31.03079, 3.20788 ], [ 31.07902, 3.1836 ], [ 31.07916, 3.13483 ], [ 31.03107, 3.11034 ] ] ] } },
{ "type": "Feature", "properties": { "pop": 37480.0 }, "geometry": { "type": "Polygon", "coordinates": [ [ [ 31.03064, 3.25665 ], [ 30.98242, 3.28093 ], [ 30.98227, 3.32971 ], [ 31.03036, 3.35421 ], [ 31.07859, 3.32992 ], [ 31.07873, 3.28115 ], [ 31.03064, 3.25665 ] ] ] } },
{ "type": "Feature", "properties": { "pop": 33734.0 }, "geometry": { "type": "Polygon", "coordinates": [ [ [ 31.03022, 3.40299 ], [ 30.98199, 3.42728 ], [ 30.98185, 3.47607 ], [ 31.02993, 3.50057 ], [ 31.07815, 3.47628 ], [ 31.0783, 3.42749 ], [ 31.03022, 3.40299 ] ] ] } },
{ "type": "Feature", "properties": { "pop": 10218.0 }, "geometry": { "type": "Polygon", "coordinates": [ [ [ 31.02979, 3.54936 ], [ 30.98157, 3.57365 ], [ 30.98142, 3.62245 ], [ 31.0295, 3.64696 ], [ 31.07772, 3.62267 ], [ 31.07787, 3.57387 ], [ 31.02979, 3.54936 ] ] ] } },
{ "type": "Feature", "properties": { "pop": 1009.0 }, "geometry": { "type": "Polygon", "coordinates": [ [ [ 31.02936, 3.69577 ], [ 30.98114, 3.72007 ], [ 30.981, 3.76888 ], [ 31.02907, 3.79339 ], [ 31.07729, 3.76909 ], [ 31.07744, 3.72028 ], [ 31.02936, 3.69577 ] ] ] } },
{ "type": "Feature", "properties": { "pop": 4551.0 }, "geometry": { "type": "Polygon", "coordinates": [ [ [ 31.09156, -1.05031 ], [ 31.04323, -1.02612 ], [ 31.04309, -0.97751 ], [ 31.09127, -0.9531 ], [ 31.1396, -0.97729 ], [ 31.13975, -1.0259 ], [ 31.09156, -1.05031 ] ] ] } },
{ "type": "Feature", "properties": { "pop": 13738.0 }, "geometry": { "type": "Polygon", "coordinates": [ [ [ 31.09113, -0.9045 ], [ 31.0428, -0.8803 ], [ 31.04266, -0.8317 ], [ 31.09084, -0.80728 ], [ 31.13916, -0.83148 ], [ 31.13931, -0.88008 ], [ 31.09113, -0.9045 ] ] ] } },
{ "type": "Feature", "properties": { "pop": 5001.0 }, "geometry": { "type": "Polygon", "coordinates": [ [ [ 31.09069, -0.75868 ], [ 31.04237, -0.73448 ], [ 31.04223, -0.68587 ], [ 31.0904, -0.66146 ], [ 31.13873, -0.68565 ], [ 31.13887, -0.73426 ], [ 31.09069, -0.75868 ] ] ] } },
{ "type": "Feature", "properties": { "pop": 1010.0 }, "geometry": { "type": "Polygon", "coordinates": [ [ [ 31.09026, -0.61285 ], [ 31.04194, -0.58865 ], [ 31.0418, -0.54004 ], [ 31.08997, -0.51563 ], [ 31.13829, -0.53983 ], [ 31.13844, -0.58844 ], [ 31.09026, -0.61285 ] ] ] } },
{ "type": "Feature", "properties": { "pop": 8928.0 }, "geometry": { "type": "Polygon", "coordinates": [ [ [ 31.08983, -0.46702 ], [ 31.04151, -0.44282 ], [ 31.04137, -0.39421 ], [ 31.08954, -0.36979 ], [ 31.13785, -0.39399 ], [ 31.138, -0.4426 ], [ 31.08983, -0.46702 ] ] ] } },
{ "type": "Feature", "properties": { "pop": 5413.0 }, "geometry": { "type": "Polygon", "coordinates": [ [ [ 31.08939, -0.32118 ], [ 31.04108, -0.29698 ], [ 31.04094, -0.24836 ], [ 31.08911, -0.22395 ], [ 31.13742, -0.24815 ], [ 31.13756, -0.29676 ], [ 31.08939, -0.32118 ] ] ] } },
{ "type": "Feature", "properties": { "pop": 5478.0 }, "geometry": { "type": "Polygon", "coordinates": [ [ [ 31.08896, -0.17533 ], [ 31.04065, -0.15113 ], [ 31.04051, -0.10251 ], [ 31.08867, -0.07809 ], [ 31.13698, -0.10229 ], [ 31.13713, -0.15091 ], [ 31.08896, -0.17533 ] ] ] } },
{ "type": "Feature", "properties": { "pop": 7571.0 }, "geometry": { "type": "Polygon", "coordinates": [ [ [ 31.08853, -0.02947 ], [ 31.04022, -0.00527 ], [ 31.04008, 0.04335 ], [ 31.08824, 0.06777 ], [ 31.13654, 0.04357 ], [ 31.13669, -0.00505 ], [ 31.08853, -0.02947 ] ] ] } },
{ "type": "Feature", "properties": { "pop": 9425.0 }, "geometry": { "type": "Polygon", "coordinates": [ [ [ 31.08809, 0.11639 ], [ 31.03979, 0.1406 ], [ 31.03965, 0.18922 ], [ 31.08781, 0.21365 ], [ 31.13611, 0.18944 ], [ 31.13625, 0.14082 ], [ 31.08809, 0.11639 ] ] ] } },
{ "type": "Feature", "properties": { "pop": 21609.0 }, "geometry": { "type": "Polygon", "coordinates": [ [ [ 31.08766, 0.26227 ], [ 31.03936, 0.28648 ], [ 31.03922, 0.33511 ], [ 31.08737, 0.35953 ], [ 31.13567, 0.33533 ], [ 31.13582, 0.2867 ], [ 31.08766, 0.26227 ] ] ] } },
{ "type": "Feature", "properties": { "pop": 33578.0 }, "geometry": { "type": "Polygon", "coordinates": [ [ [ 31.08723, 0.40816 ], [ 31.03893, 0.43237 ], [ 31.03879, 0.481 ], [ 31.08694, 0.50543 ], [ 31.13524, 0.48122 ], [ 31.13538, 0.43259 ], [ 31.08723, 0.40816 ] ] ] } },
{ "type": "Feature", "properties": { "pop": 22164.0 }, "geometry": { "type": "Polygon", "coordinates": [ [ [ 31.0868, 0.55407 ], [ 31.0385, 0.57828 ], [ 31.03836, 0.62692 ], [ 31.08651, 0.65134 ], [ 31.1348, 0.62713 ], [ 31.13494, 0.5785 ], [ 31.0868, 0.55407 ] ] ] } },
{ "type": "Feature", "properties": { "pop": 19703.0 }, "geometry": { "type": "Polygon", "coordinates": [ [ [ 31.08636, 0.69998 ], [ 31.03807, 0.7242 ], [ 31.03793, 0.77284 ], [ 31.08608, 0.79727 ], [ 31.13436, 0.77306 ], [ 31.13451, 0.72441 ], [ 31.08636, 0.69998 ] ] ] } },
{ "type": "Feature", "properties": { "pop": 11790.0 }, "geometry": { "type": "Polygon", "coordinates": [ [ [ 31.08593, 0.84592 ], [ 31.03765, 0.87013 ], [ 31.0375, 0.91878 ], [ 31.08564, 0.94321 ], [ 31.13393, 0.919 ], [ 31.13407, 0.87035 ], [ 31.08593, 0.84592 ] ] ] } },
{ "type": "Feature", "properties": { "pop": 24795.0 }, "geometry": { "type": "Polygon", "coordinates": [ [ [ 31.0855, 0.99186 ], [ 31.03722, 1.01608 ], [ 31.03707, 1.06474 ], [ 31.08521, 1.08917 ], [ 31.13349, 1.06495 ], [ 31.13364, 1.0163 ], [ 31.0855, 0.99186 ] ] ] } },
{ "type": "Feature", "properties": { "pop": 8827.0 }, "geometry": { "type": "Polygon", "coordinates": [ [ [ 31.08507, 1.13783 ], [ 31.03679, 1.16205 ], [ 31.03664, 1.21071 ], [ 31.08478, 1.23515 ], [ 31.13306, 1.21093 ], [ 31.1332, 1.16227 ], [ 31.08507, 1.13783 ] ] ] } },
{ "type": "Feature", "properties": { "pop": 6117.0 }, "geometry": { "type": "Polygon", "coordinates": [ [ [ 31.08463, 1.28381 ], [ 31.03636, 1.30803 ], [ 31.03622, 1.3567 ], [ 31.08435, 1.38114 ], [ 31.13262, 1.35692 ], [ 31.13276, 1.30825 ], [ 31.08463, 1.28381 ] ] ] } },
{ "type": "Feature", "properties": { "pop": 7322.0 }, "geometry": { "type": "Polygon", "coordinates": [ [ [ 31.0842, 1.42981 ], [ 31.03593, 1.45404 ], [ 31.03579, 1.50271 ], [ 31.08391, 1.52716 ], [ 31.13218, 1.50293 ], [ 31.13233, 1.45426 ], [ 31.0842, 1.42981 ] ] ] } },
{ "type": "Feature", "properties": { "pop": 622.0 }, "geometry": { "type": "Polygon", "coordinates": [ [ [ 31.08377, 1.57583 ], [ 31.0355, 1.60006 ], [ 31.03536, 1.64874 ], [ 31.08348, 1.67319 ], [ 31.13175, 1.64896 ], [ 31.13189, 1.60028 ], [ 31.08377, 1.57583 ] ] ] } },
{ "type": "Feature", "properties": { "pop": 27885.0 }, "geometry": { "type": "Polygon", "coordinates": [ [ [ 31.08161, 2.30626 ], [ 31.03336, 2.3305 ], [ 31.03321, 2.37922 ], [ 31.08132, 2.40369 ], [ 31.12957, 2.37944 ], [ 31.12972, 2.33072 ], [ 31.08161, 2.30626 ] ] ] } },
{ "type": "Feature", "properties": { "pop": 47993.0 }, "geometry": { "type": "Polygon", "coordinates": [ [ [ 31.08118, 2.45241 ], [ 31.03293, 2.47666 ], [ 31.03279, 2.52539 ], [ 31.08089, 2.54986 ], [ 31.12914, 2.52561 ], [ 31.12928, 2.47688 ], [ 31.08118, 2.45241 ] ] ] } },
{ "type": "Feature", "properties": { "pop": 8777.0 }, "geometry": { "type": "Polygon", "coordinates": [ [ [ 31.08074, 2.59859 ], [ 31.0325, 2.62285 ], [ 31.03236, 2.67159 ], [ 31.08046, 2.69606 ], [ 31.1287, 2.6718 ], [ 31.12884, 2.62307 ], [ 31.08074, 2.59859 ] ] ] } },
{ "type": "Feature", "properties": { "pop": 6270.0 }, "geometry": { "type": "Polygon", "coordinates": [ [ [ 31.08031, 2.7448 ], [ 31.03207, 2.76906 ], [ 31.03193, 2.81781 ], [ 31.08002, 2.84229 ], [ 31.12826, 2.81803 ], [ 31.12841, 2.76928 ], [ 31.08031, 2.7448 ] ] ] } },
{ "type": "Feature", "properties": { "pop": 6787.0 }, "geometry": { "type": "Polygon", "coordinates": [ [ [ 31.07988, 2.89104 ], [ 31.03164, 2.91531 ], [ 31.0315, 2.96406 ], [ 31.07959, 2.98855 ], [ 31.12783, 2.96428 ], [ 31.12797, 2.91552 ], [ 31.07988, 2.89104 ] ] ] } },
{ "type": "Feature", "properties": { "pop": 19629.0 }, "geometry": { "type": "Polygon", "coordinates": [ [ [ 31.07945, 3.0373 ], [ 31.03121, 3.06158 ], [ 31.03107, 3.11034 ], [ 31.07916, 3.13483 ], [ 31.12739, 3.11056 ], [ 31.12754, 3.06179 ], [ 31.07945, 3.0373 ] ] ] } },
{ "type": "Feature", "properties": { "pop": 42117.0 }, "geometry": { "type": "Polygon", "coordinates": [ [ [ 31.07902, 3.1836 ], [ 31.03079, 3.20788 ], [ 31.03064, 3.25665 ], [ 31.07873, 3.28115 ], [ 31.12696, 3.25687 ], [ 31.1271, 3.20809 ], [ 31.07902, 3.1836 ] ] ] } },
{ "type": "Feature", "properties": { "pop": 36934.0 }, "geometry": { "type": "Polygon", "coordinates": [ [ [ 31.07859, 3.32992 ], [ 31.03036, 3.35421 ], [ 31.03022, 3.40299 ], [ 31.0783, 3.42749 ], [ 31.12652, 3.40321 ], [ 31.12667, 3.35443 ], [ 31.07859, 3.32992 ] ] ] } },
{ "type": "Feature", "properties": { "pop": 17939.0 }, "geometry": { "type": "Polygon", "coordinates": [ [ [ 31.07815, 3.47628 ], [ 31.02993, 3.50057 ], [ 31.02979, 3.54936 ], [ 31.07787, 3.57387 ], [ 31.12609, 3.54958 ], [ 31.12623, 3.50079 ], [ 31.07815, 3.47628 ] ] ] } },
{ "type": "Feature", "properties": { "pop": 6871.0 }, "geometry": { "type": "Polygon", "coordinates": [ [ [ 31.07772, 3.62267 ], [ 31.0295, 3.64696 ], [ 31.02936, 3.69577 ], [ 31.07744, 3.72028 ], [ 31.12565, 3.69599 ], [ 31.1258, 3.64718 ], [ 31.07772, 3.62267 ] ] ] } },
{ "type": "Feature", "properties": { "pop": 5969.0 }, "geometry": { "type": "Polygon", "coordinates": [ [ [ 31.1396, -0.97729 ], [ 31.09127, -0.9531 ], [ 31.09113, -0.9045 ], [ 31.13931, -0.88008 ], [ 31.18764, -0.90428 ], [ 31.18778, -0.95288 ], [ 31.1396, -0.97729 ] ] ] } },
{ "type": "Feature", "properties": { "pop": 11921.0 }, "geometry": { "type": "Polygon", "coordinates": [ [ [ 31.13916, -0.83148 ], [ 31.09084, -0.80728 ], [ 31.09069, -0.75868 ], [ 31.13887, -0.73426 ], [ 31.1872, -0.75846 ], [ 31.18734, -0.80706 ], [ 31.13916, -0.83148 ] ] ] } },
{ "type": "Feature", "properties": { "pop": 7655.0 }, "geometry": { "type": "Polygon", "coordinates": [ [ [ 31.13873, -0.68565 ], [ 31.0904, -0.66146 ], [ 31.09026, -0.61285 ], [ 31.13844, -0.58844 ], [ 31.18676, -0.61263 ], [ 31.1869, -0.66124 ], [ 31.13873, -0.68565 ] ] ] } },
{ "type": "Feature", "properties": { "pop": 7555.0 }, "geometry": { "type": "Polygon", "coordinates": [ [ [ 31.13829, -0.53983 ], [ 31.08997, -0.51563 ], [ 31.08983, -0.46702 ], [ 31.138, -0.4426 ], [ 31.18632, -0.4668 ], [ 31.18646, -0.51541 ], [ 31.13829, -0.53983 ] ] ] } },
{ "type": "Feature", "properties": { "pop": 14039.0 }, "geometry": { "type": "Polygon", "coordinates": [ [ [ 31.13785, -0.39399 ], [ 31.08954, -0.36979 ], [ 31.08939, -0.32118 ], [ 31.13756, -0.29676 ], [ 31.18588, -0.32096 ], [ 31.18602, -0.36957 ], [ 31.13785, -0.39399 ] ] ] } },
{ "type": "Feature", "properties": { "pop": 6796.0 }, "geometry": { "type": "Polygon", "coordinates": [ [ [ 31.13742, -0.24815 ], [ 31.08911, -0.22395 ], [ 31.08896, -0.17533 ], [ 31.13713, -0.15091 ], [ 31.18544, -0.17511 ], [ 31.18558, -0.22373 ], [ 31.13742, -0.24815 ] ] ] } },
{ "type": "Feature", "properties": { "pop": 4869.0 }, "geometry": { "type": "Polygon", "coordinates": [ [ [ 31.13698, -0.10229 ], [ 31.08867, -0.07809 ], [ 31.08853, -0.02947 ], [ 31.13669, -0.00505 ], [ 31.185, -0.02925 ], [ 31.18514, -0.07787 ], [ 31.13698, -0.10229 ] ] ] } },
{ "type": "Feature", "properties": { "pop": 13257.0 }, "geometry": { "type": "Polygon", "coordinates": [ [ [ 31.13654, 0.04357 ], [ 31.08824, 0.06777 ], [ 31.08809, 0.11639 ], [ 31.13625, 0.14082 ], [ 31.18456, 0.11661 ], [ 31.1847, 0.06799 ], [ 31.13654, 0.04357 ] ] ] } },
{ "type": "Feature", "properties": { "pop": 13438.0 }, "geometry": { "type": "Polygon", "coordinates": [ [ [ 31.13611, 0.18944 ], [ 31.08781, 0.21365 ], [ 31.08766, 0.26227 ], [ 31.13582, 0.2867 ], [ 31.18412, 0.26249 ], [ 31.18426, 0.21387 ], [ 31.13611, 0.18944 ] ] ] } },
{ "type": "Feature", "properties": { "pop": 26848.0 }, "geometry": { "type": "Polygon", "coordinates": [ [ [ 31.13567, 0.33533 ], [ 31.08737, 0.35953 ], [ 31.08723, 0.40816 ], [ 31.13538, 0.43259 ], [ 31.18368, 0.40838 ], [ 31.18382, 0.35975 ], [ 31.13567, 0.33533 ] ] ] } },
{ "type": "Feature", "properties": { "pop": 20418.0 }, "geometry": { "type": "Polygon", "coordinates": [ [ [ 31.13524, 0.48122 ], [ 31.08694, 0.50543 ], [ 31.0868, 0.55407 ], [ 31.13494, 0.5785 ], [ 31.18324, 0.55429 ], [ 31.18339, 0.50565 ], [ 31.13524, 0.48122 ] ] ] } },
{ "type": "Feature", "properties": { "pop": 15889.0 }, "geometry": { "type": "Polygon", "coordinates": [ [ [ 31.1348, 0.62713 ], [ 31.08651, 0.65134 ], [ 31.08636, 0.69998 ], [ 31.13451, 0.72441 ], [ 31.1828, 0.7002 ], [ 31.18295, 0.65156 ], [ 31.1348, 0.62713 ] ] ] } },
{ "type": "Feature", "properties": { "pop": 13513.0 }, "geometry": { "type": "Polygon", "coordinates": [ [ [ 31.13436, 0.77306 ], [ 31.08608, 0.79727 ], [ 31.08593, 0.84592 ], [ 31.13407, 0.87035 ], [ 31.18236, 0.84614 ], [ 31.18251, 0.79749 ], [ 31.13436, 0.77306 ] ] ] } },
{ "type": "Feature", "properties": { "pop": 29777.0 }, "geometry": { "type": "Polygon", "coordinates": [ [ [ 31.13393, 0.919 ], [ 31.08564, 0.94321 ], [ 31.0855, 0.99186 ], [ 31.13364, 1.0163 ], [ 31.18192, 0.99208 ], [ 31.18207, 0.94343 ], [ 31.13393, 0.919 ] ] ] } },
{ "type": "Feature", "properties": { "pop": 18701.0 }, "geometry": { "type": "Polygon", "coordinates": [ [ [ 31.13349, 1.06495 ], [ 31.08521, 1.08917 ], [ 31.08507, 1.13783 ], [ 31.1332, 1.16227 ], [ 31.18148, 1.13805 ], [ 31.18163, 1.08939 ], [ 31.13349, 1.06495 ] ] ] } },
{ "type": "Feature", "properties": { "pop": 11096.0 }, "geometry": { "type": "Polygon", "coordinates": [ [ [ 31.13306, 1.21093 ], [ 31.08478, 1.23515 ], [ 31.08463, 1.28381 ], [ 31.13276, 1.30825 ], [ 31.18104, 1.28403 ], [ 31.18119, 1.23537 ], [ 31.13306, 1.21093 ] ] ] } },
{ "type": "Feature", "properties": { "pop": 12358.0 }, "geometry": { "type": "Polygon", "coordinates": [ [ [ 31.13262, 1.35692 ], [ 31.08435, 1.38114 ], [ 31.0842, 1.42981 ], [ 31.13233, 1.45426 ], [ 31.1806, 1.43003 ], [ 31.18075, 1.38136 ], [ 31.13262, 1.35692 ] ] ] } },
{ "type": "Feature", "properties": { "pop": 18602.0 }, "geometry": { "type": "Polygon", "coordinates": [ [ [ 31.13218, 1.50293 ], [ 31.08391, 1.52716 ], [ 31.08377, 1.57583 ], [ 31.13189, 1.60028 ], [ 31.18016, 1.57605 ], [ 31.18031, 1.52738 ], [ 31.13218, 1.50293 ] ] ] } },
{ "type": "Feature", "properties": { "pop": 20586.0 }, "geometry": { "type": "Polygon", "coordinates": [ [ [ 31.13001, 2.2333 ], [ 31.08175, 2.25754 ], [ 31.08161, 2.30626 ], [ 31.12972, 2.33072 ], [ 31.17797, 2.30648 ], [ 31.17811, 2.25776 ], [ 31.13001, 2.2333 ] ] ] } },
{ "type": "Feature", "properties": { "pop": 27953.0 }, "geometry": { "type": "Polygon", "coordinates": [ [ [ 31.12957, 2.37944 ], [ 31.08132, 2.40369 ], [ 31.08118, 2.45241 ], [ 31.12928, 2.47688 ], [ 31.17753, 2.45263 ], [ 31.17768, 2.40391 ], [ 31.12957, 2.37944 ] ] ] } },
{ "type": "Feature", "properties": { "pop": 8970.0 }, "geometry": { "type": "Polygon", "coordinates": [ [ [ 31.12914, 2.52561 ], [ 31.08089, 2.54986 ], [ 31.08074, 2.59859 ], [ 31.12884, 2.62307 ], [ 31.17709, 2.59881 ], [ 31.17724, 2.55008 ], [ 31.12914, 2.52561 ] ] ] } },
{ "type": "Feature", "properties": { "pop": 5406.0 }, "geometry": { "type": "Polygon", "coordinates": [ [ [ 31.1287, 2.6718 ], [ 31.08046, 2.69606 ], [ 31.08031, 2.7448 ], [ 31.12841, 2.76928 ], [ 31.17665, 2.74502 ], [ 31.1768, 2.69628 ], [ 31.1287, 2.6718 ] ] ] } },
{ "type": "Feature", "properties": { "pop": 4272.0 }, "geometry": { "type": "Polygon", "coordinates": [ [ [ 31.12826, 2.81803 ], [ 31.08002, 2.84229 ], [ 31.07988, 2.89104 ], [ 31.12797, 2.91552 ], [ 31.17621, 2.89126 ], [ 31.17636, 2.84251 ], [ 31.12826, 2.81803 ] ] ] } },
{ "type": "Feature", "properties": { "pop": 6451.0 }, "geometry": { "type": "Polygon", "coordinates": [ [ [ 31.12783, 2.96428 ], [ 31.07959, 2.98855 ], [ 31.07945, 3.0373 ], [ 31.12754, 3.06179 ], [ 31.17577, 3.03752 ], [ 31.17592, 2.98877 ], [ 31.12783, 2.96428 ] ] ] } },
{ "type": "Feature", "properties": { "pop": 15007.0 }, "geometry": { "type": "Polygon", "coordinates": [ [ [ 31.12739, 3.11056 ], [ 31.07916, 3.13483 ], [ 31.07902, 3.1836 ], [ 31.1271, 3.20809 ], [ 31.17534, 3.18382 ], [ 31.17548, 3.13505 ], [ 31.12739, 3.11056 ] ] ] } },
{ "type": "Feature", "properties": { "pop": 34213.0 }, "geometry": { "type": "Polygon", "coordinates": [ [ [ 31.12696, 3.25687 ], [ 31.07873, 3.28115 ], [ 31.07859, 3.32992 ], [ 31.12667, 3.35443 ], [ 31.1749, 3.33015 ], [ 31.17504, 3.28137 ], [ 31.12696, 3.25687 ] ] ] } },
{ "type": "Feature", "properties": { "pop": 34869.0 }, "geometry": { "type": "Polygon", "coordinates": [ [ [ 31.12652, 3.40321 ], [ 31.0783, 3.42749 ], [ 31.07815, 3.47628 ], [ 31.12623, 3.50079 ], [ 31.17446, 3.4765 ], [ 31.17461, 3.42771 ], [ 31.12652, 3.40321 ] ] ] } },
{ "type": "Feature", "properties": { "pop": 18699.0 }, "geometry": { "type": "Polygon", "coordinates": [ [ [ 31.12609, 3.54958 ], [ 31.07787, 3.57387 ], [ 31.07772, 3.62267 ], [ 31.1258, 3.64718 ], [ 31.17402, 3.62289 ], [ 31.17417, 3.57409 ], [ 31.12609, 3.54958 ] ] ] } },
{ "type": "Feature", "properties": { "pop": 6966.0 }, "geometry": { "type": "Polygon", "coordinates": [ [ [ 31.12565, 3.69599 ], [ 31.07744, 3.72028 ], [ 31.07729, 3.76909 ], [ 31.12536, 3.79361 ], [ 31.17358, 3.76932 ], [ 31.17373, 3.7205 ], [ 31.12565, 3.69599 ] ] ] } },
{ "type": "Feature", "properties": { "pop": 2820.0 }, "geometry": { "type": "Polygon", "coordinates": [ [ [ 31.18808, -1.05009 ], [ 31.13975, -1.0259 ], [ 31.1396, -0.97729 ], [ 31.18778, -0.95288 ], [ 31.23611, -0.97707 ], [ 31.23626, -1.02568 ], [ 31.18808, -1.05009 ] ] ] } },
{ "type": "Feature", "properties": { "pop": 11612.0 }, "geometry": { "type": "Polygon", "coordinates": [ [ [ 31.18764, -0.90428 ], [ 31.13931, -0.88008 ], [ 31.13916, -0.83148 ], [ 31.18734, -0.80706 ], [ 31.23567, -0.83126 ], [ 31.23582, -0.87986 ], [ 31.18764, -0.90428 ] ] ] } },
{ "type": "Feature", "properties": { "pop": 10750.0 }, "geometry": { "type": "Polygon", "coordinates": [ [ [ 31.1872, -0.75846 ], [ 31.13887, -0.73426 ], [ 31.13873, -0.68565 ], [ 31.1869, -0.66124 ], [ 31.23523, -0.68543 ], [ 31.23538, -0.73404 ], [ 31.1872, -0.75846 ] ] ] } },
{ "type": "Feature", "properties": { "pop": 13506.0 }, "geometry": { "type": "Polygon", "coordinates": [ [ [ 31.18676, -0.61263 ], [ 31.13844, -0.58844 ], [ 31.13829, -0.53983 ], [ 31.18646, -0.51541 ], [ 31.23478, -0.5396 ], [ 31.23493, -0.58821 ], [ 31.18676, -0.61263 ] ] ] } },
{ "type": "Feature", "properties": { "pop": 35691.0 }, "geometry": { "type": "Polygon", "coordinates": [ [ [ 31.18632, -0.4668 ], [ 31.138, -0.4426 ], [ 31.13785, -0.39399 ], [ 31.18602, -0.36957 ], [ 31.23434, -0.39377 ], [ 31.23449, -0.44238 ], [ 31.18632, -0.4668 ] ] ] } },
{ "type": "Feature", "properties": { "pop": 15031.0 }, "geometry": { "type": "Polygon", "coordinates": [ [ [ 31.18588, -0.32096 ], [ 31.13756, -0.29676 ], [ 31.13742, -0.24815 ], [ 31.18558, -0.22373 ], [ 31.2339, -0.24792 ], [ 31.23404, -0.29654 ], [ 31.18588, -0.32096 ] ] ] } },
{ "type": "Feature", "properties": { "pop": 4849.0 }, "geometry": { "type": "Polygon", "coordinates": [ [ [ 31.18544, -0.17511 ], [ 31.13713, -0.15091 ], [ 31.13698, -0.10229 ], [ 31.18514, -0.07787 ], [ 31.23345, -0.10207 ], [ 31.2336, -0.15069 ], [ 31.18544, -0.17511 ] ] ] } },
{ "type": "Feature", "properties": { "pop": 7604.0 }, "geometry": { "type": "Polygon", "coordinates": [ [ [ 31.185, -0.02925 ], [ 31.13669, -0.00505 ], [ 31.13654, 0.04357 ], [ 31.1847, 0.06799 ], [ 31.23301, 0.04379 ], [ 31.23316, -0.00483 ], [ 31.185, -0.02925 ] ] ] } },
{ "type": "Feature", "properties": { "pop": 8700.0 }, "geometry": { "type": "Polygon", "coordinates": [ [ [ 31.18456, 0.11661 ], [ 31.13625, 0.14082 ], [ 31.13611, 0.18944 ], [ 31.18426, 0.21387 ], [ 31.23257, 0.18966 ], [ 31.23271, 0.14104 ], [ 31.18456, 0.11661 ] ] ] } },
{ "type": "Feature", "properties": { "pop": 12017.0 }, "geometry": { "type": "Polygon", "coordinates": [ [ [ 31.18412, 0.26249 ], [ 31.13582, 0.2867 ], [ 31.13567, 0.33533 ], [ 31.18382, 0.35975 ], [ 31.23212, 0.33555 ], [ 31.23227, 0.28692 ], [ 31.18412, 0.26249 ] ] ] } },
{ "type": "Feature", "properties": { "pop": 26972.0 }, "geometry": { "type": "Polygon", "coordinates": [ [ [ 31.18368, 0.40838 ], [ 31.13538, 0.43259 ], [ 31.13524, 0.48122 ], [ 31.18339, 0.50565 ], [ 31.23168, 0.48144 ], [ 31.23183, 0.43281 ], [ 31.18368, 0.40838 ] ] ] } },
{ "type": "Feature", "properties": { "pop": 22468.0 }, "geometry": { "type": "Polygon", "coordinates": [ [ [ 31.18324, 0.55429 ], [ 31.13494, 0.5785 ], [ 31.1348, 0.62713 ], [ 31.18295, 0.65156 ], [ 31.23124, 0.62736 ], [ 31.23139, 0.57872 ], [ 31.18324, 0.55429 ] ] ] } },
{ "type": "Feature", "properties": { "pop": 15121.0 }, "geometry": { "type": "Polygon", "coordinates": [ [ [ 31.1828, 0.7002 ], [ 31.13451, 0.72441 ], [ 31.13436, 0.77306 ], [ 31.18251, 0.79749 ], [ 31.2308, 0.77328 ], [ 31.23094, 0.72464 ], [ 31.1828, 0.7002 ] ] ] } },
{ "type": "Feature", "properties": { "pop": 21837.0 }, "geometry": { "type": "Polygon", "coordinates": [ [ [ 31.18236, 0.84614 ], [ 31.13407, 0.87035 ], [ 31.13393, 0.919 ], [ 31.18207, 0.94343 ], [ 31.23035, 0.91922 ], [ 31.2305, 0.87057 ], [ 31.18236, 0.84614 ] ] ] } },
{ "type": "Feature", "properties": { "pop": 27749.0 }, "geometry": { "type": "Polygon", "coordinates": [ [ [ 31.18192, 0.99208 ], [ 31.13364, 1.0163 ], [ 31.13349, 1.06495 ], [ 31.18163, 1.08939 ], [ 31.22991, 1.06518 ], [ 31.23006, 1.01652 ], [ 31.18192, 0.99208 ] ] ] } },
{ "type": "Feature", "properties": { "pop": 17276.0 }, "geometry": { "type": "Polygon", "coordinates": [ [ [ 31.18148, 1.13805 ], [ 31.1332, 1.16227 ], [ 31.13306, 1.21093 ], [ 31.18119, 1.23537 ], [ 31.22947, 1.21115 ], [ 31.22961, 1.16249 ], [ 31.18148, 1.13805 ] ] ] } },
{ "type": "Feature", "properties": { "pop": 22849.0 }, "geometry": { "type": "Polygon", "coordinates": [ [ [ 31.18104, 1.28403 ], [ 31.13276, 1.30825 ], [ 31.13262, 1.35692 ], [ 31.18075, 1.38136 ], [ 31.22902, 1.35714 ], [ 31.22917, 1.30847 ], [ 31.18104, 1.28403 ] ] ] } },
{ "type": "Feature", "properties": { "pop": 14408.0 }, "geometry": { "type": "Polygon", "coordinates": [ [ [ 31.1806, 1.43003 ], [ 31.13233, 1.45426 ], [ 31.13218, 1.50293 ], [ 31.18031, 1.52738 ], [ 31.22858, 1.50315 ], [ 31.22873, 1.45448 ], [ 31.1806, 1.43003 ] ] ] } },
{ "type": "Feature", "properties": { "pop": 5257.0 }, "geometry": { "type": "Polygon", "coordinates": [ [ [ 31.18016, 1.57605 ], [ 31.13189, 1.60028 ], [ 31.13175, 1.64896 ], [ 31.17987, 1.67341 ], [ 31.22814, 1.64918 ], [ 31.22829, 1.6005 ], [ 31.18016, 1.57605 ] ] ] } },
{ "type": "Feature", "properties": { "pop": 1380.0 }, "geometry": { "type": "Polygon", "coordinates": [ [ [ 31.17841, 2.16034 ], [ 31.13015, 2.18459 ], [ 31.13001, 2.2333 ], [ 31.17811, 2.25776 ], [ 31.22637, 2.23352 ], [ 31.22652, 2.18481 ], [ 31.17841, 2.16034 ] ] ] } },
{ "type": "Feature", "properties": { "pop": 32371.0 }, "geometry": { "type": "Polygon", "coordinates": [ [ [ 31.17797, 2.30648 ], [ 31.12972, 2.33072 ], [ 31.12957, 2.37944 ], [ 31.17768, 2.40391 ], [ 31.22593, 2.37966 ], [ 31.22607, 2.33094 ], [ 31.17797, 2.30648 ] ] ] } },
{ "type": "Feature", "properties": { "pop": 21283.0 }, "geometry": { "type": "Polygon", "coordinates": [ [ [ 31.17753, 2.45263 ], [ 31.12928, 2.47688 ], [ 31.12914, 2.52561 ], [ 31.17724, 2.55008 ], [ 31.22548, 2.52583 ], [ 31.22563, 2.4771 ], [ 31.17753, 2.45263 ] ] ] } },
{ "type": "Feature", "properties": { "pop": 5633.0 }, "geometry": { "type": "Polygon", "coordinates": [ [ [ 31.17709, 2.59881 ], [ 31.12884, 2.62307 ], [ 31.1287, 2.6718 ], [ 31.1768, 2.69628 ], [ 31.22504, 2.67203 ], [ 31.22519, 2.62329 ], [ 31.17709, 2.59881 ] ] ] } },
{ "type": "Feature", "properties": { "pop": 2753.0 }, "geometry": { "type": "Polygon", "coordinates": [ [ [ 31.17665, 2.74502 ], [ 31.12841, 2.76928 ], [ 31.12826, 2.81803 ], [ 31.17636, 2.84251 ], [ 31.2246, 2.81825 ], [ 31.22475, 2.7695 ], [ 31.17665, 2.74502 ] ] ] } },
{ "type": "Feature", "properties": { "pop": 3695.0 }, "geometry": { "type": "Polygon", "coordinates": [ [ [ 31.17621, 2.89126 ], [ 31.12797, 2.91552 ], [ 31.12783, 2.96428 ], [ 31.17592, 2.98877 ], [ 31.22416, 2.9645 ], [ 31.22431, 2.91575 ], [ 31.17621, 2.89126 ] ] ] } },
{ "type": "Feature", "properties": { "pop": 5175.0 }, "geometry": { "type": "Polygon", "coordinates": [ [ [ 31.17577, 3.03752 ], [ 31.12754, 3.06179 ], [ 31.12739, 3.11056 ], [ 31.17548, 3.13505 ], [ 31.22372, 3.11078 ], [ 31.22386, 3.06202 ], [ 31.17577, 3.03752 ] ] ] } },
{ "type": "Feature", "properties": { "pop": 15357.0 }, "geometry": { "type": "Polygon", "coordinates": [ [ [ 31.17534, 3.18382 ], [ 31.1271, 3.20809 ], [ 31.12696, 3.25687 ], [ 31.17504, 3.28137 ], [ 31.22327, 3.25709 ], [ 31.22342, 3.20832 ], [ 31.17534, 3.18382 ] ] ] } },
{ "type": "Feature", "properties": { "pop": 39190.0 }, "geometry": { "type": "Polygon", "coordinates": [ [ [ 31.1749, 3.33015 ], [ 31.12667, 3.35443 ], [ 31.12652, 3.40321 ], [ 31.17461, 3.42771 ], [ 31.22283, 3.40343 ], [ 31.22298, 3.35465 ], [ 31.1749, 3.33015 ] ] ] } },
{ "type": "Feature", "properties": { "pop": 20440.0 }, "geometry": { "type": "Polygon", "coordinates": [ [ [ 31.17446, 3.4765 ], [ 31.12623, 3.50079 ], [ 31.12609, 3.54958 ], [ 31.17417, 3.57409 ], [ 31.22239, 3.5498 ], [ 31.22254, 3.50101 ], [ 31.17446, 3.4765 ] ] ] } },
{ "type": "Feature", "properties": { "pop": 9950.0 }, "geometry": { "type": "Polygon", "coordinates": [ [ [ 31.17402, 3.62289 ], [ 31.1258, 3.64718 ], [ 31.12565, 3.69599 ], [ 31.17373, 3.7205 ], [ 31.22195, 3.69621 ], [ 31.2221, 3.64741 ], [ 31.17402, 3.62289 ] ] ] } },
{ "type": "Feature", "properties": { "pop": 1124.0 }, "geometry": { "type": "Polygon", "coordinates": [ [ [ 31.17358, 3.76932 ], [ 31.12536, 3.79361 ], [ 31.12522, 3.84243 ], [ 31.17329, 3.86695 ], [ 31.22151, 3.84265 ], [ 31.22165, 3.79383 ], [ 31.17358, 3.76932 ] ] ] } },
{ "type": "Feature", "properties": { "pop": 8382.0 }, "geometry": { "type": "Polygon", "coordinates": [ [ [ 31.23611, -0.97707 ], [ 31.18778, -0.95288 ], [ 31.18764, -0.90428 ], [ 31.23582, -0.87986 ], [ 31.28415, -0.90405 ], [ 31.2843, -0.95266 ], [ 31.23611, -0.97707 ] ] ] } },
{ "type": "Feature", "properties": { "pop": 14566.0 }, "geometry": { "type": "Polygon", "coordinates": [ [ [ 31.23567, -0.83126 ], [ 31.18734, -0.80706 ], [ 31.1872, -0.75846 ], [ 31.23538, -0.73404 ], [ 31.2837, -0.75823 ], [ 31.28385, -0.80684 ], [ 31.23567, -0.83126 ] ] ] } },
{ "type": "Feature", "properties": { "pop": 9246.0 }, "geometry": { "type": "Polygon", "coordinates": [ [ [ 31.23523, -0.68543 ], [ 31.1869, -0.66124 ], [ 31.18676, -0.61263 ], [ 31.23493, -0.58821 ], [ 31.28325, -0.61241 ], [ 31.2834, -0.66102 ], [ 31.23523, -0.68543 ] ] ] } },
{ "type": "Feature", "properties": { "pop": 19653.0 }, "geometry": { "type": "Polygon", "coordinates": [ [ [ 31.23478, -0.5396 ], [ 31.18646, -0.51541 ], [ 31.18632, -0.4668 ], [ 31.23449, -0.44238 ], [ 31.28281, -0.46657 ], [ 31.28296, -0.51519 ], [ 31.23478, -0.5396 ] ] ] } },
{ "type": "Feature", "properties": { "pop": 17789.0 }, "geometry": { "type": "Polygon", "coordinates": [ [ [ 31.23434, -0.39377 ], [ 31.18602, -0.36957 ], [ 31.18588, -0.32096 ], [ 31.23404, -0.29654 ], [ 31.28236, -0.32074 ], [ 31.28251, -0.36935 ], [ 31.23434, -0.39377 ] ] ] } },
{ "type": "Feature", "properties": { "pop": 5857.0 }, "geometry": { "type": "Polygon", "coordinates": [ [ [ 31.2339, -0.24792 ], [ 31.18558, -0.22373 ], [ 31.18544, -0.17511 ], [ 31.2336, -0.15069 ], [ 31.28191, -0.17489 ], [ 31.28206, -0.2235 ], [ 31.2339, -0.24792 ] ] ] } },
{ "type": "Feature", "properties": { "pop": 4711.0 }, "geometry": { "type": "Polygon", "coordinates": [ [ [ 31.23345, -0.10207 ], [ 31.18514, -0.07787 ], [ 31.185, -0.02925 ], [ 31.23316, -0.00483 ], [ 31.28147, -0.02903 ], [ 31.28162, -0.07765 ], [ 31.23345, -0.10207 ] ] ] } },
{ "type": "Feature", "properties": { "pop": 4314.0 }, "geometry": { "type": "Polygon", "coordinates": [ [ [ 31.23301, 0.04379 ], [ 31.1847, 0.06799 ], [ 31.18456, 0.11661 ], [ 31.23271, 0.14104 ], [ 31.28102, 0.11684 ], [ 31.28117, 0.06821 ], [ 31.23301, 0.04379 ] ] ] } },
{ "type": "Feature", "properties": { "pop": 10237.0 }, "geometry": { "type": "Polygon", "coordinates": [ [ [ 31.23257, 0.18966 ], [ 31.18426, 0.21387 ], [ 31.18412, 0.26249 ], [ 31.23227, 0.28692 ], [ 31.28057, 0.26272 ], [ 31.28072, 0.21409 ], [ 31.23257, 0.18966 ] ] ] } },
{ "type": "Feature", "properties": { "pop": 25736.0 }, "geometry": { "type": "Polygon", "coordinates": [ [ [ 31.23212, 0.33555 ], [ 31.18382, 0.35975 ], [ 31.18368, 0.40838 ], [ 31.23183, 0.43281 ], [ 31.28013, 0.40861 ], [ 31.28028, 0.35998 ], [ 31.23212, 0.33555 ] ] ] } },
{ "type": "Feature", "properties": { "pop": 25154.0 }, "geometry": { "type": "Polygon", "coordinates": [ [ [ 31.23168, 0.48144 ], [ 31.18339, 0.50565 ], [ 31.18324, 0.55429 ], [ 31.23139, 0.57872 ], [ 31.27968, 0.55451 ], [ 31.27983, 0.50587 ], [ 31.23168, 0.48144 ] ] ] } },
{ "type": "Feature", "properties": { "pop": 13816.0 }, "geometry": { "type": "Polygon", "coordinates": [ [ [ 31.23124, 0.62736 ], [ 31.18295, 0.65156 ], [ 31.1828, 0.7002 ], [ 31.23094, 0.72464 ], [ 31.27923, 0.70043 ], [ 31.27938, 0.65179 ], [ 31.23124, 0.62736 ] ] ] } },
{ "type": "Feature", "properties": { "pop": 15140.0 }, "geometry": { "type": "Polygon", "coordinates": [ [ [ 31.2308, 0.77328 ], [ 31.18251, 0.79749 ], [ 31.18236, 0.84614 ], [ 31.2305, 0.87057 ], [ 31.27879, 0.84636 ], [ 31.27894, 0.79771 ], [ 31.2308, 0.77328 ] ] ] } },
{ "type": "Feature", "properties": { "pop": 23591.0 }, "geometry": { "type": "Polygon", "coordinates": [ [ [ 31.23035, 0.91922 ], [ 31.18207, 0.94343 ], [ 31.18192, 0.99208 ], [ 31.23006, 1.01652 ], [ 31.27834, 0.99231 ], [ 31.27849, 0.94366 ], [ 31.23035, 0.91922 ] ] ] } },
{ "type": "Feature", "properties": { "pop": 22591.0 }, "geometry": { "type": "Polygon", "coordinates": [ [ [ 31.22991, 1.06518 ], [ 31.18163, 1.08939 ], [ 31.18148, 1.13805 ], [ 31.22961, 1.16249 ], [ 31.2779, 1.13827 ], [ 31.27804, 1.08962 ], [ 31.22991, 1.06518 ] ] ] } },
{ "type": "Feature", "properties": { "pop": 12357.0 }, "geometry": { "type": "Polygon", "coordinates": [ [ [ 31.22947, 1.21115 ], [ 31.18119, 1.23537 ], [ 31.18104, 1.28403 ], [ 31.22917, 1.30847 ], [ 31.27745, 1.28425 ], [ 31.2776, 1.23559 ], [ 31.22947, 1.21115 ] ] ] } },
{ "type": "Feature", "properties": { "pop": 18348.0 }, "geometry": { "type": "Polygon", "coordinates": [ [ [ 31.22902, 1.35714 ], [ 31.18075, 1.38136 ], [ 31.1806, 1.43003 ], [ 31.22873, 1.45448 ], [ 31.277, 1.43026 ], [ 31.27715, 1.38159 ], [ 31.22902, 1.35714 ] ] ] } },
{ "type": "Feature", "properties": { "pop": 22236.0 }, "geometry": { "type": "Polygon", "coordinates": [ [ [ 31.22858, 1.50315 ], [ 31.18031, 1.52738 ], [ 31.18016, 1.57605 ], [ 31.22829, 1.6005 ], [ 31.27656, 1.57628 ], [ 31.27671, 1.5276 ], [ 31.22858, 1.50315 ] ] ] } },
{ "type": "Feature", "properties": { "pop": 1580.0 }, "geometry": { "type": "Polygon", "coordinates": [ [ [ 31.22814, 1.64918 ], [ 31.17987, 1.67341 ], [ 31.17972, 1.72209 ], [ 31.22784, 1.74655 ], [ 31.27611, 1.72232 ], [ 31.27626, 1.67363 ], [ 31.22814, 1.64918 ] ] ] } },
{ "type": "Feature", "properties": { "pop": 32052.0 }, "geometry": { "type": "Polygon", "coordinates": [ [ [ 31.22637, 2.23352 ], [ 31.17811, 2.25776 ], [ 31.17797, 2.30648 ], [ 31.22607, 2.33094 ], [ 31.27433, 2.3067 ], [ 31.27448, 2.25799 ], [ 31.22637, 2.23352 ] ] ] } },
{ "type": "Feature", "properties": { "pop": 20821.0 }, "geometry": { "type": "Polygon", "coordinates": [ [ [ 31.22593, 2.37966 ], [ 31.17768, 2.40391 ], [ 31.17753, 2.45263 ], [ 31.22563, 2.4771 ], [ 31.27388, 2.45286 ], [ 31.27403, 2.40413 ], [ 31.22593, 2.37966 ] ] ] } },
{ "type": "Feature", "properties": { "pop": 10020.0 }, "geometry": { "type": "Polygon", "coordinates": [ [ [ 31.22548, 2.52583 ], [ 31.17724, 2.55008 ], [ 31.17709, 2.59881 ], [ 31.22519, 2.62329 ], [ 31.27344, 2.59904 ], [ 31.27359, 2.55031 ], [ 31.22548, 2.52583 ] ] ] } },
{ "type": "Feature", "properties": { "pop": 3086.0 }, "geometry": { "type": "Polygon", "coordinates": [ [ [ 31.22504, 2.67203 ], [ 31.1768, 2.69628 ], [ 31.17665, 2.74502 ], [ 31.22475, 2.7695 ], [ 31.27299, 2.74525 ], [ 31.27314, 2.69651 ], [ 31.22504, 2.67203 ] ] ] } },
{ "type": "Feature", "properties": { "pop": 4944.0 }, "geometry": { "type": "Polygon", "coordinates": [ [ [ 31.2246, 2.81825 ], [ 31.17636, 2.84251 ], [ 31.17621, 2.89126 ], [ 31.22431, 2.91575 ], [ 31.27255, 2.89148 ], [ 31.27269, 2.84273 ], [ 31.2246, 2.81825 ] ] ] } },
{ "type": "Feature", "properties": { "pop": 11540.0 }, "geometry": { "type": "Polygon", "coordinates": [ [ [ 31.22416, 2.9645 ], [ 31.17592, 2.98877 ], [ 31.17577, 3.03752 ], [ 31.22386, 3.06202 ], [ 31.2721, 3.03775 ], [ 31.27225, 2.98899 ], [ 31.22416, 2.9645 ] ] ] } },
{ "type": "Feature", "properties": { "pop": 3622.0 }, "geometry": { "type": "Polygon", "coordinates": [ [ [ 31.22372, 3.11078 ], [ 31.17548, 3.13505 ], [ 31.17534, 3.18382 ], [ 31.22342, 3.20832 ], [ 31.27165, 3.18404 ], [ 31.2718, 3.13527 ], [ 31.22372, 3.11078 ] ] ] } },
{ "type": "Feature", "properties": { "pop": 28746.0 }, "geometry": { "type": "Polygon", "coordinates": [ [ [ 31.22327, 3.25709 ], [ 31.17504, 3.28137 ], [ 31.1749, 3.33015 ], [ 31.22298, 3.35465 ], [ 31.27121, 3.33037 ], [ 31.27136, 3.28159 ], [ 31.22327, 3.25709 ] ] ] } },
{ "type": "Feature", "properties": { "pop": 122972.0 }, "geometry": { "type": "Polygon", "coordinates": [ [ [ 31.22283, 3.40343 ], [ 31.17461, 3.42771 ], [ 31.17446, 3.4765 ], [ 31.22254, 3.50101 ], [ 31.27076, 3.47673 ], [ 31.27091, 3.42794 ], [ 31.22283, 3.40343 ] ] ] } },
{ "type": "Feature", "properties": { "pop": 20195.0 }, "geometry": { "type": "Polygon", "coordinates": [ [ [ 31.22239, 3.5498 ], [ 31.17417, 3.57409 ], [ 31.17402, 3.62289 ], [ 31.2221, 3.64741 ], [ 31.27032, 3.62312 ], [ 31.27047, 3.57432 ], [ 31.22239, 3.5498 ] ] ] } },
{ "type": "Feature", "properties": { "pop": 9754.0 }, "geometry": { "type": "Polygon", "coordinates": [ [ [ 31.22195, 3.69621 ], [ 31.17373, 3.7205 ], [ 31.17358, 3.76932 ], [ 31.22165, 3.79383 ], [ 31.26987, 3.76954 ], [ 31.27002, 3.72073 ], [ 31.22195, 3.69621 ] ] ] } },
{ "type": "Feature", "properties": { "pop": 2079.0 }, "geometry": { "type": "Polygon", "coordinates": [ [ [ 31.2846, -1.04987 ], [ 31.23626, -1.02568 ], [ 31.23611, -0.97707 ], [ 31.2843, -0.95266 ], [ 31.33263, -0.97685 ], [ 31.33278, -1.02545 ], [ 31.2846, -1.04987 ] ] ] } },
{ "type": "Feature", "properties": { "pop": 14298.0 }, "geometry": { "type": "Polygon", "coordinates": [ [ [ 31.28415, -0.90405 ], [ 31.23582, -0.87986 ], [ 31.23567, -0.83126 ], [ 31.28385, -0.80684 ], [ 31.33218, -0.83103 ], [ 31.33233, -0.87964 ], [ 31.28415, -0.90405 ] ] ] } },
{ "type": "Feature", "properties": { "pop": 10689.0 }, "geometry": { "type": "Polygon", "coordinates": [ [ [ 31.2837, -0.75823 ], [ 31.23538, -0.73404 ], [ 31.23523, -0.68543 ], [ 31.2834, -0.66102 ], [ 31.33173, -0.68521 ], [ 31.33188, -0.73382 ], [ 31.2837, -0.75823 ] ] ] } },
{ "type": "Feature", "properties": { "pop": 27302.0 }, "geometry": { "type": "Polygon", "coordinates": [ [ [ 31.28325, -0.61241 ], [ 31.23493, -0.58821 ], [ 31.23478, -0.5396 ], [ 31.28296, -0.51519 ], [ 31.33128, -0.53938 ], [ 31.33143, -0.58799 ], [ 31.28325, -0.61241 ] ] ] } },
{ "type": "Feature", "properties": { "pop": 23190.0 }, "geometry": { "type": "Polygon", "coordinates": [ [ [ 31.28281, -0.46657 ], [ 31.23449, -0.44238 ], [ 31.23434, -0.39377 ], [ 31.28251, -0.36935 ], [ 31.33083, -0.39354 ], [ 31.33098, -0.44216 ], [ 31.28281, -0.46657 ] ] ] } },
{ "type": "Feature", "properties": { "pop": 16191.0 }, "geometry": { "type": "Polygon", "coordinates": [ [ [ 31.28236, -0.32074 ], [ 31.23404, -0.29654 ], [ 31.2339, -0.24792 ], [ 31.28206, -0.2235 ], [ 31.33038, -0.2477 ], [ 31.33053, -0.29631 ], [ 31.28236, -0.32074 ] ] ] } },
{ "type": "Feature", "properties": { "pop": 5373.0 }, "geometry": { "type": "Polygon", "coordinates": [ [ [ 31.28191, -0.17489 ], [ 31.2336, -0.15069 ], [ 31.23345, -0.10207 ], [ 31.28162, -0.07765 ], [ 31.32993, -0.10185 ], [ 31.33008, -0.15047 ], [ 31.28191, -0.17489 ] ] ] } },
{ "type": "Feature", "properties": { "pop": 4402.0 }, "geometry": { "type": "Polygon", "coordinates": [ [ [ 31.28147, -0.02903 ], [ 31.23316, -0.00483 ], [ 31.23301, 0.04379 ], [ 31.28117, 0.06821 ], [ 31.32948, 0.04402 ], [ 31.32963, -0.00461 ], [ 31.28147, -0.02903 ] ] ] } },
{ "type": "Feature", "properties": { "pop": 5097.0 }, "geometry": { "type": "Polygon", "coordinates": [ [ [ 31.28102, 0.11684 ], [ 31.23271, 0.14104 ], [ 31.23257, 0.18966 ], [ 31.28072, 0.21409 ], [ 31.32903, 0.18989 ], [ 31.32918, 0.14126 ], [ 31.28102, 0.11684 ] ] ] } },
{ "type": "Feature", "properties": { "pop": 9282.0 }, "geometry": { "type": "Polygon", "coordinates": [ [ [ 31.28057, 0.26272 ], [ 31.23227, 0.28692 ], [ 31.23212, 0.33555 ], [ 31.28028, 0.35998 ], [ 31.32858, 0.33577 ], [ 31.32873, 0.28714 ], [ 31.28057, 0.26272 ] ] ] } },
{ "type": "Feature", "properties": { "pop": 28987.0 }, "geometry": { "type": "Polygon", "coordinates": [ [ [ 31.28013, 0.40861 ], [ 31.23183, 0.43281 ], [ 31.23168, 0.48144 ], [ 31.27983, 0.50587 ], [ 31.32813, 0.48167 ], [ 31.32828, 0.43304 ], [ 31.28013, 0.40861 ] ] ] } },
{ "type": "Feature", "properties": { "pop": 17396.0 }, "geometry": { "type": "Polygon", "coordinates": [ [ [ 31.27968, 0.55451 ], [ 31.23139, 0.57872 ], [ 31.23124, 0.62736 ], [ 31.27938, 0.65179 ], [ 31.32768, 0.62758 ], [ 31.32783, 0.57894 ], [ 31.27968, 0.55451 ] ] ] } },
{ "type": "Feature", "properties": { "pop": 13890.0 }, "geometry": { "type": "Polygon", "coordinates": [ [ [ 31.27923, 0.70043 ], [ 31.23094, 0.72464 ], [ 31.2308, 0.77328 ], [ 31.27894, 0.79771 ], [ 31.32723, 0.7735 ], [ 31.32738, 0.72486 ], [ 31.27923, 0.70043 ] ] ] } },
{ "type": "Feature", "properties": { "pop": 16642.0 }, "geometry": { "type": "Polygon", "coordinates": [ [ [ 31.27879, 0.84636 ], [ 31.2305, 0.87057 ], [ 31.23035, 0.91922 ], [ 31.27849, 0.94366 ], [ 31.32678, 0.91944 ], [ 31.32693, 0.8708 ], [ 31.27879, 0.84636 ] ] ] } },
{ "type": "Feature", "properties": { "pop": 17532.0 }, "geometry": { "type": "Polygon", "coordinates": [ [ [ 31.27834, 0.99231 ], [ 31.23006, 1.01652 ], [ 31.22991, 1.06518 ], [ 31.27804, 1.08962 ], [ 31.32633, 1.0654 ], [ 31.32648, 1.01675 ], [ 31.27834, 0.99231 ] ] ] } },
{ "type": "Feature", "properties": { "pop": 20624.0 }, "geometry": { "type": "Polygon", "coordinates": [ [ [ 31.2779, 1.13827 ], [ 31.22961, 1.16249 ], [ 31.22947, 1.21115 ], [ 31.2776, 1.23559 ], [ 31.32588, 1.21137 ], [ 31.32603, 1.16271 ], [ 31.2779, 1.13827 ] ] ] } },
{ "type": "Feature", "properties": { "pop": 22720.0 }, "geometry": { "type": "Polygon", "coordinates": [ [ [ 31.27745, 1.28425 ], [ 31.22917, 1.30847 ], [ 31.22902, 1.35714 ], [ 31.27715, 1.38159 ], [ 31.32543, 1.35737 ], [ 31.32558, 1.3087 ], [ 31.27745, 1.28425 ] ] ] } },
{ "type": "Feature", "properties": { "pop": 19738.0 }, "geometry": { "type": "Polygon", "coordinates": [ [ [ 31.277, 1.43026 ], [ 31.22873, 1.45448 ], [ 31.22858, 1.50315 ], [ 31.27671, 1.5276 ], [ 31.32498, 1.50338 ], [ 31.32513, 1.4547 ], [ 31.277, 1.43026 ] ] ] } },
{ "type": "Feature", "properties": { "pop": 34245.0 }, "geometry": { "type": "Polygon", "coordinates": [ [ [ 31.27656, 1.57628 ], [ 31.22829, 1.6005 ], [ 31.22814, 1.64918 ], [ 31.27626, 1.67363 ], [ 31.32453, 1.64941 ], [ 31.32468, 1.60073 ], [ 31.27656, 1.57628 ] ] ] } },
{ "type": "Feature", "properties": { "pop": 876.0 }, "geometry": { "type": "Polygon", "coordinates": [ [ [ 31.27611, 1.72232 ], [ 31.22784, 1.74655 ], [ 31.2277, 1.79523 ], [ 31.27581, 1.81969 ], [ 31.32408, 1.79546 ], [ 31.32423, 1.74677 ], [ 31.27611, 1.72232 ] ] ] } },
{ "type": "Feature", "properties": { "pop": 19569.0 }, "geometry": { "type": "Polygon", "coordinates": [ [ [ 31.27477, 2.16057 ], [ 31.22652, 2.18481 ], [ 31.22637, 2.23352 ], [ 31.27448, 2.25799 ], [ 31.32273, 2.23374 ], [ 31.32288, 2.18503 ], [ 31.27477, 2.16057 ] ] ] } },
{ "type": "Feature", "properties": { "pop": 9877.0 }, "geometry": { "type": "Polygon", "coordinates": [ [ [ 31.27433, 2.3067 ], [ 31.22607, 2.33094 ], [ 31.22593, 2.37966 ], [ 31.27403, 2.40413 ], [ 31.32228, 2.37989 ], [ 31.32243, 2.33117 ], [ 31.27433, 2.3067 ] ] ] } },
{ "type": "Feature", "properties": { "pop": 7939.0 }, "geometry": { "type": "Polygon", "coordinates": [ [ [ 31.27388, 2.45286 ], [ 31.22563, 2.4771 ], [ 31.22548, 2.52583 ], [ 31.27359, 2.55031 ], [ 31.32183, 2.52606 ], [ 31.32198, 2.47733 ], [ 31.27388, 2.45286 ] ] ] } },
{ "type": "Feature", "properties": { "pop": 3134.0 }, "geometry": { "type": "Polygon", "coordinates": [ [ [ 31.27344, 2.59904 ], [ 31.22519, 2.62329 ], [ 31.22504, 2.67203 ], [ 31.27314, 2.69651 ], [ 31.32139, 2.67225 ], [ 31.32153, 2.62352 ], [ 31.27344, 2.59904 ] ] ] } },
{ "type": "Feature", "properties": { "pop": 4236.0 }, "geometry": { "type": "Polygon", "coordinates": [ [ [ 31.27299, 2.74525 ], [ 31.22475, 2.7695 ], [ 31.2246, 2.81825 ], [ 31.27269, 2.84273 ], [ 31.32094, 2.81847 ], [ 31.32109, 2.76973 ], [ 31.27299, 2.74525 ] ] ] } },
{ "type": "Feature", "properties": { "pop": 6839.0 }, "geometry": { "type": "Polygon", "coordinates": [ [ [ 31.27255, 2.89148 ], [ 31.22431, 2.91575 ], [ 31.22416, 2.9645 ], [ 31.27225, 2.98899 ], [ 31.32049, 2.96472 ], [ 31.32064, 2.91597 ], [ 31.27255, 2.89148 ] ] ] } },
{ "type": "Feature", "properties": { "pop": 8550.0 }, "geometry": { "type": "Polygon", "coordinates": [ [ [ 31.2721, 3.03775 ], [ 31.22386, 3.06202 ], [ 31.22372, 3.11078 ], [ 31.2718, 3.13527 ], [ 31.32004, 3.11101 ], [ 31.32019, 3.06224 ], [ 31.2721, 3.03775 ] ] ] } },
{ "type": "Feature", "properties": { "pop": 8476.0 }, "geometry": { "type": "Polygon", "coordinates": [ [ [ 31.27165, 3.18404 ], [ 31.22342, 3.20832 ], [ 31.22327, 3.25709 ], [ 31.27136, 3.28159 ], [ 31.31959, 3.25732 ], [ 31.31974, 3.20854 ], [ 31.27165, 3.18404 ] ] ] } },
{ "type": "Feature", "properties": { "pop": 41933.0 }, "geometry": { "type": "Polygon", "coordinates": [ [ [ 31.27121, 3.33037 ], [ 31.22298, 3.35465 ], [ 31.22283, 3.40343 ], [ 31.27091, 3.42794 ], [ 31.31914, 3.40366 ], [ 31.31929, 3.35487 ], [ 31.27121, 3.33037 ] ] ] } },
{ "type": "Feature", "properties": { "pop": 39206.0 }, "geometry": { "type": "Polygon", "coordinates": [ [ [ 31.27076, 3.47673 ], [ 31.22254, 3.50101 ], [ 31.22239, 3.5498 ], [ 31.27047, 3.57432 ], [ 31.31869, 3.55003 ], [ 31.31884, 3.50124 ], [ 31.27076, 3.47673 ] ] ] } },
{ "type": "Feature", "properties": { "pop": 19596.0 }, "geometry": { "type": "Polygon", "coordinates": [ [ [ 31.27032, 3.62312 ], [ 31.2221, 3.64741 ], [ 31.22195, 3.69621 ], [ 31.27002, 3.72073 ], [ 31.31824, 3.69644 ], [ 31.31839, 3.64763 ], [ 31.27032, 3.62312 ] ] ] } },
{ "type": "Feature", "properties": { "pop": 2356.0 }, "geometry": { "type": "Polygon", "coordinates": [ [ [ 31.26987, 3.76954 ], [ 31.22165, 3.79383 ], [ 31.22151, 3.84265 ], [ 31.26958, 3.86717 ], [ 31.3178, 3.84288 ], [ 31.31795, 3.79406 ], [ 31.26987, 3.76954 ] ] ] } },
{ "type": "Feature", "properties": { "pop": 8001.0 }, "geometry": { "type": "Polygon", "coordinates": [ [ [ 31.33263, -0.97685 ], [ 31.2843, -0.95266 ], [ 31.28415, -0.90405 ], [ 31.33233, -0.87964 ], [ 31.38066, -0.90383 ], [ 31.38081, -0.95243 ], [ 31.33263, -0.97685 ] ] ] } },
{ "type": "Feature", "properties": { "pop": 20757.0 }, "geometry": { "type": "Polygon", "coordinates": [ [ [ 31.33218, -0.83103 ], [ 31.28385, -0.80684 ], [ 31.2837, -0.75823 ], [ 31.33188, -0.73382 ], [ 31.3802, -0.75801 ], [ 31.38036, -0.80661 ], [ 31.33218, -0.83103 ] ] ] } },
{ "type": "Feature", "properties": { "pop": 31296.0 }, "geometry": { "type": "Polygon", "coordinates": [ [ [ 31.33173, -0.68521 ], [ 31.2834, -0.66102 ], [ 31.28325, -0.61241 ], [ 31.33143, -0.58799 ], [ 31.37975, -0.61218 ], [ 31.3799, -0.66079 ], [ 31.33173, -0.68521 ] ] ] } },
{ "type": "Feature", "properties": { "pop": 18085.0 }, "geometry": { "type": "Polygon", "coordinates": [ [ [ 31.33128, -0.53938 ], [ 31.28296, -0.51519 ], [ 31.28281, -0.46657 ], [ 31.33098, -0.44216 ], [ 31.3793, -0.46635 ], [ 31.37945, -0.51496 ], [ 31.33128, -0.53938 ] ] ] } },
{ "type": "Feature", "properties": { "pop": 24924.0 }, "geometry": { "type": "Polygon", "coordinates": [ [ [ 31.33083, -0.39354 ], [ 31.28251, -0.36935 ], [ 31.28236, -0.32074 ], [ 31.33053, -0.29631 ], [ 31.37884, -0.32051 ], [ 31.37899, -0.36912 ], [ 31.33083, -0.39354 ] ] ] } },
{ "type": "Feature", "properties": { "pop": 13980.0 }, "geometry": { "type": "Polygon", "coordinates": [ [ [ 31.33038, -0.2477 ], [ 31.28206, -0.2235 ], [ 31.28191, -0.17489 ], [ 31.33008, -0.15047 ], [ 31.37839, -0.17466 ], [ 31.37854, -0.22328 ], [ 31.33038, -0.2477 ] ] ] } },
{ "type": "Feature", "properties": { "pop": 5635.0 }, "geometry": { "type": "Polygon", "coordinates": [ [ [ 31.32993, -0.10185 ], [ 31.28162, -0.07765 ], [ 31.28147, -0.02903 ], [ 31.32963, -0.00461 ], [ 31.37794, -0.0288 ], [ 31.37809, -0.07742 ], [ 31.32993, -0.10185 ] ] ] } },
{ "type": "Feature", "properties": { "pop": 3348.0 }, "geometry": { "type": "Polygon", "coordinates": [ [ [ 31.32948, 0.04402 ], [ 31.28117, 0.06821 ], [ 31.28102, 0.11684 ], [ 31.32918, 0.14126 ], [ 31.37748, 0.11706 ], [ 31.37763, 0.06844 ], [ 31.32948, 0.04402 ] ] ] } },
{ "type": "Feature", "properties": { "pop": 4183.0 }, "geometry": { "type": "Polygon", "coordinates": [ [ [ 31.32903, 0.18989 ], [ 31.28072, 0.21409 ], [ 31.28057, 0.26272 ], [ 31.32873, 0.28714 ], [ 31.37703, 0.26294 ], [ 31.37718, 0.21432 ], [ 31.32903, 0.18989 ] ] ] } },
{ "type": "Feature", "properties": { "pop": 13042.0 }, "geometry": { "type": "Polygon", "coordinates": [ [ [ 31.32858, 0.33577 ], [ 31.28028, 0.35998 ], [ 31.28013, 0.40861 ], [ 31.32828, 0.43304 ], [ 31.37658, 0.40883 ], [ 31.37673, 0.3602 ], [ 31.32858, 0.33577 ] ] ] } },
{ "type": "Feature", "properties": { "pop": 25172.0 }, "geometry": { "type": "Polygon", "coordinates": [ [ [ 31.32813, 0.48167 ], [ 31.27983, 0.50587 ], [ 31.27968, 0.55451 ], [ 31.32783, 0.57894 ], [ 31.37612, 0.55474 ], [ 31.37627, 0.5061 ], [ 31.32813, 0.48167 ] ] ] } },
{ "type": "Feature", "properties": { "pop": 19332.0 }, "geometry": { "type": "Polygon", "coordinates": [ [ [ 31.32768, 0.62758 ], [ 31.27938, 0.65179 ], [ 31.27923, 0.70043 ], [ 31.32738, 0.72486 ], [ 31.37567, 0.70065 ], [ 31.37582, 0.65201 ], [ 31.32768, 0.62758 ] ] ] } },
{ "type": "Feature", "properties": { "pop": 18986.0 }, "geometry": { "type": "Polygon", "coordinates": [ [ [ 31.32723, 0.7735 ], [ 31.27894, 0.79771 ], [ 31.27879, 0.84636 ], [ 31.32693, 0.8708 ], [ 31.37522, 0.84659 ], [ 31.37537, 0.79794 ], [ 31.32723, 0.7735 ] ] ] } },
{ "type": "Feature", "properties": { "pop": 17869.0 }, "geometry": { "type": "Polygon", "coordinates": [ [ [ 31.32678, 0.91944 ], [ 31.27849, 0.94366 ], [ 31.27834, 0.99231 ], [ 31.32648, 1.01675 ], [ 31.37476, 0.99253 ], [ 31.37491, 0.94388 ], [ 31.32678, 0.91944 ] ] ] } },
{ "type": "Feature", "properties": { "pop": 28141.0 }, "geometry": { "type": "Polygon", "coordinates": [ [ [ 31.32633, 1.0654 ], [ 31.27804, 1.08962 ], [ 31.2779, 1.13827 ], [ 31.32603, 1.16271 ], [ 31.37431, 1.1385 ], [ 31.37446, 1.08984 ], [ 31.32633, 1.0654 ] ] ] } },
{ "type": "Feature", "properties": { "pop": 10206.0 }, "geometry": { "type": "Polygon", "coordinates": [ [ [ 31.32588, 1.21137 ], [ 31.2776, 1.23559 ], [ 31.27745, 1.28425 ], [ 31.32558, 1.3087 ], [ 31.37386, 1.28448 ], [ 31.37401, 1.23582 ], [ 31.32588, 1.21137 ] ] ] } },
{ "type": "Feature", "properties": { "pop": 77722.0 }, "geometry": { "type": "Polygon", "coordinates": [ [ [ 31.32543, 1.35737 ], [ 31.27715, 1.38159 ], [ 31.277, 1.43026 ], [ 31.32513, 1.4547 ], [ 31.3734, 1.43048 ], [ 31.37355, 1.38181 ], [ 31.32543, 1.35737 ] ] ] } },
{ "type": "Feature", "properties": { "pop": 21691.0 }, "geometry": { "type": "Polygon", "coordinates": [ [ [ 31.32498, 1.50338 ], [ 31.27671, 1.5276 ], [ 31.27656, 1.57628 ], [ 31.32468, 1.60073 ], [ 31.37295, 1.5765 ], [ 31.3731, 1.52783 ], [ 31.32498, 1.50338 ] ] ] } },
{ "type": "Feature", "properties": { "pop": 16849.0 }, "geometry": { "type": "Polygon", "coordinates": [ [ [ 31.32453, 1.64941 ], [ 31.27626, 1.67363 ], [ 31.27611, 1.72232 ], [ 31.32423, 1.74677 ], [ 31.3725, 1.72254 ], [ 31.37265, 1.67386 ], [ 31.32453, 1.64941 ] ] ] } },
{ "type": "Feature", "properties": { "pop": 5391.0 }, "geometry": { "type": "Polygon", "coordinates": [ [ [ 31.32408, 1.79546 ], [ 31.27581, 1.81969 ], [ 31.27567, 1.86838 ], [ 31.32378, 1.89284 ], [ 31.37205, 1.8686 ], [ 31.3722, 1.81991 ], [ 31.32408, 1.79546 ] ] ] } },
{ "type": "Feature", "properties": { "pop": 12447.0 }, "geometry": { "type": "Polygon", "coordinates": [ [ [ 31.32273, 2.23374 ], [ 31.27448, 2.25799 ], [ 31.27433, 2.3067 ], [ 31.32243, 2.33117 ], [ 31.37069, 2.30693 ], [ 31.37084, 2.25821 ], [ 31.32273, 2.23374 ] ] ] } },
{ "type": "Feature", "properties": { "pop": 9067.0 }, "geometry": { "type": "Polygon", "coordinates": [ [ [ 31.32228, 2.37989 ], [ 31.27403, 2.40413 ], [ 31.27388, 2.45286 ], [ 31.32198, 2.47733 ], [ 31.37024, 2.45308 ], [ 31.37039, 2.40436 ], [ 31.32228, 2.37989 ] ] ] } },
{ "type": "Feature", "properties": { "pop": 8085.0 }, "geometry": { "type": "Polygon", "coordinates": [ [ [ 31.32183, 2.52606 ], [ 31.27359, 2.55031 ], [ 31.27344, 2.59904 ], [ 31.32153, 2.62352 ], [ 31.36978, 2.59926 ], [ 31.36993, 2.55053 ], [ 31.32183, 2.52606 ] ] ] } },
{ "type": "Feature", "properties": { "pop": 4509.0 }, "geometry": { "type": "Polygon", "coordinates": [ [ [ 31.32139, 2.67225 ], [ 31.27314, 2.69651 ], [ 31.27299, 2.74525 ], [ 31.32109, 2.76973 ], [ 31.36933, 2.74547 ], [ 31.36948, 2.69673 ], [ 31.32139, 2.67225 ] ] ] } },
{ "type": "Feature", "properties": { "pop": 5581.0 }, "geometry": { "type": "Polygon", "coordinates": [ [ [ 31.32094, 2.81847 ], [ 31.27269, 2.84273 ], [ 31.27255, 2.89148 ], [ 31.32064, 2.91597 ], [ 31.36888, 2.89171 ], [ 31.36903, 2.84296 ], [ 31.32094, 2.81847 ] ] ] } },
{ "type": "Feature", "properties": { "pop": 7497.0 }, "geometry": { "type": "Polygon", "coordinates": [ [ [ 31.32049, 2.96472 ], [ 31.27225, 2.98899 ], [ 31.2721, 3.03775 ], [ 31.32019, 3.06224 ], [ 31.36843, 3.03798 ], [ 31.36858, 2.98922 ], [ 31.32049, 2.96472 ] ] ] } },
{ "type": "Feature", "properties": { "pop": 6172.0 }, "geometry": { "type": "Polygon", "coordinates": [ [ [ 31.32004, 3.11101 ], [ 31.2718, 3.13527 ], [ 31.27165, 3.18404 ], [ 31.31974, 3.20854 ], [ 31.36797, 3.18427 ], [ 31.36812, 3.1355 ], [ 31.32004, 3.11101 ] ] ] } },
{ "type": "Feature", "properties": { "pop": 12631.0 }, "geometry": { "type": "Polygon", "coordinates": [ [ [ 31.31959, 3.25732 ], [ 31.27136, 3.28159 ], [ 31.27121, 3.33037 ], [ 31.31929, 3.35487 ], [ 31.36752, 3.3306 ], [ 31.36767, 3.28182 ], [ 31.31959, 3.25732 ] ] ] } },
{ "type": "Feature", "properties": { "pop": 45742.0 }, "geometry": { "type": "Polygon", "coordinates": [ [ [ 31.31914, 3.40366 ], [ 31.27091, 3.42794 ], [ 31.27076, 3.47673 ], [ 31.31884, 3.50124 ], [ 31.36707, 3.47695 ], [ 31.36722, 3.42816 ], [ 31.31914, 3.40366 ] ] ] } },
{ "type": "Feature", "properties": { "pop": 10073.0 }, "geometry": { "type": "Polygon", "coordinates": [ [ [ 31.31869, 3.55003 ], [ 31.27047, 3.57432 ], [ 31.27032, 3.62312 ], [ 31.31839, 3.64763 ], [ 31.36662, 3.62334 ], [ 31.36677, 3.57454 ], [ 31.31869, 3.55003 ] ] ] } },
{ "type": "Feature", "properties": { "pop": 14565.0 }, "geometry": { "type": "Polygon", "coordinates": [ [ [ 31.31824, 3.69644 ], [ 31.27002, 3.72073 ], [ 31.26987, 3.76954 ], [ 31.31795, 3.79406 ], [ 31.36617, 3.76977 ], [ 31.36632, 3.72095 ], [ 31.31824, 3.69644 ] ] ] } },
{ "type": "Feature", "properties": { "pop": 4167.0 }, "geometry": { "type": "Polygon", "coordinates": [ [ [ 31.38111, -1.04964 ], [ 31.33278, -1.02545 ], [ 31.33263, -0.97685 ], [ 31.38081, -0.95243 ], [ 31.42914, -0.97662 ], [ 31.42929, -1.02522 ], [ 31.38111, -1.04964 ] ] ] } },
{ "type": "Feature", "properties": { "pop": 11352.0 }, "geometry": { "type": "Polygon", "coordinates": [ [ [ 31.38066, -0.90383 ], [ 31.33233, -0.87964 ], [ 31.33218, -0.83103 ], [ 31.38036, -0.80661 ], [ 31.42869, -0.8308 ], [ 31.42884, -0.87941 ], [ 31.38066, -0.90383 ] ] ] } },
{ "type": "Feature", "properties": { "pop": 21127.0 }, "geometry": { "type": "Polygon", "coordinates": [ [ [ 31.3802, -0.75801 ], [ 31.33188, -0.73382 ], [ 31.33173, -0.68521 ], [ 31.3799, -0.66079 ], [ 31.42823, -0.68498 ], [ 31.42838, -0.73359 ], [ 31.3802, -0.75801 ] ] ] } },
{ "type": "Feature", "properties": { "pop": 23429.0 }, "geometry": { "type": "Polygon", "coordinates": [ [ [ 31.37975, -0.61218 ], [ 31.33143, -0.58799 ], [ 31.33128, -0.53938 ], [ 31.37945, -0.51496 ], [ 31.42777, -0.53915 ], [ 31.42792, -0.58776 ], [ 31.37975, -0.61218 ] ] ] } },
{ "type": "Feature", "properties": { "pop": 28200.0 }, "geometry": { "type": "Polygon", "coordinates": [ [ [ 31.3793, -0.46635 ], [ 31.33098, -0.44216 ], [ 31.33083, -0.39354 ], [ 31.37899, -0.36912 ], [ 31.42731, -0.39331 ], [ 31.42747, -0.44193 ], [ 31.3793, -0.46635 ] ] ] } },
{ "type": "Feature", "properties": { "pop": 21299.0 }, "geometry": { "type": "Polygon", "coordinates": [ [ [ 31.37884, -0.32051 ], [ 31.33053, -0.29631 ], [ 31.33038, -0.2477 ], [ 31.37854, -0.22328 ], [ 31.42686, -0.24747 ], [ 31.42701, -0.29609 ], [ 31.37884, -0.32051 ] ] ] } },
{ "type": "Feature", "properties": { "pop": 9621.0 }, "geometry": { "type": "Polygon", "coordinates": [ [ [ 31.37839, -0.17466 ], [ 31.33008, -0.15047 ], [ 31.32993, -0.10185 ], [ 31.37809, -0.07742 ], [ 31.4264, -0.10162 ], [ 31.42655, -0.15024 ], [ 31.37839, -0.17466 ] ] ] } },
{ "type": "Feature", "properties": { "pop": 2829.0 }, "geometry": { "type": "Polygon", "coordinates": [ [ [ 31.37794, -0.0288 ], [ 31.32963, -0.00461 ], [ 31.32948, 0.04402 ], [ 31.37763, 0.06844 ], [ 31.42594, 0.04424 ], [ 31.42609, -0.00438 ], [ 31.37794, -0.0288 ] ] ] } },
{ "type": "Feature", "properties": { "pop": 2632.0 }, "geometry": { "type": "Polygon", "coordinates": [ [ [ 31.37748, 0.11706 ], [ 31.32918, 0.14126 ], [ 31.32903, 0.18989 ], [ 31.37718, 0.21432 ], [ 31.42549, 0.19012 ], [ 31.42564, 0.14149 ], [ 31.37748, 0.11706 ] ] ] } },
{ "type": "Feature", "properties": { "pop": 6137.0 }, "geometry": { "type": "Polygon", "coordinates": [ [ [ 31.37703, 0.26294 ], [ 31.32873, 0.28714 ], [ 31.32858, 0.33577 ], [ 31.37673, 0.3602 ], [ 31.42503, 0.336 ], [ 31.42518, 0.28737 ], [ 31.37703, 0.26294 ] ] ] } },
{ "type": "Feature", "properties": { "pop": 14171.0 }, "geometry": { "type": "Polygon", "coordinates": [ [ [ 31.37658, 0.40883 ], [ 31.32828, 0.43304 ], [ 31.32813, 0.48167 ], [ 31.37627, 0.5061 ], [ 31.42457, 0.4819 ], [ 31.42472, 0.43326 ], [ 31.37658, 0.40883 ] ] ] } },
{ "type": "Feature", "properties": { "pop": 38277.0 }, "geometry": { "type": "Polygon", "coordinates": [ [ [ 31.37612, 0.55474 ], [ 31.32783, 0.57894 ], [ 31.32768, 0.62758 ], [ 31.37582, 0.65201 ], [ 31.42412, 0.62781 ], [ 31.42427, 0.57917 ], [ 31.37612, 0.55474 ] ] ] } },
{ "type": "Feature", "properties": { "pop": 12863.0 }, "geometry": { "type": "Polygon", "coordinates": [ [ [ 31.37567, 0.70065 ], [ 31.32738, 0.72486 ], [ 31.32723, 0.7735 ], [ 31.37537, 0.79794 ], [ 31.42366, 0.77373 ], [ 31.42381, 0.72509 ], [ 31.37567, 0.70065 ] ] ] } },
{ "type": "Feature", "properties": { "pop": 15619.0 }, "geometry": { "type": "Polygon", "coordinates": [ [ [ 31.37522, 0.84659 ], [ 31.32693, 0.8708 ], [ 31.32678, 0.91944 ], [ 31.37491, 0.94388 ], [ 31.4232, 0.91967 ], [ 31.42335, 0.87103 ], [ 31.37522, 0.84659 ] ] ] } },
{ "type": "Feature", "properties": { "pop": 27190.0 }, "geometry": { "type": "Polygon", "coordinates": [ [ [ 31.37476, 0.99253 ], [ 31.32648, 1.01675 ], [ 31.32633, 1.0654 ], [ 31.37446, 1.08984 ], [ 31.42275, 1.06563 ], [ 31.4229, 1.01698 ], [ 31.37476, 0.99253 ] ] ] } },
{ "type": "Feature", "properties": { "pop": 23169.0 }, "geometry": { "type": "Polygon", "coordinates": [ [ [ 31.37431, 1.1385 ], [ 31.32603, 1.16271 ], [ 31.32588, 1.21137 ], [ 31.37401, 1.23582 ], [ 31.42229, 1.2116 ], [ 31.42244, 1.16294 ], [ 31.37431, 1.1385 ] ] ] } },
{ "type": "Feature", "properties": { "pop": 17445.0 }, "geometry": { "type": "Polygon", "coordinates": [ [ [ 31.37386, 1.28448 ], [ 31.32558, 1.3087 ], [ 31.32543, 1.35737 ], [ 31.37355, 1.38181 ], [ 31.42183, 1.35759 ], [ 31.42198, 1.30893 ], [ 31.37386, 1.28448 ] ] ] } },
{ "type": "Feature", "properties": { "pop": 34561.0 }, "geometry": { "type": "Polygon", "coordinates": [ [ [ 31.3734, 1.43048 ], [ 31.32513, 1.4547 ], [ 31.32498, 1.50338 ], [ 31.3731, 1.52783 ], [ 31.42138, 1.5036 ], [ 31.42153, 1.45493 ], [ 31.3734, 1.43048 ] ] ] } },
{ "type": "Feature", "properties": { "pop": 17926.0 }, "geometry": { "type": "Polygon", "coordinates": [ [ [ 31.37295, 1.5765 ], [ 31.32468, 1.60073 ], [ 31.32453, 1.64941 ], [ 31.37265, 1.67386 ], [ 31.42092, 1.64963 ], [ 31.42107, 1.60096 ], [ 31.37295, 1.5765 ] ] ] } },
{ "type": "Feature", "properties": { "pop": 24132.0 }, "geometry": { "type": "Polygon", "coordinates": [ [ [ 31.3725, 1.72254 ], [ 31.32423, 1.74677 ], [ 31.32408, 1.79546 ], [ 31.3722, 1.81991 ], [ 31.42046, 1.79569 ], [ 31.42062, 1.747 ], [ 31.3725, 1.72254 ] ] ] } },
{ "type": "Feature", "properties": { "pop": 3885.0 }, "geometry": { "type": "Polygon", "coordinates": [ [ [ 31.37205, 1.8686 ], [ 31.32378, 1.89284 ], [ 31.32363, 1.94153 ], [ 31.37174, 1.96599 ], [ 31.42001, 1.94176 ], [ 31.42016, 1.89306 ], [ 31.37205, 1.8686 ] ] ] } },
{ "type": "Feature", "properties": { "pop": 1561.0 }, "geometry": { "type": "Polygon", "coordinates": [ [ [ 31.37159, 2.01469 ], [ 31.32333, 2.03892 ], [ 31.32318, 2.08762 ], [ 31.37129, 2.11209 ], [ 31.41955, 2.08785 ], [ 31.4197, 2.03915 ], [ 31.37159, 2.01469 ] ] ] } },
{ "type": "Feature", "properties": { "pop": 8524.0 }, "geometry": { "type": "Polygon", "coordinates": [ [ [ 31.37114, 2.1608 ], [ 31.32288, 2.18503 ], [ 31.32273, 2.23374 ], [ 31.37084, 2.25821 ], [ 31.4191, 2.23397 ], [ 31.41925, 2.18526 ], [ 31.37114, 2.1608 ] ] ] } },
{ "type": "Feature", "properties": { "pop": 8916.0 }, "geometry": { "type": "Polygon", "coordinates": [ [ [ 31.37069, 2.30693 ], [ 31.32243, 2.33117 ], [ 31.32228, 2.37989 ], [ 31.37039, 2.40436 ], [ 31.41864, 2.38012 ], [ 31.41879, 2.3314 ], [ 31.37069, 2.30693 ] ] ] } },
{ "type": "Feature", "properties": { "pop": 6848.0 }, "geometry": { "type": "Polygon", "coordinates": [ [ [ 31.37024, 2.45308 ], [ 31.32198, 2.47733 ], [ 31.32183, 2.52606 ], [ 31.36993, 2.55053 ], [ 31.41818, 2.52628 ], [ 31.41834, 2.47756 ], [ 31.37024, 2.45308 ] ] ] } },
{ "type": "Feature", "properties": { "pop": 7156.0 }, "geometry": { "type": "Polygon", "coordinates": [ [ [ 31.36978, 2.59926 ], [ 31.32153, 2.62352 ], [ 31.32139, 2.67225 ], [ 31.36948, 2.69673 ], [ 31.41773, 2.67248 ], [ 31.41788, 2.62375 ], [ 31.36978, 2.59926 ] ] ] } },
{ "type": "Feature", "properties": { "pop": 7495.0 }, "geometry": { "type": "Polygon", "coordinates": [ [ [ 31.36933, 2.74547 ], [ 31.32109, 2.76973 ], [ 31.32094, 2.81847 ], [ 31.36903, 2.84296 ], [ 31.41727, 2.8187 ], [ 31.41742, 2.76996 ], [ 31.36933, 2.74547 ] ] ] } },
{ "type": "Feature", "properties": { "pop": 6265.0 }, "geometry": { "type": "Polygon", "coordinates": [ [ [ 31.36888, 2.89171 ], [ 31.32064, 2.91597 ], [ 31.32049, 2.96472 ], [ 31.36858, 2.98922 ], [ 31.41682, 2.96495 ], [ 31.41697, 2.9162 ], [ 31.36888, 2.89171 ] ] ] } },
{ "type": "Feature", "properties": { "pop": 10805.0 }, "geometry": { "type": "Polygon", "coordinates": [ [ [ 31.36843, 3.03798 ], [ 31.32019, 3.06224 ], [ 31.32004, 3.11101 ], [ 31.36812, 3.1355 ], [ 31.41636, 3.11123 ], [ 31.41651, 3.06247 ], [ 31.36843, 3.03798 ] ] ] } },
{ "type": "Feature", "properties": { "pop": 13612.0 }, "geometry": { "type": "Polygon", "coordinates": [ [ [ 31.36797, 3.18427 ], [ 31.31974, 3.20854 ], [ 31.31959, 3.25732 ], [ 31.36767, 3.28182 ], [ 31.41591, 3.25754 ], [ 31.41606, 3.20877 ], [ 31.36797, 3.18427 ] ] ] } },
{ "type": "Feature", "properties": { "pop": 16027.0 }, "geometry": { "type": "Polygon", "coordinates": [ [ [ 31.36752, 3.3306 ], [ 31.31929, 3.35487 ], [ 31.31914, 3.40366 ], [ 31.36722, 3.42816 ], [ 31.41545, 3.40389 ], [ 31.4156, 3.3551 ], [ 31.36752, 3.3306 ] ] ] } },
{ "type": "Feature", "properties": { "pop": 25064.0 }, "geometry": { "type": "Polygon", "coordinates": [ [ [ 31.36707, 3.47695 ], [ 31.31884, 3.50124 ], [ 31.31869, 3.55003 ], [ 31.36677, 3.57454 ], [ 31.41499, 3.55026 ], [ 31.41515, 3.50146 ], [ 31.36707, 3.47695 ] ] ] } },
{ "type": "Feature", "properties": { "pop": 7666.0 }, "geometry": { "type": "Polygon", "coordinates": [ [ [ 31.36662, 3.62334 ], [ 31.31839, 3.64763 ], [ 31.31824, 3.69644 ], [ 31.36632, 3.72095 ], [ 31.41454, 3.69667 ], [ 31.41469, 3.64786 ], [ 31.36662, 3.62334 ] ] ] } },
{ "type": "Feature", "properties": { "pop": 8604.0 }, "geometry": { "type": "Polygon", "coordinates": [ [ [ 31.42914, -0.97662 ], [ 31.38081, -0.95243 ], [ 31.38066, -0.90383 ], [ 31.42884, -0.87941 ], [ 31.47717, -0.9036 ], [ 31.47732, -0.9522 ], [ 31.42914, -0.97662 ] ] ] } },
{ "type": "Feature", "properties": { "pop": 20754.0 }, "geometry": { "type": "Polygon", "coordinates": [ [ [ 31.42869, -0.8308 ], [ 31.38036, -0.80661 ], [ 31.3802, -0.75801 ], [ 31.42838, -0.73359 ], [ 31.47671, -0.75778 ], [ 31.47686, -0.80638 ], [ 31.42869, -0.8308 ] ] ] } },
{ "type": "Feature", "properties": { "pop": 25337.0 }, "geometry": { "type": "Polygon", "coordinates": [ [ [ 31.42823, -0.68498 ], [ 31.3799, -0.66079 ], [ 31.37975, -0.61218 ], [ 31.42792, -0.58776 ], [ 31.47625, -0.61195 ], [ 31.4764, -0.66056 ], [ 31.42823, -0.68498 ] ] ] } },
{ "type": "Feature", "properties": { "pop": 21744.0 }, "geometry": { "type": "Polygon", "coordinates": [ [ [ 31.42777, -0.53915 ], [ 31.37945, -0.51496 ], [ 31.3793, -0.46635 ], [ 31.42747, -0.44193 ], [ 31.47579, -0.46612 ], [ 31.47594, -0.51473 ], [ 31.42777, -0.53915 ] ] ] } },
{ "type": "Feature", "properties": { "pop": 20808.0 }, "geometry": { "type": "Polygon", "coordinates": [ [ [ 31.42731, -0.39331 ], [ 31.37899, -0.36912 ], [ 31.37884, -0.32051 ], [ 31.42701, -0.29609 ], [ 31.47533, -0.32028 ], [ 31.47548, -0.36889 ], [ 31.42731, -0.39331 ] ] ] } },
{ "type": "Feature", "properties": { "pop": 21209.0 }, "geometry": { "type": "Polygon", "coordinates": [ [ [ 31.42686, -0.24747 ], [ 31.37854, -0.22328 ], [ 31.37839, -0.17466 ], [ 31.42655, -0.15024 ], [ 31.47487, -0.17443 ], [ 31.47502, -0.22305 ], [ 31.42686, -0.24747 ] ] ] } },
{ "type": "Feature", "properties": { "pop": 12607.0 }, "geometry": { "type": "Polygon", "coordinates": [ [ [ 31.4264, -0.10162 ], [ 31.37809, -0.07742 ], [ 31.37794, -0.0288 ], [ 31.42609, -0.00438 ], [ 31.47441, -0.02857 ], [ 31.47456, -0.07719 ], [ 31.4264, -0.10162 ] ] ] } },
{ "type": "Feature", "properties": { "pop": 3890.0 }, "geometry": { "type": "Polygon", "coordinates": [ [ [ 31.42594, 0.04424 ], [ 31.37763, 0.06844 ], [ 31.37748, 0.11706 ], [ 31.42564, 0.14149 ], [ 31.47395, 0.11729 ], [ 31.4741, 0.06867 ], [ 31.42594, 0.04424 ] ] ] } },
{ "type": "Feature", "properties": { "pop": 3286.0 }, "geometry": { "type": "Polygon", "coordinates": [ [ [ 31.42549, 0.19012 ], [ 31.37718, 0.21432 ], [ 31.37703, 0.26294 ], [ 31.42518, 0.28737 ], [ 31.47348, 0.26317 ], [ 31.47364, 0.21455 ], [ 31.42549, 0.19012 ] ] ] } },
{ "type": "Feature", "properties": { "pop": 10095.0 }, "geometry": { "type": "Polygon", "coordinates": [ [ [ 31.42503, 0.336 ], [ 31.37673, 0.3602 ], [ 31.37658, 0.40883 ], [ 31.42472, 0.43326 ], [ 31.47302, 0.40906 ], [ 31.47318, 0.36043 ], [ 31.42503, 0.336 ] ] ] } },
{ "type": "Feature", "properties": { "pop": 52598.0 }, "geometry": { "type": "Polygon", "coordinates": [ [ [ 31.42457, 0.4819 ], [ 31.37627, 0.5061 ], [ 31.37612, 0.55474 ], [ 31.42427, 0.57917 ], [ 31.47256, 0.55497 ], [ 31.47272, 0.50633 ], [ 31.42457, 0.4819 ] ] ] } },
{ "type": "Feature", "properties": { "pop": 16945.0 }, "geometry": { "type": "Polygon", "coordinates": [ [ [ 31.42412, 0.62781 ], [ 31.37582, 0.65201 ], [ 31.37567, 0.70065 ], [ 31.42381, 0.72509 ], [ 31.4721, 0.70088 ], [ 31.47226, 0.65224 ], [ 31.42412, 0.62781 ] ] ] } },
{ "type": "Feature", "properties": { "pop": 17243.0 }, "geometry": { "type": "Polygon", "coordinates": [ [ [ 31.42366, 0.77373 ], [ 31.37537, 0.79794 ], [ 31.37522, 0.84659 ], [ 31.42335, 0.87103 ], [ 31.47164, 0.84682 ], [ 31.4718, 0.79817 ], [ 31.42366, 0.77373 ] ] ] } },
{ "type": "Feature", "properties": { "pop": 15350.0 }, "geometry": { "type": "Polygon", "coordinates": [ [ [ 31.4232, 0.91967 ], [ 31.37491, 0.94388 ], [ 31.37476, 0.99253 ], [ 31.4229, 1.01698 ], [ 31.47118, 0.99277 ], [ 31.47134, 0.94411 ], [ 31.4232, 0.91967 ] ] ] } },
{ "type": "Feature", "properties": { "pop": 25062.0 }, "geometry": { "type": "Polygon", "coordinates": [ [ [ 31.42275, 1.06563 ], [ 31.37446, 1.08984 ], [ 31.37431, 1.1385 ], [ 31.42244, 1.16294 ], [ 31.47072, 1.13873 ], [ 31.47088, 1.09007 ], [ 31.42275, 1.06563 ] ] ] } },
{ "type": "Feature", "properties": { "pop": 17743.0 }, "geometry": { "type": "Polygon", "coordinates": [ [ [ 31.42229, 1.2116 ], [ 31.37401, 1.23582 ], [ 31.37386, 1.28448 ], [ 31.42198, 1.30893 ], [ 31.47026, 1.28471 ], [ 31.47042, 1.23605 ], [ 31.42229, 1.2116 ] ] ] } },
{ "type": "Feature", "properties": { "pop": 24582.0 }, "geometry": { "type": "Polygon", "coordinates": [ [ [ 31.42183, 1.35759 ], [ 31.37355, 1.38181 ], [ 31.3734, 1.43048 ], [ 31.42153, 1.45493 ], [ 31.4698, 1.43071 ], [ 31.46996, 1.38204 ], [ 31.42183, 1.35759 ] ] ] } },
{ "type": "Feature", "properties": { "pop": 14682.0 }, "geometry": { "type": "Polygon", "coordinates": [ [ [ 31.42138, 1.5036 ], [ 31.3731, 1.52783 ], [ 31.37295, 1.5765 ], [ 31.42107, 1.60096 ], [ 31.46934, 1.57673 ], [ 31.4695, 1.52806 ], [ 31.42138, 1.5036 ] ] ] } },
{ "type": "Feature", "properties": { "pop": 14901.0 }, "geometry": { "type": "Polygon", "coordinates": [ [ [ 31.42092, 1.64963 ], [ 31.37265, 1.67386 ], [ 31.3725, 1.72254 ], [ 31.42062, 1.747 ], [ 31.46889, 1.72277 ], [ 31.46904, 1.67409 ], [ 31.42092, 1.64963 ] ] ] } },
{ "type": "Feature", "properties": { "pop": 12437.0 }, "geometry": { "type": "Polygon", "coordinates": [ [ [ 31.42046, 1.79569 ], [ 31.3722, 1.81991 ], [ 31.37205, 1.8686 ], [ 31.42016, 1.89306 ], [ 31.46843, 1.86883 ], [ 31.46858, 1.82015 ], [ 31.42046, 1.79569 ] ] ] } },
{ "type": "Feature", "properties": { "pop": 3608.0 }, "geometry": { "type": "Polygon", "coordinates": [ [ [ 31.42001, 1.94176 ], [ 31.37174, 1.96599 ], [ 31.37159, 2.01469 ], [ 31.4197, 2.03915 ], [ 31.46797, 2.01492 ], [ 31.46812, 1.96622 ], [ 31.42001, 1.94176 ] ] ] } },
{ "type": "Feature", "properties": { "pop": 19563.0 }, "geometry": { "type": "Polygon", "coordinates": [ [ [ 31.41955, 2.08785 ], [ 31.37129, 2.11209 ], [ 31.37114, 2.1608 ], [ 31.41925, 2.18526 ], [ 31.46751, 2.16103 ], [ 31.46766, 2.11232 ], [ 31.41955, 2.08785 ] ] ] } },
{ "type": "Feature", "properties": { "pop": 1450.0 }, "geometry": { "type": "Polygon", "coordinates": [ [ [ 31.4191, 2.23397 ], [ 31.37084, 2.25821 ], [ 31.37069, 2.30693 ], [ 31.41879, 2.3314 ], [ 31.46705, 2.30716 ], [ 31.4672, 2.25844 ], [ 31.4191, 2.23397 ] ] ] } },
{ "type": "Feature", "properties": { "pop": 15855.0 }, "geometry": { "type": "Polygon", "coordinates": [ [ [ 31.41864, 2.38012 ], [ 31.37039, 2.40436 ], [ 31.37024, 2.45308 ], [ 31.41834, 2.47756 ], [ 31.46659, 2.45331 ], [ 31.46674, 2.40459 ], [ 31.41864, 2.38012 ] ] ] } },
{ "type": "Feature", "properties": { "pop": 17383.0 }, "geometry": { "type": "Polygon", "coordinates": [ [ [ 31.41818, 2.52628 ], [ 31.36993, 2.55053 ], [ 31.36978, 2.59926 ], [ 31.41788, 2.62375 ], [ 31.46613, 2.59949 ], [ 31.46628, 2.55076 ], [ 31.41818, 2.52628 ] ] ] } },
{ "type": "Feature", "properties": { "pop": 18043.0 }, "geometry": { "type": "Polygon", "coordinates": [ [ [ 31.41773, 2.67248 ], [ 31.36948, 2.69673 ], [ 31.36933, 2.74547 ], [ 31.41742, 2.76996 ], [ 31.46567, 2.7457 ], [ 31.46582, 2.69696 ], [ 31.41773, 2.67248 ] ] ] } },
{ "type": "Feature", "properties": { "pop": 2509.0 }, "geometry": { "type": "Polygon", "coordinates": [ [ [ 31.41727, 2.8187 ], [ 31.36903, 2.84296 ], [ 31.36888, 2.89171 ], [ 31.41697, 2.9162 ], [ 31.46521, 2.89194 ], [ 31.46536, 2.84319 ], [ 31.41727, 2.8187 ] ] ] } },
{ "type": "Feature", "properties": { "pop": 11386.0 }, "geometry": { "type": "Polygon", "coordinates": [ [ [ 31.41682, 2.96495 ], [ 31.36858, 2.98922 ], [ 31.36843, 3.03798 ], [ 31.41651, 3.06247 ], [ 31.46475, 3.03821 ], [ 31.4649, 2.98945 ], [ 31.41682, 2.96495 ] ] ] } },
{ "type": "Feature", "properties": { "pop": 5583.0 }, "geometry": { "type": "Polygon", "coordinates": [ [ [ 31.41636, 3.11123 ], [ 31.36812, 3.1355 ], [ 31.36797, 3.18427 ], [ 31.41606, 3.20877 ], [ 31.46429, 3.1845 ], [ 31.46445, 3.13573 ], [ 31.41636, 3.11123 ] ] ] } },
{ "type": "Feature", "properties": { "pop": 5947.0 }, "geometry": { "type": "Polygon", "coordinates": [ [ [ 31.41591, 3.25754 ], [ 31.36767, 3.28182 ], [ 31.36752, 3.3306 ], [ 31.4156, 3.3551 ], [ 31.46383, 3.33083 ], [ 31.46399, 3.28205 ], [ 31.41591, 3.25754 ] ] ] } },
{ "type": "Feature", "properties": { "pop": 21512.0 }, "geometry": { "type": "Polygon", "coordinates": [ [ [ 31.41545, 3.40389 ], [ 31.36722, 3.42816 ], [ 31.36707, 3.47695 ], [ 31.41515, 3.50146 ], [ 31.46337, 3.47718 ], [ 31.46353, 3.42839 ], [ 31.41545, 3.40389 ] ] ] } },
{ "type": "Feature", "properties": { "pop": 10647.0 }, "geometry": { "type": "Polygon", "coordinates": [ [ [ 31.41499, 3.55026 ], [ 31.36677, 3.57454 ], [ 31.36662, 3.62334 ], [ 31.41469, 3.64786 ], [ 31.46292, 3.62357 ], [ 31.46307, 3.57477 ], [ 31.41499, 3.55026 ] ] ] } },
{ "type": "Feature", "properties": { "pop": 1956.0 }, "geometry": { "type": "Polygon", "coordinates": [ [ [ 31.41454, 3.69667 ], [ 31.36632, 3.72095 ], [ 31.36617, 3.76977 ], [ 31.41424, 3.79429 ], [ 31.46246, 3.77 ], [ 31.46261, 3.72119 ], [ 31.41454, 3.69667 ] ] ] } },
{ "type": "Feature", "properties": { "pop": 1654.0 }, "geometry": { "type": "Polygon", "coordinates": [ [ [ 31.47763, -1.04941 ], [ 31.42929, -1.02522 ], [ 31.42914, -0.97662 ], [ 31.47732, -0.9522 ], [ 31.52566, -0.97639 ], [ 31.52581, -1.02499 ], [ 31.47763, -1.04941 ] ] ] } },
{ "type": "Feature", "properties": { "pop": 17972.0 }, "geometry": { "type": "Polygon", "coordinates": [ [ [ 31.47717, -0.9036 ], [ 31.42884, -0.87941 ], [ 31.42869, -0.8308 ], [ 31.47686, -0.80638 ], [ 31.52519, -0.83057 ], [ 31.52535, -0.87918 ], [ 31.47717, -0.9036 ] ] ] } },
{ "type": "Feature", "properties": { "pop": 21414.0 }, "geometry": { "type": "Polygon", "coordinates": [ [ [ 31.47671, -0.75778 ], [ 31.42838, -0.73359 ], [ 31.42823, -0.68498 ], [ 31.4764, -0.66056 ], [ 31.52473, -0.68475 ], [ 31.52488, -0.73336 ], [ 31.47671, -0.75778 ] ] ] } },
{ "type": "Feature", "properties": { "pop": 22118.0 }, "geometry": { "type": "Polygon", "coordinates": [ [ [ 31.47625, -0.61195 ], [ 31.42792, -0.58776 ], [ 31.42777, -0.53915 ], [ 31.47594, -0.51473 ], [ 31.52426, -0.53892 ], [ 31.52442, -0.58753 ], [ 31.47625, -0.61195 ] ] ] } },
{ "type": "Feature", "properties": { "pop": 29464.0 }, "geometry": { "type": "Polygon", "coordinates": [ [ [ 31.47579, -0.46612 ], [ 31.42747, -0.44193 ], [ 31.42731, -0.39331 ], [ 31.47548, -0.36889 ], [ 31.5238, -0.39308 ], [ 31.52395, -0.4417 ], [ 31.47579, -0.46612 ] ] ] } },
{ "type": "Feature", "properties": { "pop": 35795.0 }, "geometry": { "type": "Polygon", "coordinates": [ [ [ 31.47533, -0.32028 ], [ 31.42701, -0.29609 ], [ 31.42686, -0.24747 ], [ 31.47502, -0.22305 ], [ 31.52334, -0.24724 ], [ 31.52349, -0.29585 ], [ 31.47533, -0.32028 ] ] ] } },
{ "type": "Feature", "properties": { "pop": 21685.0 }, "geometry": { "type": "Polygon", "coordinates": [ [ [ 31.47487, -0.17443 ], [ 31.42655, -0.15024 ], [ 31.4264, -0.10162 ], [ 31.47456, -0.07719 ], [ 31.52287, -0.10139 ], [ 31.52303, -0.15 ], [ 31.47487, -0.17443 ] ] ] } },
{ "type": "Feature", "properties": { "pop": 3423.0 }, "geometry": { "type": "Polygon", "coordinates": [ [ [ 31.47441, -0.02857 ], [ 31.42609, -0.00438 ], [ 31.42594, 0.04424 ], [ 31.4741, 0.06867 ], [ 31.52241, 0.04448 ], [ 31.52256, -0.00415 ], [ 31.47441, -0.02857 ] ] ] } },
{ "type": "Feature", "properties": { "pop": 3788.0 }, "geometry": { "type": "Polygon", "coordinates": [ [ [ 31.47395, 0.11729 ], [ 31.42564, 0.14149 ], [ 31.42549, 0.19012 ], [ 31.47364, 0.21455 ], [ 31.52194, 0.19035 ], [ 31.5221, 0.14172 ], [ 31.47395, 0.11729 ] ] ] } },
{ "type": "Feature", "properties": { "pop": 4709.0 }, "geometry": { "type": "Polygon", "coordinates": [ [ [ 31.47348, 0.26317 ], [ 31.42518, 0.28737 ], [ 31.42503, 0.336 ], [ 31.47318, 0.36043 ], [ 31.52148, 0.33623 ], [ 31.52164, 0.2876 ], [ 31.47348, 0.26317 ] ] ] } },
{ "type": "Feature", "properties": { "pop": 11220.0 }, "geometry": { "type": "Polygon", "coordinates": [ [ [ 31.47302, 0.40906 ], [ 31.42472, 0.43326 ], [ 31.42457, 0.4819 ], [ 31.47272, 0.50633 ], [ 31.52102, 0.48213 ], [ 31.52117, 0.4335 ], [ 31.47302, 0.40906 ] ] ] } },
{ "type": "Feature", "properties": { "pop": 13696.0 }, "geometry": { "type": "Polygon", "coordinates": [ [ [ 31.47256, 0.55497 ], [ 31.42427, 0.57917 ], [ 31.42412, 0.62781 ], [ 31.47226, 0.65224 ], [ 31.52055, 0.62804 ], [ 31.52071, 0.5794 ], [ 31.47256, 0.55497 ] ] ] } },
{ "type": "Feature", "properties": { "pop": 14419.0 }, "geometry": { "type": "Polygon", "coordinates": [ [ [ 31.4721, 0.70088 ], [ 31.42381, 0.72509 ], [ 31.42366, 0.77373 ], [ 31.4718, 0.79817 ], [ 31.52009, 0.77397 ], [ 31.52024, 0.72532 ], [ 31.4721, 0.70088 ] ] ] } },
{ "type": "Feature", "properties": { "pop": 14079.0 }, "geometry": { "type": "Polygon", "coordinates": [ [ [ 31.47164, 0.84682 ], [ 31.42335, 0.87103 ], [ 31.4232, 0.91967 ], [ 31.47134, 0.94411 ], [ 31.51963, 0.91991 ], [ 31.51978, 0.87126 ], [ 31.47164, 0.84682 ] ] ] } },
{ "type": "Feature", "properties": { "pop": 20682.0 }, "geometry": { "type": "Polygon", "coordinates": [ [ [ 31.47118, 0.99277 ], [ 31.4229, 1.01698 ], [ 31.42275, 1.06563 ], [ 31.47088, 1.09007 ], [ 31.51916, 1.06586 ], [ 31.51932, 1.01721 ], [ 31.47118, 0.99277 ] ] ] } },
{ "type": "Feature", "properties": { "pop": 17535.0 }, "geometry": { "type": "Polygon", "coordinates": [ [ [ 31.47072, 1.13873 ], [ 31.42244, 1.16294 ], [ 31.42229, 1.2116 ], [ 31.47042, 1.23605 ], [ 31.5187, 1.21184 ], [ 31.51885, 1.16318 ], [ 31.47072, 1.13873 ] ] ] } },
{ "type": "Feature", "properties": { "pop": 13666.0 }, "geometry": { "type": "Polygon", "coordinates": [ [ [ 31.47026, 1.28471 ], [ 31.42198, 1.30893 ], [ 31.42183, 1.35759 ], [ 31.46996, 1.38204 ], [ 31.51824, 1.35783 ], [ 31.51839, 1.30916 ], [ 31.47026, 1.28471 ] ] ] } },
{ "type": "Feature", "properties": { "pop": 21877.0 }, "geometry": { "type": "Polygon", "coordinates": [ [ [ 31.4698, 1.43071 ], [ 31.42153, 1.45493 ], [ 31.42138, 1.5036 ], [ 31.4695, 1.52806 ], [ 31.51777, 1.50384 ], [ 31.51793, 1.45516 ], [ 31.4698, 1.43071 ] ] ] } },
{ "type": "Feature", "properties": { "pop": 9051.0 }, "geometry": { "type": "Polygon", "coordinates": [ [ [ 31.46934, 1.57673 ], [ 31.42107, 1.60096 ], [ 31.42092, 1.64963 ], [ 31.46904, 1.67409 ], [ 31.51731, 1.64987 ], [ 31.51746, 1.60119 ], [ 31.46934, 1.57673 ] ] ] } },
{ "type": "Feature", "properties": { "pop": 9291.0 }, "geometry": { "type": "Polygon", "coordinates": [ [ [ 31.46889, 1.72277 ], [ 31.42062, 1.747 ], [ 31.42046, 1.79569 ], [ 31.46858, 1.82015 ], [ 31.51685, 1.79592 ], [ 31.517, 1.74723 ], [ 31.46889, 1.72277 ] ] ] } },
{ "type": "Feature", "properties": { "pop": 9356.0 }, "geometry": { "type": "Polygon", "coordinates": [ [ [ 31.46843, 1.86883 ], [ 31.42016, 1.89306 ], [ 31.42001, 1.94176 ], [ 31.46812, 1.96622 ], [ 31.51638, 1.94199 ], [ 31.51654, 1.8933 ], [ 31.46843, 1.86883 ] ] ] } },
{ "type": "Feature", "properties": { "pop": 7195.0 }, "geometry": { "type": "Polygon", "coordinates": [ [ [ 31.46797, 2.01492 ], [ 31.4197, 2.03915 ], [ 31.41955, 2.08785 ], [ 31.46766, 2.11232 ], [ 31.51592, 2.08809 ], [ 31.51608, 2.03938 ], [ 31.46797, 2.01492 ] ] ] } },
{ "type": "Feature", "properties": { "pop": 8915.0 }, "geometry": { "type": "Polygon", "coordinates": [ [ [ 31.46751, 2.16103 ], [ 31.41925, 2.18526 ], [ 31.4191, 2.23397 ], [ 31.4672, 2.25844 ], [ 31.51546, 2.2342 ], [ 31.51561, 2.1855 ], [ 31.46751, 2.16103 ] ] ] } },
{ "type": "Feature", "properties": { "pop": 8262.0 }, "geometry": { "type": "Polygon", "coordinates": [ [ [ 31.46705, 2.30716 ], [ 31.41879, 2.3314 ], [ 31.41864, 2.38012 ], [ 31.46674, 2.40459 ], [ 31.515, 2.38035 ], [ 31.51515, 2.33163 ], [ 31.46705, 2.30716 ] ] ] } },
{ "type": "Feature", "properties": { "pop": 28985.0 }, "geometry": { "type": "Polygon", "coordinates": [ [ [ 31.46659, 2.45331 ], [ 31.41834, 2.47756 ], [ 31.41818, 2.52628 ], [ 31.46628, 2.55076 ], [ 31.51453, 2.52652 ], [ 31.51469, 2.47779 ], [ 31.46659, 2.45331 ] ] ] } },
{ "type": "Feature", "properties": { "pop": 3536.0 }, "geometry": { "type": "Polygon", "coordinates": [ [ [ 31.46613, 2.59949 ], [ 31.41788, 2.62375 ], [ 31.41773, 2.67248 ], [ 31.46582, 2.69696 ], [ 31.51407, 2.67271 ], [ 31.51422, 2.62398 ], [ 31.46613, 2.59949 ] ] ] } },
{ "type": "Feature", "properties": { "pop": 2417.0 }, "geometry": { "type": "Polygon", "coordinates": [ [ [ 31.46567, 2.7457 ], [ 31.41742, 2.76996 ], [ 31.41727, 2.8187 ], [ 31.46536, 2.84319 ], [ 31.51361, 2.81894 ], [ 31.51376, 2.77019 ], [ 31.46567, 2.7457 ] ] ] } },
{ "type": "Feature", "properties": { "pop": 1535.0 }, "geometry": { "type": "Polygon", "coordinates": [ [ [ 31.46521, 2.89194 ], [ 31.41697, 2.9162 ], [ 31.41682, 2.96495 ], [ 31.4649, 2.98945 ], [ 31.51315, 2.96519 ], [ 31.5133, 2.91643 ], [ 31.46521, 2.89194 ] ] ] } },
{ "type": "Feature", "properties": { "pop": 5546.0 }, "geometry": { "type": "Polygon", "coordinates": [ [ [ 31.46475, 3.03821 ], [ 31.41651, 3.06247 ], [ 31.41636, 3.11123 ], [ 31.46445, 3.13573 ], [ 31.51268, 3.11147 ], [ 31.51284, 3.0627 ], [ 31.46475, 3.03821 ] ] ] } },
{ "type": "Feature", "properties": { "pop": 12006.0 }, "geometry": { "type": "Polygon", "coordinates": [ [ [ 31.46429, 3.1845 ], [ 31.41606, 3.20877 ], [ 31.41591, 3.25754 ], [ 31.46399, 3.28205 ], [ 31.51222, 3.25778 ], [ 31.51237, 3.209 ], [ 31.46429, 3.1845 ] ] ] } },
{ "type": "Feature", "properties": { "pop": 2925.0 }, "geometry": { "type": "Polygon", "coordinates": [ [ [ 31.46383, 3.33083 ], [ 31.4156, 3.3551 ], [ 31.41545, 3.40389 ], [ 31.46353, 3.42839 ], [ 31.51176, 3.40412 ], [ 31.51191, 3.35533 ], [ 31.46383, 3.33083 ] ] ] } },
{ "type": "Feature", "properties": { "pop": 23811.0 }, "geometry": { "type": "Polygon", "coordinates": [ [ [ 31.46337, 3.47718 ], [ 31.41515, 3.50146 ], [ 31.41499, 3.55026 ], [ 31.46307, 3.57477 ], [ 31.5113, 3.55049 ], [ 31.51145, 3.5017 ], [ 31.46337, 3.47718 ] ] ] } },
{ "type": "Feature", "properties": { "pop": 5832.0 }, "geometry": { "type": "Polygon", "coordinates": [ [ [ 31.46292, 3.62357 ], [ 31.41469, 3.64786 ], [ 31.41454, 3.69667 ], [ 31.46261, 3.72119 ], [ 31.51083, 3.6969 ], [ 31.51099, 3.64809 ], [ 31.46292, 3.62357 ] ] ] } },
{ "type": "Feature", "properties": { "pop": 4060.0 }, "geometry": { "type": "Polygon", "coordinates": [ [ [ 31.52566, -0.97639 ], [ 31.47732, -0.9522 ], [ 31.47717, -0.9036 ], [ 31.52535, -0.87918 ], [ 31.57368, -0.90336 ], [ 31.57384, -0.95197 ], [ 31.52566, -0.97639 ] ] ] } },
{ "type": "Feature", "properties": { "pop": 16756.0 }, "geometry": { "type": "Polygon", "coordinates": [ [ [ 31.52519, -0.83057 ], [ 31.47686, -0.80638 ], [ 31.47671, -0.75778 ], [ 31.52488, -0.73336 ], [ 31.57321, -0.75754 ], [ 31.57337, -0.80615 ], [ 31.52519, -0.83057 ] ] ] } },
{ "type": "Feature", "properties": { "pop": 41077.0 }, "geometry": { "type": "Polygon", "coordinates": [ [ [ 31.52473, -0.68475 ], [ 31.4764, -0.66056 ], [ 31.47625, -0.61195 ], [ 31.52442, -0.58753 ], [ 31.57274, -0.61172 ], [ 31.5729, -0.66033 ], [ 31.52473, -0.68475 ] ] ] } },
{ "type": "Feature", "properties": { "pop": 29565.0 }, "geometry": { "type": "Polygon", "coordinates": [ [ [ 31.52426, -0.53892 ], [ 31.47594, -0.51473 ], [ 31.47579, -0.46612 ], [ 31.52395, -0.4417 ], [ 31.57228, -0.46588 ], [ 31.57243, -0.5145 ], [ 31.52426, -0.53892 ] ] ] } },
{ "type": "Feature", "properties": { "pop": 32624.0 }, "geometry": { "type": "Polygon", "coordinates": [ [ [ 31.5238, -0.39308 ], [ 31.47548, -0.36889 ], [ 31.47533, -0.32028 ], [ 31.52349, -0.29585 ], [ 31.57181, -0.32004 ], [ 31.57197, -0.36866 ], [ 31.5238, -0.39308 ] ] ] } },
{ "type": "Feature", "properties": { "pop": 20474.0 }, "geometry": { "type": "Polygon", "coordinates": [ [ [ 31.52334, -0.24724 ], [ 31.47502, -0.22305 ], [ 31.47487, -0.17443 ], [ 31.52303, -0.15 ], [ 31.57134, -0.1742 ], [ 31.5715, -0.22281 ], [ 31.52334, -0.24724 ] ] ] } },
{ "type": "Feature", "properties": { "pop": 11874.0 }, "geometry": { "type": "Polygon", "coordinates": [ [ [ 31.52287, -0.10139 ], [ 31.47456, -0.07719 ], [ 31.47441, -0.02857 ], [ 31.52256, -0.00415 ], [ 31.57087, -0.02834 ], [ 31.57103, -0.07696 ], [ 31.52287, -0.10139 ] ] ] } },
{ "type": "Feature", "properties": { "pop": 2817.0 }, "geometry": { "type": "Polygon", "coordinates": [ [ [ 31.52241, 0.04448 ], [ 31.4741, 0.06867 ], [ 31.47395, 0.11729 ], [ 31.5221, 0.14172 ], [ 31.57041, 0.11753 ], [ 31.57056, 0.0689 ], [ 31.52241, 0.04448 ] ] ] } },
{ "type": "Feature", "properties": { "pop": 2729.0 }, "geometry": { "type": "Polygon", "coordinates": [ [ [ 31.52194, 0.19035 ], [ 31.47364, 0.21455 ], [ 31.47348, 0.26317 ], [ 31.52164, 0.2876 ], [ 31.56994, 0.26341 ], [ 31.5701, 0.21478 ], [ 31.52194, 0.19035 ] ] ] } },
{ "type": "Feature", "properties": { "pop": 8671.0 }, "geometry": { "type": "Polygon", "coordinates": [ [ [ 31.52148, 0.33623 ], [ 31.47318, 0.36043 ], [ 31.47302, 0.40906 ], [ 31.52117, 0.4335 ], [ 31.56947, 0.4093 ], [ 31.56963, 0.36067 ], [ 31.52148, 0.33623 ] ] ] } },
{ "type": "Feature", "properties": { "pop": 16715.0 }, "geometry": { "type": "Polygon", "coordinates": [ [ [ 31.52102, 0.48213 ], [ 31.47272, 0.50633 ], [ 31.47256, 0.55497 ], [ 31.52071, 0.5794 ], [ 31.56901, 0.5552 ], [ 31.56916, 0.50657 ], [ 31.52102, 0.48213 ] ] ] } },
{ "type": "Feature", "properties": { "pop": 16498.0 }, "geometry": { "type": "Polygon", "coordinates": [ [ [ 31.52055, 0.62804 ], [ 31.47226, 0.65224 ], [ 31.4721, 0.70088 ], [ 31.52024, 0.72532 ], [ 31.56854, 0.70112 ], [ 31.56869, 0.65248 ], [ 31.52055, 0.62804 ] ] ] } },
{ "type": "Feature", "properties": { "pop": 14045.0 }, "geometry": { "type": "Polygon", "coordinates": [ [ [ 31.52009, 0.77397 ], [ 31.4718, 0.79817 ], [ 31.47164, 0.84682 ], [ 31.51978, 0.87126 ], [ 31.56807, 0.84705 ], [ 31.56823, 0.79841 ], [ 31.52009, 0.77397 ] ] ] } },
{ "type": "Feature", "properties": { "pop": 16760.0 }, "geometry": { "type": "Polygon", "coordinates": [ [ [ 31.51963, 0.91991 ], [ 31.47134, 0.94411 ], [ 31.47118, 0.99277 ], [ 31.51932, 1.01721 ], [ 31.56761, 0.993 ], [ 31.56776, 0.94435 ], [ 31.51963, 0.91991 ] ] ] } },
{ "type": "Feature", "properties": { "pop": 14583.0 }, "geometry": { "type": "Polygon", "coordinates": [ [ [ 31.51916, 1.06586 ], [ 31.47088, 1.09007 ], [ 31.47072, 1.13873 ], [ 31.51885, 1.16318 ], [ 31.56714, 1.13896 ], [ 31.56729, 1.09031 ], [ 31.51916, 1.06586 ] ] ] } },
{ "type": "Feature", "properties": { "pop": 11000.0 }, "geometry": { "type": "Polygon", "coordinates": [ [ [ 31.5187, 1.21184 ], [ 31.47042, 1.23605 ], [ 31.47026, 1.28471 ], [ 31.51839, 1.30916 ], [ 31.56667, 1.28495 ], [ 31.56683, 1.23628 ], [ 31.5187, 1.21184 ] ] ] } },
{ "type": "Feature", "properties": { "pop": 11560.0 }, "geometry": { "type": "Polygon", "coordinates": [ [ [ 31.51824, 1.35783 ], [ 31.46996, 1.38204 ], [ 31.4698, 1.43071 ], [ 31.51793, 1.45516 ], [ 31.56621, 1.43095 ], [ 31.56636, 1.38228 ], [ 31.51824, 1.35783 ] ] ] } },
{ "type": "Feature", "properties": { "pop": 9302.0 }, "geometry": { "type": "Polygon", "coordinates": [ [ [ 31.51777, 1.50384 ], [ 31.4695, 1.52806 ], [ 31.46934, 1.57673 ], [ 31.51746, 1.60119 ], [ 31.56574, 1.57697 ], [ 31.56589, 1.52829 ], [ 31.51777, 1.50384 ] ] ] } },
{ "type": "Feature", "properties": { "pop": 9997.0 }, "geometry": { "type": "Polygon", "coordinates": [ [ [ 31.51731, 1.64987 ], [ 31.46904, 1.67409 ], [ 31.46889, 1.72277 ], [ 31.517, 1.74723 ], [ 31.56527, 1.72301 ], [ 31.56543, 1.67432 ], [ 31.51731, 1.64987 ] ] ] } },
{ "type": "Feature", "properties": { "pop": 2698.0 }, "geometry": { "type": "Polygon", "coordinates": [ [ [ 31.51685, 1.79592 ], [ 31.46858, 1.82015 ], [ 31.46843, 1.86883 ], [ 31.51654, 1.8933 ], [ 31.56481, 1.86907 ], [ 31.56496, 1.82038 ], [ 31.51685, 1.79592 ] ] ] } },
{ "type": "Feature", "properties": { "pop": 3683.0 }, "geometry": { "type": "Polygon", "coordinates": [ [ [ 31.51638, 1.94199 ], [ 31.46812, 1.96622 ], [ 31.46797, 2.01492 ], [ 31.51608, 2.03938 ], [ 31.56434, 2.01515 ], [ 31.56449, 1.96646 ], [ 31.51638, 1.94199 ] ] ] } },
{ "type": "Feature", "properties": { "pop": 11053.0 }, "geometry": { "type": "Polygon", "coordinates": [ [ [ 31.51592, 2.08809 ], [ 31.46766, 2.11232 ], [ 31.46751, 2.16103 ], [ 31.51561, 2.1855 ], [ 31.56387, 2.16126 ], [ 31.56403, 2.11255 ], [ 31.51592, 2.08809 ] ] ] } },
{ "type": "Feature", "properties": { "pop": 4578.0 }, "geometry": { "type": "Polygon", "coordinates": [ [ [ 31.51546, 2.2342 ], [ 31.4672, 2.25844 ], [ 31.46705, 2.30716 ], [ 31.51515, 2.33163 ], [ 31.56341, 2.30739 ], [ 31.56356, 2.25868 ], [ 31.51546, 2.2342 ] ] ] } },
{ "type": "Feature", "properties": { "pop": 22997.0 }, "geometry": { "type": "Polygon", "coordinates": [ [ [ 31.515, 2.38035 ], [ 31.46674, 2.40459 ], [ 31.46659, 2.45331 ], [ 31.51469, 2.47779 ], [ 31.56294, 2.45355 ], [ 31.5631, 2.40483 ], [ 31.515, 2.38035 ] ] ] } },
{ "type": "Feature", "properties": { "pop": 2202.0 }, "geometry": { "type": "Polygon", "coordinates": [ [ [ 31.51453, 2.52652 ], [ 31.46628, 2.55076 ], [ 31.46613, 2.59949 ], [ 31.51422, 2.62398 ], [ 31.56247, 2.59973 ], [ 31.56263, 2.551 ], [ 31.51453, 2.52652 ] ] ] } },
{ "type": "Feature", "properties": { "pop": 2247.0 }, "geometry": { "type": "Polygon", "coordinates": [ [ [ 31.51407, 2.67271 ], [ 31.46582, 2.69696 ], [ 31.46567, 2.7457 ], [ 31.51376, 2.77019 ], [ 31.56201, 2.74594 ], [ 31.56216, 2.6972 ], [ 31.51407, 2.67271 ] ] ] } },
{ "type": "Feature", "properties": { "pop": 3190.0 }, "geometry": { "type": "Polygon", "coordinates": [ [ [ 31.51361, 2.81894 ], [ 31.46536, 2.84319 ], [ 31.46521, 2.89194 ], [ 31.5133, 2.91643 ], [ 31.56154, 2.89217 ], [ 31.5617, 2.84343 ], [ 31.51361, 2.81894 ] ] ] } },
{ "type": "Feature", "properties": { "pop": 1041.0 }, "geometry": { "type": "Polygon", "coordinates": [ [ [ 31.51315, 2.96519 ], [ 31.4649, 2.98945 ], [ 31.46475, 3.03821 ], [ 31.51284, 3.0627 ], [ 31.56108, 3.03844 ], [ 31.56123, 2.98968 ], [ 31.51315, 2.96519 ] ] ] } },
{ "type": "Feature", "properties": { "pop": 7664.0 }, "geometry": { "type": "Polygon", "coordinates": [ [ [ 31.51268, 3.11147 ], [ 31.46445, 3.13573 ], [ 31.46429, 3.1845 ], [ 31.51237, 3.209 ], [ 31.56061, 3.18474 ], [ 31.56077, 3.13597 ], [ 31.51268, 3.11147 ] ] ] } },
{ "type": "Feature", "properties": { "pop": 3171.0 }, "geometry": { "type": "Polygon", "coordinates": [ [ [ 31.51222, 3.25778 ], [ 31.46399, 3.28205 ], [ 31.46383, 3.33083 ], [ 31.51191, 3.35533 ], [ 31.56015, 3.33106 ], [ 31.5603, 3.28228 ], [ 31.51222, 3.25778 ] ] ] } },
{ "type": "Feature", "properties": { "pop": 1953.0 }, "geometry": { "type": "Polygon", "coordinates": [ [ [ 31.51176, 3.40412 ], [ 31.46353, 3.42839 ], [ 31.46337, 3.47718 ], [ 31.51145, 3.5017 ], [ 31.55968, 3.47742 ], [ 31.55983, 3.42863 ], [ 31.51176, 3.40412 ] ] ] } },
{ "type": "Feature", "properties": { "pop": 10360.0 }, "geometry": { "type": "Polygon", "coordinates": [ [ [ 31.5113, 3.55049 ], [ 31.46307, 3.57477 ], [ 31.46292, 3.62357 ], [ 31.51099, 3.64809 ], [ 31.55921, 3.62381 ], [ 31.55937, 3.57501 ], [ 31.5113, 3.55049 ] ] ] } },
{ "type": "Feature", "properties": { "pop": 2378.0 }, "geometry": { "type": "Polygon", "coordinates": [ [ [ 31.57415, -1.04918 ], [ 31.52581, -1.02499 ], [ 31.52566, -0.97639 ], [ 31.57384, -0.95197 ], [ 31.62217, -0.97615 ], [ 31.62233, -1.02476 ], [ 31.57415, -1.04918 ] ] ] } },
{ "type": "Feature", "properties": { "pop": 4554.0 }, "geometry": { "type": "Polygon", "coordinates": [ [ [ 31.57368, -0.90336 ], [ 31.52535, -0.87918 ], [ 31.52519, -0.83057 ], [ 31.57337, -0.80615 ], [ 31.6217, -0.83033 ], [ 31.62186, -0.87894 ], [ 31.57368, -0.90336 ] ] ] } },
{ "type": "Feature", "properties": { "pop": 9586.0 }, "geometry": { "type": "Polygon", "coordinates": [ [ [ 31.57321, -0.75754 ], [ 31.52488, -0.73336 ], [ 31.52473, -0.68475 ], [ 31.5729, -0.66033 ], [ 31.62123, -0.68451 ], [ 31.62139, -0.73312 ], [ 31.57321, -0.75754 ] ] ] } },
{ "type": "Feature", "properties": { "pop": 23484.0 }, "geometry": { "type": "Polygon", "coordinates": [ [ [ 31.57274, -0.61172 ], [ 31.52442, -0.58753 ], [ 31.52426, -0.53892 ], [ 31.57243, -0.5145 ], [ 31.62076, -0.53868 ], [ 31.62091, -0.58729 ], [ 31.57274, -0.61172 ] ] ] } },
{ "type": "Feature", "properties": { "pop": 16333.0 }, "geometry": { "type": "Polygon", "coordinates": [ [ [ 31.57228, -0.46588 ], [ 31.52395, -0.4417 ], [ 31.5238, -0.39308 ], [ 31.57197, -0.36866 ], [ 31.62029, -0.39285 ], [ 31.62044, -0.44146 ], [ 31.57228, -0.46588 ] ] ] } },
{ "type": "Feature", "properties": { "pop": 23572.0 }, "geometry": { "type": "Polygon", "coordinates": [ [ [ 31.57181, -0.32004 ], [ 31.52349, -0.29585 ], [ 31.52334, -0.24724 ], [ 31.5715, -0.22281 ], [ 31.61982, -0.247 ], [ 31.61997, -0.29562 ], [ 31.57181, -0.32004 ] ] ] } },
{ "type": "Feature", "properties": { "pop": 22439.0 }, "geometry": { "type": "Polygon", "coordinates": [ [ [ 31.57134, -0.1742 ], [ 31.52303, -0.15 ], [ 31.52287, -0.10139 ], [ 31.57103, -0.07696 ], [ 31.61934, -0.10115 ], [ 31.6195, -0.14977 ], [ 31.57134, -0.1742 ] ] ] } },
{ "type": "Feature", "properties": { "pop": 9274.0 }, "geometry": { "type": "Polygon", "coordinates": [ [ [ 31.57087, -0.02834 ], [ 31.52256, -0.00415 ], [ 31.52241, 0.04448 ], [ 31.57056, 0.0689 ], [ 31.61887, 0.04471 ], [ 31.61903, -0.00391 ], [ 31.57087, -0.02834 ] ] ] } },
{ "type": "Feature", "properties": { "pop": 3506.0 }, "geometry": { "type": "Polygon", "coordinates": [ [ [ 31.57041, 0.11753 ], [ 31.5221, 0.14172 ], [ 31.52194, 0.19035 ], [ 31.5701, 0.21478 ], [ 31.6184, 0.19058 ], [ 31.61856, 0.14196 ], [ 31.57041, 0.11753 ] ] ] } },
{ "type": "Feature", "properties": { "pop": 4709.0 }, "geometry": { "type": "Polygon", "coordinates": [ [ [ 31.56994, 0.26341 ], [ 31.52164, 0.2876 ], [ 31.52148, 0.33623 ], [ 31.56963, 0.36067 ], [ 31.61793, 0.33647 ], [ 31.61809, 0.28784 ], [ 31.56994, 0.26341 ] ] ] } },
{ "type": "Feature", "properties": { "pop": 12062.0 }, "geometry": { "type": "Polygon", "coordinates": [ [ [ 31.56947, 0.4093 ], [ 31.52117, 0.4335 ], [ 31.52102, 0.48213 ], [ 31.56916, 0.50657 ], [ 31.61746, 0.48237 ], [ 31.61762, 0.43373 ], [ 31.56947, 0.4093 ] ] ] } },
{ "type": "Feature", "properties": { "pop": 18070.0 }, "geometry": { "type": "Polygon", "coordinates": [ [ [ 31.56901, 0.5552 ], [ 31.52071, 0.5794 ], [ 31.52055, 0.62804 ], [ 31.56869, 0.65248 ], [ 31.61699, 0.62828 ], [ 31.61715, 0.57964 ], [ 31.56901, 0.5552 ] ] ] } },
{ "type": "Feature", "properties": { "pop": 12223.0 }, "geometry": { "type": "Polygon", "coordinates": [ [ [ 31.56854, 0.70112 ], [ 31.52024, 0.72532 ], [ 31.52009, 0.77397 ], [ 31.56823, 0.79841 ], [ 31.61652, 0.7742 ], [ 31.61668, 0.72556 ], [ 31.56854, 0.70112 ] ] ] } },
{ "type": "Feature", "properties": { "pop": 15745.0 }, "geometry": { "type": "Polygon", "coordinates": [ [ [ 31.56807, 0.84705 ], [ 31.51978, 0.87126 ], [ 31.51963, 0.91991 ], [ 31.56776, 0.94435 ], [ 31.61605, 0.92014 ], [ 31.61621, 0.87149 ], [ 31.56807, 0.84705 ] ] ] } },
{ "type": "Feature", "properties": { "pop": 12963.0 }, "geometry": { "type": "Polygon", "coordinates": [ [ [ 31.56761, 0.993 ], [ 31.51932, 1.01721 ], [ 31.51916, 1.06586 ], [ 31.56729, 1.09031 ], [ 31.61558, 1.0661 ], [ 31.61574, 1.01744 ], [ 31.56761, 0.993 ] ] ] } },
{ "type": "Feature", "properties": { "pop": 13278.0 }, "geometry": { "type": "Polygon", "coordinates": [ [ [ 31.56714, 1.13896 ], [ 31.51885, 1.16318 ], [ 31.5187, 1.21184 ], [ 31.56683, 1.23628 ], [ 31.61511, 1.21207 ], [ 31.61527, 1.16341 ], [ 31.56714, 1.13896 ] ] ] } },
{ "type": "Feature", "properties": { "pop": 4770.0 }, "geometry": { "type": "Polygon", "coordinates": [ [ [ 31.56667, 1.28495 ], [ 31.51839, 1.30916 ], [ 31.51824, 1.35783 ], [ 31.56636, 1.38228 ], [ 31.61464, 1.35806 ], [ 31.6148, 1.3094 ], [ 31.56667, 1.28495 ] ] ] } },
{ "type": "Feature", "properties": { "pop": 14156.0 }, "geometry": { "type": "Polygon", "coordinates": [ [ [ 31.56621, 1.43095 ], [ 31.51793, 1.45516 ], [ 31.51777, 1.50384 ], [ 31.56589, 1.52829 ], [ 31.61417, 1.50407 ], [ 31.61433, 1.4554 ], [ 31.56621, 1.43095 ] ] ] } },
{ "type": "Feature", "properties": { "pop": 13378.0 }, "geometry": { "type": "Polygon", "coordinates": [ [ [ 31.56574, 1.57697 ], [ 31.51746, 1.60119 ], [ 31.51731, 1.64987 ], [ 31.56543, 1.67432 ], [ 31.6137, 1.6501 ], [ 31.61386, 1.60142 ], [ 31.56574, 1.57697 ] ] ] } },
{ "type": "Feature", "properties": { "pop": 2615.0 }, "geometry": { "type": "Polygon", "coordinates": [ [ [ 31.56527, 1.72301 ], [ 31.517, 1.74723 ], [ 31.51685, 1.79592 ], [ 31.56496, 1.82038 ], [ 31.61323, 1.79615 ], [ 31.61339, 1.74747 ], [ 31.56527, 1.72301 ] ] ] } },
{ "type": "Feature", "properties": { "pop": 1943.0 }, "geometry": { "type": "Polygon", "coordinates": [ [ [ 31.56481, 1.86907 ], [ 31.51654, 1.8933 ], [ 31.51638, 1.94199 ], [ 31.56449, 1.96646 ], [ 31.61276, 1.94223 ], [ 31.61292, 1.89353 ], [ 31.56481, 1.86907 ] ] ] } },
{ "type": "Feature", "properties": { "pop": 3112.0 }, "geometry": { "type": "Polygon", "coordinates": [ [ [ 31.56434, 2.01515 ], [ 31.51608, 2.03938 ], [ 31.51592, 2.08809 ], [ 31.56403, 2.11255 ], [ 31.61229, 2.08832 ], [ 31.61245, 2.03962 ], [ 31.56434, 2.01515 ] ] ] } },
{ "type": "Feature", "properties": { "pop": 6682.0 }, "geometry": { "type": "Polygon", "coordinates": [ [ [ 31.56387, 2.16126 ], [ 31.51561, 2.1855 ], [ 31.51546, 2.2342 ], [ 31.56356, 2.25868 ], [ 31.61182, 2.23444 ], [ 31.61198, 2.18573 ], [ 31.56387, 2.16126 ] ] ] } },
{ "type": "Feature", "properties": { "pop": 2920.0 }, "geometry": { "type": "Polygon", "coordinates": [ [ [ 31.56341, 2.30739 ], [ 31.51515, 2.33163 ], [ 31.515, 2.38035 ], [ 31.5631, 2.40483 ], [ 31.61135, 2.38058 ], [ 31.61151, 2.33187 ], [ 31.56341, 2.30739 ] ] ] } },
{ "type": "Feature", "properties": { "pop": 3224.0 }, "geometry": { "type": "Polygon", "coordinates": [ [ [ 31.56294, 2.45355 ], [ 31.51469, 2.47779 ], [ 31.51453, 2.52652 ], [ 31.56263, 2.551 ], [ 31.61088, 2.52675 ], [ 31.61104, 2.47803 ], [ 31.56294, 2.45355 ] ] ] } },
{ "type": "Feature", "properties": { "pop": 4103.0 }, "geometry": { "type": "Polygon", "coordinates": [ [ [ 31.56247, 2.59973 ], [ 31.51422, 2.62398 ], [ 31.51407, 2.67271 ], [ 31.56216, 2.6972 ], [ 31.61041, 2.67295 ], [ 31.61057, 2.62421 ], [ 31.56247, 2.59973 ] ] ] } },
{ "type": "Feature", "properties": { "pop": 1504.0 }, "geometry": { "type": "Polygon", "coordinates": [ [ [ 31.56201, 2.74594 ], [ 31.51376, 2.77019 ], [ 31.51361, 2.81894 ], [ 31.5617, 2.84343 ], [ 31.60994, 2.81917 ], [ 31.6101, 2.77043 ], [ 31.56201, 2.74594 ] ] ] } },
{ "type": "Feature", "properties": { "pop": 1320.0 }, "geometry": { "type": "Polygon", "coordinates": [ [ [ 31.56154, 2.89217 ], [ 31.5133, 2.91643 ], [ 31.51315, 2.96519 ], [ 31.56123, 2.98968 ], [ 31.60947, 2.96542 ], [ 31.60963, 2.91667 ], [ 31.56154, 2.89217 ] ] ] } },
{ "type": "Feature", "properties": { "pop": 923.0 }, "geometry": { "type": "Polygon", "coordinates": [ [ [ 31.56108, 3.03844 ], [ 31.51284, 3.0627 ], [ 31.51268, 3.11147 ], [ 31.56077, 3.13597 ], [ 31.609, 3.1117 ], [ 31.60916, 3.06294 ], [ 31.56108, 3.03844 ] ] ] } },
{ "type": "Feature", "properties": { "pop": 9378.0 }, "geometry": { "type": "Polygon", "coordinates": [ [ [ 31.56061, 3.18474 ], [ 31.51237, 3.209 ], [ 31.51222, 3.25778 ], [ 31.5603, 3.28228 ], [ 31.60854, 3.25801 ], [ 31.60869, 3.20924 ], [ 31.56061, 3.18474 ] ] ] } },
{ "type": "Feature", "properties": { "pop": 1668.0 }, "geometry": { "type": "Polygon", "coordinates": [ [ [ 31.56015, 3.33106 ], [ 31.51191, 3.35533 ], [ 31.51176, 3.40412 ], [ 31.55983, 3.42863 ], [ 31.60807, 3.40435 ], [ 31.60822, 3.35557 ], [ 31.56015, 3.33106 ] ] ] } },
{ "type": "Feature", "properties": { "pop": 1711.0 }, "geometry": { "type": "Polygon", "coordinates": [ [ [ 31.55968, 3.47742 ], [ 31.51145, 3.5017 ], [ 31.5113, 3.55049 ], [ 31.55937, 3.57501 ], [ 31.6076, 3.55073 ], [ 31.60775, 3.50193 ], [ 31.55968, 3.47742 ] ] ] } },
{ "type": "Feature", "properties": { "pop": 2190.0 }, "geometry": { "type": "Polygon", "coordinates": [ [ [ 31.55921, 3.62381 ], [ 31.51099, 3.64809 ], [ 31.51083, 3.6969 ], [ 31.5589, 3.72142 ], [ 31.60713, 3.69713 ], [ 31.60728, 3.64833 ], [ 31.55921, 3.62381 ] ] ] } },
{ "type": "Feature", "properties": { "pop": 4476.0 }, "geometry": { "type": "Polygon", "coordinates": [ [ [ 31.62217, -0.97615 ], [ 31.57384, -0.95197 ], [ 31.57368, -0.90336 ], [ 31.62186, -0.87894 ], [ 31.67019, -0.90312 ], [ 31.67035, -0.95173 ], [ 31.62217, -0.97615 ] ] ] } },
{ "type": "Feature", "properties": { "pop": 5798.0 }, "geometry": { "type": "Polygon", "coordinates": [ [ [ 31.6217, -0.83033 ], [ 31.57337, -0.80615 ], [ 31.57321, -0.75754 ], [ 31.62139, -0.73312 ], [ 31.66972, -0.7573 ], [ 31.66987, -0.80591 ], [ 31.6217, -0.83033 ] ] ] } },
{ "type": "Feature", "properties": { "pop": 12986.0 }, "geometry": { "type": "Polygon", "coordinates": [ [ [ 31.62123, -0.68451 ], [ 31.5729, -0.66033 ], [ 31.57274, -0.61172 ], [ 31.62091, -0.58729 ], [ 31.66924, -0.61148 ], [ 31.6694, -0.66009 ], [ 31.62123, -0.68451 ] ] ] } },
{ "type": "Feature", "properties": { "pop": 34319.0 }, "geometry": { "type": "Polygon", "coordinates": [ [ [ 31.62076, -0.53868 ], [ 31.57243, -0.5145 ], [ 31.57228, -0.46588 ], [ 31.62044, -0.44146 ], [ 31.66877, -0.46565 ], [ 31.66892, -0.51426 ], [ 31.62076, -0.53868 ] ] ] } },
{ "type": "Feature", "properties": { "pop": 27761.0 }, "geometry": { "type": "Polygon", "coordinates": [ [ [ 31.62029, -0.39285 ], [ 31.57197, -0.36866 ], [ 31.57181, -0.32004 ], [ 31.61997, -0.29562 ], [ 31.66829, -0.31981 ], [ 31.66845, -0.36842 ], [ 31.62029, -0.39285 ] ] ] } },
{ "type": "Feature", "properties": { "pop": 26125.0 }, "geometry": { "type": "Polygon", "coordinates": [ [ [ 31.61982, -0.247 ], [ 31.5715, -0.22281 ], [ 31.57134, -0.1742 ], [ 31.6195, -0.14977 ], [ 31.66782, -0.17396 ], [ 31.66798, -0.22258 ], [ 31.61982, -0.247 ] ] ] } },
{ "type": "Feature", "properties": { "pop": 24509.0 }, "geometry": { "type": "Polygon", "coordinates": [ [ [ 31.61934, -0.10115 ], [ 31.57103, -0.07696 ], [ 31.57087, -0.02834 ], [ 31.61903, -0.00391 ], [ 31.66734, -0.0281 ], [ 31.6675, -0.07672 ], [ 31.61934, -0.10115 ] ] ] } },
{ "type": "Feature", "properties": { "pop": 5686.0 }, "geometry": { "type": "Polygon", "coordinates": [ [ [ 31.61887, 0.04471 ], [ 31.57056, 0.0689 ], [ 31.57041, 0.11753 ], [ 31.61856, 0.14196 ], [ 31.66687, 0.11777 ], [ 31.66703, 0.06914 ], [ 31.61887, 0.04471 ] ] ] } },
{ "type": "Feature", "properties": { "pop": 6338.0 }, "geometry": { "type": "Polygon", "coordinates": [ [ [ 31.6184, 0.19058 ], [ 31.5701, 0.21478 ], [ 31.56994, 0.26341 ], [ 31.61809, 0.28784 ], [ 31.6664, 0.26364 ], [ 31.66655, 0.21502 ], [ 31.6184, 0.19058 ] ] ] } },
{ "type": "Feature", "properties": { "pop": 10380.0 }, "geometry": { "type": "Polygon", "coordinates": [ [ [ 31.61793, 0.33647 ], [ 31.56963, 0.36067 ], [ 31.56947, 0.4093 ], [ 31.61762, 0.43373 ], [ 31.66592, 0.40953 ], [ 31.66608, 0.3609 ], [ 31.61793, 0.33647 ] ] ] } },
{ "type": "Feature", "properties": { "pop": 14390.0 }, "geometry": { "type": "Polygon", "coordinates": [ [ [ 31.61746, 0.48237 ], [ 31.56916, 0.50657 ], [ 31.56901, 0.5552 ], [ 31.61715, 0.57964 ], [ 31.66545, 0.55544 ], [ 31.66561, 0.5068 ], [ 31.61746, 0.48237 ] ] ] } },
{ "type": "Feature", "properties": { "pop": 13703.0 }, "geometry": { "type": "Polygon", "coordinates": [ [ [ 31.61699, 0.62828 ], [ 31.56869, 0.65248 ], [ 31.56854, 0.70112 ], [ 31.61668, 0.72556 ], [ 31.66497, 0.70136 ], [ 31.66513, 0.65272 ], [ 31.61699, 0.62828 ] ] ] } },
{ "type": "Feature", "properties": { "pop": 14224.0 }, "geometry": { "type": "Polygon", "coordinates": [ [ [ 31.61652, 0.7742 ], [ 31.56823, 0.79841 ], [ 31.56807, 0.84705 ], [ 31.61621, 0.87149 ], [ 31.6645, 0.84729 ], [ 31.66466, 0.79864 ], [ 31.61652, 0.7742 ] ] ] } },
{ "type": "Feature", "properties": { "pop": 24434.0 }, "geometry": { "type": "Polygon", "coordinates": [ [ [ 31.61605, 0.92014 ], [ 31.56776, 0.94435 ], [ 31.56761, 0.993 ], [ 31.61574, 1.01744 ], [ 31.66403, 0.99324 ], [ 31.66418, 0.94459 ], [ 31.61605, 0.92014 ] ] ] } },
{ "type": "Feature", "properties": { "pop": 10905.0 }, "geometry": { "type": "Polygon", "coordinates": [ [ [ 31.61558, 1.0661 ], [ 31.56729, 1.09031 ], [ 31.56714, 1.13896 ], [ 31.61527, 1.16341 ], [ 31.66355, 1.1392 ], [ 31.66371, 1.09054 ], [ 31.61558, 1.0661 ] ] ] } },
{ "type": "Feature", "properties": { "pop": 2780.0 }, "geometry": { "type": "Polygon", "coordinates": [ [ [ 31.61511, 1.21207 ], [ 31.56683, 1.23628 ], [ 31.56667, 1.28495 ], [ 31.6148, 1.3094 ], [ 31.66308, 1.28518 ], [ 31.66324, 1.23652 ], [ 31.61511, 1.21207 ] ] ] } },
{ "type": "Feature", "properties": { "pop": 6989.0 }, "geometry": { "type": "Polygon", "coordinates": [ [ [ 31.61464, 1.35806 ], [ 31.56636, 1.38228 ], [ 31.56621, 1.43095 ], [ 31.61433, 1.4554 ], [ 31.66261, 1.43118 ], [ 31.66276, 1.38251 ], [ 31.61464, 1.35806 ] ] ] } },
{ "type": "Feature", "properties": { "pop": 12710.0 }, "geometry": { "type": "Polygon", "coordinates": [ [ [ 31.61417, 1.50407 ], [ 31.56589, 1.52829 ], [ 31.56574, 1.57697 ], [ 31.61386, 1.60142 ], [ 31.66213, 1.5772 ], [ 31.66229, 1.52853 ], [ 31.61417, 1.50407 ] ] ] } },
{ "type": "Feature", "properties": { "pop": 11396.0 }, "geometry": { "type": "Polygon", "coordinates": [ [ [ 31.6137, 1.6501 ], [ 31.56543, 1.67432 ], [ 31.56527, 1.72301 ], [ 31.61339, 1.74747 ], [ 31.66166, 1.72324 ], [ 31.66182, 1.67456 ], [ 31.6137, 1.6501 ] ] ] } },
{ "type": "Feature", "properties": { "pop": 1531.0 }, "geometry": { "type": "Polygon", "coordinates": [ [ [ 31.61323, 1.79615 ], [ 31.56496, 1.82038 ], [ 31.56481, 1.86907 ], [ 31.61292, 1.89353 ], [ 31.66119, 1.86931 ], [ 31.66134, 1.82062 ], [ 31.61323, 1.79615 ] ] ] } },
{ "type": "Feature", "properties": { "pop": 1635.0 }, "geometry": { "type": "Polygon", "coordinates": [ [ [ 31.61276, 1.94223 ], [ 31.56449, 1.96646 ], [ 31.56434, 2.01515 ], [ 31.61245, 2.03962 ], [ 31.66071, 2.01539 ], [ 31.66087, 1.96669 ], [ 31.61276, 1.94223 ] ] ] } },
{ "type": "Feature", "properties": { "pop": 1637.0 }, "geometry": { "type": "Polygon", "coordinates": [ [ [ 31.61229, 2.08832 ], [ 31.56403, 2.11255 ], [ 31.56387, 2.16126 ], [ 31.61198, 2.18573 ], [ 31.66024, 2.1615 ], [ 31.6604, 2.11279 ], [ 31.61229, 2.08832 ] ] ] } },
{ "type": "Feature", "properties": { "pop": 4621.0 }, "geometry": { "type": "Polygon", "coordinates": [ [ [ 31.61182, 2.23444 ], [ 31.56356, 2.25868 ], [ 31.56341, 2.30739 ], [ 31.61151, 2.33187 ], [ 31.65977, 2.30763 ], [ 31.65992, 2.25892 ], [ 31.61182, 2.23444 ] ] ] } },
{ "type": "Feature", "properties": { "pop": 2482.0 }, "geometry": { "type": "Polygon", "coordinates": [ [ [ 31.61135, 2.38058 ], [ 31.5631, 2.40483 ], [ 31.56294, 2.45355 ], [ 31.61104, 2.47803 ], [ 31.65929, 2.45378 ], [ 31.65945, 2.40506 ], [ 31.61135, 2.38058 ] ] ] } },
{ "type": "Feature", "properties": { "pop": 1081.0 }, "geometry": { "type": "Polygon", "coordinates": [ [ [ 31.61088, 2.52675 ], [ 31.56263, 2.551 ], [ 31.56247, 2.59973 ], [ 31.61057, 2.62421 ], [ 31.65882, 2.59997 ], [ 31.65898, 2.55124 ], [ 31.61088, 2.52675 ] ] ] } },
{ "type": "Feature", "properties": { "pop": 2340.0 }, "geometry": { "type": "Polygon", "coordinates": [ [ [ 31.61041, 2.67295 ], [ 31.56216, 2.6972 ], [ 31.56201, 2.74594 ], [ 31.6101, 2.77043 ], [ 31.65835, 2.74618 ], [ 31.65851, 2.69744 ], [ 31.61041, 2.67295 ] ] ] } },
{ "type": "Feature", "properties": { "pop": 1713.0 }, "geometry": { "type": "Polygon", "coordinates": [ [ [ 31.60994, 2.81917 ], [ 31.5617, 2.84343 ], [ 31.56154, 2.89217 ], [ 31.60963, 2.91667 ], [ 31.65787, 2.89241 ], [ 31.65803, 2.84366 ], [ 31.60994, 2.81917 ] ] ] } },
{ "type": "Feature", "properties": { "pop": 1075.0 }, "geometry": { "type": "Polygon", "coordinates": [ [ [ 31.60947, 2.96542 ], [ 31.56123, 2.98968 ], [ 31.56108, 3.03844 ], [ 31.60916, 3.06294 ], [ 31.6574, 3.03868 ], [ 31.65756, 2.98992 ], [ 31.60947, 2.96542 ] ] ] } },
{ "type": "Feature", "properties": { "pop": 1141.0 }, "geometry": { "type": "Polygon", "coordinates": [ [ [ 31.609, 3.1117 ], [ 31.56077, 3.13597 ], [ 31.56061, 3.18474 ], [ 31.60869, 3.20924 ], [ 31.65693, 3.18497 ], [ 31.65709, 3.1362 ], [ 31.609, 3.1117 ] ] ] } },
{ "type": "Feature", "properties": { "pop": 2053.0 }, "geometry": { "type": "Polygon", "coordinates": [ [ [ 31.60854, 3.25801 ], [ 31.5603, 3.28228 ], [ 31.56015, 3.33106 ], [ 31.60822, 3.35557 ], [ 31.65646, 3.3313 ], [ 31.65661, 3.28252 ], [ 31.60854, 3.25801 ] ] ] } },
{ "type": "Feature", "properties": { "pop": 2814.0 }, "geometry": { "type": "Polygon", "coordinates": [ [ [ 31.60807, 3.40435 ], [ 31.55983, 3.42863 ], [ 31.55968, 3.47742 ], [ 31.60775, 3.50193 ], [ 31.65598, 3.47766 ], [ 31.65614, 3.42887 ], [ 31.60807, 3.40435 ] ] ] } },
{ "type": "Feature", "properties": { "pop": 8211.0 }, "geometry": { "type": "Polygon", "coordinates": [ [ [ 31.6076, 3.55073 ], [ 31.55937, 3.57501 ], [ 31.55921, 3.62381 ], [ 31.60728, 3.64833 ], [ 31.65551, 3.62405 ], [ 31.65567, 3.57525 ], [ 31.6076, 3.55073 ] ] ] } },
{ "type": "Feature", "properties": { "pop": 34.0 }, "geometry": { "type": "Polygon", "coordinates": [ [ [ 31.60713, 3.69713 ], [ 31.5589, 3.72142 ], [ 31.55875, 3.77023 ], [ 31.60682, 3.79476 ], [ 31.65504, 3.77047 ], [ 31.6552, 3.72166 ], [ 31.60713, 3.69713 ] ] ] } },
{ "type": "Feature", "properties": { "pop": 1472.0 }, "geometry": { "type": "Polygon", "coordinates": [ [ [ 31.67066, -1.04894 ], [ 31.62233, -1.02476 ], [ 31.62217, -0.97615 ], [ 31.67035, -0.95173 ], [ 31.71868, -0.97591 ], [ 31.71884, -1.02452 ], [ 31.67066, -1.04894 ] ] ] } },
{ "type": "Feature", "properties": { "pop": 2847.0 }, "geometry": { "type": "Polygon", "coordinates": [ [ [ 31.67019, -0.90312 ], [ 31.62186, -0.87894 ], [ 31.6217, -0.83033 ], [ 31.66987, -0.80591 ], [ 31.71821, -0.8301 ], [ 31.71837, -0.8787 ], [ 31.67019, -0.90312 ] ] ] } },
{ "type": "Feature", "properties": { "pop": 8320.0 }, "geometry": { "type": "Polygon", "coordinates": [ [ [ 31.66972, -0.7573 ], [ 31.62139, -0.73312 ], [ 31.62123, -0.68451 ], [ 31.6694, -0.66009 ], [ 31.71773, -0.68427 ], [ 31.71789, -0.73288 ], [ 31.66972, -0.7573 ] ] ] } },
{ "type": "Feature", "properties": { "pop": 26182.0 }, "geometry": { "type": "Polygon", "coordinates": [ [ [ 31.66924, -0.61148 ], [ 31.62091, -0.58729 ], [ 31.62076, -0.53868 ], [ 31.66892, -0.51426 ], [ 31.71725, -0.53844 ], [ 31.71741, -0.58705 ], [ 31.66924, -0.61148 ] ] ] } },
{ "type": "Feature", "properties": { "pop": 27087.0 }, "geometry": { "type": "Polygon", "coordinates": [ [ [ 31.66877, -0.46565 ], [ 31.62044, -0.44146 ], [ 31.62029, -0.39285 ], [ 31.66845, -0.36842 ], [ 31.71677, -0.39261 ], [ 31.71693, -0.44122 ], [ 31.66877, -0.46565 ] ] ] } },
{ "type": "Feature", "properties": { "pop": 26522.0 }, "geometry": { "type": "Polygon", "coordinates": [ [ [ 31.66829, -0.31981 ], [ 31.61997, -0.29562 ], [ 31.61982, -0.247 ], [ 31.66798, -0.22258 ], [ 31.7163, -0.24676 ], [ 31.71645, -0.29538 ], [ 31.66829, -0.31981 ] ] ] } },
{ "type": "Feature", "properties": { "pop": 17641.0 }, "geometry": { "type": "Polygon", "coordinates": [ [ [ 31.66782, -0.17396 ], [ 31.6195, -0.14977 ], [ 31.61934, -0.10115 ], [ 31.6675, -0.07672 ], [ 31.71582, -0.10091 ], [ 31.71598, -0.14953 ], [ 31.66782, -0.17396 ] ] ] } },
{ "type": "Feature", "properties": { "pop": 12928.0 }, "geometry": { "type": "Polygon", "coordinates": [ [ [ 31.66734, -0.0281 ], [ 31.61903, -0.00391 ], [ 31.61887, 0.04471 ], [ 31.66703, 0.06914 ], [ 31.71534, 0.04495 ], [ 31.7155, -0.00367 ], [ 31.66734, -0.0281 ] ] ] } },
{ "type": "Feature", "properties": { "pop": 7048.0 }, "geometry": { "type": "Polygon", "coordinates": [ [ [ 31.66687, 0.11777 ], [ 31.61856, 0.14196 ], [ 31.6184, 0.19058 ], [ 31.66655, 0.21502 ], [ 31.71486, 0.19082 ], [ 31.71502, 0.1422 ], [ 31.66687, 0.11777 ] ] ] } },
{ "type": "Feature", "properties": { "pop": 4907.0 }, "geometry": { "type": "Polygon", "coordinates": [ [ [ 31.6664, 0.26364 ], [ 31.61809, 0.28784 ], [ 31.61793, 0.33647 ], [ 31.66608, 0.3609 ], [ 31.71439, 0.33671 ], [ 31.71454, 0.28808 ], [ 31.6664, 0.26364 ] ] ] } },
{ "type": "Feature", "properties": { "pop": 26718.0 }, "geometry": { "type": "Polygon", "coordinates": [ [ [ 31.66592, 0.40953 ], [ 31.61762, 0.43373 ], [ 31.61746, 0.48237 ], [ 31.66561, 0.5068 ], [ 31.71391, 0.48261 ], [ 31.71407, 0.43397 ], [ 31.66592, 0.40953 ] ] ] } },
{ "type": "Feature", "properties": { "pop": 18247.0 }, "geometry": { "type": "Polygon", "coordinates": [ [ [ 31.66545, 0.55544 ], [ 31.61715, 0.57964 ], [ 31.61699, 0.62828 ], [ 31.66513, 0.65272 ], [ 31.71343, 0.62852 ], [ 31.71359, 0.57988 ], [ 31.66545, 0.55544 ] ] ] } },
{ "type": "Feature", "properties": { "pop": 11716.0 }, "geometry": { "type": "Polygon", "coordinates": [ [ [ 31.66497, 0.70136 ], [ 31.61668, 0.72556 ], [ 31.61652, 0.7742 ], [ 31.66466, 0.79864 ], [ 31.71295, 0.77444 ], [ 31.71311, 0.7258 ], [ 31.66497, 0.70136 ] ] ] } },
{ "type": "Feature", "properties": { "pop": 14289.0 }, "geometry": { "type": "Polygon", "coordinates": [ [ [ 31.6645, 0.84729 ], [ 31.61621, 0.87149 ], [ 31.61605, 0.92014 ], [ 31.66418, 0.94459 ], [ 31.71248, 0.92038 ], [ 31.71264, 0.87173 ], [ 31.6645, 0.84729 ] ] ] } },
{ "type": "Feature", "properties": { "pop": 17784.0 }, "geometry": { "type": "Polygon", "coordinates": [ [ [ 31.66403, 0.99324 ], [ 31.61574, 1.01744 ], [ 31.61558, 1.0661 ], [ 31.66371, 1.09054 ], [ 31.712, 1.06634 ], [ 31.71216, 1.01768 ], [ 31.66403, 0.99324 ] ] ] } },
{ "type": "Feature", "properties": { "pop": 2578.0 }, "geometry": { "type": "Polygon", "coordinates": [ [ [ 31.66355, 1.1392 ], [ 31.61527, 1.16341 ], [ 31.61511, 1.21207 ], [ 31.66324, 1.23652 ], [ 31.71152, 1.21231 ], [ 31.71168, 1.16365 ], [ 31.66355, 1.1392 ] ] ] } },
{ "type": "Feature", "properties": { "pop": 2474.0 }, "geometry": { "type": "Polygon", "coordinates": [ [ [ 31.66308, 1.28518 ], [ 31.6148, 1.3094 ], [ 31.61464, 1.35806 ], [ 31.66276, 1.38251 ], [ 31.71104, 1.3583 ], [ 31.7112, 1.30964 ], [ 31.66308, 1.28518 ] ] ] } },
{ "type": "Feature", "properties": { "pop": 7917.0 }, "geometry": { "type": "Polygon", "coordinates": [ [ [ 31.66261, 1.43118 ], [ 31.61433, 1.4554 ], [ 31.61417, 1.50407 ], [ 31.66229, 1.52853 ], [ 31.71057, 1.50431 ], [ 31.71073, 1.45564 ], [ 31.66261, 1.43118 ] ] ] } },
{ "type": "Feature", "properties": { "pop": 18382.0 }, "geometry": { "type": "Polygon", "coordinates": [ [ [ 31.66213, 1.5772 ], [ 31.61386, 1.60142 ], [ 31.6137, 1.6501 ], [ 31.66182, 1.67456 ], [ 31.71009, 1.65034 ], [ 31.71025, 1.60166 ], [ 31.66213, 1.5772 ] ] ] } },
{ "type": "Feature", "properties": { "pop": 10205.0 }, "geometry": { "type": "Polygon", "coordinates": [ [ [ 31.66166, 1.72324 ], [ 31.61339, 1.74747 ], [ 31.61323, 1.79615 ], [ 31.66134, 1.82062 ], [ 31.70961, 1.79639 ], [ 31.70977, 1.74771 ], [ 31.66166, 1.72324 ] ] ] } },
{ "type": "Feature", "properties": { "pop": 2093.0 }, "geometry": { "type": "Polygon", "coordinates": [ [ [ 31.66119, 1.86931 ], [ 31.61292, 1.89353 ], [ 31.61276, 1.94223 ], [ 31.66087, 1.96669 ], [ 31.70914, 1.94247 ], [ 31.7093, 1.89377 ], [ 31.66119, 1.86931 ] ] ] } },
{ "type": "Feature", "properties": { "pop": 1095.0 }, "geometry": { "type": "Polygon", "coordinates": [ [ [ 31.66071, 2.01539 ], [ 31.61245, 2.03962 ], [ 31.61229, 2.08832 ], [ 31.6604, 2.11279 ], [ 31.70866, 2.08856 ], [ 31.70882, 2.03986 ], [ 31.66071, 2.01539 ] ] ] } },
{ "type": "Feature", "properties": { "pop": 2300.0 }, "geometry": { "type": "Polygon", "coordinates": [ [ [ 31.66024, 2.1615 ], [ 31.61198, 2.18573 ], [ 31.61182, 2.23444 ], [ 31.65992, 2.25892 ], [ 31.70818, 2.23468 ], [ 31.70834, 2.18597 ], [ 31.66024, 2.1615 ] ] ] } },
{ "type": "Feature", "properties": { "pop": 3742.0 }, "geometry": { "type": "Polygon", "coordinates": [ [ [ 31.65977, 2.30763 ], [ 31.61151, 2.33187 ], [ 31.61135, 2.38058 ], [ 31.65945, 2.40506 ], [ 31.70771, 2.38082 ], [ 31.70787, 2.33211 ], [ 31.65977, 2.30763 ] ] ] } },
{ "type": "Feature", "properties": { "pop": 1466.0 }, "geometry": { "type": "Polygon", "coordinates": [ [ [ 31.65929, 2.45378 ], [ 31.61104, 2.47803 ], [ 31.61088, 2.52675 ], [ 31.65898, 2.55124 ], [ 31.70723, 2.52699 ], [ 31.70739, 2.47827 ], [ 31.65929, 2.45378 ] ] ] } },
{ "type": "Feature", "properties": { "pop": 1994.0 }, "geometry": { "type": "Polygon", "coordinates": [ [ [ 31.65882, 2.59997 ], [ 31.61057, 2.62421 ], [ 31.61041, 2.67295 ], [ 31.65851, 2.69744 ], [ 31.70676, 2.67319 ], [ 31.70691, 2.62445 ], [ 31.65882, 2.59997 ] ] ] } },
{ "type": "Feature", "properties": { "pop": 5180.0 }, "geometry": { "type": "Polygon", "coordinates": [ [ [ 31.65835, 2.74618 ], [ 31.6101, 2.77043 ], [ 31.60994, 2.81917 ], [ 31.65803, 2.84366 ], [ 31.70628, 2.81941 ], [ 31.70644, 2.77067 ], [ 31.65835, 2.74618 ] ] ] } },
{ "type": "Feature", "properties": { "pop": 1511.0 }, "geometry": { "type": "Polygon", "coordinates": [ [ [ 31.65787, 2.89241 ], [ 31.60963, 2.91667 ], [ 31.60947, 2.96542 ], [ 31.65756, 2.98992 ], [ 31.7058, 2.96566 ], [ 31.70596, 2.91691 ], [ 31.65787, 2.89241 ] ] ] } },
{ "type": "Feature", "properties": { "pop": 1187.0 }, "geometry": { "type": "Polygon", "coordinates": [ [ [ 31.6574, 3.03868 ], [ 31.60916, 3.06294 ], [ 31.609, 3.1117 ], [ 31.65709, 3.1362 ], [ 31.70533, 3.11194 ], [ 31.70549, 3.06318 ], [ 31.6574, 3.03868 ] ] ] } },
{ "type": "Feature", "properties": { "pop": 1826.0 }, "geometry": { "type": "Polygon", "coordinates": [ [ [ 31.65693, 3.18497 ], [ 31.60869, 3.20924 ], [ 31.60854, 3.25801 ], [ 31.65661, 3.28252 ], [ 31.70485, 3.25825 ], [ 31.70501, 3.20948 ], [ 31.65693, 3.18497 ] ] ] } },
{ "type": "Feature", "properties": { "pop": 4886.0 }, "geometry": { "type": "Polygon", "coordinates": [ [ [ 31.65646, 3.3313 ], [ 31.60822, 3.35557 ], [ 31.60807, 3.40435 ], [ 31.65614, 3.42887 ], [ 31.70437, 3.40459 ], [ 31.70453, 3.35581 ], [ 31.65646, 3.3313 ] ] ] } },
{ "type": "Feature", "properties": { "pop": 3269.0 }, "geometry": { "type": "Polygon", "coordinates": [ [ [ 31.65598, 3.47766 ], [ 31.60775, 3.50193 ], [ 31.6076, 3.55073 ], [ 31.65567, 3.57525 ], [ 31.7039, 3.55097 ], [ 31.70406, 3.50217 ], [ 31.65598, 3.47766 ] ] ] } },
{ "type": "Feature", "properties": { "pop": 5479.0 }, "geometry": { "type": "Polygon", "coordinates": [ [ [ 31.65551, 3.62405 ], [ 31.60728, 3.64833 ], [ 31.60713, 3.69713 ], [ 31.6552, 3.72166 ], [ 31.70342, 3.69737 ], [ 31.70358, 3.64857 ], [ 31.65551, 3.62405 ] ] ] } },
{ "type": "Feature", "properties": { "pop": 5604.0 }, "geometry": { "type": "Polygon", "coordinates": [ [ [ 31.71868, -0.97591 ], [ 31.67035, -0.95173 ], [ 31.67019, -0.90312 ], [ 31.71837, -0.8787 ], [ 31.7667, -0.90288 ], [ 31.76686, -0.95149 ], [ 31.71868, -0.97591 ] ] ] } },
{ "type": "Feature", "properties": { "pop": 2558.0 }, "geometry": { "type": "Polygon", "coordinates": [ [ [ 31.71821, -0.8301 ], [ 31.66987, -0.80591 ], [ 31.66972, -0.7573 ], [ 31.71789, -0.73288 ], [ 31.76622, -0.75706 ], [ 31.76638, -0.80567 ], [ 31.71821, -0.8301 ] ] ] } },
{ "type": "Feature", "properties": { "pop": 11834.0 }, "geometry": { "type": "Polygon", "coordinates": [ [ [ 31.71773, -0.68427 ], [ 31.6694, -0.66009 ], [ 31.66924, -0.61148 ], [ 31.71741, -0.58705 ], [ 31.76574, -0.61124 ], [ 31.7659, -0.65985 ], [ 31.71773, -0.68427 ] ] ] } },
{ "type": "Feature", "properties": { "pop": 19919.0 }, "geometry": { "type": "Polygon", "coordinates": [ [ [ 31.71725, -0.53844 ], [ 31.66892, -0.51426 ], [ 31.66877, -0.46565 ], [ 31.71693, -0.44122 ], [ 31.76526, -0.46541 ], [ 31.76542, -0.51402 ], [ 31.71725, -0.53844 ] ] ] } },
{ "type": "Feature", "properties": { "pop": 120718.0 }, "geometry": { "type": "Polygon", "coordinates": [ [ [ 31.71677, -0.39261 ], [ 31.66845, -0.36842 ], [ 31.66829, -0.31981 ], [ 31.71645, -0.29538 ], [ 31.76478, -0.31957 ], [ 31.76494, -0.36818 ], [ 31.71677, -0.39261 ] ] ] } },
{ "type": "Feature", "properties": { "pop": 32243.0 }, "geometry": { "type": "Polygon", "coordinates": [ [ [ 31.7163, -0.24676 ], [ 31.66798, -0.22258 ], [ 31.66782, -0.17396 ], [ 31.71598, -0.14953 ], [ 31.76429, -0.17372 ], [ 31.76445, -0.22234 ], [ 31.7163, -0.24676 ] ] ] } },
{ "type": "Feature", "properties": { "pop": 23443.0 }, "geometry": { "type": "Polygon", "coordinates": [ [ [ 31.71582, -0.10091 ], [ 31.6675, -0.07672 ], [ 31.66734, -0.0281 ], [ 31.7155, -0.00367 ], [ 31.76381, -0.02786 ], [ 31.76397, -0.07648 ], [ 31.71582, -0.10091 ] ] ] } },
{ "type": "Feature", "properties": { "pop": 10467.0 }, "geometry": { "type": "Polygon", "coordinates": [ [ [ 31.71534, 0.04495 ], [ 31.66703, 0.06914 ], [ 31.66687, 0.11777 ], [ 31.71502, 0.1422 ], [ 31.76333, 0.11801 ], [ 31.76349, 0.06938 ], [ 31.71534, 0.04495 ] ] ] } },
{ "type": "Feature", "properties": { "pop": 5613.0 }, "geometry": { "type": "Polygon", "coordinates": [ [ [ 31.71486, 0.19082 ], [ 31.66655, 0.21502 ], [ 31.6664, 0.26364 ], [ 31.71454, 0.28808 ], [ 31.76285, 0.26389 ], [ 31.76301, 0.21526 ], [ 31.71486, 0.19082 ] ] ] } },
{ "type": "Feature", "properties": { "pop": 9995.0 }, "geometry": { "type": "Polygon", "coordinates": [ [ [ 31.71439, 0.33671 ], [ 31.66608, 0.3609 ], [ 31.66592, 0.40953 ], [ 31.71407, 0.43397 ], [ 31.76237, 0.40978 ], [ 31.76253, 0.36114 ], [ 31.71439, 0.33671 ] ] ] } },
{ "type": "Feature", "properties": { "pop": 19281.0 }, "geometry": { "type": "Polygon", "coordinates": [ [ [ 31.71391, 0.48261 ], [ 31.66561, 0.5068 ], [ 31.66545, 0.55544 ], [ 31.71359, 0.57988 ], [ 31.76189, 0.55568 ], [ 31.76205, 0.50704 ], [ 31.71391, 0.48261 ] ] ] } },
{ "type": "Feature", "properties": { "pop": 14270.0 }, "geometry": { "type": "Polygon", "coordinates": [ [ [ 31.71343, 0.62852 ], [ 31.66513, 0.65272 ], [ 31.66497, 0.70136 ], [ 31.71311, 0.7258 ], [ 31.76141, 0.7016 ], [ 31.76157, 0.65296 ], [ 31.71343, 0.62852 ] ] ] } },
{ "type": "Feature", "properties": { "pop": 11467.0 }, "geometry": { "type": "Polygon", "coordinates": [ [ [ 31.71295, 0.77444 ], [ 31.66466, 0.79864 ], [ 31.6645, 0.84729 ], [ 31.71264, 0.87173 ], [ 31.76093, 0.84753 ], [ 31.76109, 0.79888 ], [ 31.71295, 0.77444 ] ] ] } },
{ "type": "Feature", "properties": { "pop": 18181.0 }, "geometry": { "type": "Polygon", "coordinates": [ [ [ 31.71248, 0.92038 ], [ 31.66418, 0.94459 ], [ 31.66403, 0.99324 ], [ 31.71216, 1.01768 ], [ 31.76045, 0.99348 ], [ 31.76061, 0.94483 ], [ 31.71248, 0.92038 ] ] ] } },
{ "type": "Feature", "properties": { "pop": 2404.0 }, "geometry": { "type": "Polygon", "coordinates": [ [ [ 31.712, 1.06634 ], [ 31.66371, 1.09054 ], [ 31.66355, 1.1392 ], [ 31.71168, 1.16365 ], [ 31.75997, 1.13944 ], [ 31.76013, 1.09078 ], [ 31.712, 1.06634 ] ] ] } },
{ "type": "Feature", "properties": { "pop": 1945.0 }, "geometry": { "type": "Polygon", "coordinates": [ [ [ 31.71152, 1.21231 ], [ 31.66324, 1.23652 ], [ 31.66308, 1.28518 ], [ 31.7112, 1.30964 ], [ 31.75949, 1.28542 ], [ 31.75965, 1.23676 ], [ 31.71152, 1.21231 ] ] ] } },
{ "type": "Feature", "properties": { "pop": 2075.0 }, "geometry": { "type": "Polygon", "coordinates": [ [ [ 31.71104, 1.3583 ], [ 31.66276, 1.38251 ], [ 31.66261, 1.43118 ], [ 31.71073, 1.45564 ], [ 31.75901, 1.43142 ], [ 31.75917, 1.38276 ], [ 31.71104, 1.3583 ] ] ] } },
{ "type": "Feature", "properties": { "pop": 5373.0 }, "geometry": { "type": "Polygon", "coordinates": [ [ [ 31.71057, 1.50431 ], [ 31.66229, 1.52853 ], [ 31.66213, 1.5772 ], [ 31.71025, 1.60166 ], [ 31.75853, 1.57744 ], [ 31.75869, 1.52877 ], [ 31.71057, 1.50431 ] ] ] } },
{ "type": "Feature", "properties": { "pop": 75734.0 }, "geometry": { "type": "Polygon", "coordinates": [ [ [ 31.71009, 1.65034 ], [ 31.66182, 1.67456 ], [ 31.66166, 1.72324 ], [ 31.70977, 1.74771 ], [ 31.75805, 1.72349 ], [ 31.75821, 1.6748 ], [ 31.71009, 1.65034 ] ] ] } },
{ "type": "Feature", "properties": { "pop": 9188.0 }, "geometry": { "type": "Polygon", "coordinates": [ [ [ 31.70961, 1.79639 ], [ 31.66134, 1.82062 ], [ 31.66119, 1.86931 ], [ 31.7093, 1.89377 ], [ 31.75757, 1.86955 ], [ 31.75773, 1.82086 ], [ 31.70961, 1.79639 ] ] ] } },
{ "type": "Feature", "properties": { "pop": 2726.0 }, "geometry": { "type": "Polygon", "coordinates": [ [ [ 31.70914, 1.94247 ], [ 31.66087, 1.96669 ], [ 31.66071, 2.01539 ], [ 31.70882, 2.03986 ], [ 31.75709, 2.01563 ], [ 31.75725, 1.96693 ], [ 31.70914, 1.94247 ] ] ] } },
{ "type": "Feature", "properties": { "pop": 2635.0 }, "geometry": { "type": "Polygon", "coordinates": [ [ [ 31.70866, 2.08856 ], [ 31.6604, 2.11279 ], [ 31.66024, 2.1615 ], [ 31.70834, 2.18597 ], [ 31.75661, 2.16174 ], [ 31.75677, 2.11303 ], [ 31.70866, 2.08856 ] ] ] } },
{ "type": "Feature", "properties": { "pop": 2602.0 }, "geometry": { "type": "Polygon", "coordinates": [ [ [ 31.70818, 2.23468 ], [ 31.65992, 2.25892 ], [ 31.65977, 2.30763 ], [ 31.70787, 2.33211 ], [ 31.75613, 2.30787 ], [ 31.75629, 2.25916 ], [ 31.70818, 2.23468 ] ] ] } },
{ "type": "Feature", "properties": { "pop": 2017.0 }, "geometry": { "type": "Polygon", "coordinates": [ [ [ 31.70771, 2.38082 ], [ 31.65945, 2.40506 ], [ 31.65929, 2.45378 ], [ 31.70739, 2.47827 ], [ 31.75565, 2.45403 ], [ 31.75581, 2.4053 ], [ 31.70771, 2.38082 ] ] ] } },
{ "type": "Feature", "properties": { "pop": 1065.0 }, "geometry": { "type": "Polygon", "coordinates": [ [ [ 31.70723, 2.52699 ], [ 31.65898, 2.55124 ], [ 31.65882, 2.59997 ], [ 31.70691, 2.62445 ], [ 31.75517, 2.60021 ], [ 31.75533, 2.55148 ], [ 31.70723, 2.52699 ] ] ] } },
{ "type": "Feature", "properties": { "pop": 3750.0 }, "geometry": { "type": "Polygon", "coordinates": [ [ [ 31.70676, 2.67319 ], [ 31.65851, 2.69744 ], [ 31.65835, 2.74618 ], [ 31.70644, 2.77067 ], [ 31.75469, 2.74642 ], [ 31.75485, 2.69768 ], [ 31.70676, 2.67319 ] ] ] } },
{ "type": "Feature", "properties": { "pop": 2589.0 }, "geometry": { "type": "Polygon", "coordinates": [ [ [ 31.70628, 2.81941 ], [ 31.65803, 2.84366 ], [ 31.65787, 2.89241 ], [ 31.70596, 2.91691 ], [ 31.75421, 2.89265 ], [ 31.75437, 2.8439 ], [ 31.70628, 2.81941 ] ] ] } },
{ "type": "Feature", "properties": { "pop": 1330.0 }, "geometry": { "type": "Polygon", "coordinates": [ [ [ 31.7058, 2.96566 ], [ 31.65756, 2.98992 ], [ 31.6574, 3.03868 ], [ 31.70549, 3.06318 ], [ 31.75373, 3.03892 ], [ 31.75389, 2.99016 ], [ 31.7058, 2.96566 ] ] ] } },
{ "type": "Feature", "properties": { "pop": 1900.0 }, "geometry": { "type": "Polygon", "coordinates": [ [ [ 31.70533, 3.11194 ], [ 31.65709, 3.1362 ], [ 31.65693, 3.18497 ], [ 31.70501, 3.20948 ], [ 31.75325, 3.18521 ], [ 31.75341, 3.13645 ], [ 31.70533, 3.11194 ] ] ] } },
{ "type": "Feature", "properties": { "pop": 9487.0 }, "geometry": { "type": "Polygon", "coordinates": [ [ [ 31.70485, 3.25825 ], [ 31.65661, 3.28252 ], [ 31.65646, 3.3313 ], [ 31.70453, 3.35581 ], [ 31.75277, 3.33154 ], [ 31.75293, 3.28276 ], [ 31.70485, 3.25825 ] ] ] } },
{ "type": "Feature", "properties": { "pop": 5236.0 }, "geometry": { "type": "Polygon", "coordinates": [ [ [ 31.70437, 3.40459 ], [ 31.65614, 3.42887 ], [ 31.65598, 3.47766 ], [ 31.70406, 3.50217 ], [ 31.75229, 3.4779 ], [ 31.75245, 3.42911 ], [ 31.70437, 3.40459 ] ] ] } },
{ "type": "Feature", "properties": { "pop": 5395.0 }, "geometry": { "type": "Polygon", "coordinates": [ [ [ 31.7039, 3.55097 ], [ 31.65567, 3.57525 ], [ 31.65551, 3.62405 ], [ 31.70358, 3.64857 ], [ 31.75181, 3.62429 ], [ 31.75197, 3.57549 ], [ 31.7039, 3.55097 ] ] ] } },
{ "type": "Feature", "properties": { "pop": 1966.0 }, "geometry": { "type": "Polygon", "coordinates": [ [ [ 31.70342, 3.69737 ], [ 31.6552, 3.72166 ], [ 31.65504, 3.77047 ], [ 31.70311, 3.795 ], [ 31.75133, 3.77071 ], [ 31.75149, 3.7219 ], [ 31.70342, 3.69737 ] ] ] } },
{ "type": "Feature", "properties": { "pop": 2034.0 }, "geometry": { "type": "Polygon", "coordinates": [ [ [ 31.76718, -1.0487 ], [ 31.71884, -1.02452 ], [ 31.71868, -0.97591 ], [ 31.76686, -0.95149 ], [ 31.8152, -0.97567 ], [ 31.81536, -1.02428 ], [ 31.76718, -1.0487 ] ] ] } },
{ "type": "Feature", "properties": { "pop": 1209.0 }, "geometry": { "type": "Polygon", "coordinates": [ [ [ 31.7667, -0.90288 ], [ 31.71837, -0.8787 ], [ 31.71821, -0.8301 ], [ 31.76638, -0.80567 ], [ 31.81471, -0.82985 ], [ 31.81487, -0.87846 ], [ 31.7667, -0.90288 ] ] ] } },
{ "type": "Feature", "properties": { "pop": 4528.0 }, "geometry": { "type": "Polygon", "coordinates": [ [ [ 31.76622, -0.75706 ], [ 31.71789, -0.73288 ], [ 31.71773, -0.68427 ], [ 31.7659, -0.65985 ], [ 31.81423, -0.68403 ], [ 31.81439, -0.73264 ], [ 31.76622, -0.75706 ] ] ] } },
{ "type": "Feature", "properties": { "pop": 11798.0 }, "geometry": { "type": "Polygon", "coordinates": [ [ [ 31.76574, -0.61124 ], [ 31.71741, -0.58705 ], [ 31.71725, -0.53844 ], [ 31.76542, -0.51402 ], [ 31.81374, -0.5382 ], [ 31.81391, -0.58681 ], [ 31.76574, -0.61124 ] ] ] } },
{ "type": "Feature", "properties": { "pop": 18447.0 }, "geometry": { "type": "Polygon", "coordinates": [ [ [ 31.76526, -0.46541 ], [ 31.71693, -0.44122 ], [ 31.71677, -0.39261 ], [ 31.76494, -0.36818 ], [ 31.81326, -0.39237 ], [ 31.81342, -0.44098 ], [ 31.76526, -0.46541 ] ] ] } },
{ "type": "Feature", "properties": { "pop": 60013.0 }, "geometry": { "type": "Polygon", "coordinates": [ [ [ 31.76478, -0.31957 ], [ 31.71645, -0.29538 ], [ 31.7163, -0.24676 ], [ 31.76445, -0.22234 ], [ 31.81277, -0.24652 ], [ 31.81294, -0.29514 ], [ 31.76478, -0.31957 ] ] ] } },
{ "type": "Feature", "properties": { "pop": 23147.0 }, "geometry": { "type": "Polygon", "coordinates": [ [ [ 31.76429, -0.17372 ], [ 31.71598, -0.14953 ], [ 31.71582, -0.10091 ], [ 31.76397, -0.07648 ], [ 31.81229, -0.10067 ], [ 31.81245, -0.14929 ], [ 31.76429, -0.17372 ] ] ] } },
{ "type": "Feature", "properties": { "pop": 13488.0 }, "geometry": { "type": "Polygon", "coordinates": [ [ [ 31.76381, -0.02786 ], [ 31.7155, -0.00367 ], [ 31.71534, 0.04495 ], [ 31.76349, 0.06938 ], [ 31.81181, 0.04519 ], [ 31.81197, -0.00343 ], [ 31.76381, -0.02786 ] ] ] } },
{ "type": "Feature", "properties": { "pop": 15359.0 }, "geometry": { "type": "Polygon", "coordinates": [ [ [ 31.76333, 0.11801 ], [ 31.71502, 0.1422 ], [ 31.71486, 0.19082 ], [ 31.76301, 0.21526 ], [ 31.81132, 0.19107 ], [ 31.81148, 0.14244 ], [ 31.76333, 0.11801 ] ] ] } },
{ "type": "Feature", "properties": { "pop": 4543.0 }, "geometry": { "type": "Polygon", "coordinates": [ [ [ 31.76285, 0.26389 ], [ 31.71454, 0.28808 ], [ 31.71439, 0.33671 ], [ 31.76253, 0.36114 ], [ 31.81084, 0.33695 ], [ 31.811, 0.28832 ], [ 31.76285, 0.26389 ] ] ] } },
{ "type": "Feature", "properties": { "pop": 16055.0 }, "geometry": { "type": "Polygon", "coordinates": [ [ [ 31.76237, 0.40978 ], [ 31.71407, 0.43397 ], [ 31.71391, 0.48261 ], [ 31.76205, 0.50704 ], [ 31.81035, 0.48285 ], [ 31.81051, 0.43421 ], [ 31.76237, 0.40978 ] ] ] } },
{ "type": "Feature", "properties": { "pop": 14866.0 }, "geometry": { "type": "Polygon", "coordinates": [ [ [ 31.76189, 0.55568 ], [ 31.71359, 0.57988 ], [ 31.71343, 0.62852 ], [ 31.76157, 0.65296 ], [ 31.80987, 0.62876 ], [ 31.81003, 0.58012 ], [ 31.76189, 0.55568 ] ] ] } },
{ "type": "Feature", "properties": { "pop": 23559.0 }, "geometry": { "type": "Polygon", "coordinates": [ [ [ 31.76141, 0.7016 ], [ 31.71311, 0.7258 ], [ 31.71295, 0.77444 ], [ 31.76109, 0.79888 ], [ 31.80938, 0.77468 ], [ 31.80955, 0.72604 ], [ 31.76141, 0.7016 ] ] ] } },
{ "type": "Feature", "properties": { "pop": 40725.0 }, "geometry": { "type": "Polygon", "coordinates": [ [ [ 31.76093, 0.84753 ], [ 31.71264, 0.87173 ], [ 31.71248, 0.92038 ], [ 31.76061, 0.94483 ], [ 31.8089, 0.92062 ], [ 31.80906, 0.87197 ], [ 31.76093, 0.84753 ] ] ] } },
{ "type": "Feature", "properties": { "pop": 3703.0 }, "geometry": { "type": "Polygon", "coordinates": [ [ [ 31.76045, 0.99348 ], [ 31.71216, 1.01768 ], [ 31.712, 1.06634 ], [ 31.76013, 1.09078 ], [ 31.80842, 1.06658 ], [ 31.80858, 1.01792 ], [ 31.76045, 0.99348 ] ] ] } },
{ "type": "Feature", "properties": { "pop": 3759.0 }, "geometry": { "type": "Polygon", "coordinates": [ [ [ 31.75997, 1.13944 ], [ 31.71168, 1.16365 ], [ 31.71152, 1.21231 ], [ 31.75965, 1.23676 ], [ 31.80793, 1.21255 ], [ 31.80809, 1.16389 ], [ 31.75997, 1.13944 ] ] ] } },
{ "type": "Feature", "properties": { "pop": 1146.0 }, "geometry": { "type": "Polygon", "coordinates": [ [ [ 31.75949, 1.28542 ], [ 31.7112, 1.30964 ], [ 31.71104, 1.3583 ], [ 31.75917, 1.38276 ], [ 31.80745, 1.35854 ], [ 31.80761, 1.30988 ], [ 31.75949, 1.28542 ] ] ] } },
{ "type": "Feature", "properties": { "pop": 2676.0 }, "geometry": { "type": "Polygon", "coordinates": [ [ [ 31.75901, 1.43142 ], [ 31.71073, 1.45564 ], [ 31.71057, 1.50431 ], [ 31.75869, 1.52877 ], [ 31.80697, 1.50455 ], [ 31.80713, 1.45588 ], [ 31.75901, 1.43142 ] ] ] } },
{ "type": "Feature", "properties": { "pop": 13669.0 }, "geometry": { "type": "Polygon", "coordinates": [ [ [ 31.75853, 1.57744 ], [ 31.71025, 1.60166 ], [ 31.71009, 1.65034 ], [ 31.75821, 1.6748 ], [ 31.80648, 1.65058 ], [ 31.80664, 1.6019 ], [ 31.75853, 1.57744 ] ] ] } },
{ "type": "Feature", "properties": { "pop": 16080.0 }, "geometry": { "type": "Polygon", "coordinates": [ [ [ 31.75805, 1.72349 ], [ 31.70977, 1.74771 ], [ 31.70961, 1.79639 ], [ 31.75773, 1.82086 ], [ 31.806, 1.79663 ], [ 31.80616, 1.74795 ], [ 31.75805, 1.72349 ] ] ] } },
{ "type": "Feature", "properties": { "pop": 5300.0 }, "geometry": { "type": "Polygon", "coordinates": [ [ [ 31.75757, 1.86955 ], [ 31.7093, 1.89377 ], [ 31.70914, 1.94247 ], [ 31.75725, 1.96693 ], [ 31.80551, 1.94271 ], [ 31.80568, 1.89401 ], [ 31.75757, 1.86955 ] ] ] } },
{ "type": "Feature", "properties": { "pop": 1574.0 }, "geometry": { "type": "Polygon", "coordinates": [ [ [ 31.75709, 2.01563 ], [ 31.70882, 2.03986 ], [ 31.70866, 2.08856 ], [ 31.75677, 2.11303 ], [ 31.80503, 2.0888 ], [ 31.80519, 2.0401 ], [ 31.75709, 2.01563 ] ] ] } },
{ "type": "Feature", "properties": { "pop": 1741.0 }, "geometry": { "type": "Polygon", "coordinates": [ [ [ 31.75661, 2.16174 ], [ 31.70834, 2.18597 ], [ 31.70818, 2.23468 ], [ 31.75629, 2.25916 ], [ 31.80455, 2.23492 ], [ 31.80471, 2.18621 ], [ 31.75661, 2.16174 ] ] ] } },
{ "type": "Feature", "properties": { "pop": 1497.0 }, "geometry": { "type": "Polygon", "coordinates": [ [ [ 31.75613, 2.30787 ], [ 31.70787, 2.33211 ], [ 31.70771, 2.38082 ], [ 31.75581, 2.4053 ], [ 31.80406, 2.38107 ], [ 31.80423, 2.33235 ], [ 31.75613, 2.30787 ] ] ] } },
{ "type": "Feature", "properties": { "pop": 1041.0 }, "geometry": { "type": "Polygon", "coordinates": [ [ [ 31.75565, 2.45403 ], [ 31.70739, 2.47827 ], [ 31.70723, 2.52699 ], [ 31.75533, 2.55148 ], [ 31.80358, 2.52723 ], [ 31.80374, 2.47851 ], [ 31.75565, 2.45403 ] ] ] } },
{ "type": "Feature", "properties": { "pop": 2169.0 }, "geometry": { "type": "Polygon", "coordinates": [ [ [ 31.75517, 2.60021 ], [ 31.70691, 2.62445 ], [ 31.70676, 2.67319 ], [ 31.75485, 2.69768 ], [ 31.8031, 2.67343 ], [ 31.80326, 2.6247 ], [ 31.75517, 2.60021 ] ] ] } },
{ "type": "Feature", "properties": { "pop": 3962.0 }, "geometry": { "type": "Polygon", "coordinates": [ [ [ 31.75469, 2.74642 ], [ 31.70644, 2.77067 ], [ 31.70628, 2.81941 ], [ 31.75437, 2.8439 ], [ 31.80261, 2.81965 ], [ 31.80278, 2.77091 ], [ 31.75469, 2.74642 ] ] ] } },
{ "type": "Feature", "properties": { "pop": 2122.0 }, "geometry": { "type": "Polygon", "coordinates": [ [ [ 31.75421, 2.89265 ], [ 31.70596, 2.91691 ], [ 31.7058, 2.96566 ], [ 31.75389, 2.99016 ], [ 31.80213, 2.9659 ], [ 31.80229, 2.91715 ], [ 31.75421, 2.89265 ] ] ] } },
{ "type": "Feature", "properties": { "pop": 1653.0 }, "geometry": { "type": "Polygon", "coordinates": [ [ [ 31.75373, 3.03892 ], [ 31.70549, 3.06318 ], [ 31.70533, 3.11194 ], [ 31.75341, 3.13645 ], [ 31.80165, 3.11218 ], [ 31.80181, 3.06342 ], [ 31.75373, 3.03892 ] ] ] } },
{ "type": "Feature", "properties": { "pop": 8230.0 }, "geometry": { "type": "Polygon", "coordinates": [ [ [ 31.75325, 3.18521 ], [ 31.70501, 3.20948 ], [ 31.70485, 3.25825 ], [ 31.75293, 3.28276 ], [ 31.80117, 3.25849 ], [ 31.80133, 3.20972 ], [ 31.75325, 3.18521 ] ] ] } },
{ "type": "Feature", "properties": { "pop": 46497.0 }, "geometry": { "type": "Polygon", "coordinates": [ [ [ 31.75277, 3.33154 ], [ 31.70453, 3.35581 ], [ 31.70437, 3.40459 ], [ 31.75245, 3.42911 ], [ 31.80068, 3.40484 ], [ 31.80084, 3.35605 ], [ 31.75277, 3.33154 ] ] ] } },
{ "type": "Feature", "properties": { "pop": 3672.0 }, "geometry": { "type": "Polygon", "coordinates": [ [ [ 31.75229, 3.4779 ], [ 31.70406, 3.50217 ], [ 31.7039, 3.55097 ], [ 31.75197, 3.57549 ], [ 31.8002, 3.55121 ], [ 31.80036, 3.50242 ], [ 31.75229, 3.4779 ] ] ] } },
{ "type": "Feature", "properties": { "pop": 22784.0 }, "geometry": { "type": "Polygon", "coordinates": [ [ [ 31.75181, 3.62429 ], [ 31.70358, 3.64857 ], [ 31.70342, 3.69737 ], [ 31.75149, 3.7219 ], [ 31.79972, 3.69762 ], [ 31.79988, 3.64881 ], [ 31.75181, 3.62429 ] ] ] } },
{ "type": "Feature", "properties": { "pop": 390.0 }, "geometry": { "type": "Polygon", "coordinates": [ [ [ 31.75133, 3.77071 ], [ 31.70311, 3.795 ], [ 31.70295, 3.84381 ], [ 31.75101, 3.86835 ], [ 31.79923, 3.84406 ], [ 31.7994, 3.79524 ], [ 31.75133, 3.77071 ] ] ] } },
{ "type": "Feature", "properties": { "pop": 174.0 }, "geometry": { "type": "Polygon", "coordinates": [ [ [ 31.8152, -0.97567 ], [ 31.76686, -0.95149 ], [ 31.7667, -0.90288 ], [ 31.81487, -0.87846 ], [ 31.86321, -0.90264 ], [ 31.86337, -0.95125 ], [ 31.8152, -0.97567 ] ] ] } },
{ "type": "Feature", "properties": { "pop": 2918.0 }, "geometry": { "type": "Polygon", "coordinates": [ [ [ 31.81423, -0.68403 ], [ 31.7659, -0.65985 ], [ 31.76574, -0.61124 ], [ 31.81391, -0.58681 ], [ 31.86223, -0.61099 ], [ 31.8624, -0.6596 ], [ 31.81423, -0.68403 ] ] ] } },
{ "type": "Feature", "properties": { "pop": 11028.0 }, "geometry": { "type": "Polygon", "coordinates": [ [ [ 31.81374, -0.5382 ], [ 31.76542, -0.51402 ], [ 31.76526, -0.46541 ], [ 31.81342, -0.44098 ], [ 31.86175, -0.46516 ], [ 31.86191, -0.51377 ], [ 31.81374, -0.5382 ] ] ] } },
{ "type": "Feature", "properties": { "pop": 27409.0 }, "geometry": { "type": "Polygon", "coordinates": [ [ [ 31.81326, -0.39237 ], [ 31.76494, -0.36818 ], [ 31.76478, -0.31957 ], [ 31.81294, -0.29514 ], [ 31.86126, -0.31932 ], [ 31.86142, -0.36794 ], [ 31.81326, -0.39237 ] ] ] } },
{ "type": "Feature", "properties": { "pop": 29818.0 }, "geometry": { "type": "Polygon", "coordinates": [ [ [ 31.81277, -0.24652 ], [ 31.76445, -0.22234 ], [ 31.76429, -0.17372 ], [ 31.81245, -0.14929 ], [ 31.86077, -0.17347 ], [ 31.86093, -0.22209 ], [ 31.81277, -0.24652 ] ] ] } },
{ "type": "Feature", "properties": { "pop": 19882.0 }, "geometry": { "type": "Polygon", "coordinates": [ [ [ 31.81229, -0.10067 ], [ 31.76397, -0.07648 ], [ 31.76381, -0.02786 ], [ 31.81197, -0.00343 ], [ 31.86028, -0.02762 ], [ 31.86045, -0.07624 ], [ 31.81229, -0.10067 ] ] ] } },
{ "type": "Feature", "properties": { "pop": 11511.0 }, "geometry": { "type": "Polygon", "coordinates": [ [ [ 31.81181, 0.04519 ], [ 31.76349, 0.06938 ], [ 31.76333, 0.11801 ], [ 31.81148, 0.14244 ], [ 31.85979, 0.11825 ], [ 31.85996, 0.06963 ], [ 31.81181, 0.04519 ] ] ] } },
{ "type": "Feature", "properties": { "pop": 8495.0 }, "geometry": { "type": "Polygon", "coordinates": [ [ [ 31.81132, 0.19107 ], [ 31.76301, 0.21526 ], [ 31.76285, 0.26389 ], [ 31.811, 0.28832 ], [ 31.85931, 0.26413 ], [ 31.85947, 0.2155 ], [ 31.81132, 0.19107 ] ] ] } },
{ "type": "Feature", "properties": { "pop": 10333.0 }, "geometry": { "type": "Polygon", "coordinates": [ [ [ 31.81084, 0.33695 ], [ 31.76253, 0.36114 ], [ 31.76237, 0.40978 ], [ 31.81051, 0.43421 ], [ 31.85882, 0.41002 ], [ 31.85898, 0.36139 ], [ 31.81084, 0.33695 ] ] ] } },
{ "type": "Feature", "properties": { "pop": 30836.0 }, "geometry": { "type": "Polygon", "coordinates": [ [ [ 31.81035, 0.48285 ], [ 31.76205, 0.50704 ], [ 31.76189, 0.55568 ], [ 31.81003, 0.58012 ], [ 31.85833, 0.55592 ], [ 31.85849, 0.50729 ], [ 31.81035, 0.48285 ] ] ] } },
{ "type": "Feature", "properties": { "pop": 25336.0 }, "geometry": { "type": "Polygon", "coordinates": [ [ [ 31.80987, 0.62876 ], [ 31.76157, 0.65296 ], [ 31.76141, 0.7016 ], [ 31.80955, 0.72604 ], [ 31.85784, 0.70184 ], [ 31.85801, 0.6532 ], [ 31.80987, 0.62876 ] ] ] } },
{ "type": "Feature", "properties": { "pop": 14327.0 }, "geometry": { "type": "Polygon", "coordinates": [ [ [ 31.80938, 0.77468 ], [ 31.76109, 0.79888 ], [ 31.76093, 0.84753 ], [ 31.80906, 0.87197 ], [ 31.85736, 0.84777 ], [ 31.85752, 0.79913 ], [ 31.80938, 0.77468 ] ] ] } },
{ "type": "Feature", "properties": { "pop": 6364.0 }, "geometry": { "type": "Polygon", "coordinates": [ [ [ 31.8089, 0.92062 ], [ 31.76061, 0.94483 ], [ 31.76045, 0.99348 ], [ 31.80858, 1.01792 ], [ 31.85687, 0.99372 ], [ 31.85703, 0.94507 ], [ 31.8089, 0.92062 ] ] ] } },
{ "type": "Feature", "properties": { "pop": 1035.0 }, "geometry": { "type": "Polygon", "coordinates": [ [ [ 31.80842, 1.06658 ], [ 31.76013, 1.09078 ], [ 31.75997, 1.13944 ], [ 31.80809, 1.16389 ], [ 31.85638, 1.13969 ], [ 31.85654, 1.09103 ], [ 31.80842, 1.06658 ] ] ] } },
{ "type": "Feature", "properties": { "pop": 1643.0 }, "geometry": { "type": "Polygon", "coordinates": [ [ [ 31.80793, 1.21255 ], [ 31.75965, 1.23676 ], [ 31.75949, 1.28542 ], [ 31.80761, 1.30988 ], [ 31.85589, 1.28567 ], [ 31.85606, 1.23701 ], [ 31.80793, 1.21255 ] ] ] } },
{ "type": "Feature", "properties": { "pop": 1419.0 }, "geometry": { "type": "Polygon", "coordinates": [ [ [ 31.80745, 1.35854 ], [ 31.75917, 1.38276 ], [ 31.75901, 1.43142 ], [ 31.80713, 1.45588 ], [ 31.85541, 1.43167 ], [ 31.85557, 1.383 ], [ 31.80745, 1.35854 ] ] ] } },
{ "type": "Feature", "properties": { "pop": 1748.0 }, "geometry": { "type": "Polygon", "coordinates": [ [ [ 31.80697, 1.50455 ], [ 31.75869, 1.52877 ], [ 31.75853, 1.57744 ], [ 31.80664, 1.6019 ], [ 31.85492, 1.57769 ], [ 31.85508, 1.52901 ], [ 31.80697, 1.50455 ] ] ] } },
{ "type": "Feature", "properties": { "pop": 10625.0 }, "geometry": { "type": "Polygon", "coordinates": [ [ [ 31.80648, 1.65058 ], [ 31.75821, 1.6748 ], [ 31.75805, 1.72349 ], [ 31.80616, 1.74795 ], [ 31.85443, 1.72373 ], [ 31.8546, 1.67505 ], [ 31.80648, 1.65058 ] ] ] } },
{ "type": "Feature", "properties": { "pop": 12989.0 }, "geometry": { "type": "Polygon", "coordinates": [ [ [ 31.806, 1.79663 ], [ 31.75773, 1.82086 ], [ 31.75757, 1.86955 ], [ 31.80568, 1.89401 ], [ 31.85395, 1.86979 ], [ 31.85411, 1.8211 ], [ 31.806, 1.79663 ] ] ] } },
{ "type": "Feature", "properties": { "pop": 1770.0 }, "geometry": { "type": "Polygon", "coordinates": [ [ [ 31.80551, 1.94271 ], [ 31.75725, 1.96693 ], [ 31.75709, 2.01563 ], [ 31.80519, 2.0401 ], [ 31.85346, 2.01588 ], [ 31.85362, 1.96718 ], [ 31.80551, 1.94271 ] ] ] } },
{ "type": "Feature", "properties": { "pop": 2047.0 }, "geometry": { "type": "Polygon", "coordinates": [ [ [ 31.80503, 2.0888 ], [ 31.75677, 2.11303 ], [ 31.75661, 2.16174 ], [ 31.80471, 2.18621 ], [ 31.85297, 2.16198 ], [ 31.85313, 2.11328 ], [ 31.80503, 2.0888 ] ] ] } },
{ "type": "Feature", "properties": { "pop": 1981.0 }, "geometry": { "type": "Polygon", "coordinates": [ [ [ 31.80455, 2.23492 ], [ 31.75629, 2.25916 ], [ 31.75613, 2.30787 ], [ 31.80423, 2.33235 ], [ 31.85249, 2.30811 ], [ 31.85265, 2.2594 ], [ 31.80455, 2.23492 ] ] ] } },
{ "type": "Feature", "properties": { "pop": 1252.0 }, "geometry": { "type": "Polygon", "coordinates": [ [ [ 31.80406, 2.38107 ], [ 31.75581, 2.4053 ], [ 31.75565, 2.45403 ], [ 31.80374, 2.47851 ], [ 31.852, 2.45427 ], [ 31.85216, 2.40555 ], [ 31.80406, 2.38107 ] ] ] } },
{ "type": "Feature", "properties": { "pop": 2314.0 }, "geometry": { "type": "Polygon", "coordinates": [ [ [ 31.80358, 2.52723 ], [ 31.75533, 2.55148 ], [ 31.75517, 2.60021 ], [ 31.80326, 2.6247 ], [ 31.85151, 2.60045 ], [ 31.85167, 2.55172 ], [ 31.80358, 2.52723 ] ] ] } },
{ "type": "Feature", "properties": { "pop": 3055.0 }, "geometry": { "type": "Polygon", "coordinates": [ [ [ 31.8031, 2.67343 ], [ 31.75485, 2.69768 ], [ 31.75469, 2.74642 ], [ 31.80278, 2.77091 ], [ 31.85103, 2.74666 ], [ 31.85119, 2.69792 ], [ 31.8031, 2.67343 ] ] ] } },
{ "type": "Feature", "properties": { "pop": 3655.0 }, "geometry": { "type": "Polygon", "coordinates": [ [ [ 31.80261, 2.81965 ], [ 31.75437, 2.8439 ], [ 31.75421, 2.89265 ], [ 31.80229, 2.91715 ], [ 31.85054, 2.8929 ], [ 31.8507, 2.84415 ], [ 31.80261, 2.81965 ] ] ] } },
{ "type": "Feature", "properties": { "pop": 2671.0 }, "geometry": { "type": "Polygon", "coordinates": [ [ [ 31.80213, 2.9659 ], [ 31.75389, 2.99016 ], [ 31.75373, 3.03892 ], [ 31.80181, 3.06342 ], [ 31.85005, 3.03916 ], [ 31.85022, 2.9904 ], [ 31.80213, 2.9659 ] ] ] } },
{ "type": "Feature", "properties": { "pop": 4973.0 }, "geometry": { "type": "Polygon", "coordinates": [ [ [ 31.80165, 3.11218 ], [ 31.75341, 3.13645 ], [ 31.75325, 3.18521 ], [ 31.80133, 3.20972 ], [ 31.84957, 3.18546 ], [ 31.84973, 3.13669 ], [ 31.80165, 3.11218 ] ] ] } },
{ "type": "Feature", "properties": { "pop": 18955.0 }, "geometry": { "type": "Polygon", "coordinates": [ [ [ 31.80117, 3.25849 ], [ 31.75293, 3.28276 ], [ 31.75277, 3.33154 ], [ 31.80084, 3.35605 ], [ 31.84908, 3.33178 ], [ 31.84924, 3.28301 ], [ 31.80117, 3.25849 ] ] ] } },
{ "type": "Feature", "properties": { "pop": 4512.0 }, "geometry": { "type": "Polygon", "coordinates": [ [ [ 31.80068, 3.40484 ], [ 31.75245, 3.42911 ], [ 31.75229, 3.4779 ], [ 31.80036, 3.50242 ], [ 31.84859, 3.47814 ], [ 31.84876, 3.42935 ], [ 31.80068, 3.40484 ] ] ] } },
{ "type": "Feature", "properties": { "pop": 9484.0 }, "geometry": { "type": "Polygon", "coordinates": [ [ [ 31.8002, 3.55121 ], [ 31.75197, 3.57549 ], [ 31.75181, 3.62429 ], [ 31.79988, 3.64881 ], [ 31.84811, 3.62453 ], [ 31.84827, 3.57573 ], [ 31.8002, 3.55121 ] ] ] } },
{ "type": "Feature", "properties": { "pop": 3397.0 }, "geometry": { "type": "Polygon", "coordinates": [ [ [ 31.79972, 3.69762 ], [ 31.75149, 3.7219 ], [ 31.75133, 3.77071 ], [ 31.7994, 3.79524 ], [ 31.84762, 3.77096 ], [ 31.84778, 3.72214 ], [ 31.79972, 3.69762 ] ] ] } },
{ "type": "Feature", "properties": { "pop": 134.0 }, "geometry": { "type": "Polygon", "coordinates": [ [ [ 31.86223, -0.61099 ], [ 31.81391, -0.58681 ], [ 31.81374, -0.5382 ], [ 31.86191, -0.51377 ], [ 31.91024, -0.53796 ], [ 31.9104, -0.58657 ], [ 31.86223, -0.61099 ] ] ] } },
{ "type": "Feature", "properties": { "pop": 10008.0 }, "geometry": { "type": "Polygon", "coordinates": [ [ [ 31.86175, -0.46516 ], [ 31.81342, -0.44098 ], [ 31.81326, -0.39237 ], [ 31.86142, -0.36794 ], [ 31.90975, -0.39212 ], [ 31.90991, -0.44073 ], [ 31.86175, -0.46516 ] ] ] } },
{ "type": "Feature", "properties": { "pop": 16589.0 }, "geometry": { "type": "Polygon", "coordinates": [ [ [ 31.86126, -0.31932 ], [ 31.81294, -0.29514 ], [ 31.81277, -0.24652 ], [ 31.86093, -0.22209 ], [ 31.90925, -0.24628 ], [ 31.90942, -0.29489 ], [ 31.86126, -0.31932 ] ] ] } },
{ "type": "Feature", "properties": { "pop": 32185.0 }, "geometry": { "type": "Polygon", "coordinates": [ [ [ 31.86077, -0.17347 ], [ 31.81245, -0.14929 ], [ 31.81229, -0.10067 ], [ 31.86045, -0.07624 ], [ 31.90876, -0.10042 ], [ 31.90893, -0.14904 ], [ 31.86077, -0.17347 ] ] ] } },
{ "type": "Feature", "properties": { "pop": 10743.0 }, "geometry": { "type": "Polygon", "coordinates": [ [ [ 31.86028, -0.02762 ], [ 31.81197, -0.00343 ], [ 31.81181, 0.04519 ], [ 31.85996, 0.06963 ], [ 31.90827, 0.04544 ], [ 31.90844, -0.00318 ], [ 31.86028, -0.02762 ] ] ] } },
{ "type": "Feature", "properties": { "pop": 20382.0 }, "geometry": { "type": "Polygon", "coordinates": [ [ [ 31.85979, 0.11825 ], [ 31.81148, 0.14244 ], [ 31.81132, 0.19107 ], [ 31.85947, 0.2155 ], [ 31.90778, 0.19131 ], [ 31.90794, 0.14269 ], [ 31.85979, 0.11825 ] ] ] } },
{ "type": "Feature", "properties": { "pop": 6376.0 }, "geometry": { "type": "Polygon", "coordinates": [ [ [ 31.85931, 0.26413 ], [ 31.811, 0.28832 ], [ 31.81084, 0.33695 ], [ 31.85898, 0.36139 ], [ 31.90729, 0.3372 ], [ 31.90745, 0.28857 ], [ 31.85931, 0.26413 ] ] ] } },
{ "type": "Feature", "properties": { "pop": 20955.0 }, "geometry": { "type": "Polygon", "coordinates": [ [ [ 31.85882, 0.41002 ], [ 31.81051, 0.43421 ], [ 31.81035, 0.48285 ], [ 31.85849, 0.50729 ], [ 31.9068, 0.48309 ], [ 31.90696, 0.43446 ], [ 31.85882, 0.41002 ] ] ] } },
{ "type": "Feature", "properties": { "pop": 16937.0 }, "geometry": { "type": "Polygon", "coordinates": [ [ [ 31.85833, 0.55592 ], [ 31.81003, 0.58012 ], [ 31.80987, 0.62876 ], [ 31.85801, 0.6532 ], [ 31.90631, 0.629 ], [ 31.90647, 0.58037 ], [ 31.85833, 0.55592 ] ] ] } },
{ "type": "Feature", "properties": { "pop": 10839.0 }, "geometry": { "type": "Polygon", "coordinates": [ [ [ 31.85784, 0.70184 ], [ 31.80955, 0.72604 ], [ 31.80938, 0.77468 ], [ 31.85752, 0.79913 ], [ 31.90582, 0.77493 ], [ 31.90598, 0.72629 ], [ 31.85784, 0.70184 ] ] ] } },
{ "type": "Feature", "properties": { "pop": 8717.0 }, "geometry": { "type": "Polygon", "coordinates": [ [ [ 31.85736, 0.84777 ], [ 31.80906, 0.87197 ], [ 31.8089, 0.92062 ], [ 31.85703, 0.94507 ], [ 31.90533, 0.92087 ], [ 31.90549, 0.87222 ], [ 31.85736, 0.84777 ] ] ] } },
{ "type": "Feature", "properties": { "pop": 1497.0 }, "geometry": { "type": "Polygon", "coordinates": [ [ [ 31.85687, 0.99372 ], [ 31.80858, 1.01792 ], [ 31.80842, 1.06658 ], [ 31.85654, 1.09103 ], [ 31.90483, 1.06682 ], [ 31.905, 1.01817 ], [ 31.85687, 0.99372 ] ] ] } },
{ "type": "Feature", "properties": { "pop": 2640.0 }, "geometry": { "type": "Polygon", "coordinates": [ [ [ 31.85638, 1.13969 ], [ 31.80809, 1.16389 ], [ 31.80793, 1.21255 ], [ 31.85606, 1.23701 ], [ 31.90434, 1.2128 ], [ 31.90451, 1.16414 ], [ 31.85638, 1.13969 ] ] ] } },
{ "type": "Feature", "properties": { "pop": 1558.0 }, "geometry": { "type": "Polygon", "coordinates": [ [ [ 31.85589, 1.28567 ], [ 31.80761, 1.30988 ], [ 31.80745, 1.35854 ], [ 31.85557, 1.383 ], [ 31.90385, 1.35879 ], [ 31.90402, 1.31012 ], [ 31.85589, 1.28567 ] ] ] } },
{ "type": "Feature", "properties": { "pop": 846.0 }, "geometry": { "type": "Polygon", "coordinates": [ [ [ 31.85541, 1.43167 ], [ 31.80713, 1.45588 ], [ 31.80697, 1.50455 ], [ 31.85508, 1.52901 ], [ 31.90336, 1.5048 ], [ 31.90353, 1.45613 ], [ 31.85541, 1.43167 ] ] ] } },
{ "type": "Feature", "properties": { "pop": 4536.0 }, "geometry": { "type": "Polygon", "coordinates": [ [ [ 31.85492, 1.57769 ], [ 31.80664, 1.6019 ], [ 31.80648, 1.65058 ], [ 31.8546, 1.67505 ], [ 31.90287, 1.65083 ], [ 31.90304, 1.60215 ], [ 31.85492, 1.57769 ] ] ] } },
{ "type": "Feature", "properties": { "pop": 15737.0 }, "geometry": { "type": "Polygon", "coordinates": [ [ [ 31.85443, 1.72373 ], [ 31.80616, 1.74795 ], [ 31.806, 1.79663 ], [ 31.85411, 1.8211 ], [ 31.90238, 1.79688 ], [ 31.90255, 1.74819 ], [ 31.85443, 1.72373 ] ] ] } },
{ "type": "Feature", "properties": { "pop": 4339.0 }, "geometry": { "type": "Polygon", "coordinates": [ [ [ 31.85395, 1.86979 ], [ 31.80568, 1.89401 ], [ 31.80551, 1.94271 ], [ 31.85362, 1.96718 ], [ 31.90189, 1.94295 ], [ 31.90205, 1.89426 ], [ 31.85395, 1.86979 ] ] ] } },
{ "type": "Feature", "properties": { "pop": 1713.0 }, "geometry": { "type": "Polygon", "coordinates": [ [ [ 31.85346, 2.01588 ], [ 31.80519, 2.0401 ], [ 31.80503, 2.0888 ], [ 31.85313, 2.11328 ], [ 31.9014, 2.08905 ], [ 31.90156, 2.04035 ], [ 31.85346, 2.01588 ] ] ] } },
{ "type": "Feature", "properties": { "pop": 3444.0 }, "geometry": { "type": "Polygon", "coordinates": [ [ [ 31.85297, 2.16198 ], [ 31.80471, 2.18621 ], [ 31.80455, 2.23492 ], [ 31.85265, 2.2594 ], [ 31.90091, 2.23517 ], [ 31.90107, 2.18646 ], [ 31.85297, 2.16198 ] ] ] } },
{ "type": "Feature", "properties": { "pop": 1631.0 }, "geometry": { "type": "Polygon", "coordinates": [ [ [ 31.85249, 2.30811 ], [ 31.80423, 2.33235 ], [ 31.80406, 2.38107 ], [ 31.85216, 2.40555 ], [ 31.90042, 2.38131 ], [ 31.90058, 2.33259 ], [ 31.85249, 2.30811 ] ] ] } },
{ "type": "Feature", "properties": { "pop": 5024.0 }, "geometry": { "type": "Polygon", "coordinates": [ [ [ 31.852, 2.45427 ], [ 31.80374, 2.47851 ], [ 31.80358, 2.52723 ], [ 31.85167, 2.55172 ], [ 31.89993, 2.52748 ], [ 31.90009, 2.47875 ], [ 31.852, 2.45427 ] ] ] } },
{ "type": "Feature", "properties": { "pop": 3362.0 }, "geometry": { "type": "Polygon", "coordinates": [ [ [ 31.85151, 2.60045 ], [ 31.80326, 2.6247 ], [ 31.8031, 2.67343 ], [ 31.85119, 2.69792 ], [ 31.89944, 2.67368 ], [ 31.8996, 2.62494 ], [ 31.85151, 2.60045 ] ] ] } },
{ "type": "Feature", "properties": { "pop": 8680.0 }, "geometry": { "type": "Polygon", "coordinates": [ [ [ 31.85103, 2.74666 ], [ 31.80278, 2.77091 ], [ 31.80261, 2.81965 ], [ 31.8507, 2.84415 ], [ 31.89895, 2.8199 ], [ 31.89911, 2.77116 ], [ 31.85103, 2.74666 ] ] ] } },
{ "type": "Feature", "properties": { "pop": 3332.0 }, "geometry": { "type": "Polygon", "coordinates": [ [ [ 31.85054, 2.8929 ], [ 31.80229, 2.91715 ], [ 31.80213, 2.9659 ], [ 31.85022, 2.9904 ], [ 31.89846, 2.96615 ], [ 31.89862, 2.9174 ], [ 31.85054, 2.8929 ] ] ] } },
{ "type": "Feature", "properties": { "pop": 3456.0 }, "geometry": { "type": "Polygon", "coordinates": [ [ [ 31.85005, 3.03916 ], [ 31.80181, 3.06342 ], [ 31.80165, 3.11218 ], [ 31.84973, 3.13669 ], [ 31.89797, 3.11243 ], [ 31.89813, 3.06367 ], [ 31.85005, 3.03916 ] ] ] } },
{ "type": "Feature", "properties": { "pop": 4796.0 }, "geometry": { "type": "Polygon", "coordinates": [ [ [ 31.84957, 3.18546 ], [ 31.80133, 3.20972 ], [ 31.80117, 3.25849 ], [ 31.84924, 3.28301 ], [ 31.89748, 3.25874 ], [ 31.89764, 3.20997 ], [ 31.84957, 3.18546 ] ] ] } },
{ "type": "Feature", "properties": { "pop": 29842.0 }, "geometry": { "type": "Polygon", "coordinates": [ [ [ 31.84908, 3.33178 ], [ 31.80084, 3.35605 ], [ 31.80068, 3.40484 ], [ 31.84876, 3.42935 ], [ 31.89699, 3.40508 ], [ 31.89715, 3.3563 ], [ 31.84908, 3.33178 ] ] ] } },
{ "type": "Feature", "properties": { "pop": 10444.0 }, "geometry": { "type": "Polygon", "coordinates": [ [ [ 31.84859, 3.47814 ], [ 31.80036, 3.50242 ], [ 31.8002, 3.55121 ], [ 31.84827, 3.57573 ], [ 31.8965, 3.55146 ], [ 31.89666, 3.50266 ], [ 31.84859, 3.47814 ] ] ] } },
{ "type": "Feature", "properties": { "pop": 7043.0 }, "geometry": { "type": "Polygon", "coordinates": [ [ [ 31.84811, 3.62453 ], [ 31.79988, 3.64881 ], [ 31.79972, 3.69762 ], [ 31.84778, 3.72214 ], [ 31.89601, 3.69786 ], [ 31.89618, 3.64906 ], [ 31.84811, 3.62453 ] ] ] } },
{ "type": "Feature", "properties": { "pop": 1572.0 }, "geometry": { "type": "Polygon", "coordinates": [ [ [ 31.84762, 3.77096 ], [ 31.7994, 3.79524 ], [ 31.79923, 3.84406 ], [ 31.8473, 3.86859 ], [ 31.89552, 3.8443 ], [ 31.89569, 3.79549 ], [ 31.84762, 3.77096 ] ] ] } },
{ "type": "Feature", "properties": { "pop": 298.0 }, "geometry": { "type": "Polygon", "coordinates": [ [ [ 31.91024, -0.53796 ], [ 31.86191, -0.51377 ], [ 31.86175, -0.46516 ], [ 31.90991, -0.44073 ], [ 31.95824, -0.46491 ], [ 31.9584, -0.51353 ], [ 31.91024, -0.53796 ] ] ] } },
{ "type": "Feature", "properties": { "pop": 4576.0 }, "geometry": { "type": "Polygon", "coordinates": [ [ [ 31.90975, -0.39212 ], [ 31.86142, -0.36794 ], [ 31.86126, -0.31932 ], [ 31.90942, -0.29489 ], [ 31.95774, -0.31907 ], [ 31.95791, -0.36769 ], [ 31.90975, -0.39212 ] ] ] } },
{ "type": "Feature", "properties": { "pop": 8023.0 }, "geometry": { "type": "Polygon", "coordinates": [ [ [ 31.90925, -0.24628 ], [ 31.86093, -0.22209 ], [ 31.86077, -0.17347 ], [ 31.90893, -0.14904 ], [ 31.95725, -0.17323 ], [ 31.95741, -0.22184 ], [ 31.90925, -0.24628 ] ] ] } },
{ "type": "Feature", "properties": { "pop": 8282.0 }, "geometry": { "type": "Polygon", "coordinates": [ [ [ 31.90876, -0.10042 ], [ 31.86045, -0.07624 ], [ 31.86028, -0.02762 ], [ 31.90844, -0.00318 ], [ 31.95675, -0.02737 ], [ 31.95692, -0.07599 ], [ 31.90876, -0.10042 ] ] ] } },
{ "type": "Feature", "properties": { "pop": 15683.0 }, "geometry": { "type": "Polygon", "coordinates": [ [ [ 31.90827, 0.04544 ], [ 31.85996, 0.06963 ], [ 31.85979, 0.11825 ], [ 31.90794, 0.14269 ], [ 31.95626, 0.1185 ], [ 31.95642, 0.06987 ], [ 31.90827, 0.04544 ] ] ] } },
{ "type": "Feature", "properties": { "pop": 19291.0 }, "geometry": { "type": "Polygon", "coordinates": [ [ [ 31.90778, 0.19131 ], [ 31.85947, 0.2155 ], [ 31.85931, 0.26413 ], [ 31.90745, 0.28857 ], [ 31.95576, 0.26438 ], [ 31.95593, 0.21575 ], [ 31.90778, 0.19131 ] ] ] } },
{ "type": "Feature", "properties": { "pop": 7122.0 }, "geometry": { "type": "Polygon", "coordinates": [ [ [ 31.90729, 0.3372 ], [ 31.85898, 0.36139 ], [ 31.85882, 0.41002 ], [ 31.90696, 0.43446 ], [ 31.95527, 0.41027 ], [ 31.95543, 0.36164 ], [ 31.90729, 0.3372 ] ] ] } },
{ "type": "Feature", "properties": { "pop": 13955.0 }, "geometry": { "type": "Polygon", "coordinates": [ [ [ 31.9068, 0.48309 ], [ 31.85849, 0.50729 ], [ 31.85833, 0.55592 ], [ 31.90647, 0.58037 ], [ 31.95477, 0.55617 ], [ 31.95494, 0.50754 ], [ 31.9068, 0.48309 ] ] ] } },
{ "type": "Feature", "properties": { "pop": 13429.0 }, "geometry": { "type": "Polygon", "coordinates": [ [ [ 31.90631, 0.629 ], [ 31.85801, 0.6532 ], [ 31.85784, 0.70184 ], [ 31.90598, 0.72629 ], [ 31.95428, 0.70209 ], [ 31.95444, 0.65345 ], [ 31.90631, 0.629 ] ] ] } },
{ "type": "Feature", "properties": { "pop": 18437.0 }, "geometry": { "type": "Polygon", "coordinates": [ [ [ 31.90582, 0.77493 ], [ 31.85752, 0.79913 ], [ 31.85736, 0.84777 ], [ 31.90549, 0.87222 ], [ 31.95378, 0.84802 ], [ 31.95395, 0.79937 ], [ 31.90582, 0.77493 ] ] ] } },
{ "type": "Feature", "properties": { "pop": 1858.0 }, "geometry": { "type": "Polygon", "coordinates": [ [ [ 31.90533, 0.92087 ], [ 31.85703, 0.94507 ], [ 31.85687, 0.99372 ], [ 31.905, 1.01817 ], [ 31.95329, 0.99397 ], [ 31.95346, 0.94532 ], [ 31.90533, 0.92087 ] ] ] } },
{ "type": "Feature", "properties": { "pop": 1043.0 }, "geometry": { "type": "Polygon", "coordinates": [ [ [ 31.90483, 1.06682 ], [ 31.85654, 1.09103 ], [ 31.85638, 1.13969 ], [ 31.90451, 1.16414 ], [ 31.9528, 1.13993 ], [ 31.95296, 1.09128 ], [ 31.90483, 1.06682 ] ] ] } },
{ "type": "Feature", "properties": { "pop": 948.0 }, "geometry": { "type": "Polygon", "coordinates": [ [ [ 31.90434, 1.2128 ], [ 31.85606, 1.23701 ], [ 31.85589, 1.28567 ], [ 31.90402, 1.31012 ], [ 31.9523, 1.28592 ], [ 31.95247, 1.23725 ], [ 31.90434, 1.2128 ] ] ] } },
{ "type": "Feature", "properties": { "pop": 876.0 }, "geometry": { "type": "Polygon", "coordinates": [ [ [ 31.90385, 1.35879 ], [ 31.85557, 1.383 ], [ 31.85541, 1.43167 ], [ 31.90353, 1.45613 ], [ 31.95181, 1.43192 ], [ 31.95197, 1.38325 ], [ 31.90385, 1.35879 ] ] ] } },
{ "type": "Feature", "properties": { "pop": 1368.0 }, "geometry": { "type": "Polygon", "coordinates": [ [ [ 31.90336, 1.5048 ], [ 31.85508, 1.52901 ], [ 31.85492, 1.57769 ], [ 31.90304, 1.60215 ], [ 31.95131, 1.57794 ], [ 31.95148, 1.52926 ], [ 31.90336, 1.5048 ] ] ] } },
{ "type": "Feature", "properties": { "pop": 4454.0 }, "geometry": { "type": "Polygon", "coordinates": [ [ [ 31.90287, 1.65083 ], [ 31.8546, 1.67505 ], [ 31.85443, 1.72373 ], [ 31.90255, 1.74819 ], [ 31.95082, 1.72398 ], [ 31.95098, 1.67529 ], [ 31.90287, 1.65083 ] ] ] } },
{ "type": "Feature", "properties": { "pop": 18376.0 }, "geometry": { "type": "Polygon", "coordinates": [ [ [ 31.90238, 1.79688 ], [ 31.85411, 1.8211 ], [ 31.85395, 1.86979 ], [ 31.90205, 1.89426 ], [ 31.95033, 1.87004 ], [ 31.95049, 1.82135 ], [ 31.90238, 1.79688 ] ] ] } },
{ "type": "Feature", "properties": { "pop": 1865.0 }, "geometry": { "type": "Polygon", "coordinates": [ [ [ 31.90189, 1.94295 ], [ 31.85362, 1.96718 ], [ 31.85346, 2.01588 ], [ 31.90156, 2.04035 ], [ 31.94983, 2.01612 ], [ 31.95, 1.96743 ], [ 31.90189, 1.94295 ] ] ] } },
{ "type": "Feature", "properties": { "pop": 3233.0 }, "geometry": { "type": "Polygon", "coordinates": [ [ [ 31.9014, 2.08905 ], [ 31.85313, 2.11328 ], [ 31.85297, 2.16198 ], [ 31.90107, 2.18646 ], [ 31.94934, 2.16223 ], [ 31.9495, 2.11352 ], [ 31.9014, 2.08905 ] ] ] } },
{ "type": "Feature", "properties": { "pop": 4906.0 }, "geometry": { "type": "Polygon", "coordinates": [ [ [ 31.90091, 2.23517 ], [ 31.85265, 2.2594 ], [ 31.85249, 2.30811 ], [ 31.90058, 2.33259 ], [ 31.94885, 2.30836 ], [ 31.94901, 2.25965 ], [ 31.90091, 2.23517 ] ] ] } },
{ "type": "Feature", "properties": { "pop": 1842.0 }, "geometry": { "type": "Polygon", "coordinates": [ [ [ 31.90042, 2.38131 ], [ 31.85216, 2.40555 ], [ 31.852, 2.45427 ], [ 31.90009, 2.47875 ], [ 31.94835, 2.45452 ], [ 31.94852, 2.4058 ], [ 31.90042, 2.38131 ] ] ] } },
{ "type": "Feature", "properties": { "pop": 11952.0 }, "geometry": { "type": "Polygon", "coordinates": [ [ [ 31.89993, 2.52748 ], [ 31.85167, 2.55172 ], [ 31.85151, 2.60045 ], [ 31.8996, 2.62494 ], [ 31.94786, 2.6007 ], [ 31.94802, 2.55197 ], [ 31.89993, 2.52748 ] ] ] } },
{ "type": "Feature", "properties": { "pop": 4007.0 }, "geometry": { "type": "Polygon", "coordinates": [ [ [ 31.89944, 2.67368 ], [ 31.85119, 2.69792 ], [ 31.85103, 2.74666 ], [ 31.89911, 2.77116 ], [ 31.94737, 2.74691 ], [ 31.94753, 2.69817 ], [ 31.89944, 2.67368 ] ] ] } },
{ "type": "Feature", "properties": { "pop": 6870.0 }, "geometry": { "type": "Polygon", "coordinates": [ [ [ 31.89895, 2.8199 ], [ 31.8507, 2.84415 ], [ 31.85054, 2.8929 ], [ 31.89862, 2.9174 ], [ 31.94687, 2.89315 ], [ 31.94704, 2.8444 ], [ 31.89895, 2.8199 ] ] ] } },
{ "type": "Feature", "properties": { "pop": 3042.0 }, "geometry": { "type": "Polygon", "coordinates": [ [ [ 31.89846, 2.96615 ], [ 31.85022, 2.9904 ], [ 31.85005, 3.03916 ], [ 31.89813, 3.06367 ], [ 31.94638, 3.03941 ], [ 31.94654, 2.99065 ], [ 31.89846, 2.96615 ] ] ] } },
{ "type": "Feature", "properties": { "pop": 4297.0 }, "geometry": { "type": "Polygon", "coordinates": [ [ [ 31.89797, 3.11243 ], [ 31.84973, 3.13669 ], [ 31.84957, 3.18546 ], [ 31.89764, 3.20997 ], [ 31.94589, 3.18571 ], [ 31.94605, 3.13694 ], [ 31.89797, 3.11243 ] ] ] } },
{ "type": "Feature", "properties": { "pop": 8256.0 }, "geometry": { "type": "Polygon", "coordinates": [ [ [ 31.89748, 3.25874 ], [ 31.84924, 3.28301 ], [ 31.84908, 3.33178 ], [ 31.89715, 3.3563 ], [ 31.94539, 3.33203 ], [ 31.94556, 3.28325 ], [ 31.89748, 3.25874 ] ] ] } },
{ "type": "Feature", "properties": { "pop": 16987.0 }, "geometry": { "type": "Polygon", "coordinates": [ [ [ 31.89699, 3.40508 ], [ 31.84876, 3.42935 ], [ 31.84859, 3.47814 ], [ 31.89666, 3.50266 ], [ 31.9449, 3.47839 ], [ 31.94506, 3.4296 ], [ 31.89699, 3.40508 ] ] ] } },
{ "type": "Feature", "properties": { "pop": 5163.0 }, "geometry": { "type": "Polygon", "coordinates": [ [ [ 31.8965, 3.55146 ], [ 31.84827, 3.57573 ], [ 31.84811, 3.62453 ], [ 31.89618, 3.64906 ], [ 31.94441, 3.62478 ], [ 31.94457, 3.57598 ], [ 31.8965, 3.55146 ] ] ] } },
{ "type": "Feature", "properties": { "pop": 1739.0 }, "geometry": { "type": "Polygon", "coordinates": [ [ [ 31.89601, 3.69786 ], [ 31.84778, 3.72214 ], [ 31.84762, 3.77096 ], [ 31.89569, 3.79549 ], [ 31.94391, 3.7712 ], [ 31.94408, 3.72239 ], [ 31.89601, 3.69786 ] ] ] } },
{ "type": "Feature", "properties": { "pop": 2119.0 }, "geometry": { "type": "Polygon", "coordinates": [ [ [ 31.95824, -0.46491 ], [ 31.90991, -0.44073 ], [ 31.90975, -0.39212 ], [ 31.95791, -0.36769 ], [ 32.00623, -0.39187 ], [ 32.0064, -0.44048 ], [ 31.95824, -0.46491 ] ] ] } },
{ "type": "Feature", "properties": { "pop": 3879.0 }, "geometry": { "type": "Polygon", "coordinates": [ [ [ 31.95774, -0.31907 ], [ 31.90942, -0.29489 ], [ 31.90925, -0.24628 ], [ 31.95741, -0.22184 ], [ 32.00573, -0.24603 ], [ 32.0059, -0.29464 ], [ 31.95774, -0.31907 ] ] ] } },
{ "type": "Feature", "properties": { "pop": 8124.0 }, "geometry": { "type": "Polygon", "coordinates": [ [ [ 31.95725, -0.17323 ], [ 31.90893, -0.14904 ], [ 31.90876, -0.10042 ], [ 31.95692, -0.07599 ], [ 32.00524, -0.10017 ], [ 32.0054, -0.14879 ], [ 31.95725, -0.17323 ] ] ] } },
{ "type": "Feature", "properties": { "pop": 16720.0 }, "geometry": { "type": "Polygon", "coordinates": [ [ [ 31.95675, -0.02737 ], [ 31.90844, -0.00318 ], [ 31.90827, 0.04544 ], [ 31.95642, 0.06987 ], [ 32.00474, 0.04569 ], [ 32.0049, -0.00293 ], [ 31.95675, -0.02737 ] ] ] } },
{ "type": "Feature", "properties": { "pop": 20301.0 }, "geometry": { "type": "Polygon", "coordinates": [ [ [ 31.95626, 0.1185 ], [ 31.90794, 0.14269 ], [ 31.90778, 0.19131 ], [ 31.95593, 0.21575 ], [ 32.00424, 0.19156 ], [ 32.00441, 0.14294 ], [ 31.95626, 0.1185 ] ] ] } },
{ "type": "Feature", "properties": { "pop": 9277.0 }, "geometry": { "type": "Polygon", "coordinates": [ [ [ 31.95576, 0.26438 ], [ 31.90745, 0.28857 ], [ 31.90729, 0.3372 ], [ 31.95543, 0.36164 ], [ 32.00374, 0.33745 ], [ 32.00391, 0.28882 ], [ 31.95576, 0.26438 ] ] ] } },
{ "type": "Feature", "properties": { "pop": 16556.0 }, "geometry": { "type": "Polygon", "coordinates": [ [ [ 31.95527, 0.41027 ], [ 31.90696, 0.43446 ], [ 31.9068, 0.48309 ], [ 31.95494, 0.50754 ], [ 32.00324, 0.48334 ], [ 32.00341, 0.43471 ], [ 31.95527, 0.41027 ] ] ] } },
{ "type": "Feature", "properties": { "pop": 14278.0 }, "geometry": { "type": "Polygon", "coordinates": [ [ [ 31.95477, 0.55617 ], [ 31.90647, 0.58037 ], [ 31.90631, 0.629 ], [ 31.95444, 0.65345 ], [ 32.00275, 0.62925 ], [ 32.00291, 0.58061 ], [ 31.95477, 0.55617 ] ] ] } },
{ "type": "Feature", "properties": { "pop": 17799.0 }, "geometry": { "type": "Polygon", "coordinates": [ [ [ 31.95428, 0.70209 ], [ 31.90598, 0.72629 ], [ 31.90582, 0.77493 ], [ 31.95395, 0.79937 ], [ 32.00225, 0.77518 ], [ 32.00241, 0.72653 ], [ 31.95428, 0.70209 ] ] ] } },
{ "type": "Feature", "properties": { "pop": 2875.0 }, "geometry": { "type": "Polygon", "coordinates": [ [ [ 31.95378, 0.84802 ], [ 31.90549, 0.87222 ], [ 31.90533, 0.92087 ], [ 31.95346, 0.94532 ], [ 32.00175, 0.92112 ], [ 32.00192, 0.87247 ], [ 31.95378, 0.84802 ] ] ] } },
{ "type": "Feature", "properties": { "pop": 1288.0 }, "geometry": { "type": "Polygon", "coordinates": [ [ [ 31.95329, 0.99397 ], [ 31.905, 1.01817 ], [ 31.90483, 1.06682 ], [ 31.95296, 1.09128 ], [ 32.00125, 1.06707 ], [ 32.00142, 1.01842 ], [ 31.95329, 0.99397 ] ] ] } },
{ "type": "Feature", "properties": { "pop": 1845.0 }, "geometry": { "type": "Polygon", "coordinates": [ [ [ 31.9528, 1.13993 ], [ 31.90451, 1.16414 ], [ 31.90434, 1.2128 ], [ 31.95247, 1.23725 ], [ 32.00075, 1.21305 ], [ 32.00092, 1.16439 ], [ 31.9528, 1.13993 ] ] ] } },
{ "type": "Feature", "properties": { "pop": 2143.0 }, "geometry": { "type": "Polygon", "coordinates": [ [ [ 31.9523, 1.28592 ], [ 31.90402, 1.31012 ], [ 31.90385, 1.35879 ], [ 31.95197, 1.38325 ], [ 32.00026, 1.35904 ], [ 32.00042, 1.31037 ], [ 31.9523, 1.28592 ] ] ] } },
{ "type": "Feature", "properties": { "pop": 1404.0 }, "geometry": { "type": "Polygon", "coordinates": [ [ [ 31.95181, 1.43192 ], [ 31.90353, 1.45613 ], [ 31.90336, 1.5048 ], [ 31.95148, 1.52926 ], [ 31.99976, 1.50505 ], [ 31.99993, 1.45638 ], [ 31.95181, 1.43192 ] ] ] } },
{ "type": "Feature", "properties": { "pop": 1566.0 }, "geometry": { "type": "Polygon", "coordinates": [ [ [ 31.95131, 1.57794 ], [ 31.90304, 1.60215 ], [ 31.90287, 1.65083 ], [ 31.95098, 1.67529 ], [ 31.99926, 1.65108 ], [ 31.99943, 1.6024 ], [ 31.95131, 1.57794 ] ] ] } },
{ "type": "Feature", "properties": { "pop": 17881.0 }, "geometry": { "type": "Polygon", "coordinates": [ [ [ 31.95082, 1.72398 ], [ 31.90255, 1.74819 ], [ 31.90238, 1.79688 ], [ 31.95049, 1.82135 ], [ 31.99877, 1.79713 ], [ 31.99893, 1.74844 ], [ 31.95082, 1.72398 ] ] ] } },
{ "type": "Feature", "properties": { "pop": 6582.0 }, "geometry": { "type": "Polygon", "coordinates": [ [ [ 31.95033, 1.87004 ], [ 31.90205, 1.89426 ], [ 31.90189, 1.94295 ], [ 31.95, 1.96743 ], [ 31.99827, 1.9432 ], [ 31.99843, 1.89451 ], [ 31.95033, 1.87004 ] ] ] } },
{ "type": "Feature", "properties": { "pop": 2069.0 }, "geometry": { "type": "Polygon", "coordinates": [ [ [ 31.94983, 2.01612 ], [ 31.90156, 2.04035 ], [ 31.9014, 2.08905 ], [ 31.9495, 2.11352 ], [ 31.99777, 2.0893 ], [ 31.99794, 2.0406 ], [ 31.94983, 2.01612 ] ] ] } },
{ "type": "Feature", "properties": { "pop": 2604.0 }, "geometry": { "type": "Polygon", "coordinates": [ [ [ 31.94934, 2.16223 ], [ 31.90107, 2.18646 ], [ 31.90091, 2.23517 ], [ 31.94901, 2.25965 ], [ 31.99727, 2.23542 ], [ 31.99744, 2.18671 ], [ 31.94934, 2.16223 ] ] ] } },
{ "type": "Feature", "properties": { "pop": 2489.0 }, "geometry": { "type": "Polygon", "coordinates": [ [ [ 31.94885, 2.30836 ], [ 31.90058, 2.33259 ], [ 31.90042, 2.38131 ], [ 31.94852, 2.4058 ], [ 31.99678, 2.38156 ], [ 31.99694, 2.33284 ], [ 31.94885, 2.30836 ] ] ] } },
{ "type": "Feature", "properties": { "pop": 9470.0 }, "geometry": { "type": "Polygon", "coordinates": [ [ [ 31.94835, 2.45452 ], [ 31.90009, 2.47875 ], [ 31.89993, 2.52748 ], [ 31.94802, 2.55197 ], [ 31.99628, 2.52773 ], [ 31.99645, 2.479 ], [ 31.94835, 2.45452 ] ] ] } },
{ "type": "Feature", "properties": { "pop": 11697.0 }, "geometry": { "type": "Polygon", "coordinates": [ [ [ 31.94786, 2.6007 ], [ 31.8996, 2.62494 ], [ 31.89944, 2.67368 ], [ 31.94753, 2.69817 ], [ 31.99578, 2.67393 ], [ 31.99595, 2.62519 ], [ 31.94786, 2.6007 ] ] ] } },
{ "type": "Feature", "properties": { "pop": 13553.0 }, "geometry": { "type": "Polygon", "coordinates": [ [ [ 31.94737, 2.74691 ], [ 31.89911, 2.77116 ], [ 31.89895, 2.8199 ], [ 31.94704, 2.8444 ], [ 31.99529, 2.82015 ], [ 31.99545, 2.7714 ], [ 31.94737, 2.74691 ] ] ] } },
{ "type": "Feature", "properties": { "pop": 3259.0 }, "geometry": { "type": "Polygon", "coordinates": [ [ [ 31.94687, 2.89315 ], [ 31.89862, 2.9174 ], [ 31.89846, 2.96615 ], [ 31.94654, 2.99065 ], [ 31.99479, 2.9664 ], [ 31.99495, 2.91765 ], [ 31.94687, 2.89315 ] ] ] } },
{ "type": "Feature", "properties": { "pop": 4780.0 }, "geometry": { "type": "Polygon", "coordinates": [ [ [ 31.94638, 3.03941 ], [ 31.89813, 3.06367 ], [ 31.89797, 3.11243 ], [ 31.94605, 3.13694 ], [ 31.99429, 3.11268 ], [ 31.99446, 3.06392 ], [ 31.94638, 3.03941 ] ] ] } },
{ "type": "Feature", "properties": { "pop": 4821.0 }, "geometry": { "type": "Polygon", "coordinates": [ [ [ 31.94589, 3.18571 ], [ 31.89764, 3.20997 ], [ 31.89748, 3.25874 ], [ 31.94556, 3.28325 ], [ 31.9938, 3.25899 ], [ 31.99396, 3.21022 ], [ 31.94589, 3.18571 ] ] ] } },
{ "type": "Feature", "properties": { "pop": 13403.0 }, "geometry": { "type": "Polygon", "coordinates": [ [ [ 31.94539, 3.33203 ], [ 31.89715, 3.3563 ], [ 31.89699, 3.40508 ], [ 31.94506, 3.4296 ], [ 31.9933, 3.40533 ], [ 31.99347, 3.35655 ], [ 31.94539, 3.33203 ] ] ] } },
{ "type": "Feature", "properties": { "pop": 4514.0 }, "geometry": { "type": "Polygon", "coordinates": [ [ [ 31.9449, 3.47839 ], [ 31.89666, 3.50266 ], [ 31.8965, 3.55146 ], [ 31.94457, 3.57598 ], [ 31.9928, 3.55171 ], [ 31.99297, 3.50291 ], [ 31.9449, 3.47839 ] ] ] } },
{ "type": "Feature", "properties": { "pop": 1944.0 }, "geometry": { "type": "Polygon", "coordinates": [ [ [ 31.94441, 3.62478 ], [ 31.89618, 3.64906 ], [ 31.89601, 3.69786 ], [ 31.94408, 3.72239 ], [ 31.99231, 3.69811 ], [ 31.99247, 3.64931 ], [ 31.94441, 3.62478 ] ] ] } },
{ "type": "Feature", "properties": { "pop": 2596.0 }, "geometry": { "type": "Polygon", "coordinates": [ [ [ 32.00623, -0.39187 ], [ 31.95791, -0.36769 ], [ 31.95774, -0.31907 ], [ 32.0059, -0.29464 ], [ 32.05422, -0.31882 ], [ 32.05439, -0.36744 ], [ 32.00623, -0.39187 ] ] ] } },
{ "type": "Feature", "properties": { "pop": 1261.0 }, "geometry": { "type": "Polygon", "coordinates": [ [ [ 32.00573, -0.24603 ], [ 31.95741, -0.22184 ], [ 31.95725, -0.17323 ], [ 32.0054, -0.14879 ], [ 32.05372, -0.17298 ], [ 32.05389, -0.22159 ], [ 32.00573, -0.24603 ] ] ] } },
{ "type": "Feature", "properties": { "pop": 19168.0 }, "geometry": { "type": "Polygon", "coordinates": [ [ [ 32.00524, -0.10017 ], [ 31.95692, -0.07599 ], [ 31.95675, -0.02737 ], [ 32.0049, -0.00293 ], [ 32.05322, -0.02712 ], [ 32.05339, -0.07574 ], [ 32.00524, -0.10017 ] ] ] } },
{ "type": "Feature", "properties": { "pop": 26177.0 }, "geometry": { "type": "Polygon", "coordinates": [ [ [ 32.00474, 0.04569 ], [ 31.95642, 0.06987 ], [ 31.95626, 0.1185 ], [ 32.00441, 0.14294 ], [ 32.05272, 0.11875 ], [ 32.05289, 0.07013 ], [ 32.00474, 0.04569 ] ] ] } },
{ "type": "Feature", "properties": { "pop": 16913.0 }, "geometry": { "type": "Polygon", "coordinates": [ [ [ 32.00424, 0.19156 ], [ 31.95593, 0.21575 ], [ 31.95576, 0.26438 ], [ 32.00391, 0.28882 ], [ 32.05222, 0.26463 ], [ 32.05239, 0.216 ], [ 32.00424, 0.19156 ] ] ] } },
{ "type": "Feature", "properties": { "pop": 48958.0 }, "geometry": { "type": "Polygon", "coordinates": [ [ [ 32.00374, 0.33745 ], [ 31.95543, 0.36164 ], [ 31.95527, 0.41027 ], [ 32.00341, 0.43471 ], [ 32.05172, 0.41052 ], [ 32.05188, 0.36189 ], [ 32.00374, 0.33745 ] ] ] } },
{ "type": "Feature", "properties": { "pop": 19780.0 }, "geometry": { "type": "Polygon", "coordinates": [ [ [ 32.00324, 0.48334 ], [ 31.95494, 0.50754 ], [ 31.95477, 0.55617 ], [ 32.00291, 0.58061 ], [ 32.05122, 0.55642 ], [ 32.05138, 0.50779 ], [ 32.00324, 0.48334 ] ] ] } },
{ "type": "Feature", "properties": { "pop": 23131.0 }, "geometry": { "type": "Polygon", "coordinates": [ [ [ 32.00275, 0.62925 ], [ 31.95444, 0.65345 ], [ 31.95428, 0.70209 ], [ 32.00241, 0.72653 ], [ 32.05071, 0.70234 ], [ 32.05088, 0.6537 ], [ 32.00275, 0.62925 ] ] ] } },
{ "type": "Feature", "properties": { "pop": 3209.0 }, "geometry": { "type": "Polygon", "coordinates": [ [ [ 32.00225, 0.77518 ], [ 31.95395, 0.79937 ], [ 31.95378, 0.84802 ], [ 32.00192, 0.87247 ], [ 32.05021, 0.84827 ], [ 32.05038, 0.79963 ], [ 32.00225, 0.77518 ] ] ] } },
{ "type": "Feature", "properties": { "pop": 3499.0 }, "geometry": { "type": "Polygon", "coordinates": [ [ [ 32.00175, 0.92112 ], [ 31.95346, 0.94532 ], [ 31.95329, 0.99397 ], [ 32.00142, 1.01842 ], [ 32.04971, 0.99422 ], [ 32.04988, 0.94557 ], [ 32.00175, 0.92112 ] ] ] } },
{ "type": "Feature", "properties": { "pop": 1747.0 }, "geometry": { "type": "Polygon", "coordinates": [ [ [ 32.00125, 1.06707 ], [ 31.95296, 1.09128 ], [ 31.9528, 1.13993 ], [ 32.00092, 1.16439 ], [ 32.04921, 1.14018 ], [ 32.04938, 1.09153 ], [ 32.00125, 1.06707 ] ] ] } },
{ "type": "Feature", "properties": { "pop": 1256.0 }, "geometry": { "type": "Polygon", "coordinates": [ [ [ 32.00075, 1.21305 ], [ 31.95247, 1.23725 ], [ 31.9523, 1.28592 ], [ 32.00042, 1.31037 ], [ 32.04871, 1.28617 ], [ 32.04888, 1.2375 ], [ 32.00075, 1.21305 ] ] ] } },
{ "type": "Feature", "properties": { "pop": 1414.0 }, "geometry": { "type": "Polygon", "coordinates": [ [ [ 32.00026, 1.35904 ], [ 31.95197, 1.38325 ], [ 31.95181, 1.43192 ], [ 31.99993, 1.45638 ], [ 32.04821, 1.43217 ], [ 32.04838, 1.3835 ], [ 32.00026, 1.35904 ] ] ] } },
{ "type": "Feature", "properties": { "pop": 4308.0 }, "geometry": { "type": "Polygon", "coordinates": [ [ [ 31.99976, 1.50505 ], [ 31.95148, 1.52926 ], [ 31.95131, 1.57794 ], [ 31.99943, 1.6024 ], [ 32.04771, 1.57819 ], [ 32.04788, 1.52951 ], [ 31.99976, 1.50505 ] ] ] } },
{ "type": "Feature", "properties": { "pop": 3951.0 }, "geometry": { "type": "Polygon", "coordinates": [ [ [ 31.99926, 1.65108 ], [ 31.95098, 1.67529 ], [ 31.95082, 1.72398 ], [ 31.99893, 1.74844 ], [ 32.04721, 1.72423 ], [ 32.04737, 1.67555 ], [ 31.99926, 1.65108 ] ] ] } },
{ "type": "Feature", "properties": { "pop": 27320.0 }, "geometry": { "type": "Polygon", "coordinates": [ [ [ 31.99877, 1.79713 ], [ 31.95049, 1.82135 ], [ 31.95033, 1.87004 ], [ 31.99843, 1.89451 ], [ 32.04671, 1.87029 ], [ 32.04687, 1.8216 ], [ 31.99877, 1.79713 ] ] ] } },
{ "type": "Feature", "properties": { "pop": 2042.0 }, "geometry": { "type": "Polygon", "coordinates": [ [ [ 31.99827, 1.9432 ], [ 31.95, 1.96743 ], [ 31.94983, 2.01612 ], [ 31.99794, 2.0406 ], [ 32.04621, 2.01637 ], [ 32.04637, 1.96768 ], [ 31.99827, 1.9432 ] ] ] } },
{ "type": "Feature", "properties": { "pop": 2052.0 }, "geometry": { "type": "Polygon", "coordinates": [ [ [ 31.99777, 2.0893 ], [ 31.9495, 2.11352 ], [ 31.94934, 2.16223 ], [ 31.99744, 2.18671 ], [ 32.04571, 2.16248 ], [ 32.04587, 2.11378 ], [ 31.99777, 2.0893 ] ] ] } },
{ "type": "Feature", "properties": { "pop": 2918.0 }, "geometry": { "type": "Polygon", "coordinates": [ [ [ 31.99727, 2.23542 ], [ 31.94901, 2.25965 ], [ 31.94885, 2.30836 ], [ 31.99694, 2.33284 ], [ 32.04521, 2.30861 ], [ 32.04537, 2.2599 ], [ 31.99727, 2.23542 ] ] ] } },
{ "type": "Feature", "properties": { "pop": 1860.0 }, "geometry": { "type": "Polygon", "coordinates": [ [ [ 31.99678, 2.38156 ], [ 31.94852, 2.4058 ], [ 31.94835, 2.45452 ], [ 31.99645, 2.479 ], [ 32.0447, 2.45477 ], [ 32.04487, 2.40605 ], [ 31.99678, 2.38156 ] ] ] } },
{ "type": "Feature", "properties": { "pop": 15651.0 }, "geometry": { "type": "Polygon", "coordinates": [ [ [ 31.99628, 2.52773 ], [ 31.94802, 2.55197 ], [ 31.94786, 2.6007 ], [ 31.99595, 2.62519 ], [ 32.0442, 2.60095 ], [ 32.04437, 2.55222 ], [ 31.99628, 2.52773 ] ] ] } },
{ "type": "Feature", "properties": { "pop": 8496.0 }, "geometry": { "type": "Polygon", "coordinates": [ [ [ 31.99578, 2.67393 ], [ 31.94753, 2.69817 ], [ 31.94737, 2.74691 ], [ 31.99545, 2.7714 ], [ 32.0437, 2.74716 ], [ 32.04387, 2.69842 ], [ 31.99578, 2.67393 ] ] ] } },
{ "type": "Feature", "properties": { "pop": 4642.0 }, "geometry": { "type": "Polygon", "coordinates": [ [ [ 31.99529, 2.82015 ], [ 31.94704, 2.8444 ], [ 31.94687, 2.89315 ], [ 31.99495, 2.91765 ], [ 32.0432, 2.8934 ], [ 32.04337, 2.84465 ], [ 31.99529, 2.82015 ] ] ] } },
{ "type": "Feature", "properties": { "pop": 2866.0 }, "geometry": { "type": "Polygon", "coordinates": [ [ [ 31.99479, 2.9664 ], [ 31.94654, 2.99065 ], [ 31.94638, 3.03941 ], [ 31.99446, 3.06392 ], [ 32.0427, 3.03966 ], [ 32.04287, 2.9909 ], [ 31.99479, 2.9664 ] ] ] } },
{ "type": "Feature", "properties": { "pop": 4116.0 }, "geometry": { "type": "Polygon", "coordinates": [ [ [ 31.99429, 3.11268 ], [ 31.94605, 3.13694 ], [ 31.94589, 3.18571 ], [ 31.99396, 3.21022 ], [ 32.0422, 3.18596 ], [ 32.04237, 3.13719 ], [ 31.99429, 3.11268 ] ] ] } },
{ "type": "Feature", "properties": { "pop": 3883.0 }, "geometry": { "type": "Polygon", "coordinates": [ [ [ 31.9938, 3.25899 ], [ 31.94556, 3.28325 ], [ 31.94539, 3.33203 ], [ 31.99347, 3.35655 ], [ 32.0417, 3.33228 ], [ 32.04187, 3.28351 ], [ 31.9938, 3.25899 ] ] ] } },
{ "type": "Feature", "properties": { "pop": 6608.0 }, "geometry": { "type": "Polygon", "coordinates": [ [ [ 31.9933, 3.40533 ], [ 31.94506, 3.4296 ], [ 31.9449, 3.47839 ], [ 31.99297, 3.50291 ], [ 32.0412, 3.47864 ], [ 32.04137, 3.42985 ], [ 31.9933, 3.40533 ] ] ] } },
{ "type": "Feature", "properties": { "pop": 3104.0 }, "geometry": { "type": "Polygon", "coordinates": [ [ [ 31.9928, 3.55171 ], [ 31.94457, 3.57598 ], [ 31.94441, 3.62478 ], [ 31.99247, 3.64931 ], [ 32.0407, 3.62503 ], [ 32.04087, 3.57623 ], [ 31.9928, 3.55171 ] ] ] } },
{ "type": "Feature", "properties": { "pop": 3189.0 }, "geometry": { "type": "Polygon", "coordinates": [ [ [ 32.05422, -0.31882 ], [ 32.0059, -0.29464 ], [ 32.00573, -0.24603 ], [ 32.05389, -0.22159 ], [ 32.10221, -0.24577 ], [ 32.10238, -0.29439 ], [ 32.05422, -0.31882 ] ] ] } },
{ "type": "Feature", "properties": { "pop": 1462.0 }, "geometry": { "type": "Polygon", "coordinates": [ [ [ 32.05372, -0.17298 ], [ 32.0054, -0.14879 ], [ 32.00524, -0.10017 ], [ 32.05339, -0.07574 ], [ 32.10171, -0.09992 ], [ 32.10188, -0.14854 ], [ 32.05372, -0.17298 ] ] ] } },
{ "type": "Feature", "properties": { "pop": 30111.0 }, "geometry": { "type": "Polygon", "coordinates": [ [ [ 32.05322, -0.02712 ], [ 32.0049, -0.00293 ], [ 32.00474, 0.04569 ], [ 32.05289, 0.07013 ], [ 32.1012, 0.04594 ], [ 32.10137, -0.00268 ], [ 32.05322, -0.02712 ] ] ] } },
{ "type": "Feature", "properties": { "pop": 18027.0 }, "geometry": { "type": "Polygon", "coordinates": [ [ [ 32.05272, 0.11875 ], [ 32.00441, 0.14294 ], [ 32.00424, 0.19156 ], [ 32.05239, 0.216 ], [ 32.1007, 0.19181 ], [ 32.10087, 0.14319 ], [ 32.05272, 0.11875 ] ] ] } },
{ "type": "Feature", "properties": { "pop": 13374.0 }, "geometry": { "type": "Polygon", "coordinates": [ [ [ 32.05222, 0.26463 ], [ 32.00391, 0.28882 ], [ 32.00374, 0.33745 ], [ 32.05188, 0.36189 ], [ 32.10019, 0.3377 ], [ 32.10036, 0.28907 ], [ 32.05222, 0.26463 ] ] ] } },
{ "type": "Feature", "properties": { "pop": 22493.0 }, "geometry": { "type": "Polygon", "coordinates": [ [ [ 32.05172, 0.41052 ], [ 32.00341, 0.43471 ], [ 32.00324, 0.48334 ], [ 32.05138, 0.50779 ], [ 32.09969, 0.4836 ], [ 32.09986, 0.43496 ], [ 32.05172, 0.41052 ] ] ] } },
{ "type": "Feature", "properties": { "pop": 13172.0 }, "geometry": { "type": "Polygon", "coordinates": [ [ [ 32.05122, 0.55642 ], [ 32.00291, 0.58061 ], [ 32.00275, 0.62925 ], [ 32.05088, 0.6537 ], [ 32.09918, 0.62951 ], [ 32.09935, 0.58087 ], [ 32.05122, 0.55642 ] ] ] } },
{ "type": "Feature", "properties": { "pop": 7629.0 }, "geometry": { "type": "Polygon", "coordinates": [ [ [ 32.05071, 0.70234 ], [ 32.00241, 0.72653 ], [ 32.00225, 0.77518 ], [ 32.05038, 0.79963 ], [ 32.09868, 0.77543 ], [ 32.09885, 0.72679 ], [ 32.05071, 0.70234 ] ] ] } },
{ "type": "Feature", "properties": { "pop": 1226.0 }, "geometry": { "type": "Polygon", "coordinates": [ [ [ 32.05021, 0.84827 ], [ 32.00192, 0.87247 ], [ 32.00175, 0.92112 ], [ 32.04988, 0.94557 ], [ 32.09817, 0.92137 ], [ 32.09834, 0.87272 ], [ 32.05021, 0.84827 ] ] ] } },
{ "type": "Feature", "properties": { "pop": 948.0 }, "geometry": { "type": "Polygon", "coordinates": [ [ [ 32.04971, 0.99422 ], [ 32.00142, 1.01842 ], [ 32.00125, 1.06707 ], [ 32.04938, 1.09153 ], [ 32.09767, 1.06733 ], [ 32.09784, 1.01867 ], [ 32.04971, 0.99422 ] ] ] } },
{ "type": "Feature", "properties": { "pop": 6822.0 }, "geometry": { "type": "Polygon", "coordinates": [ [ [ 32.04921, 1.14018 ], [ 32.00092, 1.16439 ], [ 32.00075, 1.21305 ], [ 32.04888, 1.2375 ], [ 32.09717, 1.2133 ], [ 32.09733, 1.16464 ], [ 32.04921, 1.14018 ] ] ] } },
{ "type": "Feature", "properties": { "pop": 1172.0 }, "geometry": { "type": "Polygon", "coordinates": [ [ [ 32.04871, 1.28617 ], [ 32.00042, 1.31037 ], [ 32.00026, 1.35904 ], [ 32.04838, 1.3835 ], [ 32.09666, 1.35929 ], [ 32.09683, 1.31063 ], [ 32.04871, 1.28617 ] ] ] } },
{ "type": "Feature", "properties": { "pop": 3050.0 }, "geometry": { "type": "Polygon", "coordinates": [ [ [ 32.04821, 1.43217 ], [ 31.99993, 1.45638 ], [ 31.99976, 1.50505 ], [ 32.04788, 1.52951 ], [ 32.09616, 1.5053 ], [ 32.09633, 1.45663 ], [ 32.04821, 1.43217 ] ] ] } },
{ "type": "Feature", "properties": { "pop": 2623.0 }, "geometry": { "type": "Polygon", "coordinates": [ [ [ 32.04771, 1.57819 ], [ 31.99943, 1.6024 ], [ 31.99926, 1.65108 ], [ 32.04737, 1.67555 ], [ 32.09565, 1.65133 ], [ 32.09582, 1.60265 ], [ 32.04771, 1.57819 ] ] ] } },
{ "type": "Feature", "properties": { "pop": 16384.0 }, "geometry": { "type": "Polygon", "coordinates": [ [ [ 32.04721, 1.72423 ], [ 31.99893, 1.74844 ], [ 31.99877, 1.79713 ], [ 32.04687, 1.8216 ], [ 32.09515, 1.79738 ], [ 32.09532, 1.7487 ], [ 32.04721, 1.72423 ] ] ] } },
{ "type": "Feature", "properties": { "pop": 11893.0 }, "geometry": { "type": "Polygon", "coordinates": [ [ [ 32.04671, 1.87029 ], [ 31.99843, 1.89451 ], [ 31.99827, 1.9432 ], [ 32.04637, 1.96768 ], [ 32.09464, 1.94346 ], [ 32.09481, 1.89476 ], [ 32.04671, 1.87029 ] ] ] } },
{ "type": "Feature", "properties": { "pop": 2701.0 }, "geometry": { "type": "Polygon", "coordinates": [ [ [ 32.04621, 2.01637 ], [ 31.99794, 2.0406 ], [ 31.99777, 2.0893 ], [ 32.04587, 2.11378 ], [ 32.09414, 2.08955 ], [ 32.09431, 2.04085 ], [ 32.04621, 2.01637 ] ] ] } },
{ "type": "Feature", "properties": { "pop": 2543.0 }, "geometry": { "type": "Polygon", "coordinates": [ [ [ 32.04571, 2.16248 ], [ 31.99744, 2.18671 ], [ 31.99727, 2.23542 ], [ 32.04537, 2.2599 ], [ 32.09364, 2.23567 ], [ 32.0938, 2.18696 ], [ 32.04571, 2.16248 ] ] ] } },
{ "type": "Feature", "properties": { "pop": 3416.0 }, "geometry": { "type": "Polygon", "coordinates": [ [ [ 32.04521, 2.30861 ], [ 31.99694, 2.33284 ], [ 31.99678, 2.38156 ], [ 32.04487, 2.40605 ], [ 32.09313, 2.38181 ], [ 32.0933, 2.3331 ], [ 32.04521, 2.30861 ] ] ] } },
{ "type": "Feature", "properties": { "pop": 2874.0 }, "geometry": { "type": "Polygon", "coordinates": [ [ [ 32.0447, 2.45477 ], [ 31.99645, 2.479 ], [ 31.99628, 2.52773 ], [ 32.04437, 2.55222 ], [ 32.09263, 2.52798 ], [ 32.0928, 2.47926 ], [ 32.0447, 2.45477 ] ] ] } },
{ "type": "Feature", "properties": { "pop": 9277.0 }, "geometry": { "type": "Polygon", "coordinates": [ [ [ 32.0442, 2.60095 ], [ 31.99595, 2.62519 ], [ 31.99578, 2.67393 ], [ 32.04387, 2.69842 ], [ 32.09213, 2.67418 ], [ 32.09229, 2.62544 ], [ 32.0442, 2.60095 ] ] ] } },
{ "type": "Feature", "properties": { "pop": 6659.0 }, "geometry": { "type": "Polygon", "coordinates": [ [ [ 32.0437, 2.74716 ], [ 31.99545, 2.7714 ], [ 31.99529, 2.82015 ], [ 32.04337, 2.84465 ], [ 32.09162, 2.8204 ], [ 32.09179, 2.77166 ], [ 32.0437, 2.74716 ] ] ] } },
{ "type": "Feature", "properties": { "pop": 4968.0 }, "geometry": { "type": "Polygon", "coordinates": [ [ [ 32.0432, 2.8934 ], [ 31.99495, 2.91765 ], [ 31.99479, 2.9664 ], [ 32.04287, 2.9909 ], [ 32.09112, 2.96665 ], [ 32.09129, 2.9179 ], [ 32.0432, 2.8934 ] ] ] } },
{ "type": "Feature", "properties": { "pop": 3845.0 }, "geometry": { "type": "Polygon", "coordinates": [ [ [ 32.0427, 3.03966 ], [ 31.99446, 3.06392 ], [ 31.99429, 3.11268 ], [ 32.04237, 3.13719 ], [ 32.09061, 3.11293 ], [ 32.09078, 3.06417 ], [ 32.0427, 3.03966 ] ] ] } },
{ "type": "Feature", "properties": { "pop": 2552.0 }, "geometry": { "type": "Polygon", "coordinates": [ [ [ 32.0422, 3.18596 ], [ 31.99396, 3.21022 ], [ 31.9938, 3.25899 ], [ 32.04187, 3.28351 ], [ 32.09011, 3.25924 ], [ 32.09028, 3.21047 ], [ 32.0422, 3.18596 ] ] ] } },
{ "type": "Feature", "properties": { "pop": 4699.0 }, "geometry": { "type": "Polygon", "coordinates": [ [ [ 32.0417, 3.33228 ], [ 31.99347, 3.35655 ], [ 31.9933, 3.40533 ], [ 32.04137, 3.42985 ], [ 32.08961, 3.40559 ], [ 32.08978, 3.3568 ], [ 32.0417, 3.33228 ] ] ] } },
{ "type": "Feature", "properties": { "pop": 5534.0 }, "geometry": { "type": "Polygon", "coordinates": [ [ [ 32.0412, 3.47864 ], [ 31.99297, 3.50291 ], [ 31.9928, 3.55171 ], [ 32.04087, 3.57623 ], [ 32.0891, 3.55196 ], [ 32.08927, 3.50316 ], [ 32.0412, 3.47864 ] ] ] } },
{ "type": "Feature", "properties": { "pop": 222.0 }, "geometry": { "type": "Polygon", "coordinates": [ [ [ 32.10322, -0.53745 ], [ 32.05489, -0.51327 ], [ 32.05473, -0.46466 ], [ 32.10289, -0.44023 ], [ 32.15122, -0.46441 ], [ 32.15139, -0.51302 ], [ 32.10322, -0.53745 ] ] ] } },
{ "type": "Feature", "properties": { "pop": 628.0 }, "geometry": { "type": "Polygon", "coordinates": [ [ [ 32.10272, -0.39162 ], [ 32.05439, -0.36744 ], [ 32.05422, -0.31882 ], [ 32.10238, -0.29439 ], [ 32.15071, -0.31857 ], [ 32.15088, -0.36718 ], [ 32.10272, -0.39162 ] ] ] } },
{ "type": "Feature", "properties": { "pop": 893.0 }, "geometry": { "type": "Polygon", "coordinates": [ [ [ 32.10221, -0.24577 ], [ 32.05389, -0.22159 ], [ 32.05372, -0.17298 ], [ 32.10188, -0.14854 ], [ 32.1502, -0.17272 ], [ 32.15037, -0.22134 ], [ 32.10221, -0.24577 ] ] ] } },
{ "type": "Feature", "properties": { "pop": 5873.0 }, "geometry": { "type": "Polygon", "coordinates": [ [ [ 32.10171, -0.09992 ], [ 32.05339, -0.07574 ], [ 32.05322, -0.02712 ], [ 32.10137, -0.00268 ], [ 32.14969, -0.02686 ], [ 32.14986, -0.07548 ], [ 32.10171, -0.09992 ] ] ] } },
{ "type": "Feature", "properties": { "pop": 31266.0 }, "geometry": { "type": "Polygon", "coordinates": [ [ [ 32.1012, 0.04594 ], [ 32.05289, 0.07013 ], [ 32.05272, 0.11875 ], [ 32.10087, 0.14319 ], [ 32.14918, 0.119 ], [ 32.14935, 0.07038 ], [ 32.1012, 0.04594 ] ] ] } },
{ "type": "Feature", "properties": { "pop": 14845.0 }, "geometry": { "type": "Polygon", "coordinates": [ [ [ 32.1007, 0.19181 ], [ 32.05239, 0.216 ], [ 32.05222, 0.26463 ], [ 32.10036, 0.28907 ], [ 32.14867, 0.26488 ], [ 32.14884, 0.21625 ], [ 32.1007, 0.19181 ] ] ] } },
{ "type": "Feature", "properties": { "pop": 40286.0 }, "geometry": { "type": "Polygon", "coordinates": [ [ [ 32.10019, 0.3377 ], [ 32.05188, 0.36189 ], [ 32.05172, 0.41052 ], [ 32.09986, 0.43496 ], [ 32.14817, 0.41077 ], [ 32.14833, 0.36214 ], [ 32.10019, 0.3377 ] ] ] } },
{ "type": "Feature", "properties": { "pop": 12926.0 }, "geometry": { "type": "Polygon", "coordinates": [ [ [ 32.09969, 0.4836 ], [ 32.05138, 0.50779 ], [ 32.05122, 0.55642 ], [ 32.09935, 0.58087 ], [ 32.14766, 0.55668 ], [ 32.14783, 0.50804 ], [ 32.09969, 0.4836 ] ] ] } },
{ "type": "Feature", "properties": { "pop": 14294.0 }, "geometry": { "type": "Polygon", "coordinates": [ [ [ 32.09918, 0.62951 ], [ 32.05088, 0.6537 ], [ 32.05071, 0.70234 ], [ 32.09885, 0.72679 ], [ 32.14715, 0.70259 ], [ 32.14732, 0.65395 ], [ 32.09918, 0.62951 ] ] ] } },
{ "type": "Feature", "properties": { "pop": 2182.0 }, "geometry": { "type": "Polygon", "coordinates": [ [ [ 32.09868, 0.77543 ], [ 32.05038, 0.79963 ], [ 32.05021, 0.84827 ], [ 32.09834, 0.87272 ], [ 32.14664, 0.84853 ], [ 32.14681, 0.79988 ], [ 32.09868, 0.77543 ] ] ] } },
{ "type": "Feature", "properties": { "pop": 1692.0 }, "geometry": { "type": "Polygon", "coordinates": [ [ [ 32.09817, 0.92137 ], [ 32.04988, 0.94557 ], [ 32.04971, 0.99422 ], [ 32.09784, 1.01867 ], [ 32.14613, 0.99447 ], [ 32.1463, 0.94582 ], [ 32.09817, 0.92137 ] ] ] } },
{ "type": "Feature", "properties": { "pop": 643.0 }, "geometry": { "type": "Polygon", "coordinates": [ [ [ 32.09767, 1.06733 ], [ 32.04938, 1.09153 ], [ 32.04921, 1.14018 ], [ 32.09733, 1.16464 ], [ 32.14563, 1.14044 ], [ 32.14579, 1.09178 ], [ 32.09767, 1.06733 ] ] ] } },
{ "type": "Feature", "properties": { "pop": 1023.0 }, "geometry": { "type": "Polygon", "coordinates": [ [ [ 32.09717, 1.2133 ], [ 32.04888, 1.2375 ], [ 32.04871, 1.28617 ], [ 32.09683, 1.31063 ], [ 32.14512, 1.28642 ], [ 32.14529, 1.23776 ], [ 32.09717, 1.2133 ] ] ] } },
{ "type": "Feature", "properties": { "pop": 1600.0 }, "geometry": { "type": "Polygon", "coordinates": [ [ [ 32.09666, 1.35929 ], [ 32.04838, 1.3835 ], [ 32.04821, 1.43217 ], [ 32.09633, 1.45663 ], [ 32.14461, 1.43242 ], [ 32.14478, 1.38375 ], [ 32.09666, 1.35929 ] ] ] } },
{ "type": "Feature", "properties": { "pop": 5224.0 }, "geometry": { "type": "Polygon", "coordinates": [ [ [ 32.09616, 1.5053 ], [ 32.04788, 1.52951 ], [ 32.04771, 1.57819 ], [ 32.09582, 1.60265 ], [ 32.1441, 1.57844 ], [ 32.14427, 1.52977 ], [ 32.09616, 1.5053 ] ] ] } },
{ "type": "Feature", "properties": { "pop": 8369.0 }, "geometry": { "type": "Polygon", "coordinates": [ [ [ 32.09565, 1.65133 ], [ 32.04737, 1.67555 ], [ 32.04721, 1.72423 ], [ 32.09532, 1.7487 ], [ 32.14359, 1.72448 ], [ 32.14376, 1.6758 ], [ 32.09565, 1.65133 ] ] ] } },
{ "type": "Feature", "properties": { "pop": 10819.0 }, "geometry": { "type": "Polygon", "coordinates": [ [ [ 32.09515, 1.79738 ], [ 32.04687, 1.8216 ], [ 32.04671, 1.87029 ], [ 32.09481, 1.89476 ], [ 32.14309, 1.87054 ], [ 32.14326, 1.82185 ], [ 32.09515, 1.79738 ] ] ] } },
{ "type": "Feature", "properties": { "pop": 10765.0 }, "geometry": { "type": "Polygon", "coordinates": [ [ [ 32.09464, 1.94346 ], [ 32.04637, 1.96768 ], [ 32.04621, 2.01637 ], [ 32.09431, 2.04085 ], [ 32.14258, 2.01663 ], [ 32.14275, 1.96793 ], [ 32.09464, 1.94346 ] ] ] } },
{ "type": "Feature", "properties": { "pop": 2930.0 }, "geometry": { "type": "Polygon", "coordinates": [ [ [ 32.09414, 2.08955 ], [ 32.04587, 2.11378 ], [ 32.04571, 2.16248 ], [ 32.0938, 2.18696 ], [ 32.14207, 2.16274 ], [ 32.14224, 2.11403 ], [ 32.09414, 2.08955 ] ] ] } },
{ "type": "Feature", "properties": { "pop": 3820.0 }, "geometry": { "type": "Polygon", "coordinates": [ [ [ 32.09364, 2.23567 ], [ 32.04537, 2.2599 ], [ 32.04521, 2.30861 ], [ 32.0933, 2.3331 ], [ 32.14156, 2.30887 ], [ 32.14173, 2.26015 ], [ 32.09364, 2.23567 ] ] ] } },
{ "type": "Feature", "properties": { "pop": 2524.0 }, "geometry": { "type": "Polygon", "coordinates": [ [ [ 32.09313, 2.38181 ], [ 32.04487, 2.40605 ], [ 32.0447, 2.45477 ], [ 32.0928, 2.47926 ], [ 32.14106, 2.45502 ], [ 32.14123, 2.4063 ], [ 32.09313, 2.38181 ] ] ] } },
{ "type": "Feature", "properties": { "pop": 3558.0 }, "geometry": { "type": "Polygon", "coordinates": [ [ [ 32.09263, 2.52798 ], [ 32.04437, 2.55222 ], [ 32.0442, 2.60095 ], [ 32.09229, 2.62544 ], [ 32.14055, 2.60121 ], [ 32.14072, 2.55248 ], [ 32.09263, 2.52798 ] ] ] } },
{ "type": "Feature", "properties": { "pop": 6115.0 }, "geometry": { "type": "Polygon", "coordinates": [ [ [ 32.09213, 2.67418 ], [ 32.04387, 2.69842 ], [ 32.0437, 2.74716 ], [ 32.09179, 2.77166 ], [ 32.14004, 2.74741 ], [ 32.14021, 2.69868 ], [ 32.09213, 2.67418 ] ] ] } },
{ "type": "Feature", "properties": { "pop": 8432.0 }, "geometry": { "type": "Polygon", "coordinates": [ [ [ 32.09162, 2.8204 ], [ 32.04337, 2.84465 ], [ 32.0432, 2.8934 ], [ 32.09129, 2.9179 ], [ 32.13954, 2.89365 ], [ 32.13971, 2.8449 ], [ 32.09162, 2.8204 ] ] ] } },
{ "type": "Feature", "properties": { "pop": 11721.0 }, "geometry": { "type": "Polygon", "coordinates": [ [ [ 32.09112, 2.96665 ], [ 32.04287, 2.9909 ], [ 32.0427, 3.03966 ], [ 32.09078, 3.06417 ], [ 32.13903, 3.03992 ], [ 32.1392, 2.99116 ], [ 32.09112, 2.96665 ] ] ] } },
{ "type": "Feature", "properties": { "pop": 3332.0 }, "geometry": { "type": "Polygon", "coordinates": [ [ [ 32.09061, 3.11293 ], [ 32.04237, 3.13719 ], [ 32.0422, 3.18596 ], [ 32.09028, 3.21047 ], [ 32.13852, 3.18621 ], [ 32.13869, 3.13744 ], [ 32.09061, 3.11293 ] ] ] } },
{ "type": "Feature", "properties": { "pop": 5045.0 }, "geometry": { "type": "Polygon", "coordinates": [ [ [ 32.09011, 3.25924 ], [ 32.04187, 3.28351 ], [ 32.0417, 3.33228 ], [ 32.08978, 3.3568 ], [ 32.13802, 3.33254 ], [ 32.13818, 3.28376 ], [ 32.09011, 3.25924 ] ] ] } },
{ "type": "Feature", "properties": { "pop": 4935.0 }, "geometry": { "type": "Polygon", "coordinates": [ [ [ 32.08961, 3.40559 ], [ 32.04137, 3.42985 ], [ 32.0412, 3.47864 ], [ 32.08927, 3.50316 ], [ 32.13751, 3.4789 ], [ 32.13768, 3.43011 ], [ 32.08961, 3.40559 ] ] ] } },
{ "type": "Feature", "properties": { "pop": 4258.0 }, "geometry": { "type": "Polygon", "coordinates": [ [ [ 32.0891, 3.55196 ], [ 32.04087, 3.57623 ], [ 32.0407, 3.62503 ], [ 32.08877, 3.64956 ], [ 32.137, 3.62529 ], [ 32.13717, 3.57649 ], [ 32.0891, 3.55196 ] ] ] } },
{ "type": "Feature", "properties": { "pop": 184.0 }, "geometry": { "type": "Polygon", "coordinates": [ [ [ 32.15223, -0.75607 ], [ 32.1039, -0.73189 ], [ 32.10373, -0.68328 ], [ 32.15189, -0.65885 ], [ 32.20023, -0.68303 ], [ 32.2004, -0.73163 ], [ 32.15223, -0.75607 ] ] ] } },
{ "type": "Feature", "properties": { "pop": 1969.0 }, "geometry": { "type": "Polygon", "coordinates": [ [ [ 32.15172, -0.61024 ], [ 32.10339, -0.58606 ], [ 32.10322, -0.53745 ], [ 32.15139, -0.51302 ], [ 32.19972, -0.5372 ], [ 32.19989, -0.58581 ], [ 32.15172, -0.61024 ] ] ] } },
{ "type": "Feature", "properties": { "pop": 557.0 }, "geometry": { "type": "Polygon", "coordinates": [ [ [ 32.15122, -0.46441 ], [ 32.10289, -0.44023 ], [ 32.10272, -0.39162 ], [ 32.15088, -0.36718 ], [ 32.1992, -0.39136 ], [ 32.19938, -0.43997 ], [ 32.15122, -0.46441 ] ] ] } },
{ "type": "Feature", "properties": { "pop": 6472.0 }, "geometry": { "type": "Polygon", "coordinates": [ [ [ 32.15071, -0.31857 ], [ 32.10238, -0.29439 ], [ 32.10221, -0.24577 ], [ 32.15037, -0.22134 ], [ 32.19869, -0.24552 ], [ 32.19886, -0.29413 ], [ 32.15071, -0.31857 ] ] ] } },
{ "type": "Feature", "properties": { "pop": 12061.0 }, "geometry": { "type": "Polygon", "coordinates": [ [ [ 32.14969, -0.02686 ], [ 32.10137, -0.00268 ], [ 32.1012, 0.04594 ], [ 32.14935, 0.07038 ], [ 32.19767, 0.0462 ], [ 32.19784, -0.00242 ], [ 32.14969, -0.02686 ] ] ] } },
{ "type": "Feature", "properties": { "pop": 21741.0 }, "geometry": { "type": "Polygon", "coordinates": [ [ [ 32.14918, 0.119 ], [ 32.10087, 0.14319 ], [ 32.1007, 0.19181 ], [ 32.14884, 0.21625 ], [ 32.19716, 0.19207 ], [ 32.19733, 0.14344 ], [ 32.14918, 0.119 ] ] ] } },
{ "type": "Feature", "properties": { "pop": 20735.0 }, "geometry": { "type": "Polygon", "coordinates": [ [ [ 32.14867, 0.26488 ], [ 32.10036, 0.28907 ], [ 32.10019, 0.3377 ], [ 32.14833, 0.36214 ], [ 32.19665, 0.33795 ], [ 32.19682, 0.28933 ], [ 32.14867, 0.26488 ] ] ] } },
{ "type": "Feature", "properties": { "pop": 14558.0 }, "geometry": { "type": "Polygon", "coordinates": [ [ [ 32.14817, 0.41077 ], [ 32.09986, 0.43496 ], [ 32.09969, 0.4836 ], [ 32.14783, 0.50804 ], [ 32.19613, 0.48385 ], [ 32.1963, 0.43522 ], [ 32.14817, 0.41077 ] ] ] } },
{ "type": "Feature", "properties": { "pop": 17831.0 }, "geometry": { "type": "Polygon", "coordinates": [ [ [ 32.14766, 0.55668 ], [ 32.09935, 0.58087 ], [ 32.09918, 0.62951 ], [ 32.14732, 0.65395 ], [ 32.19562, 0.62976 ], [ 32.19579, 0.58112 ], [ 32.14766, 0.55668 ] ] ] } },
{ "type": "Feature", "properties": { "pop": 2340.0 }, "geometry": { "type": "Polygon", "coordinates": [ [ [ 32.14715, 0.70259 ], [ 32.09885, 0.72679 ], [ 32.09868, 0.77543 ], [ 32.14681, 0.79988 ], [ 32.19511, 0.77569 ], [ 32.19528, 0.72704 ], [ 32.14715, 0.70259 ] ] ] } },
{ "type": "Feature", "properties": { "pop": 2494.0 }, "geometry": { "type": "Polygon", "coordinates": [ [ [ 32.14664, 0.84853 ], [ 32.09834, 0.87272 ], [ 32.09817, 0.92137 ], [ 32.1463, 0.94582 ], [ 32.1946, 0.92163 ], [ 32.19477, 0.87298 ], [ 32.14664, 0.84853 ] ] ] } },
{ "type": "Feature", "properties": { "pop": 792.0 }, "geometry": { "type": "Polygon", "coordinates": [ [ [ 32.14613, 0.99447 ], [ 32.09784, 1.01867 ], [ 32.09767, 1.06733 ], [ 32.14579, 1.09178 ], [ 32.19409, 1.06758 ], [ 32.19426, 1.01893 ], [ 32.14613, 0.99447 ] ] ] } },
{ "type": "Feature", "properties": { "pop": 1026.0 }, "geometry": { "type": "Polygon", "coordinates": [ [ [ 32.14563, 1.14044 ], [ 32.09733, 1.16464 ], [ 32.09717, 1.2133 ], [ 32.14529, 1.23776 ], [ 32.19358, 1.21356 ], [ 32.19375, 1.1649 ], [ 32.14563, 1.14044 ] ] ] } },
{ "type": "Feature", "properties": { "pop": 1042.0 }, "geometry": { "type": "Polygon", "coordinates": [ [ [ 32.14512, 1.28642 ], [ 32.09683, 1.31063 ], [ 32.09666, 1.35929 ], [ 32.14478, 1.38375 ], [ 32.19307, 1.35955 ], [ 32.19324, 1.31088 ], [ 32.14512, 1.28642 ] ] ] } },
{ "type": "Feature", "properties": { "pop": 2894.0 }, "geometry": { "type": "Polygon", "coordinates": [ [ [ 32.14461, 1.43242 ], [ 32.09633, 1.45663 ], [ 32.09616, 1.5053 ], [ 32.14427, 1.52977 ], [ 32.19255, 1.50556 ], [ 32.19272, 1.45689 ], [ 32.14461, 1.43242 ] ] ] } },
{ "type": "Feature", "properties": { "pop": 2389.0 }, "geometry": { "type": "Polygon", "coordinates": [ [ [ 32.1441, 1.57844 ], [ 32.09582, 1.60265 ], [ 32.09565, 1.65133 ], [ 32.14376, 1.6758 ], [ 32.19204, 1.65159 ], [ 32.19221, 1.60291 ], [ 32.1441, 1.57844 ] ] ] } },
{ "type": "Feature", "properties": { "pop": 5626.0 }, "geometry": { "type": "Polygon", "coordinates": [ [ [ 32.14359, 1.72448 ], [ 32.09532, 1.7487 ], [ 32.09515, 1.79738 ], [ 32.14326, 1.82185 ], [ 32.19153, 1.79764 ], [ 32.1917, 1.74895 ], [ 32.14359, 1.72448 ] ] ] } },
{ "type": "Feature", "properties": { "pop": 43612.0 }, "geometry": { "type": "Polygon", "coordinates": [ [ [ 32.14309, 1.87054 ], [ 32.09481, 1.89476 ], [ 32.09464, 1.94346 ], [ 32.14275, 1.96793 ], [ 32.19102, 1.94371 ], [ 32.19119, 1.89502 ], [ 32.14309, 1.87054 ] ] ] } },
{ "type": "Feature", "properties": { "pop": 5265.0 }, "geometry": { "type": "Polygon", "coordinates": [ [ [ 32.14258, 2.01663 ], [ 32.09431, 2.04085 ], [ 32.09414, 2.08955 ], [ 32.14224, 2.11403 ], [ 32.19051, 2.08981 ], [ 32.19068, 2.04111 ], [ 32.14258, 2.01663 ] ] ] } },
{ "type": "Feature", "properties": { "pop": 7787.0 }, "geometry": { "type": "Polygon", "coordinates": [ [ [ 32.14207, 2.16274 ], [ 32.0938, 2.18696 ], [ 32.09364, 2.23567 ], [ 32.14173, 2.26015 ], [ 32.19, 2.23593 ], [ 32.19017, 2.18722 ], [ 32.14207, 2.16274 ] ] ] } },
{ "type": "Feature", "properties": { "pop": 3083.0 }, "geometry": { "type": "Polygon", "coordinates": [ [ [ 32.14156, 2.30887 ], [ 32.0933, 2.3331 ], [ 32.09313, 2.38181 ], [ 32.14123, 2.4063 ], [ 32.18949, 2.38207 ], [ 32.18966, 2.33335 ], [ 32.14156, 2.30887 ] ] ] } },
{ "type": "Feature", "properties": { "pop": 3059.0 }, "geometry": { "type": "Polygon", "coordinates": [ [ [ 32.14106, 2.45502 ], [ 32.0928, 2.47926 ], [ 32.09263, 2.52798 ], [ 32.14072, 2.55248 ], [ 32.18898, 2.52824 ], [ 32.18915, 2.47951 ], [ 32.14106, 2.45502 ] ] ] } },
{ "type": "Feature", "properties": { "pop": 5859.0 }, "geometry": { "type": "Polygon", "coordinates": [ [ [ 32.14055, 2.60121 ], [ 32.09229, 2.62544 ], [ 32.09213, 2.67418 ], [ 32.14021, 2.69868 ], [ 32.18847, 2.67444 ], [ 32.18864, 2.6257 ], [ 32.14055, 2.60121 ] ] ] } },
{ "type": "Feature", "properties": { "pop": 12923.0 }, "geometry": { "type": "Polygon", "coordinates": [ [ [ 32.14004, 2.74741 ], [ 32.09179, 2.77166 ], [ 32.09162, 2.8204 ], [ 32.13971, 2.8449 ], [ 32.18796, 2.82066 ], [ 32.18813, 2.77191 ], [ 32.14004, 2.74741 ] ] ] } },
{ "type": "Feature", "properties": { "pop": 14788.0 }, "geometry": { "type": "Polygon", "coordinates": [ [ [ 32.13954, 2.89365 ], [ 32.09129, 2.9179 ], [ 32.09112, 2.96665 ], [ 32.1392, 2.99116 ], [ 32.18745, 2.96691 ], [ 32.18762, 2.91816 ], [ 32.13954, 2.89365 ] ] ] } },
{ "type": "Feature", "properties": { "pop": 6736.0 }, "geometry": { "type": "Polygon", "coordinates": [ [ [ 32.13903, 3.03992 ], [ 32.09078, 3.06417 ], [ 32.09061, 3.11293 ], [ 32.13869, 3.13744 ], [ 32.18694, 3.11319 ], [ 32.18711, 3.06443 ], [ 32.13903, 3.03992 ] ] ] } },
{ "type": "Feature", "properties": { "pop": 9269.0 }, "geometry": { "type": "Polygon", "coordinates": [ [ [ 32.13852, 3.18621 ], [ 32.09028, 3.21047 ], [ 32.09011, 3.25924 ], [ 32.13818, 3.28376 ], [ 32.18643, 3.2595 ], [ 32.1866, 3.21073 ], [ 32.13852, 3.18621 ] ] ] } },
{ "type": "Feature", "properties": { "pop": 1353.0 }, "geometry": { "type": "Polygon", "coordinates": [ [ [ 32.13802, 3.33254 ], [ 32.08978, 3.3568 ], [ 32.08961, 3.40559 ], [ 32.13768, 3.43011 ], [ 32.18592, 3.40584 ], [ 32.18609, 3.35706 ], [ 32.13802, 3.33254 ] ] ] } },
{ "type": "Feature", "properties": { "pop": 2385.0 }, "geometry": { "type": "Polygon", "coordinates": [ [ [ 32.13751, 3.4789 ], [ 32.08927, 3.50316 ], [ 32.0891, 3.55196 ], [ 32.13717, 3.57649 ], [ 32.18541, 3.55222 ], [ 32.18558, 3.50342 ], [ 32.13751, 3.4789 ] ] ] } },
{ "type": "Feature", "properties": { "pop": 50.0 }, "geometry": { "type": "Polygon", "coordinates": [ [ [ 32.20023, -0.68303 ], [ 32.15189, -0.65885 ], [ 32.15172, -0.61024 ], [ 32.19989, -0.58581 ], [ 32.24822, -0.60998 ], [ 32.24839, -0.65859 ], [ 32.20023, -0.68303 ] ] ] } },
{ "type": "Feature", "properties": { "pop": 2742.0 }, "geometry": { "type": "Polygon", "coordinates": [ [ [ 32.19972, -0.5372 ], [ 32.15139, -0.51302 ], [ 32.15122, -0.46441 ], [ 32.19938, -0.43997 ], [ 32.24771, -0.46415 ], [ 32.24788, -0.51276 ], [ 32.19972, -0.5372 ] ] ] } },
{ "type": "Feature", "properties": { "pop": 3101.0 }, "geometry": { "type": "Polygon", "coordinates": [ [ [ 32.1992, -0.39136 ], [ 32.15088, -0.36718 ], [ 32.15071, -0.31857 ], [ 32.19886, -0.29413 ], [ 32.24719, -0.31831 ], [ 32.24736, -0.36692 ], [ 32.1992, -0.39136 ] ] ] } },
{ "type": "Feature", "properties": { "pop": 526.0 }, "geometry": { "type": "Polygon", "coordinates": [ [ [ 32.19869, -0.24552 ], [ 32.15037, -0.22134 ], [ 32.1502, -0.17272 ], [ 32.19835, -0.14828 ], [ 32.24667, -0.17246 ], [ 32.24685, -0.22108 ], [ 32.19869, -0.24552 ] ] ] } },
{ "type": "Feature", "properties": { "pop": 4929.0 }, "geometry": { "type": "Polygon", "coordinates": [ [ [ 32.19818, -0.09966 ], [ 32.14986, -0.07548 ], [ 32.14969, -0.02686 ], [ 32.19784, -0.00242 ], [ 32.24616, -0.02661 ], [ 32.24633, -0.07523 ], [ 32.19818, -0.09966 ] ] ] } },
{ "type": "Feature", "properties": { "pop": 18820.0 }, "geometry": { "type": "Polygon", "coordinates": [ [ [ 32.19767, 0.0462 ], [ 32.14935, 0.07038 ], [ 32.14918, 0.119 ], [ 32.19733, 0.14344 ], [ 32.24564, 0.11926 ], [ 32.24582, 0.07064 ], [ 32.19767, 0.0462 ] ] ] } },
{ "type": "Feature", "properties": { "pop": 29592.0 }, "geometry": { "type": "Polygon", "coordinates": [ [ [ 32.19716, 0.19207 ], [ 32.14884, 0.21625 ], [ 32.14867, 0.26488 ], [ 32.19682, 0.28933 ], [ 32.24513, 0.26514 ], [ 32.2453, 0.21651 ], [ 32.19716, 0.19207 ] ] ] } },
{ "type": "Feature", "properties": { "pop": 30227.0 }, "geometry": { "type": "Polygon", "coordinates": [ [ [ 32.19665, 0.33795 ], [ 32.14833, 0.36214 ], [ 32.14817, 0.41077 ], [ 32.1963, 0.43522 ], [ 32.24461, 0.41103 ], [ 32.24479, 0.3624 ], [ 32.19665, 0.33795 ] ] ] } },
{ "type": "Feature", "properties": { "pop": 32918.0 }, "geometry": { "type": "Polygon", "coordinates": [ [ [ 32.19613, 0.48385 ], [ 32.14783, 0.50804 ], [ 32.14766, 0.55668 ], [ 32.19579, 0.58112 ], [ 32.2441, 0.55693 ], [ 32.24427, 0.5083 ], [ 32.19613, 0.48385 ] ] ] } },
{ "type": "Feature", "properties": { "pop": 16204.0 }, "geometry": { "type": "Polygon", "coordinates": [ [ [ 32.19562, 0.62976 ], [ 32.14732, 0.65395 ], [ 32.14715, 0.70259 ], [ 32.19528, 0.72704 ], [ 32.24358, 0.70285 ], [ 32.24376, 0.65421 ], [ 32.19562, 0.62976 ] ] ] } },
{ "type": "Feature", "properties": { "pop": 3455.0 }, "geometry": { "type": "Polygon", "coordinates": [ [ [ 32.19511, 0.77569 ], [ 32.14681, 0.79988 ], [ 32.14664, 0.84853 ], [ 32.19477, 0.87298 ], [ 32.24307, 0.84878 ], [ 32.24324, 0.80014 ], [ 32.19511, 0.77569 ] ] ] } },
{ "type": "Feature", "properties": { "pop": 1267.0 }, "geometry": { "type": "Polygon", "coordinates": [ [ [ 32.1946, 0.92163 ], [ 32.1463, 0.94582 ], [ 32.14613, 0.99447 ], [ 32.19426, 1.01893 ], [ 32.24255, 0.99473 ], [ 32.24273, 0.94608 ], [ 32.1946, 0.92163 ] ] ] } },
{ "type": "Feature", "properties": { "pop": 707.0 }, "geometry": { "type": "Polygon", "coordinates": [ [ [ 32.19409, 1.06758 ], [ 32.14579, 1.09178 ], [ 32.14563, 1.14044 ], [ 32.19375, 1.1649 ], [ 32.24204, 1.1407 ], [ 32.24221, 1.09204 ], [ 32.19409, 1.06758 ] ] ] } },
{ "type": "Feature", "properties": { "pop": 2369.0 }, "geometry": { "type": "Polygon", "coordinates": [ [ [ 32.19358, 1.21356 ], [ 32.14529, 1.23776 ], [ 32.14512, 1.28642 ], [ 32.19324, 1.31088 ], [ 32.24152, 1.28668 ], [ 32.2417, 1.23802 ], [ 32.19358, 1.21356 ] ] ] } },
{ "type": "Feature", "properties": { "pop": 3450.0 }, "geometry": { "type": "Polygon", "coordinates": [ [ [ 32.19307, 1.35955 ], [ 32.14478, 1.38375 ], [ 32.14461, 1.43242 ], [ 32.19272, 1.45689 ], [ 32.24101, 1.43268 ], [ 32.24118, 1.38401 ], [ 32.19307, 1.35955 ] ] ] } },
{ "type": "Feature", "properties": { "pop": 1516.0 }, "geometry": { "type": "Polygon", "coordinates": [ [ [ 32.19255, 1.50556 ], [ 32.14427, 1.52977 ], [ 32.1441, 1.57844 ], [ 32.19221, 1.60291 ], [ 32.2405, 1.5787 ], [ 32.24067, 1.53002 ], [ 32.19255, 1.50556 ] ] ] } },
{ "type": "Feature", "properties": { "pop": 4614.0 }, "geometry": { "type": "Polygon", "coordinates": [ [ [ 32.19204, 1.65159 ], [ 32.14376, 1.6758 ], [ 32.14359, 1.72448 ], [ 32.1917, 1.74895 ], [ 32.23998, 1.72474 ], [ 32.24015, 1.67606 ], [ 32.19204, 1.65159 ] ] ] } },
{ "type": "Feature", "properties": { "pop": 2480.0 }, "geometry": { "type": "Polygon", "coordinates": [ [ [ 32.19153, 1.79764 ], [ 32.14326, 1.82185 ], [ 32.14309, 1.87054 ], [ 32.19119, 1.89502 ], [ 32.23947, 1.8708 ], [ 32.23964, 1.82211 ], [ 32.19153, 1.79764 ] ] ] } },
{ "type": "Feature", "properties": { "pop": 14480.0 }, "geometry": { "type": "Polygon", "coordinates": [ [ [ 32.19102, 1.94371 ], [ 32.14275, 1.96793 ], [ 32.14258, 2.01663 ], [ 32.19068, 2.04111 ], [ 32.23895, 2.01689 ], [ 32.23912, 1.96819 ], [ 32.19102, 1.94371 ] ] ] } },
{ "type": "Feature", "properties": { "pop": 10693.0 }, "geometry": { "type": "Polygon", "coordinates": [ [ [ 32.19051, 2.08981 ], [ 32.14224, 2.11403 ], [ 32.14207, 2.16274 ], [ 32.19017, 2.18722 ], [ 32.23844, 2.16299 ], [ 32.23861, 2.11429 ], [ 32.19051, 2.08981 ] ] ] } },
{ "type": "Feature", "properties": { "pop": 4410.0 }, "geometry": { "type": "Polygon", "coordinates": [ [ [ 32.19, 2.23593 ], [ 32.14173, 2.26015 ], [ 32.14156, 2.30887 ], [ 32.18966, 2.33335 ], [ 32.23792, 2.30913 ], [ 32.2381, 2.26041 ], [ 32.19, 2.23593 ] ] ] } },
{ "type": "Feature", "properties": { "pop": 4297.0 }, "geometry": { "type": "Polygon", "coordinates": [ [ [ 32.18949, 2.38207 ], [ 32.14123, 2.4063 ], [ 32.14106, 2.45502 ], [ 32.18915, 2.47951 ], [ 32.23741, 2.45528 ], [ 32.23758, 2.40656 ], [ 32.18949, 2.38207 ] ] ] } },
{ "type": "Feature", "properties": { "pop": 8963.0 }, "geometry": { "type": "Polygon", "coordinates": [ [ [ 32.18898, 2.52824 ], [ 32.14072, 2.55248 ], [ 32.14055, 2.60121 ], [ 32.18864, 2.6257 ], [ 32.2369, 2.60146 ], [ 32.23707, 2.55273 ], [ 32.18898, 2.52824 ] ] ] } },
{ "type": "Feature", "properties": { "pop": 9975.0 }, "geometry": { "type": "Polygon", "coordinates": [ [ [ 32.18847, 2.67444 ], [ 32.14021, 2.69868 ], [ 32.14004, 2.74741 ], [ 32.18813, 2.77191 ], [ 32.23638, 2.74767 ], [ 32.23655, 2.69893 ], [ 32.18847, 2.67444 ] ] ] } },
{ "type": "Feature", "properties": { "pop": 15339.0 }, "geometry": { "type": "Polygon", "coordinates": [ [ [ 32.18796, 2.82066 ], [ 32.13971, 2.8449 ], [ 32.13954, 2.89365 ], [ 32.18762, 2.91816 ], [ 32.23587, 2.89391 ], [ 32.23604, 2.84516 ], [ 32.18796, 2.82066 ] ] ] } },
{ "type": "Feature", "properties": { "pop": 17985.0 }, "geometry": { "type": "Polygon", "coordinates": [ [ [ 32.18745, 2.96691 ], [ 32.1392, 2.99116 ], [ 32.13903, 3.03992 ], [ 32.18711, 3.06443 ], [ 32.23535, 3.04018 ], [ 32.23553, 2.99142 ], [ 32.18745, 2.96691 ] ] ] } },
{ "type": "Feature", "properties": { "pop": 3278.0 }, "geometry": { "type": "Polygon", "coordinates": [ [ [ 32.18694, 3.11319 ], [ 32.13869, 3.13744 ], [ 32.13852, 3.18621 ], [ 32.1866, 3.21073 ], [ 32.23484, 3.18647 ], [ 32.23501, 3.1377 ], [ 32.18694, 3.11319 ] ] ] } },
{ "type": "Feature", "properties": { "pop": 1585.0 }, "geometry": { "type": "Polygon", "coordinates": [ [ [ 32.18643, 3.2595 ], [ 32.13818, 3.28376 ], [ 32.13802, 3.33254 ], [ 32.18609, 3.35706 ], [ 32.23433, 3.3328 ], [ 32.2345, 3.28402 ], [ 32.18643, 3.2595 ] ] ] } },
{ "type": "Feature", "properties": { "pop": 926.0 }, "geometry": { "type": "Polygon", "coordinates": [ [ [ 32.18592, 3.40584 ], [ 32.13768, 3.43011 ], [ 32.13751, 3.4789 ], [ 32.18558, 3.50342 ], [ 32.23381, 3.47915 ], [ 32.23398, 3.43037 ], [ 32.18592, 3.40584 ] ] ] } },
{ "type": "Feature", "properties": { "pop": 594.0 }, "geometry": { "type": "Polygon", "coordinates": [ [ [ 32.18541, 3.55222 ], [ 32.13717, 3.57649 ], [ 32.137, 3.62529 ], [ 32.18507, 3.64982 ], [ 32.2333, 3.62554 ], [ 32.23347, 3.57674 ], [ 32.18541, 3.55222 ] ] ] } },
{ "type": "Feature", "properties": { "pop": 35.0 }, "geometry": { "type": "Polygon", "coordinates": [ [ [ 32.24874, -0.75581 ], [ 32.2004, -0.73163 ], [ 32.20023, -0.68303 ], [ 32.24839, -0.65859 ], [ 32.29673, -0.68277 ], [ 32.2969, -0.73137 ], [ 32.24874, -0.75581 ] ] ] } },
{ "type": "Feature", "properties": { "pop": 438.0 }, "geometry": { "type": "Polygon", "coordinates": [ [ [ 32.24822, -0.60998 ], [ 32.19989, -0.58581 ], [ 32.19972, -0.5372 ], [ 32.24788, -0.51276 ], [ 32.29621, -0.53694 ], [ 32.29638, -0.58555 ], [ 32.24822, -0.60998 ] ] ] } },
{ "type": "Feature", "properties": { "pop": 4655.0 }, "geometry": { "type": "Polygon", "coordinates": [ [ [ 32.24771, -0.46415 ], [ 32.19938, -0.43997 ], [ 32.1992, -0.39136 ], [ 32.24736, -0.36692 ], [ 32.29569, -0.3911 ], [ 32.29586, -0.43971 ], [ 32.24771, -0.46415 ] ] ] } },
{ "type": "Feature", "properties": { "pop": 626.0 }, "geometry": { "type": "Polygon", "coordinates": [ [ [ 32.24719, -0.31831 ], [ 32.19886, -0.29413 ], [ 32.19869, -0.24552 ], [ 32.24685, -0.22108 ], [ 32.29517, -0.24526 ], [ 32.29535, -0.29387 ], [ 32.24719, -0.31831 ] ] ] } },
{ "type": "Feature", "properties": { "pop": 11018.0 }, "geometry": { "type": "Polygon", "coordinates": [ [ [ 32.24616, -0.02661 ], [ 32.19784, -0.00242 ], [ 32.19767, 0.0462 ], [ 32.24582, 0.07064 ], [ 32.29413, 0.04646 ], [ 32.29431, -0.00216 ], [ 32.24616, -0.02661 ] ] ] } },
{ "type": "Feature", "properties": { "pop": 23252.0 }, "geometry": { "type": "Polygon", "coordinates": [ [ [ 32.24564, 0.11926 ], [ 32.19733, 0.14344 ], [ 32.19716, 0.19207 ], [ 32.2453, 0.21651 ], [ 32.29362, 0.19233 ], [ 32.29379, 0.1437 ], [ 32.24564, 0.11926 ] ] ] } },
{ "type": "Feature", "properties": { "pop": 13918.0 }, "geometry": { "type": "Polygon", "coordinates": [ [ [ 32.24513, 0.26514 ], [ 32.19682, 0.28933 ], [ 32.19665, 0.33795 ], [ 32.24479, 0.3624 ], [ 32.2931, 0.33821 ], [ 32.29327, 0.28958 ], [ 32.24513, 0.26514 ] ] ] } },
{ "type": "Feature", "properties": { "pop": 21126.0 }, "geometry": { "type": "Polygon", "coordinates": [ [ [ 32.24461, 0.41103 ], [ 32.1963, 0.43522 ], [ 32.19613, 0.48385 ], [ 32.24427, 0.5083 ], [ 32.29258, 0.48411 ], [ 32.29275, 0.43548 ], [ 32.24461, 0.41103 ] ] ] } },
{ "type": "Feature", "properties": { "pop": 16432.0 }, "geometry": { "type": "Polygon", "coordinates": [ [ [ 32.2441, 0.55693 ], [ 32.19579, 0.58112 ], [ 32.19562, 0.62976 ], [ 32.24376, 0.65421 ], [ 32.29206, 0.63002 ], [ 32.29223, 0.58138 ], [ 32.2441, 0.55693 ] ] ] } },
{ "type": "Feature", "properties": { "pop": 11676.0 }, "geometry": { "type": "Polygon", "coordinates": [ [ [ 32.24358, 0.70285 ], [ 32.19528, 0.72704 ], [ 32.19511, 0.77569 ], [ 32.24324, 0.80014 ], [ 32.29154, 0.77595 ], [ 32.29171, 0.7273 ], [ 32.24358, 0.70285 ] ] ] } },
{ "type": "Feature", "properties": { "pop": 3148.0 }, "geometry": { "type": "Polygon", "coordinates": [ [ [ 32.24307, 0.84878 ], [ 32.19477, 0.87298 ], [ 32.1946, 0.92163 ], [ 32.24273, 0.94608 ], [ 32.29102, 0.92189 ], [ 32.2912, 0.87324 ], [ 32.24307, 0.84878 ] ] ] } },
{ "type": "Feature", "properties": { "pop": 642.0 }, "geometry": { "type": "Polygon", "coordinates": [ [ [ 32.24255, 0.99473 ], [ 32.19426, 1.01893 ], [ 32.19409, 1.06758 ], [ 32.24221, 1.09204 ], [ 32.29051, 1.06784 ], [ 32.29068, 1.01919 ], [ 32.24255, 0.99473 ] ] ] } },
{ "type": "Feature", "properties": { "pop": 3891.0 }, "geometry": { "type": "Polygon", "coordinates": [ [ [ 32.24204, 1.1407 ], [ 32.19375, 1.1649 ], [ 32.19358, 1.21356 ], [ 32.2417, 1.23802 ], [ 32.28999, 1.21382 ], [ 32.29016, 1.16516 ], [ 32.24204, 1.1407 ] ] ] } },
{ "type": "Feature", "properties": { "pop": 1505.0 }, "geometry": { "type": "Polygon", "coordinates": [ [ [ 32.24152, 1.28668 ], [ 32.19324, 1.31088 ], [ 32.19307, 1.35955 ], [ 32.24118, 1.38401 ], [ 32.28947, 1.35981 ], [ 32.28964, 1.31114 ], [ 32.24152, 1.28668 ] ] ] } },
{ "type": "Feature", "properties": { "pop": 3334.0 }, "geometry": { "type": "Polygon", "coordinates": [ [ [ 32.24101, 1.43268 ], [ 32.19272, 1.45689 ], [ 32.19255, 1.50556 ], [ 32.24067, 1.53002 ], [ 32.28895, 1.50582 ], [ 32.28912, 1.45715 ], [ 32.24101, 1.43268 ] ] ] } },
{ "type": "Feature", "properties": { "pop": 2169.0 }, "geometry": { "type": "Polygon", "coordinates": [ [ [ 32.2405, 1.5787 ], [ 32.19221, 1.60291 ], [ 32.19204, 1.65159 ], [ 32.24015, 1.67606 ], [ 32.28843, 1.65185 ], [ 32.28861, 1.60317 ], [ 32.2405, 1.5787 ] ] ] } },
{ "type": "Feature", "properties": { "pop": 5301.0 }, "geometry": { "type": "Polygon", "coordinates": [ [ [ 32.23998, 1.72474 ], [ 32.1917, 1.74895 ], [ 32.19153, 1.79764 ], [ 32.23964, 1.82211 ], [ 32.28792, 1.7979 ], [ 32.28809, 1.74921 ], [ 32.23998, 1.72474 ] ] ] } },
{ "type": "Feature", "properties": { "pop": 7282.0 }, "geometry": { "type": "Polygon", "coordinates": [ [ [ 32.23947, 1.8708 ], [ 32.19119, 1.89502 ], [ 32.19102, 1.94371 ], [ 32.23912, 1.96819 ], [ 32.2874, 1.94397 ], [ 32.28757, 1.89528 ], [ 32.23947, 1.8708 ] ] ] } },
{ "type": "Feature", "properties": { "pop": 10571.0 }, "geometry": { "type": "Polygon", "coordinates": [ [ [ 32.23895, 2.01689 ], [ 32.19068, 2.04111 ], [ 32.19051, 2.08981 ], [ 32.23861, 2.11429 ], [ 32.28688, 2.09007 ], [ 32.28705, 2.04137 ], [ 32.23895, 2.01689 ] ] ] } },
{ "type": "Feature", "properties": { "pop": 18663.0 }, "geometry": { "type": "Polygon", "coordinates": [ [ [ 32.23844, 2.16299 ], [ 32.19017, 2.18722 ], [ 32.19, 2.23593 ], [ 32.2381, 2.26041 ], [ 32.28636, 2.23619 ], [ 32.28654, 2.18748 ], [ 32.23844, 2.16299 ] ] ] } },
{ "type": "Feature", "properties": { "pop": 9452.0 }, "geometry": { "type": "Polygon", "coordinates": [ [ [ 32.23792, 2.30913 ], [ 32.18966, 2.33335 ], [ 32.18949, 2.38207 ], [ 32.23758, 2.40656 ], [ 32.28585, 2.38233 ], [ 32.28602, 2.33361 ], [ 32.23792, 2.30913 ] ] ] } },
{ "type": "Feature", "properties": { "pop": 6539.0 }, "geometry": { "type": "Polygon", "coordinates": [ [ [ 32.23741, 2.45528 ], [ 32.18915, 2.47951 ], [ 32.18898, 2.52824 ], [ 32.23707, 2.55273 ], [ 32.28533, 2.5285 ], [ 32.2855, 2.47977 ], [ 32.23741, 2.45528 ] ] ] } },
{ "type": "Feature", "properties": { "pop": 8914.0 }, "geometry": { "type": "Polygon", "coordinates": [ [ [ 32.2369, 2.60146 ], [ 32.18864, 2.6257 ], [ 32.18847, 2.67444 ], [ 32.23655, 2.69893 ], [ 32.28481, 2.6747 ], [ 32.28498, 2.62596 ], [ 32.2369, 2.60146 ] ] ] } },
{ "type": "Feature", "properties": { "pop": 57173.0 }, "geometry": { "type": "Polygon", "coordinates": [ [ [ 32.23638, 2.74767 ], [ 32.18813, 2.77191 ], [ 32.18796, 2.82066 ], [ 32.23604, 2.84516 ], [ 32.28429, 2.82092 ], [ 32.28447, 2.77217 ], [ 32.23638, 2.74767 ] ] ] } },
{ "type": "Feature", "properties": { "pop": 5941.0 }, "geometry": { "type": "Polygon", "coordinates": [ [ [ 32.23587, 2.89391 ], [ 32.18762, 2.91816 ], [ 32.18745, 2.96691 ], [ 32.23553, 2.99142 ], [ 32.28378, 2.96717 ], [ 32.28395, 2.91842 ], [ 32.23587, 2.89391 ] ] ] } },
{ "type": "Feature", "properties": { "pop": 2336.0 }, "geometry": { "type": "Polygon", "coordinates": [ [ [ 32.23535, 3.04018 ], [ 32.18711, 3.06443 ], [ 32.18694, 3.11319 ], [ 32.23501, 3.1377 ], [ 32.28326, 3.11345 ], [ 32.28343, 3.06469 ], [ 32.23535, 3.04018 ] ] ] } },
{ "type": "Feature", "properties": { "pop": 1749.0 }, "geometry": { "type": "Polygon", "coordinates": [ [ [ 32.23484, 3.18647 ], [ 32.1866, 3.21073 ], [ 32.18643, 3.2595 ], [ 32.2345, 3.28402 ], [ 32.28274, 3.25976 ], [ 32.28291, 3.21099 ], [ 32.23484, 3.18647 ] ] ] } },
{ "type": "Feature", "properties": { "pop": 1815.0 }, "geometry": { "type": "Polygon", "coordinates": [ [ [ 32.23433, 3.3328 ], [ 32.18609, 3.35706 ], [ 32.18592, 3.40584 ], [ 32.23398, 3.43037 ], [ 32.28222, 3.4061 ], [ 32.2824, 3.35732 ], [ 32.23433, 3.3328 ] ] ] } },
{ "type": "Feature", "properties": { "pop": 768.0 }, "geometry": { "type": "Polygon", "coordinates": [ [ [ 32.23381, 3.47915 ], [ 32.18558, 3.50342 ], [ 32.18541, 3.55222 ], [ 32.23347, 3.57674 ], [ 32.28171, 3.55248 ], [ 32.28188, 3.50368 ], [ 32.23381, 3.47915 ] ] ] } },
{ "type": "Feature", "properties": { "pop": 575.0 }, "geometry": { "type": "Polygon", "coordinates": [ [ [ 32.2333, 3.62554 ], [ 32.18507, 3.64982 ], [ 32.1849, 3.69862 ], [ 32.23296, 3.72316 ], [ 32.28119, 3.69888 ], [ 32.28136, 3.65008 ], [ 32.2333, 3.62554 ] ] ] } },
{ "type": "Feature", "properties": { "pop": 47.0 }, "geometry": { "type": "Polygon", "coordinates": [ [ [ 32.29725, -0.82859 ], [ 32.24891, -0.80442 ], [ 32.24874, -0.75581 ], [ 32.2969, -0.73137 ], [ 32.34524, -0.75555 ], [ 32.34541, -0.80415 ], [ 32.29725, -0.82859 ] ] ] } },
{ "type": "Feature", "properties": { "pop": 963.0 }, "geometry": { "type": "Polygon", "coordinates": [ [ [ 32.29673, -0.68277 ], [ 32.24839, -0.65859 ], [ 32.24822, -0.60998 ], [ 32.29638, -0.58555 ], [ 32.34472, -0.60972 ], [ 32.34489, -0.65833 ], [ 32.29673, -0.68277 ] ] ] } },
{ "type": "Feature", "properties": { "pop": 2991.0 }, "geometry": { "type": "Polygon", "coordinates": [ [ [ 32.29621, -0.53694 ], [ 32.24788, -0.51276 ], [ 32.24771, -0.46415 ], [ 32.29586, -0.43971 ], [ 32.3442, -0.46389 ], [ 32.34437, -0.5125 ], [ 32.29621, -0.53694 ] ] ] } },
{ "type": "Feature", "properties": { "pop": 10792.0 }, "geometry": { "type": "Polygon", "coordinates": [ [ [ 32.29569, -0.3911 ], [ 32.24736, -0.36692 ], [ 32.24719, -0.31831 ], [ 32.29535, -0.29387 ], [ 32.34367, -0.31805 ], [ 32.34385, -0.36666 ], [ 32.29569, -0.3911 ] ] ] } },
{ "type": "Feature", "properties": { "pop": 2890.0 }, "geometry": { "type": "Polygon", "coordinates": [ [ [ 32.29517, -0.24526 ], [ 32.24685, -0.22108 ], [ 32.24667, -0.17246 ], [ 32.29483, -0.14802 ], [ 32.34315, -0.1722 ], [ 32.34332, -0.22082 ], [ 32.29517, -0.24526 ] ] ] } },
{ "type": "Feature", "properties": { "pop": 1880.0 }, "geometry": { "type": "Polygon", "coordinates": [ [ [ 32.29465, -0.09941 ], [ 32.24633, -0.07523 ], [ 32.24616, -0.02661 ], [ 32.29431, -0.00216 ], [ 32.34263, -0.02634 ], [ 32.3428, -0.07496 ], [ 32.29465, -0.09941 ] ] ] } },
{ "type": "Feature", "properties": { "pop": 12100.0 }, "geometry": { "type": "Polygon", "coordinates": [ [ [ 32.29413, 0.04646 ], [ 32.24582, 0.07064 ], [ 32.24564, 0.11926 ], [ 32.29379, 0.1437 ], [ 32.34211, 0.11952 ], [ 32.34228, 0.0709 ], [ 32.29413, 0.04646 ] ] ] } },
{ "type": "Feature", "properties": { "pop": 33162.0 }, "geometry": { "type": "Polygon", "coordinates": [ [ [ 32.29362, 0.19233 ], [ 32.2453, 0.21651 ], [ 32.24513, 0.26514 ], [ 32.29327, 0.28958 ], [ 32.34158, 0.2654 ], [ 32.34176, 0.21677 ], [ 32.29362, 0.19233 ] ] ] } },
{ "type": "Feature", "properties": { "pop": 19128.0 }, "geometry": { "type": "Polygon", "coordinates": [ [ [ 32.2931, 0.33821 ], [ 32.24479, 0.3624 ], [ 32.24461, 0.41103 ], [ 32.29275, 0.43548 ], [ 32.34106, 0.41129 ], [ 32.34124, 0.36266 ], [ 32.2931, 0.33821 ] ] ] } },
{ "type": "Feature", "properties": { "pop": 20565.0 }, "geometry": { "type": "Polygon", "coordinates": [ [ [ 32.29258, 0.48411 ], [ 32.24427, 0.5083 ], [ 32.2441, 0.55693 ], [ 32.29223, 0.58138 ], [ 32.34054, 0.5572 ], [ 32.34071, 0.50856 ], [ 32.29258, 0.48411 ] ] ] } },
{ "type": "Feature", "properties": { "pop": 20868.0 }, "geometry": { "type": "Polygon", "coordinates": [ [ [ 32.29206, 0.63002 ], [ 32.24376, 0.65421 ], [ 32.24358, 0.70285 ], [ 32.29171, 0.7273 ], [ 32.34002, 0.70311 ], [ 32.34019, 0.65447 ], [ 32.29206, 0.63002 ] ] ] } },
{ "type": "Feature", "properties": { "pop": 9221.0 }, "geometry": { "type": "Polygon", "coordinates": [ [ [ 32.29154, 0.77595 ], [ 32.24324, 0.80014 ], [ 32.24307, 0.84878 ], [ 32.2912, 0.87324 ], [ 32.3395, 0.84905 ], [ 32.33967, 0.8004 ], [ 32.29154, 0.77595 ] ] ] } },
{ "type": "Feature", "properties": { "pop": 1609.0 }, "geometry": { "type": "Polygon", "coordinates": [ [ [ 32.29102, 0.92189 ], [ 32.24273, 0.94608 ], [ 32.24255, 0.99473 ], [ 32.29068, 1.01919 ], [ 32.33898, 0.99499 ], [ 32.33915, 0.94634 ], [ 32.29102, 0.92189 ] ] ] } },
{ "type": "Feature", "properties": { "pop": 2013.0 }, "geometry": { "type": "Polygon", "coordinates": [ [ [ 32.29051, 1.06784 ], [ 32.24221, 1.09204 ], [ 32.24204, 1.1407 ], [ 32.29016, 1.16516 ], [ 32.33845, 1.14096 ], [ 32.33863, 1.0923 ], [ 32.29051, 1.06784 ] ] ] } },
{ "type": "Feature", "properties": { "pop": 1249.0 }, "geometry": { "type": "Polygon", "coordinates": [ [ [ 32.28999, 1.21382 ], [ 32.2417, 1.23802 ], [ 32.24152, 1.28668 ], [ 32.28964, 1.31114 ], [ 32.33793, 1.28694 ], [ 32.33811, 1.23828 ], [ 32.28999, 1.21382 ] ] ] } },
{ "type": "Feature", "properties": { "pop": 7566.0 }, "geometry": { "type": "Polygon", "coordinates": [ [ [ 32.28947, 1.35981 ], [ 32.24118, 1.38401 ], [ 32.24101, 1.43268 ], [ 32.28912, 1.45715 ], [ 32.33741, 1.43294 ], [ 32.33758, 1.38427 ], [ 32.28947, 1.35981 ] ] ] } },
{ "type": "Feature", "properties": { "pop": 2078.0 }, "geometry": { "type": "Polygon", "coordinates": [ [ [ 32.28895, 1.50582 ], [ 32.24067, 1.53002 ], [ 32.2405, 1.5787 ], [ 32.28861, 1.60317 ], [ 32.33689, 1.57896 ], [ 32.33706, 1.53029 ], [ 32.28895, 1.50582 ] ] ] } },
{ "type": "Feature", "properties": { "pop": 5141.0 }, "geometry": { "type": "Polygon", "coordinates": [ [ [ 32.28843, 1.65185 ], [ 32.24015, 1.67606 ], [ 32.23998, 1.72474 ], [ 32.28809, 1.74921 ], [ 32.33637, 1.725 ], [ 32.33654, 1.67632 ], [ 32.28843, 1.65185 ] ] ] } },
{ "type": "Feature", "properties": { "pop": 5635.0 }, "geometry": { "type": "Polygon", "coordinates": [ [ [ 32.28792, 1.7979 ], [ 32.23964, 1.82211 ], [ 32.23947, 1.8708 ], [ 32.28757, 1.89528 ], [ 32.33585, 1.87106 ], [ 32.33602, 1.82237 ], [ 32.28792, 1.7979 ] ] ] } },
{ "type": "Feature", "properties": { "pop": 5715.0 }, "geometry": { "type": "Polygon", "coordinates": [ [ [ 32.2874, 1.94397 ], [ 32.23912, 1.96819 ], [ 32.23895, 2.01689 ], [ 32.28705, 2.04137 ], [ 32.33533, 2.01715 ], [ 32.3355, 1.96845 ], [ 32.2874, 1.94397 ] ] ] } },
{ "type": "Feature", "properties": { "pop": 11765.0 }, "geometry": { "type": "Polygon", "coordinates": [ [ [ 32.28688, 2.09007 ], [ 32.23861, 2.11429 ], [ 32.23844, 2.16299 ], [ 32.28654, 2.18748 ], [ 32.3348, 2.16326 ], [ 32.33498, 2.11455 ], [ 32.28688, 2.09007 ] ] ] } },
{ "type": "Feature", "properties": { "pop": 24682.0 }, "geometry": { "type": "Polygon", "coordinates": [ [ [ 32.28636, 2.23619 ], [ 32.2381, 2.26041 ], [ 32.23792, 2.30913 ], [ 32.28602, 2.33361 ], [ 32.33428, 2.30939 ], [ 32.33446, 2.26067 ], [ 32.28636, 2.23619 ] ] ] } },
{ "type": "Feature", "properties": { "pop": 13924.0 }, "geometry": { "type": "Polygon", "coordinates": [ [ [ 32.28585, 2.38233 ], [ 32.23758, 2.40656 ], [ 32.23741, 2.45528 ], [ 32.2855, 2.47977 ], [ 32.33376, 2.45554 ], [ 32.33394, 2.40682 ], [ 32.28585, 2.38233 ] ] ] } },
{ "type": "Feature", "properties": { "pop": 8734.0 }, "geometry": { "type": "Polygon", "coordinates": [ [ [ 32.28533, 2.5285 ], [ 32.23707, 2.55273 ], [ 32.2369, 2.60146 ], [ 32.28498, 2.62596 ], [ 32.33324, 2.60173 ], [ 32.33342, 2.553 ], [ 32.28533, 2.5285 ] ] ] } },
{ "type": "Feature", "properties": { "pop": 77466.0 }, "geometry": { "type": "Polygon", "coordinates": [ [ [ 32.28481, 2.6747 ], [ 32.23655, 2.69893 ], [ 32.23638, 2.74767 ], [ 32.28447, 2.77217 ], [ 32.33272, 2.74793 ], [ 32.33289, 2.6992 ], [ 32.28481, 2.6747 ] ] ] } },
{ "type": "Feature", "properties": { "pop": 12054.0 }, "geometry": { "type": "Polygon", "coordinates": [ [ [ 32.28429, 2.82092 ], [ 32.23604, 2.84516 ], [ 32.23587, 2.89391 ], [ 32.28395, 2.91842 ], [ 32.3322, 2.89417 ], [ 32.33237, 2.84542 ], [ 32.28429, 2.82092 ] ] ] } },
{ "type": "Feature", "properties": { "pop": 9782.0 }, "geometry": { "type": "Polygon", "coordinates": [ [ [ 32.28378, 2.96717 ], [ 32.23553, 2.99142 ], [ 32.23535, 3.04018 ], [ 32.28343, 3.06469 ], [ 32.33168, 3.04044 ], [ 32.33185, 2.99168 ], [ 32.28378, 2.96717 ] ] ] } },
{ "type": "Feature", "properties": { "pop": 2075.0 }, "geometry": { "type": "Polygon", "coordinates": [ [ [ 32.28326, 3.11345 ], [ 32.23501, 3.1377 ], [ 32.23484, 3.18647 ], [ 32.28291, 3.21099 ], [ 32.33116, 3.18673 ], [ 32.33133, 3.13796 ], [ 32.28326, 3.11345 ] ] ] } },
{ "type": "Feature", "properties": { "pop": 1416.0 }, "geometry": { "type": "Polygon", "coordinates": [ [ [ 32.28274, 3.25976 ], [ 32.2345, 3.28402 ], [ 32.23433, 3.3328 ], [ 32.2824, 3.35732 ], [ 32.33064, 3.33306 ], [ 32.33081, 3.28428 ], [ 32.28274, 3.25976 ] ] ] } },
{ "type": "Feature", "properties": { "pop": 480.0 }, "geometry": { "type": "Polygon", "coordinates": [ [ [ 32.28222, 3.4061 ], [ 32.23398, 3.43037 ], [ 32.23381, 3.47915 ], [ 32.28188, 3.50368 ], [ 32.33012, 3.47942 ], [ 32.33029, 3.43063 ], [ 32.28222, 3.4061 ] ] ] } },
{ "type": "Feature", "properties": { "pop": 519.0 }, "geometry": { "type": "Polygon", "coordinates": [ [ [ 32.28171, 3.55248 ], [ 32.23347, 3.57674 ], [ 32.2333, 3.62554 ], [ 32.28136, 3.65008 ], [ 32.3296, 3.62581 ], [ 32.32977, 3.57701 ], [ 32.28171, 3.55248 ] ] ] } },
{ "type": "Feature", "properties": { "pop": 578.0 }, "geometry": { "type": "Polygon", "coordinates": [ [ [ 32.34524, -0.75555 ], [ 32.2969, -0.73137 ], [ 32.29673, -0.68277 ], [ 32.34489, -0.65833 ], [ 32.39323, -0.6825 ], [ 32.3934, -0.73111 ], [ 32.34524, -0.75555 ] ] ] } },
{ "type": "Feature", "properties": { "pop": 63.0 }, "geometry": { "type": "Polygon", "coordinates": [ [ [ 32.34472, -0.60972 ], [ 32.29638, -0.58555 ], [ 32.29621, -0.53694 ], [ 32.34437, -0.5125 ], [ 32.3927, -0.53667 ], [ 32.39288, -0.58528 ], [ 32.34472, -0.60972 ] ] ] } },
{ "type": "Feature", "properties": { "pop": 2677.0 }, "geometry": { "type": "Polygon", "coordinates": [ [ [ 32.3442, -0.46389 ], [ 32.29586, -0.43971 ], [ 32.29569, -0.3911 ], [ 32.34385, -0.36666 ], [ 32.39218, -0.39084 ], [ 32.39235, -0.43945 ], [ 32.3442, -0.46389 ] ] ] } },
{ "type": "Feature", "properties": { "pop": 2534.0 }, "geometry": { "type": "Polygon", "coordinates": [ [ [ 32.34367, -0.31805 ], [ 32.29535, -0.29387 ], [ 32.29517, -0.24526 ], [ 32.34332, -0.22082 ], [ 32.39165, -0.24499 ], [ 32.39183, -0.29361 ], [ 32.34367, -0.31805 ] ] ] } },
{ "type": "Feature", "properties": { "pop": 10116.0 }, "geometry": { "type": "Polygon", "coordinates": [ [ [ 32.34263, -0.02634 ], [ 32.29431, -0.00216 ], [ 32.29413, 0.04646 ], [ 32.34228, 0.0709 ], [ 32.3906, 0.04672 ], [ 32.39078, -0.0019 ], [ 32.34263, -0.02634 ] ] ] } },
{ "type": "Feature", "properties": { "pop": 20514.0 }, "geometry": { "type": "Polygon", "coordinates": [ [ [ 32.34211, 0.11952 ], [ 32.29379, 0.1437 ], [ 32.29362, 0.19233 ], [ 32.34176, 0.21677 ], [ 32.39007, 0.19259 ], [ 32.39025, 0.14397 ], [ 32.34211, 0.11952 ] ] ] } },
{ "type": "Feature", "properties": { "pop": 21389.0 }, "geometry": { "type": "Polygon", "coordinates": [ [ [ 32.34158, 0.2654 ], [ 32.29327, 0.28958 ], [ 32.2931, 0.33821 ], [ 32.34124, 0.36266 ], [ 32.38955, 0.33848 ], [ 32.38972, 0.28985 ], [ 32.34158, 0.2654 ] ] ] } },
{ "type": "Feature", "properties": { "pop": 35982.0 }, "geometry": { "type": "Polygon", "coordinates": [ [ [ 32.34106, 0.41129 ], [ 32.29275, 0.43548 ], [ 32.29258, 0.48411 ], [ 32.34071, 0.50856 ], [ 32.38902, 0.48437 ], [ 32.3892, 0.43574 ], [ 32.34106, 0.41129 ] ] ] } },
{ "type": "Feature", "properties": { "pop": 33506.0 }, "geometry": { "type": "Polygon", "coordinates": [ [ [ 32.34054, 0.5572 ], [ 32.29223, 0.58138 ], [ 32.29206, 0.63002 ], [ 32.34019, 0.65447 ], [ 32.3885, 0.63029 ], [ 32.38867, 0.58165 ], [ 32.34054, 0.5572 ] ] ] } },
{ "type": "Feature", "properties": { "pop": 14971.0 }, "geometry": { "type": "Polygon", "coordinates": [ [ [ 32.34002, 0.70311 ], [ 32.29171, 0.7273 ], [ 32.29154, 0.77595 ], [ 32.33967, 0.8004 ], [ 32.38797, 0.77621 ], [ 32.38815, 0.72757 ], [ 32.34002, 0.70311 ] ] ] } },
{ "type": "Feature", "properties": { "pop": 7540.0 }, "geometry": { "type": "Polygon", "coordinates": [ [ [ 32.3395, 0.84905 ], [ 32.2912, 0.87324 ], [ 32.29102, 0.92189 ], [ 32.33915, 0.94634 ], [ 32.38745, 0.92215 ], [ 32.38762, 0.8735 ], [ 32.3395, 0.84905 ] ] ] } },
{ "type": "Feature", "properties": { "pop": 1284.0 }, "geometry": { "type": "Polygon", "coordinates": [ [ [ 32.33898, 0.99499 ], [ 32.29068, 1.01919 ], [ 32.29051, 1.06784 ], [ 32.33863, 1.0923 ], [ 32.38692, 1.06811 ], [ 32.3871, 1.01945 ], [ 32.33898, 0.99499 ] ] ] } },
{ "type": "Feature", "properties": { "pop": 1567.0 }, "geometry": { "type": "Polygon", "coordinates": [ [ [ 32.33845, 1.14096 ], [ 32.29016, 1.16516 ], [ 32.28999, 1.21382 ], [ 32.33811, 1.23828 ], [ 32.3864, 1.21408 ], [ 32.38657, 1.16542 ], [ 32.33845, 1.14096 ] ] ] } },
{ "type": "Feature", "properties": { "pop": 3092.0 }, "geometry": { "type": "Polygon", "coordinates": [ [ [ 32.33793, 1.28694 ], [ 32.28964, 1.31114 ], [ 32.28947, 1.35981 ], [ 32.33758, 1.38427 ], [ 32.38587, 1.36007 ], [ 32.38605, 1.31141 ], [ 32.33793, 1.28694 ] ] ] } },
{ "type": "Feature", "properties": { "pop": 3829.0 }, "geometry": { "type": "Polygon", "coordinates": [ [ [ 32.33741, 1.43294 ], [ 32.28912, 1.45715 ], [ 32.28895, 1.50582 ], [ 32.33706, 1.53029 ], [ 32.38535, 1.50608 ], [ 32.38552, 1.45741 ], [ 32.33741, 1.43294 ] ] ] } },
{ "type": "Feature", "properties": { "pop": 4802.0 }, "geometry": { "type": "Polygon", "coordinates": [ [ [ 32.33689, 1.57896 ], [ 32.28861, 1.60317 ], [ 32.28843, 1.65185 ], [ 32.33654, 1.67632 ], [ 32.38482, 1.65211 ], [ 32.385, 1.60343 ], [ 32.33689, 1.57896 ] ] ] } },
{ "type": "Feature", "properties": { "pop": 6202.0 }, "geometry": { "type": "Polygon", "coordinates": [ [ [ 32.33637, 1.725 ], [ 32.28809, 1.74921 ], [ 32.28792, 1.7979 ], [ 32.33602, 1.82237 ], [ 32.3843, 1.79816 ], [ 32.38447, 1.74948 ], [ 32.33637, 1.725 ] ] ] } },
{ "type": "Feature", "properties": { "pop": 5664.0 }, "geometry": { "type": "Polygon", "coordinates": [ [ [ 32.33585, 1.87106 ], [ 32.28757, 1.89528 ], [ 32.2874, 1.94397 ], [ 32.3355, 1.96845 ], [ 32.38377, 1.94424 ], [ 32.38395, 1.89554 ], [ 32.33585, 1.87106 ] ] ] } },
{ "type": "Feature", "properties": { "pop": 10256.0 }, "geometry": { "type": "Polygon", "coordinates": [ [ [ 32.33533, 2.01715 ], [ 32.28705, 2.04137 ], [ 32.28688, 2.09007 ], [ 32.33498, 2.11455 ], [ 32.38325, 2.09033 ], [ 32.38342, 2.04163 ], [ 32.33533, 2.01715 ] ] ] } },
{ "type": "Feature", "properties": { "pop": 30381.0 }, "geometry": { "type": "Polygon", "coordinates": [ [ [ 32.3348, 2.16326 ], [ 32.28654, 2.18748 ], [ 32.28636, 2.23619 ], [ 32.33446, 2.26067 ], [ 32.38273, 2.23645 ], [ 32.3829, 2.18774 ], [ 32.3348, 2.16326 ] ] ] } },
{ "type": "Feature", "properties": { "pop": 13479.0 }, "geometry": { "type": "Polygon", "coordinates": [ [ [ 32.33428, 2.30939 ], [ 32.28602, 2.33361 ], [ 32.28585, 2.38233 ], [ 32.33394, 2.40682 ], [ 32.3822, 2.38259 ], [ 32.38238, 2.33388 ], [ 32.33428, 2.30939 ] ] ] } },
{ "type": "Feature", "properties": { "pop": 13650.0 }, "geometry": { "type": "Polygon", "coordinates": [ [ [ 32.33376, 2.45554 ], [ 32.2855, 2.47977 ], [ 32.28533, 2.5285 ], [ 32.33342, 2.553 ], [ 32.38168, 2.52876 ], [ 32.38185, 2.48004 ], [ 32.33376, 2.45554 ] ] ] } },
{ "type": "Feature", "properties": { "pop": 13166.0 }, "geometry": { "type": "Polygon", "coordinates": [ [ [ 32.33324, 2.60173 ], [ 32.28498, 2.62596 ], [ 32.28481, 2.6747 ], [ 32.33289, 2.6992 ], [ 32.38115, 2.67496 ], [ 32.38133, 2.62622 ], [ 32.33324, 2.60173 ] ] ] } },
{ "type": "Feature", "properties": { "pop": 118274.0 }, "geometry": { "type": "Polygon", "coordinates": [ [ [ 32.33272, 2.74793 ], [ 32.28447, 2.77217 ], [ 32.28429, 2.82092 ], [ 32.33237, 2.84542 ], [ 32.38063, 2.82118 ], [ 32.3808, 2.77244 ], [ 32.33272, 2.74793 ] ] ] } },
{ "type": "Feature", "properties": { "pop": 8076.0 }, "geometry": { "type": "Polygon", "coordinates": [ [ [ 32.3322, 2.89417 ], [ 32.28395, 2.91842 ], [ 32.28378, 2.96717 ], [ 32.33185, 2.99168 ], [ 32.3801, 2.96743 ], [ 32.38028, 2.91868 ], [ 32.3322, 2.89417 ] ] ] } },
{ "type": "Feature", "properties": { "pop": 5811.0 }, "geometry": { "type": "Polygon", "coordinates": [ [ [ 32.33168, 3.04044 ], [ 32.28343, 3.06469 ], [ 32.28326, 3.11345 ], [ 32.33133, 3.13796 ], [ 32.37958, 3.11371 ], [ 32.37976, 3.06495 ], [ 32.33168, 3.04044 ] ] ] } },
{ "type": "Feature", "properties": { "pop": 2556.0 }, "geometry": { "type": "Polygon", "coordinates": [ [ [ 32.33116, 3.18673 ], [ 32.28291, 3.21099 ], [ 32.28274, 3.25976 ], [ 32.33081, 3.28428 ], [ 32.37906, 3.26002 ], [ 32.37923, 3.21125 ], [ 32.33116, 3.18673 ] ] ] } },
{ "type": "Feature", "properties": { "pop": 488.0 }, "geometry": { "type": "Polygon", "coordinates": [ [ [ 32.33064, 3.33306 ], [ 32.2824, 3.35732 ], [ 32.28222, 3.4061 ], [ 32.33029, 3.43063 ], [ 32.37853, 3.40637 ], [ 32.37871, 3.35758 ], [ 32.33064, 3.33306 ] ] ] } },
{ "type": "Feature", "properties": { "pop": 379.0 }, "geometry": { "type": "Polygon", "coordinates": [ [ [ 32.33012, 3.47942 ], [ 32.28188, 3.50368 ], [ 32.28171, 3.55248 ], [ 32.32977, 3.57701 ], [ 32.37801, 3.55274 ], [ 32.37818, 3.50394 ], [ 32.33012, 3.47942 ] ] ] } },
{ "type": "Feature", "properties": { "pop": 1430.0 }, "geometry": { "type": "Polygon", "coordinates": [ [ [ 32.3296, 3.62581 ], [ 32.28136, 3.65008 ], [ 32.28119, 3.69888 ], [ 32.32925, 3.72342 ], [ 32.37749, 3.69915 ], [ 32.37766, 3.65034 ], [ 32.3296, 3.62581 ] ] ] } },
{ "type": "Feature", "properties": { "pop": 666.0 }, "geometry": { "type": "Polygon", "coordinates": [ [ [ 32.39323, -0.6825 ], [ 32.34489, -0.65833 ], [ 32.34472, -0.60972 ], [ 32.39288, -0.58528 ], [ 32.44121, -0.60946 ], [ 32.44139, -0.65807 ], [ 32.39323, -0.6825 ] ] ] } },
{ "type": "Feature", "properties": { "pop": 2336.0 }, "geometry": { "type": "Polygon", "coordinates": [ [ [ 32.39218, -0.39084 ], [ 32.34385, -0.36666 ], [ 32.34367, -0.31805 ], [ 32.39183, -0.29361 ], [ 32.44016, -0.31778 ], [ 32.44033, -0.3664 ], [ 32.39218, -0.39084 ] ] ] } },
{ "type": "Feature", "properties": { "pop": 30.0 }, "geometry": { "type": "Polygon", "coordinates": [ [ [ 32.39165, -0.24499 ], [ 32.34332, -0.22082 ], [ 32.34315, -0.1722 ], [ 32.3913, -0.14776 ], [ 32.43963, -0.17194 ], [ 32.4398, -0.22055 ], [ 32.39165, -0.24499 ] ] ] } },
{ "type": "Feature", "properties": { "pop": 221.0 }, "geometry": { "type": "Polygon", "coordinates": [ [ [ 32.39113, -0.09914 ], [ 32.3428, -0.07496 ], [ 32.34263, -0.02634 ], [ 32.39078, -0.0019 ], [ 32.4391, -0.02608 ], [ 32.43927, -0.0747 ], [ 32.39113, -0.09914 ] ] ] } },
{ "type": "Feature", "properties": { "pop": 12601.0 }, "geometry": { "type": "Polygon", "coordinates": [ [ [ 32.3906, 0.04672 ], [ 32.34228, 0.0709 ], [ 32.34211, 0.11952 ], [ 32.39025, 0.14397 ], [ 32.43857, 0.11979 ], [ 32.43875, 0.07116 ], [ 32.3906, 0.04672 ] ] ] } },
{ "type": "Feature", "properties": { "pop": 32742.0 }, "geometry": { "type": "Polygon", "coordinates": [ [ [ 32.39007, 0.19259 ], [ 32.34176, 0.21677 ], [ 32.34158, 0.2654 ], [ 32.38972, 0.28985 ], [ 32.43804, 0.26567 ], [ 32.43822, 0.21704 ], [ 32.39007, 0.19259 ] ] ] } },
{ "type": "Feature", "properties": { "pop": 50814.0 }, "geometry": { "type": "Polygon", "coordinates": [ [ [ 32.38955, 0.33848 ], [ 32.34124, 0.36266 ], [ 32.34106, 0.41129 ], [ 32.3892, 0.43574 ], [ 32.43751, 0.41156 ], [ 32.43769, 0.36293 ], [ 32.38955, 0.33848 ] ] ] } },
{ "type": "Feature", "properties": { "pop": 29508.0 }, "geometry": { "type": "Polygon", "coordinates": [ [ [ 32.38902, 0.48437 ], [ 32.34071, 0.50856 ], [ 32.34054, 0.5572 ], [ 32.38867, 0.58165 ], [ 32.43698, 0.55746 ], [ 32.43716, 0.50882 ], [ 32.38902, 0.48437 ] ] ] } },
{ "type": "Feature", "properties": { "pop": 19484.0 }, "geometry": { "type": "Polygon", "coordinates": [ [ [ 32.3885, 0.63029 ], [ 32.34019, 0.65447 ], [ 32.34002, 0.70311 ], [ 32.38815, 0.72757 ], [ 32.43645, 0.70338 ], [ 32.43663, 0.65474 ], [ 32.3885, 0.63029 ] ] ] } },
{ "type": "Feature", "properties": { "pop": 23447.0 }, "geometry": { "type": "Polygon", "coordinates": [ [ [ 32.38797, 0.77621 ], [ 32.33967, 0.8004 ], [ 32.3395, 0.84905 ], [ 32.38762, 0.8735 ], [ 32.43592, 0.84931 ], [ 32.4361, 0.80067 ], [ 32.38797, 0.77621 ] ] ] } },
{ "type": "Feature", "properties": { "pop": 4373.0 }, "geometry": { "type": "Polygon", "coordinates": [ [ [ 32.38745, 0.92215 ], [ 32.33915, 0.94634 ], [ 32.33898, 0.99499 ], [ 32.3871, 1.01945 ], [ 32.4354, 0.99526 ], [ 32.43557, 0.94661 ], [ 32.38745, 0.92215 ] ] ] } },
{ "type": "Feature", "properties": { "pop": 3539.0 }, "geometry": { "type": "Polygon", "coordinates": [ [ [ 32.38692, 1.06811 ], [ 32.33863, 1.0923 ], [ 32.33845, 1.14096 ], [ 32.38657, 1.16542 ], [ 32.43487, 1.14122 ], [ 32.43504, 1.09257 ], [ 32.38692, 1.06811 ] ] ] } },
{ "type": "Feature", "properties": { "pop": 2372.0 }, "geometry": { "type": "Polygon", "coordinates": [ [ [ 32.3864, 1.21408 ], [ 32.33811, 1.23828 ], [ 32.33793, 1.28694 ], [ 32.38605, 1.31141 ], [ 32.43434, 1.28721 ], [ 32.43452, 1.23854 ], [ 32.3864, 1.21408 ] ] ] } },
{ "type": "Feature", "properties": { "pop": 2609.0 }, "geometry": { "type": "Polygon", "coordinates": [ [ [ 32.38587, 1.36007 ], [ 32.33758, 1.38427 ], [ 32.33741, 1.43294 ], [ 32.38552, 1.45741 ], [ 32.43381, 1.43321 ], [ 32.43399, 1.38454 ], [ 32.38587, 1.36007 ] ] ] } },
{ "type": "Feature", "properties": { "pop": 7090.0 }, "geometry": { "type": "Polygon", "coordinates": [ [ [ 32.38535, 1.50608 ], [ 32.33706, 1.53029 ], [ 32.33689, 1.57896 ], [ 32.385, 1.60343 ], [ 32.43328, 1.57923 ], [ 32.43346, 1.53055 ], [ 32.38535, 1.50608 ] ] ] } },
{ "type": "Feature", "properties": { "pop": 6747.0 }, "geometry": { "type": "Polygon", "coordinates": [ [ [ 32.38482, 1.65211 ], [ 32.33654, 1.67632 ], [ 32.33637, 1.725 ], [ 32.38447, 1.74948 ], [ 32.43275, 1.72527 ], [ 32.43293, 1.67658 ], [ 32.38482, 1.65211 ] ] ] } },
{ "type": "Feature", "properties": { "pop": 10369.0 }, "geometry": { "type": "Polygon", "coordinates": [ [ [ 32.3843, 1.79816 ], [ 32.33602, 1.82237 ], [ 32.33585, 1.87106 ], [ 32.38395, 1.89554 ], [ 32.43223, 1.87133 ], [ 32.4324, 1.82264 ], [ 32.3843, 1.79816 ] ] ] } },
{ "type": "Feature", "properties": { "pop": 10326.0 }, "geometry": { "type": "Polygon", "coordinates": [ [ [ 32.38377, 1.94424 ], [ 32.3355, 1.96845 ], [ 32.33533, 2.01715 ], [ 32.38342, 2.04163 ], [ 32.4317, 2.01741 ], [ 32.43187, 1.96872 ], [ 32.38377, 1.94424 ] ] ] } },
{ "type": "Feature", "properties": { "pop": 9468.0 }, "geometry": { "type": "Polygon", "coordinates": [ [ [ 32.38325, 2.09033 ], [ 32.33498, 2.11455 ], [ 32.3348, 2.16326 ], [ 32.3829, 2.18774 ], [ 32.43117, 2.16352 ], [ 32.43135, 2.11482 ], [ 32.38325, 2.09033 ] ] ] } },
{ "type": "Feature", "properties": { "pop": 16952.0 }, "geometry": { "type": "Polygon", "coordinates": [ [ [ 32.38273, 2.23645 ], [ 32.33446, 2.26067 ], [ 32.33428, 2.30939 ], [ 32.38238, 2.33388 ], [ 32.43064, 2.30965 ], [ 32.43082, 2.26094 ], [ 32.38273, 2.23645 ] ] ] } },
{ "type": "Feature", "properties": { "pop": 24689.0 }, "geometry": { "type": "Polygon", "coordinates": [ [ [ 32.3822, 2.38259 ], [ 32.33394, 2.40682 ], [ 32.33376, 2.45554 ], [ 32.38185, 2.48004 ], [ 32.43012, 2.45581 ], [ 32.43029, 2.40709 ], [ 32.3822, 2.38259 ] ] ] } },
{ "type": "Feature", "properties": { "pop": 15356.0 }, "geometry": { "type": "Polygon", "coordinates": [ [ [ 32.38168, 2.52876 ], [ 32.33342, 2.553 ], [ 32.33324, 2.60173 ], [ 32.38133, 2.62622 ], [ 32.42959, 2.60199 ], [ 32.42976, 2.55326 ], [ 32.38168, 2.52876 ] ] ] } },
{ "type": "Feature", "properties": { "pop": 15025.0 }, "geometry": { "type": "Polygon", "coordinates": [ [ [ 32.38115, 2.67496 ], [ 32.33289, 2.6992 ], [ 32.33272, 2.74793 ], [ 32.3808, 2.77244 ], [ 32.42906, 2.7482 ], [ 32.42924, 2.69946 ], [ 32.38115, 2.67496 ] ] ] } },
{ "type": "Feature", "properties": { "pop": 8965.0 }, "geometry": { "type": "Polygon", "coordinates": [ [ [ 32.38063, 2.82118 ], [ 32.33237, 2.84542 ], [ 32.3322, 2.89417 ], [ 32.38028, 2.91868 ], [ 32.42853, 2.89444 ], [ 32.42871, 2.84569 ], [ 32.38063, 2.82118 ] ] ] } },
{ "type": "Feature", "properties": { "pop": 6433.0 }, "geometry": { "type": "Polygon", "coordinates": [ [ [ 32.3801, 2.96743 ], [ 32.33185, 2.99168 ], [ 32.33168, 3.04044 ], [ 32.37976, 3.06495 ], [ 32.428, 3.0407 ], [ 32.42818, 2.99194 ], [ 32.3801, 2.96743 ] ] ] } },
{ "type": "Feature", "properties": { "pop": 2439.0 }, "geometry": { "type": "Polygon", "coordinates": [ [ [ 32.37958, 3.11371 ], [ 32.33133, 3.13796 ], [ 32.33116, 3.18673 ], [ 32.37923, 3.21125 ], [ 32.42748, 3.187 ], [ 32.42765, 3.13823 ], [ 32.37958, 3.11371 ] ] ] } },
{ "type": "Feature", "properties": { "pop": 1727.0 }, "geometry": { "type": "Polygon", "coordinates": [ [ [ 32.37906, 3.26002 ], [ 32.33081, 3.28428 ], [ 32.33064, 3.33306 ], [ 32.37871, 3.35758 ], [ 32.42695, 3.33332 ], [ 32.42713, 3.28455 ], [ 32.37906, 3.26002 ] ] ] } },
{ "type": "Feature", "properties": { "pop": 586.0 }, "geometry": { "type": "Polygon", "coordinates": [ [ [ 32.37853, 3.40637 ], [ 32.33029, 3.43063 ], [ 32.33012, 3.47942 ], [ 32.37818, 3.50394 ], [ 32.42642, 3.47968 ], [ 32.4266, 3.43089 ], [ 32.37853, 3.40637 ] ] ] } },
{ "type": "Feature", "properties": { "pop": 616.0 }, "geometry": { "type": "Polygon", "coordinates": [ [ [ 32.37801, 3.55274 ], [ 32.32977, 3.57701 ], [ 32.3296, 3.62581 ], [ 32.37766, 3.65034 ], [ 32.4259, 3.62607 ], [ 32.42607, 3.57727 ], [ 32.37801, 3.55274 ] ] ] } },
{ "type": "Feature", "properties": { "pop": 811.0 }, "geometry": { "type": "Polygon", "coordinates": [ [ [ 32.37749, 3.69915 ], [ 32.32925, 3.72342 ], [ 32.32908, 3.77223 ], [ 32.37714, 3.79677 ], [ 32.42537, 3.7725 ], [ 32.42554, 3.72368 ], [ 32.37749, 3.69915 ] ] ] } },
{ "type": "Feature", "properties": { "pop": 1333.0 }, "geometry": { "type": "Polygon", "coordinates": [ [ [ 32.44069, -0.46362 ], [ 32.39235, -0.43945 ], [ 32.39218, -0.39084 ], [ 32.44033, -0.3664 ], [ 32.48866, -0.39057 ], [ 32.48884, -0.43918 ], [ 32.44069, -0.46362 ] ] ] } },
{ "type": "Feature", "properties": { "pop": 459.0 }, "geometry": { "type": "Polygon", "coordinates": [ [ [ 32.44016, -0.31778 ], [ 32.39183, -0.29361 ], [ 32.39165, -0.24499 ], [ 32.4398, -0.22055 ], [ 32.48813, -0.24473 ], [ 32.48831, -0.29334 ], [ 32.44016, -0.31778 ] ] ] } },
{ "type": "Feature", "properties": { "pop": 49872.0 }, "geometry": { "type": "Polygon", "coordinates": [ [ [ 32.4391, -0.02608 ], [ 32.39078, -0.0019 ], [ 32.3906, 0.04672 ], [ 32.43875, 0.07116 ], [ 32.48707, 0.04699 ], [ 32.48724, -0.00164 ], [ 32.4391, -0.02608 ] ] ] } },
{ "type": "Feature", "properties": { "pop": 38932.0 }, "geometry": { "type": "Polygon", "coordinates": [ [ [ 32.43857, 0.11979 ], [ 32.39025, 0.14397 ], [ 32.39007, 0.19259 ], [ 32.43822, 0.21704 ], [ 32.48653, 0.19286 ], [ 32.48671, 0.14423 ], [ 32.43857, 0.11979 ] ] ] } },
{ "type": "Feature", "properties": { "pop": 154541.0 }, "geometry": { "type": "Polygon", "coordinates": [ [ [ 32.43804, 0.26567 ], [ 32.38972, 0.28985 ], [ 32.38955, 0.33848 ], [ 32.43769, 0.36293 ], [ 32.486, 0.33874 ], [ 32.48618, 0.29011 ], [ 32.43804, 0.26567 ] ] ] } },
{ "type": "Feature", "properties": { "pop": 41447.0 }, "geometry": { "type": "Polygon", "coordinates": [ [ [ 32.43751, 0.41156 ], [ 32.3892, 0.43574 ], [ 32.38902, 0.48437 ], [ 32.43716, 0.50882 ], [ 32.48547, 0.48464 ], [ 32.48565, 0.43601 ], [ 32.43751, 0.41156 ] ] ] } },
{ "type": "Feature", "properties": { "pop": 20418.0 }, "geometry": { "type": "Polygon", "coordinates": [ [ [ 32.43698, 0.55746 ], [ 32.38867, 0.58165 ], [ 32.3885, 0.63029 ], [ 32.43663, 0.65474 ], [ 32.48494, 0.63055 ], [ 32.48511, 0.58191 ], [ 32.43698, 0.55746 ] ] ] } },
{ "type": "Feature", "properties": { "pop": 24965.0 }, "geometry": { "type": "Polygon", "coordinates": [ [ [ 32.43645, 0.70338 ], [ 32.38815, 0.72757 ], [ 32.38797, 0.77621 ], [ 32.4361, 0.80067 ], [ 32.4844, 0.77648 ], [ 32.48458, 0.72783 ], [ 32.43645, 0.70338 ] ] ] } },
{ "type": "Feature", "properties": { "pop": 13075.0 }, "geometry": { "type": "Polygon", "coordinates": [ [ [ 32.43592, 0.84931 ], [ 32.38762, 0.8735 ], [ 32.38745, 0.92215 ], [ 32.43557, 0.94661 ], [ 32.48387, 0.92242 ], [ 32.48405, 0.87377 ], [ 32.43592, 0.84931 ] ] ] } },
{ "type": "Feature", "properties": { "pop": 9419.0 }, "geometry": { "type": "Polygon", "coordinates": [ [ [ 32.4354, 0.99526 ], [ 32.3871, 1.01945 ], [ 32.38692, 1.06811 ], [ 32.43504, 1.09257 ], [ 32.48334, 1.06837 ], [ 32.48352, 1.01972 ], [ 32.4354, 0.99526 ] ] ] } },
{ "type": "Feature", "properties": { "pop": 6285.0 }, "geometry": { "type": "Polygon", "coordinates": [ [ [ 32.43487, 1.14122 ], [ 32.38657, 1.16542 ], [ 32.3864, 1.21408 ], [ 32.43452, 1.23854 ], [ 32.48281, 1.21435 ], [ 32.48299, 1.16569 ], [ 32.43487, 1.14122 ] ] ] } },
{ "type": "Feature", "properties": { "pop": 13033.0 }, "geometry": { "type": "Polygon", "coordinates": [ [ [ 32.43434, 1.28721 ], [ 32.38605, 1.31141 ], [ 32.38587, 1.36007 ], [ 32.43399, 1.38454 ], [ 32.48228, 1.36034 ], [ 32.48245, 1.31167 ], [ 32.43434, 1.28721 ] ] ] } },
{ "type": "Feature", "properties": { "pop": 12073.0 }, "geometry": { "type": "Polygon", "coordinates": [ [ [ 32.43381, 1.43321 ], [ 32.38552, 1.45741 ], [ 32.38535, 1.50608 ], [ 32.43346, 1.53055 ], [ 32.48175, 1.50635 ], [ 32.48192, 1.45768 ], [ 32.43381, 1.43321 ] ] ] } },
{ "type": "Feature", "properties": { "pop": 1484.0 }, "geometry": { "type": "Polygon", "coordinates": [ [ [ 32.43328, 1.57923 ], [ 32.385, 1.60343 ], [ 32.38482, 1.65211 ], [ 32.43293, 1.67658 ], [ 32.48121, 1.65238 ], [ 32.48139, 1.6037 ], [ 32.43328, 1.57923 ] ] ] } },
{ "type": "Feature", "properties": { "pop": 5449.0 }, "geometry": { "type": "Polygon", "coordinates": [ [ [ 32.43275, 1.72527 ], [ 32.38447, 1.74948 ], [ 32.3843, 1.79816 ], [ 32.4324, 1.82264 ], [ 32.48068, 1.79843 ], [ 32.48086, 1.74974 ], [ 32.43275, 1.72527 ] ] ] } },
{ "type": "Feature", "properties": { "pop": 13868.0 }, "geometry": { "type": "Polygon", "coordinates": [ [ [ 32.43223, 1.87133 ], [ 32.38395, 1.89554 ], [ 32.38377, 1.94424 ], [ 32.43187, 1.96872 ], [ 32.48015, 1.9445 ], [ 32.48033, 1.89581 ], [ 32.43223, 1.87133 ] ] ] } },
{ "type": "Feature", "properties": { "pop": 13004.0 }, "geometry": { "type": "Polygon", "coordinates": [ [ [ 32.4317, 2.01741 ], [ 32.38342, 2.04163 ], [ 32.38325, 2.09033 ], [ 32.43135, 2.11482 ], [ 32.47962, 2.0906 ], [ 32.4798, 2.0419 ], [ 32.4317, 2.01741 ] ] ] } },
{ "type": "Feature", "properties": { "pop": 15845.0 }, "geometry": { "type": "Polygon", "coordinates": [ [ [ 32.43117, 2.16352 ], [ 32.3829, 2.18774 ], [ 32.38273, 2.23645 ], [ 32.43082, 2.26094 ], [ 32.47909, 2.23672 ], [ 32.47927, 2.18801 ], [ 32.43117, 2.16352 ] ] ] } },
{ "type": "Feature", "properties": { "pop": 15717.0 }, "geometry": { "type": "Polygon", "coordinates": [ [ [ 32.43064, 2.30965 ], [ 32.38238, 2.33388 ], [ 32.3822, 2.38259 ], [ 32.43029, 2.40709 ], [ 32.47856, 2.38286 ], [ 32.47873, 2.33414 ], [ 32.43064, 2.30965 ] ] ] } },
{ "type": "Feature", "properties": { "pop": 15819.0 }, "geometry": { "type": "Polygon", "coordinates": [ [ [ 32.43012, 2.45581 ], [ 32.38185, 2.48004 ], [ 32.38168, 2.52876 ], [ 32.42976, 2.55326 ], [ 32.47803, 2.52903 ], [ 32.4782, 2.4803 ], [ 32.43012, 2.45581 ] ] ] } },
{ "type": "Feature", "properties": { "pop": 11692.0 }, "geometry": { "type": "Polygon", "coordinates": [ [ [ 32.42959, 2.60199 ], [ 32.38133, 2.62622 ], [ 32.38115, 2.67496 ], [ 32.42924, 2.69946 ], [ 32.47749, 2.67523 ], [ 32.47767, 2.62649 ], [ 32.42959, 2.60199 ] ] ] } },
{ "type": "Feature", "properties": { "pop": 8035.0 }, "geometry": { "type": "Polygon", "coordinates": [ [ [ 32.42906, 2.7482 ], [ 32.3808, 2.77244 ], [ 32.38063, 2.82118 ], [ 32.42871, 2.84569 ], [ 32.47696, 2.82145 ], [ 32.47714, 2.7727 ], [ 32.42906, 2.7482 ] ] ] } },
{ "type": "Feature", "properties": { "pop": 12855.0 }, "geometry": { "type": "Polygon", "coordinates": [ [ [ 32.42853, 2.89444 ], [ 32.38028, 2.91868 ], [ 32.3801, 2.96743 ], [ 32.42818, 2.99194 ], [ 32.47643, 2.9677 ], [ 32.47661, 2.91895 ], [ 32.42853, 2.89444 ] ] ] } },
{ "type": "Feature", "properties": { "pop": 2487.0 }, "geometry": { "type": "Polygon", "coordinates": [ [ [ 32.428, 3.0407 ], [ 32.37976, 3.06495 ], [ 32.37958, 3.11371 ], [ 32.42765, 3.13823 ], [ 32.4759, 3.11398 ], [ 32.47608, 3.06522 ], [ 32.428, 3.0407 ] ] ] } },
{ "type": "Feature", "properties": { "pop": 1722.0 }, "geometry": { "type": "Polygon", "coordinates": [ [ [ 32.42748, 3.187 ], [ 32.37923, 3.21125 ], [ 32.37906, 3.26002 ], [ 32.42713, 3.28455 ], [ 32.47537, 3.26029 ], [ 32.47555, 3.21152 ], [ 32.42748, 3.187 ] ] ] } },
{ "type": "Feature", "properties": { "pop": 1696.0 }, "geometry": { "type": "Polygon", "coordinates": [ [ [ 32.42695, 3.33332 ], [ 32.37871, 3.35758 ], [ 32.37853, 3.40637 ], [ 32.4266, 3.43089 ], [ 32.47484, 3.40663 ], [ 32.47502, 3.35785 ], [ 32.42695, 3.33332 ] ] ] } },
{ "type": "Feature", "properties": { "pop": 433.0 }, "geometry": { "type": "Polygon", "coordinates": [ [ [ 32.42642, 3.47968 ], [ 32.37818, 3.50394 ], [ 32.37801, 3.55274 ], [ 32.42607, 3.57727 ], [ 32.47431, 3.55301 ], [ 32.47449, 3.50421 ], [ 32.42642, 3.47968 ] ] ] } },
{ "type": "Feature", "properties": { "pop": 589.0 }, "geometry": { "type": "Polygon", "coordinates": [ [ [ 32.4259, 3.62607 ], [ 32.37766, 3.65034 ], [ 32.37749, 3.69915 ], [ 32.42554, 3.72368 ], [ 32.47378, 3.69941 ], [ 32.47396, 3.65061 ], [ 32.4259, 3.62607 ] ] ] } },
{ "type": "Feature", "properties": { "pop": 2145.0 }, "geometry": { "type": "Polygon", "coordinates": [ [ [ 32.4892, -0.53641 ], [ 32.44086, -0.51224 ], [ 32.44069, -0.46362 ], [ 32.48884, -0.43918 ], [ 32.53717, -0.46336 ], [ 32.53735, -0.51197 ], [ 32.4892, -0.53641 ] ] ] } },
{ "type": "Feature", "properties": { "pop": 2346.0 }, "geometry": { "type": "Polygon", "coordinates": [ [ [ 32.48866, -0.39057 ], [ 32.44033, -0.3664 ], [ 32.44016, -0.31778 ], [ 32.48831, -0.29334 ], [ 32.53664, -0.31752 ], [ 32.53682, -0.36613 ], [ 32.48866, -0.39057 ] ] ] } },
{ "type": "Feature", "properties": { "pop": 157565.0 }, "geometry": { "type": "Polygon", "coordinates": [ [ [ 32.48707, 0.04699 ], [ 32.43875, 0.07116 ], [ 32.43857, 0.11979 ], [ 32.48671, 0.14423 ], [ 32.53503, 0.12006 ], [ 32.53521, 0.07143 ], [ 32.48707, 0.04699 ] ] ] } },
{ "type": "Feature", "properties": { "pop": 162886.0 }, "geometry": { "type": "Polygon", "coordinates": [ [ [ 32.48653, 0.19286 ], [ 32.43822, 0.21704 ], [ 32.43804, 0.26567 ], [ 32.48618, 0.29011 ], [ 32.5345, 0.26594 ], [ 32.53467, 0.21731 ], [ 32.48653, 0.19286 ] ] ] } },
{ "type": "Feature", "properties": { "pop": 284263.0 }, "geometry": { "type": "Polygon", "coordinates": [ [ [ 32.486, 0.33874 ], [ 32.43769, 0.36293 ], [ 32.43751, 0.41156 ], [ 32.48565, 0.43601 ], [ 32.53396, 0.41183 ], [ 32.53414, 0.36319 ], [ 32.486, 0.33874 ] ] ] } },
{ "type": "Feature", "properties": { "pop": 37533.0 }, "geometry": { "type": "Polygon", "coordinates": [ [ [ 32.48547, 0.48464 ], [ 32.43716, 0.50882 ], [ 32.43698, 0.55746 ], [ 32.48511, 0.58191 ], [ 32.53342, 0.55773 ], [ 32.5336, 0.50909 ], [ 32.48547, 0.48464 ] ] ] } },
{ "type": "Feature", "properties": { "pop": 29658.0 }, "geometry": { "type": "Polygon", "coordinates": [ [ [ 32.48494, 0.63055 ], [ 32.43663, 0.65474 ], [ 32.43645, 0.70338 ], [ 32.48458, 0.72783 ], [ 32.53289, 0.70365 ], [ 32.53307, 0.65501 ], [ 32.48494, 0.63055 ] ] ] } },
{ "type": "Feature", "properties": { "pop": 68833.0 }, "geometry": { "type": "Polygon", "coordinates": [ [ [ 32.4844, 0.77648 ], [ 32.4361, 0.80067 ], [ 32.43592, 0.84931 ], [ 32.48405, 0.87377 ], [ 32.53235, 0.84958 ], [ 32.53253, 0.80093 ], [ 32.4844, 0.77648 ] ] ] } },
{ "type": "Feature", "properties": { "pop": 11321.0 }, "geometry": { "type": "Polygon", "coordinates": [ [ [ 32.48387, 0.92242 ], [ 32.43557, 0.94661 ], [ 32.4354, 0.99526 ], [ 32.48352, 1.01972 ], [ 32.53182, 0.99553 ], [ 32.532, 0.94688 ], [ 32.48387, 0.92242 ] ] ] } },
{ "type": "Feature", "properties": { "pop": 7383.0 }, "geometry": { "type": "Polygon", "coordinates": [ [ [ 32.48334, 1.06837 ], [ 32.43504, 1.09257 ], [ 32.43487, 1.14122 ], [ 32.48299, 1.16569 ], [ 32.53128, 1.14149 ], [ 32.53146, 1.09284 ], [ 32.48334, 1.06837 ] ] ] } },
{ "type": "Feature", "properties": { "pop": 8363.0 }, "geometry": { "type": "Polygon", "coordinates": [ [ [ 32.48281, 1.21435 ], [ 32.43452, 1.23854 ], [ 32.43434, 1.28721 ], [ 32.48245, 1.31167 ], [ 32.53075, 1.28747 ], [ 32.53093, 1.23881 ], [ 32.48281, 1.21435 ] ] ] } },
{ "type": "Feature", "properties": { "pop": 14465.0 }, "geometry": { "type": "Polygon", "coordinates": [ [ [ 32.48228, 1.36034 ], [ 32.43399, 1.38454 ], [ 32.43381, 1.43321 ], [ 32.48192, 1.45768 ], [ 32.53021, 1.43348 ], [ 32.53039, 1.38481 ], [ 32.48228, 1.36034 ] ] ] } },
{ "type": "Feature", "properties": { "pop": 3424.0 }, "geometry": { "type": "Polygon", "coordinates": [ [ [ 32.48175, 1.50635 ], [ 32.43346, 1.53055 ], [ 32.43328, 1.57923 ], [ 32.48139, 1.6037 ], [ 32.52968, 1.5795 ], [ 32.52986, 1.53082 ], [ 32.48175, 1.50635 ] ] ] } },
{ "type": "Feature", "properties": { "pop": 4219.0 }, "geometry": { "type": "Polygon", "coordinates": [ [ [ 32.48121, 1.65238 ], [ 32.43293, 1.67658 ], [ 32.43275, 1.72527 ], [ 32.48086, 1.74974 ], [ 32.52914, 1.72554 ], [ 32.52932, 1.67685 ], [ 32.48121, 1.65238 ] ] ] } },
{ "type": "Feature", "properties": { "pop": 8277.0 }, "geometry": { "type": "Polygon", "coordinates": [ [ [ 32.48068, 1.79843 ], [ 32.4324, 1.82264 ], [ 32.43223, 1.87133 ], [ 32.48033, 1.89581 ], [ 32.52861, 1.8716 ], [ 32.52879, 1.82291 ], [ 32.48068, 1.79843 ] ] ] } },
{ "type": "Feature", "properties": { "pop": 18454.0 }, "geometry": { "type": "Polygon", "coordinates": [ [ [ 32.48015, 1.9445 ], [ 32.43187, 1.96872 ], [ 32.4317, 2.01741 ], [ 32.4798, 2.0419 ], [ 32.52807, 2.01768 ], [ 32.52825, 1.96898 ], [ 32.48015, 1.9445 ] ] ] } },
{ "type": "Feature", "properties": { "pop": 13617.0 }, "geometry": { "type": "Polygon", "coordinates": [ [ [ 32.47962, 2.0906 ], [ 32.43135, 2.11482 ], [ 32.43117, 2.16352 ], [ 32.47927, 2.18801 ], [ 32.52754, 2.16379 ], [ 32.52772, 2.11508 ], [ 32.47962, 2.0906 ] ] ] } },
{ "type": "Feature", "properties": { "pop": 15675.0 }, "geometry": { "type": "Polygon", "coordinates": [ [ [ 32.47909, 2.23672 ], [ 32.43082, 2.26094 ], [ 32.43064, 2.30965 ], [ 32.47873, 2.33414 ], [ 32.527, 2.30992 ], [ 32.52718, 2.26121 ], [ 32.47909, 2.23672 ] ] ] } },
{ "type": "Feature", "properties": { "pop": 16433.0 }, "geometry": { "type": "Polygon", "coordinates": [ [ [ 32.47856, 2.38286 ], [ 32.43029, 2.40709 ], [ 32.43012, 2.45581 ], [ 32.4782, 2.4803 ], [ 32.52647, 2.45608 ], [ 32.52665, 2.40736 ], [ 32.47856, 2.38286 ] ] ] } },
{ "type": "Feature", "properties": { "pop": 16093.0 }, "geometry": { "type": "Polygon", "coordinates": [ [ [ 32.47803, 2.52903 ], [ 32.42976, 2.55326 ], [ 32.42959, 2.60199 ], [ 32.47767, 2.62649 ], [ 32.52593, 2.60226 ], [ 32.52611, 2.55353 ], [ 32.47803, 2.52903 ] ] ] } },
{ "type": "Feature", "properties": { "pop": 6904.0 }, "geometry": { "type": "Polygon", "coordinates": [ [ [ 32.47749, 2.67523 ], [ 32.42924, 2.69946 ], [ 32.42906, 2.7482 ], [ 32.47714, 2.7727 ], [ 32.5254, 2.74847 ], [ 32.52558, 2.69973 ], [ 32.47749, 2.67523 ] ] ] } },
{ "type": "Feature", "properties": { "pop": 9045.0 }, "geometry": { "type": "Polygon", "coordinates": [ [ [ 32.47696, 2.82145 ], [ 32.42871, 2.84569 ], [ 32.42853, 2.89444 ], [ 32.47661, 2.91895 ], [ 32.52486, 2.89471 ], [ 32.52504, 2.84596 ], [ 32.47696, 2.82145 ] ] ] } },
{ "type": "Feature", "properties": { "pop": 3415.0 }, "geometry": { "type": "Polygon", "coordinates": [ [ [ 32.47643, 2.9677 ], [ 32.42818, 2.99194 ], [ 32.428, 3.0407 ], [ 32.47608, 3.06522 ], [ 32.52433, 3.04097 ], [ 32.52451, 2.99221 ], [ 32.47643, 2.9677 ] ] ] } },
{ "type": "Feature", "properties": { "pop": 1005.0 }, "geometry": { "type": "Polygon", "coordinates": [ [ [ 32.4759, 3.11398 ], [ 32.42765, 3.13823 ], [ 32.42748, 3.187 ], [ 32.47555, 3.21152 ], [ 32.5238, 3.18727 ], [ 32.52397, 3.1385 ], [ 32.4759, 3.11398 ] ] ] } },
{ "type": "Feature", "properties": { "pop": 880.0 }, "geometry": { "type": "Polygon", "coordinates": [ [ [ 32.47537, 3.26029 ], [ 32.42713, 3.28455 ], [ 32.42695, 3.33332 ], [ 32.47502, 3.35785 ], [ 32.52326, 3.33359 ], [ 32.52344, 3.28481 ], [ 32.47537, 3.26029 ] ] ] } },
{ "type": "Feature", "properties": { "pop": 1432.0 }, "geometry": { "type": "Polygon", "coordinates": [ [ [ 32.47484, 3.40663 ], [ 32.4266, 3.43089 ], [ 32.42642, 3.47968 ], [ 32.47449, 3.50421 ], [ 32.52273, 3.47995 ], [ 32.52291, 3.43116 ], [ 32.47484, 3.40663 ] ] ] } },
{ "type": "Feature", "properties": { "pop": 564.0 }, "geometry": { "type": "Polygon", "coordinates": [ [ [ 32.47431, 3.55301 ], [ 32.42607, 3.57727 ], [ 32.4259, 3.62607 ], [ 32.47396, 3.65061 ], [ 32.52219, 3.62634 ], [ 32.52237, 3.57754 ], [ 32.47431, 3.55301 ] ] ] } },
{ "type": "Feature", "properties": { "pop": 1598.0 }, "geometry": { "type": "Polygon", "coordinates": [ [ [ 32.47378, 3.69941 ], [ 32.42554, 3.72368 ], [ 32.42537, 3.7725 ], [ 32.47343, 3.79704 ], [ 32.52166, 3.77276 ], [ 32.52184, 3.72395 ], [ 32.47378, 3.69941 ] ] ] } },
{ "type": "Feature", "properties": { "pop": 2647.0 }, "geometry": { "type": "Polygon", "coordinates": [ [ [ 32.53717, -0.46336 ], [ 32.48884, -0.43918 ], [ 32.48866, -0.39057 ], [ 32.53682, -0.36613 ], [ 32.58515, -0.3903 ], [ 32.58533, -0.43891 ], [ 32.53717, -0.46336 ] ] ] } },
{ "type": "Feature", "properties": { "pop": 41.0 }, "geometry": { "type": "Polygon", "coordinates": [ [ [ 32.53664, -0.31752 ], [ 32.48831, -0.29334 ], [ 32.48813, -0.24473 ], [ 32.53628, -0.22029 ], [ 32.58461, -0.24446 ], [ 32.58479, -0.29307 ], [ 32.53664, -0.31752 ] ] ] } },
{ "type": "Feature", "properties": { "pop": 5757.0 }, "geometry": { "type": "Polygon", "coordinates": [ [ [ 32.53557, -0.02581 ], [ 32.48724, -0.00164 ], [ 32.48707, 0.04699 ], [ 32.53521, 0.07143 ], [ 32.58353, 0.04726 ], [ 32.58371, -0.00136 ], [ 32.53557, -0.02581 ] ] ] } },
{ "type": "Feature", "properties": { "pop": 127856.0 }, "geometry": { "type": "Polygon", "coordinates": [ [ [ 32.53503, 0.12006 ], [ 32.48671, 0.14423 ], [ 32.48653, 0.19286 ], [ 32.53467, 0.21731 ], [ 32.58299, 0.19313 ], [ 32.58317, 0.1445 ], [ 32.53503, 0.12006 ] ] ] } },
{ "type": "Feature", "properties": { "pop": 776447.0 }, "geometry": { "type": "Polygon", "coordinates": [ [ [ 32.5345, 0.26594 ], [ 32.48618, 0.29011 ], [ 32.486, 0.33874 ], [ 32.53414, 0.36319 ], [ 32.58245, 0.33901 ], [ 32.58263, 0.29038 ], [ 32.5345, 0.26594 ] ] ] } },
{ "type": "Feature", "properties": { "pop": 146303.0 }, "geometry": { "type": "Polygon", "coordinates": [ [ [ 32.53396, 0.41183 ], [ 32.48565, 0.43601 ], [ 32.48547, 0.48464 ], [ 32.5336, 0.50909 ], [ 32.58191, 0.48491 ], [ 32.58209, 0.43628 ], [ 32.53396, 0.41183 ] ] ] } },
{ "type": "Feature", "properties": { "pop": 64620.0 }, "geometry": { "type": "Polygon", "coordinates": [ [ [ 32.53342, 0.55773 ], [ 32.48511, 0.58191 ], [ 32.48494, 0.63055 ], [ 32.53307, 0.65501 ], [ 32.58138, 0.63082 ], [ 32.58155, 0.58218 ], [ 32.53342, 0.55773 ] ] ] } },
{ "type": "Feature", "properties": { "pop": 54986.0 }, "geometry": { "type": "Polygon", "coordinates": [ [ [ 32.53289, 0.70365 ], [ 32.48458, 0.72783 ], [ 32.4844, 0.77648 ], [ 32.53253, 0.80093 ], [ 32.58084, 0.77675 ], [ 32.58102, 0.7281 ], [ 32.53289, 0.70365 ] ] ] } },
{ "type": "Feature", "properties": { "pop": 15732.0 }, "geometry": { "type": "Polygon", "coordinates": [ [ [ 32.53235, 0.84958 ], [ 32.48405, 0.87377 ], [ 32.48387, 0.92242 ], [ 32.532, 0.94688 ], [ 32.5803, 0.92269 ], [ 32.58048, 0.87404 ], [ 32.53235, 0.84958 ] ] ] } },
{ "type": "Feature", "properties": { "pop": 4518.0 }, "geometry": { "type": "Polygon", "coordinates": [ [ [ 32.53182, 0.99553 ], [ 32.48352, 1.01972 ], [ 32.48334, 1.06837 ], [ 32.53146, 1.09284 ], [ 32.57976, 1.06864 ], [ 32.57994, 1.01999 ], [ 32.53182, 0.99553 ] ] ] } },
{ "type": "Feature", "properties": { "pop": 2503.0 }, "geometry": { "type": "Polygon", "coordinates": [ [ [ 32.53128, 1.14149 ], [ 32.48299, 1.16569 ], [ 32.48281, 1.21435 ], [ 32.53093, 1.23881 ], [ 32.57922, 1.21462 ], [ 32.5794, 1.16596 ], [ 32.53128, 1.14149 ] ] ] } },
{ "type": "Feature", "properties": { "pop": 6020.0 }, "geometry": { "type": "Polygon", "coordinates": [ [ [ 32.53075, 1.28747 ], [ 32.48245, 1.31167 ], [ 32.48228, 1.36034 ], [ 32.53039, 1.38481 ], [ 32.57868, 1.36061 ], [ 32.57886, 1.31194 ], [ 32.53075, 1.28747 ] ] ] } },
{ "type": "Feature", "properties": { "pop": 8470.0 }, "geometry": { "type": "Polygon", "coordinates": [ [ [ 32.53021, 1.43348 ], [ 32.48192, 1.45768 ], [ 32.48175, 1.50635 ], [ 32.52986, 1.53082 ], [ 32.57814, 1.50662 ], [ 32.57832, 1.45795 ], [ 32.53021, 1.43348 ] ] ] } },
{ "type": "Feature", "properties": { "pop": 164.0 }, "geometry": { "type": "Polygon", "coordinates": [ [ [ 32.52968, 1.5795 ], [ 32.48139, 1.6037 ], [ 32.48121, 1.65238 ], [ 32.52932, 1.67685 ], [ 32.5776, 1.65265 ], [ 32.57778, 1.60397 ], [ 32.52968, 1.5795 ] ] ] } },
{ "type": "Feature", "properties": { "pop": 5652.0 }, "geometry": { "type": "Polygon", "coordinates": [ [ [ 32.52914, 1.72554 ], [ 32.48086, 1.74974 ], [ 32.48068, 1.79843 ], [ 32.52879, 1.82291 ], [ 32.57707, 1.7987 ], [ 32.57725, 1.75001 ], [ 32.52914, 1.72554 ] ] ] } },
{ "type": "Feature", "properties": { "pop": 13045.0 }, "geometry": { "type": "Polygon", "coordinates": [ [ [ 32.52861, 1.8716 ], [ 32.48033, 1.89581 ], [ 32.48015, 1.9445 ], [ 32.52825, 1.96898 ], [ 32.57653, 1.94477 ], [ 32.57671, 1.89608 ], [ 32.52861, 1.8716 ] ] ] } },
{ "type": "Feature", "properties": { "pop": 20266.0 }, "geometry": { "type": "Polygon", "coordinates": [ [ [ 32.52807, 2.01768 ], [ 32.4798, 2.0419 ], [ 32.47962, 2.0906 ], [ 32.52772, 2.11508 ], [ 32.57599, 2.09087 ], [ 32.57617, 2.04217 ], [ 32.52807, 2.01768 ] ] ] } },
{ "type": "Feature", "properties": { "pop": 20530.0 }, "geometry": { "type": "Polygon", "coordinates": [ [ [ 32.52754, 2.16379 ], [ 32.47927, 2.18801 ], [ 32.47909, 2.23672 ], [ 32.52718, 2.26121 ], [ 32.57545, 2.23699 ], [ 32.57563, 2.18828 ], [ 32.52754, 2.16379 ] ] ] } },
{ "type": "Feature", "properties": { "pop": 20507.0 }, "geometry": { "type": "Polygon", "coordinates": [ [ [ 32.527, 2.30992 ], [ 32.47873, 2.33414 ], [ 32.47856, 2.38286 ], [ 32.52665, 2.40736 ], [ 32.57491, 2.38313 ], [ 32.57509, 2.33441 ], [ 32.527, 2.30992 ] ] ] } },
{ "type": "Feature", "properties": { "pop": 18957.0 }, "geometry": { "type": "Polygon", "coordinates": [ [ [ 32.52647, 2.45608 ], [ 32.4782, 2.4803 ], [ 32.47803, 2.52903 ], [ 32.52611, 2.55353 ], [ 32.57438, 2.5293 ], [ 32.57455, 2.48057 ], [ 32.52647, 2.45608 ] ] ] } },
{ "type": "Feature", "properties": { "pop": 12687.0 }, "geometry": { "type": "Polygon", "coordinates": [ [ [ 32.52593, 2.60226 ], [ 32.47767, 2.62649 ], [ 32.47749, 2.67523 ], [ 32.52558, 2.69973 ], [ 32.57384, 2.6755 ], [ 32.57402, 2.62676 ], [ 32.52593, 2.60226 ] ] ] } },
{ "type": "Feature", "properties": { "pop": 5376.0 }, "geometry": { "type": "Polygon", "coordinates": [ [ [ 32.5254, 2.74847 ], [ 32.47714, 2.7727 ], [ 32.47696, 2.82145 ], [ 32.52504, 2.84596 ], [ 32.5733, 2.82172 ], [ 32.57348, 2.77298 ], [ 32.5254, 2.74847 ] ] ] } },
{ "type": "Feature", "properties": { "pop": 4851.0 }, "geometry": { "type": "Polygon", "coordinates": [ [ [ 32.52486, 2.89471 ], [ 32.47661, 2.91895 ], [ 32.47643, 2.9677 ], [ 32.52451, 2.99221 ], [ 32.57276, 2.96797 ], [ 32.57294, 2.91922 ], [ 32.52486, 2.89471 ] ] ] } },
{ "type": "Feature", "properties": { "pop": 1634.0 }, "geometry": { "type": "Polygon", "coordinates": [ [ [ 32.52433, 3.04097 ], [ 32.47608, 3.06522 ], [ 32.4759, 3.11398 ], [ 32.52397, 3.1385 ], [ 32.57222, 3.11425 ], [ 32.5724, 3.06549 ], [ 32.52433, 3.04097 ] ] ] } },
{ "type": "Feature", "properties": { "pop": 1788.0 }, "geometry": { "type": "Polygon", "coordinates": [ [ [ 32.5238, 3.18727 ], [ 32.47555, 3.21152 ], [ 32.47537, 3.26029 ], [ 32.52344, 3.28481 ], [ 32.57169, 3.26056 ], [ 32.57187, 3.21179 ], [ 32.5238, 3.18727 ] ] ] } },
{ "type": "Feature", "properties": { "pop": 2446.0 }, "geometry": { "type": "Polygon", "coordinates": [ [ [ 32.52326, 3.33359 ], [ 32.47502, 3.35785 ], [ 32.47484, 3.40663 ], [ 32.52291, 3.43116 ], [ 32.57115, 3.4069 ], [ 32.57133, 3.35812 ], [ 32.52326, 3.33359 ] ] ] } },
{ "type": "Feature", "properties": { "pop": 893.0 }, "geometry": { "type": "Polygon", "coordinates": [ [ [ 32.52273, 3.47995 ], [ 32.47449, 3.50421 ], [ 32.47431, 3.55301 ], [ 32.52237, 3.57754 ], [ 32.57061, 3.55328 ], [ 32.57079, 3.50448 ], [ 32.52273, 3.47995 ] ] ] } },
{ "type": "Feature", "properties": { "pop": 1160.0 }, "geometry": { "type": "Polygon", "coordinates": [ [ [ 32.52219, 3.62634 ], [ 32.47396, 3.65061 ], [ 32.47378, 3.69941 ], [ 32.52184, 3.72395 ], [ 32.57007, 3.69968 ], [ 32.57025, 3.65088 ], [ 32.52219, 3.62634 ] ] ] } },
{ "type": "Feature", "properties": { "pop": 4204.0 }, "geometry": { "type": "Polygon", "coordinates": [ [ [ 32.58515, -0.3903 ], [ 32.53682, -0.36613 ], [ 32.53664, -0.31752 ], [ 32.58479, -0.29307 ], [ 32.63312, -0.31724 ], [ 32.6333, -0.36586 ], [ 32.58515, -0.3903 ] ] ] } },
{ "type": "Feature", "properties": { "pop": 2025.0 }, "geometry": { "type": "Polygon", "coordinates": [ [ [ 32.58461, -0.24446 ], [ 32.53628, -0.22029 ], [ 32.5361, -0.17167 ], [ 32.58425, -0.14722 ], [ 32.63258, -0.1714 ], [ 32.63276, -0.22001 ], [ 32.58461, -0.24446 ] ] ] } },
{ "type": "Feature", "properties": { "pop": 216.0 }, "geometry": { "type": "Polygon", "coordinates": [ [ [ 32.58407, -0.09861 ], [ 32.53575, -0.07443 ], [ 32.53557, -0.02581 ], [ 32.58371, -0.00136 ], [ 32.63204, -0.02554 ], [ 32.63222, -0.07416 ], [ 32.58407, -0.09861 ] ] ] } },
{ "type": "Feature", "properties": { "pop": 23415.0 }, "geometry": { "type": "Polygon", "coordinates": [ [ [ 32.58353, 0.04726 ], [ 32.53521, 0.07143 ], [ 32.53503, 0.12006 ], [ 32.58317, 0.1445 ], [ 32.63149, 0.12033 ], [ 32.63167, 0.0717 ], [ 32.58353, 0.04726 ] ] ] } },
{ "type": "Feature", "properties": { "pop": 611032.0 }, "geometry": { "type": "Polygon", "coordinates": [ [ [ 32.58299, 0.19313 ], [ 32.53467, 0.21731 ], [ 32.5345, 0.26594 ], [ 32.58263, 0.29038 ], [ 32.63095, 0.26621 ], [ 32.63113, 0.21758 ], [ 32.58299, 0.19313 ] ] ] } },
{ "type": "Feature", "properties": { "pop": 736293.0 }, "geometry": { "type": "Polygon", "coordinates": [ [ [ 32.58245, 0.33901 ], [ 32.53414, 0.36319 ], [ 32.53396, 0.41183 ], [ 32.58209, 0.43628 ], [ 32.63041, 0.4121 ], [ 32.63059, 0.36347 ], [ 32.58245, 0.33901 ] ] ] } },
{ "type": "Feature", "properties": { "pop": 39207.0 }, "geometry": { "type": "Polygon", "coordinates": [ [ [ 32.58191, 0.48491 ], [ 32.5336, 0.50909 ], [ 32.53342, 0.55773 ], [ 32.58155, 0.58218 ], [ 32.62987, 0.558 ], [ 32.63005, 0.50937 ], [ 32.58191, 0.48491 ] ] ] } },
{ "type": "Feature", "properties": { "pop": 30472.0 }, "geometry": { "type": "Polygon", "coordinates": [ [ [ 32.58138, 0.63082 ], [ 32.53307, 0.65501 ], [ 32.53289, 0.70365 ], [ 32.58102, 0.7281 ], [ 32.62932, 0.70392 ], [ 32.6295, 0.65528 ], [ 32.58138, 0.63082 ] ] ] } },
{ "type": "Feature", "properties": { "pop": 16536.0 }, "geometry": { "type": "Polygon", "coordinates": [ [ [ 32.58084, 0.77675 ], [ 32.53253, 0.80093 ], [ 32.53235, 0.84958 ], [ 32.58048, 0.87404 ], [ 32.62878, 0.84985 ], [ 32.62896, 0.80121 ], [ 32.58084, 0.77675 ] ] ] } },
{ "type": "Feature", "properties": { "pop": 7054.0 }, "geometry": { "type": "Polygon", "coordinates": [ [ [ 32.5803, 0.92269 ], [ 32.532, 0.94688 ], [ 32.53182, 0.99553 ], [ 32.57994, 1.01999 ], [ 32.62824, 0.9958 ], [ 32.62842, 0.94715 ], [ 32.5803, 0.92269 ] ] ] } },
{ "type": "Feature", "properties": { "pop": 3099.0 }, "geometry": { "type": "Polygon", "coordinates": [ [ [ 32.57976, 1.06864 ], [ 32.53146, 1.09284 ], [ 32.53128, 1.14149 ], [ 32.5794, 1.16596 ], [ 32.6277, 1.14176 ], [ 32.62788, 1.09311 ], [ 32.57976, 1.06864 ] ] ] } },
{ "type": "Feature", "properties": { "pop": 3434.0 }, "geometry": { "type": "Polygon", "coordinates": [ [ [ 32.57922, 1.21462 ], [ 32.53093, 1.23881 ], [ 32.53075, 1.28747 ], [ 32.57886, 1.31194 ], [ 32.62715, 1.28775 ], [ 32.62734, 1.23908 ], [ 32.57922, 1.21462 ] ] ] } },
{ "type": "Feature", "properties": { "pop": 5199.0 }, "geometry": { "type": "Polygon", "coordinates": [ [ [ 32.57868, 1.36061 ], [ 32.53039, 1.38481 ], [ 32.53021, 1.43348 ], [ 32.57832, 1.45795 ], [ 32.62661, 1.43375 ], [ 32.62679, 1.38508 ], [ 32.57868, 1.36061 ] ] ] } },
{ "type": "Feature", "properties": { "pop": 5717.0 }, "geometry": { "type": "Polygon", "coordinates": [ [ [ 32.57814, 1.50662 ], [ 32.52986, 1.53082 ], [ 32.52968, 1.5795 ], [ 32.57778, 1.60397 ], [ 32.62607, 1.57977 ], [ 32.62625, 1.53109 ], [ 32.57814, 1.50662 ] ] ] } },
{ "type": "Feature", "properties": { "pop": 5866.0 }, "geometry": { "type": "Polygon", "coordinates": [ [ [ 32.5776, 1.65265 ], [ 32.52932, 1.67685 ], [ 32.52914, 1.72554 ], [ 32.57725, 1.75001 ], [ 32.62553, 1.72581 ], [ 32.62571, 1.67713 ], [ 32.5776, 1.65265 ] ] ] } },
{ "type": "Feature", "properties": { "pop": 8421.0 }, "geometry": { "type": "Polygon", "coordinates": [ [ [ 32.57707, 1.7987 ], [ 32.52879, 1.82291 ], [ 32.52861, 1.8716 ], [ 32.57671, 1.89608 ], [ 32.62499, 1.87187 ], [ 32.62517, 1.82318 ], [ 32.57707, 1.7987 ] ] ] } },
{ "type": "Feature", "properties": { "pop": 26006.0 }, "geometry": { "type": "Polygon", "coordinates": [ [ [ 32.57653, 1.94477 ], [ 32.52825, 1.96898 ], [ 32.52807, 2.01768 ], [ 32.57617, 2.04217 ], [ 32.62445, 2.01795 ], [ 32.62463, 1.96926 ], [ 32.57653, 1.94477 ] ] ] } },
{ "type": "Feature", "properties": { "pop": 14432.0 }, "geometry": { "type": "Polygon", "coordinates": [ [ [ 32.57599, 2.09087 ], [ 32.52772, 2.11508 ], [ 32.52754, 2.16379 ], [ 32.57563, 2.18828 ], [ 32.6239, 2.16406 ], [ 32.62408, 2.11536 ], [ 32.57599, 2.09087 ] ] ] } },
{ "type": "Feature", "properties": { "pop": 19690.0 }, "geometry": { "type": "Polygon", "coordinates": [ [ [ 32.57545, 2.23699 ], [ 32.52718, 2.26121 ], [ 32.527, 2.30992 ], [ 32.57509, 2.33441 ], [ 32.62336, 2.31019 ], [ 32.62354, 2.26148 ], [ 32.57545, 2.23699 ] ] ] } },
{ "type": "Feature", "properties": { "pop": 23754.0 }, "geometry": { "type": "Polygon", "coordinates": [ [ [ 32.57491, 2.38313 ], [ 32.52665, 2.40736 ], [ 32.52647, 2.45608 ], [ 32.57455, 2.48057 ], [ 32.62282, 2.45635 ], [ 32.623, 2.40763 ], [ 32.57491, 2.38313 ] ] ] } },
{ "type": "Feature", "properties": { "pop": 13505.0 }, "geometry": { "type": "Polygon", "coordinates": [ [ [ 32.57438, 2.5293 ], [ 32.52611, 2.55353 ], [ 32.52593, 2.60226 ], [ 32.57402, 2.62676 ], [ 32.62228, 2.60253 ], [ 32.62246, 2.5538 ], [ 32.57438, 2.5293 ] ] ] } },
{ "type": "Feature", "properties": { "pop": 5689.0 }, "geometry": { "type": "Polygon", "coordinates": [ [ [ 32.57384, 2.6755 ], [ 32.52558, 2.69973 ], [ 32.5254, 2.74847 ], [ 32.57348, 2.77298 ], [ 32.62174, 2.74874 ], [ 32.62192, 2.7 ], [ 32.57384, 2.6755 ] ] ] } },
{ "type": "Feature", "properties": { "pop": 3284.0 }, "geometry": { "type": "Polygon", "coordinates": [ [ [ 32.5733, 2.82172 ], [ 32.52504, 2.84596 ], [ 32.52486, 2.89471 ], [ 32.57294, 2.91922 ], [ 32.6212, 2.89498 ], [ 32.62138, 2.84623 ], [ 32.5733, 2.82172 ] ] ] } },
{ "type": "Feature", "properties": { "pop": 2015.0 }, "geometry": { "type": "Polygon", "coordinates": [ [ [ 32.57276, 2.96797 ], [ 32.52451, 2.99221 ], [ 32.52433, 3.04097 ], [ 32.5724, 3.06549 ], [ 32.62066, 3.04124 ], [ 32.62084, 2.99249 ], [ 32.57276, 2.96797 ] ] ] } },
{ "type": "Feature", "properties": { "pop": 965.0 }, "geometry": { "type": "Polygon", "coordinates": [ [ [ 32.57222, 3.11425 ], [ 32.52397, 3.1385 ], [ 32.5238, 3.18727 ], [ 32.57187, 3.21179 ], [ 32.62011, 3.18754 ], [ 32.62029, 3.13877 ], [ 32.57222, 3.11425 ] ] ] } },
{ "type": "Feature", "properties": { "pop": 1204.0 }, "geometry": { "type": "Polygon", "coordinates": [ [ [ 32.57169, 3.26056 ], [ 32.52344, 3.28481 ], [ 32.52326, 3.33359 ], [ 32.57133, 3.35812 ], [ 32.61957, 3.33387 ], [ 32.61975, 3.28509 ], [ 32.57169, 3.26056 ] ] ] } },
{ "type": "Feature", "properties": { "pop": 8293.0 }, "geometry": { "type": "Polygon", "coordinates": [ [ [ 32.57115, 3.4069 ], [ 32.52291, 3.43116 ], [ 32.52273, 3.47995 ], [ 32.57079, 3.50448 ], [ 32.61903, 3.48022 ], [ 32.61921, 3.43143 ], [ 32.57115, 3.4069 ] ] ] } },
{ "type": "Feature", "properties": { "pop": 1014.0 }, "geometry": { "type": "Polygon", "coordinates": [ [ [ 32.57061, 3.55328 ], [ 32.52237, 3.57754 ], [ 32.52219, 3.62634 ], [ 32.57025, 3.65088 ], [ 32.61849, 3.62661 ], [ 32.61867, 3.57781 ], [ 32.57061, 3.55328 ] ] ] } },
{ "type": "Feature", "properties": { "pop": 2341.0 }, "geometry": { "type": "Polygon", "coordinates": [ [ [ 32.57007, 3.69968 ], [ 32.52184, 3.72395 ], [ 32.52166, 3.77276 ], [ 32.56972, 3.79731 ], [ 32.61795, 3.77304 ], [ 32.61813, 3.72423 ], [ 32.57007, 3.69968 ] ] ] } },
{ "type": "Feature", "properties": { "pop": 1216.0 }, "geometry": { "type": "Polygon", "coordinates": [ [ [ 32.63258, -0.1714 ], [ 32.58425, -0.14722 ], [ 32.58407, -0.09861 ], [ 32.63222, -0.07416 ], [ 32.68054, -0.09833 ], [ 32.68073, -0.14695 ], [ 32.63258, -0.1714 ] ] ] } },
{ "type": "Feature", "properties": { "pop": 10581.0 }, "geometry": { "type": "Polygon", "coordinates": [ [ [ 32.63149, 0.12033 ], [ 32.58317, 0.1445 ], [ 32.58299, 0.19313 ], [ 32.63113, 0.21758 ], [ 32.67945, 0.1934 ], [ 32.67963, 0.14478 ], [ 32.63149, 0.12033 ] ] ] } },
{ "type": "Feature", "properties": { "pop": 597096.0 }, "geometry": { "type": "Polygon", "coordinates": [ [ [ 32.63095, 0.26621 ], [ 32.58263, 0.29038 ], [ 32.58245, 0.33901 ], [ 32.63059, 0.36347 ], [ 32.67891, 0.33929 ], [ 32.67909, 0.29066 ], [ 32.63095, 0.26621 ] ] ] } },
{ "type": "Feature", "properties": { "pop": 178595.0 }, "geometry": { "type": "Polygon", "coordinates": [ [ [ 32.63041, 0.4121 ], [ 32.58209, 0.43628 ], [ 32.58191, 0.48491 ], [ 32.63005, 0.50937 ], [ 32.67836, 0.48518 ], [ 32.67854, 0.43655 ], [ 32.63041, 0.4121 ] ] ] } },
{ "type": "Feature", "properties": { "pop": 33616.0 }, "geometry": { "type": "Polygon", "coordinates": [ [ [ 32.62987, 0.558 ], [ 32.58155, 0.58218 ], [ 32.58138, 0.63082 ], [ 32.6295, 0.65528 ], [ 32.67781, 0.6311 ], [ 32.678, 0.58246 ], [ 32.62987, 0.558 ] ] ] } },
{ "type": "Feature", "properties": { "pop": 16940.0 }, "geometry": { "type": "Polygon", "coordinates": [ [ [ 32.62932, 0.70392 ], [ 32.58102, 0.7281 ], [ 32.58084, 0.77675 ], [ 32.62896, 0.80121 ], [ 32.67727, 0.77702 ], [ 32.67745, 0.72838 ], [ 32.62932, 0.70392 ] ] ] } },
{ "type": "Feature", "properties": { "pop": 12200.0 }, "geometry": { "type": "Polygon", "coordinates": [ [ [ 32.62878, 0.84985 ], [ 32.58048, 0.87404 ], [ 32.5803, 0.92269 ], [ 32.62842, 0.94715 ], [ 32.67672, 0.92296 ], [ 32.6769, 0.87431 ], [ 32.62878, 0.84985 ] ] ] } },
{ "type": "Feature", "properties": { "pop": 4629.0 }, "geometry": { "type": "Polygon", "coordinates": [ [ [ 32.62824, 0.9958 ], [ 32.57994, 1.01999 ], [ 32.57976, 1.06864 ], [ 32.62788, 1.09311 ], [ 32.67618, 1.06892 ], [ 32.67636, 1.02026 ], [ 32.62824, 0.9958 ] ] ] } },
{ "type": "Feature", "properties": { "pop": 3231.0 }, "geometry": { "type": "Polygon", "coordinates": [ [ [ 32.6277, 1.14176 ], [ 32.5794, 1.16596 ], [ 32.57922, 1.21462 ], [ 32.62734, 1.23908 ], [ 32.67563, 1.21489 ], [ 32.67581, 1.16623 ], [ 32.6277, 1.14176 ] ] ] } },
{ "type": "Feature", "properties": { "pop": 15126.0 }, "geometry": { "type": "Polygon", "coordinates": [ [ [ 32.62715, 1.28775 ], [ 32.57886, 1.31194 ], [ 32.57868, 1.36061 ], [ 32.62679, 1.38508 ], [ 32.67509, 1.36088 ], [ 32.67527, 1.31222 ], [ 32.62715, 1.28775 ] ] ] } },
{ "type": "Feature", "properties": { "pop": 6763.0 }, "geometry": { "type": "Polygon", "coordinates": [ [ [ 32.62661, 1.43375 ], [ 32.57832, 1.45795 ], [ 32.57814, 1.50662 ], [ 32.62625, 1.53109 ], [ 32.67454, 1.50689 ], [ 32.67472, 1.45822 ], [ 32.62661, 1.43375 ] ] ] } },
{ "type": "Feature", "properties": { "pop": 4970.0 }, "geometry": { "type": "Polygon", "coordinates": [ [ [ 32.62607, 1.57977 ], [ 32.57778, 1.60397 ], [ 32.5776, 1.65265 ], [ 32.62571, 1.67713 ], [ 32.67399, 1.65292 ], [ 32.67418, 1.60424 ], [ 32.62607, 1.57977 ] ] ] } },
{ "type": "Feature", "properties": { "pop": 8011.0 }, "geometry": { "type": "Polygon", "coordinates": [ [ [ 32.62553, 1.72581 ], [ 32.57725, 1.75001 ], [ 32.57707, 1.7987 ], [ 32.62517, 1.82318 ], [ 32.67345, 1.79897 ], [ 32.67363, 1.75029 ], [ 32.62553, 1.72581 ] ] ] } },
{ "type": "Feature", "properties": { "pop": 12532.0 }, "geometry": { "type": "Polygon", "coordinates": [ [ [ 32.62499, 1.87187 ], [ 32.57671, 1.89608 ], [ 32.57653, 1.94477 ], [ 32.62463, 1.96926 ], [ 32.6729, 1.94505 ], [ 32.67309, 1.89635 ], [ 32.62499, 1.87187 ] ] ] } },
{ "type": "Feature", "properties": { "pop": 17515.0 }, "geometry": { "type": "Polygon", "coordinates": [ [ [ 32.62445, 2.01795 ], [ 32.57617, 2.04217 ], [ 32.57599, 2.09087 ], [ 32.62408, 2.11536 ], [ 32.67236, 2.09114 ], [ 32.67254, 2.04244 ], [ 32.62445, 2.01795 ] ] ] } },
{ "type": "Feature", "properties": { "pop": 22580.0 }, "geometry": { "type": "Polygon", "coordinates": [ [ [ 32.6239, 2.16406 ], [ 32.57563, 2.18828 ], [ 32.57545, 2.23699 ], [ 32.62354, 2.26148 ], [ 32.67181, 2.23726 ], [ 32.672, 2.18855 ], [ 32.6239, 2.16406 ] ] ] } },
{ "type": "Feature", "properties": { "pop": 16306.0 }, "geometry": { "type": "Polygon", "coordinates": [ [ [ 32.62336, 2.31019 ], [ 32.57509, 2.33441 ], [ 32.57491, 2.38313 ], [ 32.623, 2.40763 ], [ 32.67127, 2.38341 ], [ 32.67145, 2.33469 ], [ 32.62336, 2.31019 ] ] ] } },
{ "type": "Feature", "properties": { "pop": 15548.0 }, "geometry": { "type": "Polygon", "coordinates": [ [ [ 32.62282, 2.45635 ], [ 32.57455, 2.48057 ], [ 32.57438, 2.5293 ], [ 32.62246, 2.5538 ], [ 32.67072, 2.52957 ], [ 32.67091, 2.48085 ], [ 32.62282, 2.45635 ] ] ] } },
{ "type": "Feature", "properties": { "pop": 10537.0 }, "geometry": { "type": "Polygon", "coordinates": [ [ [ 32.62228, 2.60253 ], [ 32.57402, 2.62676 ], [ 32.57384, 2.6755 ], [ 32.62192, 2.7 ], [ 32.67018, 2.67577 ], [ 32.67036, 2.62704 ], [ 32.62228, 2.60253 ] ] ] } },
{ "type": "Feature", "properties": { "pop": 3396.0 }, "geometry": { "type": "Polygon", "coordinates": [ [ [ 32.62174, 2.74874 ], [ 32.57348, 2.77298 ], [ 32.5733, 2.82172 ], [ 32.62138, 2.84623 ], [ 32.66963, 2.82199 ], [ 32.66982, 2.77325 ], [ 32.62174, 2.74874 ] ] ] } },
{ "type": "Feature", "properties": { "pop": 3039.0 }, "geometry": { "type": "Polygon", "coordinates": [ [ [ 32.6212, 2.89498 ], [ 32.57294, 2.91922 ], [ 32.57276, 2.96797 ], [ 32.62084, 2.99249 ], [ 32.66909, 2.96824 ], [ 32.66927, 2.91949 ], [ 32.6212, 2.89498 ] ] ] } },
{ "type": "Feature", "properties": { "pop": 1733.0 }, "geometry": { "type": "Polygon", "coordinates": [ [ [ 32.62066, 3.04124 ], [ 32.5724, 3.06549 ], [ 32.57222, 3.11425 ], [ 32.62029, 3.13877 ], [ 32.66855, 3.11453 ], [ 32.66873, 3.06576 ], [ 32.62066, 3.04124 ] ] ] } },
{ "type": "Feature", "properties": { "pop": 1064.0 }, "geometry": { "type": "Polygon", "coordinates": [ [ [ 32.62011, 3.18754 ], [ 32.57187, 3.21179 ], [ 32.57169, 3.26056 ], [ 32.61975, 3.28509 ], [ 32.668, 3.26084 ], [ 32.66818, 3.21206 ], [ 32.62011, 3.18754 ] ] ] } },
{ "type": "Feature", "properties": { "pop": 4478.0 }, "geometry": { "type": "Polygon", "coordinates": [ [ [ 32.61957, 3.33387 ], [ 32.57133, 3.35812 ], [ 32.57115, 3.4069 ], [ 32.61921, 3.43143 ], [ 32.66746, 3.40718 ], [ 32.66764, 3.35839 ], [ 32.61957, 3.33387 ] ] ] } },
{ "type": "Feature", "properties": { "pop": 1606.0 }, "geometry": { "type": "Polygon", "coordinates": [ [ [ 32.61903, 3.48022 ], [ 32.57079, 3.50448 ], [ 32.57061, 3.55328 ], [ 32.61867, 3.57781 ], [ 32.66691, 3.55355 ], [ 32.66709, 3.50476 ], [ 32.61903, 3.48022 ] ] ] } },
{ "type": "Feature", "properties": { "pop": 1442.0 }, "geometry": { "type": "Polygon", "coordinates": [ [ [ 32.61849, 3.62661 ], [ 32.57025, 3.65088 ], [ 32.57007, 3.69968 ], [ 32.61813, 3.72423 ], [ 32.66637, 3.69996 ], [ 32.66655, 3.65115 ], [ 32.61849, 3.62661 ] ] ] } },
{ "type": "Feature", "properties": { "pop": 23.0 }, "geometry": { "type": "Polygon", "coordinates": [ [ [ 32.68164, -0.39003 ], [ 32.6333, -0.36586 ], [ 32.63312, -0.31724 ], [ 32.68127, -0.2928 ], [ 32.7296, -0.31697 ], [ 32.72979, -0.36558 ], [ 32.68164, -0.39003 ] ] ] } },
{ "type": "Feature", "properties": { "pop": 743.0 }, "geometry": { "type": "Polygon", "coordinates": [ [ [ 32.68054, -0.09833 ], [ 32.63222, -0.07416 ], [ 32.63204, -0.02554 ], [ 32.68018, -0.00109 ], [ 32.7285, -0.02526 ], [ 32.72869, -0.07388 ], [ 32.68054, -0.09833 ] ] ] } },
{ "type": "Feature", "properties": { "pop": 7262.0 }, "geometry": { "type": "Polygon", "coordinates": [ [ [ 32.68, 0.04753 ], [ 32.63167, 0.0717 ], [ 32.63149, 0.12033 ], [ 32.67963, 0.14478 ], [ 32.72796, 0.1206 ], [ 32.72814, 0.07198 ], [ 32.68, 0.04753 ] ] ] } },
{ "type": "Feature", "properties": { "pop": 29903.0 }, "geometry": { "type": "Polygon", "coordinates": [ [ [ 32.67945, 0.1934 ], [ 32.63113, 0.21758 ], [ 32.63095, 0.26621 ], [ 32.67909, 0.29066 ], [ 32.72741, 0.26648 ], [ 32.72759, 0.21785 ], [ 32.67945, 0.1934 ] ] ] } },
{ "type": "Feature", "properties": { "pop": 312579.0 }, "geometry": { "type": "Polygon", "coordinates": [ [ [ 32.67891, 0.33929 ], [ 32.63059, 0.36347 ], [ 32.63041, 0.4121 ], [ 32.67854, 0.43655 ], [ 32.72686, 0.41237 ], [ 32.72704, 0.36374 ], [ 32.67891, 0.33929 ] ] ] } },
{ "type": "Feature", "properties": { "pop": 34562.0 }, "geometry": { "type": "Polygon", "coordinates": [ [ [ 32.67836, 0.48518 ], [ 32.63005, 0.50937 ], [ 32.62987, 0.558 ], [ 32.678, 0.58246 ], [ 32.72631, 0.55828 ], [ 32.72649, 0.50964 ], [ 32.67836, 0.48518 ] ] ] } },
{ "type": "Feature", "properties": { "pop": 31690.0 }, "geometry": { "type": "Polygon", "coordinates": [ [ [ 32.67781, 0.6311 ], [ 32.6295, 0.65528 ], [ 32.62932, 0.70392 ], [ 32.67745, 0.72838 ], [ 32.72576, 0.70419 ], [ 32.72594, 0.65555 ], [ 32.67781, 0.6311 ] ] ] } },
{ "type": "Feature", "properties": { "pop": 17639.0 }, "geometry": { "type": "Polygon", "coordinates": [ [ [ 32.67727, 0.77702 ], [ 32.62896, 0.80121 ], [ 32.62878, 0.84985 ], [ 32.6769, 0.87431 ], [ 32.72521, 0.85013 ], [ 32.72539, 0.80148 ], [ 32.67727, 0.77702 ] ] ] } },
{ "type": "Feature", "properties": { "pop": 7137.0 }, "geometry": { "type": "Polygon", "coordinates": [ [ [ 32.67672, 0.92296 ], [ 32.62842, 0.94715 ], [ 32.62824, 0.9958 ], [ 32.67636, 1.02026 ], [ 32.72466, 0.99607 ], [ 32.72484, 0.94742 ], [ 32.67672, 0.92296 ] ] ] } },
{ "type": "Feature", "properties": { "pop": 4560.0 }, "geometry": { "type": "Polygon", "coordinates": [ [ [ 32.67618, 1.06892 ], [ 32.62788, 1.09311 ], [ 32.6277, 1.14176 ], [ 32.67581, 1.16623 ], [ 32.72411, 1.14204 ], [ 32.72429, 1.09338 ], [ 32.67618, 1.06892 ] ] ] } },
{ "type": "Feature", "properties": { "pop": 8037.0 }, "geometry": { "type": "Polygon", "coordinates": [ [ [ 32.67563, 1.21489 ], [ 32.62734, 1.23908 ], [ 32.62715, 1.28775 ], [ 32.67527, 1.31222 ], [ 32.72356, 1.28802 ], [ 32.72374, 1.23936 ], [ 32.67563, 1.21489 ] ] ] } },
{ "type": "Feature", "properties": { "pop": 575.0 }, "geometry": { "type": "Polygon", "coordinates": [ [ [ 32.67509, 1.36088 ], [ 32.62679, 1.38508 ], [ 32.62661, 1.43375 ], [ 32.67472, 1.45822 ], [ 32.72301, 1.43402 ], [ 32.7232, 1.38535 ], [ 32.67509, 1.36088 ] ] ] } },
{ "type": "Feature", "properties": { "pop": 15142.0 }, "geometry": { "type": "Polygon", "coordinates": [ [ [ 32.67454, 1.50689 ], [ 32.62625, 1.53109 ], [ 32.62607, 1.57977 ], [ 32.67418, 1.60424 ], [ 32.72246, 1.58004 ], [ 32.72265, 1.53137 ], [ 32.67454, 1.50689 ] ] ] } },
{ "type": "Feature", "properties": { "pop": 2890.0 }, "geometry": { "type": "Polygon", "coordinates": [ [ [ 32.67399, 1.65292 ], [ 32.62571, 1.67713 ], [ 32.62553, 1.72581 ], [ 32.67363, 1.75029 ], [ 32.72192, 1.72608 ], [ 32.7221, 1.6774 ], [ 32.67399, 1.65292 ] ] ] } },
{ "type": "Feature", "properties": { "pop": 10450.0 }, "geometry": { "type": "Polygon", "coordinates": [ [ [ 32.67345, 1.79897 ], [ 32.62517, 1.82318 ], [ 32.62499, 1.87187 ], [ 32.67309, 1.89635 ], [ 32.72137, 1.87215 ], [ 32.72155, 1.82346 ], [ 32.67345, 1.79897 ] ] ] } },
{ "type": "Feature", "properties": { "pop": 20407.0 }, "geometry": { "type": "Polygon", "coordinates": [ [ [ 32.6729, 1.94505 ], [ 32.62463, 1.96926 ], [ 32.62445, 2.01795 ], [ 32.67254, 2.04244 ], [ 32.72082, 2.01823 ], [ 32.721, 1.96953 ], [ 32.6729, 1.94505 ] ] ] } },
{ "type": "Feature", "properties": { "pop": 21187.0 }, "geometry": { "type": "Polygon", "coordinates": [ [ [ 32.67236, 2.09114 ], [ 32.62408, 2.11536 ], [ 32.6239, 2.16406 ], [ 32.672, 2.18855 ], [ 32.72027, 2.16434 ], [ 32.72045, 2.11563 ], [ 32.67236, 2.09114 ] ] ] } },
{ "type": "Feature", "properties": { "pop": 23058.0 }, "geometry": { "type": "Polygon", "coordinates": [ [ [ 32.67181, 2.23726 ], [ 32.62354, 2.26148 ], [ 32.62336, 2.31019 ], [ 32.67145, 2.33469 ], [ 32.71972, 2.31047 ], [ 32.7199, 2.26176 ], [ 32.67181, 2.23726 ] ] ] } },
{ "type": "Feature", "properties": { "pop": 20268.0 }, "geometry": { "type": "Polygon", "coordinates": [ [ [ 32.67127, 2.38341 ], [ 32.623, 2.40763 ], [ 32.62282, 2.45635 ], [ 32.67091, 2.48085 ], [ 32.71917, 2.45662 ], [ 32.71936, 2.4079 ], [ 32.67127, 2.38341 ] ] ] } },
{ "type": "Feature", "properties": { "pop": 15216.0 }, "geometry": { "type": "Polygon", "coordinates": [ [ [ 32.67072, 2.52957 ], [ 32.62246, 2.5538 ], [ 32.62228, 2.60253 ], [ 32.67036, 2.62704 ], [ 32.71862, 2.60281 ], [ 32.71881, 2.55408 ], [ 32.67072, 2.52957 ] ] ] } },
{ "type": "Feature", "properties": { "pop": 10526.0 }, "geometry": { "type": "Polygon", "coordinates": [ [ [ 32.67018, 2.67577 ], [ 32.62192, 2.7 ], [ 32.62174, 2.74874 ], [ 32.66982, 2.77325 ], [ 32.71808, 2.74902 ], [ 32.71826, 2.70028 ], [ 32.67018, 2.67577 ] ] ] } },
{ "type": "Feature", "properties": { "pop": 2589.0 }, "geometry": { "type": "Polygon", "coordinates": [ [ [ 32.66963, 2.82199 ], [ 32.62138, 2.84623 ], [ 32.6212, 2.89498 ], [ 32.66927, 2.91949 ], [ 32.71753, 2.89525 ], [ 32.71771, 2.8465 ], [ 32.66963, 2.82199 ] ] ] } },
{ "type": "Feature", "properties": { "pop": 4391.0 }, "geometry": { "type": "Polygon", "coordinates": [ [ [ 32.66909, 2.96824 ], [ 32.62084, 2.99249 ], [ 32.62066, 3.04124 ], [ 32.66873, 3.06576 ], [ 32.71698, 3.04152 ], [ 32.71716, 2.99276 ], [ 32.66909, 2.96824 ] ] ] } },
{ "type": "Feature", "properties": { "pop": 903.0 }, "geometry": { "type": "Polygon", "coordinates": [ [ [ 32.66855, 3.11453 ], [ 32.62029, 3.13877 ], [ 32.62011, 3.18754 ], [ 32.66818, 3.21206 ], [ 32.71643, 3.18781 ], [ 32.71662, 3.13905 ], [ 32.66855, 3.11453 ] ] ] } },
{ "type": "Feature", "properties": { "pop": 1478.0 }, "geometry": { "type": "Polygon", "coordinates": [ [ [ 32.668, 3.26084 ], [ 32.61975, 3.28509 ], [ 32.61957, 3.33387 ], [ 32.66764, 3.35839 ], [ 32.71588, 3.33414 ], [ 32.71607, 3.28536 ], [ 32.668, 3.26084 ] ] ] } },
{ "type": "Feature", "properties": { "pop": 2890.0 }, "geometry": { "type": "Polygon", "coordinates": [ [ [ 32.66746, 3.40718 ], [ 32.61921, 3.43143 ], [ 32.61903, 3.48022 ], [ 32.66709, 3.50476 ], [ 32.71534, 3.4805 ], [ 32.71552, 3.43171 ], [ 32.66746, 3.40718 ] ] ] } },
{ "type": "Feature", "properties": { "pop": 5653.0 }, "geometry": { "type": "Polygon", "coordinates": [ [ [ 32.66691, 3.55355 ], [ 32.61867, 3.57781 ], [ 32.61849, 3.62661 ], [ 32.66655, 3.65115 ], [ 32.71479, 3.62689 ], [ 32.71497, 3.57809 ], [ 32.66691, 3.55355 ] ] ] } },
{ "type": "Feature", "properties": { "pop": 3304.0 }, "geometry": { "type": "Polygon", "coordinates": [ [ [ 32.66637, 3.69996 ], [ 32.61813, 3.72423 ], [ 32.61795, 3.77304 ], [ 32.66601, 3.79758 ], [ 32.71424, 3.77331 ], [ 32.71442, 3.7245 ], [ 32.66637, 3.69996 ] ] ] } },
{ "type": "Feature", "properties": { "pop": 5561.0 }, "geometry": { "type": "Polygon", "coordinates": [ [ [ 32.72905, -0.17112 ], [ 32.68073, -0.14695 ], [ 32.68054, -0.09833 ], [ 32.72869, -0.07388 ], [ 32.77702, -0.09805 ], [ 32.7772, -0.14667 ], [ 32.72905, -0.17112 ] ] ] } },
{ "type": "Feature", "properties": { "pop": 481.0 }, "geometry": { "type": "Polygon", "coordinates": [ [ [ 32.7285, -0.02526 ], [ 32.68018, -0.00109 ], [ 32.68, 0.04753 ], [ 32.72814, 0.07198 ], [ 32.77646, 0.04781 ], [ 32.77665, -0.00081 ], [ 32.7285, -0.02526 ] ] ] } },
{ "type": "Feature", "properties": { "pop": 13379.0 }, "geometry": { "type": "Polygon", "coordinates": [ [ [ 32.72796, 0.1206 ], [ 32.67963, 0.14478 ], [ 32.67945, 0.1934 ], [ 32.72759, 0.21785 ], [ 32.77591, 0.19368 ], [ 32.77609, 0.14505 ], [ 32.72796, 0.1206 ] ] ] } },
{ "type": "Feature", "properties": { "pop": 76202.0 }, "geometry": { "type": "Polygon", "coordinates": [ [ [ 32.72741, 0.26648 ], [ 32.67909, 0.29066 ], [ 32.67891, 0.33929 ], [ 32.72704, 0.36374 ], [ 32.77536, 0.33956 ], [ 32.77554, 0.29094 ], [ 32.72741, 0.26648 ] ] ] } },
{ "type": "Feature", "properties": { "pop": 42092.0 }, "geometry": { "type": "Polygon", "coordinates": [ [ [ 32.72686, 0.41237 ], [ 32.67854, 0.43655 ], [ 32.67836, 0.48518 ], [ 32.72649, 0.50964 ], [ 32.7748, 0.48546 ], [ 32.77499, 0.43683 ], [ 32.72686, 0.41237 ] ] ] } },
{ "type": "Feature", "properties": { "pop": 20517.0 }, "geometry": { "type": "Polygon", "coordinates": [ [ [ 32.72631, 0.55828 ], [ 32.678, 0.58246 ], [ 32.67781, 0.6311 ], [ 32.72594, 0.65555 ], [ 32.77425, 0.63137 ], [ 32.77444, 0.58273 ], [ 32.72631, 0.55828 ] ] ] } },
{ "type": "Feature", "properties": { "pop": 13703.0 }, "geometry": { "type": "Polygon", "coordinates": [ [ [ 32.72576, 0.70419 ], [ 32.67745, 0.72838 ], [ 32.67727, 0.77702 ], [ 32.72539, 0.80148 ], [ 32.7737, 0.7773 ], [ 32.77388, 0.72865 ], [ 32.72576, 0.70419 ] ] ] } },
{ "type": "Feature", "properties": { "pop": 9295.0 }, "geometry": { "type": "Polygon", "coordinates": [ [ [ 32.72521, 0.85013 ], [ 32.6769, 0.87431 ], [ 32.67672, 0.92296 ], [ 32.72484, 0.94742 ], [ 32.77315, 0.92324 ], [ 32.77333, 0.87459 ], [ 32.72521, 0.85013 ] ] ] } },
{ "type": "Feature", "properties": { "pop": 5997.0 }, "geometry": { "type": "Polygon", "coordinates": [ [ [ 32.72466, 0.99607 ], [ 32.67636, 1.02026 ], [ 32.67618, 1.06892 ], [ 32.72429, 1.09338 ], [ 32.77259, 1.06919 ], [ 32.77278, 1.02054 ], [ 32.72466, 0.99607 ] ] ] } },
{ "type": "Feature", "properties": { "pop": 6034.0 }, "geometry": { "type": "Polygon", "coordinates": [ [ [ 32.72411, 1.14204 ], [ 32.67581, 1.16623 ], [ 32.67563, 1.21489 ], [ 32.72374, 1.23936 ], [ 32.77204, 1.21517 ], [ 32.77223, 1.16651 ], [ 32.72411, 1.14204 ] ] ] } },
{ "type": "Feature", "properties": { "pop": 6252.0 }, "geometry": { "type": "Polygon", "coordinates": [ [ [ 32.72356, 1.28802 ], [ 32.67527, 1.31222 ], [ 32.67509, 1.36088 ], [ 32.7232, 1.38535 ], [ 32.77149, 1.36116 ], [ 32.77167, 1.31249 ], [ 32.72356, 1.28802 ] ] ] } },
{ "type": "Feature", "properties": { "pop": 2623.0 }, "geometry": { "type": "Polygon", "coordinates": [ [ [ 32.72301, 1.43402 ], [ 32.67472, 1.45822 ], [ 32.67454, 1.50689 ], [ 32.72265, 1.53137 ], [ 32.77094, 1.50717 ], [ 32.77112, 1.4585 ], [ 32.72301, 1.43402 ] ] ] } },
{ "type": "Feature", "properties": { "pop": 17487.0 }, "geometry": { "type": "Polygon", "coordinates": [ [ [ 32.72246, 1.58004 ], [ 32.67418, 1.60424 ], [ 32.67399, 1.65292 ], [ 32.7221, 1.6774 ], [ 32.77038, 1.6532 ], [ 32.77057, 1.60452 ], [ 32.72246, 1.58004 ] ] ] } },
{ "type": "Feature", "properties": { "pop": 2319.0 }, "geometry": { "type": "Polygon", "coordinates": [ [ [ 32.72192, 1.72608 ], [ 32.67363, 1.75029 ], [ 32.67345, 1.79897 ], [ 32.72155, 1.82346 ], [ 32.76983, 1.79925 ], [ 32.77002, 1.75056 ], [ 32.72192, 1.72608 ] ] ] } },
{ "type": "Feature", "properties": { "pop": 20172.0 }, "geometry": { "type": "Polygon", "coordinates": [ [ [ 32.72137, 1.87215 ], [ 32.67309, 1.89635 ], [ 32.6729, 1.94505 ], [ 32.721, 1.96953 ], [ 32.76928, 1.94532 ], [ 32.76946, 1.89663 ], [ 32.72137, 1.87215 ] ] ] } },
{ "type": "Feature", "properties": { "pop": 19615.0 }, "geometry": { "type": "Polygon", "coordinates": [ [ [ 32.72082, 2.01823 ], [ 32.67254, 2.04244 ], [ 32.67236, 2.09114 ], [ 32.72045, 2.11563 ], [ 32.76873, 2.09142 ], [ 32.76891, 2.04272 ], [ 32.72082, 2.01823 ] ] ] } },
{ "type": "Feature", "properties": { "pop": 22626.0 }, "geometry": { "type": "Polygon", "coordinates": [ [ [ 32.72027, 2.16434 ], [ 32.672, 2.18855 ], [ 32.67181, 2.23726 ], [ 32.7199, 2.26176 ], [ 32.76818, 2.23754 ], [ 32.76836, 2.18883 ], [ 32.72027, 2.16434 ] ] ] } },
{ "type": "Feature", "properties": { "pop": 27277.0 }, "geometry": { "type": "Polygon", "coordinates": [ [ [ 32.71972, 2.31047 ], [ 32.67145, 2.33469 ], [ 32.67127, 2.38341 ], [ 32.71936, 2.4079 ], [ 32.76763, 2.38368 ], [ 32.76781, 2.33496 ], [ 32.71972, 2.31047 ] ] ] } },
{ "type": "Feature", "properties": { "pop": 27413.0 }, "geometry": { "type": "Polygon", "coordinates": [ [ [ 32.71917, 2.45662 ], [ 32.67091, 2.48085 ], [ 32.67072, 2.52957 ], [ 32.71881, 2.55408 ], [ 32.76707, 2.52985 ], [ 32.76726, 2.48113 ], [ 32.71917, 2.45662 ] ] ] } },
{ "type": "Feature", "properties": { "pop": 8061.0 }, "geometry": { "type": "Polygon", "coordinates": [ [ [ 32.71862, 2.60281 ], [ 32.67036, 2.62704 ], [ 32.67018, 2.67577 ], [ 32.71826, 2.70028 ], [ 32.76652, 2.67605 ], [ 32.76671, 2.62731 ], [ 32.71862, 2.60281 ] ] ] } },
{ "type": "Feature", "properties": { "pop": 2188.0 }, "geometry": { "type": "Polygon", "coordinates": [ [ [ 32.71808, 2.74902 ], [ 32.66982, 2.77325 ], [ 32.66963, 2.82199 ], [ 32.71771, 2.8465 ], [ 32.76597, 2.82227 ], [ 32.76615, 2.77353 ], [ 32.71808, 2.74902 ] ] ] } },
{ "type": "Feature", "properties": { "pop": 8300.0 }, "geometry": { "type": "Polygon", "coordinates": [ [ [ 32.71753, 2.89525 ], [ 32.66927, 2.91949 ], [ 32.66909, 2.96824 ], [ 32.71716, 2.99276 ], [ 32.76542, 2.96852 ], [ 32.7656, 2.91977 ], [ 32.71753, 2.89525 ] ] ] } },
{ "type": "Feature", "properties": { "pop": 1578.0 }, "geometry": { "type": "Polygon", "coordinates": [ [ [ 32.71698, 3.04152 ], [ 32.66873, 3.06576 ], [ 32.66855, 3.11453 ], [ 32.71662, 3.13905 ], [ 32.76487, 3.1148 ], [ 32.76505, 3.06604 ], [ 32.71698, 3.04152 ] ] ] } },
{ "type": "Feature", "properties": { "pop": 1354.0 }, "geometry": { "type": "Polygon", "coordinates": [ [ [ 32.71643, 3.18781 ], [ 32.66818, 3.21206 ], [ 32.668, 3.26084 ], [ 32.71607, 3.28536 ], [ 32.76432, 3.26111 ], [ 32.7645, 3.21234 ], [ 32.71643, 3.18781 ] ] ] } },
{ "type": "Feature", "properties": { "pop": 2618.0 }, "geometry": { "type": "Polygon", "coordinates": [ [ [ 32.71588, 3.33414 ], [ 32.66764, 3.35839 ], [ 32.66746, 3.40718 ], [ 32.71552, 3.43171 ], [ 32.76377, 3.40746 ], [ 32.76395, 3.35867 ], [ 32.71588, 3.33414 ] ] ] } },
{ "type": "Feature", "properties": { "pop": 5045.0 }, "geometry": { "type": "Polygon", "coordinates": [ [ [ 32.71534, 3.4805 ], [ 32.66709, 3.50476 ], [ 32.66691, 3.55355 ], [ 32.71497, 3.57809 ], [ 32.76321, 3.55383 ], [ 32.7634, 3.50503 ], [ 32.71534, 3.4805 ] ] ] } },
{ "type": "Feature", "properties": { "pop": 2350.0 }, "geometry": { "type": "Polygon", "coordinates": [ [ [ 32.71479, 3.62689 ], [ 32.66655, 3.65115 ], [ 32.66637, 3.69996 ], [ 32.71442, 3.7245 ], [ 32.76266, 3.70024 ], [ 32.76285, 3.65143 ], [ 32.71479, 3.62689 ] ] ] } },
{ "type": "Feature", "properties": { "pop": 13.0 }, "geometry": { "type": "Polygon", "coordinates": [ [ [ 32.71424, 3.77331 ], [ 32.66601, 3.79758 ], [ 32.66582, 3.8464 ], [ 32.71388, 3.87095 ], [ 32.76211, 3.84668 ], [ 32.7623, 3.79786 ], [ 32.71424, 3.77331 ] ] ] } },
{ "type": "Feature", "properties": { "pop": 5363.0 }, "geometry": { "type": "Polygon", "coordinates": [ [ [ 32.77702, -0.09805 ], [ 32.72869, -0.07388 ], [ 32.7285, -0.02526 ], [ 32.77665, -0.00081 ], [ 32.82497, -0.02499 ], [ 32.82516, -0.07361 ], [ 32.77702, -0.09805 ] ] ] } },
{ "type": "Feature", "properties": { "pop": 3985.0 }, "geometry": { "type": "Polygon", "coordinates": [ [ [ 32.77646, 0.04781 ], [ 32.72814, 0.07198 ], [ 32.72796, 0.1206 ], [ 32.77609, 0.14505 ], [ 32.82442, 0.12088 ], [ 32.8246, 0.07226 ], [ 32.77646, 0.04781 ] ] ] } },
{ "type": "Feature", "properties": { "pop": 31011.0 }, "geometry": { "type": "Polygon", "coordinates": [ [ [ 32.77591, 0.19368 ], [ 32.72759, 0.21785 ], [ 32.72741, 0.26648 ], [ 32.77554, 0.29094 ], [ 32.82386, 0.26676 ], [ 32.82405, 0.21813 ], [ 32.77591, 0.19368 ] ] ] } },
{ "type": "Feature", "properties": { "pop": 103690.0 }, "geometry": { "type": "Polygon", "coordinates": [ [ [ 32.77536, 0.33956 ], [ 32.72704, 0.36374 ], [ 32.72686, 0.41237 ], [ 32.77499, 0.43683 ], [ 32.8233, 0.41265 ], [ 32.82349, 0.36402 ], [ 32.77536, 0.33956 ] ] ] } },
{ "type": "Feature", "properties": { "pop": 48512.0 }, "geometry": { "type": "Polygon", "coordinates": [ [ [ 32.7748, 0.48546 ], [ 32.72649, 0.50964 ], [ 32.72631, 0.55828 ], [ 32.77444, 0.58273 ], [ 32.82275, 0.55856 ], [ 32.82293, 0.50992 ], [ 32.7748, 0.48546 ] ] ] } },
{ "type": "Feature", "properties": { "pop": 21953.0 }, "geometry": { "type": "Polygon", "coordinates": [ [ [ 32.77425, 0.63137 ], [ 32.72594, 0.65555 ], [ 32.72576, 0.70419 ], [ 32.77388, 0.72865 ], [ 32.82219, 0.70447 ], [ 32.82238, 0.65583 ], [ 32.77425, 0.63137 ] ] ] } },
{ "type": "Feature", "properties": { "pop": 11738.0 }, "geometry": { "type": "Polygon", "coordinates": [ [ [ 32.7737, 0.7773 ], [ 32.72539, 0.80148 ], [ 32.72521, 0.85013 ], [ 32.77333, 0.87459 ], [ 32.82164, 0.85041 ], [ 32.82182, 0.80176 ], [ 32.7737, 0.7773 ] ] ] } },
{ "type": "Feature", "properties": { "pop": 7394.0 }, "geometry": { "type": "Polygon", "coordinates": [ [ [ 32.77315, 0.92324 ], [ 32.72484, 0.94742 ], [ 32.72466, 0.99607 ], [ 32.77278, 1.02054 ], [ 32.82108, 0.99635 ], [ 32.82127, 0.9477 ], [ 32.77315, 0.92324 ] ] ] } },
{ "type": "Feature", "properties": { "pop": 4262.0 }, "geometry": { "type": "Polygon", "coordinates": [ [ [ 32.77259, 1.06919 ], [ 32.72429, 1.09338 ], [ 32.72411, 1.14204 ], [ 32.77223, 1.16651 ], [ 32.82052, 1.14232 ], [ 32.82071, 1.09366 ], [ 32.77259, 1.06919 ] ] ] } },
{ "type": "Feature", "properties": { "pop": 4858.0 }, "geometry": { "type": "Polygon", "coordinates": [ [ [ 32.77204, 1.21517 ], [ 32.72374, 1.23936 ], [ 32.72356, 1.28802 ], [ 32.77167, 1.31249 ], [ 32.81997, 1.2883 ], [ 32.82015, 1.23964 ], [ 32.77204, 1.21517 ] ] ] } },
{ "type": "Feature", "properties": { "pop": 4970.0 }, "geometry": { "type": "Polygon", "coordinates": [ [ [ 32.77149, 1.36116 ], [ 32.7232, 1.38535 ], [ 32.72301, 1.43402 ], [ 32.77112, 1.4585 ], [ 32.81941, 1.4343 ], [ 32.8196, 1.38563 ], [ 32.77149, 1.36116 ] ] ] } },
{ "type": "Feature", "properties": { "pop": 4852.0 }, "geometry": { "type": "Polygon", "coordinates": [ [ [ 32.77094, 1.50717 ], [ 32.72265, 1.53137 ], [ 32.72246, 1.58004 ], [ 32.77057, 1.60452 ], [ 32.81886, 1.58032 ], [ 32.81904, 1.53165 ], [ 32.77094, 1.50717 ] ] ] } },
{ "type": "Feature", "properties": { "pop": 16596.0 }, "geometry": { "type": "Polygon", "coordinates": [ [ [ 32.77038, 1.6532 ], [ 32.7221, 1.6774 ], [ 32.72192, 1.72608 ], [ 32.77002, 1.75056 ], [ 32.8183, 1.72636 ], [ 32.81849, 1.67768 ], [ 32.77038, 1.6532 ] ] ] } },
{ "type": "Feature", "properties": { "pop": 9113.0 }, "geometry": { "type": "Polygon", "coordinates": [ [ [ 32.76983, 1.79925 ], [ 32.72155, 1.82346 ], [ 32.72137, 1.87215 ], [ 32.76946, 1.89663 ], [ 32.81775, 1.87242 ], [ 32.81793, 1.82373 ], [ 32.76983, 1.79925 ] ] ] } },
{ "type": "Feature", "properties": { "pop": 20229.0 }, "geometry": { "type": "Polygon", "coordinates": [ [ [ 32.76928, 1.94532 ], [ 32.721, 1.96953 ], [ 32.72082, 2.01823 ], [ 32.76891, 2.04272 ], [ 32.81719, 2.01851 ], [ 32.81738, 1.96981 ], [ 32.76928, 1.94532 ] ] ] } },
{ "type": "Feature", "properties": { "pop": 17750.0 }, "geometry": { "type": "Polygon", "coordinates": [ [ [ 32.76873, 2.09142 ], [ 32.72045, 2.11563 ], [ 32.72027, 2.16434 ], [ 32.76836, 2.18883 ], [ 32.81664, 2.16462 ], [ 32.81682, 2.11591 ], [ 32.76873, 2.09142 ] ] ] } },
{ "type": "Feature", "properties": { "pop": 24825.0 }, "geometry": { "type": "Polygon", "coordinates": [ [ [ 32.76818, 2.23754 ], [ 32.7199, 2.26176 ], [ 32.71972, 2.31047 ], [ 32.76781, 2.33496 ], [ 32.81608, 2.31075 ], [ 32.81627, 2.26203 ], [ 32.76818, 2.23754 ] ] ] } },
{ "type": "Feature", "properties": { "pop": 25958.0 }, "geometry": { "type": "Polygon", "coordinates": [ [ [ 32.76763, 2.38368 ], [ 32.71936, 2.4079 ], [ 32.71917, 2.45662 ], [ 32.76726, 2.48113 ], [ 32.81553, 2.4569 ], [ 32.81571, 2.40818 ], [ 32.76763, 2.38368 ] ] ] } },
{ "type": "Feature", "properties": { "pop": 21630.0 }, "geometry": { "type": "Polygon", "coordinates": [ [ [ 32.76707, 2.52985 ], [ 32.71881, 2.55408 ], [ 32.71862, 2.60281 ], [ 32.76671, 2.62731 ], [ 32.81497, 2.60309 ], [ 32.81516, 2.55436 ], [ 32.76707, 2.52985 ] ] ] } },
{ "type": "Feature", "properties": { "pop": 7218.0 }, "geometry": { "type": "Polygon", "coordinates": [ [ [ 32.76652, 2.67605 ], [ 32.71826, 2.70028 ], [ 32.71808, 2.74902 ], [ 32.76615, 2.77353 ], [ 32.81442, 2.7493 ], [ 32.8146, 2.70056 ], [ 32.76652, 2.67605 ] ] ] } },
{ "type": "Feature", "properties": { "pop": 2939.0 }, "geometry": { "type": "Polygon", "coordinates": [ [ [ 32.76597, 2.82227 ], [ 32.71771, 2.8465 ], [ 32.71753, 2.89525 ], [ 32.7656, 2.91977 ], [ 32.81386, 2.89553 ], [ 32.81405, 2.84678 ], [ 32.76597, 2.82227 ] ] ] } },
{ "type": "Feature", "properties": { "pop": 7263.0 }, "geometry": { "type": "Polygon", "coordinates": [ [ [ 32.76542, 2.96852 ], [ 32.71716, 2.99276 ], [ 32.71698, 3.04152 ], [ 32.76505, 3.06604 ], [ 32.81331, 3.0418 ], [ 32.81349, 2.99304 ], [ 32.76542, 2.96852 ] ] ] } },
{ "type": "Feature", "properties": { "pop": 1599.0 }, "geometry": { "type": "Polygon", "coordinates": [ [ [ 32.76487, 3.1148 ], [ 32.71662, 3.13905 ], [ 32.71643, 3.18781 ], [ 32.7645, 3.21234 ], [ 32.81275, 3.18809 ], [ 32.81294, 3.13933 ], [ 32.76487, 3.1148 ] ] ] } },
{ "type": "Feature", "properties": { "pop": 5607.0 }, "geometry": { "type": "Polygon", "coordinates": [ [ [ 32.76432, 3.26111 ], [ 32.71607, 3.28536 ], [ 32.71588, 3.33414 ], [ 32.76395, 3.35867 ], [ 32.8122, 3.33442 ], [ 32.81238, 3.28564 ], [ 32.76432, 3.26111 ] ] ] } },
{ "type": "Feature", "properties": { "pop": 6518.0 }, "geometry": { "type": "Polygon", "coordinates": [ [ [ 32.76377, 3.40746 ], [ 32.71552, 3.43171 ], [ 32.71534, 3.4805 ], [ 32.7634, 3.50503 ], [ 32.81164, 3.48078 ], [ 32.81183, 3.43199 ], [ 32.76377, 3.40746 ] ] ] } },
{ "type": "Feature", "properties": { "pop": 5450.0 }, "geometry": { "type": "Polygon", "coordinates": [ [ [ 32.76321, 3.55383 ], [ 32.71497, 3.57809 ], [ 32.71479, 3.62689 ], [ 32.76285, 3.65143 ], [ 32.81109, 3.62717 ], [ 32.81127, 3.57837 ], [ 32.76321, 3.55383 ] ] ] } },
{ "type": "Feature", "properties": { "pop": 5795.0 }, "geometry": { "type": "Polygon", "coordinates": [ [ [ 32.76266, 3.70024 ], [ 32.71442, 3.7245 ], [ 32.71424, 3.77331 ], [ 32.7623, 3.79786 ], [ 32.81053, 3.77359 ], [ 32.81072, 3.72478 ], [ 32.76266, 3.70024 ] ] ] } },
{ "type": "Feature", "properties": { "pop": 2277.0 }, "geometry": { "type": "Polygon", "coordinates": [ [ [ 32.82553, -0.17084 ], [ 32.7772, -0.14667 ], [ 32.77702, -0.09805 ], [ 32.82516, -0.07361 ], [ 32.87349, -0.09777 ], [ 32.87367, -0.14639 ], [ 32.82553, -0.17084 ] ] ] } },
{ "type": "Feature", "properties": { "pop": 3263.0 }, "geometry": { "type": "Polygon", "coordinates": [ [ [ 32.82497, -0.02499 ], [ 32.77665, -0.00081 ], [ 32.77646, 0.04781 ], [ 32.8246, 0.07226 ], [ 32.87293, 0.04809 ], [ 32.87312, -0.00053 ], [ 32.82497, -0.02499 ] ] ] } },
{ "type": "Feature", "properties": { "pop": 19656.0 }, "geometry": { "type": "Polygon", "coordinates": [ [ [ 32.82442, 0.12088 ], [ 32.77609, 0.14505 ], [ 32.77591, 0.19368 ], [ 32.82405, 0.21813 ], [ 32.87237, 0.19396 ], [ 32.87256, 0.14534 ], [ 32.82442, 0.12088 ] ] ] } },
{ "type": "Feature", "properties": { "pop": 26317.0 }, "geometry": { "type": "Polygon", "coordinates": [ [ [ 32.82386, 0.26676 ], [ 32.77554, 0.29094 ], [ 32.77536, 0.33956 ], [ 32.82349, 0.36402 ], [ 32.87181, 0.33985 ], [ 32.872, 0.29122 ], [ 32.82386, 0.26676 ] ] ] } },
{ "type": "Feature", "properties": { "pop": 23562.0 }, "geometry": { "type": "Polygon", "coordinates": [ [ [ 32.8233, 0.41265 ], [ 32.77499, 0.43683 ], [ 32.7748, 0.48546 ], [ 32.82293, 0.50992 ], [ 32.87125, 0.48574 ], [ 32.87144, 0.43711 ], [ 32.8233, 0.41265 ] ] ] } },
{ "type": "Feature", "properties": { "pop": 28169.0 }, "geometry": { "type": "Polygon", "coordinates": [ [ [ 32.82275, 0.55856 ], [ 32.77444, 0.58273 ], [ 32.77425, 0.63137 ], [ 32.82238, 0.65583 ], [ 32.87069, 0.63165 ], [ 32.87088, 0.58301 ], [ 32.82275, 0.55856 ] ] ] } },
{ "type": "Feature", "properties": { "pop": 16815.0 }, "geometry": { "type": "Polygon", "coordinates": [ [ [ 32.82219, 0.70447 ], [ 32.77388, 0.72865 ], [ 32.7737, 0.7773 ], [ 32.82182, 0.80176 ], [ 32.87013, 0.77758 ], [ 32.87032, 0.72893 ], [ 32.82219, 0.70447 ] ] ] } },
{ "type": "Feature", "properties": { "pop": 13838.0 }, "geometry": { "type": "Polygon", "coordinates": [ [ [ 32.82164, 0.85041 ], [ 32.77333, 0.87459 ], [ 32.77315, 0.92324 ], [ 32.82127, 0.9477 ], [ 32.86957, 0.92352 ], [ 32.86976, 0.87487 ], [ 32.82164, 0.85041 ] ] ] } },
{ "type": "Feature", "properties": { "pop": 5965.0 }, "geometry": { "type": "Polygon", "coordinates": [ [ [ 32.82108, 0.99635 ], [ 32.77278, 1.02054 ], [ 32.77259, 1.06919 ], [ 32.82071, 1.09366 ], [ 32.86901, 1.06947 ], [ 32.8692, 1.02082 ], [ 32.82108, 0.99635 ] ] ] } },
{ "type": "Feature", "properties": { "pop": 4955.0 }, "geometry": { "type": "Polygon", "coordinates": [ [ [ 32.82052, 1.14232 ], [ 32.77223, 1.16651 ], [ 32.77204, 1.21517 ], [ 32.82015, 1.23964 ], [ 32.86845, 1.21545 ], [ 32.86864, 1.16679 ], [ 32.82052, 1.14232 ] ] ] } },
{ "type": "Feature", "properties": { "pop": 9555.0 }, "geometry": { "type": "Polygon", "coordinates": [ [ [ 32.81997, 1.2883 ], [ 32.77167, 1.31249 ], [ 32.77149, 1.36116 ], [ 32.8196, 1.38563 ], [ 32.86789, 1.36144 ], [ 32.86808, 1.31277 ], [ 32.81997, 1.2883 ] ] ] } },
{ "type": "Feature", "properties": { "pop": 18801.0 }, "geometry": { "type": "Polygon", "coordinates": [ [ [ 32.81886, 1.58032 ], [ 32.77057, 1.60452 ], [ 32.77038, 1.6532 ], [ 32.81849, 1.67768 ], [ 32.86677, 1.65348 ], [ 32.86696, 1.6048 ], [ 32.81886, 1.58032 ] ] ] } },
{ "type": "Feature", "properties": { "pop": 12034.0 }, "geometry": { "type": "Polygon", "coordinates": [ [ [ 32.8183, 1.72636 ], [ 32.77002, 1.75056 ], [ 32.76983, 1.79925 ], [ 32.81793, 1.82373 ], [ 32.86622, 1.79953 ], [ 32.8664, 1.75085 ], [ 32.8183, 1.72636 ] ] ] } },
{ "type": "Feature", "properties": { "pop": 16337.0 }, "geometry": { "type": "Polygon", "coordinates": [ [ [ 32.81775, 1.87242 ], [ 32.76946, 1.89663 ], [ 32.76928, 1.94532 ], [ 32.81738, 1.96981 ], [ 32.86566, 1.9456 ], [ 32.86584, 1.89691 ], [ 32.81775, 1.87242 ] ] ] } },
{ "type": "Feature", "properties": { "pop": 15807.0 }, "geometry": { "type": "Polygon", "coordinates": [ [ [ 32.81719, 2.01851 ], [ 32.76891, 2.04272 ], [ 32.76873, 2.09142 ], [ 32.81682, 2.11591 ], [ 32.8651, 2.0917 ], [ 32.86528, 2.043 ], [ 32.81719, 2.01851 ] ] ] } },
{ "type": "Feature", "properties": { "pop": 26713.0 }, "geometry": { "type": "Polygon", "coordinates": [ [ [ 32.81664, 2.16462 ], [ 32.76836, 2.18883 ], [ 32.76818, 2.23754 ], [ 32.81627, 2.26203 ], [ 32.86454, 2.23782 ], [ 32.86473, 2.18911 ], [ 32.81664, 2.16462 ] ] ] } },
{ "type": "Feature", "properties": { "pop": 21986.0 }, "geometry": { "type": "Polygon", "coordinates": [ [ [ 32.81608, 2.31075 ], [ 32.76781, 2.33496 ], [ 32.76763, 2.38368 ], [ 32.81571, 2.40818 ], [ 32.86398, 2.38396 ], [ 32.86417, 2.33525 ], [ 32.81608, 2.31075 ] ] ] } },
{ "type": "Feature", "properties": { "pop": 23939.0 }, "geometry": { "type": "Polygon", "coordinates": [ [ [ 32.81553, 2.4569 ], [ 32.76726, 2.48113 ], [ 32.76707, 2.52985 ], [ 32.81516, 2.55436 ], [ 32.86342, 2.53013 ], [ 32.86361, 2.48141 ], [ 32.81553, 2.4569 ] ] ] } },
{ "type": "Feature", "properties": { "pop": 9445.0 }, "geometry": { "type": "Polygon", "coordinates": [ [ [ 32.81497, 2.60309 ], [ 32.76671, 2.62731 ], [ 32.76652, 2.67605 ], [ 32.8146, 2.70056 ], [ 32.86286, 2.67633 ], [ 32.86305, 2.62759 ], [ 32.81497, 2.60309 ] ] ] } },
{ "type": "Feature", "properties": { "pop": 2005.0 }, "geometry": { "type": "Polygon", "coordinates": [ [ [ 32.81442, 2.7493 ], [ 32.76615, 2.77353 ], [ 32.76597, 2.82227 ], [ 32.81405, 2.84678 ], [ 32.86231, 2.82255 ], [ 32.86249, 2.77381 ], [ 32.81442, 2.7493 ] ] ] } },
{ "type": "Feature", "properties": { "pop": 2821.0 }, "geometry": { "type": "Polygon", "coordinates": [ [ [ 32.81386, 2.89553 ], [ 32.7656, 2.91977 ], [ 32.76542, 2.96852 ], [ 32.81349, 2.99304 ], [ 32.86175, 2.9688 ], [ 32.86193, 2.92005 ], [ 32.81386, 2.89553 ] ] ] } },
{ "type": "Feature", "properties": { "pop": 10113.0 }, "geometry": { "type": "Polygon", "coordinates": [ [ [ 32.81331, 3.0418 ], [ 32.76505, 3.06604 ], [ 32.76487, 3.1148 ], [ 32.81294, 3.13933 ], [ 32.86119, 3.11508 ], [ 32.86138, 3.06632 ], [ 32.81331, 3.0418 ] ] ] } },
{ "type": "Feature", "properties": { "pop": 3086.0 }, "geometry": { "type": "Polygon", "coordinates": [ [ [ 32.81275, 3.18809 ], [ 32.7645, 3.21234 ], [ 32.76432, 3.26111 ], [ 32.81238, 3.28564 ], [ 32.86063, 3.26139 ], [ 32.86082, 3.21262 ], [ 32.81275, 3.18809 ] ] ] } },
{ "type": "Feature", "properties": { "pop": 4564.0 }, "geometry": { "type": "Polygon", "coordinates": [ [ [ 32.8122, 3.33442 ], [ 32.76395, 3.35867 ], [ 32.76377, 3.40746 ], [ 32.81183, 3.43199 ], [ 32.86007, 3.40774 ], [ 32.86026, 3.35895 ], [ 32.8122, 3.33442 ] ] ] } },
{ "type": "Feature", "properties": { "pop": 7737.0 }, "geometry": { "type": "Polygon", "coordinates": [ [ [ 32.81164, 3.48078 ], [ 32.7634, 3.50503 ], [ 32.76321, 3.55383 ], [ 32.81127, 3.57837 ], [ 32.85952, 3.55411 ], [ 32.8597, 3.50532 ], [ 32.81164, 3.48078 ] ] ] } },
{ "type": "Feature", "properties": { "pop": 1359.0 }, "geometry": { "type": "Polygon", "coordinates": [ [ [ 32.81109, 3.62717 ], [ 32.76285, 3.65143 ], [ 32.76266, 3.70024 ], [ 32.81072, 3.72478 ], [ 32.85896, 3.70052 ], [ 32.85914, 3.65171 ], [ 32.81109, 3.62717 ] ] ] } },
{ "type": "Feature", "properties": { "pop": 2227.0 }, "geometry": { "type": "Polygon", "coordinates": [ [ [ 32.81053, 3.77359 ], [ 32.7623, 3.79786 ], [ 32.76211, 3.84668 ], [ 32.81016, 3.87123 ], [ 32.8584, 3.84696 ], [ 32.85859, 3.79814 ], [ 32.81053, 3.77359 ] ] ] } },
{ "type": "Feature", "properties": { "pop": 237.0 }, "geometry": { "type": "Polygon", "coordinates": [ [ [ 32.87349, -0.09777 ], [ 32.82516, -0.07361 ], [ 32.82497, -0.02499 ], [ 32.87312, -0.00053 ], [ 32.92144, -0.0247 ], [ 32.92163, -0.07332 ], [ 32.87349, -0.09777 ] ] ] } },
{ "type": "Feature", "properties": { "pop": 2786.0 }, "geometry": { "type": "Polygon", "coordinates": [ [ [ 32.87293, 0.04809 ], [ 32.8246, 0.07226 ], [ 32.82442, 0.12088 ], [ 32.87256, 0.14534 ], [ 32.92088, 0.12116 ], [ 32.92107, 0.07254 ], [ 32.87293, 0.04809 ] ] ] } },
{ "type": "Feature", "properties": { "pop": 22860.0 }, "geometry": { "type": "Polygon", "coordinates": [ [ [ 32.87237, 0.19396 ], [ 32.82405, 0.21813 ], [ 32.82386, 0.26676 ], [ 32.872, 0.29122 ], [ 32.92032, 0.26704 ], [ 32.9205, 0.21842 ], [ 32.87237, 0.19396 ] ] ] } },
{ "type": "Feature", "properties": { "pop": 49697.0 }, "geometry": { "type": "Polygon", "coordinates": [ [ [ 32.87181, 0.33985 ], [ 32.82349, 0.36402 ], [ 32.8233, 0.41265 ], [ 32.87144, 0.43711 ], [ 32.91975, 0.41293 ], [ 32.91994, 0.3643 ], [ 32.87181, 0.33985 ] ] ] } },
{ "type": "Feature", "properties": { "pop": 21087.0 }, "geometry": { "type": "Polygon", "coordinates": [ [ [ 32.87125, 0.48574 ], [ 32.82293, 0.50992 ], [ 32.82275, 0.55856 ], [ 32.87088, 0.58301 ], [ 32.91919, 0.55884 ], [ 32.91938, 0.5102 ], [ 32.87125, 0.48574 ] ] ] } },
{ "type": "Feature", "properties": { "pop": 51588.0 }, "geometry": { "type": "Polygon", "coordinates": [ [ [ 32.87069, 0.63165 ], [ 32.82238, 0.65583 ], [ 32.82219, 0.70447 ], [ 32.87032, 0.72893 ], [ 32.91863, 0.70475 ], [ 32.91881, 0.65611 ], [ 32.87069, 0.63165 ] ] ] } },
{ "type": "Feature", "properties": { "pop": 32963.0 }, "geometry": { "type": "Polygon", "coordinates": [ [ [ 32.87013, 0.77758 ], [ 32.82182, 0.80176 ], [ 32.82164, 0.85041 ], [ 32.86976, 0.87487 ], [ 32.91806, 0.85069 ], [ 32.91825, 0.80204 ], [ 32.87013, 0.77758 ] ] ] } },
{ "type": "Feature", "properties": { "pop": 19154.0 }, "geometry": { "type": "Polygon", "coordinates": [ [ [ 32.86957, 0.92352 ], [ 32.82127, 0.9477 ], [ 32.82108, 0.99635 ], [ 32.8692, 1.02082 ], [ 32.9175, 0.99664 ], [ 32.91769, 0.94798 ], [ 32.86957, 0.92352 ] ] ] } },
{ "type": "Feature", "properties": { "pop": 7781.0 }, "geometry": { "type": "Polygon", "coordinates": [ [ [ 32.86901, 1.06947 ], [ 32.82071, 1.09366 ], [ 32.82052, 1.14232 ], [ 32.86864, 1.16679 ], [ 32.91694, 1.1426 ], [ 32.91713, 1.09394 ], [ 32.86901, 1.06947 ] ] ] } },
{ "type": "Feature", "properties": { "pop": 10023.0 }, "geometry": { "type": "Polygon", "coordinates": [ [ [ 32.86845, 1.21545 ], [ 32.82015, 1.23964 ], [ 32.81997, 1.2883 ], [ 32.86808, 1.31277 ], [ 32.91638, 1.28858 ], [ 32.91656, 1.23992 ], [ 32.86845, 1.21545 ] ] ] } },
{ "type": "Feature", "properties": { "pop": 19713.0 }, "geometry": { "type": "Polygon", "coordinates": [ [ [ 32.86789, 1.36144 ], [ 32.8196, 1.38563 ], [ 32.81941, 1.4343 ], [ 32.86752, 1.45878 ], [ 32.91581, 1.43458 ], [ 32.916, 1.38591 ], [ 32.86789, 1.36144 ] ] ] } },
{ "type": "Feature", "properties": { "pop": 7181.0 }, "geometry": { "type": "Polygon", "coordinates": [ [ [ 32.86733, 1.50745 ], [ 32.81904, 1.53165 ], [ 32.81886, 1.58032 ], [ 32.86696, 1.6048 ], [ 32.91525, 1.5806 ], [ 32.91544, 1.53193 ], [ 32.86733, 1.50745 ] ] ] } },
{ "type": "Feature", "properties": { "pop": 20580.0 }, "geometry": { "type": "Polygon", "coordinates": [ [ [ 32.86677, 1.65348 ], [ 32.81849, 1.67768 ], [ 32.8183, 1.72636 ], [ 32.8664, 1.75085 ], [ 32.91469, 1.72664 ], [ 32.91488, 1.67796 ], [ 32.86677, 1.65348 ] ] ] } },
{ "type": "Feature", "properties": { "pop": 8830.0 }, "geometry": { "type": "Polygon", "coordinates": [ [ [ 32.86622, 1.79953 ], [ 32.81793, 1.82373 ], [ 32.81775, 1.87242 ], [ 32.86584, 1.89691 ], [ 32.91413, 1.87271 ], [ 32.91431, 1.82402 ], [ 32.86622, 1.79953 ] ] ] } },
{ "type": "Feature", "properties": { "pop": 16434.0 }, "geometry": { "type": "Polygon", "coordinates": [ [ [ 32.86566, 1.9456 ], [ 32.81738, 1.96981 ], [ 32.81719, 2.01851 ], [ 32.86528, 2.043 ], [ 32.91356, 2.01879 ], [ 32.91375, 1.97009 ], [ 32.86566, 1.9456 ] ] ] } },
{ "type": "Feature", "properties": { "pop": 24501.0 }, "geometry": { "type": "Polygon", "coordinates": [ [ [ 32.8651, 2.0917 ], [ 32.81682, 2.11591 ], [ 32.81664, 2.16462 ], [ 32.86473, 2.18911 ], [ 32.913, 2.1649 ], [ 32.91319, 2.11619 ], [ 32.8651, 2.0917 ] ] ] } },
{ "type": "Feature", "properties": { "pop": 83973.0 }, "geometry": { "type": "Polygon", "coordinates": [ [ [ 32.86454, 2.23782 ], [ 32.81627, 2.26203 ], [ 32.81608, 2.31075 ], [ 32.86417, 2.33525 ], [ 32.91244, 2.31103 ], [ 32.91263, 2.26232 ], [ 32.86454, 2.23782 ] ] ] } },
{ "type": "Feature", "properties": { "pop": 23853.0 }, "geometry": { "type": "Polygon", "coordinates": [ [ [ 32.86398, 2.38396 ], [ 32.81571, 2.40818 ], [ 32.81553, 2.4569 ], [ 32.86361, 2.48141 ], [ 32.91188, 2.45719 ], [ 32.91207, 2.40846 ], [ 32.86398, 2.38396 ] ] ] } },
{ "type": "Feature", "properties": { "pop": 20449.0 }, "geometry": { "type": "Polygon", "coordinates": [ [ [ 32.86342, 2.53013 ], [ 32.81516, 2.55436 ], [ 32.81497, 2.60309 ], [ 32.86305, 2.62759 ], [ 32.91132, 2.60337 ], [ 32.9115, 2.55464 ], [ 32.86342, 2.53013 ] ] ] } },
{ "type": "Feature", "properties": { "pop": 3460.0 }, "geometry": { "type": "Polygon", "coordinates": [ [ [ 32.86286, 2.67633 ], [ 32.8146, 2.70056 ], [ 32.81442, 2.7493 ], [ 32.86249, 2.77381 ], [ 32.91075, 2.74958 ], [ 32.91094, 2.70084 ], [ 32.86286, 2.67633 ] ] ] } },
{ "type": "Feature", "properties": { "pop": 2146.0 }, "geometry": { "type": "Polygon", "coordinates": [ [ [ 32.86231, 2.82255 ], [ 32.81405, 2.84678 ], [ 32.81386, 2.89553 ], [ 32.86193, 2.92005 ], [ 32.91019, 2.89582 ], [ 32.91038, 2.84707 ], [ 32.86231, 2.82255 ] ] ] } },
{ "type": "Feature", "properties": { "pop": 3520.0 }, "geometry": { "type": "Polygon", "coordinates": [ [ [ 32.86175, 2.9688 ], [ 32.81349, 2.99304 ], [ 32.81331, 3.0418 ], [ 32.86138, 3.06632 ], [ 32.90963, 3.04208 ], [ 32.90982, 2.99332 ], [ 32.86175, 2.9688 ] ] ] } },
{ "type": "Feature", "properties": { "pop": 4596.0 }, "geometry": { "type": "Polygon", "coordinates": [ [ [ 32.86119, 3.11508 ], [ 32.81294, 3.13933 ], [ 32.81275, 3.18809 ], [ 32.86082, 3.21262 ], [ 32.90907, 3.18838 ], [ 32.90926, 3.13961 ], [ 32.86119, 3.11508 ] ] ] } },
{ "type": "Feature", "properties": { "pop": 55708.0 }, "geometry": { "type": "Polygon", "coordinates": [ [ [ 32.86063, 3.26139 ], [ 32.81238, 3.28564 ], [ 32.8122, 3.33442 ], [ 32.86026, 3.35895 ], [ 32.90851, 3.3347 ], [ 32.90869, 3.28592 ], [ 32.86063, 3.26139 ] ] ] } },
{ "type": "Feature", "properties": { "pop": 11028.0 }, "geometry": { "type": "Polygon", "coordinates": [ [ [ 32.86007, 3.40774 ], [ 32.81183, 3.43199 ], [ 32.81164, 3.48078 ], [ 32.8597, 3.50532 ], [ 32.90795, 3.48106 ], [ 32.90813, 3.43227 ], [ 32.86007, 3.40774 ] ] ] } },
{ "type": "Feature", "properties": { "pop": 1989.0 }, "geometry": { "type": "Polygon", "coordinates": [ [ [ 32.85952, 3.55411 ], [ 32.81127, 3.57837 ], [ 32.81109, 3.62717 ], [ 32.85914, 3.65171 ], [ 32.90739, 3.62745 ], [ 32.90757, 3.57865 ], [ 32.85952, 3.55411 ] ] ] } },
{ "type": "Feature", "properties": { "pop": 2254.0 }, "geometry": { "type": "Polygon", "coordinates": [ [ [ 32.85896, 3.70052 ], [ 32.81072, 3.72478 ], [ 32.81053, 3.77359 ], [ 32.85859, 3.79814 ], [ 32.90682, 3.77388 ], [ 32.90701, 3.72506 ], [ 32.85896, 3.70052 ] ] ] } },
{ "type": "Feature", "properties": { "pop": 5040.0 }, "geometry": { "type": "Polygon", "coordinates": [ [ [ 32.92144, -0.0247 ], [ 32.87312, -0.00053 ], [ 32.87293, 0.04809 ], [ 32.92107, 0.07254 ], [ 32.96939, 0.04837 ], [ 32.96958, -0.00025 ], [ 32.92144, -0.0247 ] ] ] } },
{ "type": "Feature", "properties": { "pop": 12756.0 }, "geometry": { "type": "Polygon", "coordinates": [ [ [ 32.92088, 0.12116 ], [ 32.87256, 0.14534 ], [ 32.87237, 0.19396 ], [ 32.9205, 0.21842 ], [ 32.96883, 0.19424 ], [ 32.96902, 0.14562 ], [ 32.92088, 0.12116 ] ] ] } },
{ "type": "Feature", "properties": { "pop": 21160.0 }, "geometry": { "type": "Polygon", "coordinates": [ [ [ 32.92032, 0.26704 ], [ 32.872, 0.29122 ], [ 32.87181, 0.33985 ], [ 32.91994, 0.3643 ], [ 32.96826, 0.34013 ], [ 32.96845, 0.2915 ], [ 32.92032, 0.26704 ] ] ] } },
{ "type": "Feature", "properties": { "pop": 12020.0 }, "geometry": { "type": "Polygon", "coordinates": [ [ [ 32.91975, 0.41293 ], [ 32.87144, 0.43711 ], [ 32.87125, 0.48574 ], [ 32.91938, 0.5102 ], [ 32.96769, 0.48603 ], [ 32.96788, 0.43739 ], [ 32.91975, 0.41293 ] ] ] } },
{ "type": "Feature", "properties": { "pop": 18834.0 }, "geometry": { "type": "Polygon", "coordinates": [ [ [ 32.91919, 0.55884 ], [ 32.87088, 0.58301 ], [ 32.87069, 0.63165 ], [ 32.91881, 0.65611 ], [ 32.96713, 0.63194 ], [ 32.96732, 0.5833 ], [ 32.91919, 0.55884 ] ] ] } },
{ "type": "Feature", "properties": { "pop": 29898.0 }, "geometry": { "type": "Polygon", "coordinates": [ [ [ 32.91863, 0.70475 ], [ 32.87032, 0.72893 ], [ 32.87013, 0.77758 ], [ 32.91825, 0.80204 ], [ 32.96656, 0.77786 ], [ 32.96675, 0.72922 ], [ 32.91863, 0.70475 ] ] ] } },
{ "type": "Feature", "properties": { "pop": 19817.0 }, "geometry": { "type": "Polygon", "coordinates": [ [ [ 32.91806, 0.85069 ], [ 32.86976, 0.87487 ], [ 32.86957, 0.92352 ], [ 32.91769, 0.94798 ], [ 32.966, 0.9238 ], [ 32.96618, 0.87515 ], [ 32.91806, 0.85069 ] ] ] } },
{ "type": "Feature", "properties": { "pop": 10004.0 }, "geometry": { "type": "Polygon", "coordinates": [ [ [ 32.9175, 0.99664 ], [ 32.8692, 1.02082 ], [ 32.86901, 1.06947 ], [ 32.91713, 1.09394 ], [ 32.96543, 1.06976 ], [ 32.96562, 1.0211 ], [ 32.9175, 0.99664 ] ] ] } },
{ "type": "Feature", "properties": { "pop": 5991.0 }, "geometry": { "type": "Polygon", "coordinates": [ [ [ 32.91694, 1.1426 ], [ 32.86864, 1.16679 ], [ 32.86845, 1.21545 ], [ 32.91656, 1.23992 ], [ 32.96486, 1.21573 ], [ 32.96505, 1.16707 ], [ 32.91694, 1.1426 ] ] ] } },
{ "type": "Feature", "properties": { "pop": 20869.0 }, "geometry": { "type": "Polygon", "coordinates": [ [ [ 32.91638, 1.28858 ], [ 32.86808, 1.31277 ], [ 32.86789, 1.36144 ], [ 32.916, 1.38591 ], [ 32.9643, 1.36172 ], [ 32.96449, 1.31306 ], [ 32.91638, 1.28858 ] ] ] } },
{ "type": "Feature", "properties": { "pop": 82.0 }, "geometry": { "type": "Polygon", "coordinates": [ [ [ 32.91581, 1.43458 ], [ 32.86752, 1.45878 ], [ 32.86733, 1.50745 ], [ 32.91544, 1.53193 ], [ 32.96373, 1.50773 ], [ 32.96392, 1.45906 ], [ 32.91581, 1.43458 ] ] ] } },
{ "type": "Feature", "properties": { "pop": 17115.0 }, "geometry": { "type": "Polygon", "coordinates": [ [ [ 32.91525, 1.5806 ], [ 32.86696, 1.6048 ], [ 32.86677, 1.65348 ], [ 32.91488, 1.67796 ], [ 32.96317, 1.65376 ], [ 32.96335, 1.60508 ], [ 32.91525, 1.5806 ] ] ] } },
{ "type": "Feature", "properties": { "pop": 10507.0 }, "geometry": { "type": "Polygon", "coordinates": [ [ [ 32.91469, 1.72664 ], [ 32.8664, 1.75085 ], [ 32.86622, 1.79953 ], [ 32.91431, 1.82402 ], [ 32.9626, 1.79982 ], [ 32.96279, 1.75113 ], [ 32.91469, 1.72664 ] ] ] } },
{ "type": "Feature", "properties": { "pop": 18056.0 }, "geometry": { "type": "Polygon", "coordinates": [ [ [ 32.91413, 1.87271 ], [ 32.86584, 1.89691 ], [ 32.86566, 1.9456 ], [ 32.91375, 1.97009 ], [ 32.96203, 1.94589 ], [ 32.96222, 1.89719 ], [ 32.91413, 1.87271 ] ] ] } },
{ "type": "Feature", "properties": { "pop": 15196.0 }, "geometry": { "type": "Polygon", "coordinates": [ [ [ 32.91356, 2.01879 ], [ 32.86528, 2.043 ], [ 32.8651, 2.0917 ], [ 32.91319, 2.11619 ], [ 32.96147, 2.09198 ], [ 32.96166, 2.04328 ], [ 32.91356, 2.01879 ] ] ] } },
{ "type": "Feature", "properties": { "pop": 107054.0 }, "geometry": { "type": "Polygon", "coordinates": [ [ [ 32.913, 2.1649 ], [ 32.86473, 2.18911 ], [ 32.86454, 2.23782 ], [ 32.91263, 2.26232 ], [ 32.9609, 2.2381 ], [ 32.96109, 2.18939 ], [ 32.913, 2.1649 ] ] ] } },
{ "type": "Feature", "properties": { "pop": 31261.0 }, "geometry": { "type": "Polygon", "coordinates": [ [ [ 32.91244, 2.31103 ], [ 32.86417, 2.33525 ], [ 32.86398, 2.38396 ], [ 32.91207, 2.40846 ], [ 32.96034, 2.38425 ], [ 32.96053, 2.33553 ], [ 32.91244, 2.31103 ] ] ] } },
{ "type": "Feature", "properties": { "pop": 23596.0 }, "geometry": { "type": "Polygon", "coordinates": [ [ [ 32.91188, 2.45719 ], [ 32.86361, 2.48141 ], [ 32.86342, 2.53013 ], [ 32.9115, 2.55464 ], [ 32.95977, 2.53042 ], [ 32.95996, 2.48169 ], [ 32.91188, 2.45719 ] ] ] } },
{ "type": "Feature", "properties": { "pop": 6257.0 }, "geometry": { "type": "Polygon", "coordinates": [ [ [ 32.91132, 2.60337 ], [ 32.86305, 2.62759 ], [ 32.86286, 2.67633 ], [ 32.91094, 2.70084 ], [ 32.95921, 2.67661 ], [ 32.95939, 2.62788 ], [ 32.91132, 2.60337 ] ] ] } },
{ "type": "Feature", "properties": { "pop": 3073.0 }, "geometry": { "type": "Polygon", "coordinates": [ [ [ 32.91075, 2.74958 ], [ 32.86249, 2.77381 ], [ 32.86231, 2.82255 ], [ 32.91038, 2.84707 ], [ 32.95864, 2.82284 ], [ 32.95883, 2.77409 ], [ 32.91075, 2.74958 ] ] ] } },
{ "type": "Feature", "properties": { "pop": 17106.0 }, "geometry": { "type": "Polygon", "coordinates": [ [ [ 32.91019, 2.89582 ], [ 32.86193, 2.92005 ], [ 32.86175, 2.9688 ], [ 32.90982, 2.99332 ], [ 32.95808, 2.96909 ], [ 32.95826, 2.92033 ], [ 32.91019, 2.89582 ] ] ] } },
{ "type": "Feature", "properties": { "pop": 12346.0 }, "geometry": { "type": "Polygon", "coordinates": [ [ [ 32.90963, 3.04208 ], [ 32.86138, 3.06632 ], [ 32.86119, 3.11508 ], [ 32.90926, 3.13961 ], [ 32.95751, 3.11537 ], [ 32.9577, 3.0666 ], [ 32.90963, 3.04208 ] ] ] } },
{ "type": "Feature", "properties": { "pop": 18667.0 }, "geometry": { "type": "Polygon", "coordinates": [ [ [ 32.90907, 3.18838 ], [ 32.86082, 3.21262 ], [ 32.86063, 3.26139 ], [ 32.90869, 3.28592 ], [ 32.95695, 3.26168 ], [ 32.95713, 3.2129 ], [ 32.90907, 3.18838 ] ] ] } },
{ "type": "Feature", "properties": { "pop": 7804.0 }, "geometry": { "type": "Polygon", "coordinates": [ [ [ 32.90851, 3.3347 ], [ 32.86026, 3.35895 ], [ 32.86007, 3.40774 ], [ 32.90813, 3.43227 ], [ 32.95638, 3.40802 ], [ 32.95657, 3.35924 ], [ 32.90851, 3.3347 ] ] ] } },
{ "type": "Feature", "properties": { "pop": 2796.0 }, "geometry": { "type": "Polygon", "coordinates": [ [ [ 32.90795, 3.48106 ], [ 32.8597, 3.50532 ], [ 32.85952, 3.55411 ], [ 32.90757, 3.57865 ], [ 32.95582, 3.55439 ], [ 32.956, 3.5056 ], [ 32.90795, 3.48106 ] ] ] } },
{ "type": "Feature", "properties": { "pop": 2172.0 }, "geometry": { "type": "Polygon", "coordinates": [ [ [ 32.90739, 3.62745 ], [ 32.85914, 3.65171 ], [ 32.85896, 3.70052 ], [ 32.90701, 3.72506 ], [ 32.95525, 3.7008 ], [ 32.95544, 3.652 ], [ 32.90739, 3.62745 ] ] ] } },
{ "type": "Feature", "properties": { "pop": 2189.0 }, "geometry": { "type": "Polygon", "coordinates": [ [ [ 32.90682, 3.77388 ], [ 32.85859, 3.79814 ], [ 32.8584, 3.84696 ], [ 32.90645, 3.87151 ], [ 32.95469, 3.84724 ], [ 32.95488, 3.79843 ], [ 32.90682, 3.77388 ] ] ] } },
{ "type": "Feature", "properties": { "pop": 6925.0 }, "geometry": { "type": "Polygon", "coordinates": [ [ [ 32.96939, 0.04837 ], [ 32.92107, 0.07254 ], [ 32.92088, 0.12116 ], [ 32.96902, 0.14562 ], [ 33.01734, 0.12145 ], [ 33.01753, 0.07283 ], [ 32.96939, 0.04837 ] ] ] } },
{ "type": "Feature", "properties": { "pop": 29576.0 }, "geometry": { "type": "Polygon", "coordinates": [ [ [ 32.96883, 0.19424 ], [ 32.9205, 0.21842 ], [ 32.92032, 0.26704 ], [ 32.96845, 0.2915 ], [ 33.01677, 0.26733 ], [ 33.01696, 0.2187 ], [ 32.96883, 0.19424 ] ] ] } },
{ "type": "Feature", "properties": { "pop": 69269.0 }, "geometry": { "type": "Polygon", "coordinates": [ [ [ 32.96826, 0.34013 ], [ 32.91994, 0.3643 ], [ 32.91975, 0.41293 ], [ 32.96788, 0.43739 ], [ 33.0162, 0.41322 ], [ 33.01639, 0.36459 ], [ 32.96826, 0.34013 ] ] ] } },
{ "type": "Feature", "properties": { "pop": 9933.0 }, "geometry": { "type": "Polygon", "coordinates": [ [ [ 32.96769, 0.48603 ], [ 32.91938, 0.5102 ], [ 32.91919, 0.55884 ], [ 32.96732, 0.5833 ], [ 33.01563, 0.55912 ], [ 33.01582, 0.51049 ], [ 32.96769, 0.48603 ] ] ] } },
{ "type": "Feature", "properties": { "pop": 39873.0 }, "geometry": { "type": "Polygon", "coordinates": [ [ [ 32.96713, 0.63194 ], [ 32.91881, 0.65611 ], [ 32.91863, 0.70475 ], [ 32.96675, 0.72922 ], [ 33.01506, 0.70504 ], [ 33.01525, 0.6564 ], [ 32.96713, 0.63194 ] ] ] } },
{ "type": "Feature", "properties": { "pop": 25401.0 }, "geometry": { "type": "Polygon", "coordinates": [ [ [ 32.96656, 0.77786 ], [ 32.91825, 0.80204 ], [ 32.91806, 0.85069 ], [ 32.96618, 0.87515 ], [ 33.01449, 0.85097 ], [ 33.01468, 0.80233 ], [ 32.96656, 0.77786 ] ] ] } },
{ "type": "Feature", "properties": { "pop": 19206.0 }, "geometry": { "type": "Polygon", "coordinates": [ [ [ 32.966, 0.9238 ], [ 32.91769, 0.94798 ], [ 32.9175, 0.99664 ], [ 32.96562, 1.0211 ], [ 33.01392, 0.99692 ], [ 33.01411, 0.94827 ], [ 32.966, 0.9238 ] ] ] } },
{ "type": "Feature", "properties": { "pop": 10205.0 }, "geometry": { "type": "Polygon", "coordinates": [ [ [ 32.96543, 1.06976 ], [ 32.91713, 1.09394 ], [ 32.91694, 1.1426 ], [ 32.96505, 1.16707 ], [ 33.01335, 1.14289 ], [ 33.01354, 1.09423 ], [ 32.96543, 1.06976 ] ] ] } },
{ "type": "Feature", "properties": { "pop": 12722.0 }, "geometry": { "type": "Polygon", "coordinates": [ [ [ 32.96486, 1.21573 ], [ 32.91656, 1.23992 ], [ 32.91638, 1.28858 ], [ 32.96449, 1.31306 ], [ 33.01278, 1.28887 ], [ 33.01297, 1.24021 ], [ 32.96486, 1.21573 ] ] ] } },
{ "type": "Feature", "properties": { "pop": 9586.0 }, "geometry": { "type": "Polygon", "coordinates": [ [ [ 32.9643, 1.36172 ], [ 32.916, 1.38591 ], [ 32.91581, 1.43458 ], [ 32.96392, 1.45906 ], [ 33.01221, 1.43487 ], [ 33.0124, 1.3862 ], [ 32.9643, 1.36172 ] ] ] } },
{ "type": "Feature", "properties": { "pop": 4740.0 }, "geometry": { "type": "Polygon", "coordinates": [ [ [ 32.96373, 1.50773 ], [ 32.91544, 1.53193 ], [ 32.91525, 1.5806 ], [ 32.96335, 1.60508 ], [ 33.01164, 1.58089 ], [ 33.01183, 1.53221 ], [ 32.96373, 1.50773 ] ] ] } },
{ "type": "Feature", "properties": { "pop": 17315.0 }, "geometry": { "type": "Polygon", "coordinates": [ [ [ 32.96317, 1.65376 ], [ 32.91488, 1.67796 ], [ 32.91469, 1.72664 ], [ 32.96279, 1.75113 ], [ 33.01108, 1.72693 ], [ 33.01127, 1.67825 ], [ 32.96317, 1.65376 ] ] ] } },
{ "type": "Feature", "properties": { "pop": 7177.0 }, "geometry": { "type": "Polygon", "coordinates": [ [ [ 32.9626, 1.79982 ], [ 32.91431, 1.82402 ], [ 32.91413, 1.87271 ], [ 32.96222, 1.89719 ], [ 33.01051, 1.87299 ], [ 33.0107, 1.8243 ], [ 32.9626, 1.79982 ] ] ] } },
{ "type": "Feature", "properties": { "pop": 18268.0 }, "geometry": { "type": "Polygon", "coordinates": [ [ [ 32.96203, 1.94589 ], [ 32.91375, 1.97009 ], [ 32.91356, 2.01879 ], [ 32.96166, 2.04328 ], [ 33.00994, 2.01908 ], [ 33.01013, 1.97038 ], [ 32.96203, 1.94589 ] ] ] } },
{ "type": "Feature", "properties": { "pop": 25173.0 }, "geometry": { "type": "Polygon", "coordinates": [ [ [ 32.96147, 2.09198 ], [ 32.91319, 2.11619 ], [ 32.913, 2.1649 ], [ 32.96109, 2.18939 ], [ 33.00937, 2.16518 ], [ 33.00956, 2.11648 ], [ 32.96147, 2.09198 ] ] ] } },
{ "type": "Feature", "properties": { "pop": 33946.0 }, "geometry": { "type": "Polygon", "coordinates": [ [ [ 32.9609, 2.2381 ], [ 32.91263, 2.26232 ], [ 32.91244, 2.31103 ], [ 32.96053, 2.33553 ], [ 33.0088, 2.31132 ], [ 33.00899, 2.2626 ], [ 32.9609, 2.2381 ] ] ] } },
{ "type": "Feature", "properties": { "pop": 23939.0 }, "geometry": { "type": "Polygon", "coordinates": [ [ [ 32.96034, 2.38425 ], [ 32.91207, 2.40846 ], [ 32.91188, 2.45719 ], [ 32.95996, 2.48169 ], [ 33.00823, 2.45747 ], [ 33.00842, 2.40875 ], [ 32.96034, 2.38425 ] ] ] } },
{ "type": "Feature", "properties": { "pop": 10926.0 }, "geometry": { "type": "Polygon", "coordinates": [ [ [ 32.95977, 2.53042 ], [ 32.9115, 2.55464 ], [ 32.91132, 2.60337 ], [ 32.95939, 2.62788 ], [ 33.00766, 2.60365 ], [ 33.00785, 2.55492 ], [ 32.95977, 2.53042 ] ] ] } },
{ "type": "Feature", "properties": { "pop": 12434.0 }, "geometry": { "type": "Polygon", "coordinates": [ [ [ 32.95921, 2.67661 ], [ 32.91094, 2.70084 ], [ 32.91075, 2.74958 ], [ 32.95883, 2.77409 ], [ 33.00709, 2.74986 ], [ 33.00728, 2.70112 ], [ 32.95921, 2.67661 ] ] ] } },
{ "type": "Feature", "properties": { "pop": 4238.0 }, "geometry": { "type": "Polygon", "coordinates": [ [ [ 32.95864, 2.82284 ], [ 32.91038, 2.84707 ], [ 32.91019, 2.89582 ], [ 32.95826, 2.92033 ], [ 33.00652, 2.8961 ], [ 33.00671, 2.84735 ], [ 32.95864, 2.82284 ] ] ] } },
{ "type": "Feature", "properties": { "pop": 6423.0 }, "geometry": { "type": "Polygon", "coordinates": [ [ [ 32.95808, 2.96909 ], [ 32.90982, 2.99332 ], [ 32.90963, 3.04208 ], [ 32.9577, 3.0666 ], [ 33.00596, 3.04237 ], [ 33.00615, 2.99361 ], [ 32.95808, 2.96909 ] ] ] } },
{ "type": "Feature", "properties": { "pop": 7505.0 }, "geometry": { "type": "Polygon", "coordinates": [ [ [ 32.95751, 3.11537 ], [ 32.90926, 3.13961 ], [ 32.90907, 3.18838 ], [ 32.95713, 3.2129 ], [ 33.00539, 3.18866 ], [ 33.00558, 3.13989 ], [ 32.95751, 3.11537 ] ] ] } },
{ "type": "Feature", "properties": { "pop": 6359.0 }, "geometry": { "type": "Polygon", "coordinates": [ [ [ 32.95695, 3.26168 ], [ 32.90869, 3.28592 ], [ 32.90851, 3.3347 ], [ 32.95657, 3.35924 ], [ 33.00482, 3.33499 ], [ 33.00501, 3.28621 ], [ 32.95695, 3.26168 ] ] ] } },
{ "type": "Feature", "properties": { "pop": 2765.0 }, "geometry": { "type": "Polygon", "coordinates": [ [ [ 32.95638, 3.40802 ], [ 32.90813, 3.43227 ], [ 32.90795, 3.48106 ], [ 32.956, 3.5056 ], [ 33.00425, 3.48135 ], [ 33.00444, 3.43256 ], [ 32.95638, 3.40802 ] ] ] } },
{ "type": "Feature", "properties": { "pop": 5534.0 }, "geometry": { "type": "Polygon", "coordinates": [ [ [ 32.95582, 3.55439 ], [ 32.90757, 3.57865 ], [ 32.90739, 3.62745 ], [ 32.95544, 3.652 ], [ 33.00368, 3.62774 ], [ 33.00387, 3.57894 ], [ 32.95582, 3.55439 ] ] ] } },
{ "type": "Feature", "properties": { "pop": 2086.0 }, "geometry": { "type": "Polygon", "coordinates": [ [ [ 32.95525, 3.7008 ], [ 32.90701, 3.72506 ], [ 32.90682, 3.77388 ], [ 32.95488, 3.79843 ], [ 33.00311, 3.77416 ], [ 33.0033, 3.72535 ], [ 32.95525, 3.7008 ] ] ] } },
{ "type": "Feature", "properties": { "pop": 692.0 }, "geometry": { "type": "Polygon", "coordinates": [ [ [ 32.95469, 3.84724 ], [ 32.90645, 3.87151 ], [ 32.90626, 3.92033 ], [ 32.95431, 3.94489 ], [ 33.00255, 3.92062 ], [ 33.00274, 3.8718 ], [ 32.95469, 3.84724 ] ] ] } },
{ "type": "Feature", "properties": { "pop": 1120.0 }, "geometry": { "type": "Polygon", "coordinates": [ [ [ 33.01791, -0.02442 ], [ 32.96958, -0.00025 ], [ 32.96939, 0.04837 ], [ 33.01753, 0.07283 ], [ 33.06586, 0.04866 ], [ 33.06605, 0.00004 ], [ 33.01791, -0.02442 ] ] ] } },
{ "type": "Feature", "properties": { "pop": 13955.0 }, "geometry": { "type": "Polygon", "coordinates": [ [ [ 33.01734, 0.12145 ], [ 32.96902, 0.14562 ], [ 32.96883, 0.19424 ], [ 33.01696, 0.2187 ], [ 33.06529, 0.19453 ], [ 33.06548, 0.14591 ], [ 33.01734, 0.12145 ] ] ] } },
{ "type": "Feature", "properties": { "pop": 35756.0 }, "geometry": { "type": "Polygon", "coordinates": [ [ [ 33.01677, 0.26733 ], [ 32.96845, 0.2915 ], [ 32.96826, 0.34013 ], [ 33.01639, 0.36459 ], [ 33.06471, 0.34042 ], [ 33.0649, 0.29179 ], [ 33.01677, 0.26733 ] ] ] } },
{ "type": "Feature", "properties": { "pop": 7654.0 }, "geometry": { "type": "Polygon", "coordinates": [ [ [ 33.0162, 0.41322 ], [ 32.96788, 0.43739 ], [ 32.96769, 0.48603 ], [ 33.01582, 0.51049 ], [ 33.06414, 0.48631 ], [ 33.06433, 0.43768 ], [ 33.0162, 0.41322 ] ] ] } },
{ "type": "Feature", "properties": { "pop": 46275.0 }, "geometry": { "type": "Polygon", "coordinates": [ [ [ 33.01563, 0.55912 ], [ 32.96732, 0.5833 ], [ 32.96713, 0.63194 ], [ 33.01525, 0.6564 ], [ 33.06357, 0.63222 ], [ 33.06376, 0.58359 ], [ 33.01563, 0.55912 ] ] ] } },
{ "type": "Feature", "properties": { "pop": 44718.0 }, "geometry": { "type": "Polygon", "coordinates": [ [ [ 33.01506, 0.70504 ], [ 32.96675, 0.72922 ], [ 32.96656, 0.77786 ], [ 33.01468, 0.80233 ], [ 33.06299, 0.77815 ], [ 33.06318, 0.72951 ], [ 33.01506, 0.70504 ] ] ] } },
{ "type": "Feature", "properties": { "pop": 21727.0 }, "geometry": { "type": "Polygon", "coordinates": [ [ [ 33.01449, 0.85097 ], [ 32.96618, 0.87515 ], [ 32.966, 0.9238 ], [ 33.01411, 0.94827 ], [ 33.06242, 0.92409 ], [ 33.06261, 0.87544 ], [ 33.01449, 0.85097 ] ] ] } },
{ "type": "Feature", "properties": { "pop": 20663.0 }, "geometry": { "type": "Polygon", "coordinates": [ [ [ 33.01392, 0.99692 ], [ 32.96562, 1.0211 ], [ 32.96543, 1.06976 ], [ 33.01354, 1.09423 ], [ 33.06185, 1.07005 ], [ 33.06204, 1.02139 ], [ 33.01392, 0.99692 ] ] ] } },
{ "type": "Feature", "properties": { "pop": 9416.0 }, "geometry": { "type": "Polygon", "coordinates": [ [ [ 33.01335, 1.14289 ], [ 32.96505, 1.16707 ], [ 32.96486, 1.21573 ], [ 33.01297, 1.24021 ], [ 33.06127, 1.21602 ], [ 33.06146, 1.16736 ], [ 33.01335, 1.14289 ] ] ] } },
{ "type": "Feature", "properties": { "pop": 31628.0 }, "geometry": { "type": "Polygon", "coordinates": [ [ [ 33.01278, 1.28887 ], [ 32.96449, 1.31306 ], [ 32.9643, 1.36172 ], [ 33.0124, 1.3862 ], [ 33.0607, 1.36201 ], [ 33.06089, 1.31334 ], [ 33.01278, 1.28887 ] ] ] } },
{ "type": "Feature", "properties": { "pop": 15125.0 }, "geometry": { "type": "Polygon", "coordinates": [ [ [ 33.01164, 1.58089 ], [ 32.96335, 1.60508 ], [ 32.96317, 1.65376 ], [ 33.01127, 1.67825 ], [ 33.05956, 1.65405 ], [ 33.05975, 1.60537 ], [ 33.01164, 1.58089 ] ] ] } },
{ "type": "Feature", "properties": { "pop": 11340.0 }, "geometry": { "type": "Polygon", "coordinates": [ [ [ 33.01108, 1.72693 ], [ 32.96279, 1.75113 ], [ 32.9626, 1.79982 ], [ 33.0107, 1.8243 ], [ 33.05898, 1.8001 ], [ 33.05917, 1.75142 ], [ 33.01108, 1.72693 ] ] ] } },
{ "type": "Feature", "properties": { "pop": 12123.0 }, "geometry": { "type": "Polygon", "coordinates": [ [ [ 33.01051, 1.87299 ], [ 32.96222, 1.89719 ], [ 32.96203, 1.94589 ], [ 33.01013, 1.97038 ], [ 33.05841, 1.94618 ], [ 33.0586, 1.89748 ], [ 33.01051, 1.87299 ] ] ] } },
{ "type": "Feature", "properties": { "pop": 15532.0 }, "geometry": { "type": "Polygon", "coordinates": [ [ [ 33.00994, 2.01908 ], [ 32.96166, 2.04328 ], [ 32.96147, 2.09198 ], [ 33.00956, 2.11648 ], [ 33.05784, 2.09227 ], [ 33.05803, 2.04357 ], [ 33.00994, 2.01908 ] ] ] } },
{ "type": "Feature", "properties": { "pop": 20010.0 }, "geometry": { "type": "Polygon", "coordinates": [ [ [ 33.00937, 2.16518 ], [ 32.96109, 2.18939 ], [ 32.9609, 2.2381 ], [ 33.00899, 2.2626 ], [ 33.05727, 2.23839 ], [ 33.05746, 2.18968 ], [ 33.00937, 2.16518 ] ] ] } },
{ "type": "Feature", "properties": { "pop": 22539.0 }, "geometry": { "type": "Polygon", "coordinates": [ [ [ 33.0088, 2.31132 ], [ 32.96053, 2.33553 ], [ 32.96034, 2.38425 ], [ 33.00842, 2.40875 ], [ 33.05669, 2.38453 ], [ 33.05688, 2.33582 ], [ 33.0088, 2.31132 ] ] ] } },
{ "type": "Feature", "properties": { "pop": 18070.0 }, "geometry": { "type": "Polygon", "coordinates": [ [ [ 33.00823, 2.45747 ], [ 32.95996, 2.48169 ], [ 32.95977, 2.53042 ], [ 33.00785, 2.55492 ], [ 33.05612, 2.5307 ], [ 33.05631, 2.48198 ], [ 33.00823, 2.45747 ] ] ] } },
{ "type": "Feature", "properties": { "pop": 4916.0 }, "geometry": { "type": "Polygon", "coordinates": [ [ [ 33.00766, 2.60365 ], [ 32.95939, 2.62788 ], [ 32.95921, 2.67661 ], [ 33.00728, 2.70112 ], [ 33.05555, 2.6769 ], [ 33.05574, 2.62817 ], [ 33.00766, 2.60365 ] ] ] } },
{ "type": "Feature", "properties": { "pop": 5666.0 }, "geometry": { "type": "Polygon", "coordinates": [ [ [ 33.00709, 2.74986 ], [ 32.95883, 2.77409 ], [ 32.95864, 2.82284 ], [ 33.00671, 2.84735 ], [ 33.05498, 2.82312 ], [ 33.05517, 2.77438 ], [ 33.00709, 2.74986 ] ] ] } },
{ "type": "Feature", "properties": { "pop": 4572.0 }, "geometry": { "type": "Polygon", "coordinates": [ [ [ 33.00652, 2.8961 ], [ 32.95826, 2.92033 ], [ 32.95808, 2.96909 ], [ 33.00615, 2.99361 ], [ 33.0544, 2.96937 ], [ 33.0546, 2.92062 ], [ 33.00652, 2.8961 ] ] ] } },
{ "type": "Feature", "properties": { "pop": 2546.0 }, "geometry": { "type": "Polygon", "coordinates": [ [ [ 33.00596, 3.04237 ], [ 32.9577, 3.0666 ], [ 32.95751, 3.11537 ], [ 33.00558, 3.13989 ], [ 33.05383, 3.11566 ], [ 33.05402, 3.06689 ], [ 33.00596, 3.04237 ] ] ] } },
{ "type": "Feature", "properties": { "pop": 7703.0 }, "geometry": { "type": "Polygon", "coordinates": [ [ [ 33.00539, 3.18866 ], [ 32.95713, 3.2129 ], [ 32.95695, 3.26168 ], [ 33.00501, 3.28621 ], [ 33.05326, 3.26197 ], [ 33.05345, 3.21319 ], [ 33.00539, 3.18866 ] ] ] } },
{ "type": "Feature", "properties": { "pop": 11805.0 }, "geometry": { "type": "Polygon", "coordinates": [ [ [ 33.00482, 3.33499 ], [ 32.95657, 3.35924 ], [ 32.95638, 3.40802 ], [ 33.00444, 3.43256 ], [ 33.05269, 3.40831 ], [ 33.05288, 3.35952 ], [ 33.00482, 3.33499 ] ] ] } },
{ "type": "Feature", "properties": { "pop": 1383.0 }, "geometry": { "type": "Polygon", "coordinates": [ [ [ 33.00425, 3.48135 ], [ 32.956, 3.5056 ], [ 32.95582, 3.55439 ], [ 33.00387, 3.57894 ], [ 33.05212, 3.55468 ], [ 33.05231, 3.50589 ], [ 33.00425, 3.48135 ] ] ] } },
{ "type": "Feature", "properties": { "pop": 1498.0 }, "geometry": { "type": "Polygon", "coordinates": [ [ [ 33.00368, 3.62774 ], [ 32.95544, 3.652 ], [ 32.95525, 3.7008 ], [ 33.0033, 3.72535 ], [ 33.05155, 3.70109 ], [ 33.05174, 3.65228 ], [ 33.00368, 3.62774 ] ] ] } },
{ "type": "Feature", "properties": { "pop": 5272.0 }, "geometry": { "type": "Polygon", "coordinates": [ [ [ 33.00311, 3.77416 ], [ 32.95488, 3.79843 ], [ 32.95469, 3.84724 ], [ 33.00274, 3.8718 ], [ 33.05097, 3.84753 ], [ 33.05116, 3.79871 ], [ 33.00311, 3.77416 ] ] ] } },
{ "type": "Feature", "properties": { "pop": 3962.0 }, "geometry": { "type": "Polygon", "coordinates": [ [ [ 33.06586, 0.04866 ], [ 33.01753, 0.07283 ], [ 33.01734, 0.12145 ], [ 33.06548, 0.14591 ], [ 33.1138, 0.12174 ], [ 33.114, 0.07312 ], [ 33.06586, 0.04866 ] ] ] } },
{ "type": "Feature", "properties": { "pop": 18736.0 }, "geometry": { "type": "Polygon", "coordinates": [ [ [ 33.06529, 0.19453 ], [ 33.01696, 0.2187 ], [ 33.01677, 0.26733 ], [ 33.0649, 0.29179 ], [ 33.11323, 0.26762 ], [ 33.11342, 0.21899 ], [ 33.06529, 0.19453 ] ] ] } },
{ "type": "Feature", "properties": { "pop": 22581.0 }, "geometry": { "type": "Polygon", "coordinates": [ [ [ 33.06471, 0.34042 ], [ 33.01639, 0.36459 ], [ 33.0162, 0.41322 ], [ 33.06433, 0.43768 ], [ 33.11265, 0.41351 ], [ 33.11284, 0.36488 ], [ 33.06471, 0.34042 ] ] ] } },
{ "type": "Feature", "properties": { "pop": 43701.0 }, "geometry": { "type": "Polygon", "coordinates": [ [ [ 33.06414, 0.48631 ], [ 33.01582, 0.51049 ], [ 33.01563, 0.55912 ], [ 33.06376, 0.58359 ], [ 33.11207, 0.55941 ], [ 33.11227, 0.51078 ], [ 33.06414, 0.48631 ] ] ] } },
{ "type": "Feature", "properties": { "pop": 35924.0 }, "geometry": { "type": "Polygon", "coordinates": [ [ [ 33.06357, 0.63222 ], [ 33.01525, 0.6564 ], [ 33.01506, 0.70504 ], [ 33.06318, 0.72951 ], [ 33.1115, 0.70533 ], [ 33.11169, 0.65669 ], [ 33.06357, 0.63222 ] ] ] } },
{ "type": "Feature", "properties": { "pop": 35222.0 }, "geometry": { "type": "Polygon", "coordinates": [ [ [ 33.06299, 0.77815 ], [ 33.01468, 0.80233 ], [ 33.01449, 0.85097 ], [ 33.06261, 0.87544 ], [ 33.11092, 0.85126 ], [ 33.11111, 0.80262 ], [ 33.06299, 0.77815 ] ] ] } },
{ "type": "Feature", "properties": { "pop": 26279.0 }, "geometry": { "type": "Polygon", "coordinates": [ [ [ 33.06242, 0.92409 ], [ 33.01411, 0.94827 ], [ 33.01392, 0.99692 ], [ 33.06204, 1.02139 ], [ 33.11034, 0.99721 ], [ 33.11054, 0.94856 ], [ 33.06242, 0.92409 ] ] ] } },
{ "type": "Feature", "properties": { "pop": 16754.0 }, "geometry": { "type": "Polygon", "coordinates": [ [ [ 33.06185, 1.07005 ], [ 33.01354, 1.09423 ], [ 33.01335, 1.14289 ], [ 33.06146, 1.16736 ], [ 33.10977, 1.14318 ], [ 33.10996, 1.09452 ], [ 33.06185, 1.07005 ] ] ] } },
{ "type": "Feature", "properties": { "pop": 24135.0 }, "geometry": { "type": "Polygon", "coordinates": [ [ [ 33.06127, 1.21602 ], [ 33.01297, 1.24021 ], [ 33.01278, 1.28887 ], [ 33.06089, 1.31334 ], [ 33.10919, 1.28916 ], [ 33.10938, 1.24049 ], [ 33.06127, 1.21602 ] ] ] } },
{ "type": "Feature", "properties": { "pop": 148.0 }, "geometry": { "type": "Polygon", "coordinates": [ [ [ 33.0607, 1.36201 ], [ 33.0124, 1.3862 ], [ 33.01221, 1.43487 ], [ 33.06032, 1.45935 ], [ 33.10861, 1.43516 ], [ 33.10881, 1.38649 ], [ 33.0607, 1.36201 ] ] ] } },
{ "type": "Feature", "properties": { "pop": 1185.0 }, "geometry": { "type": "Polygon", "coordinates": [ [ [ 33.06013, 1.50802 ], [ 33.01183, 1.53221 ], [ 33.01164, 1.58089 ], [ 33.05975, 1.60537 ], [ 33.10804, 1.58118 ], [ 33.10823, 1.5325 ], [ 33.06013, 1.50802 ] ] ] } },
{ "type": "Feature", "properties": { "pop": 22118.0 }, "geometry": { "type": "Polygon", "coordinates": [ [ [ 33.05956, 1.65405 ], [ 33.01127, 1.67825 ], [ 33.01108, 1.72693 ], [ 33.05917, 1.75142 ], [ 33.10746, 1.72722 ], [ 33.10765, 1.67854 ], [ 33.05956, 1.65405 ] ] ] } },
{ "type": "Feature", "properties": { "pop": 22642.0 }, "geometry": { "type": "Polygon", "coordinates": [ [ [ 33.05898, 1.8001 ], [ 33.0107, 1.8243 ], [ 33.01051, 1.87299 ], [ 33.0586, 1.89748 ], [ 33.10689, 1.87328 ], [ 33.10708, 1.82459 ], [ 33.05898, 1.8001 ] ] ] } },
{ "type": "Feature", "properties": { "pop": 13661.0 }, "geometry": { "type": "Polygon", "coordinates": [ [ [ 33.05841, 1.94618 ], [ 33.01013, 1.97038 ], [ 33.00994, 2.01908 ], [ 33.05803, 2.04357 ], [ 33.10631, 2.01937 ], [ 33.1065, 1.97067 ], [ 33.05841, 1.94618 ] ] ] } },
{ "type": "Feature", "properties": { "pop": 16328.0 }, "geometry": { "type": "Polygon", "coordinates": [ [ [ 33.05784, 2.09227 ], [ 33.00956, 2.11648 ], [ 33.00937, 2.16518 ], [ 33.05746, 2.18968 ], [ 33.10573, 2.16547 ], [ 33.10593, 2.11677 ], [ 33.05784, 2.09227 ] ] ] } },
{ "type": "Feature", "properties": { "pop": 18973.0 }, "geometry": { "type": "Polygon", "coordinates": [ [ [ 33.05727, 2.23839 ], [ 33.00899, 2.2626 ], [ 33.0088, 2.31132 ], [ 33.05688, 2.33582 ], [ 33.10516, 2.3116 ], [ 33.10535, 2.26289 ], [ 33.05727, 2.23839 ] ] ] } },
{ "type": "Feature", "properties": { "pop": 17069.0 }, "geometry": { "type": "Polygon", "coordinates": [ [ [ 33.05669, 2.38453 ], [ 33.00842, 2.40875 ], [ 33.00823, 2.45747 ], [ 33.05631, 2.48198 ], [ 33.10458, 2.45776 ], [ 33.10477, 2.40904 ], [ 33.05669, 2.38453 ] ] ] } },
{ "type": "Feature", "properties": { "pop": 7633.0 }, "geometry": { "type": "Polygon", "coordinates": [ [ [ 33.05612, 2.5307 ], [ 33.00785, 2.55492 ], [ 33.00766, 2.60365 ], [ 33.05574, 2.62817 ], [ 33.10401, 2.60394 ], [ 33.1042, 2.55521 ], [ 33.05612, 2.5307 ] ] ] } },
{ "type": "Feature", "properties": { "pop": 6114.0 }, "geometry": { "type": "Polygon", "coordinates": [ [ [ 33.05555, 2.6769 ], [ 33.00728, 2.70112 ], [ 33.00709, 2.74986 ], [ 33.05517, 2.77438 ], [ 33.10343, 2.75015 ], [ 33.10362, 2.70141 ], [ 33.05555, 2.6769 ] ] ] } },
{ "type": "Feature", "properties": { "pop": 14274.0 }, "geometry": { "type": "Polygon", "coordinates": [ [ [ 33.05498, 2.82312 ], [ 33.00671, 2.84735 ], [ 33.00652, 2.8961 ], [ 33.0546, 2.92062 ], [ 33.10286, 2.89639 ], [ 33.10305, 2.84764 ], [ 33.05498, 2.82312 ] ] ] } },
{ "type": "Feature", "properties": { "pop": 4258.0 }, "geometry": { "type": "Polygon", "coordinates": [ [ [ 33.0544, 2.96937 ], [ 33.00615, 2.99361 ], [ 33.00596, 3.04237 ], [ 33.05402, 3.06689 ], [ 33.10228, 3.04266 ], [ 33.10247, 2.9939 ], [ 33.0544, 2.96937 ] ] ] } },
{ "type": "Feature", "properties": { "pop": 2752.0 }, "geometry": { "type": "Polygon", "coordinates": [ [ [ 33.05383, 3.11566 ], [ 33.00558, 3.13989 ], [ 33.00539, 3.18866 ], [ 33.05345, 3.21319 ], [ 33.10171, 3.18895 ], [ 33.1019, 3.14018 ], [ 33.05383, 3.11566 ] ] ] } },
{ "type": "Feature", "properties": { "pop": 11202.0 }, "geometry": { "type": "Polygon", "coordinates": [ [ [ 33.05326, 3.26197 ], [ 33.00501, 3.28621 ], [ 33.00482, 3.33499 ], [ 33.05288, 3.35952 ], [ 33.10113, 3.33528 ], [ 33.10132, 3.2865 ], [ 33.05326, 3.26197 ] ] ] } },
{ "type": "Feature", "properties": { "pop": 4127.0 }, "geometry": { "type": "Polygon", "coordinates": [ [ [ 33.05269, 3.40831 ], [ 33.00444, 3.43256 ], [ 33.00425, 3.48135 ], [ 33.05231, 3.50589 ], [ 33.10056, 3.48164 ], [ 33.10075, 3.43285 ], [ 33.05269, 3.40831 ] ] ] } },
{ "type": "Feature", "properties": { "pop": 3483.0 }, "geometry": { "type": "Polygon", "coordinates": [ [ [ 33.05212, 3.55468 ], [ 33.00387, 3.57894 ], [ 33.00368, 3.62774 ], [ 33.05174, 3.65228 ], [ 33.09998, 3.62803 ], [ 33.10017, 3.57923 ], [ 33.05212, 3.55468 ] ] ] } },
{ "type": "Feature", "properties": { "pop": 2933.0 }, "geometry": { "type": "Polygon", "coordinates": [ [ [ 33.05155, 3.70109 ], [ 33.0033, 3.72535 ], [ 33.00311, 3.77416 ], [ 33.05116, 3.79871 ], [ 33.09941, 3.77445 ], [ 33.0996, 3.72564 ], [ 33.05155, 3.70109 ] ] ] } },
{ "type": "Feature", "properties": { "pop": 1177.0 }, "geometry": { "type": "Polygon", "coordinates": [ [ [ 33.05097, 3.84753 ], [ 33.00274, 3.8718 ], [ 33.00255, 3.92062 ], [ 33.05059, 3.94518 ], [ 33.09883, 3.92091 ], [ 33.09902, 3.87209 ], [ 33.05097, 3.84753 ] ] ] } },
{ "type": "Feature", "properties": { "pop": 102.0 }, "geometry": { "type": "Polygon", "coordinates": [ [ [ 33.11553, -0.31583 ], [ 33.0672, -0.29167 ], [ 33.06701, -0.24306 ], [ 33.11515, -0.2186 ], [ 33.16349, -0.24276 ], [ 33.16368, -0.29138 ], [ 33.11553, -0.31583 ] ] ] } },
{ "type": "Feature", "properties": { "pop": 181.0 }, "geometry": { "type": "Polygon", "coordinates": [ [ [ 33.11438, -0.02413 ], [ 33.06605, 0.00004 ], [ 33.06586, 0.04866 ], [ 33.114, 0.07312 ], [ 33.16232, 0.04895 ], [ 33.16252, 0.00033 ], [ 33.11438, -0.02413 ] ] ] } },
{ "type": "Feature", "properties": { "pop": 3592.0 }, "geometry": { "type": "Polygon", "coordinates": [ [ [ 33.1138, 0.12174 ], [ 33.06548, 0.14591 ], [ 33.06529, 0.19453 ], [ 33.11342, 0.21899 ], [ 33.16174, 0.19482 ], [ 33.16194, 0.1462 ], [ 33.1138, 0.12174 ] ] ] } },
{ "type": "Feature", "properties": { "pop": 36775.0 }, "geometry": { "type": "Polygon", "coordinates": [ [ [ 33.11323, 0.26762 ], [ 33.0649, 0.29179 ], [ 33.06471, 0.34042 ], [ 33.11284, 0.36488 ], [ 33.16116, 0.34071 ], [ 33.16136, 0.29208 ], [ 33.11323, 0.26762 ] ] ] } },
{ "type": "Feature", "properties": { "pop": 39371.0 }, "geometry": { "type": "Polygon", "coordinates": [ [ [ 33.11265, 0.41351 ], [ 33.06433, 0.43768 ], [ 33.06414, 0.48631 ], [ 33.11227, 0.51078 ], [ 33.16058, 0.4866 ], [ 33.16078, 0.43797 ], [ 33.11265, 0.41351 ] ] ] } },
{ "type": "Feature", "properties": { "pop": 43967.0 }, "geometry": { "type": "Polygon", "coordinates": [ [ [ 33.11207, 0.55941 ], [ 33.06376, 0.58359 ], [ 33.06357, 0.63222 ], [ 33.11169, 0.65669 ], [ 33.16, 0.63252 ], [ 33.1602, 0.58388 ], [ 33.11207, 0.55941 ] ] ] } },
{ "type": "Feature", "properties": { "pop": 44172.0 }, "geometry": { "type": "Polygon", "coordinates": [ [ [ 33.1115, 0.70533 ], [ 33.06318, 0.72951 ], [ 33.06299, 0.77815 ], [ 33.11111, 0.80262 ], [ 33.15942, 0.77844 ], [ 33.15962, 0.7298 ], [ 33.1115, 0.70533 ] ] ] } },
{ "type": "Feature", "properties": { "pop": 55675.0 }, "geometry": { "type": "Polygon", "coordinates": [ [ [ 33.11092, 0.85126 ], [ 33.06261, 0.87544 ], [ 33.06242, 0.92409 ], [ 33.11054, 0.94856 ], [ 33.15884, 0.92438 ], [ 33.15904, 0.87573 ], [ 33.11092, 0.85126 ] ] ] } },
{ "type": "Feature", "properties": { "pop": 23891.0 }, "geometry": { "type": "Polygon", "coordinates": [ [ [ 33.11034, 0.99721 ], [ 33.06204, 1.02139 ], [ 33.06185, 1.07005 ], [ 33.10996, 1.09452 ], [ 33.15826, 1.07034 ], [ 33.15846, 1.02168 ], [ 33.11034, 0.99721 ] ] ] } },
{ "type": "Feature", "properties": { "pop": 16168.0 }, "geometry": { "type": "Polygon", "coordinates": [ [ [ 33.10977, 1.14318 ], [ 33.06146, 1.16736 ], [ 33.06127, 1.21602 ], [ 33.10938, 1.24049 ], [ 33.15768, 1.21631 ], [ 33.15788, 1.16765 ], [ 33.10977, 1.14318 ] ] ] } },
{ "type": "Feature", "properties": { "pop": 6580.0 }, "geometry": { "type": "Polygon", "coordinates": [ [ [ 33.10919, 1.28916 ], [ 33.06089, 1.31334 ], [ 33.0607, 1.36201 ], [ 33.10881, 1.38649 ], [ 33.1571, 1.3623 ], [ 33.1573, 1.31364 ], [ 33.10919, 1.28916 ] ] ] } },
{ "type": "Feature", "properties": { "pop": 9812.0 }, "geometry": { "type": "Polygon", "coordinates": [ [ [ 33.10861, 1.43516 ], [ 33.06032, 1.45935 ], [ 33.06013, 1.50802 ], [ 33.10823, 1.5325 ], [ 33.15652, 1.50831 ], [ 33.15672, 1.45964 ], [ 33.10861, 1.43516 ] ] ] } },
{ "type": "Feature", "properties": { "pop": 4819.0 }, "geometry": { "type": "Polygon", "coordinates": [ [ [ 33.10804, 1.58118 ], [ 33.05975, 1.60537 ], [ 33.05956, 1.65405 ], [ 33.10765, 1.67854 ], [ 33.15595, 1.65434 ], [ 33.15614, 1.60566 ], [ 33.10804, 1.58118 ] ] ] } },
{ "type": "Feature", "properties": { "pop": 19939.0 }, "geometry": { "type": "Polygon", "coordinates": [ [ [ 33.10746, 1.72722 ], [ 33.05917, 1.75142 ], [ 33.05898, 1.8001 ], [ 33.10708, 1.82459 ], [ 33.15537, 1.80039 ], [ 33.15556, 1.75171 ], [ 33.10746, 1.72722 ] ] ] } },
{ "type": "Feature", "properties": { "pop": 20470.0 }, "geometry": { "type": "Polygon", "coordinates": [ [ [ 33.10689, 1.87328 ], [ 33.0586, 1.89748 ], [ 33.05841, 1.94618 ], [ 33.1065, 1.97067 ], [ 33.15479, 1.94647 ], [ 33.15498, 1.89777 ], [ 33.10689, 1.87328 ] ] ] } },
{ "type": "Feature", "properties": { "pop": 15324.0 }, "geometry": { "type": "Polygon", "coordinates": [ [ [ 33.10631, 2.01937 ], [ 33.05803, 2.04357 ], [ 33.05784, 2.09227 ], [ 33.10593, 2.11677 ], [ 33.15421, 2.09256 ], [ 33.1544, 2.04386 ], [ 33.10631, 2.01937 ] ] ] } },
{ "type": "Feature", "properties": { "pop": 17707.0 }, "geometry": { "type": "Polygon", "coordinates": [ [ [ 33.10573, 2.16547 ], [ 33.05746, 2.18968 ], [ 33.05727, 2.23839 ], [ 33.10535, 2.26289 ], [ 33.15363, 2.23868 ], [ 33.15382, 2.18997 ], [ 33.10573, 2.16547 ] ] ] } },
{ "type": "Feature", "properties": { "pop": 13326.0 }, "geometry": { "type": "Polygon", "coordinates": [ [ [ 33.10516, 2.3116 ], [ 33.05688, 2.33582 ], [ 33.05669, 2.38453 ], [ 33.10477, 2.40904 ], [ 33.15305, 2.38483 ], [ 33.15324, 2.33611 ], [ 33.10516, 2.3116 ] ] ] } },
{ "type": "Feature", "properties": { "pop": 8050.0 }, "geometry": { "type": "Polygon", "coordinates": [ [ [ 33.10458, 2.45776 ], [ 33.05631, 2.48198 ], [ 33.05612, 2.5307 ], [ 33.1042, 2.55521 ], [ 33.15247, 2.531 ], [ 33.15266, 2.48227 ], [ 33.10458, 2.45776 ] ] ] } },
{ "type": "Feature", "properties": { "pop": 4213.0 }, "geometry": { "type": "Polygon", "coordinates": [ [ [ 33.10401, 2.60394 ], [ 33.05574, 2.62817 ], [ 33.05555, 2.6769 ], [ 33.10362, 2.70141 ], [ 33.15189, 2.67719 ], [ 33.15208, 2.62846 ], [ 33.10401, 2.60394 ] ] ] } },
{ "type": "Feature", "properties": { "pop": 6876.0 }, "geometry": { "type": "Polygon", "coordinates": [ [ [ 33.10343, 2.75015 ], [ 33.05517, 2.77438 ], [ 33.05498, 2.82312 ], [ 33.10305, 2.84764 ], [ 33.15131, 2.82341 ], [ 33.1515, 2.77467 ], [ 33.10343, 2.75015 ] ] ] } },
{ "type": "Feature", "properties": { "pop": 6054.0 }, "geometry": { "type": "Polygon", "coordinates": [ [ [ 33.10286, 2.89639 ], [ 33.0546, 2.92062 ], [ 33.0544, 2.96937 ], [ 33.10247, 2.9939 ], [ 33.15073, 2.96967 ], [ 33.15093, 2.92091 ], [ 33.10286, 2.89639 ] ] ] } },
{ "type": "Feature", "properties": { "pop": 2889.0 }, "geometry": { "type": "Polygon", "coordinates": [ [ [ 33.10228, 3.04266 ], [ 33.05402, 3.06689 ], [ 33.05383, 3.11566 ], [ 33.1019, 3.14018 ], [ 33.15015, 3.11595 ], [ 33.15035, 3.06718 ], [ 33.10228, 3.04266 ] ] ] } },
{ "type": "Feature", "properties": { "pop": 10724.0 }, "geometry": { "type": "Polygon", "coordinates": [ [ [ 33.10171, 3.18895 ], [ 33.05345, 3.21319 ], [ 33.05326, 3.26197 ], [ 33.10132, 3.2865 ], [ 33.14958, 3.26226 ], [ 33.14977, 3.21348 ], [ 33.10171, 3.18895 ] ] ] } },
{ "type": "Feature", "properties": { "pop": 2589.0 }, "geometry": { "type": "Polygon", "coordinates": [ [ [ 33.10113, 3.33528 ], [ 33.05288, 3.35952 ], [ 33.05269, 3.40831 ], [ 33.10075, 3.43285 ], [ 33.149, 3.4086 ], [ 33.14919, 3.35982 ], [ 33.10113, 3.33528 ] ] ] } },
{ "type": "Feature", "properties": { "pop": 1134.0 }, "geometry": { "type": "Polygon", "coordinates": [ [ [ 33.10056, 3.48164 ], [ 33.05231, 3.50589 ], [ 33.05212, 3.55468 ], [ 33.10017, 3.57923 ], [ 33.14842, 3.55497 ], [ 33.14861, 3.50618 ], [ 33.10056, 3.48164 ] ] ] } },
{ "type": "Feature", "properties": { "pop": 1819.0 }, "geometry": { "type": "Polygon", "coordinates": [ [ [ 33.09998, 3.62803 ], [ 33.05174, 3.65228 ], [ 33.05155, 3.70109 ], [ 33.0996, 3.72564 ], [ 33.14784, 3.70138 ], [ 33.14803, 3.65257 ], [ 33.09998, 3.62803 ] ] ] } },
{ "type": "Feature", "properties": { "pop": 2041.0 }, "geometry": { "type": "Polygon", "coordinates": [ [ [ 33.09941, 3.77445 ], [ 33.05116, 3.79871 ], [ 33.05097, 3.84753 ], [ 33.09902, 3.87209 ], [ 33.14726, 3.84782 ], [ 33.14745, 3.799 ], [ 33.09941, 3.77445 ] ] ] } },
{ "type": "Feature", "properties": { "pop": 24.0 }, "geometry": { "type": "Polygon", "coordinates": [ [ [ 33.16349, -0.24276 ], [ 33.11515, -0.2186 ], [ 33.11496, -0.16999 ], [ 33.1631, -0.14553 ], [ 33.21143, -0.16969 ], [ 33.21163, -0.21831 ], [ 33.16349, -0.24276 ] ] ] } },
{ "type": "Feature", "properties": { "pop": 6821.0 }, "geometry": { "type": "Polygon", "coordinates": [ [ [ 33.16291, -0.09691 ], [ 33.11457, -0.07275 ], [ 33.11438, -0.02413 ], [ 33.16252, 0.00033 ], [ 33.21085, -0.02384 ], [ 33.21104, -0.07246 ], [ 33.16291, -0.09691 ] ] ] } },
{ "type": "Feature", "properties": { "pop": 3983.0 }, "geometry": { "type": "Polygon", "coordinates": [ [ [ 33.16232, 0.04895 ], [ 33.114, 0.07312 ], [ 33.1138, 0.12174 ], [ 33.16194, 0.1462 ], [ 33.21027, 0.12203 ], [ 33.21046, 0.07341 ], [ 33.16232, 0.04895 ] ] ] } },
{ "type": "Feature", "properties": { "pop": 12711.0 }, "geometry": { "type": "Polygon", "coordinates": [ [ [ 33.16174, 0.19482 ], [ 33.11342, 0.21899 ], [ 33.11323, 0.26762 ], [ 33.16136, 0.29208 ], [ 33.20968, 0.26791 ], [ 33.20988, 0.21928 ], [ 33.16174, 0.19482 ] ] ] } },
{ "type": "Feature", "properties": { "pop": 86045.0 }, "geometry": { "type": "Polygon", "coordinates": [ [ [ 33.16116, 0.34071 ], [ 33.11284, 0.36488 ], [ 33.11265, 0.41351 ], [ 33.16078, 0.43797 ], [ 33.2091, 0.4138 ], [ 33.20929, 0.36517 ], [ 33.16116, 0.34071 ] ] ] } },
{ "type": "Feature", "properties": { "pop": 54034.0 }, "geometry": { "type": "Polygon", "coordinates": [ [ [ 33.16058, 0.4866 ], [ 33.11227, 0.51078 ], [ 33.11207, 0.55941 ], [ 33.1602, 0.58388 ], [ 33.20851, 0.5597 ], [ 33.20871, 0.51107 ], [ 33.16058, 0.4866 ] ] ] } },
{ "type": "Feature", "properties": { "pop": 55950.0 }, "geometry": { "type": "Polygon", "coordinates": [ [ [ 33.16, 0.63252 ], [ 33.11169, 0.65669 ], [ 33.1115, 0.70533 ], [ 33.15962, 0.7298 ], [ 33.20793, 0.70562 ], [ 33.20813, 0.65698 ], [ 33.16, 0.63252 ] ] ] } },
{ "type": "Feature", "properties": { "pop": 40571.0 }, "geometry": { "type": "Polygon", "coordinates": [ [ [ 33.15942, 0.77844 ], [ 33.11111, 0.80262 ], [ 33.11092, 0.85126 ], [ 33.15904, 0.87573 ], [ 33.20735, 0.85155 ], [ 33.20754, 0.80291 ], [ 33.15942, 0.77844 ] ] ] } },
{ "type": "Feature", "properties": { "pop": 48878.0 }, "geometry": { "type": "Polygon", "coordinates": [ [ [ 33.15884, 0.92438 ], [ 33.11054, 0.94856 ], [ 33.11034, 0.99721 ], [ 33.15846, 1.02168 ], [ 33.20676, 0.9975 ], [ 33.20696, 0.94885 ], [ 33.15884, 0.92438 ] ] ] } },
{ "type": "Feature", "properties": { "pop": 15865.0 }, "geometry": { "type": "Polygon", "coordinates": [ [ [ 33.15826, 1.07034 ], [ 33.10996, 1.09452 ], [ 33.10977, 1.14318 ], [ 33.15788, 1.16765 ], [ 33.20618, 1.14347 ], [ 33.20638, 1.09481 ], [ 33.15826, 1.07034 ] ] ] } },
{ "type": "Feature", "properties": { "pop": 32234.0 }, "geometry": { "type": "Polygon", "coordinates": [ [ [ 33.15768, 1.21631 ], [ 33.10938, 1.24049 ], [ 33.10919, 1.28916 ], [ 33.1573, 1.31364 ], [ 33.2056, 1.28945 ], [ 33.20579, 1.24079 ], [ 33.15768, 1.21631 ] ] ] } },
{ "type": "Feature", "properties": { "pop": 4194.0 }, "geometry": { "type": "Polygon", "coordinates": [ [ [ 33.1571, 1.3623 ], [ 33.10881, 1.38649 ], [ 33.10861, 1.43516 ], [ 33.15672, 1.45964 ], [ 33.20501, 1.43545 ], [ 33.20521, 1.38678 ], [ 33.1571, 1.3623 ] ] ] } },
{ "type": "Feature", "properties": { "pop": 7678.0 }, "geometry": { "type": "Polygon", "coordinates": [ [ [ 33.15652, 1.50831 ], [ 33.10823, 1.5325 ], [ 33.10804, 1.58118 ], [ 33.15614, 1.60566 ], [ 33.20443, 1.58147 ], [ 33.20463, 1.5328 ], [ 33.15652, 1.50831 ] ] ] } },
{ "type": "Feature", "properties": { "pop": 14536.0 }, "geometry": { "type": "Polygon", "coordinates": [ [ [ 33.15595, 1.65434 ], [ 33.10765, 1.67854 ], [ 33.10746, 1.72722 ], [ 33.15556, 1.75171 ], [ 33.20385, 1.72751 ], [ 33.20404, 1.67883 ], [ 33.15595, 1.65434 ] ] ] } },
{ "type": "Feature", "properties": { "pop": 19668.0 }, "geometry": { "type": "Polygon", "coordinates": [ [ [ 33.15537, 1.80039 ], [ 33.10708, 1.82459 ], [ 33.10689, 1.87328 ], [ 33.15498, 1.89777 ], [ 33.20327, 1.87357 ], [ 33.20346, 1.82488 ], [ 33.15537, 1.80039 ] ] ] } },
{ "type": "Feature", "properties": { "pop": 19223.0 }, "geometry": { "type": "Polygon", "coordinates": [ [ [ 33.15479, 1.94647 ], [ 33.1065, 1.97067 ], [ 33.10631, 2.01937 ], [ 33.1544, 2.04386 ], [ 33.20268, 2.01966 ], [ 33.20288, 1.97096 ], [ 33.15479, 1.94647 ] ] ] } },
{ "type": "Feature", "properties": { "pop": 14371.0 }, "geometry": { "type": "Polygon", "coordinates": [ [ [ 33.15421, 2.09256 ], [ 33.10593, 2.11677 ], [ 33.10573, 2.16547 ], [ 33.15382, 2.18997 ], [ 33.2021, 2.16577 ], [ 33.20229, 2.11706 ], [ 33.15421, 2.09256 ] ] ] } },
{ "type": "Feature", "properties": { "pop": 21718.0 }, "geometry": { "type": "Polygon", "coordinates": [ [ [ 33.15363, 2.23868 ], [ 33.10535, 2.26289 ], [ 33.10516, 2.3116 ], [ 33.15324, 2.33611 ], [ 33.20152, 2.3119 ], [ 33.20171, 2.26318 ], [ 33.15363, 2.23868 ] ] ] } },
{ "type": "Feature", "properties": { "pop": 10289.0 }, "geometry": { "type": "Polygon", "coordinates": [ [ [ 33.15305, 2.38483 ], [ 33.10477, 2.40904 ], [ 33.10458, 2.45776 ], [ 33.15266, 2.48227 ], [ 33.20094, 2.45805 ], [ 33.20113, 2.40933 ], [ 33.15305, 2.38483 ] ] ] } },
{ "type": "Feature", "properties": { "pop": 9881.0 }, "geometry": { "type": "Polygon", "coordinates": [ [ [ 33.15247, 2.531 ], [ 33.1042, 2.55521 ], [ 33.10401, 2.60394 ], [ 33.15208, 2.62846 ], [ 33.20035, 2.60424 ], [ 33.20055, 2.55551 ], [ 33.15247, 2.531 ] ] ] } },
{ "type": "Feature", "properties": { "pop": 6657.0 }, "geometry": { "type": "Polygon", "coordinates": [ [ [ 33.15189, 2.67719 ], [ 33.10362, 2.70141 ], [ 33.10343, 2.75015 ], [ 33.1515, 2.77467 ], [ 33.19977, 2.75045 ], [ 33.19996, 2.70171 ], [ 33.15189, 2.67719 ] ] ] } },
{ "type": "Feature", "properties": { "pop": 6802.0 }, "geometry": { "type": "Polygon", "coordinates": [ [ [ 33.15131, 2.82341 ], [ 33.10305, 2.84764 ], [ 33.10286, 2.89639 ], [ 33.15093, 2.92091 ], [ 33.19919, 2.89668 ], [ 33.19938, 2.84793 ], [ 33.15131, 2.82341 ] ] ] } },
{ "type": "Feature", "properties": { "pop": 2588.0 }, "geometry": { "type": "Polygon", "coordinates": [ [ [ 33.15073, 2.96967 ], [ 33.10247, 2.9939 ], [ 33.10228, 3.04266 ], [ 33.15035, 3.06718 ], [ 33.19861, 3.04295 ], [ 33.1988, 2.99419 ], [ 33.15073, 2.96967 ] ] ] } },
{ "type": "Feature", "properties": { "pop": 7712.0 }, "geometry": { "type": "Polygon", "coordinates": [ [ [ 33.15015, 3.11595 ], [ 33.1019, 3.14018 ], [ 33.10171, 3.18895 ], [ 33.14977, 3.21348 ], [ 33.19802, 3.18925 ], [ 33.19822, 3.14048 ], [ 33.15015, 3.11595 ] ] ] } },
{ "type": "Feature", "properties": { "pop": 3425.0 }, "geometry": { "type": "Polygon", "coordinates": [ [ [ 33.14958, 3.26226 ], [ 33.10132, 3.2865 ], [ 33.10113, 3.33528 ], [ 33.14919, 3.35982 ], [ 33.19744, 3.33557 ], [ 33.19764, 3.28679 ], [ 33.14958, 3.26226 ] ] ] } },
{ "type": "Feature", "properties": { "pop": 1035.0 }, "geometry": { "type": "Polygon", "coordinates": [ [ [ 33.149, 3.4086 ], [ 33.10075, 3.43285 ], [ 33.10056, 3.48164 ], [ 33.14861, 3.50618 ], [ 33.19686, 3.48193 ], [ 33.19705, 3.43314 ], [ 33.149, 3.4086 ] ] ] } },
{ "type": "Feature", "properties": { "pop": 1325.0 }, "geometry": { "type": "Polygon", "coordinates": [ [ [ 33.14842, 3.55497 ], [ 33.10017, 3.57923 ], [ 33.09998, 3.62803 ], [ 33.14803, 3.65257 ], [ 33.19628, 3.62832 ], [ 33.19647, 3.57952 ], [ 33.14842, 3.55497 ] ] ] } },
{ "type": "Feature", "properties": { "pop": 3048.0 }, "geometry": { "type": "Polygon", "coordinates": [ [ [ 33.14784, 3.70138 ], [ 33.0996, 3.72564 ], [ 33.09941, 3.77445 ], [ 33.14745, 3.799 ], [ 33.1957, 3.77474 ], [ 33.19589, 3.72593 ], [ 33.14784, 3.70138 ] ] ] } },
{ "type": "Feature", "properties": { "pop": 2995.0 }, "geometry": { "type": "Polygon", "coordinates": [ [ [ 33.21143, -0.16969 ], [ 33.1631, -0.14553 ], [ 33.16291, -0.09691 ], [ 33.21104, -0.07246 ], [ 33.25938, -0.09662 ], [ 33.25957, -0.14524 ], [ 33.21143, -0.16969 ] ] ] } },
{ "type": "Feature", "properties": { "pop": 1323.0 }, "geometry": { "type": "Polygon", "coordinates": [ [ [ 33.21085, -0.02384 ], [ 33.16252, 0.00033 ], [ 33.16232, 0.04895 ], [ 33.21046, 0.07341 ], [ 33.25879, 0.04924 ], [ 33.25899, 0.00062 ], [ 33.21085, -0.02384 ] ] ] } },
{ "type": "Feature", "properties": { "pop": 6877.0 }, "geometry": { "type": "Polygon", "coordinates": [ [ [ 33.21027, 0.12203 ], [ 33.16194, 0.1462 ], [ 33.16174, 0.19482 ], [ 33.20988, 0.21928 ], [ 33.2582, 0.19512 ], [ 33.2584, 0.14649 ], [ 33.21027, 0.12203 ] ] ] } },
{ "type": "Feature", "properties": { "pop": 10648.0 }, "geometry": { "type": "Polygon", "coordinates": [ [ [ 33.20968, 0.26791 ], [ 33.16136, 0.29208 ], [ 33.16116, 0.34071 ], [ 33.20929, 0.36517 ], [ 33.25762, 0.341 ], [ 33.25781, 0.29237 ], [ 33.20968, 0.26791 ] ] ] } },
{ "type": "Feature", "properties": { "pop": 221594.0 }, "geometry": { "type": "Polygon", "coordinates": [ [ [ 33.2091, 0.4138 ], [ 33.16078, 0.43797 ], [ 33.16058, 0.4866 ], [ 33.20871, 0.51107 ], [ 33.25703, 0.4869 ], [ 33.25722, 0.43827 ], [ 33.2091, 0.4138 ] ] ] } },
{ "type": "Feature", "properties": { "pop": 46091.0 }, "geometry": { "type": "Polygon", "coordinates": [ [ [ 33.20851, 0.5597 ], [ 33.1602, 0.58388 ], [ 33.16, 0.63252 ], [ 33.20813, 0.65698 ], [ 33.25644, 0.63281 ], [ 33.25664, 0.58417 ], [ 33.20851, 0.5597 ] ] ] } },
{ "type": "Feature", "properties": { "pop": 40946.0 }, "geometry": { "type": "Polygon", "coordinates": [ [ [ 33.20793, 0.70562 ], [ 33.15962, 0.7298 ], [ 33.15942, 0.77844 ], [ 33.20754, 0.80291 ], [ 33.25586, 0.77873 ], [ 33.25605, 0.73009 ], [ 33.20793, 0.70562 ] ] ] } },
{ "type": "Feature", "properties": { "pop": 36016.0 }, "geometry": { "type": "Polygon", "coordinates": [ [ [ 33.20735, 0.85155 ], [ 33.15904, 0.87573 ], [ 33.15884, 0.92438 ], [ 33.20696, 0.94885 ], [ 33.25527, 0.92467 ], [ 33.25546, 0.87603 ], [ 33.20735, 0.85155 ] ] ] } },
{ "type": "Feature", "properties": { "pop": 30452.0 }, "geometry": { "type": "Polygon", "coordinates": [ [ [ 33.20676, 0.9975 ], [ 33.15846, 1.02168 ], [ 33.15826, 1.07034 ], [ 33.20638, 1.09481 ], [ 33.25468, 1.07063 ], [ 33.25488, 1.02198 ], [ 33.20676, 0.9975 ] ] ] } },
{ "type": "Feature", "properties": { "pop": 23158.0 }, "geometry": { "type": "Polygon", "coordinates": [ [ [ 33.20618, 1.14347 ], [ 33.15788, 1.16765 ], [ 33.15768, 1.21631 ], [ 33.20579, 1.24079 ], [ 33.25409, 1.2166 ], [ 33.25429, 1.16794 ], [ 33.20618, 1.14347 ] ] ] } },
{ "type": "Feature", "properties": { "pop": 1052.0 }, "geometry": { "type": "Polygon", "coordinates": [ [ [ 33.2056, 1.28945 ], [ 33.1573, 1.31364 ], [ 33.1571, 1.3623 ], [ 33.20521, 1.38678 ], [ 33.25351, 1.3626 ], [ 33.2537, 1.31393 ], [ 33.2056, 1.28945 ] ] ] } },
{ "type": "Feature", "properties": { "pop": 15825.0 }, "geometry": { "type": "Polygon", "coordinates": [ [ [ 33.20501, 1.43545 ], [ 33.15672, 1.45964 ], [ 33.15652, 1.50831 ], [ 33.20463, 1.5328 ], [ 33.25292, 1.50861 ], [ 33.25312, 1.45993 ], [ 33.20501, 1.43545 ] ] ] } },
{ "type": "Feature", "properties": { "pop": 1928.0 }, "geometry": { "type": "Polygon", "coordinates": [ [ [ 33.20443, 1.58147 ], [ 33.15614, 1.60566 ], [ 33.15595, 1.65434 ], [ 33.20404, 1.67883 ], [ 33.25234, 1.65464 ], [ 33.25253, 1.60596 ], [ 33.20443, 1.58147 ] ] ] } },
{ "type": "Feature", "properties": { "pop": 20072.0 }, "geometry": { "type": "Polygon", "coordinates": [ [ [ 33.20385, 1.72751 ], [ 33.15556, 1.75171 ], [ 33.15537, 1.80039 ], [ 33.20346, 1.82488 ], [ 33.25175, 1.80069 ], [ 33.25194, 1.752 ], [ 33.20385, 1.72751 ] ] ] } },
{ "type": "Feature", "properties": { "pop": 23911.0 }, "geometry": { "type": "Polygon", "coordinates": [ [ [ 33.20327, 1.87357 ], [ 33.15498, 1.89777 ], [ 33.15479, 1.94647 ], [ 33.20288, 1.97096 ], [ 33.25116, 1.94676 ], [ 33.25136, 1.89807 ], [ 33.20327, 1.87357 ] ] ] } },
{ "type": "Feature", "properties": { "pop": 20007.0 }, "geometry": { "type": "Polygon", "coordinates": [ [ [ 33.20268, 2.01966 ], [ 33.1544, 2.04386 ], [ 33.15421, 2.09256 ], [ 33.20229, 2.11706 ], [ 33.25058, 2.09286 ], [ 33.25077, 2.04416 ], [ 33.20268, 2.01966 ] ] ] } },
{ "type": "Feature", "properties": { "pop": 16229.0 }, "geometry": { "type": "Polygon", "coordinates": [ [ [ 33.2021, 2.16577 ], [ 33.15382, 2.18997 ], [ 33.15363, 2.23868 ], [ 33.20171, 2.26318 ], [ 33.24999, 2.23898 ], [ 33.25019, 2.19027 ], [ 33.2021, 2.16577 ] ] ] } },
{ "type": "Feature", "properties": { "pop": 12909.0 }, "geometry": { "type": "Polygon", "coordinates": [ [ [ 33.20152, 2.3119 ], [ 33.15324, 2.33611 ], [ 33.15305, 2.38483 ], [ 33.20113, 2.40933 ], [ 33.2494, 2.38512 ], [ 33.2496, 2.3364 ], [ 33.20152, 2.3119 ] ] ] } },
{ "type": "Feature", "properties": { "pop": 6772.0 }, "geometry": { "type": "Polygon", "coordinates": [ [ [ 33.20094, 2.45805 ], [ 33.15266, 2.48227 ], [ 33.15247, 2.531 ], [ 33.20055, 2.55551 ], [ 33.24882, 2.53129 ], [ 33.24901, 2.48256 ], [ 33.20094, 2.45805 ] ] ] } },
{ "type": "Feature", "properties": { "pop": 8022.0 }, "geometry": { "type": "Polygon", "coordinates": [ [ [ 33.20035, 2.60424 ], [ 33.15208, 2.62846 ], [ 33.15189, 2.67719 ], [ 33.19996, 2.70171 ], [ 33.24823, 2.67749 ], [ 33.24843, 2.62875 ], [ 33.20035, 2.60424 ] ] ] } },
{ "type": "Feature", "properties": { "pop": 10345.0 }, "geometry": { "type": "Polygon", "coordinates": [ [ [ 33.19977, 2.75045 ], [ 33.1515, 2.77467 ], [ 33.15131, 2.82341 ], [ 33.19938, 2.84793 ], [ 33.24765, 2.82371 ], [ 33.24784, 2.77496 ], [ 33.19977, 2.75045 ] ] ] } },
{ "type": "Feature", "properties": { "pop": 2533.0 }, "geometry": { "type": "Polygon", "coordinates": [ [ [ 33.19919, 2.89668 ], [ 33.15093, 2.92091 ], [ 33.15073, 2.96967 ], [ 33.1988, 2.99419 ], [ 33.24706, 2.96996 ], [ 33.24726, 2.92121 ], [ 33.19919, 2.89668 ] ] ] } },
{ "type": "Feature", "properties": { "pop": 5778.0 }, "geometry": { "type": "Polygon", "coordinates": [ [ [ 33.19861, 3.04295 ], [ 33.15035, 3.06718 ], [ 33.15015, 3.11595 ], [ 33.19822, 3.14048 ], [ 33.24648, 3.11624 ], [ 33.24667, 3.06748 ], [ 33.19861, 3.04295 ] ] ] } },
{ "type": "Feature", "properties": { "pop": 9539.0 }, "geometry": { "type": "Polygon", "coordinates": [ [ [ 33.19802, 3.18925 ], [ 33.14977, 3.21348 ], [ 33.14958, 3.26226 ], [ 33.19764, 3.28679 ], [ 33.24589, 3.26255 ], [ 33.24609, 3.21378 ], [ 33.19802, 3.18925 ] ] ] } },
{ "type": "Feature", "properties": { "pop": 1313.0 }, "geometry": { "type": "Polygon", "coordinates": [ [ [ 33.19744, 3.33557 ], [ 33.14919, 3.35982 ], [ 33.149, 3.4086 ], [ 33.19705, 3.43314 ], [ 33.24531, 3.40889 ], [ 33.2455, 3.36011 ], [ 33.19744, 3.33557 ] ] ] } },
{ "type": "Feature", "properties": { "pop": 644.0 }, "geometry": { "type": "Polygon", "coordinates": [ [ [ 33.19686, 3.48193 ], [ 33.14861, 3.50618 ], [ 33.14842, 3.55497 ], [ 33.19647, 3.57952 ], [ 33.24472, 3.55527 ], [ 33.24491, 3.50647 ], [ 33.19686, 3.48193 ] ] ] } },
{ "type": "Feature", "properties": { "pop": 733.0 }, "geometry": { "type": "Polygon", "coordinates": [ [ [ 33.19628, 3.62832 ], [ 33.14803, 3.65257 ], [ 33.14784, 3.70138 ], [ 33.19589, 3.72593 ], [ 33.24413, 3.70168 ], [ 33.24433, 3.65287 ], [ 33.19628, 3.62832 ] ] ] } },
{ "type": "Feature", "properties": { "pop": 900.0 }, "geometry": { "type": "Polygon", "coordinates": [ [ [ 33.1957, 3.77474 ], [ 33.14745, 3.799 ], [ 33.14726, 3.84782 ], [ 33.19531, 3.87238 ], [ 33.24355, 3.84812 ], [ 33.24374, 3.7993 ], [ 33.1957, 3.77474 ] ] ] } },
{ "type": "Feature", "properties": { "pop": 92.0 }, "geometry": { "type": "Polygon", "coordinates": [ [ [ 33.25938, -0.09662 ], [ 33.21104, -0.07246 ], [ 33.21085, -0.02384 ], [ 33.25899, 0.00062 ], [ 33.30732, -0.02354 ], [ 33.30752, -0.07216 ], [ 33.25938, -0.09662 ] ] ] } },
{ "type": "Feature", "properties": { "pop": 3906.0 }, "geometry": { "type": "Polygon", "coordinates": [ [ [ 33.25879, 0.04924 ], [ 33.21046, 0.07341 ], [ 33.21027, 0.12203 ], [ 33.2584, 0.14649 ], [ 33.30673, 0.12233 ], [ 33.30692, 0.0737 ], [ 33.25879, 0.04924 ] ] ] } },
{ "type": "Feature", "properties": { "pop": 19504.0 }, "geometry": { "type": "Polygon", "coordinates": [ [ [ 33.2582, 0.19512 ], [ 33.20988, 0.21928 ], [ 33.20968, 0.26791 ], [ 33.25781, 0.29237 ], [ 33.30614, 0.26821 ], [ 33.30633, 0.21958 ], [ 33.2582, 0.19512 ] ] ] } },
{ "type": "Feature", "properties": { "pop": 16032.0 }, "geometry": { "type": "Polygon", "coordinates": [ [ [ 33.25762, 0.341 ], [ 33.20929, 0.36517 ], [ 33.2091, 0.4138 ], [ 33.25722, 0.43827 ], [ 33.30555, 0.4141 ], [ 33.30574, 0.36547 ], [ 33.25762, 0.341 ] ] ] } },
{ "type": "Feature", "properties": { "pop": 35544.0 }, "geometry": { "type": "Polygon", "coordinates": [ [ [ 33.25703, 0.4869 ], [ 33.20871, 0.51107 ], [ 33.20851, 0.5597 ], [ 33.25664, 0.58417 ], [ 33.30496, 0.56 ], [ 33.30515, 0.51136 ], [ 33.25703, 0.4869 ] ] ] } },
{ "type": "Feature", "properties": { "pop": 37688.0 }, "geometry": { "type": "Polygon", "coordinates": [ [ [ 33.25644, 0.63281 ], [ 33.20813, 0.65698 ], [ 33.20793, 0.70562 ], [ 33.25605, 0.73009 ], [ 33.30437, 0.70592 ], [ 33.30456, 0.65728 ], [ 33.25644, 0.63281 ] ] ] } },
{ "type": "Feature", "properties": { "pop": 51408.0 }, "geometry": { "type": "Polygon", "coordinates": [ [ [ 33.25586, 0.77873 ], [ 33.20754, 0.80291 ], [ 33.20735, 0.85155 ], [ 33.25546, 0.87603 ], [ 33.30378, 0.85185 ], [ 33.30397, 0.8032 ], [ 33.25586, 0.77873 ] ] ] } },
{ "type": "Feature", "properties": { "pop": 30716.0 }, "geometry": { "type": "Polygon", "coordinates": [ [ [ 33.25527, 0.92467 ], [ 33.20696, 0.94885 ], [ 33.20676, 0.9975 ], [ 33.25488, 1.02198 ], [ 33.30319, 0.9978 ], [ 33.30338, 0.94915 ], [ 33.25527, 0.92467 ] ] ] } },
{ "type": "Feature", "properties": { "pop": 32283.0 }, "geometry": { "type": "Polygon", "coordinates": [ [ [ 33.25468, 1.07063 ], [ 33.20638, 1.09481 ], [ 33.20618, 1.14347 ], [ 33.25429, 1.16794 ], [ 33.3026, 1.14376 ], [ 33.30279, 1.09511 ], [ 33.25468, 1.07063 ] ] ] } },
{ "type": "Feature", "properties": { "pop": 13266.0 }, "geometry": { "type": "Polygon", "coordinates": [ [ [ 33.25409, 1.2166 ], [ 33.20579, 1.24079 ], [ 33.2056, 1.28945 ], [ 33.2537, 1.31393 ], [ 33.30201, 1.28975 ], [ 33.3022, 1.24108 ], [ 33.25409, 1.2166 ] ] ] } },
{ "type": "Feature", "properties": { "pop": 11734.0 }, "geometry": { "type": "Polygon", "coordinates": [ [ [ 33.25351, 1.3626 ], [ 33.20521, 1.38678 ], [ 33.20501, 1.43545 ], [ 33.25312, 1.45993 ], [ 33.30142, 1.43575 ], [ 33.30161, 1.38708 ], [ 33.25351, 1.3626 ] ] ] } },
{ "type": "Feature", "properties": { "pop": 16992.0 }, "geometry": { "type": "Polygon", "coordinates": [ [ [ 33.25292, 1.50861 ], [ 33.20463, 1.5328 ], [ 33.20443, 1.58147 ], [ 33.25253, 1.60596 ], [ 33.30083, 1.58177 ], [ 33.30102, 1.53309 ], [ 33.25292, 1.50861 ] ] ] } },
{ "type": "Feature", "properties": { "pop": 11174.0 }, "geometry": { "type": "Polygon", "coordinates": [ [ [ 33.25234, 1.65464 ], [ 33.20404, 1.67883 ], [ 33.20385, 1.72751 ], [ 33.25194, 1.752 ], [ 33.30024, 1.72781 ], [ 33.30043, 1.67913 ], [ 33.25234, 1.65464 ] ] ] } },
{ "type": "Feature", "properties": { "pop": 16825.0 }, "geometry": { "type": "Polygon", "coordinates": [ [ [ 33.25175, 1.80069 ], [ 33.20346, 1.82488 ], [ 33.20327, 1.87357 ], [ 33.25136, 1.89807 ], [ 33.29965, 1.87387 ], [ 33.29984, 1.82518 ], [ 33.25175, 1.80069 ] ] ] } },
{ "type": "Feature", "properties": { "pop": 22727.0 }, "geometry": { "type": "Polygon", "coordinates": [ [ [ 33.25116, 1.94676 ], [ 33.20288, 1.97096 ], [ 33.20268, 2.01966 ], [ 33.25077, 2.04416 ], [ 33.29906, 2.01995 ], [ 33.29925, 1.97126 ], [ 33.25116, 1.94676 ] ] ] } },
{ "type": "Feature", "properties": { "pop": 25606.0 }, "geometry": { "type": "Polygon", "coordinates": [ [ [ 33.25058, 2.09286 ], [ 33.20229, 2.11706 ], [ 33.2021, 2.16577 ], [ 33.25019, 2.19027 ], [ 33.29847, 2.16606 ], [ 33.29866, 2.11736 ], [ 33.25058, 2.09286 ] ] ] } },
{ "type": "Feature", "properties": { "pop": 14835.0 }, "geometry": { "type": "Polygon", "coordinates": [ [ [ 33.24999, 2.23898 ], [ 33.20171, 2.26318 ], [ 33.20152, 2.3119 ], [ 33.2496, 2.3364 ], [ 33.29788, 2.31219 ], [ 33.29807, 2.26348 ], [ 33.24999, 2.23898 ] ] ] } },
{ "type": "Feature", "properties": { "pop": 10951.0 }, "geometry": { "type": "Polygon", "coordinates": [ [ [ 33.2494, 2.38512 ], [ 33.20113, 2.40933 ], [ 33.20094, 2.45805 ], [ 33.24901, 2.48256 ], [ 33.29729, 2.45835 ], [ 33.29748, 2.40963 ], [ 33.2494, 2.38512 ] ] ] } },
{ "type": "Feature", "properties": { "pop": 6629.0 }, "geometry": { "type": "Polygon", "coordinates": [ [ [ 33.24882, 2.53129 ], [ 33.20055, 2.55551 ], [ 33.20035, 2.60424 ], [ 33.24843, 2.62875 ], [ 33.2967, 2.60453 ], [ 33.2969, 2.5558 ], [ 33.24882, 2.53129 ] ] ] } },
{ "type": "Feature", "properties": { "pop": 10981.0 }, "geometry": { "type": "Polygon", "coordinates": [ [ [ 33.24823, 2.67749 ], [ 33.19996, 2.70171 ], [ 33.19977, 2.75045 ], [ 33.24784, 2.77496 ], [ 33.29611, 2.75074 ], [ 33.29631, 2.702 ], [ 33.24823, 2.67749 ] ] ] } },
{ "type": "Feature", "properties": { "pop": 4381.0 }, "geometry": { "type": "Polygon", "coordinates": [ [ [ 33.24765, 2.82371 ], [ 33.19938, 2.84793 ], [ 33.19919, 2.89668 ], [ 33.24726, 2.92121 ], [ 33.29552, 2.89698 ], [ 33.29572, 2.84823 ], [ 33.24765, 2.82371 ] ] ] } },
{ "type": "Feature", "properties": { "pop": 1954.0 }, "geometry": { "type": "Polygon", "coordinates": [ [ [ 33.24706, 2.96996 ], [ 33.1988, 2.99419 ], [ 33.19861, 3.04295 ], [ 33.24667, 3.06748 ], [ 33.29493, 3.04325 ], [ 33.29513, 2.99449 ], [ 33.24706, 2.96996 ] ] ] } },
{ "type": "Feature", "properties": { "pop": 5558.0 }, "geometry": { "type": "Polygon", "coordinates": [ [ [ 33.24648, 3.11624 ], [ 33.19822, 3.14048 ], [ 33.19802, 3.18925 ], [ 33.24609, 3.21378 ], [ 33.29434, 3.18954 ], [ 33.29454, 3.14077 ], [ 33.24648, 3.11624 ] ] ] } },
{ "type": "Feature", "properties": { "pop": 5773.0 }, "geometry": { "type": "Polygon", "coordinates": [ [ [ 33.24589, 3.26255 ], [ 33.19764, 3.28679 ], [ 33.19744, 3.33557 ], [ 33.2455, 3.36011 ], [ 33.29375, 3.33587 ], [ 33.29395, 3.28709 ], [ 33.24589, 3.26255 ] ] ] } },
{ "type": "Feature", "properties": { "pop": 877.0 }, "geometry": { "type": "Polygon", "coordinates": [ [ [ 33.24531, 3.40889 ], [ 33.19705, 3.43314 ], [ 33.19686, 3.48193 ], [ 33.24491, 3.50647 ], [ 33.29316, 3.48223 ], [ 33.29336, 3.43344 ], [ 33.24531, 3.40889 ] ] ] } },
{ "type": "Feature", "properties": { "pop": 556.0 }, "geometry": { "type": "Polygon", "coordinates": [ [ [ 33.24472, 3.55527 ], [ 33.19647, 3.57952 ], [ 33.19628, 3.62832 ], [ 33.24433, 3.65287 ], [ 33.29258, 3.62862 ], [ 33.29277, 3.57982 ], [ 33.24472, 3.55527 ] ] ] } },
{ "type": "Feature", "properties": { "pop": 2549.0 }, "geometry": { "type": "Polygon", "coordinates": [ [ [ 33.24413, 3.70168 ], [ 33.19589, 3.72593 ], [ 33.1957, 3.77474 ], [ 33.24374, 3.7993 ], [ 33.29199, 3.77504 ], [ 33.29218, 3.72623 ], [ 33.24413, 3.70168 ] ] ] } },
{ "type": "Feature", "properties": { "pop": 3767.0 }, "geometry": { "type": "Polygon", "coordinates": [ [ [ 33.30732, -0.02354 ], [ 33.25899, 0.00062 ], [ 33.25879, 0.04924 ], [ 33.30692, 0.0737 ], [ 33.35526, 0.04954 ], [ 33.35545, 0.00092 ], [ 33.30732, -0.02354 ] ] ] } },
{ "type": "Feature", "properties": { "pop": 17874.0 }, "geometry": { "type": "Polygon", "coordinates": [ [ [ 33.30673, 0.12233 ], [ 33.2584, 0.14649 ], [ 33.2582, 0.19512 ], [ 33.30633, 0.21958 ], [ 33.35466, 0.19541 ], [ 33.35486, 0.14679 ], [ 33.30673, 0.12233 ] ] ] } },
{ "type": "Feature", "properties": { "pop": 9683.0 }, "geometry": { "type": "Polygon", "coordinates": [ [ [ 33.30614, 0.26821 ], [ 33.25781, 0.29237 ], [ 33.25762, 0.341 ], [ 33.30574, 0.36547 ], [ 33.35407, 0.3413 ], [ 33.35427, 0.29267 ], [ 33.30614, 0.26821 ] ] ] } },
{ "type": "Feature", "properties": { "pop": 29683.0 }, "geometry": { "type": "Polygon", "coordinates": [ [ [ 33.30555, 0.4141 ], [ 33.25722, 0.43827 ], [ 33.25703, 0.4869 ], [ 33.30515, 0.51136 ], [ 33.35347, 0.4872 ], [ 33.35367, 0.43856 ], [ 33.30555, 0.4141 ] ] ] } },
{ "type": "Feature", "properties": { "pop": 38266.0 }, "geometry": { "type": "Polygon", "coordinates": [ [ [ 33.30496, 0.56 ], [ 33.25664, 0.58417 ], [ 33.25644, 0.63281 ], [ 33.30456, 0.65728 ], [ 33.35288, 0.63311 ], [ 33.35308, 0.58447 ], [ 33.30496, 0.56 ] ] ] } },
{ "type": "Feature", "properties": { "pop": 44529.0 }, "geometry": { "type": "Polygon", "coordinates": [ [ [ 33.30437, 0.70592 ], [ 33.25605, 0.73009 ], [ 33.25586, 0.77873 ], [ 33.30397, 0.8032 ], [ 33.35229, 0.77903 ], [ 33.35248, 0.73039 ], [ 33.30437, 0.70592 ] ] ] } },
{ "type": "Feature", "properties": { "pop": 37975.0 }, "geometry": { "type": "Polygon", "coordinates": [ [ [ 33.30378, 0.85185 ], [ 33.25546, 0.87603 ], [ 33.25527, 0.92467 ], [ 33.30338, 0.94915 ], [ 33.35169, 0.92497 ], [ 33.35189, 0.87632 ], [ 33.30378, 0.85185 ] ] ] } },
{ "type": "Feature", "properties": { "pop": 29724.0 }, "geometry": { "type": "Polygon", "coordinates": [ [ [ 33.30319, 0.9978 ], [ 33.25488, 1.02198 ], [ 33.25468, 1.07063 ], [ 33.30279, 1.09511 ], [ 33.3511, 1.07093 ], [ 33.3513, 1.02227 ], [ 33.30319, 0.9978 ] ] ] } },
{ "type": "Feature", "properties": { "pop": 28495.0 }, "geometry": { "type": "Polygon", "coordinates": [ [ [ 33.3026, 1.14376 ], [ 33.25429, 1.16794 ], [ 33.25409, 1.2166 ], [ 33.3022, 1.24108 ], [ 33.35051, 1.2169 ], [ 33.3507, 1.16824 ], [ 33.3026, 1.14376 ] ] ] } },
{ "type": "Feature", "properties": { "pop": 3999.0 }, "geometry": { "type": "Polygon", "coordinates": [ [ [ 33.30201, 1.28975 ], [ 33.2537, 1.31393 ], [ 33.25351, 1.3626 ], [ 33.30161, 1.38708 ], [ 33.34991, 1.36289 ], [ 33.35011, 1.31423 ], [ 33.30201, 1.28975 ] ] ] } },
{ "type": "Feature", "properties": { "pop": 16773.0 }, "geometry": { "type": "Polygon", "coordinates": [ [ [ 33.30142, 1.43575 ], [ 33.25312, 1.45993 ], [ 33.25292, 1.50861 ], [ 33.30102, 1.53309 ], [ 33.34932, 1.5089 ], [ 33.34952, 1.46023 ], [ 33.30142, 1.43575 ] ] ] } },
{ "type": "Feature", "properties": { "pop": 8322.0 }, "geometry": { "type": "Polygon", "coordinates": [ [ [ 33.30083, 1.58177 ], [ 33.25253, 1.60596 ], [ 33.25234, 1.65464 ], [ 33.30043, 1.67913 ], [ 33.34873, 1.65493 ], [ 33.34892, 1.60626 ], [ 33.30083, 1.58177 ] ] ] } },
{ "type": "Feature", "properties": { "pop": 14657.0 }, "geometry": { "type": "Polygon", "coordinates": [ [ [ 33.30024, 1.72781 ], [ 33.25194, 1.752 ], [ 33.25175, 1.80069 ], [ 33.29984, 1.82518 ], [ 33.34813, 1.80099 ], [ 33.34833, 1.7523 ], [ 33.30024, 1.72781 ] ] ] } },
{ "type": "Feature", "properties": { "pop": 27057.0 }, "geometry": { "type": "Polygon", "coordinates": [ [ [ 33.29965, 1.87387 ], [ 33.25136, 1.89807 ], [ 33.25116, 1.94676 ], [ 33.29925, 1.97126 ], [ 33.34754, 1.94706 ], [ 33.34774, 1.89837 ], [ 33.29965, 1.87387 ] ] ] } },
{ "type": "Feature", "properties": { "pop": 22324.0 }, "geometry": { "type": "Polygon", "coordinates": [ [ [ 33.29906, 2.01995 ], [ 33.25077, 2.04416 ], [ 33.25058, 2.09286 ], [ 33.29866, 2.11736 ], [ 33.34695, 2.09315 ], [ 33.34714, 2.04445 ], [ 33.29906, 2.01995 ] ] ] } },
{ "type": "Feature", "properties": { "pop": 14287.0 }, "geometry": { "type": "Polygon", "coordinates": [ [ [ 33.29847, 2.16606 ], [ 33.25019, 2.19027 ], [ 33.24999, 2.23898 ], [ 33.29807, 2.26348 ], [ 33.34635, 2.23927 ], [ 33.34655, 2.19057 ], [ 33.29847, 2.16606 ] ] ] } },
{ "type": "Feature", "properties": { "pop": 4426.0 }, "geometry": { "type": "Polygon", "coordinates": [ [ [ 33.29788, 2.31219 ], [ 33.2496, 2.3364 ], [ 33.2494, 2.38512 ], [ 33.29748, 2.40963 ], [ 33.34576, 2.38542 ], [ 33.34596, 2.3367 ], [ 33.29788, 2.31219 ] ] ] } },
{ "type": "Feature", "properties": { "pop": 8857.0 }, "geometry": { "type": "Polygon", "coordinates": [ [ [ 33.29729, 2.45835 ], [ 33.24901, 2.48256 ], [ 33.24882, 2.53129 ], [ 33.2969, 2.5558 ], [ 33.34517, 2.53159 ], [ 33.34537, 2.48286 ], [ 33.29729, 2.45835 ] ] ] } },
{ "type": "Feature", "properties": { "pop": 9532.0 }, "geometry": { "type": "Polygon", "coordinates": [ [ [ 33.2967, 2.60453 ], [ 33.24843, 2.62875 ], [ 33.24823, 2.67749 ], [ 33.29631, 2.702 ], [ 33.34458, 2.67778 ], [ 33.34477, 2.62905 ], [ 33.2967, 2.60453 ] ] ] } },
{ "type": "Feature", "properties": { "pop": 16228.0 }, "geometry": { "type": "Polygon", "coordinates": [ [ [ 33.29611, 2.75074 ], [ 33.24784, 2.77496 ], [ 33.24765, 2.82371 ], [ 33.29572, 2.84823 ], [ 33.34398, 2.82401 ], [ 33.34418, 2.77526 ], [ 33.29611, 2.75074 ] ] ] } },
{ "type": "Feature", "properties": { "pop": 3023.0 }, "geometry": { "type": "Polygon", "coordinates": [ [ [ 33.29552, 2.89698 ], [ 33.24726, 2.92121 ], [ 33.24706, 2.96996 ], [ 33.29513, 2.99449 ], [ 33.34339, 2.97026 ], [ 33.34359, 2.9215 ], [ 33.29552, 2.89698 ] ] ] } },
{ "type": "Feature", "properties": { "pop": 3445.0 }, "geometry": { "type": "Polygon", "coordinates": [ [ [ 33.29493, 3.04325 ], [ 33.24667, 3.06748 ], [ 33.24648, 3.11624 ], [ 33.29454, 3.14077 ], [ 33.3428, 3.11654 ], [ 33.343, 3.06778 ], [ 33.29493, 3.04325 ] ] ] } },
{ "type": "Feature", "properties": { "pop": 2646.0 }, "geometry": { "type": "Polygon", "coordinates": [ [ [ 33.29434, 3.18954 ], [ 33.24609, 3.21378 ], [ 33.24589, 3.26255 ], [ 33.29395, 3.28709 ], [ 33.34221, 3.26285 ], [ 33.3424, 3.21408 ], [ 33.29434, 3.18954 ] ] ] } },
{ "type": "Feature", "properties": { "pop": 2345.0 }, "geometry": { "type": "Polygon", "coordinates": [ [ [ 33.29375, 3.33587 ], [ 33.2455, 3.36011 ], [ 33.24531, 3.40889 ], [ 33.29336, 3.43344 ], [ 33.34161, 3.40919 ], [ 33.34181, 3.36041 ], [ 33.29375, 3.33587 ] ] ] } },
{ "type": "Feature", "properties": { "pop": 577.0 }, "geometry": { "type": "Polygon", "coordinates": [ [ [ 33.29316, 3.48223 ], [ 33.24491, 3.50647 ], [ 33.24472, 3.55527 ], [ 33.29277, 3.57982 ], [ 33.34102, 3.55557 ], [ 33.34122, 3.50677 ], [ 33.29316, 3.48223 ] ] ] } },
{ "type": "Feature", "properties": { "pop": 610.0 }, "geometry": { "type": "Polygon", "coordinates": [ [ [ 33.29258, 3.62862 ], [ 33.24433, 3.65287 ], [ 33.24413, 3.70168 ], [ 33.29218, 3.72623 ], [ 33.34043, 3.70197 ], [ 33.34063, 3.65317 ], [ 33.29258, 3.62862 ] ] ] } },
{ "type": "Feature", "properties": { "pop": 2976.0 }, "geometry": { "type": "Polygon", "coordinates": [ [ [ 33.35526, 0.04954 ], [ 33.30692, 0.0737 ], [ 33.30673, 0.12233 ], [ 33.35486, 0.14679 ], [ 33.40319, 0.12263 ], [ 33.40339, 0.074 ], [ 33.35526, 0.04954 ] ] ] } },
{ "type": "Feature", "properties": { "pop": 21869.0 }, "geometry": { "type": "Polygon", "coordinates": [ [ [ 33.35466, 0.19541 ], [ 33.30633, 0.21958 ], [ 33.30614, 0.26821 ], [ 33.35427, 0.29267 ], [ 33.40259, 0.26851 ], [ 33.40279, 0.21988 ], [ 33.35466, 0.19541 ] ] ] } },
{ "type": "Feature", "properties": { "pop": 14375.0 }, "geometry": { "type": "Polygon", "coordinates": [ [ [ 33.35407, 0.3413 ], [ 33.30574, 0.36547 ], [ 33.30555, 0.4141 ], [ 33.35367, 0.43856 ], [ 33.40199, 0.4144 ], [ 33.40219, 0.36576 ], [ 33.35407, 0.3413 ] ] ] } },
{ "type": "Feature", "properties": { "pop": 61902.0 }, "geometry": { "type": "Polygon", "coordinates": [ [ [ 33.35347, 0.4872 ], [ 33.30515, 0.51136 ], [ 33.30496, 0.56 ], [ 33.35308, 0.58447 ], [ 33.4014, 0.5603 ], [ 33.4016, 0.51166 ], [ 33.35347, 0.4872 ] ] ] } },
{ "type": "Feature", "properties": { "pop": 48558.0 }, "geometry": { "type": "Polygon", "coordinates": [ [ [ 33.35288, 0.63311 ], [ 33.30456, 0.65728 ], [ 33.30437, 0.70592 ], [ 33.35248, 0.73039 ], [ 33.4008, 0.70622 ], [ 33.401, 0.65758 ], [ 33.35288, 0.63311 ] ] ] } },
{ "type": "Feature", "properties": { "pop": 34219.0 }, "geometry": { "type": "Polygon", "coordinates": [ [ [ 33.35229, 0.77903 ], [ 33.30397, 0.8032 ], [ 33.30378, 0.85185 ], [ 33.35189, 0.87632 ], [ 33.4002, 0.85215 ], [ 33.4004, 0.8035 ], [ 33.35229, 0.77903 ] ] ] } },
{ "type": "Feature", "properties": { "pop": 25634.0 }, "geometry": { "type": "Polygon", "coordinates": [ [ [ 33.35169, 0.92497 ], [ 33.30338, 0.94915 ], [ 33.30319, 0.9978 ], [ 33.3513, 1.02227 ], [ 33.39961, 0.9981 ], [ 33.39981, 0.94945 ], [ 33.35169, 0.92497 ] ] ] } },
{ "type": "Feature", "properties": { "pop": 28446.0 }, "geometry": { "type": "Polygon", "coordinates": [ [ [ 33.3511, 1.07093 ], [ 33.30279, 1.09511 ], [ 33.3026, 1.14376 ], [ 33.3507, 1.16824 ], [ 33.39901, 1.14406 ], [ 33.39921, 1.09541 ], [ 33.3511, 1.07093 ] ] ] } },
{ "type": "Feature", "properties": { "pop": 26898.0 }, "geometry": { "type": "Polygon", "coordinates": [ [ [ 33.35051, 1.2169 ], [ 33.3022, 1.24108 ], [ 33.30201, 1.28975 ], [ 33.35011, 1.31423 ], [ 33.39841, 1.29005 ], [ 33.39861, 1.24138 ], [ 33.35051, 1.2169 ] ] ] } },
{ "type": "Feature", "properties": { "pop": 14223.0 }, "geometry": { "type": "Polygon", "coordinates": [ [ [ 33.34991, 1.36289 ], [ 33.30161, 1.38708 ], [ 33.30142, 1.43575 ], [ 33.34952, 1.46023 ], [ 33.39782, 1.43605 ], [ 33.39801, 1.38738 ], [ 33.34991, 1.36289 ] ] ] } },
{ "type": "Feature", "properties": { "pop": 23474.0 }, "geometry": { "type": "Polygon", "coordinates": [ [ [ 33.34932, 1.5089 ], [ 33.30102, 1.53309 ], [ 33.30083, 1.58177 ], [ 33.34892, 1.60626 ], [ 33.39722, 1.58207 ], [ 33.39742, 1.53339 ], [ 33.34932, 1.5089 ] ] ] } },
{ "type": "Feature", "properties": { "pop": 13924.0 }, "geometry": { "type": "Polygon", "coordinates": [ [ [ 33.34873, 1.65493 ], [ 33.30043, 1.67913 ], [ 33.30024, 1.72781 ], [ 33.34833, 1.7523 ], [ 33.39662, 1.72811 ], [ 33.39682, 1.67943 ], [ 33.34873, 1.65493 ] ] ] } },
{ "type": "Feature", "properties": { "pop": 20201.0 }, "geometry": { "type": "Polygon", "coordinates": [ [ [ 33.34813, 1.80099 ], [ 33.29984, 1.82518 ], [ 33.29965, 1.87387 ], [ 33.34774, 1.89837 ], [ 33.39603, 1.87417 ], [ 33.39622, 1.82548 ], [ 33.34813, 1.80099 ] ] ] } },
{ "type": "Feature", "properties": { "pop": 18558.0 }, "geometry": { "type": "Polygon", "coordinates": [ [ [ 33.34754, 1.94706 ], [ 33.29925, 1.97126 ], [ 33.29906, 2.01995 ], [ 33.34714, 2.04445 ], [ 33.39543, 2.02025 ], [ 33.39563, 1.97156 ], [ 33.34754, 1.94706 ] ] ] } },
{ "type": "Feature", "properties": { "pop": 18742.0 }, "geometry": { "type": "Polygon", "coordinates": [ [ [ 33.34695, 2.09315 ], [ 33.29866, 2.11736 ], [ 33.29847, 2.16606 ], [ 33.34655, 2.19057 ], [ 33.39483, 2.16636 ], [ 33.39503, 2.11766 ], [ 33.34695, 2.09315 ] ] ] } },
{ "type": "Feature", "properties": { "pop": 7845.0 }, "geometry": { "type": "Polygon", "coordinates": [ [ [ 33.34635, 2.23927 ], [ 33.29807, 2.26348 ], [ 33.29788, 2.31219 ], [ 33.34596, 2.3367 ], [ 33.39424, 2.31249 ], [ 33.39444, 2.26378 ], [ 33.34635, 2.23927 ] ] ] } },
{ "type": "Feature", "properties": { "pop": 9270.0 }, "geometry": { "type": "Polygon", "coordinates": [ [ [ 33.34576, 2.38542 ], [ 33.29748, 2.40963 ], [ 33.29729, 2.45835 ], [ 33.34537, 2.48286 ], [ 33.39364, 2.45865 ], [ 33.39384, 2.40993 ], [ 33.34576, 2.38542 ] ] ] } },
{ "type": "Feature", "properties": { "pop": 4312.0 }, "geometry": { "type": "Polygon", "coordinates": [ [ [ 33.34517, 2.53159 ], [ 33.2969, 2.5558 ], [ 33.2967, 2.60453 ], [ 33.34477, 2.62905 ], [ 33.39304, 2.60483 ], [ 33.39324, 2.5561 ], [ 33.34517, 2.53159 ] ] ] } },
{ "type": "Feature", "properties": { "pop": 11924.0 }, "geometry": { "type": "Polygon", "coordinates": [ [ [ 33.34458, 2.67778 ], [ 33.29631, 2.702 ], [ 33.29611, 2.75074 ], [ 33.34418, 2.77526 ], [ 33.39245, 2.75104 ], [ 33.39265, 2.7023 ], [ 33.34458, 2.67778 ] ] ] } },
{ "type": "Feature", "properties": { "pop": 7364.0 }, "geometry": { "type": "Polygon", "coordinates": [ [ [ 33.34398, 2.82401 ], [ 33.29572, 2.84823 ], [ 33.29552, 2.89698 ], [ 33.34359, 2.9215 ], [ 33.39185, 2.89728 ], [ 33.39205, 2.84853 ], [ 33.34398, 2.82401 ] ] ] } },
{ "type": "Feature", "properties": { "pop": 17430.0 }, "geometry": { "type": "Polygon", "coordinates": [ [ [ 33.34339, 2.97026 ], [ 33.29513, 2.99449 ], [ 33.29493, 3.04325 ], [ 33.343, 3.06778 ], [ 33.39126, 3.04355 ], [ 33.39145, 2.99479 ], [ 33.34339, 2.97026 ] ] ] } },
{ "type": "Feature", "properties": { "pop": 2678.0 }, "geometry": { "type": "Polygon", "coordinates": [ [ [ 33.3428, 3.11654 ], [ 33.29454, 3.14077 ], [ 33.29434, 3.18954 ], [ 33.3424, 3.21408 ], [ 33.39066, 3.18984 ], [ 33.39086, 3.14107 ], [ 33.3428, 3.11654 ] ] ] } },
{ "type": "Feature", "properties": { "pop": 6768.0 }, "geometry": { "type": "Polygon", "coordinates": [ [ [ 33.34221, 3.26285 ], [ 33.29395, 3.28709 ], [ 33.29375, 3.33587 ], [ 33.34181, 3.36041 ], [ 33.39006, 3.33617 ], [ 33.39026, 3.28739 ], [ 33.34221, 3.26285 ] ] ] } },
{ "type": "Feature", "properties": { "pop": 1520.0 }, "geometry": { "type": "Polygon", "coordinates": [ [ [ 33.34161, 3.40919 ], [ 33.29336, 3.43344 ], [ 33.29316, 3.48223 ], [ 33.34122, 3.50677 ], [ 33.38947, 3.48253 ], [ 33.38967, 3.43374 ], [ 33.34161, 3.40919 ] ] ] } },
{ "type": "Feature", "properties": { "pop": 552.0 }, "geometry": { "type": "Polygon", "coordinates": [ [ [ 33.34102, 3.55557 ], [ 33.29277, 3.57982 ], [ 33.29258, 3.62862 ], [ 33.34063, 3.65317 ], [ 33.38887, 3.62892 ], [ 33.38907, 3.58012 ], [ 33.34102, 3.55557 ] ] ] } },
{ "type": "Feature", "properties": { "pop": 1061.0 }, "geometry": { "type": "Polygon", "coordinates": [ [ [ 33.34043, 3.70197 ], [ 33.29218, 3.72623 ], [ 33.29199, 3.77504 ], [ 33.34003, 3.7996 ], [ 33.38828, 3.77534 ], [ 33.38848, 3.72653 ], [ 33.34043, 3.70197 ] ] ] } },
{ "type": "Feature", "properties": { "pop": 522.0 }, "geometry": { "type": "Polygon", "coordinates": [ [ [ 33.40319, 0.12263 ], [ 33.35486, 0.14679 ], [ 33.35466, 0.19541 ], [ 33.40279, 0.21988 ], [ 33.45112, 0.19572 ], [ 33.45132, 0.14709 ], [ 33.40319, 0.12263 ] ] ] } },
{ "type": "Feature", "properties": { "pop": 13772.0 }, "geometry": { "type": "Polygon", "coordinates": [ [ [ 33.40259, 0.26851 ], [ 33.35427, 0.29267 ], [ 33.35407, 0.3413 ], [ 33.40219, 0.36576 ], [ 33.45052, 0.3416 ], [ 33.45072, 0.29297 ], [ 33.40259, 0.26851 ] ] ] } },
{ "type": "Feature", "properties": { "pop": 28590.0 }, "geometry": { "type": "Polygon", "coordinates": [ [ [ 33.40199, 0.4144 ], [ 33.35367, 0.43856 ], [ 33.35347, 0.4872 ], [ 33.4016, 0.51166 ], [ 33.44992, 0.4875 ], [ 33.45012, 0.43886 ], [ 33.40199, 0.4144 ] ] ] } },
{ "type": "Feature", "properties": { "pop": 39838.0 }, "geometry": { "type": "Polygon", "coordinates": [ [ [ 33.4014, 0.5603 ], [ 33.35308, 0.58447 ], [ 33.35288, 0.63311 ], [ 33.401, 0.65758 ], [ 33.44932, 0.63341 ], [ 33.44952, 0.58477 ], [ 33.4014, 0.5603 ] ] ] } },
{ "type": "Feature", "properties": { "pop": 34457.0 }, "geometry": { "type": "Polygon", "coordinates": [ [ [ 33.4008, 0.70622 ], [ 33.35248, 0.73039 ], [ 33.35229, 0.77903 ], [ 33.4004, 0.8035 ], [ 33.44872, 0.77933 ], [ 33.44892, 0.73069 ], [ 33.4008, 0.70622 ] ] ] } },
{ "type": "Feature", "properties": { "pop": 27301.0 }, "geometry": { "type": "Polygon", "coordinates": [ [ [ 33.4002, 0.85215 ], [ 33.35189, 0.87632 ], [ 33.35169, 0.92497 ], [ 33.39981, 0.94945 ], [ 33.44812, 0.92527 ], [ 33.44832, 0.87662 ], [ 33.4002, 0.85215 ] ] ] } },
{ "type": "Feature", "properties": { "pop": 29155.0 }, "geometry": { "type": "Polygon", "coordinates": [ [ [ 33.39961, 0.9981 ], [ 33.3513, 1.02227 ], [ 33.3511, 1.07093 ], [ 33.39921, 1.09541 ], [ 33.44752, 1.07123 ], [ 33.44772, 1.02258 ], [ 33.39961, 0.9981 ] ] ] } },
{ "type": "Feature", "properties": { "pop": 38763.0 }, "geometry": { "type": "Polygon", "coordinates": [ [ [ 33.39901, 1.14406 ], [ 33.3507, 1.16824 ], [ 33.35051, 1.2169 ], [ 33.39861, 1.24138 ], [ 33.44692, 1.2172 ], [ 33.44712, 1.16854 ], [ 33.39901, 1.14406 ] ] ] } },
{ "type": "Feature", "properties": { "pop": 7828.0 }, "geometry": { "type": "Polygon", "coordinates": [ [ [ 33.39841, 1.29005 ], [ 33.35011, 1.31423 ], [ 33.34991, 1.36289 ], [ 33.39801, 1.38738 ], [ 33.44632, 1.36319 ], [ 33.44652, 1.31453 ], [ 33.39841, 1.29005 ] ] ] } },
{ "type": "Feature", "properties": { "pop": 22068.0 }, "geometry": { "type": "Polygon", "coordinates": [ [ [ 33.39782, 1.43605 ], [ 33.34952, 1.46023 ], [ 33.34932, 1.5089 ], [ 33.39742, 1.53339 ], [ 33.44572, 1.50921 ], [ 33.44592, 1.46053 ], [ 33.39782, 1.43605 ] ] ] } },
{ "type": "Feature", "properties": { "pop": 10559.0 }, "geometry": { "type": "Polygon", "coordinates": [ [ [ 33.39722, 1.58207 ], [ 33.34892, 1.60626 ], [ 33.34873, 1.65493 ], [ 33.39682, 1.67943 ], [ 33.44512, 1.65524 ], [ 33.44532, 1.60656 ], [ 33.39722, 1.58207 ] ] ] } },
{ "type": "Feature", "properties": { "pop": 12863.0 }, "geometry": { "type": "Polygon", "coordinates": [ [ [ 33.39662, 1.72811 ], [ 33.34833, 1.7523 ], [ 33.34813, 1.80099 ], [ 33.39622, 1.82548 ], [ 33.44452, 1.80129 ], [ 33.44472, 1.7526 ], [ 33.39662, 1.72811 ] ] ] } },
{ "type": "Feature", "properties": { "pop": 13930.0 }, "geometry": { "type": "Polygon", "coordinates": [ [ [ 33.39603, 1.87417 ], [ 33.34774, 1.89837 ], [ 33.34754, 1.94706 ], [ 33.39563, 1.97156 ], [ 33.44392, 1.94736 ], [ 33.44412, 1.89867 ], [ 33.39603, 1.87417 ] ] ] } },
{ "type": "Feature", "properties": { "pop": 16189.0 }, "geometry": { "type": "Polygon", "coordinates": [ [ [ 33.39543, 2.02025 ], [ 33.34714, 2.04445 ], [ 33.34695, 2.09315 ], [ 33.39503, 2.11766 ], [ 33.44332, 2.09346 ], [ 33.44352, 2.04476 ], [ 33.39543, 2.02025 ] ] ] } },
{ "type": "Feature", "properties": { "pop": 14615.0 }, "geometry": { "type": "Polygon", "coordinates": [ [ [ 33.39483, 2.16636 ], [ 33.34655, 2.19057 ], [ 33.34635, 2.23927 ], [ 33.39444, 2.26378 ], [ 33.44272, 2.23958 ], [ 33.44292, 2.19087 ], [ 33.39483, 2.16636 ] ] ] } },
{ "type": "Feature", "properties": { "pop": 9912.0 }, "geometry": { "type": "Polygon", "coordinates": [ [ [ 33.39424, 2.31249 ], [ 33.34596, 2.3367 ], [ 33.34576, 2.38542 ], [ 33.39384, 2.40993 ], [ 33.44212, 2.38572 ], [ 33.44232, 2.337 ], [ 33.39424, 2.31249 ] ] ] } },
{ "type": "Feature", "properties": { "pop": 5516.0 }, "geometry": { "type": "Polygon", "coordinates": [ [ [ 33.39364, 2.45865 ], [ 33.34537, 2.48286 ], [ 33.34517, 2.53159 ], [ 33.39324, 2.5561 ], [ 33.44152, 2.53189 ], [ 33.44172, 2.48316 ], [ 33.39364, 2.45865 ] ] ] } },
{ "type": "Feature", "properties": { "pop": 5367.0 }, "geometry": { "type": "Polygon", "coordinates": [ [ [ 33.39304, 2.60483 ], [ 33.34477, 2.62905 ], [ 33.34458, 2.67778 ], [ 33.39265, 2.7023 ], [ 33.44092, 2.67809 ], [ 33.44112, 2.62935 ], [ 33.39304, 2.60483 ] ] ] } },
{ "type": "Feature", "properties": { "pop": 4986.0 }, "geometry": { "type": "Polygon", "coordinates": [ [ [ 33.39245, 2.75104 ], [ 33.34418, 2.77526 ], [ 33.34398, 2.82401 ], [ 33.39205, 2.84853 ], [ 33.44032, 2.82431 ], [ 33.44052, 2.77556 ], [ 33.39245, 2.75104 ] ] ] } },
{ "type": "Feature", "properties": { "pop": 5345.0 }, "geometry": { "type": "Polygon", "coordinates": [ [ [ 33.39185, 2.89728 ], [ 33.34359, 2.9215 ], [ 33.34339, 2.97026 ], [ 33.39145, 2.99479 ], [ 33.43972, 2.97056 ], [ 33.43992, 2.92181 ], [ 33.39185, 2.89728 ] ] ] } },
{ "type": "Feature", "properties": { "pop": 10044.0 }, "geometry": { "type": "Polygon", "coordinates": [ [ [ 33.39126, 3.04355 ], [ 33.343, 3.06778 ], [ 33.3428, 3.11654 ], [ 33.39086, 3.14107 ], [ 33.43912, 3.11684 ], [ 33.43932, 3.06808 ], [ 33.39126, 3.04355 ] ] ] } },
{ "type": "Feature", "properties": { "pop": 4892.0 }, "geometry": { "type": "Polygon", "coordinates": [ [ [ 33.39066, 3.18984 ], [ 33.3424, 3.21408 ], [ 33.34221, 3.26285 ], [ 33.39026, 3.28739 ], [ 33.43852, 3.26315 ], [ 33.43872, 3.21438 ], [ 33.39066, 3.18984 ] ] ] } },
{ "type": "Feature", "properties": { "pop": 4625.0 }, "geometry": { "type": "Polygon", "coordinates": [ [ [ 33.39006, 3.33617 ], [ 33.34181, 3.36041 ], [ 33.34161, 3.40919 ], [ 33.38967, 3.43374 ], [ 33.43792, 3.40949 ], [ 33.43812, 3.36071 ], [ 33.39006, 3.33617 ] ] ] } },
{ "type": "Feature", "properties": { "pop": 782.0 }, "geometry": { "type": "Polygon", "coordinates": [ [ [ 33.38947, 3.48253 ], [ 33.34122, 3.50677 ], [ 33.34102, 3.55557 ], [ 33.38907, 3.58012 ], [ 33.43732, 3.55587 ], [ 33.43752, 3.50707 ], [ 33.38947, 3.48253 ] ] ] } },
{ "type": "Feature", "properties": { "pop": 602.0 }, "geometry": { "type": "Polygon", "coordinates": [ [ [ 33.38887, 3.62892 ], [ 33.34063, 3.65317 ], [ 33.34043, 3.70197 ], [ 33.38848, 3.72653 ], [ 33.43672, 3.70228 ], [ 33.43692, 3.65347 ], [ 33.38887, 3.62892 ] ] ] } },
{ "type": "Feature", "properties": { "pop": 7251.0 }, "geometry": { "type": "Polygon", "coordinates": [ [ [ 33.45172, 0.04984 ], [ 33.40339, 0.074 ], [ 33.40319, 0.12263 ], [ 33.45132, 0.14709 ], [ 33.49965, 0.12293 ], [ 33.49985, 0.07431 ], [ 33.45172, 0.04984 ] ] ] } },
{ "type": "Feature", "properties": { "pop": 34874.0 }, "geometry": { "type": "Polygon", "coordinates": [ [ [ 33.45112, 0.19572 ], [ 33.40279, 0.21988 ], [ 33.40259, 0.26851 ], [ 33.45072, 0.29297 ], [ 33.49905, 0.26881 ], [ 33.49925, 0.22018 ], [ 33.45112, 0.19572 ] ] ] } },
{ "type": "Feature", "properties": { "pop": 30365.0 }, "geometry": { "type": "Polygon", "coordinates": [ [ [ 33.45052, 0.3416 ], [ 33.40219, 0.36576 ], [ 33.40199, 0.4144 ], [ 33.45012, 0.43886 ], [ 33.49844, 0.4147 ], [ 33.49864, 0.36607 ], [ 33.45052, 0.3416 ] ] ] } },
{ "type": "Feature", "properties": { "pop": 49038.0 }, "geometry": { "type": "Polygon", "coordinates": [ [ [ 33.44992, 0.4875 ], [ 33.4016, 0.51166 ], [ 33.4014, 0.5603 ], [ 33.44952, 0.58477 ], [ 33.49784, 0.5606 ], [ 33.49804, 0.51197 ], [ 33.44992, 0.4875 ] ] ] } },
{ "type": "Feature", "properties": { "pop": 43565.0 }, "geometry": { "type": "Polygon", "coordinates": [ [ [ 33.44932, 0.63341 ], [ 33.401, 0.65758 ], [ 33.4008, 0.70622 ], [ 33.44892, 0.73069 ], [ 33.49723, 0.70652 ], [ 33.49744, 0.65788 ], [ 33.44932, 0.63341 ] ] ] } },
{ "type": "Feature", "properties": { "pop": 35367.0 }, "geometry": { "type": "Polygon", "coordinates": [ [ [ 33.44872, 0.77933 ], [ 33.4004, 0.8035 ], [ 33.4002, 0.85215 ], [ 33.44832, 0.87662 ], [ 33.49663, 0.85245 ], [ 33.49683, 0.80381 ], [ 33.44872, 0.77933 ] ] ] } },
{ "type": "Feature", "properties": { "pop": 30164.0 }, "geometry": { "type": "Polygon", "coordinates": [ [ [ 33.44812, 0.92527 ], [ 33.39981, 0.94945 ], [ 33.39961, 0.9981 ], [ 33.44772, 1.02258 ], [ 33.49603, 0.9984 ], [ 33.49623, 0.94975 ], [ 33.44812, 0.92527 ] ] ] } },
{ "type": "Feature", "properties": { "pop": 21604.0 }, "geometry": { "type": "Polygon", "coordinates": [ [ [ 33.44752, 1.07123 ], [ 33.39921, 1.09541 ], [ 33.39901, 1.14406 ], [ 33.44712, 1.16854 ], [ 33.49542, 1.14437 ], [ 33.49562, 1.09571 ], [ 33.44752, 1.07123 ] ] ] } },
{ "type": "Feature", "properties": { "pop": 9107.0 }, "geometry": { "type": "Polygon", "coordinates": [ [ [ 33.44692, 1.2172 ], [ 33.39861, 1.24138 ], [ 33.39841, 1.29005 ], [ 33.44652, 1.31453 ], [ 33.49482, 1.29035 ], [ 33.49502, 1.24169 ], [ 33.44692, 1.2172 ] ] ] } },
{ "type": "Feature", "properties": { "pop": 14967.0 }, "geometry": { "type": "Polygon", "coordinates": [ [ [ 33.44632, 1.36319 ], [ 33.39801, 1.38738 ], [ 33.39782, 1.43605 ], [ 33.44592, 1.46053 ], [ 33.49422, 1.43635 ], [ 33.49442, 1.38768 ], [ 33.44632, 1.36319 ] ] ] } },
{ "type": "Feature", "properties": { "pop": 21874.0 }, "geometry": { "type": "Polygon", "coordinates": [ [ [ 33.44572, 1.50921 ], [ 33.39742, 1.53339 ], [ 33.39722, 1.58207 ], [ 33.44532, 1.60656 ], [ 33.49361, 1.58237 ], [ 33.49381, 1.53369 ], [ 33.44572, 1.50921 ] ] ] } },
{ "type": "Feature", "properties": { "pop": 8671.0 }, "geometry": { "type": "Polygon", "coordinates": [ [ [ 33.44512, 1.65524 ], [ 33.39682, 1.67943 ], [ 33.39662, 1.72811 ], [ 33.44472, 1.7526 ], [ 33.49301, 1.72841 ], [ 33.49321, 1.67973 ], [ 33.44512, 1.65524 ] ] ] } },
{ "type": "Feature", "properties": { "pop": 17509.0 }, "geometry": { "type": "Polygon", "coordinates": [ [ [ 33.44452, 1.80129 ], [ 33.39622, 1.82548 ], [ 33.39603, 1.87417 ], [ 33.44412, 1.89867 ], [ 33.49241, 1.87447 ], [ 33.49261, 1.82578 ], [ 33.44452, 1.80129 ] ] ] } },
{ "type": "Feature", "properties": { "pop": 16967.0 }, "geometry": { "type": "Polygon", "coordinates": [ [ [ 33.44392, 1.94736 ], [ 33.39563, 1.97156 ], [ 33.39543, 2.02025 ], [ 33.44352, 2.04476 ], [ 33.4918, 2.02056 ], [ 33.492, 1.97186 ], [ 33.44392, 1.94736 ] ] ] } },
{ "type": "Feature", "properties": { "pop": 14347.0 }, "geometry": { "type": "Polygon", "coordinates": [ [ [ 33.44332, 2.09346 ], [ 33.39503, 2.11766 ], [ 33.39483, 2.16636 ], [ 33.44292, 2.19087 ], [ 33.4912, 2.16667 ], [ 33.4914, 2.11796 ], [ 33.44332, 2.09346 ] ] ] } },
{ "type": "Feature", "properties": { "pop": 6978.0 }, "geometry": { "type": "Polygon", "coordinates": [ [ [ 33.44272, 2.23958 ], [ 33.39444, 2.26378 ], [ 33.39424, 2.31249 ], [ 33.44232, 2.337 ], [ 33.4906, 2.3128 ], [ 33.4908, 2.26408 ], [ 33.44272, 2.23958 ] ] ] } },
{ "type": "Feature", "properties": { "pop": 10665.0 }, "geometry": { "type": "Polygon", "coordinates": [ [ [ 33.44212, 2.38572 ], [ 33.39384, 2.40993 ], [ 33.39364, 2.45865 ], [ 33.44172, 2.48316 ], [ 33.48999, 2.45895 ], [ 33.49019, 2.41023 ], [ 33.44212, 2.38572 ] ] ] } },
{ "type": "Feature", "properties": { "pop": 2864.0 }, "geometry": { "type": "Polygon", "coordinates": [ [ [ 33.44152, 2.53189 ], [ 33.39324, 2.5561 ], [ 33.39304, 2.60483 ], [ 33.44112, 2.62935 ], [ 33.48939, 2.60514 ], [ 33.48959, 2.55641 ], [ 33.44152, 2.53189 ] ] ] } },
{ "type": "Feature", "properties": { "pop": 9366.0 }, "geometry": { "type": "Polygon", "coordinates": [ [ [ 33.44092, 2.67809 ], [ 33.39265, 2.7023 ], [ 33.39245, 2.75104 ], [ 33.44052, 2.77556 ], [ 33.48879, 2.75135 ], [ 33.48899, 2.70261 ], [ 33.44092, 2.67809 ] ] ] } },
{ "type": "Feature", "properties": { "pop": 4612.0 }, "geometry": { "type": "Polygon", "coordinates": [ [ [ 33.44032, 2.82431 ], [ 33.39205, 2.84853 ], [ 33.39185, 2.89728 ], [ 33.43992, 2.92181 ], [ 33.48818, 2.89758 ], [ 33.48838, 2.84883 ], [ 33.44032, 2.82431 ] ] ] } },
{ "type": "Feature", "properties": { "pop": 8995.0 }, "geometry": { "type": "Polygon", "coordinates": [ [ [ 33.43972, 2.97056 ], [ 33.39145, 2.99479 ], [ 33.39126, 3.04355 ], [ 33.43932, 3.06808 ], [ 33.48758, 3.04385 ], [ 33.48778, 2.99509 ], [ 33.43972, 2.97056 ] ] ] } },
{ "type": "Feature", "properties": { "pop": 8474.0 }, "geometry": { "type": "Polygon", "coordinates": [ [ [ 33.43912, 3.11684 ], [ 33.39086, 3.14107 ], [ 33.39066, 3.18984 ], [ 33.43872, 3.21438 ], [ 33.48698, 3.19015 ], [ 33.48718, 3.14138 ], [ 33.43912, 3.11684 ] ] ] } },
{ "type": "Feature", "properties": { "pop": 2388.0 }, "geometry": { "type": "Polygon", "coordinates": [ [ [ 33.43852, 3.26315 ], [ 33.39026, 3.28739 ], [ 33.39006, 3.33617 ], [ 33.43812, 3.36071 ], [ 33.48638, 3.33647 ], [ 33.48658, 3.28769 ], [ 33.43852, 3.26315 ] ] ] } },
{ "type": "Feature", "properties": { "pop": 2145.0 }, "geometry": { "type": "Polygon", "coordinates": [ [ [ 33.43792, 3.40949 ], [ 33.38967, 3.43374 ], [ 33.38947, 3.48253 ], [ 33.43752, 3.50707 ], [ 33.48577, 3.48283 ], [ 33.48597, 3.43404 ], [ 33.43792, 3.40949 ] ] ] } },
{ "type": "Feature", "properties": { "pop": 775.0 }, "geometry": { "type": "Polygon", "coordinates": [ [ [ 33.43732, 3.55587 ], [ 33.38907, 3.58012 ], [ 33.38887, 3.62892 ], [ 33.43692, 3.65347 ], [ 33.48517, 3.62922 ], [ 33.48537, 3.58042 ], [ 33.43732, 3.55587 ] ] ] } },
{ "type": "Feature", "properties": { "pop": 1030.0 }, "geometry": { "type": "Polygon", "coordinates": [ [ [ 33.43672, 3.70228 ], [ 33.38848, 3.72653 ], [ 33.38828, 3.77534 ], [ 33.43632, 3.7999 ], [ 33.48457, 3.77564 ], [ 33.48477, 3.72683 ], [ 33.43672, 3.70228 ] ] ] } },
{ "type": "Feature", "properties": { "pop": 1275.0 }, "geometry": { "type": "Polygon", "coordinates": [ [ [ 33.50026, -0.02294 ], [ 33.45192, 0.00122 ], [ 33.45172, 0.04984 ], [ 33.49985, 0.07431 ], [ 33.54819, 0.05015 ], [ 33.54839, 0.00153 ], [ 33.50026, -0.02294 ] ] ] } },
{ "type": "Feature", "properties": { "pop": 14070.0 }, "geometry": { "type": "Polygon", "coordinates": [ [ [ 33.49965, 0.12293 ], [ 33.45132, 0.14709 ], [ 33.45112, 0.19572 ], [ 33.49925, 0.22018 ], [ 33.54758, 0.19602 ], [ 33.54778, 0.1474 ], [ 33.49965, 0.12293 ] ] ] } },
{ "type": "Feature", "properties": { "pop": 40931.0 }, "geometry": { "type": "Polygon", "coordinates": [ [ [ 33.49905, 0.26881 ], [ 33.45072, 0.29297 ], [ 33.45052, 0.3416 ], [ 33.49864, 0.36607 ], [ 33.54697, 0.34191 ], [ 33.54717, 0.29328 ], [ 33.49905, 0.26881 ] ] ] } },
{ "type": "Feature", "properties": { "pop": 57124.0 }, "geometry": { "type": "Polygon", "coordinates": [ [ [ 33.49844, 0.4147 ], [ 33.45012, 0.43886 ], [ 33.44992, 0.4875 ], [ 33.49804, 0.51197 ], [ 33.54636, 0.4878 ], [ 33.54657, 0.43917 ], [ 33.49844, 0.4147 ] ] ] } },
{ "type": "Feature", "properties": { "pop": 152738.0 }, "geometry": { "type": "Polygon", "coordinates": [ [ [ 33.49784, 0.5606 ], [ 33.44952, 0.58477 ], [ 33.44932, 0.63341 ], [ 33.49744, 0.65788 ], [ 33.54576, 0.63371 ], [ 33.54596, 0.58507 ], [ 33.49784, 0.5606 ] ] ] } },
{ "type": "Feature", "properties": { "pop": 44786.0 }, "geometry": { "type": "Polygon", "coordinates": [ [ [ 33.49723, 0.70652 ], [ 33.44892, 0.73069 ], [ 33.44872, 0.77933 ], [ 33.49683, 0.80381 ], [ 33.54515, 0.77964 ], [ 33.54535, 0.73099 ], [ 33.49723, 0.70652 ] ] ] } },
{ "type": "Feature", "properties": { "pop": 50155.0 }, "geometry": { "type": "Polygon", "coordinates": [ [ [ 33.49663, 0.85245 ], [ 33.44832, 0.87662 ], [ 33.44812, 0.92527 ], [ 33.49623, 0.94975 ], [ 33.54454, 0.92558 ], [ 33.54474, 0.87693 ], [ 33.49663, 0.85245 ] ] ] } },
{ "type": "Feature", "properties": { "pop": 30516.0 }, "geometry": { "type": "Polygon", "coordinates": [ [ [ 33.49603, 0.9984 ], [ 33.44772, 1.02258 ], [ 33.44752, 1.07123 ], [ 33.49562, 1.09571 ], [ 33.54393, 1.07153 ], [ 33.54414, 1.02288 ], [ 33.49603, 0.9984 ] ] ] } },
{ "type": "Feature", "properties": { "pop": 15081.0 }, "geometry": { "type": "Polygon", "coordinates": [ [ [ 33.49542, 1.14437 ], [ 33.44712, 1.16854 ], [ 33.44692, 1.2172 ], [ 33.49502, 1.24169 ], [ 33.54333, 1.21751 ], [ 33.54353, 1.16885 ], [ 33.49542, 1.14437 ] ] ] } },
{ "type": "Feature", "properties": { "pop": 11640.0 }, "geometry": { "type": "Polygon", "coordinates": [ [ [ 33.49482, 1.29035 ], [ 33.44652, 1.31453 ], [ 33.44632, 1.36319 ], [ 33.49442, 1.38768 ], [ 33.54272, 1.3635 ], [ 33.54292, 1.31483 ], [ 33.49482, 1.29035 ] ] ] } },
{ "type": "Feature", "properties": { "pop": 25873.0 }, "geometry": { "type": "Polygon", "coordinates": [ [ [ 33.49422, 1.43635 ], [ 33.44592, 1.46053 ], [ 33.44572, 1.50921 ], [ 33.49381, 1.53369 ], [ 33.54211, 1.50951 ], [ 33.54231, 1.46084 ], [ 33.49422, 1.43635 ] ] ] } },
{ "type": "Feature", "properties": { "pop": 16557.0 }, "geometry": { "type": "Polygon", "coordinates": [ [ [ 33.49361, 1.58237 ], [ 33.44532, 1.60656 ], [ 33.44512, 1.65524 ], [ 33.49321, 1.67973 ], [ 33.54151, 1.65554 ], [ 33.54171, 1.60686 ], [ 33.49361, 1.58237 ] ] ] } },
{ "type": "Feature", "properties": { "pop": 17415.0 }, "geometry": { "type": "Polygon", "coordinates": [ [ [ 33.49301, 1.72841 ], [ 33.44472, 1.7526 ], [ 33.44452, 1.80129 ], [ 33.49261, 1.82578 ], [ 33.5409, 1.80159 ], [ 33.5411, 1.75291 ], [ 33.49301, 1.72841 ] ] ] } },
{ "type": "Feature", "properties": { "pop": 17598.0 }, "geometry": { "type": "Polygon", "coordinates": [ [ [ 33.49241, 1.87447 ], [ 33.44412, 1.89867 ], [ 33.44392, 1.94736 ], [ 33.492, 1.97186 ], [ 33.54029, 1.94767 ], [ 33.54049, 1.89897 ], [ 33.49241, 1.87447 ] ] ] } },
{ "type": "Feature", "properties": { "pop": 19804.0 }, "geometry": { "type": "Polygon", "coordinates": [ [ [ 33.4918, 2.02056 ], [ 33.44352, 2.04476 ], [ 33.44332, 2.09346 ], [ 33.4914, 2.11796 ], [ 33.53969, 2.09376 ], [ 33.53989, 2.04506 ], [ 33.4918, 2.02056 ] ] ] } },
{ "type": "Feature", "properties": { "pop": 8023.0 }, "geometry": { "type": "Polygon", "coordinates": [ [ [ 33.4912, 2.16667 ], [ 33.44292, 2.19087 ], [ 33.44272, 2.23958 ], [ 33.4908, 2.26408 ], [ 33.53908, 2.23988 ], [ 33.53928, 2.19117 ], [ 33.4912, 2.16667 ] ] ] } },
{ "type": "Feature", "properties": { "pop": 4526.0 }, "geometry": { "type": "Polygon", "coordinates": [ [ [ 33.4906, 2.3128 ], [ 33.44232, 2.337 ], [ 33.44212, 2.38572 ], [ 33.49019, 2.41023 ], [ 33.53847, 2.38602 ], [ 33.53867, 2.33731 ], [ 33.4906, 2.3128 ] ] ] } },
{ "type": "Feature", "properties": { "pop": 4472.0 }, "geometry": { "type": "Polygon", "coordinates": [ [ [ 33.48999, 2.45895 ], [ 33.44172, 2.48316 ], [ 33.44152, 2.53189 ], [ 33.48959, 2.55641 ], [ 33.53787, 2.53219 ], [ 33.53807, 2.48347 ], [ 33.48999, 2.45895 ] ] ] } },
{ "type": "Feature", "properties": { "pop": 2648.0 }, "geometry": { "type": "Polygon", "coordinates": [ [ [ 33.48939, 2.60514 ], [ 33.44112, 2.62935 ], [ 33.44092, 2.67809 ], [ 33.48899, 2.70261 ], [ 33.53726, 2.67839 ], [ 33.53746, 2.62966 ], [ 33.48939, 2.60514 ] ] ] } },
{ "type": "Feature", "properties": { "pop": 4212.0 }, "geometry": { "type": "Polygon", "coordinates": [ [ [ 33.48879, 2.75135 ], [ 33.44052, 2.77556 ], [ 33.44032, 2.82431 ], [ 33.48838, 2.84883 ], [ 33.53665, 2.82461 ], [ 33.53686, 2.77587 ], [ 33.48879, 2.75135 ] ] ] } },
{ "type": "Feature", "properties": { "pop": 7582.0 }, "geometry": { "type": "Polygon", "coordinates": [ [ [ 33.48818, 2.89758 ], [ 33.43992, 2.92181 ], [ 33.43972, 2.97056 ], [ 33.48778, 2.99509 ], [ 33.53605, 2.97087 ], [ 33.53625, 2.92211 ], [ 33.48818, 2.89758 ] ] ] } },
{ "type": "Feature", "properties": { "pop": 6210.0 }, "geometry": { "type": "Polygon", "coordinates": [ [ [ 33.48758, 3.04385 ], [ 33.43932, 3.06808 ], [ 33.43912, 3.11684 ], [ 33.48718, 3.14138 ], [ 33.53544, 3.11715 ], [ 33.53564, 3.06838 ], [ 33.48758, 3.04385 ] ] ] } },
{ "type": "Feature", "properties": { "pop": 2207.0 }, "geometry": { "type": "Polygon", "coordinates": [ [ [ 33.48698, 3.19015 ], [ 33.43872, 3.21438 ], [ 33.43852, 3.26315 ], [ 33.48658, 3.28769 ], [ 33.53483, 3.26346 ], [ 33.53504, 3.21468 ], [ 33.48698, 3.19015 ] ] ] } },
{ "type": "Feature", "properties": { "pop": 5995.0 }, "geometry": { "type": "Polygon", "coordinates": [ [ [ 33.48638, 3.33647 ], [ 33.43812, 3.36071 ], [ 33.43792, 3.40949 ], [ 33.48597, 3.43404 ], [ 33.53423, 3.4098 ], [ 33.53443, 3.36102 ], [ 33.48638, 3.33647 ] ] ] } },
{ "type": "Feature", "properties": { "pop": 2386.0 }, "geometry": { "type": "Polygon", "coordinates": [ [ [ 33.48577, 3.48283 ], [ 33.43752, 3.50707 ], [ 33.43732, 3.55587 ], [ 33.48537, 3.58042 ], [ 33.53362, 3.55617 ], [ 33.53382, 3.50738 ], [ 33.48577, 3.48283 ] ] ] } },
{ "type": "Feature", "properties": { "pop": 688.0 }, "geometry": { "type": "Polygon", "coordinates": [ [ [ 33.48517, 3.62922 ], [ 33.43692, 3.65347 ], [ 33.43672, 3.70228 ], [ 33.48477, 3.72683 ], [ 33.53302, 3.70258 ], [ 33.53322, 3.65378 ], [ 33.48517, 3.62922 ] ] ] } },
{ "type": "Feature", "properties": { "pop": 4913.0 }, "geometry": { "type": "Polygon", "coordinates": [ [ [ 33.54819, 0.05015 ], [ 33.49985, 0.07431 ], [ 33.49965, 0.12293 ], [ 33.54778, 0.1474 ], [ 33.59611, 0.12324 ], [ 33.59632, 0.07461 ], [ 33.54819, 0.05015 ] ] ] } },
{ "type": "Feature", "properties": { "pop": 39567.0 }, "geometry": { "type": "Polygon", "coordinates": [ [ [ 33.54758, 0.19602 ], [ 33.49925, 0.22018 ], [ 33.49905, 0.26881 ], [ 33.54717, 0.29328 ], [ 33.5955, 0.26912 ], [ 33.59571, 0.22049 ], [ 33.54758, 0.19602 ] ] ] } },
{ "type": "Feature", "properties": { "pop": 47207.0 }, "geometry": { "type": "Polygon", "coordinates": [ [ [ 33.54697, 0.34191 ], [ 33.49864, 0.36607 ], [ 33.49844, 0.4147 ], [ 33.54657, 0.43917 ], [ 33.59489, 0.41501 ], [ 33.5951, 0.36637 ], [ 33.54697, 0.34191 ] ] ] } },
{ "type": "Feature", "properties": { "pop": 40827.0 }, "geometry": { "type": "Polygon", "coordinates": [ [ [ 33.54636, 0.4878 ], [ 33.49804, 0.51197 ], [ 33.49784, 0.5606 ], [ 33.54596, 0.58507 ], [ 33.59428, 0.56091 ], [ 33.59448, 0.51227 ], [ 33.54636, 0.4878 ] ] ] } },
{ "type": "Feature", "properties": { "pop": 37898.0 }, "geometry": { "type": "Polygon", "coordinates": [ [ [ 33.54576, 0.63371 ], [ 33.49744, 0.65788 ], [ 33.49723, 0.70652 ], [ 33.54535, 0.73099 ], [ 33.59367, 0.70683 ], [ 33.59387, 0.65819 ], [ 33.54576, 0.63371 ] ] ] } },
{ "type": "Feature", "properties": { "pop": 35823.0 }, "geometry": { "type": "Polygon", "coordinates": [ [ [ 33.54515, 0.77964 ], [ 33.49683, 0.80381 ], [ 33.49663, 0.85245 ], [ 33.54474, 0.87693 ], [ 33.59306, 0.85276 ], [ 33.59326, 0.80411 ], [ 33.54515, 0.77964 ] ] ] } },
{ "type": "Feature", "properties": { "pop": 30773.0 }, "geometry": { "type": "Polygon", "coordinates": [ [ [ 33.54454, 0.92558 ], [ 33.49623, 0.94975 ], [ 33.49603, 0.9984 ], [ 33.54414, 1.02288 ], [ 33.59245, 0.99871 ], [ 33.59265, 0.95006 ], [ 33.54454, 0.92558 ] ] ] } },
{ "type": "Feature", "properties": { "pop": 33918.0 }, "geometry": { "type": "Polygon", "coordinates": [ [ [ 33.54393, 1.07153 ], [ 33.49562, 1.09571 ], [ 33.49542, 1.14437 ], [ 33.54353, 1.16885 ], [ 33.59184, 1.14467 ], [ 33.59204, 1.09602 ], [ 33.54393, 1.07153 ] ] ] } },
{ "type": "Feature", "properties": { "pop": 15091.0 }, "geometry": { "type": "Polygon", "coordinates": [ [ [ 33.54333, 1.21751 ], [ 33.49502, 1.24169 ], [ 33.49482, 1.29035 ], [ 33.54292, 1.31483 ], [ 33.59123, 1.29066 ], [ 33.59143, 1.24199 ], [ 33.54333, 1.21751 ] ] ] } },
{ "type": "Feature", "properties": { "pop": 23130.0 }, "geometry": { "type": "Polygon", "coordinates": [ [ [ 33.54272, 1.3635 ], [ 33.49442, 1.38768 ], [ 33.49422, 1.43635 ], [ 33.54231, 1.46084 ], [ 33.59062, 1.43666 ], [ 33.59082, 1.38799 ], [ 33.54272, 1.3635 ] ] ] } },
{ "type": "Feature", "properties": { "pop": 21672.0 }, "geometry": { "type": "Polygon", "coordinates": [ [ [ 33.54211, 1.50951 ], [ 33.49381, 1.53369 ], [ 33.49361, 1.58237 ], [ 33.54171, 1.60686 ], [ 33.59001, 1.58268 ], [ 33.59021, 1.534 ], [ 33.54211, 1.50951 ] ] ] } },
{ "type": "Feature", "properties": { "pop": 25772.0 }, "geometry": { "type": "Polygon", "coordinates": [ [ [ 33.54151, 1.65554 ], [ 33.49321, 1.67973 ], [ 33.49301, 1.72841 ], [ 33.5411, 1.75291 ], [ 33.5894, 1.72872 ], [ 33.5896, 1.68003 ], [ 33.54151, 1.65554 ] ] ] } },
{ "type": "Feature", "properties": { "pop": 15543.0 }, "geometry": { "type": "Polygon", "coordinates": [ [ [ 33.5409, 1.80159 ], [ 33.49261, 1.82578 ], [ 33.49241, 1.87447 ], [ 33.54049, 1.89897 ], [ 33.58879, 1.87478 ], [ 33.58899, 1.82609 ], [ 33.5409, 1.80159 ] ] ] } },
{ "type": "Feature", "properties": { "pop": 13171.0 }, "geometry": { "type": "Polygon", "coordinates": [ [ [ 33.54029, 1.94767 ], [ 33.492, 1.97186 ], [ 33.4918, 2.02056 ], [ 33.53989, 2.04506 ], [ 33.58817, 2.02086 ], [ 33.58838, 1.97217 ], [ 33.54029, 1.94767 ] ] ] } },
{ "type": "Feature", "properties": { "pop": 11630.0 }, "geometry": { "type": "Polygon", "coordinates": [ [ [ 33.53969, 2.09376 ], [ 33.4914, 2.11796 ], [ 33.4912, 2.16667 ], [ 33.53928, 2.19117 ], [ 33.58756, 2.16697 ], [ 33.58777, 2.11827 ], [ 33.53969, 2.09376 ] ] ] } },
{ "type": "Feature", "properties": { "pop": 5239.0 }, "geometry": { "type": "Polygon", "coordinates": [ [ [ 33.53908, 2.23988 ], [ 33.4908, 2.26408 ], [ 33.4906, 2.3128 ], [ 33.53867, 2.33731 ], [ 33.58695, 2.3131 ], [ 33.58716, 2.26439 ], [ 33.53908, 2.23988 ] ] ] } },
{ "type": "Feature", "properties": { "pop": 9876.0 }, "geometry": { "type": "Polygon", "coordinates": [ [ [ 33.53847, 2.38602 ], [ 33.49019, 2.41023 ], [ 33.48999, 2.45895 ], [ 33.53807, 2.48347 ], [ 33.58634, 2.45926 ], [ 33.58655, 2.41054 ], [ 33.53847, 2.38602 ] ] ] } },
{ "type": "Feature", "properties": { "pop": 4349.0 }, "geometry": { "type": "Polygon", "coordinates": [ [ [ 33.53787, 2.53219 ], [ 33.48959, 2.55641 ], [ 33.48939, 2.60514 ], [ 33.53746, 2.62966 ], [ 33.58574, 2.60544 ], [ 33.58594, 2.55671 ], [ 33.53787, 2.53219 ] ] ] } },
{ "type": "Feature", "properties": { "pop": 7750.0 }, "geometry": { "type": "Polygon", "coordinates": [ [ [ 33.53726, 2.67839 ], [ 33.48899, 2.70261 ], [ 33.48879, 2.75135 ], [ 33.53686, 2.77587 ], [ 33.58513, 2.75165 ], [ 33.58533, 2.70291 ], [ 33.53726, 2.67839 ] ] ] } },
{ "type": "Feature", "properties": { "pop": 3292.0 }, "geometry": { "type": "Polygon", "coordinates": [ [ [ 33.53665, 2.82461 ], [ 33.48838, 2.84883 ], [ 33.48818, 2.89758 ], [ 33.53625, 2.92211 ], [ 33.58452, 2.89789 ], [ 33.58472, 2.84914 ], [ 33.53665, 2.82461 ] ] ] } },
{ "type": "Feature", "properties": { "pop": 1764.0 }, "geometry": { "type": "Polygon", "coordinates": [ [ [ 33.53605, 2.97087 ], [ 33.48778, 2.99509 ], [ 33.48758, 3.04385 ], [ 33.53564, 3.06838 ], [ 33.58391, 3.04416 ], [ 33.58411, 2.9954 ], [ 33.53605, 2.97087 ] ] ] } },
{ "type": "Feature", "properties": { "pop": 1682.0 }, "geometry": { "type": "Polygon", "coordinates": [ [ [ 33.53544, 3.11715 ], [ 33.48718, 3.14138 ], [ 33.48698, 3.19015 ], [ 33.53504, 3.21468 ], [ 33.5833, 3.19045 ], [ 33.5835, 3.14168 ], [ 33.53544, 3.11715 ] ] ] } },
{ "type": "Feature", "properties": { "pop": 1758.0 }, "geometry": { "type": "Polygon", "coordinates": [ [ [ 33.53483, 3.26346 ], [ 33.48658, 3.28769 ], [ 33.48638, 3.33647 ], [ 33.53443, 3.36102 ], [ 33.58269, 3.33678 ], [ 33.58289, 3.288 ], [ 33.53483, 3.26346 ] ] ] } },
{ "type": "Feature", "properties": { "pop": 1153.0 }, "geometry": { "type": "Polygon", "coordinates": [ [ [ 33.53423, 3.4098 ], [ 33.48597, 3.43404 ], [ 33.48577, 3.48283 ], [ 33.53382, 3.50738 ], [ 33.58208, 3.48314 ], [ 33.58228, 3.43435 ], [ 33.53423, 3.4098 ] ] ] } },
{ "type": "Feature", "properties": { "pop": 1143.0 }, "geometry": { "type": "Polygon", "coordinates": [ [ [ 33.53362, 3.55617 ], [ 33.48537, 3.58042 ], [ 33.48517, 3.62922 ], [ 33.53322, 3.65378 ], [ 33.58147, 3.62953 ], [ 33.58167, 3.58073 ], [ 33.53362, 3.55617 ] ] ] } },
{ "type": "Feature", "properties": { "pop": 757.0 }, "geometry": { "type": "Polygon", "coordinates": [ [ [ 33.53302, 3.70258 ], [ 33.48477, 3.72683 ], [ 33.48457, 3.77564 ], [ 33.53261, 3.80021 ], [ 33.58086, 3.77595 ], [ 33.58106, 3.72714 ], [ 33.53302, 3.70258 ] ] ] } },
{ "type": "Feature", "properties": { "pop": 2153.0 }, "geometry": { "type": "Polygon", "coordinates": [ [ [ 33.59672, -0.02263 ], [ 33.54839, 0.00153 ], [ 33.54819, 0.05015 ], [ 33.59632, 0.07461 ], [ 33.64465, 0.05046 ], [ 33.64486, 0.00183 ], [ 33.59672, -0.02263 ] ] ] } },
{ "type": "Feature", "properties": { "pop": 12181.0 }, "geometry": { "type": "Polygon", "coordinates": [ [ [ 33.59611, 0.12324 ], [ 33.54778, 0.1474 ], [ 33.54758, 0.19602 ], [ 33.59571, 0.22049 ], [ 33.64404, 0.19633 ], [ 33.64424, 0.1477 ], [ 33.59611, 0.12324 ] ] ] } },
{ "type": "Feature", "properties": { "pop": 38789.0 }, "geometry": { "type": "Polygon", "coordinates": [ [ [ 33.5955, 0.26912 ], [ 33.54717, 0.29328 ], [ 33.54697, 0.34191 ], [ 33.5951, 0.36637 ], [ 33.64342, 0.34221 ], [ 33.64363, 0.29358 ], [ 33.5955, 0.26912 ] ] ] } },
{ "type": "Feature", "properties": { "pop": 42088.0 }, "geometry": { "type": "Polygon", "coordinates": [ [ [ 33.59489, 0.41501 ], [ 33.54657, 0.43917 ], [ 33.54636, 0.4878 ], [ 33.59448, 0.51227 ], [ 33.64281, 0.48811 ], [ 33.64301, 0.43948 ], [ 33.59489, 0.41501 ] ] ] } },
{ "type": "Feature", "properties": { "pop": 53161.0 }, "geometry": { "type": "Polygon", "coordinates": [ [ [ 33.59428, 0.56091 ], [ 33.54596, 0.58507 ], [ 33.54576, 0.63371 ], [ 33.59387, 0.65819 ], [ 33.64219, 0.63402 ], [ 33.6424, 0.58538 ], [ 33.59428, 0.56091 ] ] ] } },
{ "type": "Feature", "properties": { "pop": 50549.0 }, "geometry": { "type": "Polygon", "coordinates": [ [ [ 33.59367, 0.70683 ], [ 33.54535, 0.73099 ], [ 33.54515, 0.77964 ], [ 33.59326, 0.80411 ], [ 33.64158, 0.77995 ], [ 33.64178, 0.7313 ], [ 33.59367, 0.70683 ] ] ] } },
{ "type": "Feature", "properties": { "pop": 34331.0 }, "geometry": { "type": "Polygon", "coordinates": [ [ [ 33.59306, 0.85276 ], [ 33.54474, 0.87693 ], [ 33.54454, 0.92558 ], [ 33.59265, 0.95006 ], [ 33.64097, 0.92589 ], [ 33.64117, 0.87724 ], [ 33.59306, 0.85276 ] ] ] } },
{ "type": "Feature", "properties": { "pop": 22829.0 }, "geometry": { "type": "Polygon", "coordinates": [ [ [ 33.59245, 0.99871 ], [ 33.54414, 1.02288 ], [ 33.54393, 1.07153 ], [ 33.59204, 1.09602 ], [ 33.64035, 1.07184 ], [ 33.64056, 1.02319 ], [ 33.59245, 0.99871 ] ] ] } },
{ "type": "Feature", "properties": { "pop": 20509.0 }, "geometry": { "type": "Polygon", "coordinates": [ [ [ 33.59184, 1.14467 ], [ 33.54353, 1.16885 ], [ 33.54333, 1.21751 ], [ 33.59143, 1.24199 ], [ 33.63974, 1.21782 ], [ 33.63994, 1.16916 ], [ 33.59184, 1.14467 ] ] ] } },
{ "type": "Feature", "properties": { "pop": 7322.0 }, "geometry": { "type": "Polygon", "coordinates": [ [ [ 33.59123, 1.29066 ], [ 33.54292, 1.31483 ], [ 33.54272, 1.3635 ], [ 33.59082, 1.38799 ], [ 33.63912, 1.36381 ], [ 33.63933, 1.31514 ], [ 33.59123, 1.29066 ] ] ] } },
{ "type": "Feature", "properties": { "pop": 34591.0 }, "geometry": { "type": "Polygon", "coordinates": [ [ [ 33.59062, 1.43666 ], [ 33.54231, 1.46084 ], [ 33.54211, 1.50951 ], [ 33.59021, 1.534 ], [ 33.63851, 1.50982 ], [ 33.63871, 1.46115 ], [ 33.59062, 1.43666 ] ] ] } },
{ "type": "Feature", "properties": { "pop": 26701.0 }, "geometry": { "type": "Polygon", "coordinates": [ [ [ 33.59001, 1.58268 ], [ 33.54171, 1.60686 ], [ 33.54151, 1.65554 ], [ 33.5896, 1.68003 ], [ 33.6379, 1.65585 ], [ 33.6381, 1.60717 ], [ 33.59001, 1.58268 ] ] ] } },
{ "type": "Feature", "properties": { "pop": 34500.0 }, "geometry": { "type": "Polygon", "coordinates": [ [ [ 33.5894, 1.72872 ], [ 33.5411, 1.75291 ], [ 33.5409, 1.80159 ], [ 33.58899, 1.82609 ], [ 33.63728, 1.8019 ], [ 33.63749, 1.75321 ], [ 33.5894, 1.72872 ] ] ] } },
{ "type": "Feature", "properties": { "pop": 12562.0 }, "geometry": { "type": "Polygon", "coordinates": [ [ [ 33.58879, 1.87478 ], [ 33.54049, 1.89897 ], [ 33.54029, 1.94767 ], [ 33.58838, 1.97217 ], [ 33.63667, 1.94797 ], [ 33.63687, 1.89928 ], [ 33.58879, 1.87478 ] ] ] } },
{ "type": "Feature", "properties": { "pop": 14697.0 }, "geometry": { "type": "Polygon", "coordinates": [ [ [ 33.58817, 2.02086 ], [ 33.53989, 2.04506 ], [ 33.53969, 2.09376 ], [ 33.58777, 2.11827 ], [ 33.63605, 2.09407 ], [ 33.63626, 2.04537 ], [ 33.58817, 2.02086 ] ] ] } },
{ "type": "Feature", "properties": { "pop": 13043.0 }, "geometry": { "type": "Polygon", "coordinates": [ [ [ 33.58756, 2.16697 ], [ 33.53928, 2.19117 ], [ 33.53908, 2.23988 ], [ 33.58716, 2.26439 ], [ 33.63544, 2.24019 ], [ 33.63565, 2.19148 ], [ 33.58756, 2.16697 ] ] ] } },
{ "type": "Feature", "properties": { "pop": 2842.0 }, "geometry": { "type": "Polygon", "coordinates": [ [ [ 33.58695, 2.3131 ], [ 33.53867, 2.33731 ], [ 33.53847, 2.38602 ], [ 33.58655, 2.41054 ], [ 33.63483, 2.38633 ], [ 33.63503, 2.33762 ], [ 33.58695, 2.3131 ] ] ] } },
{ "type": "Feature", "properties": { "pop": 16646.0 }, "geometry": { "type": "Polygon", "coordinates": [ [ [ 33.58634, 2.45926 ], [ 33.53807, 2.48347 ], [ 33.53787, 2.53219 ], [ 33.58594, 2.55671 ], [ 33.63421, 2.5325 ], [ 33.63442, 2.48378 ], [ 33.58634, 2.45926 ] ] ] } },
{ "type": "Feature", "properties": { "pop": 8296.0 }, "geometry": { "type": "Polygon", "coordinates": [ [ [ 33.58574, 2.60544 ], [ 33.53746, 2.62966 ], [ 33.53726, 2.67839 ], [ 33.58533, 2.70291 ], [ 33.6336, 2.6787 ], [ 33.63381, 2.62996 ], [ 33.58574, 2.60544 ] ] ] } },
{ "type": "Feature", "properties": { "pop": 2002.0 }, "geometry": { "type": "Polygon", "coordinates": [ [ [ 33.58513, 2.75165 ], [ 33.53686, 2.77587 ], [ 33.53665, 2.82461 ], [ 33.58472, 2.84914 ], [ 33.63299, 2.82492 ], [ 33.63319, 2.77618 ], [ 33.58513, 2.75165 ] ] ] } },
{ "type": "Feature", "properties": { "pop": 2856.0 }, "geometry": { "type": "Polygon", "coordinates": [ [ [ 33.58452, 2.89789 ], [ 33.53625, 2.92211 ], [ 33.53605, 2.97087 ], [ 33.58411, 2.9954 ], [ 33.63238, 2.97117 ], [ 33.63258, 2.92242 ], [ 33.58452, 2.89789 ] ] ] } },
{ "type": "Feature", "properties": { "pop": 996.0 }, "geometry": { "type": "Polygon", "coordinates": [ [ [ 33.58391, 3.04416 ], [ 33.53564, 3.06838 ], [ 33.53544, 3.11715 ], [ 33.5835, 3.14168 ], [ 33.63176, 3.11745 ], [ 33.63197, 3.06869 ], [ 33.58391, 3.04416 ] ] ] } },
{ "type": "Feature", "properties": { "pop": 2024.0 }, "geometry": { "type": "Polygon", "coordinates": [ [ [ 33.5833, 3.19045 ], [ 33.53504, 3.21468 ], [ 33.53483, 3.26346 ], [ 33.58289, 3.288 ], [ 33.63115, 3.26377 ], [ 33.63135, 3.21499 ], [ 33.5833, 3.19045 ] ] ] } },
{ "type": "Feature", "properties": { "pop": 1837.0 }, "geometry": { "type": "Polygon", "coordinates": [ [ [ 33.58269, 3.33678 ], [ 33.53443, 3.36102 ], [ 33.53423, 3.4098 ], [ 33.58228, 3.43435 ], [ 33.63054, 3.41011 ], [ 33.63074, 3.36132 ], [ 33.58269, 3.33678 ] ] ] } },
{ "type": "Feature", "properties": { "pop": 863.0 }, "geometry": { "type": "Polygon", "coordinates": [ [ [ 33.58208, 3.48314 ], [ 33.53382, 3.50738 ], [ 33.53362, 3.55617 ], [ 33.58167, 3.58073 ], [ 33.62992, 3.55648 ], [ 33.63013, 3.50769 ], [ 33.58208, 3.48314 ] ] ] } },
{ "type": "Feature", "properties": { "pop": 478.0 }, "geometry": { "type": "Polygon", "coordinates": [ [ [ 33.58147, 3.62953 ], [ 33.53322, 3.65378 ], [ 33.53302, 3.70258 ], [ 33.58106, 3.72714 ], [ 33.62931, 3.70289 ], [ 33.62952, 3.65408 ], [ 33.58147, 3.62953 ] ] ] } },
{ "type": "Feature", "properties": { "pop": 824.0 }, "geometry": { "type": "Polygon", "coordinates": [ [ [ 33.58086, 3.77595 ], [ 33.53261, 3.80021 ], [ 33.53241, 3.84902 ], [ 33.58045, 3.87359 ], [ 33.6287, 3.84933 ], [ 33.6289, 3.80051 ], [ 33.58086, 3.77595 ] ] ] } },
{ "type": "Feature", "properties": { "pop": 3863.0 }, "geometry": { "type": "Polygon", "coordinates": [ [ [ 33.64527, -0.09541 ], [ 33.59693, -0.07125 ], [ 33.59672, -0.02263 ], [ 33.64486, 0.00183 ], [ 33.69319, -0.02232 ], [ 33.6934, -0.07094 ], [ 33.64527, -0.09541 ] ] ] } },
{ "type": "Feature", "properties": { "pop": 194.0 }, "geometry": { "type": "Polygon", "coordinates": [ [ [ 33.64465, 0.05046 ], [ 33.59632, 0.07461 ], [ 33.59611, 0.12324 ], [ 33.64424, 0.1477 ], [ 33.69258, 0.12355 ], [ 33.69278, 0.07492 ], [ 33.64465, 0.05046 ] ] ] } },
{ "type": "Feature", "properties": { "pop": 9317.0 }, "geometry": { "type": "Polygon", "coordinates": [ [ [ 33.64404, 0.19633 ], [ 33.59571, 0.22049 ], [ 33.5955, 0.26912 ], [ 33.64363, 0.29358 ], [ 33.69196, 0.26943 ], [ 33.69216, 0.2208 ], [ 33.64404, 0.19633 ] ] ] } },
{ "type": "Feature", "properties": { "pop": 39457.0 }, "geometry": { "type": "Polygon", "coordinates": [ [ [ 33.64342, 0.34221 ], [ 33.5951, 0.36637 ], [ 33.59489, 0.41501 ], [ 33.64301, 0.43948 ], [ 33.69134, 0.41532 ], [ 33.69155, 0.36668 ], [ 33.64342, 0.34221 ] ] ] } },
{ "type": "Feature", "properties": { "pop": 37715.0 }, "geometry": { "type": "Polygon", "coordinates": [ [ [ 33.64281, 0.48811 ], [ 33.59448, 0.51227 ], [ 33.59428, 0.56091 ], [ 33.6424, 0.58538 ], [ 33.69072, 0.56122 ], [ 33.69093, 0.51258 ], [ 33.64281, 0.48811 ] ] ] } },
{ "type": "Feature", "properties": { "pop": 38126.0 }, "geometry": { "type": "Polygon", "coordinates": [ [ [ 33.64219, 0.63402 ], [ 33.59387, 0.65819 ], [ 33.59367, 0.70683 ], [ 33.64178, 0.7313 ], [ 33.6901, 0.70714 ], [ 33.69031, 0.6585 ], [ 33.64219, 0.63402 ] ] ] } },
{ "type": "Feature", "properties": { "pop": 48004.0 }, "geometry": { "type": "Polygon", "coordinates": [ [ [ 33.64158, 0.77995 ], [ 33.59326, 0.80411 ], [ 33.59306, 0.85276 ], [ 33.64117, 0.87724 ], [ 33.68949, 0.85307 ], [ 33.68969, 0.80442 ], [ 33.64158, 0.77995 ] ] ] } },
{ "type": "Feature", "properties": { "pop": 27818.0 }, "geometry": { "type": "Polygon", "coordinates": [ [ [ 33.64097, 0.92589 ], [ 33.59265, 0.95006 ], [ 33.59245, 0.99871 ], [ 33.64056, 1.02319 ], [ 33.68887, 0.99902 ], [ 33.68907, 0.95037 ], [ 33.64097, 0.92589 ] ] ] } },
{ "type": "Feature", "properties": { "pop": 25525.0 }, "geometry": { "type": "Polygon", "coordinates": [ [ [ 33.64035, 1.07184 ], [ 33.59204, 1.09602 ], [ 33.59184, 1.14467 ], [ 33.63994, 1.16916 ], [ 33.68825, 1.14498 ], [ 33.68846, 1.09633 ], [ 33.64035, 1.07184 ] ] ] } },
{ "type": "Feature", "properties": { "pop": 32876.0 }, "geometry": { "type": "Polygon", "coordinates": [ [ [ 33.63974, 1.21782 ], [ 33.59143, 1.24199 ], [ 33.59123, 1.29066 ], [ 33.63933, 1.31514 ], [ 33.68763, 1.29097 ], [ 33.68784, 1.2423 ], [ 33.63974, 1.21782 ] ] ] } },
{ "type": "Feature", "properties": { "pop": 14089.0 }, "geometry": { "type": "Polygon", "coordinates": [ [ [ 33.63912, 1.36381 ], [ 33.59082, 1.38799 ], [ 33.59062, 1.43666 ], [ 33.63871, 1.46115 ], [ 33.68702, 1.43697 ], [ 33.68722, 1.3883 ], [ 33.63912, 1.36381 ] ] ] } },
{ "type": "Feature", "properties": { "pop": 20494.0 }, "geometry": { "type": "Polygon", "coordinates": [ [ [ 33.63851, 1.50982 ], [ 33.59021, 1.534 ], [ 33.59001, 1.58268 ], [ 33.6381, 1.60717 ], [ 33.6864, 1.58299 ], [ 33.6866, 1.53431 ], [ 33.63851, 1.50982 ] ] ] } },
{ "type": "Feature", "properties": { "pop": 87333.0 }, "geometry": { "type": "Polygon", "coordinates": [ [ [ 33.6379, 1.65585 ], [ 33.5896, 1.68003 ], [ 33.5894, 1.72872 ], [ 33.63749, 1.75321 ], [ 33.68578, 1.72903 ], [ 33.68599, 1.68034 ], [ 33.6379, 1.65585 ] ] ] } },
{ "type": "Feature", "properties": { "pop": 16788.0 }, "geometry": { "type": "Polygon", "coordinates": [ [ [ 33.63728, 1.8019 ], [ 33.58899, 1.82609 ], [ 33.58879, 1.87478 ], [ 33.63687, 1.89928 ], [ 33.68516, 1.87509 ], [ 33.68537, 1.8264 ], [ 33.63728, 1.8019 ] ] ] } },
{ "type": "Feature", "properties": { "pop": 18206.0 }, "geometry": { "type": "Polygon", "coordinates": [ [ [ 33.63667, 1.94797 ], [ 33.58838, 1.97217 ], [ 33.58817, 2.02086 ], [ 33.63626, 2.04537 ], [ 33.68455, 2.02117 ], [ 33.68475, 1.97248 ], [ 33.63667, 1.94797 ] ] ] } },
{ "type": "Feature", "properties": { "pop": 10495.0 }, "geometry": { "type": "Polygon", "coordinates": [ [ [ 33.63605, 2.09407 ], [ 33.58777, 2.11827 ], [ 33.58756, 2.16697 ], [ 33.63565, 2.19148 ], [ 33.68393, 2.16728 ], [ 33.68414, 2.11858 ], [ 33.63605, 2.09407 ] ] ] } },
{ "type": "Feature", "properties": { "pop": 7657.0 }, "geometry": { "type": "Polygon", "coordinates": [ [ [ 33.63544, 2.24019 ], [ 33.58716, 2.26439 ], [ 33.58695, 2.3131 ], [ 33.63503, 2.33762 ], [ 33.68331, 2.31341 ], [ 33.68352, 2.2647 ], [ 33.63544, 2.24019 ] ] ] } },
{ "type": "Feature", "properties": { "pop": 4021.0 }, "geometry": { "type": "Polygon", "coordinates": [ [ [ 33.63483, 2.38633 ], [ 33.58655, 2.41054 ], [ 33.58634, 2.45926 ], [ 33.63442, 2.48378 ], [ 33.6827, 2.45957 ], [ 33.6829, 2.41085 ], [ 33.63483, 2.38633 ] ] ] } },
{ "type": "Feature", "properties": { "pop": 16575.0 }, "geometry": { "type": "Polygon", "coordinates": [ [ [ 33.63421, 2.5325 ], [ 33.58594, 2.55671 ], [ 33.58574, 2.60544 ], [ 33.63381, 2.62996 ], [ 33.68208, 2.60575 ], [ 33.68229, 2.55702 ], [ 33.63421, 2.5325 ] ] ] } },
{ "type": "Feature", "properties": { "pop": 12717.0 }, "geometry": { "type": "Polygon", "coordinates": [ [ [ 33.6336, 2.6787 ], [ 33.58533, 2.70291 ], [ 33.58513, 2.75165 ], [ 33.63319, 2.77618 ], [ 33.68146, 2.75196 ], [ 33.68167, 2.70322 ], [ 33.6336, 2.6787 ] ] ] } },
{ "type": "Feature", "properties": { "pop": 1241.0 }, "geometry": { "type": "Polygon", "coordinates": [ [ [ 33.63299, 2.82492 ], [ 33.58472, 2.84914 ], [ 33.58452, 2.89789 ], [ 33.63258, 2.92242 ], [ 33.68085, 2.8982 ], [ 33.68105, 2.84945 ], [ 33.63299, 2.82492 ] ] ] } },
{ "type": "Feature", "properties": { "pop": 1388.0 }, "geometry": { "type": "Polygon", "coordinates": [ [ [ 33.63238, 2.97117 ], [ 33.58411, 2.9954 ], [ 33.58391, 3.04416 ], [ 33.63197, 3.06869 ], [ 33.68023, 3.04447 ], [ 33.68044, 2.99571 ], [ 33.63238, 2.97117 ] ] ] } },
{ "type": "Feature", "properties": { "pop": 1946.0 }, "geometry": { "type": "Polygon", "coordinates": [ [ [ 33.63176, 3.11745 ], [ 33.5835, 3.14168 ], [ 33.5833, 3.19045 ], [ 33.63135, 3.21499 ], [ 33.67961, 3.19076 ], [ 33.67982, 3.14199 ], [ 33.63176, 3.11745 ] ] ] } },
{ "type": "Feature", "properties": { "pop": 1913.0 }, "geometry": { "type": "Polygon", "coordinates": [ [ [ 33.63115, 3.26377 ], [ 33.58289, 3.288 ], [ 33.58269, 3.33678 ], [ 33.63074, 3.36132 ], [ 33.679, 3.33709 ], [ 33.6792, 3.28831 ], [ 33.63115, 3.26377 ] ] ] } },
{ "type": "Feature", "properties": { "pop": 1963.0 }, "geometry": { "type": "Polygon", "coordinates": [ [ [ 33.63054, 3.41011 ], [ 33.58228, 3.43435 ], [ 33.58208, 3.48314 ], [ 33.63013, 3.50769 ], [ 33.67838, 3.48345 ], [ 33.67859, 3.43466 ], [ 33.63054, 3.41011 ] ] ] } },
{ "type": "Feature", "properties": { "pop": 2422.0 }, "geometry": { "type": "Polygon", "coordinates": [ [ [ 33.62992, 3.55648 ], [ 33.58167, 3.58073 ], [ 33.58147, 3.62953 ], [ 33.62952, 3.65408 ], [ 33.67777, 3.62984 ], [ 33.67797, 3.58104 ], [ 33.62992, 3.55648 ] ] ] } },
{ "type": "Feature", "properties": { "pop": 534.0 }, "geometry": { "type": "Polygon", "coordinates": [ [ [ 33.62931, 3.70289 ], [ 33.58106, 3.72714 ], [ 33.58086, 3.77595 ], [ 33.6289, 3.80051 ], [ 33.67715, 3.77626 ], [ 33.67736, 3.72745 ], [ 33.62931, 3.70289 ] ] ] } },
{ "type": "Feature", "properties": { "pop": 342.0 }, "geometry": { "type": "Polygon", "coordinates": [ [ [ 33.6287, 3.84933 ], [ 33.58045, 3.87359 ], [ 33.58025, 3.92241 ], [ 33.62829, 3.94698 ], [ 33.67653, 3.92272 ], [ 33.67674, 3.8739 ], [ 33.6287, 3.84933 ] ] ] } },
{ "type": "Feature", "properties": { "pop": 15933.0 }, "geometry": { "type": "Polygon", "coordinates": [ [ [ 33.69381, -0.16818 ], [ 33.64547, -0.14402 ], [ 33.64527, -0.09541 ], [ 33.6934, -0.07094 ], [ 33.74174, -0.09509 ], [ 33.74195, -0.14371 ], [ 33.69381, -0.16818 ] ] ] } },
{ "type": "Feature", "properties": { "pop": 2116.0 }, "geometry": { "type": "Polygon", "coordinates": [ [ [ 33.69319, -0.02232 ], [ 33.64486, 0.00183 ], [ 33.64465, 0.05046 ], [ 33.69278, 0.07492 ], [ 33.74112, 0.05077 ], [ 33.74132, 0.00215 ], [ 33.69319, -0.02232 ] ] ] } },
{ "type": "Feature", "properties": { "pop": 4119.0 }, "geometry": { "type": "Polygon", "coordinates": [ [ [ 33.69258, 0.12355 ], [ 33.64424, 0.1477 ], [ 33.64404, 0.19633 ], [ 33.69216, 0.2208 ], [ 33.7405, 0.19664 ], [ 33.7407, 0.14801 ], [ 33.69258, 0.12355 ] ] ] } },
{ "type": "Feature", "properties": { "pop": 32328.0 }, "geometry": { "type": "Polygon", "coordinates": [ [ [ 33.69196, 0.26943 ], [ 33.64363, 0.29358 ], [ 33.64342, 0.34221 ], [ 33.69155, 0.36668 ], [ 33.73987, 0.34253 ], [ 33.74008, 0.2939 ], [ 33.69196, 0.26943 ] ] ] } },
{ "type": "Feature", "properties": { "pop": 49069.0 }, "geometry": { "type": "Polygon", "coordinates": [ [ [ 33.69134, 0.41532 ], [ 33.64301, 0.43948 ], [ 33.64281, 0.48811 ], [ 33.69093, 0.51258 ], [ 33.73925, 0.48842 ], [ 33.73946, 0.43979 ], [ 33.69134, 0.41532 ] ] ] } },
{ "type": "Feature", "properties": { "pop": 41004.0 }, "geometry": { "type": "Polygon", "coordinates": [ [ [ 33.69072, 0.56122 ], [ 33.6424, 0.58538 ], [ 33.64219, 0.63402 ], [ 33.69031, 0.6585 ], [ 33.73863, 0.63433 ], [ 33.73884, 0.58569 ], [ 33.69072, 0.56122 ] ] ] } },
{ "type": "Feature", "properties": { "pop": 36834.0 }, "geometry": { "type": "Polygon", "coordinates": [ [ [ 33.6901, 0.70714 ], [ 33.64178, 0.7313 ], [ 33.64158, 0.77995 ], [ 33.68969, 0.80442 ], [ 33.73801, 0.78026 ], [ 33.73822, 0.73161 ], [ 33.6901, 0.70714 ] ] ] } },
{ "type": "Feature", "properties": { "pop": 33209.0 }, "geometry": { "type": "Polygon", "coordinates": [ [ [ 33.68949, 0.85307 ], [ 33.64117, 0.87724 ], [ 33.64097, 0.92589 ], [ 33.68907, 0.95037 ], [ 33.73739, 0.9262 ], [ 33.7376, 0.87755 ], [ 33.68949, 0.85307 ] ] ] } },
{ "type": "Feature", "properties": { "pop": 26895.0 }, "geometry": { "type": "Polygon", "coordinates": [ [ [ 33.68887, 0.99902 ], [ 33.64056, 1.02319 ], [ 33.64035, 1.07184 ], [ 33.68846, 1.09633 ], [ 33.73677, 1.07215 ], [ 33.73698, 1.0235 ], [ 33.68887, 0.99902 ] ] ] } },
{ "type": "Feature", "properties": { "pop": 65782.0 }, "geometry": { "type": "Polygon", "coordinates": [ [ [ 33.68825, 1.14498 ], [ 33.63994, 1.16916 ], [ 33.63974, 1.21782 ], [ 33.68784, 1.2423 ], [ 33.73615, 1.21813 ], [ 33.73635, 1.16947 ], [ 33.68825, 1.14498 ] ] ] } },
{ "type": "Feature", "properties": { "pop": 15228.0 }, "geometry": { "type": "Polygon", "coordinates": [ [ [ 33.68763, 1.29097 ], [ 33.63933, 1.31514 ], [ 33.63912, 1.36381 ], [ 33.68722, 1.3883 ], [ 33.73553, 1.36412 ], [ 33.73573, 1.31545 ], [ 33.68763, 1.29097 ] ] ] } },
{ "type": "Feature", "properties": { "pop": 16377.0 }, "geometry": { "type": "Polygon", "coordinates": [ [ [ 33.68702, 1.43697 ], [ 33.63871, 1.46115 ], [ 33.63851, 1.50982 ], [ 33.6866, 1.53431 ], [ 33.73491, 1.51013 ], [ 33.73511, 1.46146 ], [ 33.68702, 1.43697 ] ] ] } },
{ "type": "Feature", "properties": { "pop": 18699.0 }, "geometry": { "type": "Polygon", "coordinates": [ [ [ 33.6864, 1.58299 ], [ 33.6381, 1.60717 ], [ 33.6379, 1.65585 ], [ 33.68599, 1.68034 ], [ 33.73429, 1.65616 ], [ 33.73449, 1.60748 ], [ 33.6864, 1.58299 ] ] ] } },
{ "type": "Feature", "properties": { "pop": 20329.0 }, "geometry": { "type": "Polygon", "coordinates": [ [ [ 33.68578, 1.72903 ], [ 33.63749, 1.75321 ], [ 33.63728, 1.8019 ], [ 33.68537, 1.8264 ], [ 33.73366, 1.80221 ], [ 33.73387, 1.75353 ], [ 33.68578, 1.72903 ] ] ] } },
{ "type": "Feature", "properties": { "pop": 14384.0 }, "geometry": { "type": "Polygon", "coordinates": [ [ [ 33.68516, 1.87509 ], [ 33.63687, 1.89928 ], [ 33.63667, 1.94797 ], [ 33.68475, 1.97248 ], [ 33.73304, 1.94829 ], [ 33.73325, 1.89959 ], [ 33.68516, 1.87509 ] ] ] } },
{ "type": "Feature", "properties": { "pop": 14980.0 }, "geometry": { "type": "Polygon", "coordinates": [ [ [ 33.68455, 2.02117 ], [ 33.63626, 2.04537 ], [ 33.63605, 2.09407 ], [ 33.68414, 2.11858 ], [ 33.73242, 2.09438 ], [ 33.73263, 2.04568 ], [ 33.68455, 2.02117 ] ] ] } },
{ "type": "Feature", "properties": { "pop": 7203.0 }, "geometry": { "type": "Polygon", "coordinates": [ [ [ 33.68393, 2.16728 ], [ 33.63565, 2.19148 ], [ 33.63544, 2.24019 ], [ 33.68352, 2.2647 ], [ 33.7318, 2.2405 ], [ 33.73201, 2.19179 ], [ 33.68393, 2.16728 ] ] ] } },
{ "type": "Feature", "properties": { "pop": 3273.0 }, "geometry": { "type": "Polygon", "coordinates": [ [ [ 33.68331, 2.31341 ], [ 33.63503, 2.33762 ], [ 33.63483, 2.38633 ], [ 33.6829, 2.41085 ], [ 33.73118, 2.38664 ], [ 33.73139, 2.33793 ], [ 33.68331, 2.31341 ] ] ] } },
{ "type": "Feature", "properties": { "pop": 10816.0 }, "geometry": { "type": "Polygon", "coordinates": [ [ [ 33.6827, 2.45957 ], [ 33.63442, 2.48378 ], [ 33.63421, 2.5325 ], [ 33.68229, 2.55702 ], [ 33.73056, 2.53281 ], [ 33.73077, 2.48409 ], [ 33.6827, 2.45957 ] ] ] } },
{ "type": "Feature", "properties": { "pop": 16045.0 }, "geometry": { "type": "Polygon", "coordinates": [ [ [ 33.68208, 2.60575 ], [ 33.63381, 2.62996 ], [ 33.6336, 2.6787 ], [ 33.68167, 2.70322 ], [ 33.72994, 2.67901 ], [ 33.73015, 2.63028 ], [ 33.68208, 2.60575 ] ] ] } },
{ "type": "Feature", "properties": { "pop": 5466.0 }, "geometry": { "type": "Polygon", "coordinates": [ [ [ 33.68146, 2.75196 ], [ 33.63319, 2.77618 ], [ 33.63299, 2.82492 ], [ 33.68105, 2.84945 ], [ 33.72932, 2.82523 ], [ 33.72953, 2.77649 ], [ 33.68146, 2.75196 ] ] ] } },
{ "type": "Feature", "properties": { "pop": 1312.0 }, "geometry": { "type": "Polygon", "coordinates": [ [ [ 33.68085, 2.8982 ], [ 33.63258, 2.92242 ], [ 33.63238, 2.97117 ], [ 33.68044, 2.99571 ], [ 33.7287, 2.97149 ], [ 33.72891, 2.92273 ], [ 33.68085, 2.8982 ] ] ] } },
{ "type": "Feature", "properties": { "pop": 1976.0 }, "geometry": { "type": "Polygon", "coordinates": [ [ [ 33.68023, 3.04447 ], [ 33.63197, 3.06869 ], [ 33.63176, 3.11745 ], [ 33.67982, 3.14199 ], [ 33.72808, 3.11777 ], [ 33.72829, 3.069 ], [ 33.68023, 3.04447 ] ] ] } },
{ "type": "Feature", "properties": { "pop": 1628.0 }, "geometry": { "type": "Polygon", "coordinates": [ [ [ 33.67961, 3.19076 ], [ 33.63135, 3.21499 ], [ 33.63115, 3.26377 ], [ 33.6792, 3.28831 ], [ 33.72746, 3.26408 ], [ 33.72767, 3.2153 ], [ 33.67961, 3.19076 ] ] ] } },
{ "type": "Feature", "properties": { "pop": 1223.0 }, "geometry": { "type": "Polygon", "coordinates": [ [ [ 33.679, 3.33709 ], [ 33.63074, 3.36132 ], [ 33.63054, 3.41011 ], [ 33.67859, 3.43466 ], [ 33.72684, 3.41042 ], [ 33.72705, 3.36164 ], [ 33.679, 3.33709 ] ] ] } },
{ "type": "Feature", "properties": { "pop": 6942.0 }, "geometry": { "type": "Polygon", "coordinates": [ [ [ 33.67838, 3.48345 ], [ 33.63013, 3.50769 ], [ 33.62992, 3.55648 ], [ 33.67797, 3.58104 ], [ 33.72622, 3.55679 ], [ 33.72643, 3.508 ], [ 33.67838, 3.48345 ] ] ] } },
{ "type": "Feature", "properties": { "pop": 1914.0 }, "geometry": { "type": "Polygon", "coordinates": [ [ [ 33.67777, 3.62984 ], [ 33.62952, 3.65408 ], [ 33.62931, 3.70289 ], [ 33.67736, 3.72745 ], [ 33.72561, 3.7032 ], [ 33.72581, 3.6544 ], [ 33.67777, 3.62984 ] ] ] } },
{ "type": "Feature", "properties": { "pop": 353.0 }, "geometry": { "type": "Polygon", "coordinates": [ [ [ 33.67715, 3.77626 ], [ 33.6289, 3.80051 ], [ 33.6287, 3.84933 ], [ 33.67674, 3.8739 ], [ 33.72499, 3.84964 ], [ 33.72519, 3.80083 ], [ 33.67715, 3.77626 ] ] ] } },
{ "type": "Feature", "properties": { "pop": 168.0 }, "geometry": { "type": "Polygon", "coordinates": [ [ [ 33.67653, 3.92272 ], [ 33.62829, 3.94698 ], [ 33.62809, 3.99581 ], [ 33.67612, 4.02038 ], [ 33.72437, 3.99612 ], [ 33.72457, 3.94729 ], [ 33.67653, 3.92272 ] ] ] } },
{ "type": "Feature", "properties": { "pop": 317.0 }, "geometry": { "type": "Polygon", "coordinates": [ [ [ 33.74236, -0.24095 ], [ 33.69402, -0.2168 ], [ 33.69381, -0.16818 ], [ 33.74195, -0.14371 ], [ 33.79029, -0.16786 ], [ 33.7905, -0.21648 ], [ 33.74236, -0.24095 ] ] ] } },
{ "type": "Feature", "properties": { "pop": 3619.0 }, "geometry": { "type": "Polygon", "coordinates": [ [ [ 33.74112, 0.05077 ], [ 33.69278, 0.07492 ], [ 33.69258, 0.12355 ], [ 33.7407, 0.14801 ], [ 33.78904, 0.12386 ], [ 33.78925, 0.07524 ], [ 33.74112, 0.05077 ] ] ] } },
{ "type": "Feature", "properties": { "pop": 34935.0 }, "geometry": { "type": "Polygon", "coordinates": [ [ [ 33.7405, 0.19664 ], [ 33.69216, 0.2208 ], [ 33.69196, 0.26943 ], [ 33.74008, 0.2939 ], [ 33.78841, 0.26974 ], [ 33.78862, 0.22111 ], [ 33.7405, 0.19664 ] ] ] } },
{ "type": "Feature", "properties": { "pop": 36247.0 }, "geometry": { "type": "Polygon", "coordinates": [ [ [ 33.73987, 0.34253 ], [ 33.69155, 0.36668 ], [ 33.69134, 0.41532 ], [ 33.73946, 0.43979 ], [ 33.78779, 0.41563 ], [ 33.788, 0.367 ], [ 33.73987, 0.34253 ] ] ] } },
{ "type": "Feature", "properties": { "pop": 77072.0 }, "geometry": { "type": "Polygon", "coordinates": [ [ [ 33.73925, 0.48842 ], [ 33.69093, 0.51258 ], [ 33.69072, 0.56122 ], [ 33.73884, 0.58569 ], [ 33.78716, 0.56153 ], [ 33.78737, 0.5129 ], [ 33.73925, 0.48842 ] ] ] } },
{ "type": "Feature", "properties": { "pop": 30274.0 }, "geometry": { "type": "Polygon", "coordinates": [ [ [ 33.73863, 0.63433 ], [ 33.69031, 0.6585 ], [ 33.6901, 0.70714 ], [ 33.73822, 0.73161 ], [ 33.78654, 0.70745 ], [ 33.78675, 0.65881 ], [ 33.73863, 0.63433 ] ] ] } },
{ "type": "Feature", "properties": { "pop": 37860.0 }, "geometry": { "type": "Polygon", "coordinates": [ [ [ 33.73801, 0.78026 ], [ 33.68969, 0.80442 ], [ 33.68949, 0.85307 ], [ 33.7376, 0.87755 ], [ 33.78591, 0.85338 ], [ 33.78612, 0.80474 ], [ 33.73801, 0.78026 ] ] ] } },
{ "type": "Feature", "properties": { "pop": 32377.0 }, "geometry": { "type": "Polygon", "coordinates": [ [ [ 33.73739, 0.9262 ], [ 33.68907, 0.95037 ], [ 33.68887, 0.99902 ], [ 33.73698, 1.0235 ], [ 33.78529, 0.99933 ], [ 33.7855, 0.95068 ], [ 33.73739, 0.9262 ] ] ] } },
{ "type": "Feature", "properties": { "pop": 42968.0 }, "geometry": { "type": "Polygon", "coordinates": [ [ [ 33.73677, 1.07215 ], [ 33.68846, 1.09633 ], [ 33.68825, 1.14498 ], [ 33.73635, 1.16947 ], [ 33.78466, 1.1453 ], [ 33.78487, 1.09664 ], [ 33.73677, 1.07215 ] ] ] } },
{ "type": "Feature", "properties": { "pop": 45431.0 }, "geometry": { "type": "Polygon", "coordinates": [ [ [ 33.73615, 1.21813 ], [ 33.68784, 1.2423 ], [ 33.68763, 1.29097 ], [ 33.73573, 1.31545 ], [ 33.78404, 1.29128 ], [ 33.78425, 1.24262 ], [ 33.73615, 1.21813 ] ] ] } },
{ "type": "Feature", "properties": { "pop": 26118.0 }, "geometry": { "type": "Polygon", "coordinates": [ [ [ 33.73553, 1.36412 ], [ 33.68722, 1.3883 ], [ 33.68702, 1.43697 ], [ 33.73511, 1.46146 ], [ 33.78342, 1.43728 ], [ 33.78362, 1.38861 ], [ 33.73553, 1.36412 ] ] ] } },
{ "type": "Feature", "properties": { "pop": 12139.0 }, "geometry": { "type": "Polygon", "coordinates": [ [ [ 33.73491, 1.51013 ], [ 33.6866, 1.53431 ], [ 33.6864, 1.58299 ], [ 33.73449, 1.60748 ], [ 33.78279, 1.5833 ], [ 33.783, 1.53462 ], [ 33.73491, 1.51013 ] ] ] } },
{ "type": "Feature", "properties": { "pop": 18695.0 }, "geometry": { "type": "Polygon", "coordinates": [ [ [ 33.73429, 1.65616 ], [ 33.68599, 1.68034 ], [ 33.68578, 1.72903 ], [ 33.73387, 1.75353 ], [ 33.78217, 1.72934 ], [ 33.78238, 1.68066 ], [ 33.73429, 1.65616 ] ] ] } },
{ "type": "Feature", "properties": { "pop": 16616.0 }, "geometry": { "type": "Polygon", "coordinates": [ [ [ 33.73366, 1.80221 ], [ 33.68537, 1.8264 ], [ 33.68516, 1.87509 ], [ 33.73325, 1.89959 ], [ 33.78154, 1.8754 ], [ 33.78175, 1.82671 ], [ 33.73366, 1.80221 ] ] ] } },
{ "type": "Feature", "properties": { "pop": 18335.0 }, "geometry": { "type": "Polygon", "coordinates": [ [ [ 33.73304, 1.94829 ], [ 33.68475, 1.97248 ], [ 33.68455, 2.02117 ], [ 33.73263, 2.04568 ], [ 33.78092, 2.02149 ], [ 33.78113, 1.97279 ], [ 33.73304, 1.94829 ] ] ] } },
{ "type": "Feature", "properties": { "pop": 9486.0 }, "geometry": { "type": "Polygon", "coordinates": [ [ [ 33.73242, 2.09438 ], [ 33.68414, 2.11858 ], [ 33.68393, 2.16728 ], [ 33.73201, 2.19179 ], [ 33.7803, 2.1676 ], [ 33.7805, 2.11889 ], [ 33.73242, 2.09438 ] ] ] } },
{ "type": "Feature", "properties": { "pop": 6419.0 }, "geometry": { "type": "Polygon", "coordinates": [ [ [ 33.7318, 2.2405 ], [ 33.68352, 2.2647 ], [ 33.68331, 2.31341 ], [ 33.73139, 2.33793 ], [ 33.77967, 2.31373 ], [ 33.77988, 2.26501 ], [ 33.7318, 2.2405 ] ] ] } },
{ "type": "Feature", "properties": { "pop": 3988.0 }, "geometry": { "type": "Polygon", "coordinates": [ [ [ 33.73118, 2.38664 ], [ 33.6829, 2.41085 ], [ 33.6827, 2.45957 ], [ 33.73077, 2.48409 ], [ 33.77905, 2.45988 ], [ 33.77926, 2.41116 ], [ 33.73118, 2.38664 ] ] ] } },
{ "type": "Feature", "properties": { "pop": 16098.0 }, "geometry": { "type": "Polygon", "coordinates": [ [ [ 33.73056, 2.53281 ], [ 33.68229, 2.55702 ], [ 33.68208, 2.60575 ], [ 33.73015, 2.63028 ], [ 33.77843, 2.60607 ], [ 33.77863, 2.55734 ], [ 33.73056, 2.53281 ] ] ] } },
{ "type": "Feature", "properties": { "pop": 3112.0 }, "geometry": { "type": "Polygon", "coordinates": [ [ [ 33.72994, 2.67901 ], [ 33.68167, 2.70322 ], [ 33.68146, 2.75196 ], [ 33.72953, 2.77649 ], [ 33.7778, 2.75228 ], [ 33.77801, 2.70354 ], [ 33.72994, 2.67901 ] ] ] } },
{ "type": "Feature", "properties": { "pop": 1741.0 }, "geometry": { "type": "Polygon", "coordinates": [ [ [ 33.72932, 2.82523 ], [ 33.68105, 2.84945 ], [ 33.68085, 2.8982 ], [ 33.72891, 2.92273 ], [ 33.77718, 2.89851 ], [ 33.77739, 2.84976 ], [ 33.72932, 2.82523 ] ] ] } },
{ "type": "Feature", "properties": { "pop": 3225.0 }, "geometry": { "type": "Polygon", "coordinates": [ [ [ 33.7287, 2.97149 ], [ 33.68044, 2.99571 ], [ 33.68023, 3.04447 ], [ 33.72829, 3.069 ], [ 33.77656, 3.04478 ], [ 33.77676, 2.99602 ], [ 33.7287, 2.97149 ] ] ] } },
{ "type": "Feature", "properties": { "pop": 2052.0 }, "geometry": { "type": "Polygon", "coordinates": [ [ [ 33.72808, 3.11777 ], [ 33.67982, 3.14199 ], [ 33.67961, 3.19076 ], [ 33.72767, 3.2153 ], [ 33.77593, 3.19108 ], [ 33.77614, 3.14231 ], [ 33.72808, 3.11777 ] ] ] } },
{ "type": "Feature", "properties": { "pop": 1480.0 }, "geometry": { "type": "Polygon", "coordinates": [ [ [ 33.72746, 3.26408 ], [ 33.6792, 3.28831 ], [ 33.679, 3.33709 ], [ 33.72705, 3.36164 ], [ 33.77531, 3.3374 ], [ 33.77552, 3.28862 ], [ 33.72746, 3.26408 ] ] ] } },
{ "type": "Feature", "properties": { "pop": 1966.0 }, "geometry": { "type": "Polygon", "coordinates": [ [ [ 33.72684, 3.41042 ], [ 33.67859, 3.43466 ], [ 33.67838, 3.48345 ], [ 33.72643, 3.508 ], [ 33.77469, 3.48376 ], [ 33.77489, 3.43497 ], [ 33.72684, 3.41042 ] ] ] } },
{ "type": "Feature", "properties": { "pop": 5286.0 }, "geometry": { "type": "Polygon", "coordinates": [ [ [ 33.72622, 3.55679 ], [ 33.67797, 3.58104 ], [ 33.67777, 3.62984 ], [ 33.72581, 3.6544 ], [ 33.77406, 3.63015 ], [ 33.77427, 3.58135 ], [ 33.72622, 3.55679 ] ] ] } },
{ "type": "Feature", "properties": { "pop": 2199.0 }, "geometry": { "type": "Polygon", "coordinates": [ [ [ 33.72561, 3.7032 ], [ 33.67736, 3.72745 ], [ 33.67715, 3.77626 ], [ 33.72519, 3.80083 ], [ 33.77344, 3.77658 ], [ 33.77365, 3.72776 ], [ 33.72561, 3.7032 ] ] ] } },
{ "type": "Feature", "properties": { "pop": 318.0 }, "geometry": { "type": "Polygon", "coordinates": [ [ [ 33.72499, 3.84964 ], [ 33.67674, 3.8739 ], [ 33.67653, 3.92272 ], [ 33.72457, 3.94729 ], [ 33.77282, 3.92303 ], [ 33.77303, 3.87421 ], [ 33.72499, 3.84964 ] ] ] } },
{ "type": "Feature", "properties": { "pop": 18242.0 }, "geometry": { "type": "Polygon", "coordinates": [ [ [ 33.78904, 0.12386 ], [ 33.7407, 0.14801 ], [ 33.7405, 0.19664 ], [ 33.78862, 0.22111 ], [ 33.83695, 0.19696 ], [ 33.83716, 0.14833 ], [ 33.78904, 0.12386 ] ] ] } },
{ "type": "Feature", "properties": { "pop": 38707.0 }, "geometry": { "type": "Polygon", "coordinates": [ [ [ 33.78841, 0.26974 ], [ 33.74008, 0.2939 ], [ 33.73987, 0.34253 ], [ 33.788, 0.367 ], [ 33.83633, 0.34284 ], [ 33.83654, 0.29421 ], [ 33.78841, 0.26974 ] ] ] } },
{ "type": "Feature", "properties": { "pop": 42300.0 }, "geometry": { "type": "Polygon", "coordinates": [ [ [ 33.78779, 0.41563 ], [ 33.73946, 0.43979 ], [ 33.73925, 0.48842 ], [ 33.78737, 0.5129 ], [ 33.8357, 0.48874 ], [ 33.83591, 0.4401 ], [ 33.78779, 0.41563 ] ] ] } },
{ "type": "Feature", "properties": { "pop": 32425.0 }, "geometry": { "type": "Polygon", "coordinates": [ [ [ 33.78716, 0.56153 ], [ 33.73884, 0.58569 ], [ 33.73863, 0.63433 ], [ 33.78675, 0.65881 ], [ 33.83507, 0.63465 ], [ 33.83528, 0.58601 ], [ 33.78716, 0.56153 ] ] ] } },
{ "type": "Feature", "properties": { "pop": 29018.0 }, "geometry": { "type": "Polygon", "coordinates": [ [ [ 33.78654, 0.70745 ], [ 33.73822, 0.73161 ], [ 33.73801, 0.78026 ], [ 33.78612, 0.80474 ], [ 33.83444, 0.78057 ], [ 33.83465, 0.73193 ], [ 33.78654, 0.70745 ] ] ] } },
{ "type": "Feature", "properties": { "pop": 23735.0 }, "geometry": { "type": "Polygon", "coordinates": [ [ [ 33.78591, 0.85338 ], [ 33.7376, 0.87755 ], [ 33.73739, 0.9262 ], [ 33.7855, 0.95068 ], [ 33.83381, 0.92651 ], [ 33.83402, 0.87786 ], [ 33.78591, 0.85338 ] ] ] } },
{ "type": "Feature", "properties": { "pop": 49280.0 }, "geometry": { "type": "Polygon", "coordinates": [ [ [ 33.78529, 0.99933 ], [ 33.73698, 1.0235 ], [ 33.73677, 1.07215 ], [ 33.78487, 1.09664 ], [ 33.83319, 1.07247 ], [ 33.8334, 1.02382 ], [ 33.78529, 0.99933 ] ] ] } },
{ "type": "Feature", "properties": { "pop": 44450.0 }, "geometry": { "type": "Polygon", "coordinates": [ [ [ 33.78466, 1.1453 ], [ 33.73635, 1.16947 ], [ 33.73615, 1.21813 ], [ 33.78425, 1.24262 ], [ 33.83256, 1.21844 ], [ 33.83277, 1.16978 ], [ 33.78466, 1.1453 ] ] ] } },
{ "type": "Feature", "properties": { "pop": 23772.0 }, "geometry": { "type": "Polygon", "coordinates": [ [ [ 33.78404, 1.29128 ], [ 33.73573, 1.31545 ], [ 33.73553, 1.36412 ], [ 33.78362, 1.38861 ], [ 33.83193, 1.36443 ], [ 33.83214, 1.31577 ], [ 33.78404, 1.29128 ] ] ] } },
{ "type": "Feature", "properties": { "pop": 33640.0 }, "geometry": { "type": "Polygon", "coordinates": [ [ [ 33.78342, 1.43728 ], [ 33.73511, 1.46146 ], [ 33.73491, 1.51013 ], [ 33.783, 1.53462 ], [ 33.8313, 1.51045 ], [ 33.83151, 1.46177 ], [ 33.78342, 1.43728 ] ] ] } },
{ "type": "Feature", "properties": { "pop": 21412.0 }, "geometry": { "type": "Polygon", "coordinates": [ [ [ 33.78279, 1.5833 ], [ 33.73449, 1.60748 ], [ 33.73429, 1.65616 ], [ 33.78238, 1.68066 ], [ 33.83068, 1.65648 ], [ 33.83088, 1.6078 ], [ 33.78279, 1.5833 ] ] ] } },
{ "type": "Feature", "properties": { "pop": 8715.0 }, "geometry": { "type": "Polygon", "coordinates": [ [ [ 33.78217, 1.72934 ], [ 33.73387, 1.75353 ], [ 33.73366, 1.80221 ], [ 33.78175, 1.82671 ], [ 33.83005, 1.80253 ], [ 33.83026, 1.75384 ], [ 33.78217, 1.72934 ] ] ] } },
{ "type": "Feature", "properties": { "pop": 15276.0 }, "geometry": { "type": "Polygon", "coordinates": [ [ [ 33.78154, 1.8754 ], [ 33.73325, 1.89959 ], [ 33.73304, 1.94829 ], [ 33.78113, 1.97279 ], [ 33.82942, 1.9486 ], [ 33.82963, 1.89991 ], [ 33.78154, 1.8754 ] ] ] } },
{ "type": "Feature", "properties": { "pop": 18209.0 }, "geometry": { "type": "Polygon", "coordinates": [ [ [ 33.78092, 2.02149 ], [ 33.73263, 2.04568 ], [ 33.73242, 2.09438 ], [ 33.7805, 2.11889 ], [ 33.82879, 2.0947 ], [ 33.829, 2.046 ], [ 33.78092, 2.02149 ] ] ] } },
{ "type": "Feature", "properties": { "pop": 6694.0 }, "geometry": { "type": "Polygon", "coordinates": [ [ [ 33.7803, 2.1676 ], [ 33.73201, 2.19179 ], [ 33.7318, 2.2405 ], [ 33.77988, 2.26501 ], [ 33.82817, 2.24082 ], [ 33.82838, 2.19211 ], [ 33.7803, 2.1676 ] ] ] } },
{ "type": "Feature", "properties": { "pop": 2436.0 }, "geometry": { "type": "Polygon", "coordinates": [ [ [ 33.77967, 2.31373 ], [ 33.73139, 2.33793 ], [ 33.73118, 2.38664 ], [ 33.77926, 2.41116 ], [ 33.82754, 2.38696 ], [ 33.82775, 2.33824 ], [ 33.77967, 2.31373 ] ] ] } },
{ "type": "Feature", "properties": { "pop": 3773.0 }, "geometry": { "type": "Polygon", "coordinates": [ [ [ 33.77905, 2.45988 ], [ 33.73077, 2.48409 ], [ 33.73056, 2.53281 ], [ 33.77863, 2.55734 ], [ 33.82691, 2.53313 ], [ 33.82712, 2.4844 ], [ 33.77905, 2.45988 ] ] ] } },
{ "type": "Feature", "properties": { "pop": 3248.0 }, "geometry": { "type": "Polygon", "coordinates": [ [ [ 33.77843, 2.60607 ], [ 33.73015, 2.63028 ], [ 33.72994, 2.67901 ], [ 33.77801, 2.70354 ], [ 33.82629, 2.67933 ], [ 33.82649, 2.63059 ], [ 33.77843, 2.60607 ] ] ] } },
{ "type": "Feature", "properties": { "pop": 2511.0 }, "geometry": { "type": "Polygon", "coordinates": [ [ [ 33.7778, 2.75228 ], [ 33.72953, 2.77649 ], [ 33.72932, 2.82523 ], [ 33.77739, 2.84976 ], [ 33.82566, 2.82555 ], [ 33.82587, 2.77681 ], [ 33.7778, 2.75228 ] ] ] } },
{ "type": "Feature", "properties": { "pop": 2735.0 }, "geometry": { "type": "Polygon", "coordinates": [ [ [ 33.77718, 2.89851 ], [ 33.72891, 2.92273 ], [ 33.7287, 2.97149 ], [ 33.77676, 2.99602 ], [ 33.82503, 2.9718 ], [ 33.82524, 2.92305 ], [ 33.77718, 2.89851 ] ] ] } },
{ "type": "Feature", "properties": { "pop": 2501.0 }, "geometry": { "type": "Polygon", "coordinates": [ [ [ 33.77656, 3.04478 ], [ 33.72829, 3.069 ], [ 33.72808, 3.11777 ], [ 33.77614, 3.14231 ], [ 33.82441, 3.11808 ], [ 33.82461, 3.06932 ], [ 33.77656, 3.04478 ] ] ] } },
{ "type": "Feature", "properties": { "pop": 2060.0 }, "geometry": { "type": "Polygon", "coordinates": [ [ [ 33.77593, 3.19108 ], [ 33.72767, 3.2153 ], [ 33.72746, 3.26408 ], [ 33.77552, 3.28862 ], [ 33.82378, 3.26439 ], [ 33.82399, 3.21562 ], [ 33.77593, 3.19108 ] ] ] } },
{ "type": "Feature", "properties": { "pop": 961.0 }, "geometry": { "type": "Polygon", "coordinates": [ [ [ 33.77531, 3.3374 ], [ 33.72705, 3.36164 ], [ 33.72684, 3.41042 ], [ 33.77489, 3.43497 ], [ 33.82315, 3.41074 ], [ 33.82336, 3.36195 ], [ 33.77531, 3.3374 ] ] ] } },
{ "type": "Feature", "properties": { "pop": 1403.0 }, "geometry": { "type": "Polygon", "coordinates": [ [ [ 33.77469, 3.48376 ], [ 33.72643, 3.508 ], [ 33.72622, 3.55679 ], [ 33.77427, 3.58135 ], [ 33.82253, 3.55711 ], [ 33.82273, 3.50832 ], [ 33.77469, 3.48376 ] ] ] } },
{ "type": "Feature", "properties": { "pop": 1317.0 }, "geometry": { "type": "Polygon", "coordinates": [ [ [ 33.77406, 3.63015 ], [ 33.72581, 3.6544 ], [ 33.72561, 3.7032 ], [ 33.77365, 3.72776 ], [ 33.8219, 3.70352 ], [ 33.82211, 3.65471 ], [ 33.77406, 3.63015 ] ] ] } },
{ "type": "Feature", "properties": { "pop": 681.0 }, "geometry": { "type": "Polygon", "coordinates": [ [ [ 33.77344, 3.77658 ], [ 33.72519, 3.80083 ], [ 33.72499, 3.84964 ], [ 33.77303, 3.87421 ], [ 33.82127, 3.84996 ], [ 33.82148, 3.80114 ], [ 33.77344, 3.77658 ] ] ] } },
{ "type": "Feature", "properties": { "pop": 438.0 }, "geometry": { "type": "Polygon", "coordinates": [ [ [ 33.77282, 3.92303 ], [ 33.72457, 3.94729 ], [ 33.72437, 3.99612 ], [ 33.7724, 4.02069 ], [ 33.82065, 3.99644 ], [ 33.82086, 3.94761 ], [ 33.77282, 3.92303 ] ] ] } },
{ "type": "Feature", "properties": { "pop": 8596.0 }, "geometry": { "type": "Polygon", "coordinates": [ [ [ 33.83758, 0.05108 ], [ 33.78925, 0.07524 ], [ 33.78904, 0.12386 ], [ 33.83716, 0.14833 ], [ 33.8855, 0.12418 ], [ 33.88571, 0.07555 ], [ 33.83758, 0.05108 ] ] ] } },
{ "type": "Feature", "properties": { "pop": 43261.0 }, "geometry": { "type": "Polygon", "coordinates": [ [ [ 33.83695, 0.19696 ], [ 33.78862, 0.22111 ], [ 33.78841, 0.26974 ], [ 33.83654, 0.29421 ], [ 33.88487, 0.27006 ], [ 33.88508, 0.22143 ], [ 33.83695, 0.19696 ] ] ] } },
{ "type": "Feature", "properties": { "pop": 42611.0 }, "geometry": { "type": "Polygon", "coordinates": [ [ [ 33.83633, 0.34284 ], [ 33.788, 0.367 ], [ 33.78779, 0.41563 ], [ 33.83591, 0.4401 ], [ 33.88424, 0.41595 ], [ 33.88445, 0.36731 ], [ 33.83633, 0.34284 ] ] ] } },
{ "type": "Feature", "properties": { "pop": 42807.0 }, "geometry": { "type": "Polygon", "coordinates": [ [ [ 33.8357, 0.48874 ], [ 33.78737, 0.5129 ], [ 33.78716, 0.56153 ], [ 33.83528, 0.58601 ], [ 33.8836, 0.56185 ], [ 33.88381, 0.51321 ], [ 33.8357, 0.48874 ] ] ] } },
{ "type": "Feature", "properties": { "pop": 21002.0 }, "geometry": { "type": "Polygon", "coordinates": [ [ [ 33.83507, 0.63465 ], [ 33.78675, 0.65881 ], [ 33.78654, 0.70745 ], [ 33.83465, 0.73193 ], [ 33.88297, 0.70777 ], [ 33.88318, 0.65913 ], [ 33.83507, 0.63465 ] ] ] } },
{ "type": "Feature", "properties": { "pop": 33604.0 }, "geometry": { "type": "Polygon", "coordinates": [ [ [ 33.83444, 0.78057 ], [ 33.78612, 0.80474 ], [ 33.78591, 0.85338 ], [ 33.83402, 0.87786 ], [ 33.88234, 0.8537 ], [ 33.88255, 0.80505 ], [ 33.83444, 0.78057 ] ] ] } },
{ "type": "Feature", "properties": { "pop": 34595.0 }, "geometry": { "type": "Polygon", "coordinates": [ [ [ 33.83381, 0.92651 ], [ 33.7855, 0.95068 ], [ 33.78529, 0.99933 ], [ 33.8334, 1.02382 ], [ 33.88171, 0.99965 ], [ 33.88192, 0.951 ], [ 33.83381, 0.92651 ] ] ] } },
{ "type": "Feature", "properties": { "pop": 49336.0 }, "geometry": { "type": "Polygon", "coordinates": [ [ [ 33.83319, 1.07247 ], [ 33.78487, 1.09664 ], [ 33.78466, 1.1453 ], [ 33.83277, 1.16978 ], [ 33.88108, 1.14561 ], [ 33.88129, 1.09696 ], [ 33.83319, 1.07247 ] ] ] } },
{ "type": "Feature", "properties": { "pop": 37189.0 }, "geometry": { "type": "Polygon", "coordinates": [ [ [ 33.83256, 1.21844 ], [ 33.78425, 1.24262 ], [ 33.78404, 1.29128 ], [ 33.83214, 1.31577 ], [ 33.88045, 1.2916 ], [ 33.88066, 1.24293 ], [ 33.83256, 1.21844 ] ] ] } },
{ "type": "Feature", "properties": { "pop": 27804.0 }, "geometry": { "type": "Polygon", "coordinates": [ [ [ 33.83193, 1.36443 ], [ 33.78362, 1.38861 ], [ 33.78342, 1.43728 ], [ 33.83151, 1.46177 ], [ 33.87982, 1.4376 ], [ 33.88003, 1.38893 ], [ 33.83193, 1.36443 ] ] ] } },
{ "type": "Feature", "properties": { "pop": 31026.0 }, "geometry": { "type": "Polygon", "coordinates": [ [ [ 33.8313, 1.51045 ], [ 33.783, 1.53462 ], [ 33.78279, 1.5833 ], [ 33.83088, 1.6078 ], [ 33.87919, 1.58362 ], [ 33.8794, 1.53494 ], [ 33.8313, 1.51045 ] ] ] } },
{ "type": "Feature", "properties": { "pop": 9239.0 }, "geometry": { "type": "Polygon", "coordinates": [ [ [ 33.83068, 1.65648 ], [ 33.78238, 1.68066 ], [ 33.78217, 1.72934 ], [ 33.83026, 1.75384 ], [ 33.87855, 1.72966 ], [ 33.87877, 1.68098 ], [ 33.83068, 1.65648 ] ] ] } },
{ "type": "Feature", "properties": { "pop": 9922.0 }, "geometry": { "type": "Polygon", "coordinates": [ [ [ 33.83005, 1.80253 ], [ 33.78175, 1.82671 ], [ 33.78154, 1.8754 ], [ 33.82963, 1.89991 ], [ 33.87792, 1.87572 ], [ 33.87813, 1.82703 ], [ 33.83005, 1.80253 ] ] ] } },
{ "type": "Feature", "properties": { "pop": 13113.0 }, "geometry": { "type": "Polygon", "coordinates": [ [ [ 33.82942, 1.9486 ], [ 33.78113, 1.97279 ], [ 33.78092, 2.02149 ], [ 33.829, 2.046 ], [ 33.87729, 2.0218 ], [ 33.8775, 1.97311 ], [ 33.82942, 1.9486 ] ] ] } },
{ "type": "Feature", "properties": { "pop": 4558.0 }, "geometry": { "type": "Polygon", "coordinates": [ [ [ 33.82879, 2.0947 ], [ 33.7805, 2.11889 ], [ 33.7803, 2.1676 ], [ 33.82838, 2.19211 ], [ 33.87666, 2.16791 ], [ 33.87687, 2.11921 ], [ 33.82879, 2.0947 ] ] ] } },
{ "type": "Feature", "properties": { "pop": 4902.0 }, "geometry": { "type": "Polygon", "coordinates": [ [ [ 33.82817, 2.24082 ], [ 33.77988, 2.26501 ], [ 33.77967, 2.31373 ], [ 33.82775, 2.33824 ], [ 33.87603, 2.31404 ], [ 33.87624, 2.26533 ], [ 33.82817, 2.24082 ] ] ] } },
{ "type": "Feature", "properties": { "pop": 1283.0 }, "geometry": { "type": "Polygon", "coordinates": [ [ [ 33.82754, 2.38696 ], [ 33.77926, 2.41116 ], [ 33.77905, 2.45988 ], [ 33.82712, 2.4844 ], [ 33.8754, 2.4602 ], [ 33.87561, 2.41148 ], [ 33.82754, 2.38696 ] ] ] } },
{ "type": "Feature", "properties": { "pop": 4503.0 }, "geometry": { "type": "Polygon", "coordinates": [ [ [ 33.82691, 2.53313 ], [ 33.77863, 2.55734 ], [ 33.77843, 2.60607 ], [ 33.82649, 2.63059 ], [ 33.87477, 2.60638 ], [ 33.87498, 2.55765 ], [ 33.82691, 2.53313 ] ] ] } },
{ "type": "Feature", "properties": { "pop": 1010.0 }, "geometry": { "type": "Polygon", "coordinates": [ [ [ 33.82629, 2.67933 ], [ 33.77801, 2.70354 ], [ 33.7778, 2.75228 ], [ 33.82587, 2.77681 ], [ 33.87414, 2.75259 ], [ 33.87435, 2.70385 ], [ 33.82629, 2.67933 ] ] ] } },
{ "type": "Feature", "properties": { "pop": 1580.0 }, "geometry": { "type": "Polygon", "coordinates": [ [ [ 33.82566, 2.82555 ], [ 33.77739, 2.84976 ], [ 33.77718, 2.89851 ], [ 33.82524, 2.92305 ], [ 33.87351, 2.89883 ], [ 33.87372, 2.85008 ], [ 33.82566, 2.82555 ] ] ] } },
{ "type": "Feature", "properties": { "pop": 1915.0 }, "geometry": { "type": "Polygon", "coordinates": [ [ [ 33.82503, 2.9718 ], [ 33.77676, 2.99602 ], [ 33.77656, 3.04478 ], [ 33.82461, 3.06932 ], [ 33.87288, 3.0451 ], [ 33.87309, 2.99634 ], [ 33.82503, 2.9718 ] ] ] } },
{ "type": "Feature", "properties": { "pop": 2468.0 }, "geometry": { "type": "Polygon", "coordinates": [ [ [ 33.82441, 3.11808 ], [ 33.77614, 3.14231 ], [ 33.77593, 3.19108 ], [ 33.82399, 3.21562 ], [ 33.87225, 3.19139 ], [ 33.87246, 3.14262 ], [ 33.82441, 3.11808 ] ] ] } },
{ "type": "Feature", "properties": { "pop": 1412.0 }, "geometry": { "type": "Polygon", "coordinates": [ [ [ 33.82378, 3.26439 ], [ 33.77552, 3.28862 ], [ 33.77531, 3.3374 ], [ 33.82336, 3.36195 ], [ 33.87162, 3.33772 ], [ 33.87183, 3.28894 ], [ 33.82378, 3.26439 ] ] ] } },
{ "type": "Feature", "properties": { "pop": 342.0 }, "geometry": { "type": "Polygon", "coordinates": [ [ [ 33.82315, 3.41074 ], [ 33.77489, 3.43497 ], [ 33.77469, 3.48376 ], [ 33.82273, 3.50832 ], [ 33.87099, 3.48408 ], [ 33.8712, 3.43529 ], [ 33.82315, 3.41074 ] ] ] } },
{ "type": "Feature", "properties": { "pop": 967.0 }, "geometry": { "type": "Polygon", "coordinates": [ [ [ 33.82253, 3.55711 ], [ 33.77427, 3.58135 ], [ 33.77406, 3.63015 ], [ 33.82211, 3.65471 ], [ 33.87036, 3.63047 ], [ 33.87057, 3.58167 ], [ 33.82253, 3.55711 ] ] ] } },
{ "type": "Feature", "properties": { "pop": 617.0 }, "geometry": { "type": "Polygon", "coordinates": [ [ [ 33.8219, 3.70352 ], [ 33.77365, 3.72776 ], [ 33.77344, 3.77658 ], [ 33.82148, 3.80114 ], [ 33.86973, 3.77689 ], [ 33.86994, 3.72808 ], [ 33.8219, 3.70352 ] ] ] } },
{ "type": "Feature", "properties": { "pop": 210.0 }, "geometry": { "type": "Polygon", "coordinates": [ [ [ 33.82127, 3.84996 ], [ 33.77303, 3.87421 ], [ 33.77282, 3.92303 ], [ 33.82086, 3.94761 ], [ 33.8691, 3.92335 ], [ 33.86931, 3.87453 ], [ 33.82127, 3.84996 ] ] ] } },
{ "type": "Feature", "properties": { "pop": 1553.0 }, "geometry": { "type": "Polygon", "coordinates": [ [ [ 33.82065, 3.99644 ], [ 33.7724, 4.02069 ], [ 33.7722, 4.06953 ], [ 33.82023, 4.09411 ], [ 33.86847, 4.06985 ], [ 33.86868, 4.02101 ], [ 33.82065, 3.99644 ] ] ] } },
{ "type": "Feature", "properties": { "pop": 87.0 }, "geometry": { "type": "Polygon", "coordinates": [ [ [ 33.88866, -0.60507 ], [ 33.84031, -0.58092 ], [ 33.8401, -0.53231 ], [ 33.88824, -0.50785 ], [ 33.93659, -0.53199 ], [ 33.9368, -0.5806 ], [ 33.88866, -0.60507 ] ] ] } },
{ "type": "Feature", "properties": { "pop": 14.0 }, "geometry": { "type": "Polygon", "coordinates": [ [ [ 33.88676, -0.16755 ], [ 33.83842, -0.1434 ], [ 33.83821, -0.09478 ], [ 33.88634, -0.07031 ], [ 33.93468, -0.09446 ], [ 33.9349, -0.14308 ], [ 33.88676, -0.16755 ] ] ] } },
{ "type": "Feature", "properties": { "pop": 19319.0 }, "geometry": { "type": "Polygon", "coordinates": [ [ [ 33.8855, 0.12418 ], [ 33.83716, 0.14833 ], [ 33.83695, 0.19696 ], [ 33.88508, 0.22143 ], [ 33.93341, 0.19727 ], [ 33.93362, 0.14865 ], [ 33.8855, 0.12418 ] ] ] } },
{ "type": "Feature", "properties": { "pop": 43473.0 }, "geometry": { "type": "Polygon", "coordinates": [ [ [ 33.88487, 0.27006 ], [ 33.83654, 0.29421 ], [ 33.83633, 0.34284 ], [ 33.88445, 0.36731 ], [ 33.93278, 0.34316 ], [ 33.93299, 0.29453 ], [ 33.88487, 0.27006 ] ] ] } },
{ "type": "Feature", "properties": { "pop": 27897.0 }, "geometry": { "type": "Polygon", "coordinates": [ [ [ 33.88424, 0.41595 ], [ 33.83591, 0.4401 ], [ 33.8357, 0.48874 ], [ 33.88381, 0.51321 ], [ 33.93214, 0.48906 ], [ 33.93235, 0.44042 ], [ 33.88424, 0.41595 ] ] ] } },
{ "type": "Feature", "properties": { "pop": 22779.0 }, "geometry": { "type": "Polygon", "coordinates": [ [ [ 33.8836, 0.56185 ], [ 33.83528, 0.58601 ], [ 33.83507, 0.63465 ], [ 33.88318, 0.65913 ], [ 33.93151, 0.63497 ], [ 33.93172, 0.58633 ], [ 33.8836, 0.56185 ] ] ] } },
{ "type": "Feature", "properties": { "pop": 31599.0 }, "geometry": { "type": "Polygon", "coordinates": [ [ [ 33.88297, 0.70777 ], [ 33.83465, 0.73193 ], [ 33.83444, 0.78057 ], [ 33.88255, 0.80505 ], [ 33.93087, 0.78089 ], [ 33.93108, 0.73225 ], [ 33.88297, 0.70777 ] ] ] } },
{ "type": "Feature", "properties": { "pop": 32560.0 }, "geometry": { "type": "Polygon", "coordinates": [ [ [ 33.88234, 0.8537 ], [ 33.83402, 0.87786 ], [ 33.83381, 0.92651 ], [ 33.88192, 0.951 ], [ 33.93024, 0.92683 ], [ 33.93045, 0.87818 ], [ 33.88234, 0.8537 ] ] ] } },
{ "type": "Feature", "properties": { "pop": 59741.0 }, "geometry": { "type": "Polygon", "coordinates": [ [ [ 33.88171, 0.99965 ], [ 33.8334, 1.02382 ], [ 33.83319, 1.07247 ], [ 33.88129, 1.09696 ], [ 33.9296, 1.07279 ], [ 33.92981, 1.02413 ], [ 33.88171, 0.99965 ] ] ] } },
{ "type": "Feature", "properties": { "pop": 53253.0 }, "geometry": { "type": "Polygon", "coordinates": [ [ [ 33.88108, 1.14561 ], [ 33.83277, 1.16978 ], [ 33.83256, 1.21844 ], [ 33.88066, 1.24293 ], [ 33.92897, 1.21876 ], [ 33.92918, 1.1701 ], [ 33.88108, 1.14561 ] ] ] } },
{ "type": "Feature", "properties": { "pop": 34321.0 }, "geometry": { "type": "Polygon", "coordinates": [ [ [ 33.88045, 1.2916 ], [ 33.83214, 1.31577 ], [ 33.83193, 1.36443 ], [ 33.88003, 1.38893 ], [ 33.92833, 1.36475 ], [ 33.92855, 1.31609 ], [ 33.88045, 1.2916 ] ] ] } },
{ "type": "Feature", "properties": { "pop": 41963.0 }, "geometry": { "type": "Polygon", "coordinates": [ [ [ 33.87982, 1.4376 ], [ 33.83151, 1.46177 ], [ 33.8313, 1.51045 ], [ 33.8794, 1.53494 ], [ 33.9277, 1.51076 ], [ 33.92791, 1.46209 ], [ 33.87982, 1.4376 ] ] ] } },
{ "type": "Feature", "properties": { "pop": 10053.0 }, "geometry": { "type": "Polygon", "coordinates": [ [ [ 33.87919, 1.58362 ], [ 33.83088, 1.6078 ], [ 33.83068, 1.65648 ], [ 33.87877, 1.68098 ], [ 33.92707, 1.65679 ], [ 33.92728, 1.60812 ], [ 33.87919, 1.58362 ] ] ] } },
{ "type": "Feature", "properties": { "pop": 5448.0 }, "geometry": { "type": "Polygon", "coordinates": [ [ [ 33.87855, 1.72966 ], [ 33.83026, 1.75384 ], [ 33.83005, 1.80253 ], [ 33.87813, 1.82703 ], [ 33.92643, 1.80285 ], [ 33.92664, 1.75416 ], [ 33.87855, 1.72966 ] ] ] } },
{ "type": "Feature", "properties": { "pop": 9593.0 }, "geometry": { "type": "Polygon", "coordinates": [ [ [ 33.87792, 1.87572 ], [ 33.82963, 1.89991 ], [ 33.82942, 1.9486 ], [ 33.8775, 1.97311 ], [ 33.9258, 1.94892 ], [ 33.92601, 1.90023 ], [ 33.87792, 1.87572 ] ] ] } },
{ "type": "Feature", "properties": { "pop": 9750.0 }, "geometry": { "type": "Polygon", "coordinates": [ [ [ 33.87729, 2.0218 ], [ 33.829, 2.046 ], [ 33.82879, 2.0947 ], [ 33.87687, 2.11921 ], [ 33.92516, 2.09502 ], [ 33.92537, 2.04631 ], [ 33.87729, 2.0218 ] ] ] } },
{ "type": "Feature", "properties": { "pop": 2591.0 }, "geometry": { "type": "Polygon", "coordinates": [ [ [ 33.87666, 2.16791 ], [ 33.82838, 2.19211 ], [ 33.82817, 2.24082 ], [ 33.87624, 2.26533 ], [ 33.92453, 2.24113 ], [ 33.92474, 2.19243 ], [ 33.87666, 2.16791 ] ] ] } },
{ "type": "Feature", "properties": { "pop": 1127.0 }, "geometry": { "type": "Polygon", "coordinates": [ [ [ 33.87603, 2.31404 ], [ 33.82775, 2.33824 ], [ 33.82754, 2.38696 ], [ 33.87561, 2.41148 ], [ 33.92389, 2.38728 ], [ 33.92411, 2.33856 ], [ 33.87603, 2.31404 ] ] ] } },
{ "type": "Feature", "properties": { "pop": 3864.0 }, "geometry": { "type": "Polygon", "coordinates": [ [ [ 33.8754, 2.4602 ], [ 33.82712, 2.4844 ], [ 33.82691, 2.53313 ], [ 33.87498, 2.55765 ], [ 33.92326, 2.53345 ], [ 33.92347, 2.48472 ], [ 33.8754, 2.4602 ] ] ] } },
{ "type": "Feature", "properties": { "pop": 2010.0 }, "geometry": { "type": "Polygon", "coordinates": [ [ [ 33.87477, 2.60638 ], [ 33.82649, 2.63059 ], [ 33.82629, 2.67933 ], [ 33.87435, 2.70385 ], [ 33.92263, 2.67964 ], [ 33.92284, 2.63091 ], [ 33.87477, 2.60638 ] ] ] } },
{ "type": "Feature", "properties": { "pop": 1489.0 }, "geometry": { "type": "Polygon", "coordinates": [ [ [ 33.87414, 2.75259 ], [ 33.82587, 2.77681 ], [ 33.82566, 2.82555 ], [ 33.87372, 2.85008 ], [ 33.92199, 2.82587 ], [ 33.9222, 2.77712 ], [ 33.87414, 2.75259 ] ] ] } },
{ "type": "Feature", "properties": { "pop": 2098.0 }, "geometry": { "type": "Polygon", "coordinates": [ [ [ 33.87351, 2.89883 ], [ 33.82524, 2.92305 ], [ 33.82503, 2.9718 ], [ 33.87309, 2.99634 ], [ 33.92136, 2.97212 ], [ 33.92157, 2.92337 ], [ 33.87351, 2.89883 ] ] ] } },
{ "type": "Feature", "properties": { "pop": 3098.0 }, "geometry": { "type": "Polygon", "coordinates": [ [ [ 33.87288, 3.0451 ], [ 33.82461, 3.06932 ], [ 33.82441, 3.11808 ], [ 33.87246, 3.14262 ], [ 33.92073, 3.1184 ], [ 33.92094, 3.06964 ], [ 33.87288, 3.0451 ] ] ] } },
{ "type": "Feature", "properties": { "pop": 2570.0 }, "geometry": { "type": "Polygon", "coordinates": [ [ [ 33.87225, 3.19139 ], [ 33.82399, 3.21562 ], [ 33.82378, 3.26439 ], [ 33.87183, 3.28894 ], [ 33.92009, 3.26471 ], [ 33.9203, 3.21594 ], [ 33.87225, 3.19139 ] ] ] } },
{ "type": "Feature", "properties": { "pop": 258.0 }, "geometry": { "type": "Polygon", "coordinates": [ [ [ 33.87162, 3.33772 ], [ 33.82336, 3.36195 ], [ 33.82315, 3.41074 ], [ 33.8712, 3.43529 ], [ 33.91946, 3.41106 ], [ 33.91967, 3.36227 ], [ 33.87162, 3.33772 ] ] ] } },
{ "type": "Feature", "properties": { "pop": 960.0 }, "geometry": { "type": "Polygon", "coordinates": [ [ [ 33.87099, 3.48408 ], [ 33.82273, 3.50832 ], [ 33.82253, 3.55711 ], [ 33.87057, 3.58167 ], [ 33.91883, 3.55743 ], [ 33.91904, 3.50863 ], [ 33.87099, 3.48408 ] ] ] } },
{ "type": "Feature", "properties": { "pop": 4549.0 }, "geometry": { "type": "Polygon", "coordinates": [ [ [ 33.87036, 3.63047 ], [ 33.82211, 3.65471 ], [ 33.8219, 3.70352 ], [ 33.86994, 3.72808 ], [ 33.91819, 3.70384 ], [ 33.9184, 3.65503 ], [ 33.87036, 3.63047 ] ] ] } },
{ "type": "Feature", "properties": { "pop": 220.0 }, "geometry": { "type": "Polygon", "coordinates": [ [ [ 33.86973, 3.77689 ], [ 33.82148, 3.80114 ], [ 33.82127, 3.84996 ], [ 33.86931, 3.87453 ], [ 33.91756, 3.85028 ], [ 33.91777, 3.80146 ], [ 33.86973, 3.77689 ] ] ] } },
{ "type": "Feature", "properties": { "pop": 204.0 }, "geometry": { "type": "Polygon", "coordinates": [ [ [ 33.8691, 3.92335 ], [ 33.82086, 3.94761 ], [ 33.82065, 3.99644 ], [ 33.86868, 4.02101 ], [ 33.91693, 3.99675 ], [ 33.91714, 3.94793 ], [ 33.8691, 3.92335 ] ] ] } },
{ "type": "Feature", "properties": { "pop": 2335.0 }, "geometry": { "type": "Polygon", "coordinates": [ [ [ 33.86847, 4.06985 ], [ 33.82023, 4.09411 ], [ 33.82002, 4.14295 ], [ 33.86805, 4.16753 ], [ 33.91629, 4.14327 ], [ 33.91651, 4.09443 ], [ 33.86847, 4.06985 ] ] ] } },
{ "type": "Feature", "properties": { "pop": 21.0 }, "geometry": { "type": "Polygon", "coordinates": [ [ [ 33.9385, -0.96946 ], [ 33.89014, -0.94532 ], [ 33.88992, -0.89671 ], [ 33.93807, -0.87225 ], [ 33.98643, -0.89639 ], [ 33.98665, -0.945 ], [ 33.9385, -0.96946 ] ] ] } },
{ "type": "Feature", "properties": { "pop": 41.0 }, "geometry": { "type": "Polygon", "coordinates": [ [ [ 33.93659, -0.53199 ], [ 33.88824, -0.50785 ], [ 33.88803, -0.45924 ], [ 33.93617, -0.43477 ], [ 33.98452, -0.45892 ], [ 33.98473, -0.50753 ], [ 33.93659, -0.53199 ] ] ] } },
{ "type": "Feature", "properties": { "pop": 357.0 }, "geometry": { "type": "Polygon", "coordinates": [ [ [ 33.93532, -0.24031 ], [ 33.88697, -0.21617 ], [ 33.88676, -0.16755 ], [ 33.9349, -0.14308 ], [ 33.98324, -0.16723 ], [ 33.98345, -0.21584 ], [ 33.93532, -0.24031 ] ] ] } },
{ "type": "Feature", "properties": { "pop": 179.0 }, "geometry": { "type": "Polygon", "coordinates": [ [ [ 33.93405, 0.0514 ], [ 33.88571, 0.07555 ], [ 33.8855, 0.12418 ], [ 33.93362, 0.14865 ], [ 33.98196, 0.1245 ], [ 33.98217, 0.07587 ], [ 33.93405, 0.0514 ] ] ] } },
{ "type": "Feature", "properties": { "pop": 30755.0 }, "geometry": { "type": "Polygon", "coordinates": [ [ [ 33.93341, 0.19727 ], [ 33.88508, 0.22143 ], [ 33.88487, 0.27006 ], [ 33.93299, 0.29453 ], [ 33.98132, 0.27038 ], [ 33.98154, 0.22175 ], [ 33.93341, 0.19727 ] ] ] } },
{ "type": "Feature", "properties": { "pop": 29421.0 }, "geometry": { "type": "Polygon", "coordinates": [ [ [ 33.93278, 0.34316 ], [ 33.88445, 0.36731 ], [ 33.88424, 0.41595 ], [ 33.93235, 0.44042 ], [ 33.98068, 0.41627 ], [ 33.9809, 0.36763 ], [ 33.93278, 0.34316 ] ] ] } },
{ "type": "Feature", "properties": { "pop": 33174.0 }, "geometry": { "type": "Polygon", "coordinates": [ [ [ 33.93214, 0.48906 ], [ 33.88381, 0.51321 ], [ 33.8836, 0.56185 ], [ 33.93172, 0.58633 ], [ 33.98005, 0.56217 ], [ 33.98026, 0.51353 ], [ 33.93214, 0.48906 ] ] ] } },
{ "type": "Feature", "properties": { "pop": 30643.0 }, "geometry": { "type": "Polygon", "coordinates": [ [ [ 33.93151, 0.63497 ], [ 33.88318, 0.65913 ], [ 33.88297, 0.70777 ], [ 33.93108, 0.73225 ], [ 33.97941, 0.70809 ], [ 33.97962, 0.65945 ], [ 33.93151, 0.63497 ] ] ] } },
{ "type": "Feature", "properties": { "pop": 59158.0 }, "geometry": { "type": "Polygon", "coordinates": [ [ [ 33.93087, 0.78089 ], [ 33.88255, 0.80505 ], [ 33.88234, 0.8537 ], [ 33.93045, 0.87818 ], [ 33.97877, 0.85402 ], [ 33.97898, 0.80537 ], [ 33.93087, 0.78089 ] ] ] } },
{ "type": "Feature", "properties": { "pop": 47322.0 }, "geometry": { "type": "Polygon", "coordinates": [ [ [ 33.93024, 0.92683 ], [ 33.88192, 0.951 ], [ 33.88171, 0.99965 ], [ 33.92981, 1.02413 ], [ 33.97813, 0.99997 ], [ 33.97834, 0.95132 ], [ 33.93024, 0.92683 ] ] ] } },
{ "type": "Feature", "properties": { "pop": 55980.0 }, "geometry": { "type": "Polygon", "coordinates": [ [ [ 33.9296, 1.07279 ], [ 33.88129, 1.09696 ], [ 33.88108, 1.14561 ], [ 33.92918, 1.1701 ], [ 33.97749, 1.14593 ], [ 33.97771, 1.09728 ], [ 33.9296, 1.07279 ] ] ] } },
{ "type": "Feature", "properties": { "pop": 35830.0 }, "geometry": { "type": "Polygon", "coordinates": [ [ [ 33.92897, 1.21876 ], [ 33.88066, 1.24293 ], [ 33.88045, 1.2916 ], [ 33.92855, 1.31609 ], [ 33.97685, 1.29192 ], [ 33.97707, 1.24325 ], [ 33.92897, 1.21876 ] ] ] } },
{ "type": "Feature", "properties": { "pop": 33032.0 }, "geometry": { "type": "Polygon", "coordinates": [ [ [ 33.92833, 1.36475 ], [ 33.88003, 1.38893 ], [ 33.87982, 1.4376 ], [ 33.92791, 1.46209 ], [ 33.97622, 1.43792 ], [ 33.97643, 1.38925 ], [ 33.92833, 1.36475 ] ] ] } },
{ "type": "Feature", "properties": { "pop": 25497.0 }, "geometry": { "type": "Polygon", "coordinates": [ [ [ 33.9277, 1.51076 ], [ 33.8794, 1.53494 ], [ 33.87919, 1.58362 ], [ 33.92728, 1.60812 ], [ 33.97558, 1.58394 ], [ 33.97579, 1.53526 ], [ 33.9277, 1.51076 ] ] ] } },
{ "type": "Feature", "properties": { "pop": 13080.0 }, "geometry": { "type": "Polygon", "coordinates": [ [ [ 33.92707, 1.65679 ], [ 33.87877, 1.68098 ], [ 33.87855, 1.72966 ], [ 33.92664, 1.75416 ], [ 33.97494, 1.72998 ], [ 33.97515, 1.6813 ], [ 33.92707, 1.65679 ] ] ] } },
{ "type": "Feature", "properties": { "pop": 14805.0 }, "geometry": { "type": "Polygon", "coordinates": [ [ [ 33.92643, 1.80285 ], [ 33.87813, 1.82703 ], [ 33.87792, 1.87572 ], [ 33.92601, 1.90023 ], [ 33.9743, 1.87604 ], [ 33.97452, 1.82735 ], [ 33.92643, 1.80285 ] ] ] } },
{ "type": "Feature", "properties": { "pop": 10676.0 }, "geometry": { "type": "Polygon", "coordinates": [ [ [ 33.9258, 1.94892 ], [ 33.8775, 1.97311 ], [ 33.87729, 2.0218 ], [ 33.92537, 2.04631 ], [ 33.97367, 2.02212 ], [ 33.97388, 1.97343 ], [ 33.9258, 1.94892 ] ] ] } },
{ "type": "Feature", "properties": { "pop": 2859.0 }, "geometry": { "type": "Polygon", "coordinates": [ [ [ 33.92516, 2.09502 ], [ 33.87687, 2.11921 ], [ 33.87666, 2.16791 ], [ 33.92474, 2.19243 ], [ 33.97303, 2.16823 ], [ 33.97324, 2.11953 ], [ 33.92516, 2.09502 ] ] ] } },
{ "type": "Feature", "properties": { "pop": 1682.0 }, "geometry": { "type": "Polygon", "coordinates": [ [ [ 33.92453, 2.24113 ], [ 33.87624, 2.26533 ], [ 33.87603, 2.31404 ], [ 33.92411, 2.33856 ], [ 33.97239, 2.31436 ], [ 33.9726, 2.26565 ], [ 33.92453, 2.24113 ] ] ] } },
{ "type": "Feature", "properties": { "pop": 2145.0 }, "geometry": { "type": "Polygon", "coordinates": [ [ [ 33.92389, 2.38728 ], [ 33.87561, 2.41148 ], [ 33.8754, 2.4602 ], [ 33.92347, 2.48472 ], [ 33.97175, 2.46052 ], [ 33.97197, 2.4118 ], [ 33.92389, 2.38728 ] ] ] } },
{ "type": "Feature", "properties": { "pop": 4248.0 }, "geometry": { "type": "Polygon", "coordinates": [ [ [ 33.92326, 2.53345 ], [ 33.87498, 2.55765 ], [ 33.87477, 2.60638 ], [ 33.92284, 2.63091 ], [ 33.97112, 2.6067 ], [ 33.97133, 2.55797 ], [ 33.92326, 2.53345 ] ] ] } },
{ "type": "Feature", "properties": { "pop": 2767.0 }, "geometry": { "type": "Polygon", "coordinates": [ [ [ 33.92263, 2.67964 ], [ 33.87435, 2.70385 ], [ 33.87414, 2.75259 ], [ 33.9222, 2.77712 ], [ 33.97048, 2.75291 ], [ 33.97069, 2.70417 ], [ 33.92263, 2.67964 ] ] ] } },
{ "type": "Feature", "properties": { "pop": 1921.0 }, "geometry": { "type": "Polygon", "coordinates": [ [ [ 33.92199, 2.82587 ], [ 33.87372, 2.85008 ], [ 33.87351, 2.89883 ], [ 33.92157, 2.92337 ], [ 33.96984, 2.89915 ], [ 33.97005, 2.8504 ], [ 33.92199, 2.82587 ] ] ] } },
{ "type": "Feature", "properties": { "pop": 4156.0 }, "geometry": { "type": "Polygon", "coordinates": [ [ [ 33.92136, 2.97212 ], [ 33.87309, 2.99634 ], [ 33.87288, 3.0451 ], [ 33.92094, 3.06964 ], [ 33.96921, 3.04542 ], [ 33.96942, 2.99666 ], [ 33.92136, 2.97212 ] ] ] } },
{ "type": "Feature", "properties": { "pop": 7914.0 }, "geometry": { "type": "Polygon", "coordinates": [ [ [ 33.92073, 3.1184 ], [ 33.87246, 3.14262 ], [ 33.87225, 3.19139 ], [ 33.9203, 3.21594 ], [ 33.96857, 3.19171 ], [ 33.96878, 3.14295 ], [ 33.92073, 3.1184 ] ] ] } },
{ "type": "Feature", "properties": { "pop": 2106.0 }, "geometry": { "type": "Polygon", "coordinates": [ [ [ 33.92009, 3.26471 ], [ 33.87183, 3.28894 ], [ 33.87162, 3.33772 ], [ 33.91967, 3.36227 ], [ 33.96793, 3.33804 ], [ 33.96814, 3.28926 ], [ 33.92009, 3.26471 ] ] ] } },
{ "type": "Feature", "properties": { "pop": 164.0 }, "geometry": { "type": "Polygon", "coordinates": [ [ [ 33.91946, 3.41106 ], [ 33.8712, 3.43529 ], [ 33.87099, 3.48408 ], [ 33.91904, 3.50863 ], [ 33.9673, 3.4844 ], [ 33.96751, 3.43561 ], [ 33.91946, 3.41106 ] ] ] } },
{ "type": "Feature", "properties": { "pop": 1962.0 }, "geometry": { "type": "Polygon", "coordinates": [ [ [ 33.91883, 3.55743 ], [ 33.87057, 3.58167 ], [ 33.87036, 3.63047 ], [ 33.9184, 3.65503 ], [ 33.96666, 3.63079 ], [ 33.96687, 3.58199 ], [ 33.91883, 3.55743 ] ] ] } },
{ "type": "Feature", "properties": { "pop": 609.0 }, "geometry": { "type": "Polygon", "coordinates": [ [ [ 33.91819, 3.70384 ], [ 33.86994, 3.72808 ], [ 33.86973, 3.77689 ], [ 33.91777, 3.80146 ], [ 33.96602, 3.77721 ], [ 33.96623, 3.7284 ], [ 33.91819, 3.70384 ] ] ] } },
{ "type": "Feature", "properties": { "pop": 173.0 }, "geometry": { "type": "Polygon", "coordinates": [ [ [ 33.91756, 3.85028 ], [ 33.86931, 3.87453 ], [ 33.8691, 3.92335 ], [ 33.91714, 3.94793 ], [ 33.96539, 3.92367 ], [ 33.9656, 3.87485 ], [ 33.91756, 3.85028 ] ] ] } },
{ "type": "Feature", "properties": { "pop": 481.0 }, "geometry": { "type": "Polygon", "coordinates": [ [ [ 33.91693, 3.99675 ], [ 33.86868, 4.02101 ], [ 33.86847, 4.06985 ], [ 33.91651, 4.09443 ], [ 33.96475, 4.07017 ], [ 33.96496, 4.02133 ], [ 33.91693, 3.99675 ] ] ] } },
{ "type": "Feature", "properties": { "pop": 1849.0 }, "geometry": { "type": "Polygon", "coordinates": [ [ [ 33.91629, 4.14327 ], [ 33.86805, 4.16753 ], [ 33.86784, 4.21638 ], [ 33.91587, 4.24096 ], [ 33.96411, 4.2167 ], [ 33.96433, 4.16785 ], [ 33.91629, 4.14327 ] ] ] } },
{ "type": "Feature", "properties": { "pop": 699.0 }, "geometry": { "type": "Polygon", "coordinates": [ [ [ 33.98324, -0.16723 ], [ 33.9349, -0.14308 ], [ 33.93468, -0.09446 ], [ 33.98281, -0.06999 ], [ 34.03116, -0.09414 ], [ 34.03137, -0.14276 ], [ 33.98324, -0.16723 ] ] ] } },
{ "type": "Feature", "properties": { "pop": 30442.0 }, "geometry": { "type": "Polygon", "coordinates": [ [ [ 33.98132, 0.27038 ], [ 33.93299, 0.29453 ], [ 33.93278, 0.34316 ], [ 33.9809, 0.36763 ], [ 34.02923, 0.34348 ], [ 34.02944, 0.29485 ], [ 33.98132, 0.27038 ] ] ] } },
{ "type": "Feature", "properties": { "pop": 26049.0 }, "geometry": { "type": "Polygon", "coordinates": [ [ [ 33.98068, 0.41627 ], [ 33.93235, 0.44042 ], [ 33.93214, 0.48906 ], [ 33.98026, 0.51353 ], [ 34.02859, 0.48938 ], [ 34.0288, 0.44074 ], [ 33.98068, 0.41627 ] ] ] } },
{ "type": "Feature", "properties": { "pop": 24466.0 }, "geometry": { "type": "Polygon", "coordinates": [ [ [ 33.98005, 0.56217 ], [ 33.93172, 0.58633 ], [ 33.93151, 0.63497 ], [ 33.97962, 0.65945 ], [ 34.02795, 0.63529 ], [ 34.02816, 0.58665 ], [ 33.98005, 0.56217 ] ] ] } },
{ "type": "Feature", "properties": { "pop": 43128.0 }, "geometry": { "type": "Polygon", "coordinates": [ [ [ 33.97941, 0.70809 ], [ 33.93108, 0.73225 ], [ 33.93087, 0.78089 ], [ 33.97898, 0.80537 ], [ 34.0273, 0.78121 ], [ 34.02752, 0.73257 ], [ 33.97941, 0.70809 ] ] ] } },
{ "type": "Feature", "properties": { "pop": 43170.0 }, "geometry": { "type": "Polygon", "coordinates": [ [ [ 33.97877, 0.85402 ], [ 33.93045, 0.87818 ], [ 33.93024, 0.92683 ], [ 33.97834, 0.95132 ], [ 34.02666, 0.92715 ], [ 34.02688, 0.8785 ], [ 33.97877, 0.85402 ] ] ] } },
{ "type": "Feature", "properties": { "pop": 57435.0 }, "geometry": { "type": "Polygon", "coordinates": [ [ [ 33.97813, 0.99997 ], [ 33.92981, 1.02413 ], [ 33.9296, 1.07279 ], [ 33.97771, 1.09728 ], [ 34.02602, 1.07311 ], [ 34.02623, 1.02446 ], [ 33.97813, 0.99997 ] ] ] } },
{ "type": "Feature", "properties": { "pop": 44403.0 }, "geometry": { "type": "Polygon", "coordinates": [ [ [ 33.97749, 1.14593 ], [ 33.92918, 1.1701 ], [ 33.92897, 1.21876 ], [ 33.97707, 1.24325 ], [ 34.02538, 1.21908 ], [ 34.02559, 1.17042 ], [ 33.97749, 1.14593 ] ] ] } },
{ "type": "Feature", "properties": { "pop": 29702.0 }, "geometry": { "type": "Polygon", "coordinates": [ [ [ 33.97685, 1.29192 ], [ 33.92855, 1.31609 ], [ 33.92833, 1.36475 ], [ 33.97643, 1.38925 ], [ 34.02474, 1.36508 ], [ 34.02495, 1.31641 ], [ 33.97685, 1.29192 ] ] ] } },
{ "type": "Feature", "properties": { "pop": 36179.0 }, "geometry": { "type": "Polygon", "coordinates": [ [ [ 33.97622, 1.43792 ], [ 33.92791, 1.46209 ], [ 33.9277, 1.51076 ], [ 33.97579, 1.53526 ], [ 34.0241, 1.51109 ], [ 34.02431, 1.46241 ], [ 33.97622, 1.43792 ] ] ] } },
{ "type": "Feature", "properties": { "pop": 4426.0 }, "geometry": { "type": "Polygon", "coordinates": [ [ [ 33.97558, 1.58394 ], [ 33.92728, 1.60812 ], [ 33.92707, 1.65679 ], [ 33.97515, 1.6813 ], [ 34.02345, 1.65712 ], [ 34.02367, 1.60844 ], [ 33.97558, 1.58394 ] ] ] } },
{ "type": "Feature", "properties": { "pop": 14850.0 }, "geometry": { "type": "Polygon", "coordinates": [ [ [ 33.97494, 1.72998 ], [ 33.92664, 1.75416 ], [ 33.92643, 1.80285 ], [ 33.97452, 1.82735 ], [ 34.02281, 1.80317 ], [ 34.02303, 1.75448 ], [ 33.97494, 1.72998 ] ] ] } },
{ "type": "Feature", "properties": { "pop": 25565.0 }, "geometry": { "type": "Polygon", "coordinates": [ [ [ 33.9743, 1.87604 ], [ 33.92601, 1.90023 ], [ 33.9258, 1.94892 ], [ 33.97388, 1.97343 ], [ 34.02217, 1.94924 ], [ 34.02239, 1.90055 ], [ 33.9743, 1.87604 ] ] ] } },
{ "type": "Feature", "properties": { "pop": 4947.0 }, "geometry": { "type": "Polygon", "coordinates": [ [ [ 33.97367, 2.02212 ], [ 33.92537, 2.04631 ], [ 33.92516, 2.09502 ], [ 33.97324, 2.11953 ], [ 34.02153, 2.09534 ], [ 34.02175, 2.04664 ], [ 33.97367, 2.02212 ] ] ] } },
{ "type": "Feature", "properties": { "pop": 5372.0 }, "geometry": { "type": "Polygon", "coordinates": [ [ [ 33.97303, 2.16823 ], [ 33.92474, 2.19243 ], [ 33.92453, 2.24113 ], [ 33.9726, 2.26565 ], [ 34.02089, 2.24146 ], [ 34.0211, 2.19275 ], [ 33.97303, 2.16823 ] ] ] } },
{ "type": "Feature", "properties": { "pop": 1636.0 }, "geometry": { "type": "Polygon", "coordinates": [ [ [ 33.97239, 2.31436 ], [ 33.92411, 2.33856 ], [ 33.92389, 2.38728 ], [ 33.97197, 2.4118 ], [ 34.02025, 2.3876 ], [ 34.02046, 2.33888 ], [ 33.97239, 2.31436 ] ] ] } },
{ "type": "Feature", "properties": { "pop": 3612.0 }, "geometry": { "type": "Polygon", "coordinates": [ [ [ 33.97175, 2.46052 ], [ 33.92347, 2.48472 ], [ 33.92326, 2.53345 ], [ 33.97133, 2.55797 ], [ 34.01961, 2.53377 ], [ 34.01982, 2.48504 ], [ 33.97175, 2.46052 ] ] ] } },
{ "type": "Feature", "properties": { "pop": 2564.0 }, "geometry": { "type": "Polygon", "coordinates": [ [ [ 33.97112, 2.6067 ], [ 33.92284, 2.63091 ], [ 33.92263, 2.67964 ], [ 33.97069, 2.70417 ], [ 34.01897, 2.67997 ], [ 34.01918, 2.63123 ], [ 33.97112, 2.6067 ] ] ] } },
{ "type": "Feature", "properties": { "pop": 2574.0 }, "geometry": { "type": "Polygon", "coordinates": [ [ [ 33.97048, 2.75291 ], [ 33.9222, 2.77712 ], [ 33.92199, 2.82587 ], [ 33.97005, 2.8504 ], [ 34.01833, 2.82619 ], [ 34.01854, 2.77745 ], [ 33.97048, 2.75291 ] ] ] } },
{ "type": "Feature", "properties": { "pop": 5529.0 }, "geometry": { "type": "Polygon", "coordinates": [ [ [ 33.96984, 2.89915 ], [ 33.92157, 2.92337 ], [ 33.92136, 2.97212 ], [ 33.96942, 2.99666 ], [ 34.01769, 2.97244 ], [ 34.0179, 2.92369 ], [ 33.96984, 2.89915 ] ] ] } },
{ "type": "Feature", "properties": { "pop": 5267.0 }, "geometry": { "type": "Polygon", "coordinates": [ [ [ 33.96921, 3.04542 ], [ 33.92094, 3.06964 ], [ 33.92073, 3.1184 ], [ 33.96878, 3.14295 ], [ 34.01705, 3.11872 ], [ 34.01726, 3.06996 ], [ 33.96921, 3.04542 ] ] ] } },
{ "type": "Feature", "properties": { "pop": 1913.0 }, "geometry": { "type": "Polygon", "coordinates": [ [ [ 33.96857, 3.19171 ], [ 33.9203, 3.21594 ], [ 33.92009, 3.26471 ], [ 33.96814, 3.28926 ], [ 34.01641, 3.26504 ], [ 34.01662, 3.21626 ], [ 33.96857, 3.19171 ] ] ] } },
{ "type": "Feature", "properties": { "pop": 284.0 }, "geometry": { "type": "Polygon", "coordinates": [ [ [ 33.96793, 3.33804 ], [ 33.91967, 3.36227 ], [ 33.91946, 3.41106 ], [ 33.96751, 3.43561 ], [ 34.01577, 3.41138 ], [ 34.01598, 3.36259 ], [ 33.96793, 3.33804 ] ] ] } },
{ "type": "Feature", "properties": { "pop": 1007.0 }, "geometry": { "type": "Polygon", "coordinates": [ [ [ 33.9673, 3.4844 ], [ 33.91904, 3.50863 ], [ 33.91883, 3.55743 ], [ 33.96687, 3.58199 ], [ 34.01513, 3.55775 ], [ 34.01534, 3.50896 ], [ 33.9673, 3.4844 ] ] ] } },
{ "type": "Feature", "properties": { "pop": 7074.0 }, "geometry": { "type": "Polygon", "coordinates": [ [ [ 33.96666, 3.63079 ], [ 33.9184, 3.65503 ], [ 33.91819, 3.70384 ], [ 33.96623, 3.7284 ], [ 34.01449, 3.70416 ], [ 34.0147, 3.65535 ], [ 33.96666, 3.63079 ] ] ] } },
{ "type": "Feature", "properties": { "pop": 165.0 }, "geometry": { "type": "Polygon", "coordinates": [ [ [ 33.96602, 3.77721 ], [ 33.91777, 3.80146 ], [ 33.91756, 3.85028 ], [ 33.9656, 3.87485 ], [ 34.01385, 3.8506 ], [ 34.01406, 3.80178 ], [ 33.96602, 3.77721 ] ] ] } },
{ "type": "Feature", "properties": { "pop": 234.0 }, "geometry": { "type": "Polygon", "coordinates": [ [ [ 33.96539, 3.92367 ], [ 33.91714, 3.94793 ], [ 33.91693, 3.99675 ], [ 33.96496, 4.02133 ], [ 34.01321, 3.99708 ], [ 34.01342, 3.94825 ], [ 33.96539, 3.92367 ] ] ] } },
{ "type": "Feature", "properties": { "pop": 433.0 }, "geometry": { "type": "Polygon", "coordinates": [ [ [ 33.96475, 4.07017 ], [ 33.91651, 4.09443 ], [ 33.91629, 4.14327 ], [ 33.96433, 4.16785 ], [ 34.01257, 4.14359 ], [ 34.01278, 4.09475 ], [ 33.96475, 4.07017 ] ] ] } },
{ "type": "Feature", "properties": { "pop": 401.0 }, "geometry": { "type": "Polygon", "coordinates": [ [ [ 33.96411, 4.2167 ], [ 33.91587, 4.24096 ], [ 33.91566, 4.28982 ], [ 33.96369, 4.31441 ], [ 34.01193, 4.29014 ], [ 34.01214, 4.24129 ], [ 33.96411, 4.2167 ] ] ] } },
{ "type": "Feature", "properties": { "pop": 14080.0 }, "geometry": { "type": "Polygon", "coordinates": [ [ [ 34.02987, 0.1976 ], [ 33.98154, 0.22175 ], [ 33.98132, 0.27038 ], [ 34.02944, 0.29485 ], [ 34.07778, 0.2707 ], [ 34.07799, 0.22207 ], [ 34.02987, 0.1976 ] ] ] } },
{ "type": "Feature", "properties": { "pop": 46228.0 }, "geometry": { "type": "Polygon", "coordinates": [ [ [ 34.02923, 0.34348 ], [ 33.9809, 0.36763 ], [ 33.98068, 0.41627 ], [ 34.0288, 0.44074 ], [ 34.07713, 0.41659 ], [ 34.07735, 0.36796 ], [ 34.02923, 0.34348 ] ] ] } },
{ "type": "Feature", "properties": { "pop": 30684.0 }, "geometry": { "type": "Polygon", "coordinates": [ [ [ 34.02859, 0.48938 ], [ 33.98026, 0.51353 ], [ 33.98005, 0.56217 ], [ 34.02816, 0.58665 ], [ 34.07649, 0.56249 ], [ 34.0767, 0.51386 ], [ 34.02859, 0.48938 ] ] ] } },
{ "type": "Feature", "properties": { "pop": 37261.0 }, "geometry": { "type": "Polygon", "coordinates": [ [ [ 34.02795, 0.63529 ], [ 33.97962, 0.65945 ], [ 33.97941, 0.70809 ], [ 34.02752, 0.73257 ], [ 34.07584, 0.70841 ], [ 34.07606, 0.65977 ], [ 34.02795, 0.63529 ] ] ] } },
{ "type": "Feature", "properties": { "pop": 41170.0 }, "geometry": { "type": "Polygon", "coordinates": [ [ [ 34.0273, 0.78121 ], [ 33.97898, 0.80537 ], [ 33.97877, 0.85402 ], [ 34.02688, 0.8785 ], [ 34.0752, 0.85434 ], [ 34.07541, 0.8057 ], [ 34.0273, 0.78121 ] ] ] } },
{ "type": "Feature", "properties": { "pop": 54740.0 }, "geometry": { "type": "Polygon", "coordinates": [ [ [ 34.02666, 0.92715 ], [ 33.97834, 0.95132 ], [ 33.97813, 0.99997 ], [ 34.02623, 1.02446 ], [ 34.07455, 1.00029 ], [ 34.07477, 0.95164 ], [ 34.02666, 0.92715 ] ] ] } },
{ "type": "Feature", "properties": { "pop": 54125.0 }, "geometry": { "type": "Polygon", "coordinates": [ [ [ 34.02602, 1.07311 ], [ 33.97771, 1.09728 ], [ 33.97749, 1.14593 ], [ 34.02559, 1.17042 ], [ 34.07391, 1.14626 ], [ 34.07412, 1.0976 ], [ 34.02602, 1.07311 ] ] ] } },
{ "type": "Feature", "properties": { "pop": 26971.0 }, "geometry": { "type": "Polygon", "coordinates": [ [ [ 34.02538, 1.21908 ], [ 33.97707, 1.24325 ], [ 33.97685, 1.29192 ], [ 34.02495, 1.31641 ], [ 34.07326, 1.29224 ], [ 34.07348, 1.24358 ], [ 34.02538, 1.21908 ] ] ] } },
{ "type": "Feature", "properties": { "pop": 30083.0 }, "geometry": { "type": "Polygon", "coordinates": [ [ [ 34.02474, 1.36508 ], [ 33.97643, 1.38925 ], [ 33.97622, 1.43792 ], [ 34.02431, 1.46241 ], [ 34.07262, 1.43824 ], [ 34.07283, 1.38957 ], [ 34.02474, 1.36508 ] ] ] } },
{ "type": "Feature", "properties": { "pop": 18074.0 }, "geometry": { "type": "Polygon", "coordinates": [ [ [ 34.0241, 1.51109 ], [ 33.97579, 1.53526 ], [ 33.97558, 1.58394 ], [ 34.02367, 1.60844 ], [ 34.07197, 1.58426 ], [ 34.07219, 1.53559 ], [ 34.0241, 1.51109 ] ] ] } },
{ "type": "Feature", "properties": { "pop": 7260.0 }, "geometry": { "type": "Polygon", "coordinates": [ [ [ 34.02345, 1.65712 ], [ 33.97515, 1.6813 ], [ 33.97494, 1.72998 ], [ 34.02303, 1.75448 ], [ 34.07133, 1.7303 ], [ 34.07154, 1.68162 ], [ 34.02345, 1.65712 ] ] ] } },
{ "type": "Feature", "properties": { "pop": 6410.0 }, "geometry": { "type": "Polygon", "coordinates": [ [ [ 34.02281, 1.80317 ], [ 33.97452, 1.82735 ], [ 33.9743, 1.87604 ], [ 34.02239, 1.90055 ], [ 34.07068, 1.87636 ], [ 34.0709, 1.82767 ], [ 34.02281, 1.80317 ] ] ] } },
{ "type": "Feature", "properties": { "pop": 7350.0 }, "geometry": { "type": "Polygon", "coordinates": [ [ [ 34.02217, 1.94924 ], [ 33.97388, 1.97343 ], [ 33.97367, 2.02212 ], [ 34.02175, 2.04664 ], [ 34.07004, 2.02245 ], [ 34.07025, 1.97375 ], [ 34.02217, 1.94924 ] ] ] } },
{ "type": "Feature", "properties": { "pop": 2922.0 }, "geometry": { "type": "Polygon", "coordinates": [ [ [ 34.02153, 2.09534 ], [ 33.97324, 2.11953 ], [ 33.97303, 2.16823 ], [ 34.0211, 2.19275 ], [ 34.06939, 2.16856 ], [ 34.06961, 2.11985 ], [ 34.02153, 2.09534 ] ] ] } },
{ "type": "Feature", "properties": { "pop": 932.0 }, "geometry": { "type": "Polygon", "coordinates": [ [ [ 34.02089, 2.24146 ], [ 33.9726, 2.26565 ], [ 33.97239, 2.31436 ], [ 34.02046, 2.33888 ], [ 34.06875, 2.31469 ], [ 34.06896, 2.26597 ], [ 34.02089, 2.24146 ] ] ] } },
{ "type": "Feature", "properties": { "pop": 2155.0 }, "geometry": { "type": "Polygon", "coordinates": [ [ [ 34.02025, 2.3876 ], [ 33.97197, 2.4118 ], [ 33.97175, 2.46052 ], [ 34.01982, 2.48504 ], [ 34.06811, 2.46085 ], [ 34.06832, 2.41212 ], [ 34.02025, 2.3876 ] ] ] } },
{ "type": "Feature", "properties": { "pop": 940.0 }, "geometry": { "type": "Polygon", "coordinates": [ [ [ 34.01961, 2.53377 ], [ 33.97133, 2.55797 ], [ 33.97112, 2.6067 ], [ 34.01918, 2.63123 ], [ 34.06746, 2.60703 ], [ 34.06768, 2.5583 ], [ 34.01961, 2.53377 ] ] ] } },
{ "type": "Feature", "properties": { "pop": 2239.0 }, "geometry": { "type": "Polygon", "coordinates": [ [ [ 34.01897, 2.67997 ], [ 33.97069, 2.70417 ], [ 33.97048, 2.75291 ], [ 34.01854, 2.77745 ], [ 34.06682, 2.75324 ], [ 34.06703, 2.7045 ], [ 34.01897, 2.67997 ] ] ] } },
{ "type": "Feature", "properties": { "pop": 3673.0 }, "geometry": { "type": "Polygon", "coordinates": [ [ [ 34.01833, 2.82619 ], [ 33.97005, 2.8504 ], [ 33.96984, 2.89915 ], [ 34.0179, 2.92369 ], [ 34.06617, 2.89948 ], [ 34.06639, 2.85073 ], [ 34.01833, 2.82619 ] ] ] } },
{ "type": "Feature", "properties": { "pop": 12526.0 }, "geometry": { "type": "Polygon", "coordinates": [ [ [ 34.01769, 2.97244 ], [ 33.96942, 2.99666 ], [ 33.96921, 3.04542 ], [ 34.01726, 3.06996 ], [ 34.06553, 3.04574 ], [ 34.06575, 2.99698 ], [ 34.01769, 2.97244 ] ] ] } },
{ "type": "Feature", "properties": { "pop": 4793.0 }, "geometry": { "type": "Polygon", "coordinates": [ [ [ 34.01705, 3.11872 ], [ 33.96878, 3.14295 ], [ 33.96857, 3.19171 ], [ 34.01662, 3.21626 ], [ 34.06489, 3.19204 ], [ 34.0651, 3.14327 ], [ 34.01705, 3.11872 ] ] ] } },
{ "type": "Feature", "properties": { "pop": 367.0 }, "geometry": { "type": "Polygon", "coordinates": [ [ [ 34.01641, 3.26504 ], [ 33.96814, 3.28926 ], [ 33.96793, 3.33804 ], [ 34.01598, 3.36259 ], [ 34.06424, 3.33836 ], [ 34.06446, 3.28959 ], [ 34.01641, 3.26504 ] ] ] } },
{ "type": "Feature", "properties": { "pop": 345.0 }, "geometry": { "type": "Polygon", "coordinates": [ [ [ 34.01577, 3.41138 ], [ 33.96751, 3.43561 ], [ 33.9673, 3.4844 ], [ 34.01534, 3.50896 ], [ 34.0636, 3.48472 ], [ 34.06381, 3.43593 ], [ 34.01577, 3.41138 ] ] ] } },
{ "type": "Feature", "properties": { "pop": 6235.0 }, "geometry": { "type": "Polygon", "coordinates": [ [ [ 34.01513, 3.55775 ], [ 33.96687, 3.58199 ], [ 33.96666, 3.63079 ], [ 34.0147, 3.65535 ], [ 34.06296, 3.63111 ], [ 34.06317, 3.58231 ], [ 34.01513, 3.55775 ] ] ] } },
{ "type": "Feature", "properties": { "pop": 339.0 }, "geometry": { "type": "Polygon", "coordinates": [ [ [ 34.01449, 3.70416 ], [ 33.96623, 3.7284 ], [ 33.96602, 3.77721 ], [ 34.01406, 3.80178 ], [ 34.06231, 3.77754 ], [ 34.06253, 3.72873 ], [ 34.01449, 3.70416 ] ] ] } },
{ "type": "Feature", "properties": { "pop": 185.0 }, "geometry": { "type": "Polygon", "coordinates": [ [ [ 34.01385, 3.8506 ], [ 33.9656, 3.87485 ], [ 33.96539, 3.92367 ], [ 34.01342, 3.94825 ], [ 34.06167, 3.924 ], [ 34.06188, 3.87517 ], [ 34.01385, 3.8506 ] ] ] } },
{ "type": "Feature", "properties": { "pop": 276.0 }, "geometry": { "type": "Polygon", "coordinates": [ [ [ 34.01321, 3.99708 ], [ 33.96496, 4.02133 ], [ 33.96475, 4.07017 ], [ 34.01278, 4.09475 ], [ 34.06103, 4.07049 ], [ 34.06124, 4.02166 ], [ 34.01321, 3.99708 ] ] ] } },
{ "type": "Feature", "properties": { "pop": 1368.0 }, "geometry": { "type": "Polygon", "coordinates": [ [ [ 34.01257, 4.14359 ], [ 33.96433, 4.16785 ], [ 33.96411, 4.2167 ], [ 34.01214, 4.24129 ], [ 34.06038, 4.21702 ], [ 34.0606, 4.16818 ], [ 34.01257, 4.14359 ] ] ] } },
{ "type": "Feature", "properties": { "pop": 11851.0 }, "geometry": { "type": "Polygon", "coordinates": [ [ [ 34.07778, 0.2707 ], [ 34.02944, 0.29485 ], [ 34.02923, 0.34348 ], [ 34.07735, 0.36796 ], [ 34.12568, 0.34381 ], [ 34.1259, 0.29518 ], [ 34.07778, 0.2707 ] ] ] } },
{ "type": "Feature", "properties": { "pop": 103039.0 }, "geometry": { "type": "Polygon", "coordinates": [ [ [ 34.07713, 0.41659 ], [ 34.0288, 0.44074 ], [ 34.02859, 0.48938 ], [ 34.0767, 0.51386 ], [ 34.12503, 0.4897 ], [ 34.12525, 0.44107 ], [ 34.07713, 0.41659 ] ] ] } },
{ "type": "Feature", "properties": { "pop": 30695.0 }, "geometry": { "type": "Polygon", "coordinates": [ [ [ 34.07649, 0.56249 ], [ 34.02816, 0.58665 ], [ 34.02795, 0.63529 ], [ 34.07606, 0.65977 ], [ 34.12438, 0.63561 ], [ 34.1246, 0.58698 ], [ 34.07649, 0.56249 ] ] ] } },
{ "type": "Feature", "properties": { "pop": 51243.0 }, "geometry": { "type": "Polygon", "coordinates": [ [ [ 34.07584, 0.70841 ], [ 34.02752, 0.73257 ], [ 34.0273, 0.78121 ], [ 34.07541, 0.8057 ], [ 34.12373, 0.78154 ], [ 34.12395, 0.7329 ], [ 34.07584, 0.70841 ] ] ] } },
{ "type": "Feature", "properties": { "pop": 34514.0 }, "geometry": { "type": "Polygon", "coordinates": [ [ [ 34.0752, 0.85434 ], [ 34.02688, 0.8785 ], [ 34.02666, 0.92715 ], [ 34.07477, 0.95164 ], [ 34.12309, 0.92748 ], [ 34.1233, 0.87883 ], [ 34.0752, 0.85434 ] ] ] } },
{ "type": "Feature", "properties": { "pop": 55597.0 }, "geometry": { "type": "Polygon", "coordinates": [ [ [ 34.07455, 1.00029 ], [ 34.02623, 1.02446 ], [ 34.02602, 1.07311 ], [ 34.07412, 1.0976 ], [ 34.12244, 1.07344 ], [ 34.12265, 1.02478 ], [ 34.07455, 1.00029 ] ] ] } },
{ "type": "Feature", "properties": { "pop": 43669.0 }, "geometry": { "type": "Polygon", "coordinates": [ [ [ 34.07391, 1.14626 ], [ 34.02559, 1.17042 ], [ 34.02538, 1.21908 ], [ 34.07348, 1.24358 ], [ 34.12179, 1.21941 ], [ 34.12201, 1.17075 ], [ 34.07391, 1.14626 ] ] ] } },
{ "type": "Feature", "properties": { "pop": 26141.0 }, "geometry": { "type": "Polygon", "coordinates": [ [ [ 34.07326, 1.29224 ], [ 34.02495, 1.31641 ], [ 34.02474, 1.36508 ], [ 34.07283, 1.38957 ], [ 34.12114, 1.3654 ], [ 34.12136, 1.31673 ], [ 34.07326, 1.29224 ] ] ] } },
{ "type": "Feature", "properties": { "pop": 14439.0 }, "geometry": { "type": "Polygon", "coordinates": [ [ [ 34.07262, 1.43824 ], [ 34.02431, 1.46241 ], [ 34.0241, 1.51109 ], [ 34.07219, 1.53559 ], [ 34.12049, 1.51141 ], [ 34.12071, 1.46274 ], [ 34.07262, 1.43824 ] ] ] } },
{ "type": "Feature", "properties": { "pop": 5719.0 }, "geometry": { "type": "Polygon", "coordinates": [ [ [ 34.07197, 1.58426 ], [ 34.02367, 1.60844 ], [ 34.02345, 1.65712 ], [ 34.07154, 1.68162 ], [ 34.11984, 1.65744 ], [ 34.12006, 1.60876 ], [ 34.07197, 1.58426 ] ] ] } },
{ "type": "Feature", "properties": { "pop": 8381.0 }, "geometry": { "type": "Polygon", "coordinates": [ [ [ 34.07133, 1.7303 ], [ 34.02303, 1.75448 ], [ 34.02281, 1.80317 ], [ 34.0709, 1.82767 ], [ 34.1192, 1.80349 ], [ 34.11941, 1.75481 ], [ 34.07133, 1.7303 ] ] ] } },
{ "type": "Feature", "properties": { "pop": 4728.0 }, "geometry": { "type": "Polygon", "coordinates": [ [ [ 34.07068, 1.87636 ], [ 34.02239, 1.90055 ], [ 34.02217, 1.94924 ], [ 34.07025, 1.97375 ], [ 34.11855, 1.94957 ], [ 34.11876, 1.90087 ], [ 34.07068, 1.87636 ] ] ] } },
{ "type": "Feature", "properties": { "pop": 3378.0 }, "geometry": { "type": "Polygon", "coordinates": [ [ [ 34.07004, 2.02245 ], [ 34.02175, 2.04664 ], [ 34.02153, 2.09534 ], [ 34.06961, 2.11985 ], [ 34.1179, 2.09566 ], [ 34.11812, 2.04696 ], [ 34.07004, 2.02245 ] ] ] } },
{ "type": "Feature", "properties": { "pop": 1622.0 }, "geometry": { "type": "Polygon", "coordinates": [ [ [ 34.06939, 2.16856 ], [ 34.0211, 2.19275 ], [ 34.02089, 2.24146 ], [ 34.06896, 2.26597 ], [ 34.11725, 2.24178 ], [ 34.11747, 2.19307 ], [ 34.06939, 2.16856 ] ] ] } },
{ "type": "Feature", "properties": { "pop": 1092.0 }, "geometry": { "type": "Polygon", "coordinates": [ [ [ 34.06875, 2.31469 ], [ 34.02046, 2.33888 ], [ 34.02025, 2.3876 ], [ 34.06832, 2.41212 ], [ 34.11661, 2.38793 ], [ 34.11682, 2.33921 ], [ 34.06875, 2.31469 ] ] ] } },
{ "type": "Feature", "properties": { "pop": 984.0 }, "geometry": { "type": "Polygon", "coordinates": [ [ [ 34.06811, 2.46085 ], [ 34.01982, 2.48504 ], [ 34.01961, 2.53377 ], [ 34.06768, 2.5583 ], [ 34.11596, 2.5341 ], [ 34.11617, 2.48537 ], [ 34.06811, 2.46085 ] ] ] } },
{ "type": "Feature", "properties": { "pop": 769.0 }, "geometry": { "type": "Polygon", "coordinates": [ [ [ 34.06746, 2.60703 ], [ 34.01918, 2.63123 ], [ 34.01897, 2.67997 ], [ 34.06703, 2.7045 ], [ 34.11531, 2.68029 ], [ 34.11553, 2.63156 ], [ 34.06746, 2.60703 ] ] ] } },
{ "type": "Feature", "properties": { "pop": 3061.0 }, "geometry": { "type": "Polygon", "coordinates": [ [ [ 34.06682, 2.75324 ], [ 34.01854, 2.77745 ], [ 34.01833, 2.82619 ], [ 34.06639, 2.85073 ], [ 34.11466, 2.82652 ], [ 34.11488, 2.77777 ], [ 34.06682, 2.75324 ] ] ] } },
{ "type": "Feature", "properties": { "pop": 9816.0 }, "geometry": { "type": "Polygon", "coordinates": [ [ [ 34.06617, 2.89948 ], [ 34.0179, 2.92369 ], [ 34.01769, 2.97244 ], [ 34.06575, 2.99698 ], [ 34.11402, 2.97277 ], [ 34.11423, 2.92401 ], [ 34.06617, 2.89948 ] ] ] } },
{ "type": "Feature", "properties": { "pop": 12348.0 }, "geometry": { "type": "Polygon", "coordinates": [ [ [ 34.06553, 3.04574 ], [ 34.01726, 3.06996 ], [ 34.01705, 3.11872 ], [ 34.0651, 3.14327 ], [ 34.11337, 3.11905 ], [ 34.11358, 3.07029 ], [ 34.06553, 3.04574 ] ] ] } },
{ "type": "Feature", "properties": { "pop": 1130.0 }, "geometry": { "type": "Polygon", "coordinates": [ [ [ 34.06489, 3.19204 ], [ 34.01662, 3.21626 ], [ 34.01641, 3.26504 ], [ 34.06446, 3.28959 ], [ 34.11272, 3.26536 ], [ 34.11294, 3.21659 ], [ 34.06489, 3.19204 ] ] ] } },
{ "type": "Feature", "properties": { "pop": 423.0 }, "geometry": { "type": "Polygon", "coordinates": [ [ [ 34.06424, 3.33836 ], [ 34.01598, 3.36259 ], [ 34.01577, 3.41138 ], [ 34.06381, 3.43593 ], [ 34.11208, 3.4117 ], [ 34.11229, 3.36292 ], [ 34.06424, 3.33836 ] ] ] } },
{ "type": "Feature", "properties": { "pop": 8248.0 }, "geometry": { "type": "Polygon", "coordinates": [ [ [ 34.0636, 3.48472 ], [ 34.01534, 3.50896 ], [ 34.01513, 3.55775 ], [ 34.06317, 3.58231 ], [ 34.11143, 3.55808 ], [ 34.11164, 3.50928 ], [ 34.0636, 3.48472 ] ] ] } },
{ "type": "Feature", "properties": { "pop": 6365.0 }, "geometry": { "type": "Polygon", "coordinates": [ [ [ 34.06296, 3.63111 ], [ 34.0147, 3.65535 ], [ 34.01449, 3.70416 ], [ 34.06253, 3.72873 ], [ 34.11078, 3.70449 ], [ 34.111, 3.65568 ], [ 34.06296, 3.63111 ] ] ] } },
{ "type": "Feature", "properties": { "pop": 157.0 }, "geometry": { "type": "Polygon", "coordinates": [ [ [ 34.06231, 3.77754 ], [ 34.01406, 3.80178 ], [ 34.01385, 3.8506 ], [ 34.06188, 3.87517 ], [ 34.11014, 3.85093 ], [ 34.11035, 3.80211 ], [ 34.06231, 3.77754 ] ] ] } },
{ "type": "Feature", "properties": { "pop": 222.0 }, "geometry": { "type": "Polygon", "coordinates": [ [ [ 34.06167, 3.924 ], [ 34.01342, 3.94825 ], [ 34.01321, 3.99708 ], [ 34.06124, 4.02166 ], [ 34.10949, 3.9974 ], [ 34.1097, 3.94857 ], [ 34.06167, 3.924 ] ] ] } },
{ "type": "Feature", "properties": { "pop": 650.0 }, "geometry": { "type": "Polygon", "coordinates": [ [ [ 34.06103, 4.07049 ], [ 34.01278, 4.09475 ], [ 34.01257, 4.14359 ], [ 34.0606, 4.16818 ], [ 34.10884, 4.14392 ], [ 34.10906, 4.09507 ], [ 34.06103, 4.07049 ] ] ] } },
{ "type": "Feature", "properties": { "pop": 14531.0 }, "geometry": { "type": "Polygon", "coordinates": [ [ [ 34.12568, 0.34381 ], [ 34.07735, 0.36796 ], [ 34.07713, 0.41659 ], [ 34.12525, 0.44107 ], [ 34.17358, 0.41692 ], [ 34.1738, 0.36829 ], [ 34.12568, 0.34381 ] ] ] } },
{ "type": "Feature", "properties": { "pop": 23241.0 }, "geometry": { "type": "Polygon", "coordinates": [ [ [ 34.12503, 0.4897 ], [ 34.0767, 0.51386 ], [ 34.07649, 0.56249 ], [ 34.1246, 0.58698 ], [ 34.17293, 0.56282 ], [ 34.17315, 0.51418 ], [ 34.12503, 0.4897 ] ] ] } },
{ "type": "Feature", "properties": { "pop": 57959.0 }, "geometry": { "type": "Polygon", "coordinates": [ [ [ 34.12438, 0.63561 ], [ 34.07606, 0.65977 ], [ 34.07584, 0.70841 ], [ 34.12395, 0.7329 ], [ 34.17228, 0.70874 ], [ 34.17249, 0.6601 ], [ 34.12438, 0.63561 ] ] ] } },
{ "type": "Feature", "properties": { "pop": 47006.0 }, "geometry": { "type": "Polygon", "coordinates": [ [ [ 34.12373, 0.78154 ], [ 34.07541, 0.8057 ], [ 34.0752, 0.85434 ], [ 34.1233, 0.87883 ], [ 34.17162, 0.85467 ], [ 34.17184, 0.80602 ], [ 34.12373, 0.78154 ] ] ] } },
{ "type": "Feature", "properties": { "pop": 59166.0 }, "geometry": { "type": "Polygon", "coordinates": [ [ [ 34.12309, 0.92748 ], [ 34.07477, 0.95164 ], [ 34.07455, 1.00029 ], [ 34.12265, 1.02478 ], [ 34.17097, 1.00062 ], [ 34.17119, 0.95197 ], [ 34.12309, 0.92748 ] ] ] } },
{ "type": "Feature", "properties": { "pop": 80207.0 }, "geometry": { "type": "Polygon", "coordinates": [ [ [ 34.12244, 1.07344 ], [ 34.07412, 1.0976 ], [ 34.07391, 1.14626 ], [ 34.12201, 1.17075 ], [ 34.17032, 1.14658 ], [ 34.17054, 1.09793 ], [ 34.12244, 1.07344 ] ] ] } },
{ "type": "Feature", "properties": { "pop": 23788.0 }, "geometry": { "type": "Polygon", "coordinates": [ [ [ 34.12179, 1.21941 ], [ 34.07348, 1.24358 ], [ 34.07326, 1.29224 ], [ 34.12136, 1.31673 ], [ 34.16967, 1.29257 ], [ 34.16989, 1.2439 ], [ 34.12179, 1.21941 ] ] ] } },
{ "type": "Feature", "properties": { "pop": 16579.0 }, "geometry": { "type": "Polygon", "coordinates": [ [ [ 34.12114, 1.3654 ], [ 34.07283, 1.38957 ], [ 34.07262, 1.43824 ], [ 34.12071, 1.46274 ], [ 34.16902, 1.43857 ], [ 34.16923, 1.3899 ], [ 34.12114, 1.3654 ] ] ] } },
{ "type": "Feature", "properties": { "pop": 12276.0 }, "geometry": { "type": "Polygon", "coordinates": [ [ [ 34.12049, 1.51141 ], [ 34.07219, 1.53559 ], [ 34.07197, 1.58426 ], [ 34.12006, 1.60876 ], [ 34.16837, 1.58459 ], [ 34.16858, 1.53591 ], [ 34.12049, 1.51141 ] ] ] } },
{ "type": "Feature", "properties": { "pop": 10865.0 }, "geometry": { "type": "Polygon", "coordinates": [ [ [ 34.11984, 1.65744 ], [ 34.07154, 1.68162 ], [ 34.07133, 1.7303 ], [ 34.11941, 1.75481 ], [ 34.16771, 1.73063 ], [ 34.16793, 1.68195 ], [ 34.11984, 1.65744 ] ] ] } },
{ "type": "Feature", "properties": { "pop": 4514.0 }, "geometry": { "type": "Polygon", "coordinates": [ [ [ 34.1192, 1.80349 ], [ 34.0709, 1.82767 ], [ 34.07068, 1.87636 ], [ 34.11876, 1.90087 ], [ 34.16706, 1.87669 ], [ 34.16728, 1.828 ], [ 34.1192, 1.80349 ] ] ] } },
{ "type": "Feature", "properties": { "pop": 8776.0 }, "geometry": { "type": "Polygon", "coordinates": [ [ [ 34.11855, 1.94957 ], [ 34.07025, 1.97375 ], [ 34.07004, 2.02245 ], [ 34.11812, 2.04696 ], [ 34.16641, 2.02278 ], [ 34.16663, 1.97408 ], [ 34.11855, 1.94957 ] ] ] } },
{ "type": "Feature", "properties": { "pop": 2190.0 }, "geometry": { "type": "Polygon", "coordinates": [ [ [ 34.1179, 2.09566 ], [ 34.06961, 2.11985 ], [ 34.06939, 2.16856 ], [ 34.11747, 2.19307 ], [ 34.16576, 2.16888 ], [ 34.16598, 2.12018 ], [ 34.1179, 2.09566 ] ] ] } },
{ "type": "Feature", "properties": { "pop": 914.0 }, "geometry": { "type": "Polygon", "coordinates": [ [ [ 34.11725, 2.24178 ], [ 34.06896, 2.26597 ], [ 34.06875, 2.31469 ], [ 34.11682, 2.33921 ], [ 34.16511, 2.31502 ], [ 34.16533, 2.2663 ], [ 34.11725, 2.24178 ] ] ] } },
{ "type": "Feature", "properties": { "pop": 820.0 }, "geometry": { "type": "Polygon", "coordinates": [ [ [ 34.11661, 2.38793 ], [ 34.06832, 2.41212 ], [ 34.06811, 2.46085 ], [ 34.11617, 2.48537 ], [ 34.16446, 2.46117 ], [ 34.16468, 2.41245 ], [ 34.11661, 2.38793 ] ] ] } },
{ "type": "Feature", "properties": { "pop": 751.0 }, "geometry": { "type": "Polygon", "coordinates": [ [ [ 34.11596, 2.5341 ], [ 34.06768, 2.5583 ], [ 34.06746, 2.60703 ], [ 34.11553, 2.63156 ], [ 34.16381, 2.60736 ], [ 34.16402, 2.55862 ], [ 34.11596, 2.5341 ] ] ] } },
{ "type": "Feature", "properties": { "pop": 1118.0 }, "geometry": { "type": "Polygon", "coordinates": [ [ [ 34.11531, 2.68029 ], [ 34.06703, 2.7045 ], [ 34.06682, 2.75324 ], [ 34.11488, 2.77777 ], [ 34.16316, 2.75357 ], [ 34.16337, 2.70483 ], [ 34.11531, 2.68029 ] ] ] } },
{ "type": "Feature", "properties": { "pop": 6317.0 }, "geometry": { "type": "Polygon", "coordinates": [ [ [ 34.11466, 2.82652 ], [ 34.06639, 2.85073 ], [ 34.06617, 2.89948 ], [ 34.11423, 2.92401 ], [ 34.16251, 2.8998 ], [ 34.16272, 2.85105 ], [ 34.11466, 2.82652 ] ] ] } },
{ "type": "Feature", "properties": { "pop": 31691.0 }, "geometry": { "type": "Polygon", "coordinates": [ [ [ 34.11402, 2.97277 ], [ 34.06575, 2.99698 ], [ 34.06553, 3.04574 ], [ 34.11358, 3.07029 ], [ 34.16186, 3.04607 ], [ 34.16207, 2.99731 ], [ 34.11402, 2.97277 ] ] ] } },
{ "type": "Feature", "properties": { "pop": 6432.0 }, "geometry": { "type": "Polygon", "coordinates": [ [ [ 34.11337, 3.11905 ], [ 34.0651, 3.14327 ], [ 34.06489, 3.19204 ], [ 34.11294, 3.21659 ], [ 34.1612, 3.19237 ], [ 34.16142, 3.1436 ], [ 34.11337, 3.11905 ] ] ] } },
{ "type": "Feature", "properties": { "pop": 965.0 }, "geometry": { "type": "Polygon", "coordinates": [ [ [ 34.11272, 3.26536 ], [ 34.06446, 3.28959 ], [ 34.06424, 3.33836 ], [ 34.11229, 3.36292 ], [ 34.16055, 3.33869 ], [ 34.16077, 3.28991 ], [ 34.11272, 3.26536 ] ] ] } },
{ "type": "Feature", "properties": { "pop": 6653.0 }, "geometry": { "type": "Polygon", "coordinates": [ [ [ 34.11208, 3.4117 ], [ 34.06381, 3.43593 ], [ 34.0636, 3.48472 ], [ 34.11164, 3.50928 ], [ 34.1599, 3.48505 ], [ 34.16012, 3.43626 ], [ 34.11208, 3.4117 ] ] ] } },
{ "type": "Feature", "properties": { "pop": 10202.0 }, "geometry": { "type": "Polygon", "coordinates": [ [ [ 34.11143, 3.55808 ], [ 34.06317, 3.58231 ], [ 34.06296, 3.63111 ], [ 34.111, 3.65568 ], [ 34.15925, 3.63144 ], [ 34.15947, 3.58264 ], [ 34.11143, 3.55808 ] ] ] } },
{ "type": "Feature", "properties": { "pop": 336.0 }, "geometry": { "type": "Polygon", "coordinates": [ [ [ 34.11078, 3.70449 ], [ 34.06253, 3.72873 ], [ 34.06231, 3.77754 ], [ 34.11035, 3.80211 ], [ 34.1586, 3.77787 ], [ 34.15882, 3.72905 ], [ 34.11078, 3.70449 ] ] ] } },
{ "type": "Feature", "properties": { "pop": 85.0 }, "geometry": { "type": "Polygon", "coordinates": [ [ [ 34.11014, 3.85093 ], [ 34.06188, 3.87517 ], [ 34.06167, 3.924 ], [ 34.1097, 3.94857 ], [ 34.15795, 3.92433 ], [ 34.15817, 3.8755 ], [ 34.11014, 3.85093 ] ] ] } },
{ "type": "Feature", "properties": { "pop": 212.0 }, "geometry": { "type": "Polygon", "coordinates": [ [ [ 34.10949, 3.9974 ], [ 34.06124, 4.02166 ], [ 34.06103, 4.07049 ], [ 34.10906, 4.09507 ], [ 34.1573, 4.07082 ], [ 34.15752, 4.02198 ], [ 34.10949, 3.9974 ] ] ] } },
{ "type": "Feature", "properties": { "pop": 20167.0 }, "geometry": { "type": "Polygon", "coordinates": [ [ [ 34.17293, 0.56282 ], [ 34.1246, 0.58698 ], [ 34.12438, 0.63561 ], [ 34.17249, 0.6601 ], [ 34.22082, 0.63594 ], [ 34.22104, 0.5873 ], [ 34.17293, 0.56282 ] ] ] } },
{ "type": "Feature", "properties": { "pop": 53160.0 }, "geometry": { "type": "Polygon", "coordinates": [ [ [ 34.17228, 0.70874 ], [ 34.12395, 0.7329 ], [ 34.12373, 0.78154 ], [ 34.17184, 0.80602 ], [ 34.22017, 0.78187 ], [ 34.22038, 0.73322 ], [ 34.17228, 0.70874 ] ] ] } },
{ "type": "Feature", "properties": { "pop": 49940.0 }, "geometry": { "type": "Polygon", "coordinates": [ [ [ 34.17162, 0.85467 ], [ 34.1233, 0.87883 ], [ 34.12309, 0.92748 ], [ 34.17119, 0.95197 ], [ 34.21951, 0.92781 ], [ 34.21973, 0.87916 ], [ 34.17162, 0.85467 ] ] ] } },
{ "type": "Feature", "properties": { "pop": 198253.0 }, "geometry": { "type": "Polygon", "coordinates": [ [ [ 34.17097, 1.00062 ], [ 34.12265, 1.02478 ], [ 34.12244, 1.07344 ], [ 34.17054, 1.09793 ], [ 34.21885, 1.07376 ], [ 34.21907, 1.02511 ], [ 34.17097, 1.00062 ] ] ] } },
{ "type": "Feature", "properties": { "pop": 56156.0 }, "geometry": { "type": "Polygon", "coordinates": [ [ [ 34.17032, 1.14658 ], [ 34.12201, 1.17075 ], [ 34.12179, 1.21941 ], [ 34.16989, 1.2439 ], [ 34.2182, 1.21974 ], [ 34.21842, 1.17108 ], [ 34.17032, 1.14658 ] ] ] } },
{ "type": "Feature", "properties": { "pop": 11680.0 }, "geometry": { "type": "Polygon", "coordinates": [ [ [ 34.16967, 1.29257 ], [ 34.12136, 1.31673 ], [ 34.12114, 1.3654 ], [ 34.16923, 1.3899 ], [ 34.21754, 1.36573 ], [ 34.21776, 1.31706 ], [ 34.16967, 1.29257 ] ] ] } },
{ "type": "Feature", "properties": { "pop": 11033.0 }, "geometry": { "type": "Polygon", "coordinates": [ [ [ 34.16902, 1.43857 ], [ 34.12071, 1.46274 ], [ 34.12049, 1.51141 ], [ 34.16858, 1.53591 ], [ 34.21689, 1.51174 ], [ 34.21711, 1.46307 ], [ 34.16902, 1.43857 ] ] ] } },
{ "type": "Feature", "properties": { "pop": 2691.0 }, "geometry": { "type": "Polygon", "coordinates": [ [ [ 34.16837, 1.58459 ], [ 34.12006, 1.60876 ], [ 34.11984, 1.65744 ], [ 34.16793, 1.68195 ], [ 34.21623, 1.65777 ], [ 34.21645, 1.60909 ], [ 34.16837, 1.58459 ] ] ] } },
{ "type": "Feature", "properties": { "pop": 3850.0 }, "geometry": { "type": "Polygon", "coordinates": [ [ [ 34.16771, 1.73063 ], [ 34.11941, 1.75481 ], [ 34.1192, 1.80349 ], [ 34.16728, 1.828 ], [ 34.21558, 1.80382 ], [ 34.2158, 1.75514 ], [ 34.16771, 1.73063 ] ] ] } },
{ "type": "Feature", "properties": { "pop": 3937.0 }, "geometry": { "type": "Polygon", "coordinates": [ [ [ 34.16706, 1.87669 ], [ 34.11876, 1.90087 ], [ 34.11855, 1.94957 ], [ 34.16663, 1.97408 ], [ 34.21492, 1.9499 ], [ 34.21514, 1.9012 ], [ 34.16706, 1.87669 ] ] ] } },
{ "type": "Feature", "properties": { "pop": 2265.0 }, "geometry": { "type": "Polygon", "coordinates": [ [ [ 34.16641, 2.02278 ], [ 34.11812, 2.04696 ], [ 34.1179, 2.09566 ], [ 34.16598, 2.12018 ], [ 34.21427, 2.09599 ], [ 34.21449, 2.04729 ], [ 34.16641, 2.02278 ] ] ] } },
{ "type": "Feature", "properties": { "pop": 3997.0 }, "geometry": { "type": "Polygon", "coordinates": [ [ [ 34.16576, 2.16888 ], [ 34.11747, 2.19307 ], [ 34.11725, 2.24178 ], [ 34.16533, 2.2663 ], [ 34.21362, 2.24211 ], [ 34.21383, 2.1934 ], [ 34.16576, 2.16888 ] ] ] } },
{ "type": "Feature", "properties": { "pop": 894.0 }, "geometry": { "type": "Polygon", "coordinates": [ [ [ 34.16511, 2.31502 ], [ 34.11682, 2.33921 ], [ 34.11661, 2.38793 ], [ 34.16468, 2.41245 ], [ 34.21296, 2.38826 ], [ 34.21318, 2.33954 ], [ 34.16511, 2.31502 ] ] ] } },
{ "type": "Feature", "properties": { "pop": 1055.0 }, "geometry": { "type": "Polygon", "coordinates": [ [ [ 34.16446, 2.46117 ], [ 34.11617, 2.48537 ], [ 34.11596, 2.5341 ], [ 34.16402, 2.55862 ], [ 34.21231, 2.53443 ], [ 34.21253, 2.4857 ], [ 34.16446, 2.46117 ] ] ] } },
{ "type": "Feature", "properties": { "pop": 842.0 }, "geometry": { "type": "Polygon", "coordinates": [ [ [ 34.16381, 2.60736 ], [ 34.11553, 2.63156 ], [ 34.11531, 2.68029 ], [ 34.16337, 2.70483 ], [ 34.21165, 2.68062 ], [ 34.21187, 2.63189 ], [ 34.16381, 2.60736 ] ] ] } },
{ "type": "Feature", "properties": { "pop": 2906.0 }, "geometry": { "type": "Polygon", "coordinates": [ [ [ 34.16316, 2.75357 ], [ 34.11488, 2.77777 ], [ 34.11466, 2.82652 ], [ 34.16272, 2.85105 ], [ 34.211, 2.82685 ], [ 34.21122, 2.7781 ], [ 34.16316, 2.75357 ] ] ] } },
{ "type": "Feature", "properties": { "pop": 14676.0 }, "geometry": { "type": "Polygon", "coordinates": [ [ [ 34.16251, 2.8998 ], [ 34.11423, 2.92401 ], [ 34.11402, 2.97277 ], [ 34.16207, 2.99731 ], [ 34.21034, 2.9731 ], [ 34.21056, 2.92434 ], [ 34.16251, 2.8998 ] ] ] } },
{ "type": "Feature", "properties": { "pop": 5607.0 }, "geometry": { "type": "Polygon", "coordinates": [ [ [ 34.16186, 3.04607 ], [ 34.11358, 3.07029 ], [ 34.11337, 3.11905 ], [ 34.16142, 3.1436 ], [ 34.20969, 3.11938 ], [ 34.20991, 3.07062 ], [ 34.16186, 3.04607 ] ] ] } },
{ "type": "Feature", "properties": { "pop": 423.0 }, "geometry": { "type": "Polygon", "coordinates": [ [ [ 34.1612, 3.19237 ], [ 34.11294, 3.21659 ], [ 34.11272, 3.26536 ], [ 34.16077, 3.28991 ], [ 34.20904, 3.26569 ], [ 34.20925, 3.21692 ], [ 34.1612, 3.19237 ] ] ] } },
{ "type": "Feature", "properties": { "pop": 4896.0 }, "geometry": { "type": "Polygon", "coordinates": [ [ [ 34.16055, 3.33869 ], [ 34.11229, 3.36292 ], [ 34.11208, 3.4117 ], [ 34.16012, 3.43626 ], [ 34.20838, 3.41203 ], [ 34.2086, 3.36325 ], [ 34.16055, 3.33869 ] ] ] } },
{ "type": "Feature", "properties": { "pop": 20047.0 }, "geometry": { "type": "Polygon", "coordinates": [ [ [ 34.1599, 3.48505 ], [ 34.11164, 3.50928 ], [ 34.11143, 3.55808 ], [ 34.15947, 3.58264 ], [ 34.20773, 3.55841 ], [ 34.20795, 3.50961 ], [ 34.1599, 3.48505 ] ] ] } },
{ "type": "Feature", "properties": { "pop": 14144.0 }, "geometry": { "type": "Polygon", "coordinates": [ [ [ 34.15925, 3.63144 ], [ 34.111, 3.65568 ], [ 34.11078, 3.70449 ], [ 34.15882, 3.72905 ], [ 34.20708, 3.70482 ], [ 34.20729, 3.65601 ], [ 34.15925, 3.63144 ] ] ] } },
{ "type": "Feature", "properties": { "pop": 140.0 }, "geometry": { "type": "Polygon", "coordinates": [ [ [ 34.1586, 3.77787 ], [ 34.11035, 3.80211 ], [ 34.11014, 3.85093 ], [ 34.15817, 3.8755 ], [ 34.20642, 3.85126 ], [ 34.20664, 3.80244 ], [ 34.1586, 3.77787 ] ] ] } },
{ "type": "Feature", "properties": { "pop": 22.0 }, "geometry": { "type": "Polygon", "coordinates": [ [ [ 34.15795, 3.92433 ], [ 34.1097, 3.94857 ], [ 34.10949, 3.9974 ], [ 34.15752, 4.02198 ], [ 34.20577, 3.99773 ], [ 34.20599, 3.9489 ], [ 34.15795, 3.92433 ] ] ] } },
{ "type": "Feature", "properties": { "pop": 68646.0 }, "geometry": { "type": "Polygon", "coordinates": [ [ [ 34.22082, 0.63594 ], [ 34.17249, 0.6601 ], [ 34.17228, 0.70874 ], [ 34.22038, 0.73322 ], [ 34.26871, 0.70907 ], [ 34.26893, 0.66043 ], [ 34.22082, 0.63594 ] ] ] } },
{ "type": "Feature", "properties": { "pop": 51153.0 }, "geometry": { "type": "Polygon", "coordinates": [ [ [ 34.22017, 0.78187 ], [ 34.17184, 0.80602 ], [ 34.17162, 0.85467 ], [ 34.21973, 0.87916 ], [ 34.26805, 0.855 ], [ 34.26827, 0.80636 ], [ 34.22017, 0.78187 ] ] ] } },
{ "type": "Feature", "properties": { "pop": 63089.0 }, "geometry": { "type": "Polygon", "coordinates": [ [ [ 34.21951, 0.92781 ], [ 34.17119, 0.95197 ], [ 34.17097, 1.00062 ], [ 34.21907, 1.02511 ], [ 34.26739, 1.00095 ], [ 34.26761, 0.9523 ], [ 34.21951, 0.92781 ] ] ] } },
{ "type": "Feature", "properties": { "pop": 121669.0 }, "geometry": { "type": "Polygon", "coordinates": [ [ [ 34.21885, 1.07376 ], [ 34.17054, 1.09793 ], [ 34.17032, 1.14658 ], [ 34.21842, 1.17108 ], [ 34.26673, 1.14691 ], [ 34.26695, 1.09826 ], [ 34.21885, 1.07376 ] ] ] } },
{ "type": "Feature", "properties": { "pop": 38372.0 }, "geometry": { "type": "Polygon", "coordinates": [ [ [ 34.2182, 1.21974 ], [ 34.16989, 1.2439 ], [ 34.16967, 1.29257 ], [ 34.21776, 1.31706 ], [ 34.26608, 1.2929 ], [ 34.26629, 1.24423 ], [ 34.2182, 1.21974 ] ] ] } },
{ "type": "Feature", "properties": { "pop": 8061.0 }, "geometry": { "type": "Polygon", "coordinates": [ [ [ 34.21754, 1.36573 ], [ 34.16923, 1.3899 ], [ 34.16902, 1.43857 ], [ 34.21711, 1.46307 ], [ 34.26542, 1.4389 ], [ 34.26564, 1.39023 ], [ 34.21754, 1.36573 ] ] ] } },
{ "type": "Feature", "properties": { "pop": 3051.0 }, "geometry": { "type": "Polygon", "coordinates": [ [ [ 34.21689, 1.51174 ], [ 34.16858, 1.53591 ], [ 34.16837, 1.58459 ], [ 34.21645, 1.60909 ], [ 34.26476, 1.58492 ], [ 34.26498, 1.53624 ], [ 34.21689, 1.51174 ] ] ] } },
{ "type": "Feature", "properties": { "pop": 2047.0 }, "geometry": { "type": "Polygon", "coordinates": [ [ [ 34.21623, 1.65777 ], [ 34.16793, 1.68195 ], [ 34.16771, 1.73063 ], [ 34.2158, 1.75514 ], [ 34.2641, 1.73096 ], [ 34.26432, 1.68228 ], [ 34.21623, 1.65777 ] ] ] } },
{ "type": "Feature", "properties": { "pop": 2465.0 }, "geometry": { "type": "Polygon", "coordinates": [ [ [ 34.21558, 1.80382 ], [ 34.16728, 1.828 ], [ 34.16706, 1.87669 ], [ 34.21514, 1.9012 ], [ 34.26344, 1.87702 ], [ 34.26366, 1.82833 ], [ 34.21558, 1.80382 ] ] ] } },
{ "type": "Feature", "properties": { "pop": 2411.0 }, "geometry": { "type": "Polygon", "coordinates": [ [ [ 34.21492, 1.9499 ], [ 34.16663, 1.97408 ], [ 34.16641, 2.02278 ], [ 34.21449, 2.04729 ], [ 34.26278, 2.02311 ], [ 34.263, 1.97441 ], [ 34.21492, 1.9499 ] ] ] } },
{ "type": "Feature", "properties": { "pop": 8355.0 }, "geometry": { "type": "Polygon", "coordinates": [ [ [ 34.21427, 2.09599 ], [ 34.16598, 2.12018 ], [ 34.16576, 2.16888 ], [ 34.21383, 2.1934 ], [ 34.26213, 2.16921 ], [ 34.26235, 2.12051 ], [ 34.21427, 2.09599 ] ] ] } },
{ "type": "Feature", "properties": { "pop": 4427.0 }, "geometry": { "type": "Polygon", "coordinates": [ [ [ 34.21362, 2.24211 ], [ 34.16533, 2.2663 ], [ 34.16511, 2.31502 ], [ 34.21318, 2.33954 ], [ 34.26147, 2.31535 ], [ 34.26169, 2.26663 ], [ 34.21362, 2.24211 ] ] ] } },
{ "type": "Feature", "properties": { "pop": 951.0 }, "geometry": { "type": "Polygon", "coordinates": [ [ [ 34.21296, 2.38826 ], [ 34.16468, 2.41245 ], [ 34.16446, 2.46117 ], [ 34.21253, 2.4857 ], [ 34.26081, 2.4615 ], [ 34.26103, 2.41278 ], [ 34.21296, 2.38826 ] ] ] } },
{ "type": "Feature", "properties": { "pop": 895.0 }, "geometry": { "type": "Polygon", "coordinates": [ [ [ 34.21231, 2.53443 ], [ 34.16402, 2.55862 ], [ 34.16381, 2.60736 ], [ 34.21187, 2.63189 ], [ 34.26015, 2.60769 ], [ 34.26037, 2.55896 ], [ 34.21231, 2.53443 ] ] ] } },
{ "type": "Feature", "properties": { "pop": 1685.0 }, "geometry": { "type": "Polygon", "coordinates": [ [ [ 34.21165, 2.68062 ], [ 34.16337, 2.70483 ], [ 34.16316, 2.75357 ], [ 34.21122, 2.7781 ], [ 34.25949, 2.7539 ], [ 34.25971, 2.70516 ], [ 34.21165, 2.68062 ] ] ] } },
{ "type": "Feature", "properties": { "pop": 4632.0 }, "geometry": { "type": "Polygon", "coordinates": [ [ [ 34.211, 2.82685 ], [ 34.16272, 2.85105 ], [ 34.16251, 2.8998 ], [ 34.21056, 2.92434 ], [ 34.25884, 2.90013 ], [ 34.25906, 2.85138 ], [ 34.211, 2.82685 ] ] ] } },
{ "type": "Feature", "properties": { "pop": 12361.0 }, "geometry": { "type": "Polygon", "coordinates": [ [ [ 34.21034, 2.9731 ], [ 34.16207, 2.99731 ], [ 34.16186, 3.04607 ], [ 34.20991, 3.07062 ], [ 34.25818, 3.0464 ], [ 34.2584, 2.99764 ], [ 34.21034, 2.9731 ] ] ] } },
{ "type": "Feature", "properties": { "pop": 897.0 }, "geometry": { "type": "Polygon", "coordinates": [ [ [ 34.20969, 3.11938 ], [ 34.16142, 3.1436 ], [ 34.1612, 3.19237 ], [ 34.20925, 3.21692 ], [ 34.25752, 3.1927 ], [ 34.25774, 3.14393 ], [ 34.20969, 3.11938 ] ] ] } },
{ "type": "Feature", "properties": { "pop": 542.0 }, "geometry": { "type": "Polygon", "coordinates": [ [ [ 34.20904, 3.26569 ], [ 34.16077, 3.28991 ], [ 34.16055, 3.33869 ], [ 34.2086, 3.36325 ], [ 34.25687, 3.33902 ], [ 34.25708, 3.29024 ], [ 34.20904, 3.26569 ] ] ] } },
{ "type": "Feature", "properties": { "pop": 2761.0 }, "geometry": { "type": "Polygon", "coordinates": [ [ [ 34.20838, 3.41203 ], [ 34.16012, 3.43626 ], [ 34.1599, 3.48505 ], [ 34.20795, 3.50961 ], [ 34.25621, 3.48538 ], [ 34.25643, 3.43659 ], [ 34.20838, 3.41203 ] ] ] } },
{ "type": "Feature", "properties": { "pop": 5130.0 }, "geometry": { "type": "Polygon", "coordinates": [ [ [ 34.20773, 3.55841 ], [ 34.15947, 3.58264 ], [ 34.15925, 3.63144 ], [ 34.20729, 3.65601 ], [ 34.25555, 3.63177 ], [ 34.25577, 3.58297 ], [ 34.20773, 3.55841 ] ] ] } },
{ "type": "Feature", "properties": { "pop": 385.0 }, "geometry": { "type": "Polygon", "coordinates": [ [ [ 34.20708, 3.70482 ], [ 34.15882, 3.72905 ], [ 34.1586, 3.77787 ], [ 34.20664, 3.80244 ], [ 34.25489, 3.7782 ], [ 34.25511, 3.72939 ], [ 34.20708, 3.70482 ] ] ] } },
{ "type": "Feature", "properties": { "pop": 28.0 }, "geometry": { "type": "Polygon", "coordinates": [ [ [ 34.20642, 3.85126 ], [ 34.15817, 3.8755 ], [ 34.15795, 3.92433 ], [ 34.20599, 3.9489 ], [ 34.25424, 3.92466 ], [ 34.25446, 3.87583 ], [ 34.20642, 3.85126 ] ] ] } },
{ "type": "Feature", "properties": { "pop": 10959.0 }, "geometry": { "type": "Polygon", "coordinates": [ [ [ 34.26937, 0.56315 ], [ 34.22104, 0.5873 ], [ 34.22082, 0.63594 ], [ 34.26893, 0.66043 ], [ 34.31726, 0.63627 ], [ 34.31748, 0.58764 ], [ 34.26937, 0.56315 ] ] ] } },
{ "type": "Feature", "properties": { "pop": 45936.0 }, "geometry": { "type": "Polygon", "coordinates": [ [ [ 34.26871, 0.70907 ], [ 34.22038, 0.73322 ], [ 34.22017, 0.78187 ], [ 34.26827, 0.80636 ], [ 34.3166, 0.7822 ], [ 34.31682, 0.73356 ], [ 34.26871, 0.70907 ] ] ] } },
{ "type": "Feature", "properties": { "pop": 65702.0 }, "geometry": { "type": "Polygon", "coordinates": [ [ [ 34.26805, 0.855 ], [ 34.21973, 0.87916 ], [ 34.21951, 0.92781 ], [ 34.26761, 0.9523 ], [ 34.31593, 0.92814 ], [ 34.31615, 0.87949 ], [ 34.26805, 0.855 ] ] ] } },
{ "type": "Feature", "properties": { "pop": 87232.0 }, "geometry": { "type": "Polygon", "coordinates": [ [ [ 34.26739, 1.00095 ], [ 34.21907, 1.02511 ], [ 34.21885, 1.07376 ], [ 34.26695, 1.09826 ], [ 34.31527, 1.0741 ], [ 34.31549, 1.02544 ], [ 34.26739, 1.00095 ] ] ] } },
{ "type": "Feature", "properties": { "pop": 58969.0 }, "geometry": { "type": "Polygon", "coordinates": [ [ [ 34.26673, 1.14691 ], [ 34.21842, 1.17108 ], [ 34.2182, 1.21974 ], [ 34.26629, 1.24423 ], [ 34.31461, 1.22007 ], [ 34.31483, 1.17141 ], [ 34.26673, 1.14691 ] ] ] } },
{ "type": "Feature", "properties": { "pop": 46224.0 }, "geometry": { "type": "Polygon", "coordinates": [ [ [ 34.26608, 1.2929 ], [ 34.21776, 1.31706 ], [ 34.21754, 1.36573 ], [ 34.26564, 1.39023 ], [ 34.31395, 1.36606 ], [ 34.31417, 1.3174 ], [ 34.26608, 1.2929 ] ] ] } },
{ "type": "Feature", "properties": { "pop": 3113.0 }, "geometry": { "type": "Polygon", "coordinates": [ [ [ 34.26542, 1.4389 ], [ 34.21711, 1.46307 ], [ 34.21689, 1.51174 ], [ 34.26498, 1.53624 ], [ 34.31329, 1.51207 ], [ 34.31351, 1.4634 ], [ 34.26542, 1.4389 ] ] ] } },
{ "type": "Feature", "properties": { "pop": 1875.0 }, "geometry": { "type": "Polygon", "coordinates": [ [ [ 34.26476, 1.58492 ], [ 34.21645, 1.60909 ], [ 34.21623, 1.65777 ], [ 34.26432, 1.68228 ], [ 34.31262, 1.6581 ], [ 34.31284, 1.60942 ], [ 34.26476, 1.58492 ] ] ] } },
{ "type": "Feature", "properties": { "pop": 2482.0 }, "geometry": { "type": "Polygon", "coordinates": [ [ [ 34.2641, 1.73096 ], [ 34.2158, 1.75514 ], [ 34.21558, 1.80382 ], [ 34.26366, 1.82833 ], [ 34.31196, 1.80416 ], [ 34.31218, 1.75547 ], [ 34.2641, 1.73096 ] ] ] } },
{ "type": "Feature", "properties": { "pop": 2670.0 }, "geometry": { "type": "Polygon", "coordinates": [ [ [ 34.26344, 1.87702 ], [ 34.21514, 1.9012 ], [ 34.21492, 1.9499 ], [ 34.263, 1.97441 ], [ 34.3113, 1.95023 ], [ 34.31152, 1.90153 ], [ 34.26344, 1.87702 ] ] ] } },
{ "type": "Feature", "properties": { "pop": 7940.0 }, "geometry": { "type": "Polygon", "coordinates": [ [ [ 34.26278, 2.02311 ], [ 34.21449, 2.04729 ], [ 34.21427, 2.09599 ], [ 34.26235, 2.12051 ], [ 34.31064, 2.09632 ], [ 34.31086, 2.04762 ], [ 34.26278, 2.02311 ] ] ] } },
{ "type": "Feature", "properties": { "pop": 6034.0 }, "geometry": { "type": "Polygon", "coordinates": [ [ [ 34.26213, 2.16921 ], [ 34.21383, 2.1934 ], [ 34.21362, 2.24211 ], [ 34.26169, 2.26663 ], [ 34.30998, 2.24244 ], [ 34.3102, 2.19374 ], [ 34.26213, 2.16921 ] ] ] } },
{ "type": "Feature", "properties": { "pop": 1125.0 }, "geometry": { "type": "Polygon", "coordinates": [ [ [ 34.26147, 2.31535 ], [ 34.21318, 2.33954 ], [ 34.21296, 2.38826 ], [ 34.26103, 2.41278 ], [ 34.30932, 2.38859 ], [ 34.30954, 2.33987 ], [ 34.26147, 2.31535 ] ] ] } },
{ "type": "Feature", "properties": { "pop": 1523.0 }, "geometry": { "type": "Polygon", "coordinates": [ [ [ 34.26081, 2.4615 ], [ 34.21253, 2.4857 ], [ 34.21231, 2.53443 ], [ 34.26037, 2.55896 ], [ 34.30866, 2.53476 ], [ 34.30888, 2.48603 ], [ 34.26081, 2.4615 ] ] ] } },
{ "type": "Feature", "properties": { "pop": 1135.0 }, "geometry": { "type": "Polygon", "coordinates": [ [ [ 34.26015, 2.60769 ], [ 34.21187, 2.63189 ], [ 34.21165, 2.68062 ], [ 34.25971, 2.70516 ], [ 34.30799, 2.68095 ], [ 34.30821, 2.63222 ], [ 34.26015, 2.60769 ] ] ] } },
{ "type": "Feature", "properties": { "pop": 2870.0 }, "geometry": { "type": "Polygon", "coordinates": [ [ [ 34.25949, 2.7539 ], [ 34.21122, 2.7781 ], [ 34.211, 2.82685 ], [ 34.25906, 2.85138 ], [ 34.30733, 2.82718 ], [ 34.30755, 2.77843 ], [ 34.25949, 2.7539 ] ] ] } },
{ "type": "Feature", "properties": { "pop": 5662.0 }, "geometry": { "type": "Polygon", "coordinates": [ [ [ 34.25884, 2.90013 ], [ 34.21056, 2.92434 ], [ 34.21034, 2.9731 ], [ 34.2584, 2.99764 ], [ 34.30667, 2.97343 ], [ 34.30689, 2.92468 ], [ 34.25884, 2.90013 ] ] ] } },
{ "type": "Feature", "properties": { "pop": 2671.0 }, "geometry": { "type": "Polygon", "coordinates": [ [ [ 34.25818, 3.0464 ], [ 34.20991, 3.07062 ], [ 34.20969, 3.11938 ], [ 34.25774, 3.14393 ], [ 34.30601, 3.11971 ], [ 34.30623, 3.07095 ], [ 34.25818, 3.0464 ] ] ] } },
{ "type": "Feature", "properties": { "pop": 137.0 }, "geometry": { "type": "Polygon", "coordinates": [ [ [ 34.25752, 3.1927 ], [ 34.20925, 3.21692 ], [ 34.20904, 3.26569 ], [ 34.25708, 3.29024 ], [ 34.30535, 3.26602 ], [ 34.30557, 3.21725 ], [ 34.25752, 3.1927 ] ] ] } },
{ "type": "Feature", "properties": { "pop": 410.0 }, "geometry": { "type": "Polygon", "coordinates": [ [ [ 34.25687, 3.33902 ], [ 34.2086, 3.36325 ], [ 34.20838, 3.41203 ], [ 34.25643, 3.43659 ], [ 34.30469, 3.41237 ], [ 34.30491, 3.36358 ], [ 34.25687, 3.33902 ] ] ] } },
{ "type": "Feature", "properties": { "pop": 737.0 }, "geometry": { "type": "Polygon", "coordinates": [ [ [ 34.25621, 3.48538 ], [ 34.20795, 3.50961 ], [ 34.20773, 3.55841 ], [ 34.25577, 3.58297 ], [ 34.30403, 3.55874 ], [ 34.30425, 3.50995 ], [ 34.25621, 3.48538 ] ] ] } },
{ "type": "Feature", "properties": { "pop": 3167.0 }, "geometry": { "type": "Polygon", "coordinates": [ [ [ 34.25555, 3.63177 ], [ 34.20729, 3.65601 ], [ 34.20708, 3.70482 ], [ 34.25511, 3.72939 ], [ 34.30337, 3.70515 ], [ 34.30359, 3.65634 ], [ 34.25555, 3.63177 ] ] ] } },
{ "type": "Feature", "properties": { "pop": 17.0 }, "geometry": { "type": "Polygon", "coordinates": [ [ [ 34.25489, 3.7782 ], [ 34.20664, 3.80244 ], [ 34.20642, 3.85126 ], [ 34.25446, 3.87583 ], [ 34.30271, 3.85159 ], [ 34.30293, 3.80277 ], [ 34.25489, 3.7782 ] ] ] } },
{ "type": "Feature", "properties": { "pop": 7959.0 }, "geometry": { "type": "Polygon", "coordinates": [ [ [ 34.31726, 0.63627 ], [ 34.26893, 0.66043 ], [ 34.26871, 0.70907 ], [ 34.31682, 0.73356 ], [ 34.36514, 0.7094 ], [ 34.36537, 0.66076 ], [ 34.31726, 0.63627 ] ] ] } },
{ "type": "Feature", "properties": { "pop": 64666.0 }, "geometry": { "type": "Polygon", "coordinates": [ [ [ 34.3166, 0.7822 ], [ 34.26827, 0.80636 ], [ 34.26805, 0.855 ], [ 34.31615, 0.87949 ], [ 34.36448, 0.85534 ], [ 34.3647, 0.80669 ], [ 34.3166, 0.7822 ] ] ] } },
{ "type": "Feature", "properties": { "pop": 110382.0 }, "geometry": { "type": "Polygon", "coordinates": [ [ [ 34.31593, 0.92814 ], [ 34.26761, 0.9523 ], [ 34.26739, 1.00095 ], [ 34.31549, 1.02544 ], [ 34.36381, 1.00128 ], [ 34.36403, 0.95263 ], [ 34.31593, 0.92814 ] ] ] } },
{ "type": "Feature", "properties": { "pop": 67469.0 }, "geometry": { "type": "Polygon", "coordinates": [ [ [ 34.31527, 1.0741 ], [ 34.26695, 1.09826 ], [ 34.26673, 1.14691 ], [ 34.31483, 1.17141 ], [ 34.36315, 1.14725 ], [ 34.36337, 1.09859 ], [ 34.31527, 1.0741 ] ] ] } },
{ "type": "Feature", "properties": { "pop": 108515.0 }, "geometry": { "type": "Polygon", "coordinates": [ [ [ 34.31461, 1.22007 ], [ 34.26629, 1.24423 ], [ 34.26608, 1.2929 ], [ 34.31417, 1.3174 ], [ 34.36248, 1.29323 ], [ 34.3627, 1.24457 ], [ 34.31461, 1.22007 ] ] ] } },
{ "type": "Feature", "properties": { "pop": 15651.0 }, "geometry": { "type": "Polygon", "coordinates": [ [ [ 34.31395, 1.36606 ], [ 34.26564, 1.39023 ], [ 34.26542, 1.4389 ], [ 34.31351, 1.4634 ], [ 34.36182, 1.43923 ], [ 34.36204, 1.39056 ], [ 34.31395, 1.36606 ] ] ] } },
{ "type": "Feature", "properties": { "pop": 1699.0 }, "geometry": { "type": "Polygon", "coordinates": [ [ [ 34.31329, 1.51207 ], [ 34.26498, 1.53624 ], [ 34.26476, 1.58492 ], [ 34.31284, 1.60942 ], [ 34.36115, 1.58525 ], [ 34.36137, 1.53658 ], [ 34.31329, 1.51207 ] ] ] } },
{ "type": "Feature", "properties": { "pop": 1685.0 }, "geometry": { "type": "Polygon", "coordinates": [ [ [ 34.31262, 1.6581 ], [ 34.26432, 1.68228 ], [ 34.2641, 1.73096 ], [ 34.31218, 1.75547 ], [ 34.36049, 1.73129 ], [ 34.36071, 1.68261 ], [ 34.31262, 1.6581 ] ] ] } },
{ "type": "Feature", "properties": { "pop": 5540.0 }, "geometry": { "type": "Polygon", "coordinates": [ [ [ 34.31196, 1.80416 ], [ 34.26366, 1.82833 ], [ 34.26344, 1.87702 ], [ 34.31152, 1.90153 ], [ 34.35982, 1.87736 ], [ 34.36004, 1.82867 ], [ 34.31196, 1.80416 ] ] ] } },
{ "type": "Feature", "properties": { "pop": 3674.0 }, "geometry": { "type": "Polygon", "coordinates": [ [ [ 34.3113, 1.95023 ], [ 34.263, 1.97441 ], [ 34.26278, 2.02311 ], [ 34.31086, 2.04762 ], [ 34.35916, 2.02344 ], [ 34.35938, 1.97474 ], [ 34.3113, 1.95023 ] ] ] } },
{ "type": "Feature", "properties": { "pop": 4496.0 }, "geometry": { "type": "Polygon", "coordinates": [ [ [ 34.31064, 2.09632 ], [ 34.26235, 2.12051 ], [ 34.26213, 2.16921 ], [ 34.3102, 2.19374 ], [ 34.35849, 2.16955 ], [ 34.35871, 2.12084 ], [ 34.31064, 2.09632 ] ] ] } },
{ "type": "Feature", "properties": { "pop": 2915.0 }, "geometry": { "type": "Polygon", "coordinates": [ [ [ 34.30998, 2.24244 ], [ 34.26169, 2.26663 ], [ 34.26147, 2.31535 ], [ 34.30954, 2.33987 ], [ 34.35783, 2.31568 ], [ 34.35805, 2.26697 ], [ 34.30998, 2.24244 ] ] ] } },
{ "type": "Feature", "properties": { "pop": 2345.0 }, "geometry": { "type": "Polygon", "coordinates": [ [ [ 34.30932, 2.38859 ], [ 34.26103, 2.41278 ], [ 34.26081, 2.4615 ], [ 34.30888, 2.48603 ], [ 34.35716, 2.46184 ], [ 34.35738, 2.41312 ], [ 34.30932, 2.38859 ] ] ] } },
{ "type": "Feature", "properties": { "pop": 4405.0 }, "geometry": { "type": "Polygon", "coordinates": [ [ [ 34.30866, 2.53476 ], [ 34.26037, 2.55896 ], [ 34.26015, 2.60769 ], [ 34.30821, 2.63222 ], [ 34.3565, 2.60802 ], [ 34.35672, 2.55929 ], [ 34.30866, 2.53476 ] ] ] } },
{ "type": "Feature", "properties": { "pop": 1231.0 }, "geometry": { "type": "Polygon", "coordinates": [ [ [ 34.30799, 2.68095 ], [ 34.25971, 2.70516 ], [ 34.25949, 2.7539 ], [ 34.30755, 2.77843 ], [ 34.35583, 2.75423 ], [ 34.35605, 2.70549 ], [ 34.30799, 2.68095 ] ] ] } },
{ "type": "Feature", "properties": { "pop": 1139.0 }, "geometry": { "type": "Polygon", "coordinates": [ [ [ 34.30733, 2.82718 ], [ 34.25906, 2.85138 ], [ 34.25884, 2.90013 ], [ 34.30689, 2.92468 ], [ 34.35517, 2.90047 ], [ 34.35539, 2.85172 ], [ 34.30733, 2.82718 ] ] ] } },
{ "type": "Feature", "properties": { "pop": 2589.0 }, "geometry": { "type": "Polygon", "coordinates": [ [ [ 34.30667, 2.97343 ], [ 34.2584, 2.99764 ], [ 34.25818, 3.0464 ], [ 34.30623, 3.07095 ], [ 34.3545, 3.04674 ], [ 34.35473, 2.99798 ], [ 34.30667, 2.97343 ] ] ] } },
{ "type": "Feature", "properties": { "pop": 91.0 }, "geometry": { "type": "Polygon", "coordinates": [ [ [ 34.30601, 3.11971 ], [ 34.25774, 3.14393 ], [ 34.25752, 3.1927 ], [ 34.30557, 3.21725 ], [ 34.35384, 3.19303 ], [ 34.35406, 3.14426 ], [ 34.30601, 3.11971 ] ] ] } },
{ "type": "Feature", "properties": { "pop": 185.0 }, "geometry": { "type": "Polygon", "coordinates": [ [ [ 34.30535, 3.26602 ], [ 34.25708, 3.29024 ], [ 34.25687, 3.33902 ], [ 34.30491, 3.36358 ], [ 34.35318, 3.33936 ], [ 34.3534, 3.29058 ], [ 34.30535, 3.26602 ] ] ] } },
{ "type": "Feature", "properties": { "pop": 189.0 }, "geometry": { "type": "Polygon", "coordinates": [ [ [ 34.30469, 3.41237 ], [ 34.25643, 3.43659 ], [ 34.25621, 3.48538 ], [ 34.30425, 3.50995 ], [ 34.35251, 3.48572 ], [ 34.35273, 3.43693 ], [ 34.30469, 3.41237 ] ] ] } },
{ "type": "Feature", "properties": { "pop": 572.0 }, "geometry": { "type": "Polygon", "coordinates": [ [ [ 34.30403, 3.55874 ], [ 34.25577, 3.58297 ], [ 34.25555, 3.63177 ], [ 34.30359, 3.65634 ], [ 34.35185, 3.63211 ], [ 34.35207, 3.58331 ], [ 34.30403, 3.55874 ] ] ] } },
{ "type": "Feature", "properties": { "pop": 102.0 }, "geometry": { "type": "Polygon", "coordinates": [ [ [ 34.30337, 3.70515 ], [ 34.25511, 3.72939 ], [ 34.25489, 3.7782 ], [ 34.30293, 3.80277 ], [ 34.35118, 3.77853 ], [ 34.35141, 3.72972 ], [ 34.30337, 3.70515 ] ] ] } },
{ "type": "Feature", "properties": { "pop": 9065.0 }, "geometry": { "type": "Polygon", "coordinates": [ [ [ 34.36514, 0.7094 ], [ 34.31682, 0.73356 ], [ 34.3166, 0.7822 ], [ 34.3647, 0.80669 ], [ 34.41303, 0.78254 ], [ 34.41325, 0.73389 ], [ 34.36514, 0.7094 ] ] ] } },
{ "type": "Feature", "properties": { "pop": 73525.0 }, "geometry": { "type": "Polygon", "coordinates": [ [ [ 34.36448, 0.85534 ], [ 34.31615, 0.87949 ], [ 34.31593, 0.92814 ], [ 34.36403, 0.95263 ], [ 34.41236, 0.92848 ], [ 34.41258, 0.87983 ], [ 34.36448, 0.85534 ] ] ] } },
{ "type": "Feature", "properties": { "pop": 151462.0 }, "geometry": { "type": "Polygon", "coordinates": [ [ [ 34.36381, 1.00128 ], [ 34.31549, 1.02544 ], [ 34.31527, 1.0741 ], [ 34.36337, 1.09859 ], [ 34.41169, 1.07443 ], [ 34.41191, 1.02578 ], [ 34.36381, 1.00128 ] ] ] } },
{ "type": "Feature", "properties": { "pop": 81521.0 }, "geometry": { "type": "Polygon", "coordinates": [ [ [ 34.36315, 1.14725 ], [ 34.31483, 1.17141 ], [ 34.31461, 1.22007 ], [ 34.3627, 1.24457 ], [ 34.41102, 1.22041 ], [ 34.41124, 1.17175 ], [ 34.36315, 1.14725 ] ] ] } },
{ "type": "Feature", "properties": { "pop": 52533.0 }, "geometry": { "type": "Polygon", "coordinates": [ [ [ 34.36248, 1.29323 ], [ 34.31417, 1.3174 ], [ 34.31395, 1.36606 ], [ 34.36204, 1.39056 ], [ 34.41035, 1.3664 ], [ 34.41057, 1.31773 ], [ 34.36248, 1.29323 ] ] ] } },
{ "type": "Feature", "properties": { "pop": 3731.0 }, "geometry": { "type": "Polygon", "coordinates": [ [ [ 34.36182, 1.43923 ], [ 34.31351, 1.4634 ], [ 34.31329, 1.51207 ], [ 34.36137, 1.53658 ], [ 34.40968, 1.51241 ], [ 34.40991, 1.46374 ], [ 34.36182, 1.43923 ] ] ] } },
{ "type": "Feature", "properties": { "pop": 1584.0 }, "geometry": { "type": "Polygon", "coordinates": [ [ [ 34.36115, 1.58525 ], [ 34.31284, 1.60942 ], [ 34.31262, 1.6581 ], [ 34.36071, 1.68261 ], [ 34.40901, 1.65844 ], [ 34.40924, 1.60976 ], [ 34.36115, 1.58525 ] ] ] } },
{ "type": "Feature", "properties": { "pop": 2387.0 }, "geometry": { "type": "Polygon", "coordinates": [ [ [ 34.36049, 1.73129 ], [ 34.31218, 1.75547 ], [ 34.31196, 1.80416 ], [ 34.36004, 1.82867 ], [ 34.40835, 1.80449 ], [ 34.40857, 1.7558 ], [ 34.36049, 1.73129 ] ] ] } },
{ "type": "Feature", "properties": { "pop": 2987.0 }, "geometry": { "type": "Polygon", "coordinates": [ [ [ 34.35982, 1.87736 ], [ 34.31152, 1.90153 ], [ 34.3113, 1.95023 ], [ 34.35938, 1.97474 ], [ 34.40768, 1.95056 ], [ 34.4079, 1.90187 ], [ 34.35982, 1.87736 ] ] ] } },
{ "type": "Feature", "properties": { "pop": 5217.0 }, "geometry": { "type": "Polygon", "coordinates": [ [ [ 34.35916, 2.02344 ], [ 34.31086, 2.04762 ], [ 34.31064, 2.09632 ], [ 34.35871, 2.12084 ], [ 34.40701, 2.09666 ], [ 34.40723, 2.04796 ], [ 34.35916, 2.02344 ] ] ] } },
{ "type": "Feature", "properties": { "pop": 2760.0 }, "geometry": { "type": "Polygon", "coordinates": [ [ [ 34.35849, 2.16955 ], [ 34.3102, 2.19374 ], [ 34.30998, 2.24244 ], [ 34.35805, 2.26697 ], [ 34.40634, 2.24278 ], [ 34.40656, 2.19407 ], [ 34.35849, 2.16955 ] ] ] } },
{ "type": "Feature", "properties": { "pop": 6526.0 }, "geometry": { "type": "Polygon", "coordinates": [ [ [ 34.35783, 2.31568 ], [ 34.30954, 2.33987 ], [ 34.30932, 2.38859 ], [ 34.35738, 2.41312 ], [ 34.40567, 2.38892 ], [ 34.4059, 2.34021 ], [ 34.35783, 2.31568 ] ] ] } },
{ "type": "Feature", "properties": { "pop": 3843.0 }, "geometry": { "type": "Polygon", "coordinates": [ [ [ 34.35716, 2.46184 ], [ 34.30888, 2.48603 ], [ 34.30866, 2.53476 ], [ 34.35672, 2.55929 ], [ 34.405, 2.53509 ], [ 34.40523, 2.48637 ], [ 34.35716, 2.46184 ] ] ] } },
{ "type": "Feature", "properties": { "pop": 1139.0 }, "geometry": { "type": "Polygon", "coordinates": [ [ [ 34.3565, 2.60802 ], [ 34.30821, 2.63222 ], [ 34.30799, 2.68095 ], [ 34.35605, 2.70549 ], [ 34.40434, 2.68129 ], [ 34.40456, 2.63256 ], [ 34.3565, 2.60802 ] ] ] } },
{ "type": "Feature", "properties": { "pop": 786.0 }, "geometry": { "type": "Polygon", "coordinates": [ [ [ 34.35583, 2.75423 ], [ 34.30755, 2.77843 ], [ 34.30733, 2.82718 ], [ 34.35539, 2.85172 ], [ 34.40367, 2.82751 ], [ 34.40389, 2.77877 ], [ 34.35583, 2.75423 ] ] ] } },
{ "type": "Feature", "properties": { "pop": 803.0 }, "geometry": { "type": "Polygon", "coordinates": [ [ [ 34.35517, 2.90047 ], [ 34.30689, 2.92468 ], [ 34.30667, 2.97343 ], [ 34.35473, 2.99798 ], [ 34.403, 2.97377 ], [ 34.40322, 2.92501 ], [ 34.35517, 2.90047 ] ] ] } },
{ "type": "Feature", "properties": { "pop": 731.0 }, "geometry": { "type": "Polygon", "coordinates": [ [ [ 34.3545, 3.04674 ], [ 34.30623, 3.07095 ], [ 34.30601, 3.11971 ], [ 34.35406, 3.14426 ], [ 34.40233, 3.12005 ], [ 34.40256, 3.07128 ], [ 34.3545, 3.04674 ] ] ] } },
{ "type": "Feature", "properties": { "pop": 70.0 }, "geometry": { "type": "Polygon", "coordinates": [ [ [ 34.35384, 3.19303 ], [ 34.30557, 3.21725 ], [ 34.30535, 3.26602 ], [ 34.3534, 3.29058 ], [ 34.40167, 3.26636 ], [ 34.40189, 3.21759 ], [ 34.35384, 3.19303 ] ] ] } },
{ "type": "Feature", "properties": { "pop": 200.0 }, "geometry": { "type": "Polygon", "coordinates": [ [ [ 34.35318, 3.33936 ], [ 34.30491, 3.36358 ], [ 34.30469, 3.41237 ], [ 34.35273, 3.43693 ], [ 34.401, 3.4127 ], [ 34.40122, 3.36392 ], [ 34.35318, 3.33936 ] ] ] } },
{ "type": "Feature", "properties": { "pop": 889.0 }, "geometry": { "type": "Polygon", "coordinates": [ [ [ 34.35251, 3.48572 ], [ 34.30425, 3.50995 ], [ 34.30403, 3.55874 ], [ 34.35207, 3.58331 ], [ 34.40033, 3.55908 ], [ 34.40055, 3.51028 ], [ 34.35251, 3.48572 ] ] ] } },
{ "type": "Feature", "properties": { "pop": 295.0 }, "geometry": { "type": "Polygon", "coordinates": [ [ [ 34.35185, 3.63211 ], [ 34.30359, 3.65634 ], [ 34.30337, 3.70515 ], [ 34.35141, 3.72972 ], [ 34.39966, 3.70548 ], [ 34.39989, 3.65668 ], [ 34.35185, 3.63211 ] ] ] } },
{ "type": "Feature", "properties": { "pop": 48644.0 }, "geometry": { "type": "Polygon", "coordinates": [ [ [ 34.41303, 0.78254 ], [ 34.3647, 0.80669 ], [ 34.36448, 0.85534 ], [ 34.41258, 0.87983 ], [ 34.46091, 0.85567 ], [ 34.46113, 0.80703 ], [ 34.41303, 0.78254 ] ] ] } },
{ "type": "Feature", "properties": { "pop": 36888.0 }, "geometry": { "type": "Polygon", "coordinates": [ [ [ 34.41236, 0.92848 ], [ 34.36403, 0.95263 ], [ 34.36381, 1.00128 ], [ 34.41191, 1.02578 ], [ 34.46023, 1.00162 ], [ 34.46046, 0.95297 ], [ 34.41236, 0.92848 ] ] ] } },
{ "type": "Feature", "properties": { "pop": 36290.0 }, "geometry": { "type": "Polygon", "coordinates": [ [ [ 34.41169, 1.07443 ], [ 34.36337, 1.09859 ], [ 34.36315, 1.14725 ], [ 34.41124, 1.17175 ], [ 34.45956, 1.14759 ], [ 34.45979, 1.09893 ], [ 34.41169, 1.07443 ] ] ] } },
{ "type": "Feature", "properties": { "pop": 37067.0 }, "geometry": { "type": "Polygon", "coordinates": [ [ [ 34.41102, 1.22041 ], [ 34.3627, 1.24457 ], [ 34.36248, 1.29323 ], [ 34.41057, 1.31773 ], [ 34.45889, 1.29357 ], [ 34.45911, 1.24491 ], [ 34.41102, 1.22041 ] ] ] } },
{ "type": "Feature", "properties": { "pop": 35718.0 }, "geometry": { "type": "Polygon", "coordinates": [ [ [ 34.41035, 1.3664 ], [ 34.36204, 1.39056 ], [ 34.36182, 1.43923 ], [ 34.40991, 1.46374 ], [ 34.45822, 1.43957 ], [ 34.45844, 1.3909 ], [ 34.41035, 1.3664 ] ] ] } },
{ "type": "Feature", "properties": { "pop": 2118.0 }, "geometry": { "type": "Polygon", "coordinates": [ [ [ 34.40968, 1.51241 ], [ 34.36137, 1.53658 ], [ 34.36115, 1.58525 ], [ 34.40924, 1.60976 ], [ 34.45754, 1.58559 ], [ 34.45777, 1.53691 ], [ 34.40968, 1.51241 ] ] ] } },
{ "type": "Feature", "properties": { "pop": 1614.0 }, "geometry": { "type": "Polygon", "coordinates": [ [ [ 34.40901, 1.65844 ], [ 34.36071, 1.68261 ], [ 34.36049, 1.73129 ], [ 34.40857, 1.7558 ], [ 34.45687, 1.73163 ], [ 34.4571, 1.68295 ], [ 34.40901, 1.65844 ] ] ] } },
{ "type": "Feature", "properties": { "pop": 3346.0 }, "geometry": { "type": "Polygon", "coordinates": [ [ [ 34.40835, 1.80449 ], [ 34.36004, 1.82867 ], [ 34.35982, 1.87736 ], [ 34.4079, 1.90187 ], [ 34.4562, 1.87769 ], [ 34.45642, 1.829 ], [ 34.40835, 1.80449 ] ] ] } },
{ "type": "Feature", "properties": { "pop": 3005.0 }, "geometry": { "type": "Polygon", "coordinates": [ [ [ 34.40768, 1.95056 ], [ 34.35938, 1.97474 ], [ 34.35916, 2.02344 ], [ 34.40723, 2.04796 ], [ 34.45553, 2.02378 ], [ 34.45575, 1.97508 ], [ 34.40768, 1.95056 ] ] ] } },
{ "type": "Feature", "properties": { "pop": 2985.0 }, "geometry": { "type": "Polygon", "coordinates": [ [ [ 34.40701, 2.09666 ], [ 34.35871, 2.12084 ], [ 34.35849, 2.16955 ], [ 34.40656, 2.19407 ], [ 34.45486, 2.16989 ], [ 34.45508, 2.12118 ], [ 34.40701, 2.09666 ] ] ] } },
{ "type": "Feature", "properties": { "pop": 2468.0 }, "geometry": { "type": "Polygon", "coordinates": [ [ [ 34.40634, 2.24278 ], [ 34.35805, 2.26697 ], [ 34.35783, 2.31568 ], [ 34.4059, 2.34021 ], [ 34.45419, 2.31602 ], [ 34.45441, 2.26731 ], [ 34.40634, 2.24278 ] ] ] } },
{ "type": "Feature", "properties": { "pop": 11498.0 }, "geometry": { "type": "Polygon", "coordinates": [ [ [ 34.40567, 2.38892 ], [ 34.35738, 2.41312 ], [ 34.35716, 2.46184 ], [ 34.40523, 2.48637 ], [ 34.45351, 2.46218 ], [ 34.45374, 2.41345 ], [ 34.40567, 2.38892 ] ] ] } },
{ "type": "Feature", "properties": { "pop": 1456.0 }, "geometry": { "type": "Polygon", "coordinates": [ [ [ 34.405, 2.53509 ], [ 34.35672, 2.55929 ], [ 34.3565, 2.60802 ], [ 34.40456, 2.63256 ], [ 34.45284, 2.60836 ], [ 34.45307, 2.55963 ], [ 34.405, 2.53509 ] ] ] } },
{ "type": "Feature", "properties": { "pop": 727.0 }, "geometry": { "type": "Polygon", "coordinates": [ [ [ 34.40434, 2.68129 ], [ 34.35605, 2.70549 ], [ 34.35583, 2.75423 ], [ 34.40389, 2.77877 ], [ 34.45217, 2.75457 ], [ 34.4524, 2.70583 ], [ 34.40434, 2.68129 ] ] ] } },
{ "type": "Feature", "properties": { "pop": 734.0 }, "geometry": { "type": "Polygon", "coordinates": [ [ [ 34.40367, 2.82751 ], [ 34.35539, 2.85172 ], [ 34.35517, 2.90047 ], [ 34.40322, 2.92501 ], [ 34.4515, 2.90081 ], [ 34.45172, 2.85206 ], [ 34.40367, 2.82751 ] ] ] } },
{ "type": "Feature", "properties": { "pop": 650.0 }, "geometry": { "type": "Polygon", "coordinates": [ [ [ 34.403, 2.97377 ], [ 34.35473, 2.99798 ], [ 34.3545, 3.04674 ], [ 34.40256, 3.07128 ], [ 34.45083, 3.04707 ], [ 34.45105, 2.99831 ], [ 34.403, 2.97377 ] ] ] } },
{ "type": "Feature", "properties": { "pop": 153.0 }, "geometry": { "type": "Polygon", "coordinates": [ [ [ 34.40233, 3.12005 ], [ 34.35406, 3.14426 ], [ 34.35384, 3.19303 ], [ 34.40189, 3.21759 ], [ 34.45016, 3.19337 ], [ 34.45038, 3.1446 ], [ 34.40233, 3.12005 ] ] ] } },
{ "type": "Feature", "properties": { "pop": 335.0 }, "geometry": { "type": "Polygon", "coordinates": [ [ [ 34.40167, 3.26636 ], [ 34.3534, 3.29058 ], [ 34.35318, 3.33936 ], [ 34.40122, 3.36392 ], [ 34.44949, 3.3397 ], [ 34.44971, 3.29092 ], [ 34.40167, 3.26636 ] ] ] } },
{ "type": "Feature", "properties": { "pop": 441.0 }, "geometry": { "type": "Polygon", "coordinates": [ [ [ 34.401, 3.4127 ], [ 34.35273, 3.43693 ], [ 34.35251, 3.48572 ], [ 34.40055, 3.51028 ], [ 34.44882, 3.48605 ], [ 34.44904, 3.43727 ], [ 34.401, 3.4127 ] ] ] } },
{ "type": "Feature", "properties": { "pop": 750.0 }, "geometry": { "type": "Polygon", "coordinates": [ [ [ 34.40033, 3.55908 ], [ 34.35207, 3.58331 ], [ 34.35185, 3.63211 ], [ 34.39989, 3.65668 ], [ 34.44815, 3.63245 ], [ 34.44837, 3.58365 ], [ 34.40033, 3.55908 ] ] ] } },
{ "type": "Feature", "properties": { "pop": 110.0 }, "geometry": { "type": "Polygon", "coordinates": [ [ [ 34.39966, 3.70548 ], [ 34.35141, 3.72972 ], [ 34.35118, 3.77853 ], [ 34.39922, 3.80311 ], [ 34.44748, 3.77887 ], [ 34.4477, 3.73006 ], [ 34.39966, 3.70548 ] ] ] } },
{ "type": "Feature", "properties": { "pop": 12547.0 }, "geometry": { "type": "Polygon", "coordinates": [ [ [ 34.46091, 0.85567 ], [ 34.41258, 0.87983 ], [ 34.41236, 0.92848 ], [ 34.46046, 0.95297 ], [ 34.50878, 0.92882 ], [ 34.50901, 0.88017 ], [ 34.46091, 0.85567 ] ] ] } },
{ "type": "Feature", "properties": { "pop": 26013.0 }, "geometry": { "type": "Polygon", "coordinates": [ [ [ 34.46023, 1.00162 ], [ 34.41191, 1.02578 ], [ 34.41169, 1.07443 ], [ 34.45979, 1.09893 ], [ 34.50811, 1.07477 ], [ 34.50833, 1.02612 ], [ 34.46023, 1.00162 ] ] ] } },
{ "type": "Feature", "properties": { "pop": 17124.0 }, "geometry": { "type": "Polygon", "coordinates": [ [ [ 34.45956, 1.14759 ], [ 34.41124, 1.17175 ], [ 34.41102, 1.22041 ], [ 34.45911, 1.24491 ], [ 34.50743, 1.22075 ], [ 34.50766, 1.17209 ], [ 34.45956, 1.14759 ] ] ] } },
{ "type": "Feature", "properties": { "pop": 19685.0 }, "geometry": { "type": "Polygon", "coordinates": [ [ [ 34.45889, 1.29357 ], [ 34.41057, 1.31773 ], [ 34.41035, 1.3664 ], [ 34.45844, 1.3909 ], [ 34.50675, 1.36674 ], [ 34.50698, 1.31807 ], [ 34.45889, 1.29357 ] ] ] } },
{ "type": "Feature", "properties": { "pop": 7857.0 }, "geometry": { "type": "Polygon", "coordinates": [ [ [ 34.45822, 1.43957 ], [ 34.40991, 1.46374 ], [ 34.40968, 1.51241 ], [ 34.45777, 1.53691 ], [ 34.50608, 1.51275 ], [ 34.5063, 1.46408 ], [ 34.45822, 1.43957 ] ] ] } },
{ "type": "Feature", "properties": { "pop": 2214.0 }, "geometry": { "type": "Polygon", "coordinates": [ [ [ 34.45754, 1.58559 ], [ 34.40924, 1.60976 ], [ 34.40901, 1.65844 ], [ 34.4571, 1.68295 ], [ 34.5054, 1.65878 ], [ 34.50563, 1.6101 ], [ 34.45754, 1.58559 ] ] ] } },
{ "type": "Feature", "properties": { "pop": 2015.0 }, "geometry": { "type": "Polygon", "coordinates": [ [ [ 34.45687, 1.73163 ], [ 34.40857, 1.7558 ], [ 34.40835, 1.80449 ], [ 34.45642, 1.829 ], [ 34.50473, 1.80483 ], [ 34.50495, 1.75614 ], [ 34.45687, 1.73163 ] ] ] } },
{ "type": "Feature", "properties": { "pop": 9252.0 }, "geometry": { "type": "Polygon", "coordinates": [ [ [ 34.4562, 1.87769 ], [ 34.4079, 1.90187 ], [ 34.40768, 1.95056 ], [ 34.45575, 1.97508 ], [ 34.50405, 1.9509 ], [ 34.50428, 1.90221 ], [ 34.4562, 1.87769 ] ] ] } },
{ "type": "Feature", "properties": { "pop": 3176.0 }, "geometry": { "type": "Polygon", "coordinates": [ [ [ 34.45553, 2.02378 ], [ 34.40723, 2.04796 ], [ 34.40701, 2.09666 ], [ 34.45508, 2.12118 ], [ 34.50338, 2.097 ], [ 34.5036, 2.0483 ], [ 34.45553, 2.02378 ] ] ] } },
{ "type": "Feature", "properties": { "pop": 2703.0 }, "geometry": { "type": "Polygon", "coordinates": [ [ [ 34.45486, 2.16989 ], [ 34.40656, 2.19407 ], [ 34.40634, 2.24278 ], [ 34.45441, 2.26731 ], [ 34.5027, 2.24312 ], [ 34.50293, 2.19441 ], [ 34.45486, 2.16989 ] ] ] } },
{ "type": "Feature", "properties": { "pop": 4537.0 }, "geometry": { "type": "Polygon", "coordinates": [ [ [ 34.45419, 2.31602 ], [ 34.4059, 2.34021 ], [ 34.40567, 2.38892 ], [ 34.45374, 2.41345 ], [ 34.50203, 2.38926 ], [ 34.50225, 2.34055 ], [ 34.45419, 2.31602 ] ] ] } },
{ "type": "Feature", "properties": { "pop": 5999.0 }, "geometry": { "type": "Polygon", "coordinates": [ [ [ 34.45351, 2.46218 ], [ 34.40523, 2.48637 ], [ 34.405, 2.53509 ], [ 34.45307, 2.55963 ], [ 34.50135, 2.53543 ], [ 34.50158, 2.48671 ], [ 34.45351, 2.46218 ] ] ] } },
{ "type": "Feature", "properties": { "pop": 687.0 }, "geometry": { "type": "Polygon", "coordinates": [ [ [ 34.45284, 2.60836 ], [ 34.40456, 2.63256 ], [ 34.40434, 2.68129 ], [ 34.4524, 2.70583 ], [ 34.50068, 2.68163 ], [ 34.5009, 2.6329 ], [ 34.45284, 2.60836 ] ] ] } },
{ "type": "Feature", "properties": { "pop": 2083.0 }, "geometry": { "type": "Polygon", "coordinates": [ [ [ 34.45217, 2.75457 ], [ 34.40389, 2.77877 ], [ 34.40367, 2.82751 ], [ 34.45172, 2.85206 ], [ 34.5, 2.82785 ], [ 34.50023, 2.77911 ], [ 34.45217, 2.75457 ] ] ] } },
{ "type": "Feature", "properties": { "pop": 562.0 }, "geometry": { "type": "Polygon", "coordinates": [ [ [ 34.4515, 2.90081 ], [ 34.40322, 2.92501 ], [ 34.403, 2.97377 ], [ 34.45105, 2.99831 ], [ 34.49933, 2.97411 ], [ 34.49955, 2.92535 ], [ 34.4515, 2.90081 ] ] ] } },
{ "type": "Feature", "properties": { "pop": 305.0 }, "geometry": { "type": "Polygon", "coordinates": [ [ [ 34.45083, 3.04707 ], [ 34.40256, 3.07128 ], [ 34.40233, 3.12005 ], [ 34.45038, 3.1446 ], [ 34.49865, 3.12039 ], [ 34.49888, 3.07162 ], [ 34.45083, 3.04707 ] ] ] } },
{ "type": "Feature", "properties": { "pop": 279.0 }, "geometry": { "type": "Polygon", "coordinates": [ [ [ 34.45016, 3.19337 ], [ 34.40189, 3.21759 ], [ 34.40167, 3.26636 ], [ 34.44971, 3.29092 ], [ 34.49798, 3.2667 ], [ 34.4982, 3.21793 ], [ 34.45016, 3.19337 ] ] ] } },
{ "type": "Feature", "properties": { "pop": 58.0 }, "geometry": { "type": "Polygon", "coordinates": [ [ [ 34.44949, 3.3397 ], [ 34.40122, 3.36392 ], [ 34.401, 3.4127 ], [ 34.44904, 3.43727 ], [ 34.49731, 3.41304 ], [ 34.49753, 3.36426 ], [ 34.44949, 3.3397 ] ] ] } },
{ "type": "Feature", "properties": { "pop": 853.0 }, "geometry": { "type": "Polygon", "coordinates": [ [ [ 34.44882, 3.48605 ], [ 34.40055, 3.51028 ], [ 34.40033, 3.55908 ], [ 34.44837, 3.58365 ], [ 34.49663, 3.55942 ], [ 34.49686, 3.51062 ], [ 34.44882, 3.48605 ] ] ] } },
{ "type": "Feature", "properties": { "pop": 456.0 }, "geometry": { "type": "Polygon", "coordinates": [ [ [ 34.44815, 3.63245 ], [ 34.39989, 3.65668 ], [ 34.39966, 3.70548 ], [ 34.4477, 3.73006 ], [ 34.49596, 3.70582 ], [ 34.49618, 3.65702 ], [ 34.44815, 3.63245 ] ] ] } },
{ "type": "Feature", "properties": { "pop": 1931.0 }, "geometry": { "type": "Polygon", "coordinates": [ [ [ 34.50878, 0.92882 ], [ 34.46046, 0.95297 ], [ 34.46023, 1.00162 ], [ 34.50833, 1.02612 ], [ 34.55665, 1.00196 ], [ 34.55688, 0.95331 ], [ 34.50878, 0.92882 ] ] ] } },
{ "type": "Feature", "properties": { "pop": 11043.0 }, "geometry": { "type": "Polygon", "coordinates": [ [ [ 34.50811, 1.07477 ], [ 34.45979, 1.09893 ], [ 34.45956, 1.14759 ], [ 34.50766, 1.17209 ], [ 34.55597, 1.14793 ], [ 34.5562, 1.09927 ], [ 34.50811, 1.07477 ] ] ] } },
{ "type": "Feature", "properties": { "pop": 6836.0 }, "geometry": { "type": "Polygon", "coordinates": [ [ [ 34.50743, 1.22075 ], [ 34.45911, 1.24491 ], [ 34.45889, 1.29357 ], [ 34.50698, 1.31807 ], [ 34.5553, 1.29391 ], [ 34.55552, 1.24525 ], [ 34.50743, 1.22075 ] ] ] } },
{ "type": "Feature", "properties": { "pop": 34885.0 }, "geometry": { "type": "Polygon", "coordinates": [ [ [ 34.50675, 1.36674 ], [ 34.45844, 1.3909 ], [ 34.45822, 1.43957 ], [ 34.5063, 1.46408 ], [ 34.55462, 1.43991 ], [ 34.55484, 1.39124 ], [ 34.50675, 1.36674 ] ] ] } },
{ "type": "Feature", "properties": { "pop": 5130.0 }, "geometry": { "type": "Polygon", "coordinates": [ [ [ 34.50608, 1.51275 ], [ 34.45777, 1.53691 ], [ 34.45754, 1.58559 ], [ 34.50563, 1.6101 ], [ 34.55394, 1.58593 ], [ 34.55416, 1.53726 ], [ 34.50608, 1.51275 ] ] ] } },
{ "type": "Feature", "properties": { "pop": 2448.0 }, "geometry": { "type": "Polygon", "coordinates": [ [ [ 34.5054, 1.65878 ], [ 34.4571, 1.68295 ], [ 34.45687, 1.73163 ], [ 34.50495, 1.75614 ], [ 34.55326, 1.73197 ], [ 34.55349, 1.68329 ], [ 34.5054, 1.65878 ] ] ] } },
{ "type": "Feature", "properties": { "pop": 6121.0 }, "geometry": { "type": "Polygon", "coordinates": [ [ [ 34.50473, 1.80483 ], [ 34.45642, 1.829 ], [ 34.4562, 1.87769 ], [ 34.50428, 1.90221 ], [ 34.55258, 1.87804 ], [ 34.55281, 1.82935 ], [ 34.50473, 1.80483 ] ] ] } },
{ "type": "Feature", "properties": { "pop": 8442.0 }, "geometry": { "type": "Polygon", "coordinates": [ [ [ 34.50405, 1.9509 ], [ 34.45575, 1.97508 ], [ 34.45553, 2.02378 ], [ 34.5036, 2.0483 ], [ 34.5519, 2.02412 ], [ 34.55213, 1.97542 ], [ 34.50405, 1.9509 ] ] ] } },
{ "type": "Feature", "properties": { "pop": 2669.0 }, "geometry": { "type": "Polygon", "coordinates": [ [ [ 34.50338, 2.097 ], [ 34.45508, 2.12118 ], [ 34.45486, 2.16989 ], [ 34.50293, 2.19441 ], [ 34.55122, 2.17023 ], [ 34.55145, 2.12152 ], [ 34.50338, 2.097 ] ] ] } },
{ "type": "Feature", "properties": { "pop": 2955.0 }, "geometry": { "type": "Polygon", "coordinates": [ [ [ 34.5027, 2.24312 ], [ 34.45441, 2.26731 ], [ 34.45419, 2.31602 ], [ 34.50225, 2.34055 ], [ 34.55054, 2.31636 ], [ 34.55077, 2.26765 ], [ 34.5027, 2.24312 ] ] ] } },
{ "type": "Feature", "properties": { "pop": 13739.0 }, "geometry": { "type": "Polygon", "coordinates": [ [ [ 34.50203, 2.38926 ], [ 34.45374, 2.41345 ], [ 34.45351, 2.46218 ], [ 34.50158, 2.48671 ], [ 34.54987, 2.46252 ], [ 34.55009, 2.4138 ], [ 34.50203, 2.38926 ] ] ] } },
{ "type": "Feature", "properties": { "pop": 1602.0 }, "geometry": { "type": "Polygon", "coordinates": [ [ [ 34.50135, 2.53543 ], [ 34.45307, 2.55963 ], [ 34.45284, 2.60836 ], [ 34.5009, 2.6329 ], [ 34.54919, 2.6087 ], [ 34.54941, 2.55997 ], [ 34.50135, 2.53543 ] ] ] } },
{ "type": "Feature", "properties": { "pop": 695.0 }, "geometry": { "type": "Polygon", "coordinates": [ [ [ 34.50068, 2.68163 ], [ 34.4524, 2.70583 ], [ 34.45217, 2.75457 ], [ 34.50023, 2.77911 ], [ 34.54851, 2.75491 ], [ 34.54874, 2.70617 ], [ 34.50068, 2.68163 ] ] ] } },
{ "type": "Feature", "properties": { "pop": 666.0 }, "geometry": { "type": "Polygon", "coordinates": [ [ [ 34.5, 2.82785 ], [ 34.45172, 2.85206 ], [ 34.4515, 2.90081 ], [ 34.49955, 2.92535 ], [ 34.54783, 2.90115 ], [ 34.54806, 2.8524 ], [ 34.5, 2.82785 ] ] ] } },
{ "type": "Feature", "properties": { "pop": 815.0 }, "geometry": { "type": "Polygon", "coordinates": [ [ [ 34.49933, 2.97411 ], [ 34.45105, 2.99831 ], [ 34.45083, 3.04707 ], [ 34.49888, 3.07162 ], [ 34.54715, 3.04741 ], [ 34.54738, 2.99866 ], [ 34.49933, 2.97411 ] ] ] } },
{ "type": "Feature", "properties": { "pop": 501.0 }, "geometry": { "type": "Polygon", "coordinates": [ [ [ 34.49865, 3.12039 ], [ 34.45038, 3.1446 ], [ 34.45016, 3.19337 ], [ 34.4982, 3.21793 ], [ 34.54648, 3.19371 ], [ 34.5467, 3.14494 ], [ 34.49865, 3.12039 ] ] ] } },
{ "type": "Feature", "properties": { "pop": 176.0 }, "geometry": { "type": "Polygon", "coordinates": [ [ [ 34.49663, 3.55942 ], [ 34.44837, 3.58365 ], [ 34.44815, 3.63245 ], [ 34.49618, 3.65702 ], [ 34.54444, 3.63279 ], [ 34.54467, 3.58399 ], [ 34.49663, 3.55942 ] ] ] } },
{ "type": "Feature", "properties": { "pop": 9433.0 }, "geometry": { "type": "Polygon", "coordinates": [ [ [ 34.55597, 1.14793 ], [ 34.50766, 1.17209 ], [ 34.50743, 1.22075 ], [ 34.55552, 1.24525 ], [ 34.60384, 1.22109 ], [ 34.60407, 1.17243 ], [ 34.55597, 1.14793 ] ] ] } },
{ "type": "Feature", "properties": { "pop": 14022.0 }, "geometry": { "type": "Polygon", "coordinates": [ [ [ 34.5553, 1.29391 ], [ 34.50698, 1.31807 ], [ 34.50675, 1.36674 ], [ 34.55484, 1.39124 ], [ 34.60316, 1.36708 ], [ 34.60339, 1.31841 ], [ 34.5553, 1.29391 ] ] ] } },
{ "type": "Feature", "properties": { "pop": 4211.0 }, "geometry": { "type": "Polygon", "coordinates": [ [ [ 34.55462, 1.43991 ], [ 34.5063, 1.46408 ], [ 34.50608, 1.51275 ], [ 34.55416, 1.53726 ], [ 34.60248, 1.51309 ], [ 34.6027, 1.46442 ], [ 34.55462, 1.43991 ] ] ] } },
{ "type": "Feature", "properties": { "pop": 3779.0 }, "geometry": { "type": "Polygon", "coordinates": [ [ [ 34.55394, 1.58593 ], [ 34.50563, 1.6101 ], [ 34.5054, 1.65878 ], [ 34.55349, 1.68329 ], [ 34.60179, 1.65912 ], [ 34.60202, 1.61044 ], [ 34.55394, 1.58593 ] ] ] } },
{ "type": "Feature", "properties": { "pop": 7625.0 }, "geometry": { "type": "Polygon", "coordinates": [ [ [ 34.55326, 1.73197 ], [ 34.50495, 1.75614 ], [ 34.50473, 1.80483 ], [ 34.55281, 1.82935 ], [ 34.60111, 1.80517 ], [ 34.60134, 1.75649 ], [ 34.55326, 1.73197 ] ] ] } },
{ "type": "Feature", "properties": { "pop": 12883.0 }, "geometry": { "type": "Polygon", "coordinates": [ [ [ 34.55258, 1.87804 ], [ 34.50428, 1.90221 ], [ 34.50405, 1.9509 ], [ 34.55213, 1.97542 ], [ 34.60043, 1.95125 ], [ 34.60066, 1.90255 ], [ 34.55258, 1.87804 ] ] ] } },
{ "type": "Feature", "properties": { "pop": 15531.0 }, "geometry": { "type": "Polygon", "coordinates": [ [ [ 34.5519, 2.02412 ], [ 34.5036, 2.0483 ], [ 34.50338, 2.097 ], [ 34.55145, 2.12152 ], [ 34.59975, 2.09734 ], [ 34.59997, 2.04864 ], [ 34.5519, 2.02412 ] ] ] } },
{ "type": "Feature", "properties": { "pop": 1452.0 }, "geometry": { "type": "Polygon", "coordinates": [ [ [ 34.55122, 2.17023 ], [ 34.50293, 2.19441 ], [ 34.5027, 2.24312 ], [ 34.55077, 2.26765 ], [ 34.59907, 2.24346 ], [ 34.59929, 2.19475 ], [ 34.55122, 2.17023 ] ] ] } },
{ "type": "Feature", "properties": { "pop": 11878.0 }, "geometry": { "type": "Polygon", "coordinates": [ [ [ 34.55054, 2.31636 ], [ 34.50225, 2.34055 ], [ 34.50203, 2.38926 ], [ 34.55009, 2.4138 ], [ 34.59838, 2.38961 ], [ 34.59861, 2.34089 ], [ 34.55054, 2.31636 ] ] ] } },
{ "type": "Feature", "properties": { "pop": 8150.0 }, "geometry": { "type": "Polygon", "coordinates": [ [ [ 34.54987, 2.46252 ], [ 34.50158, 2.48671 ], [ 34.50135, 2.53543 ], [ 34.54941, 2.55997 ], [ 34.5977, 2.53578 ], [ 34.59793, 2.48705 ], [ 34.54987, 2.46252 ] ] ] } },
{ "type": "Feature", "properties": { "pop": 607.0 }, "geometry": { "type": "Polygon", "coordinates": [ [ [ 34.54919, 2.6087 ], [ 34.5009, 2.6329 ], [ 34.50068, 2.68163 ], [ 34.54874, 2.70617 ], [ 34.59702, 2.68197 ], [ 34.59725, 2.63324 ], [ 34.54919, 2.6087 ] ] ] } },
{ "type": "Feature", "properties": { "pop": 585.0 }, "geometry": { "type": "Polygon", "coordinates": [ [ [ 34.54851, 2.75491 ], [ 34.50023, 2.77911 ], [ 34.5, 2.82785 ], [ 34.54806, 2.8524 ], [ 34.59634, 2.8282 ], [ 34.59657, 2.77945 ], [ 34.54851, 2.75491 ] ] ] } },
{ "type": "Feature", "properties": { "pop": 1949.0 }, "geometry": { "type": "Polygon", "coordinates": [ [ [ 34.54783, 2.90115 ], [ 34.49955, 2.92535 ], [ 34.49933, 2.97411 ], [ 34.54738, 2.99866 ], [ 34.59566, 2.97445 ], [ 34.59588, 2.9257 ], [ 34.54783, 2.90115 ] ] ] } },
{ "type": "Feature", "properties": { "pop": 1186.0 }, "geometry": { "type": "Polygon", "coordinates": [ [ [ 34.54715, 3.04741 ], [ 34.49888, 3.07162 ], [ 34.49865, 3.12039 ], [ 34.5467, 3.14494 ], [ 34.59498, 3.12073 ], [ 34.5952, 3.07197 ], [ 34.54715, 3.04741 ] ] ] } },
{ "type": "Feature", "properties": { "pop": 1645.0 }, "geometry": { "type": "Polygon", "coordinates": [ [ [ 34.60452, 1.07511 ], [ 34.5562, 1.09927 ], [ 34.55597, 1.14793 ], [ 34.60407, 1.17243 ], [ 34.65239, 1.14827 ], [ 34.65262, 1.09961 ], [ 34.60452, 1.07511 ] ] ] } },
{ "type": "Feature", "properties": { "pop": 4196.0 }, "geometry": { "type": "Polygon", "coordinates": [ [ [ 34.60384, 1.22109 ], [ 34.55552, 1.24525 ], [ 34.5553, 1.29391 ], [ 34.60339, 1.31841 ], [ 34.6517, 1.29425 ], [ 34.65193, 1.24559 ], [ 34.60384, 1.22109 ] ] ] } },
{ "type": "Feature", "properties": { "pop": 29274.0 }, "geometry": { "type": "Polygon", "coordinates": [ [ [ 34.60316, 1.36708 ], [ 34.55484, 1.39124 ], [ 34.55462, 1.43991 ], [ 34.6027, 1.46442 ], [ 34.65102, 1.44026 ], [ 34.65125, 1.39159 ], [ 34.60316, 1.36708 ] ] ] } },
{ "type": "Feature", "properties": { "pop": 2183.0 }, "geometry": { "type": "Polygon", "coordinates": [ [ [ 34.60248, 1.51309 ], [ 34.55416, 1.53726 ], [ 34.55394, 1.58593 ], [ 34.60202, 1.61044 ], [ 34.65033, 1.58628 ], [ 34.65056, 1.5376 ], [ 34.60248, 1.51309 ] ] ] } },
{ "type": "Feature", "properties": { "pop": 5828.0 }, "geometry": { "type": "Polygon", "coordinates": [ [ [ 34.60179, 1.65912 ], [ 34.55349, 1.68329 ], [ 34.55326, 1.73197 ], [ 34.60134, 1.75649 ], [ 34.64965, 1.73232 ], [ 34.64987, 1.68363 ], [ 34.60179, 1.65912 ] ] ] } },
{ "type": "Feature", "properties": { "pop": 9618.0 }, "geometry": { "type": "Polygon", "coordinates": [ [ [ 34.60111, 1.80517 ], [ 34.55281, 1.82935 ], [ 34.55258, 1.87804 ], [ 34.60066, 1.90255 ], [ 34.64896, 1.87838 ], [ 34.64919, 1.82969 ], [ 34.60111, 1.80517 ] ] ] } },
{ "type": "Feature", "properties": { "pop": 6390.0 }, "geometry": { "type": "Polygon", "coordinates": [ [ [ 34.60043, 1.95125 ], [ 34.55213, 1.97542 ], [ 34.5519, 2.02412 ], [ 34.59997, 2.04864 ], [ 34.64827, 2.02446 ], [ 34.6485, 1.97577 ], [ 34.60043, 1.95125 ] ] ] } },
{ "type": "Feature", "properties": { "pop": 2868.0 }, "geometry": { "type": "Polygon", "coordinates": [ [ [ 34.59975, 2.09734 ], [ 34.55145, 2.12152 ], [ 34.55122, 2.17023 ], [ 34.59929, 2.19475 ], [ 34.64759, 2.17057 ], [ 34.64782, 2.12187 ], [ 34.59975, 2.09734 ] ] ] } },
{ "type": "Feature", "properties": { "pop": 1869.0 }, "geometry": { "type": "Polygon", "coordinates": [ [ [ 34.59907, 2.24346 ], [ 34.55077, 2.26765 ], [ 34.55054, 2.31636 ], [ 34.59861, 2.34089 ], [ 34.6469, 2.3167 ], [ 34.64713, 2.26799 ], [ 34.59907, 2.24346 ] ] ] } },
{ "type": "Feature", "properties": { "pop": 3962.0 }, "geometry": { "type": "Polygon", "coordinates": [ [ [ 34.59838, 2.38961 ], [ 34.55009, 2.4138 ], [ 34.54987, 2.46252 ], [ 34.59793, 2.48705 ], [ 34.64622, 2.46286 ], [ 34.64645, 2.41414 ], [ 34.59838, 2.38961 ] ] ] } },
{ "type": "Feature", "properties": { "pop": 1469.0 }, "geometry": { "type": "Polygon", "coordinates": [ [ [ 34.5977, 2.53578 ], [ 34.54941, 2.55997 ], [ 34.54919, 2.6087 ], [ 34.59725, 2.63324 ], [ 34.64553, 2.60904 ], [ 34.64576, 2.56031 ], [ 34.5977, 2.53578 ] ] ] } },
{ "type": "Feature", "properties": { "pop": 553.0 }, "geometry": { "type": "Polygon", "coordinates": [ [ [ 34.59702, 2.68197 ], [ 34.54874, 2.70617 ], [ 34.54851, 2.75491 ], [ 34.59657, 2.77945 ], [ 34.64485, 2.75525 ], [ 34.64508, 2.70652 ], [ 34.59702, 2.68197 ] ] ] } },
{ "type": "Feature", "properties": { "pop": 2163.0 }, "geometry": { "type": "Polygon", "coordinates": [ [ [ 34.59634, 2.8282 ], [ 34.54806, 2.8524 ], [ 34.54783, 2.90115 ], [ 34.59588, 2.9257 ], [ 34.64416, 2.90149 ], [ 34.64439, 2.85274 ], [ 34.59634, 2.8282 ] ] ] } },
{ "type": "Feature", "properties": { "pop": 1326.0 }, "geometry": { "type": "Polygon", "coordinates": [ [ [ 34.59566, 2.97445 ], [ 34.54738, 2.99866 ], [ 34.54715, 3.04741 ], [ 34.5952, 3.07197 ], [ 34.64348, 3.04776 ], [ 34.64371, 2.999 ], [ 34.59566, 2.97445 ] ] ] } },
{ "type": "Feature", "properties": { "pop": 4320.0 }, "geometry": { "type": "Polygon", "coordinates": [ [ [ 34.65239, 1.14827 ], [ 34.60407, 1.17243 ], [ 34.60384, 1.22109 ], [ 34.65193, 1.24559 ], [ 34.70025, 1.22143 ], [ 34.70048, 1.17277 ], [ 34.65239, 1.14827 ] ] ] } },
{ "type": "Feature", "properties": { "pop": 20196.0 }, "geometry": { "type": "Polygon", "coordinates": [ [ [ 34.6517, 1.29425 ], [ 34.60339, 1.31841 ], [ 34.60316, 1.36708 ], [ 34.65125, 1.39159 ], [ 34.69956, 1.36743 ], [ 34.69979, 1.31876 ], [ 34.6517, 1.29425 ] ] ] } },
{ "type": "Feature", "properties": { "pop": 2913.0 }, "geometry": { "type": "Polygon", "coordinates": [ [ [ 34.65102, 1.44026 ], [ 34.6027, 1.46442 ], [ 34.60248, 1.51309 ], [ 34.65056, 1.5376 ], [ 34.69887, 1.51344 ], [ 34.6991, 1.46476 ], [ 34.65102, 1.44026 ] ] ] } },
{ "type": "Feature", "properties": { "pop": 2499.0 }, "geometry": { "type": "Polygon", "coordinates": [ [ [ 34.65033, 1.58628 ], [ 34.60202, 1.61044 ], [ 34.60179, 1.65912 ], [ 34.64987, 1.68363 ], [ 34.69818, 1.65947 ], [ 34.69841, 1.61079 ], [ 34.65033, 1.58628 ] ] ] } },
{ "type": "Feature", "properties": { "pop": 14692.0 }, "geometry": { "type": "Polygon", "coordinates": [ [ [ 34.64965, 1.73232 ], [ 34.60134, 1.75649 ], [ 34.60111, 1.80517 ], [ 34.64919, 1.82969 ], [ 34.69749, 1.80552 ], [ 34.69772, 1.75683 ], [ 34.64965, 1.73232 ] ] ] } },
{ "type": "Feature", "properties": { "pop": 5840.0 }, "geometry": { "type": "Polygon", "coordinates": [ [ [ 34.64896, 1.87838 ], [ 34.60066, 1.90255 ], [ 34.60043, 1.95125 ], [ 34.6485, 1.97577 ], [ 34.6968, 1.95159 ], [ 34.69703, 1.9029 ], [ 34.64896, 1.87838 ] ] ] } },
{ "type": "Feature", "properties": { "pop": 6509.0 }, "geometry": { "type": "Polygon", "coordinates": [ [ [ 34.64827, 2.02446 ], [ 34.59997, 2.04864 ], [ 34.59975, 2.09734 ], [ 34.64782, 2.12187 ], [ 34.69612, 2.09769 ], [ 34.69635, 2.04899 ], [ 34.64827, 2.02446 ] ] ] } },
{ "type": "Feature", "properties": { "pop": 1706.0 }, "geometry": { "type": "Polygon", "coordinates": [ [ [ 34.64759, 2.17057 ], [ 34.59929, 2.19475 ], [ 34.59907, 2.24346 ], [ 34.64713, 2.26799 ], [ 34.69543, 2.24381 ], [ 34.69566, 2.1951 ], [ 34.64759, 2.17057 ] ] ] } },
{ "type": "Feature", "properties": { "pop": 2959.0 }, "geometry": { "type": "Polygon", "coordinates": [ [ [ 34.6469, 2.3167 ], [ 34.59861, 2.34089 ], [ 34.59838, 2.38961 ], [ 34.64645, 2.41414 ], [ 34.69474, 2.38995 ], [ 34.69497, 2.34124 ], [ 34.6469, 2.3167 ] ] ] } },
{ "type": "Feature", "properties": { "pop": 37819.0 }, "geometry": { "type": "Polygon", "coordinates": [ [ [ 34.64622, 2.46286 ], [ 34.59793, 2.48705 ], [ 34.5977, 2.53578 ], [ 34.64576, 2.56031 ], [ 34.69405, 2.53612 ], [ 34.69428, 2.4874 ], [ 34.64622, 2.46286 ] ] ] } },
{ "type": "Feature", "properties": { "pop": 655.0 }, "geometry": { "type": "Polygon", "coordinates": [ [ [ 34.64553, 2.60904 ], [ 34.59725, 2.63324 ], [ 34.59702, 2.68197 ], [ 34.64508, 2.70652 ], [ 34.69336, 2.68232 ], [ 34.69359, 2.63358 ], [ 34.64553, 2.60904 ] ] ] } },
{ "type": "Feature", "properties": { "pop": 1049.0 }, "geometry": { "type": "Polygon", "coordinates": [ [ [ 34.64485, 2.75525 ], [ 34.59657, 2.77945 ], [ 34.59634, 2.8282 ], [ 34.64439, 2.85274 ], [ 34.69267, 2.82854 ], [ 34.6929, 2.7798 ], [ 34.64485, 2.75525 ] ] ] } },
{ "type": "Feature", "properties": { "pop": 325.0 }, "geometry": { "type": "Polygon", "coordinates": [ [ [ 34.64416, 2.90149 ], [ 34.59588, 2.9257 ], [ 34.59566, 2.97445 ], [ 34.64371, 2.999 ], [ 34.69199, 2.9748 ], [ 34.69221, 2.92604 ], [ 34.64416, 2.90149 ] ] ] } },
{ "type": "Feature", "properties": { "pop": 34347.0 }, "geometry": { "type": "Polygon", "coordinates": [ [ [ 34.70025, 1.22143 ], [ 34.65193, 1.24559 ], [ 34.6517, 1.29425 ], [ 34.69979, 1.31876 ], [ 34.74811, 1.2946 ], [ 34.74834, 1.24594 ], [ 34.70025, 1.22143 ] ] ] } },
{ "type": "Feature", "properties": { "pop": 13291.0 }, "geometry": { "type": "Polygon", "coordinates": [ [ [ 34.69956, 1.36743 ], [ 34.65125, 1.39159 ], [ 34.65102, 1.44026 ], [ 34.6991, 1.46476 ], [ 34.74742, 1.4406 ], [ 34.74765, 1.39193 ], [ 34.69956, 1.36743 ] ] ] } },
{ "type": "Feature", "properties": { "pop": 2387.0 }, "geometry": { "type": "Polygon", "coordinates": [ [ [ 34.69887, 1.51344 ], [ 34.65056, 1.5376 ], [ 34.65033, 1.58628 ], [ 34.69841, 1.61079 ], [ 34.74672, 1.58662 ], [ 34.74695, 1.53795 ], [ 34.69887, 1.51344 ] ] ] } },
{ "type": "Feature", "properties": { "pop": 5715.0 }, "geometry": { "type": "Polygon", "coordinates": [ [ [ 34.69818, 1.65947 ], [ 34.64987, 1.68363 ], [ 34.64965, 1.73232 ], [ 34.69772, 1.75683 ], [ 34.74603, 1.73267 ], [ 34.74626, 1.68398 ], [ 34.69818, 1.65947 ] ] ] } },
{ "type": "Feature", "properties": { "pop": 16000.0 }, "geometry": { "type": "Polygon", "coordinates": [ [ [ 34.69749, 1.80552 ], [ 34.64919, 1.82969 ], [ 34.64896, 1.87838 ], [ 34.69703, 1.9029 ], [ 34.74534, 1.87873 ], [ 34.74557, 1.83004 ], [ 34.69749, 1.80552 ] ] ] } },
{ "type": "Feature", "properties": { "pop": 2506.0 }, "geometry": { "type": "Polygon", "coordinates": [ [ [ 34.6968, 1.95159 ], [ 34.6485, 1.97577 ], [ 34.64827, 2.02446 ], [ 34.69635, 2.04899 ], [ 34.74465, 2.02481 ], [ 34.74488, 1.97612 ], [ 34.6968, 1.95159 ] ] ] } },
{ "type": "Feature", "properties": { "pop": 2964.0 }, "geometry": { "type": "Polygon", "coordinates": [ [ [ 34.69612, 2.09769 ], [ 34.64782, 2.12187 ], [ 34.64759, 2.17057 ], [ 34.69566, 2.1951 ], [ 34.74395, 2.17092 ], [ 34.74419, 2.12222 ], [ 34.69612, 2.09769 ] ] ] } },
{ "type": "Feature", "properties": { "pop": 2570.0 }, "geometry": { "type": "Polygon", "coordinates": [ [ [ 34.69543, 2.24381 ], [ 34.64713, 2.26799 ], [ 34.6469, 2.3167 ], [ 34.69497, 2.34124 ], [ 34.74326, 2.31705 ], [ 34.74349, 2.26834 ], [ 34.69543, 2.24381 ] ] ] } },
{ "type": "Feature", "properties": { "pop": 6712.0 }, "geometry": { "type": "Polygon", "coordinates": [ [ [ 34.69474, 2.38995 ], [ 34.64645, 2.41414 ], [ 34.64622, 2.46286 ], [ 34.69428, 2.4874 ], [ 34.74257, 2.46321 ], [ 34.7428, 2.41449 ], [ 34.69474, 2.38995 ] ] ] } },
{ "type": "Feature", "properties": { "pop": 3013.0 }, "geometry": { "type": "Polygon", "coordinates": [ [ [ 34.69405, 2.53612 ], [ 34.64576, 2.56031 ], [ 34.64553, 2.60904 ], [ 34.69359, 2.63358 ], [ 34.74188, 2.60939 ], [ 34.74211, 2.56066 ], [ 34.69405, 2.53612 ] ] ] } },
{ "type": "Feature", "properties": { "pop": 882.0 }, "geometry": { "type": "Polygon", "coordinates": [ [ [ 34.69336, 2.68232 ], [ 34.64508, 2.70652 ], [ 34.64485, 2.75525 ], [ 34.6929, 2.7798 ], [ 34.74119, 2.7556 ], [ 34.74142, 2.70686 ], [ 34.69336, 2.68232 ] ] ] } },
{ "type": "Feature", "properties": { "pop": 1582.0 }, "geometry": { "type": "Polygon", "coordinates": [ [ [ 34.69267, 2.82854 ], [ 34.64439, 2.85274 ], [ 34.64416, 2.90149 ], [ 34.69221, 2.92604 ], [ 34.74049, 2.90184 ], [ 34.74073, 2.85309 ], [ 34.69267, 2.82854 ] ] ] } },
{ "type": "Feature", "properties": { "pop": 4185.0 }, "geometry": { "type": "Polygon", "coordinates": [ [ [ 34.7488, 1.14862 ], [ 34.70048, 1.17277 ], [ 34.70025, 1.22143 ], [ 34.74834, 1.24594 ], [ 34.79666, 1.22178 ], [ 34.79689, 1.17312 ], [ 34.7488, 1.14862 ] ] ] } },
{ "type": "Feature", "properties": { "pop": 21807.0 }, "geometry": { "type": "Polygon", "coordinates": [ [ [ 34.74811, 1.2946 ], [ 34.69979, 1.31876 ], [ 34.69956, 1.36743 ], [ 34.74765, 1.39193 ], [ 34.79596, 1.36778 ], [ 34.7962, 1.31911 ], [ 34.74811, 1.2946 ] ] ] } },
{ "type": "Feature", "properties": { "pop": 5787.0 }, "geometry": { "type": "Polygon", "coordinates": [ [ [ 34.74742, 1.4406 ], [ 34.6991, 1.46476 ], [ 34.69887, 1.51344 ], [ 34.74695, 1.53795 ], [ 34.79527, 1.51379 ], [ 34.7955, 1.46511 ], [ 34.74742, 1.4406 ] ] ] } },
{ "type": "Feature", "properties": { "pop": 1867.0 }, "geometry": { "type": "Polygon", "coordinates": [ [ [ 34.74672, 1.58662 ], [ 34.69841, 1.61079 ], [ 34.69818, 1.65947 ], [ 34.74626, 1.68398 ], [ 34.79457, 1.65982 ], [ 34.7948, 1.61114 ], [ 34.74672, 1.58662 ] ] ] } },
{ "type": "Feature", "properties": { "pop": 10052.0 }, "geometry": { "type": "Polygon", "coordinates": [ [ [ 34.74603, 1.73267 ], [ 34.69772, 1.75683 ], [ 34.69749, 1.80552 ], [ 34.74557, 1.83004 ], [ 34.79388, 1.80587 ], [ 34.79411, 1.75718 ], [ 34.74603, 1.73267 ] ] ] } },
{ "type": "Feature", "properties": { "pop": 3871.0 }, "geometry": { "type": "Polygon", "coordinates": [ [ [ 34.74534, 1.87873 ], [ 34.69703, 1.9029 ], [ 34.6968, 1.95159 ], [ 34.74488, 1.97612 ], [ 34.79318, 1.95194 ], [ 34.79341, 1.90325 ], [ 34.74534, 1.87873 ] ] ] } },
{ "type": "Feature", "properties": { "pop": 1918.0 }, "geometry": { "type": "Polygon", "coordinates": [ [ [ 34.74465, 2.02481 ], [ 34.69635, 2.04899 ], [ 34.69612, 2.09769 ], [ 34.74419, 2.12222 ], [ 34.79249, 2.09804 ], [ 34.79272, 2.04934 ], [ 34.74465, 2.02481 ] ] ] } },
{ "type": "Feature", "properties": { "pop": 2726.0 }, "geometry": { "type": "Polygon", "coordinates": [ [ [ 34.74395, 2.17092 ], [ 34.69566, 2.1951 ], [ 34.69543, 2.24381 ], [ 34.74349, 2.26834 ], [ 34.79179, 2.24416 ], [ 34.79202, 2.19545 ], [ 34.74395, 2.17092 ] ] ] } },
{ "type": "Feature", "properties": { "pop": 3112.0 }, "geometry": { "type": "Polygon", "coordinates": [ [ [ 34.74326, 2.31705 ], [ 34.69497, 2.34124 ], [ 34.69474, 2.38995 ], [ 34.7428, 2.41449 ], [ 34.79109, 2.3903 ], [ 34.79133, 2.34159 ], [ 34.74326, 2.31705 ] ] ] } },
{ "type": "Feature", "properties": { "pop": 4747.0 }, "geometry": { "type": "Polygon", "coordinates": [ [ [ 34.74257, 2.46321 ], [ 34.69428, 2.4874 ], [ 34.69405, 2.53612 ], [ 34.74211, 2.56066 ], [ 34.7904, 2.53647 ], [ 34.79063, 2.48775 ], [ 34.74257, 2.46321 ] ] ] } },
{ "type": "Feature", "properties": { "pop": 2542.0 }, "geometry": { "type": "Polygon", "coordinates": [ [ [ 34.74188, 2.60939 ], [ 34.69359, 2.63358 ], [ 34.69336, 2.68232 ], [ 34.74142, 2.70686 ], [ 34.7897, 2.68267 ], [ 34.78994, 2.63393 ], [ 34.74188, 2.60939 ] ] ] } },
{ "type": "Feature", "properties": { "pop": 1892.0 }, "geometry": { "type": "Polygon", "coordinates": [ [ [ 34.74119, 2.7556 ], [ 34.6929, 2.7798 ], [ 34.69267, 2.82854 ], [ 34.74073, 2.85309 ], [ 34.78901, 2.82889 ], [ 34.78924, 2.78015 ], [ 34.74119, 2.7556 ] ] ] } },
{ "type": "Feature", "properties": { "pop": 25732.0 }, "geometry": { "type": "Polygon", "coordinates": [ [ [ 34.79666, 1.22178 ], [ 34.74834, 1.24594 ], [ 34.74811, 1.2946 ], [ 34.7962, 1.31911 ], [ 34.84452, 1.29495 ], [ 34.84475, 1.24629 ], [ 34.79666, 1.22178 ] ] ] } },
{ "type": "Feature", "properties": { "pop": 4290.0 }, "geometry": { "type": "Polygon", "coordinates": [ [ [ 34.79596, 1.36778 ], [ 34.74765, 1.39193 ], [ 34.74742, 1.4406 ], [ 34.7955, 1.46511 ], [ 34.84382, 1.44096 ], [ 34.84405, 1.39229 ], [ 34.79596, 1.36778 ] ] ] } },
{ "type": "Feature", "properties": { "pop": 6139.0 }, "geometry": { "type": "Polygon", "coordinates": [ [ [ 34.79527, 1.51379 ], [ 34.74695, 1.53795 ], [ 34.74672, 1.58662 ], [ 34.7948, 1.61114 ], [ 34.84312, 1.58698 ], [ 34.84335, 1.5383 ], [ 34.79527, 1.51379 ] ] ] } },
{ "type": "Feature", "properties": { "pop": 3054.0 }, "geometry": { "type": "Polygon", "coordinates": [ [ [ 34.79457, 1.65982 ], [ 34.74626, 1.68398 ], [ 34.74603, 1.73267 ], [ 34.79411, 1.75718 ], [ 34.84242, 1.73302 ], [ 34.84265, 1.68433 ], [ 34.79457, 1.65982 ] ] ] } },
{ "type": "Feature", "properties": { "pop": 3030.0 }, "geometry": { "type": "Polygon", "coordinates": [ [ [ 34.79388, 1.80587 ], [ 34.74557, 1.83004 ], [ 34.74534, 1.87873 ], [ 34.79341, 1.90325 ], [ 34.84172, 1.87908 ], [ 34.84195, 1.83039 ], [ 34.79388, 1.80587 ] ] ] } },
{ "type": "Feature", "properties": { "pop": 1569.0 }, "geometry": { "type": "Polygon", "coordinates": [ [ [ 34.79318, 1.95194 ], [ 34.74488, 1.97612 ], [ 34.74465, 2.02481 ], [ 34.79272, 2.04934 ], [ 34.84102, 2.02516 ], [ 34.84125, 1.97647 ], [ 34.79318, 1.95194 ] ] ] } },
{ "type": "Feature", "properties": { "pop": 2444.0 }, "geometry": { "type": "Polygon", "coordinates": [ [ [ 34.79249, 2.09804 ], [ 34.74419, 2.12222 ], [ 34.74395, 2.17092 ], [ 34.79202, 2.19545 ], [ 34.84032, 2.17127 ], [ 34.84055, 2.12257 ], [ 34.79249, 2.09804 ] ] ] } },
{ "type": "Feature", "properties": { "pop": 5941.0 }, "geometry": { "type": "Polygon", "coordinates": [ [ [ 34.79179, 2.24416 ], [ 34.74349, 2.26834 ], [ 34.74326, 2.31705 ], [ 34.79133, 2.34159 ], [ 34.83962, 2.3174 ], [ 34.83985, 2.26869 ], [ 34.79179, 2.24416 ] ] ] } },
{ "type": "Feature", "properties": { "pop": 1157.0 }, "geometry": { "type": "Polygon", "coordinates": [ [ [ 34.79109, 2.3903 ], [ 34.7428, 2.41449 ], [ 34.74257, 2.46321 ], [ 34.79063, 2.48775 ], [ 34.83892, 2.46356 ], [ 34.83916, 2.41484 ], [ 34.79109, 2.3903 ] ] ] } },
{ "type": "Feature", "properties": { "pop": 1445.0 }, "geometry": { "type": "Polygon", "coordinates": [ [ [ 34.7904, 2.53647 ], [ 34.74211, 2.56066 ], [ 34.74188, 2.60939 ], [ 34.78994, 2.63393 ], [ 34.83822, 2.60974 ], [ 34.83846, 2.56101 ], [ 34.7904, 2.53647 ] ] ] } },
{ "type": "Feature", "properties": { "pop": 1641.0 }, "geometry": { "type": "Polygon", "coordinates": [ [ [ 34.7897, 2.68267 ], [ 34.74142, 2.70686 ], [ 34.74119, 2.7556 ], [ 34.78924, 2.78015 ], [ 34.83752, 2.75595 ], [ 34.83776, 2.70722 ], [ 34.7897, 2.68267 ] ] ] } },
{ "type": "Feature", "properties": { "pop": 1223.0 }, "geometry": { "type": "Polygon", "coordinates": [ [ [ 34.84452, 1.29495 ], [ 34.7962, 1.31911 ], [ 34.79596, 1.36778 ], [ 34.84405, 1.39229 ], [ 34.89237, 1.36813 ], [ 34.8926, 1.31946 ], [ 34.84452, 1.29495 ] ] ] } },
{ "type": "Feature", "properties": { "pop": 3254.0 }, "geometry": { "type": "Polygon", "coordinates": [ [ [ 34.84382, 1.44096 ], [ 34.7955, 1.46511 ], [ 34.79527, 1.51379 ], [ 34.84335, 1.5383 ], [ 34.89166, 1.51414 ], [ 34.8919, 1.46547 ], [ 34.84382, 1.44096 ] ] ] } },
{ "type": "Feature", "properties": { "pop": 7112.0 }, "geometry": { "type": "Polygon", "coordinates": [ [ [ 34.84312, 1.58698 ], [ 34.7948, 1.61114 ], [ 34.79457, 1.65982 ], [ 34.84265, 1.68433 ], [ 34.89096, 1.66017 ], [ 34.8912, 1.61149 ], [ 34.84312, 1.58698 ] ] ] } },
{ "type": "Feature", "properties": { "pop": 2664.0 }, "geometry": { "type": "Polygon", "coordinates": [ [ [ 34.84242, 1.73302 ], [ 34.79411, 1.75718 ], [ 34.79388, 1.80587 ], [ 34.84195, 1.83039 ], [ 34.89026, 1.80622 ], [ 34.89049, 1.75754 ], [ 34.84242, 1.73302 ] ] ] } },
{ "type": "Feature", "properties": { "pop": 2462.0 }, "geometry": { "type": "Polygon", "coordinates": [ [ [ 34.84172, 1.87908 ], [ 34.79341, 1.90325 ], [ 34.79318, 1.95194 ], [ 34.84125, 1.97647 ], [ 34.88956, 1.9523 ], [ 34.88979, 1.9036 ], [ 34.84172, 1.87908 ] ] ] } },
{ "type": "Feature", "properties": { "pop": 3459.0 }, "geometry": { "type": "Polygon", "coordinates": [ [ [ 34.84102, 2.02516 ], [ 34.79272, 2.04934 ], [ 34.79249, 2.09804 ], [ 34.84055, 2.12257 ], [ 34.88885, 2.09839 ], [ 34.88909, 2.04969 ], [ 34.84102, 2.02516 ] ] ] } },
{ "type": "Feature", "properties": { "pop": 4887.0 }, "geometry": { "type": "Polygon", "coordinates": [ [ [ 34.84032, 2.17127 ], [ 34.79202, 2.19545 ], [ 34.79179, 2.24416 ], [ 34.83985, 2.26869 ], [ 34.88815, 2.24451 ], [ 34.88839, 2.1958 ], [ 34.84032, 2.17127 ] ] ] } },
{ "type": "Feature", "properties": { "pop": 3451.0 }, "geometry": { "type": "Polygon", "coordinates": [ [ [ 34.83962, 2.3174 ], [ 34.79133, 2.34159 ], [ 34.79109, 2.3903 ], [ 34.83916, 2.41484 ], [ 34.88745, 2.39066 ], [ 34.88768, 2.34194 ], [ 34.83962, 2.3174 ] ] ] } },
{ "type": "Feature", "properties": { "pop": 901.0 }, "geometry": { "type": "Polygon", "coordinates": [ [ [ 34.83892, 2.46356 ], [ 34.79063, 2.48775 ], [ 34.7904, 2.53647 ], [ 34.83846, 2.56101 ], [ 34.88675, 2.53683 ], [ 34.88698, 2.4881 ], [ 34.83892, 2.46356 ] ] ] } },
{ "type": "Feature", "properties": { "pop": 620.0 }, "geometry": { "type": "Polygon", "coordinates": [ [ [ 34.83822, 2.60974 ], [ 34.78994, 2.63393 ], [ 34.7897, 2.68267 ], [ 34.83776, 2.70722 ], [ 34.88604, 2.68302 ], [ 34.88628, 2.63429 ], [ 34.83822, 2.60974 ] ] ] } },
{ "type": "Feature", "properties": { "pop": 4209.0 }, "geometry": { "type": "Polygon", "coordinates": [ [ [ 34.89166, 1.51414 ], [ 34.84335, 1.5383 ], [ 34.84312, 1.58698 ], [ 34.8912, 1.61149 ], [ 34.93951, 1.58733 ], [ 34.93975, 1.53865 ], [ 34.89166, 1.51414 ] ] ] } },
{ "type": "Feature", "properties": { "pop": 4268.0 }, "geometry": { "type": "Polygon", "coordinates": [ [ [ 34.89096, 1.66017 ], [ 34.84265, 1.68433 ], [ 34.84242, 1.73302 ], [ 34.89049, 1.75754 ], [ 34.9388, 1.73337 ], [ 34.93904, 1.68469 ], [ 34.89096, 1.66017 ] ] ] } },
{ "type": "Feature", "properties": { "pop": 2649.0 }, "geometry": { "type": "Polygon", "coordinates": [ [ [ 34.89026, 1.80622 ], [ 34.84195, 1.83039 ], [ 34.84172, 1.87908 ], [ 34.88979, 1.9036 ], [ 34.9381, 1.87943 ], [ 34.93833, 1.83074 ], [ 34.89026, 1.80622 ] ] ] } },
{ "type": "Feature", "properties": { "pop": 9455.0 }, "geometry": { "type": "Polygon", "coordinates": [ [ [ 34.88956, 1.9523 ], [ 34.84125, 1.97647 ], [ 34.84102, 2.02516 ], [ 34.88909, 2.04969 ], [ 34.93739, 2.02552 ], [ 34.93763, 1.97682 ], [ 34.88956, 1.9523 ] ] ] } },
{ "type": "Feature", "properties": { "pop": 7476.0 }, "geometry": { "type": "Polygon", "coordinates": [ [ [ 34.88885, 2.09839 ], [ 34.84055, 2.12257 ], [ 34.84032, 2.17127 ], [ 34.88839, 2.1958 ], [ 34.93669, 2.17163 ], [ 34.93692, 2.12292 ], [ 34.88885, 2.09839 ] ] ] } },
{ "type": "Feature", "properties": { "pop": 5360.0 }, "geometry": { "type": "Polygon", "coordinates": [ [ [ 34.88815, 2.24451 ], [ 34.83985, 2.26869 ], [ 34.83962, 2.3174 ], [ 34.88768, 2.34194 ], [ 34.93598, 2.31776 ], [ 34.93622, 2.26905 ], [ 34.88815, 2.24451 ] ] ] } },
{ "type": "Feature", "properties": { "pop": 1850.0 }, "geometry": { "type": "Polygon", "coordinates": [ [ [ 34.88745, 2.39066 ], [ 34.83916, 2.41484 ], [ 34.83892, 2.46356 ], [ 34.88698, 2.4881 ], [ 34.93527, 2.46392 ], [ 34.93551, 2.41519 ], [ 34.88745, 2.39066 ] ] ] } },
{ "type": "Feature", "properties": { "pop": 434.0 }, "geometry": { "type": "Polygon", "coordinates": [ [ [ 34.88675, 2.53683 ], [ 34.83846, 2.56101 ], [ 34.83822, 2.60974 ], [ 34.88628, 2.63429 ], [ 34.93457, 2.6101 ], [ 34.9348, 2.56137 ], [ 34.88675, 2.53683 ] ] ] } },
{ "type": "Feature", "properties": { "pop": 6958.0 }, "geometry": { "type": "Polygon", "coordinates": [ [ [ 34.93951, 1.58733 ], [ 34.8912, 1.61149 ], [ 34.89096, 1.66017 ], [ 34.93904, 1.68469 ], [ 34.98735, 1.66053 ], [ 34.98759, 1.61185 ], [ 34.93951, 1.58733 ] ] ] } },
{ "type": "Feature", "properties": { "pop": 3682.0 }, "geometry": { "type": "Polygon", "coordinates": [ [ [ 34.9388, 1.73337 ], [ 34.89049, 1.75754 ], [ 34.89026, 1.80622 ], [ 34.93833, 1.83074 ], [ 34.98664, 1.80658 ], [ 34.98688, 1.75789 ], [ 34.9388, 1.73337 ] ] ] } },
{ "type": "Feature", "properties": { "pop": 21783.0 }, "geometry": { "type": "Polygon", "coordinates": [ [ [ 34.9381, 1.87943 ], [ 34.88979, 1.9036 ], [ 34.88956, 1.9523 ], [ 34.93763, 1.97682 ], [ 34.98593, 1.95265 ], [ 34.98617, 1.90396 ], [ 34.9381, 1.87943 ] ] ] } },
{ "type": "Feature", "properties": { "pop": 5228.0 }, "geometry": { "type": "Polygon", "coordinates": [ [ [ 34.93739, 2.02552 ], [ 34.88909, 2.04969 ], [ 34.88885, 2.09839 ], [ 34.93692, 2.12292 ], [ 34.98522, 2.09875 ], [ 34.98546, 2.05005 ], [ 34.93739, 2.02552 ] ] ] } },
{ "type": "Feature", "properties": { "pop": 13161.0 }, "geometry": { "type": "Polygon", "coordinates": [ [ [ 34.93669, 2.17163 ], [ 34.88839, 2.1958 ], [ 34.88815, 2.24451 ], [ 34.93622, 2.26905 ], [ 34.98451, 2.24487 ], [ 34.98475, 2.19616 ], [ 34.93669, 2.17163 ] ] ] } },
{ "type": "Feature", "properties": { "pop": 1496.0 }, "geometry": { "type": "Polygon", "coordinates": [ [ [ 34.93598, 2.31776 ], [ 34.88768, 2.34194 ], [ 34.88745, 2.39066 ], [ 34.93551, 2.41519 ], [ 34.9838, 2.39101 ], [ 34.98404, 2.3423 ], [ 34.93598, 2.31776 ] ] ] } },
{ "type": "Feature", "properties": { "pop": 1223.0 }, "geometry": { "type": "Polygon", "coordinates": [ [ [ 34.93527, 2.46392 ], [ 34.88698, 2.4881 ], [ 34.88675, 2.53683 ], [ 34.9348, 2.56137 ], [ 34.9831, 2.53718 ], [ 34.98333, 2.48846 ], [ 34.93527, 2.46392 ] ] ] } },
{ "type": "Feature", "properties": { "pop": 179.0 }, "geometry": { "type": "Polygon", "coordinates": [ [ [ 34.98806, 1.5145 ], [ 34.93975, 1.53865 ], [ 34.93951, 1.58733 ], [ 34.98759, 1.61185 ], [ 35.0359, 1.58769 ], [ 35.03614, 1.53901 ], [ 34.98806, 1.5145 ] ] ] } },
{ "type": "Feature", "properties": { "pop": 6151.0 }, "geometry": { "type": "Polygon", "coordinates": [ [ [ 34.98735, 1.66053 ], [ 34.93904, 1.68469 ], [ 34.9388, 1.73337 ], [ 34.98688, 1.75789 ], [ 35.03519, 1.73373 ], [ 35.03543, 1.68505 ], [ 34.98735, 1.66053 ] ] ] } },
{ "type": "Feature", "properties": { "pop": 3887.0 }, "geometry": { "type": "Polygon", "coordinates": [ [ [ 34.98664, 1.80658 ], [ 34.93833, 1.83074 ], [ 34.9381, 1.87943 ], [ 34.98617, 1.90396 ], [ 35.03448, 1.87979 ], [ 35.03471, 1.8311 ], [ 34.98664, 1.80658 ] ] ] } },
{ "type": "Feature", "properties": { "pop": 3277.0 }, "geometry": { "type": "Polygon", "coordinates": [ [ [ 34.98593, 1.95265 ], [ 34.93763, 1.97682 ], [ 34.93739, 2.02552 ], [ 34.98546, 2.05005 ], [ 35.03376, 2.02588 ], [ 35.034, 1.97718 ], [ 34.98593, 1.95265 ] ] ] } },
{ "type": "Feature", "properties": { "pop": 4314.0 }, "geometry": { "type": "Polygon", "coordinates": [ [ [ 34.98522, 2.09875 ], [ 34.93692, 2.12292 ], [ 34.93669, 2.17163 ], [ 34.98475, 2.19616 ], [ 35.03305, 2.17199 ], [ 35.03329, 2.12328 ], [ 34.98522, 2.09875 ] ] ] } },
{ "type": "Feature", "properties": { "pop": 113.0 }, "geometry": { "type": "Polygon", "coordinates": [ [ [ 34.98451, 2.24487 ], [ 34.93622, 2.26905 ], [ 34.93598, 2.31776 ], [ 34.98404, 2.3423 ], [ 35.03234, 2.31812 ], [ 35.03258, 2.2694 ], [ 34.98451, 2.24487 ] ] ] } },
{ "type": "Feature", "properties": { "pop": 238.0 }, "geometry": { "type": "Polygon", "coordinates": [ [ [ 34.9838, 2.39101 ], [ 34.93551, 2.41519 ], [ 34.93527, 2.46392 ], [ 34.98333, 2.48846 ], [ 35.03163, 2.46428 ], [ 35.03186, 2.41555 ], [ 34.9838, 2.39101 ] ] ] } },
{ "type": "Feature", "properties": { "pop": 34.0 }, "geometry": { "type": "Polygon", "coordinates": [ [ [ 35.0359, 1.58769 ], [ 34.98759, 1.61185 ], [ 34.98735, 1.66053 ], [ 35.03543, 1.68505 ], [ 35.08374, 1.66089 ], [ 35.08398, 1.61221 ], [ 35.0359, 1.58769 ] ] ] } },
{ "type": "Feature", "properties": { "pop": 1157.0 }, "geometry": { "type": "Polygon", "coordinates": [ [ [ 35.03519, 1.73373 ], [ 34.98688, 1.75789 ], [ 34.98664, 1.80658 ], [ 35.03471, 1.8311 ], [ 35.08302, 1.80694 ], [ 35.08326, 1.75825 ], [ 35.03519, 1.73373 ] ] ] } },
{ "type": "Feature", "properties": { "pop": 599.0 }, "geometry": { "type": "Polygon", "coordinates": [ [ [ 35.03448, 1.87979 ], [ 34.98617, 1.90396 ], [ 34.98593, 1.95265 ], [ 35.034, 1.97718 ], [ 35.08231, 1.95301 ], [ 35.08255, 1.90432 ], [ 35.03448, 1.87979 ] ] ] } }
]
}
