facility_code,facility_name,admin1,admin2,facility_type,latitude,longitude,pop_5km,pop_10km
pUeR6j03GhJ,Alop HC II,Acholi,Agago District,HC II,2.668848,33.4502,3724,17876
FvewOonC8lS,Adilang HC III,Acholi,Agago District,HC III,2.741335,33.475305,8224,23098
G51dLKvQTxh,David Fagerlee's  Medical Centre,Acholi,Agago District,HC II,2.743743,33.477844,8068,23068
RHk4V3ZlFbx,Lukole HC III,Acholi,Agago District,HC III,2.835436,33.338962,9083,31890
wLkwoyLOOZe,Acuru HC II,Acholi,Agago District,HC II,2.925697,33.192796,2559,13389
cPeDqm6vYHn,Obolokome (Lira) HC II,Acholi,Agago District,HC II,2.820513,33.193728,6424,30007
QaoM6583QZW,Otumpili HC II,Acholi,Agago District,HC II,2.825156,33.388625,4953,24829
aKoVWgIufTx,Acholpii HC III,Acholi,Agago District,HC III,2.731935,33.050428,5701,21657
WgXtPbUAyJD,Geregere HC II,Acholi,Agago District,HC II,2.769527,33.234658,11372,44660
y8q1syPdfdK,Kalongo Ambrosoli Memorial Hospital,Acholi,Agago District,General Hospital,3.04341,33.37204,19804,40260
eVHfL3dqKR5,Onudapet HC II,Acholi,Agago District,HC II,2.640292,33.405462,4010,16657
xErihzThO6h,Kotomor HC III,Acholi,Agago District,HC III,2.643039,33.348372,6203,23564
s21e0ARLfsE,Odokomit HC II,Acholi,Agago District,HC II,2.639486,33.273415,9136,29298
TTIgbcijnJz,Kuywee HC II,Acholi,Agago District,HC II,3.057506,33.302483,3860,27641
IOuCAfFo6J4,Toroma HC II,Acholi,Agago District,HC II,3.091677,33.27052,3694,15688
RM8vegpr7j7,Paimol HC III,Acholi,Agago District,HC III,3.123609,33.432854,9071,27934
gEJIdy608EI,Lamiyo HC III,Acholi,Agago District,HC III,2.807232,33.055155,4195,28129
fIGI5AZsJHF,Kwonkic HC II,Acholi,Agago District,HC II,2.811759,33.111148,6875,34159
h0zUXZyCyJL,Ligiligi HC II,Acholi,Agago District,HC II,2.750191,33.427424,7783,23971
CYCMFtMgnfI,Orina HC II,Acholi,Agago District,HC II,2.712824,33.423227,6801,24423
DjuTQL7H5ck,Amyel HC II,Acholi,Agago District,HC II,2.940914,33.470324,7405,20435
pBrduMkhHQy,Lira Kaket HC II,Acholi,Agago District,HC II,2.982532,33.462597,6939,23554
ifSPcuzT8Iw,Ogwang Kamolo HC II,Acholi,Agago District,HC II,2.939501,33.441621,6614,22371
ajeoW3M1Tvm,Ongalo HC II,Acholi,Agago District,HC II,2.987945,33.434993,6461,36824
a9ZI6jNBqXx,Lira Kato HC III,Acholi,Agago District,HC III,2.868972,33.487996,4897,16053
aGfndLfPcOz,Abilonino HC II,Acholi,Agago District,HC II,2.879034,33.438764,4127,19632
aNM5X9P50rl,Lira Palwo HC III,Acholi,Agago District,HC III,2.786579,33.160548,9711,30094
ldVk8civU6m,St. Janani HC II,Acholi,Agago District,HC II,2.782428,33.166426,9858,30622
o919aB1NWyq,Lanyirinyiri HC II,Acholi,Agago District,HC II,2.749782,33.184894,9771,33279
FHLViw9IqR6,Lapirin HC III,Acholi,Agago District,HC III,2.860853,33.276642,5794,22815
zfMY9GBN26I,Olung HC II,Acholi,Agago District,HC II,2.922139,33.366326,5029,18904
gvwYnobdOdM,Layita HC II,Acholi,Agago District,HC III,3.271141,33.415952,4097,13304
p1eA0ghuSyR,Omiya Pacwa HC II,Acholi,Agago District,HC II,3.193472,33.44343,6316,18225
GzIVh9blxSN,Omot HC II,Acholi,Agago District,HC III,2.692556,33.209908,7703,31639
ASNnd0et215,Kokil HC II,Acholi,Agago District,HC II,3.061405,33.423601,14820,41994
err2diilQ8C,Pakor HC II,Acholi,Agago District,HC II,3.088585,33.374828,7779,39124
w9mcV8YwoKa,Pacer HC II,Acholi,Agago District,HC III,2.983858,33.331009,5566,29280
mErpRZrtmz8,Kabala HC II,Acholi,Agago District,HC II,2.984033,33.369986,7466,35015
oUcwyNtRzrb,Patongo HC IV,Acholi,Agago District,HC IV,2.760376,33.311819,19611,44281
fN5JzGLE8gv,Okwadoko HC II,Acholi,Agago District,HC II,3.156584,33.169552,7723,23292
qOIHRAbHyeu,Wol HC III,Acholi,Agago District,HC III,3.12226,33.22395,7315,19157
LPjcTTbfcGL,Okungedi HC II,Acholi,Amuru District,HC II,2.877835,31.939399,5090,26287
aFgrVHVDqoZ,Amuru Lacor HC III,Acholi,Amuru District,HC III,2.811959,31.93769,13957,32862
Tvayfd3cIU2,Labongogali HC III,Acholi,Amuru District,HC III,2.81497,32.018286,6078,29217
OJYXXSC87rV,Oberabic HC II,Acholi,Amuru District,HC II,2.914859,31.966638,3390,15146
UJ0t5BYVpBM,Amuru HC II,Acholi,Amuru District,HC II,2.819629,31.923052,14737,33125
rnSuCabTqe3,Otwee HC III,Acholi,Amuru District,HC III,2.805735,31.859404,9617,29537
VdSMFKnHeyT,Mother Health International,Acholi,Amuru District,HC II,3.2837,32.119426,8273,17291
kJ8CMUMloVu,Okidi HC II,Acholi,Amuru District,HC II,3.266826,32.22376,1498,9012
awjedeMiWo3,Pacilo HC II,Acholi,Amuru District,HC II,3.321137,32.10615,4137,15109
r6JsqcaIqQh,Sacred Heart HC II (Atiak Subcounty),Acholi,Amuru District,HC II,3.2837,32.119426,8273,17291
i5CDWEBfo9n,Atiak HC IV,Acholi,Amuru District,HC IV,3.255633,32.120378,9148,18085
N00TPmBoIls,Bibia HC III,Acholi,Amuru District,HC III,3.472603,32.06728,5572,15842
mYGNn9Bx0OH,Parabongo HC II,Acholi,Amuru District,HC II,2.906365,32.152688,10618,42706
Y1aTreUsUZn,Otici HC II,Acholi,Amuru District,HC II,2.953022,32.012936,3199,15113
l25J2D2A6R3,Guruguru HC II,Acholi,Amuru District,HC II,2.910468,32.078893,5823,30219
vnIPfEUR8ce,Olwal HC III,Acholi,Amuru District,HC III,2.837736,32.07898,8901,31031
XdXAfIaLuld,Awer HC II,Acholi,Amuru District,HC II,2.839922,32.175022,20579,57856
jWmjHpZqNtY,Kaladima HC III,Acholi,Amuru District,HC III,2.82238,32.139215,15118,50571
AJxamlmKn2x,Keyo HC II,Acholi,Amuru District,HC II,2.811973,32.188865,24120,91016
UZYxp87I4oX,Keyo Medical Centre HC II,Acholi,Amuru District,HC II,2.810001,32.189007,24138,92276
M5YKLYHpU1v,Mutema HC II,Acholi,Amuru District,HC II,2.881456,31.872985,4094,23975
llrIsQDjqka,Omee I HC II,Acholi,Amuru District,HC II,2.852568,31.770991,3140,14077
TjOqyM8ZMii,Palukere HC II,Acholi,Amuru District,HC II,3.16532,32.159401,3874,14588
mNeUlm3SpRz,Pawel HC III,Acholi,Amuru District,HC III,3.09435,32.157624,5108,24285
VomjjgKAFjr,Apaa HC II,Acholi,Amuru District,HC II,2.97363,31.715275,1401,6142
UDIcZADBS92,Bira HC II,Acholi,Amuru District,HC II,3.064758,32.108274,6787,37584
a2a7qNyJg9j,Otong HC II,Acholi,Amuru District,HC II,3.017417,32.195858,10961,43800
am0vQYNJohR,Jengari HC II,Acholi,Amuru District,HC II,2.946616,32.138015,13964,49062
C8i6PL7Rmim,Odokonyero HC II,Acholi,Amuru District,HC II,2.97245,32.106046,15963,47582
goyzaXgJl7C,Pabo Medical and Maternity Clinic,Acholi,Amuru District,Clinic,3.000579,32.137072,26651,48114
rYNfPnt4Wko,Pabbo (Govt) HC III,Acholi,Amuru District,HC III,2.999294,32.141495,26705,48305
FNTxj1oKTQd,Lacor-Pabbo HC III,Acholi,Amuru District,HC III,3.008099,32.144627,26741,47465
a4QeS81YJ8z,Olinga HC II,Acholi,Amuru District,HC II,3.059338,32.032157,3255,16433
a5pTJ9dZfZV,Pogo HC III,Acholi,Amuru District,HC II,3.203807,32.045818,2777,13774
JIhuoOFwtAr,Light Rays Uganda HC II,Acholi,Gulu City,HC II,2.770688,32.248454,86443,260230
aRBRoPNJuhf,Marie Stopes Uganda Gulu HC II,Acholi,Gulu City,HC II,2.774532,32.297878,194697,261152
F2C1BkGVMSW,Oitino HC II,Acholi,Gulu City,HC II,2.80716,32.235277,37381,233269
jysVbegOvJ8,Pikwo Medical Centre Clinic,Acholi,Gulu City,Clinic,2.776228,32.290047,196942,261751
aPsvoBYxsDS,St. Mary's  Hospital Lacor,Acholi,Gulu City,General Hospital,2.765965,32.252295,97360,260238
aoBupw5zrMP,Comboni Samaritans HC II,Acholi,Gulu City,HC II,2.759193,32.29009,188554,261072
PDrCI0KZp8c,St. Monica HC II,Acholi,Gulu City,HC II,2.769779,32.289016,196408,262140
LPJ8Gxge7ig,St. Philip HC II,Acholi,Gulu City,HC II,2.764646,32.274944,181015,262783
asZMKtqcAd9,Victory Medical Centre Clinic (Laroo) HC II,Acholi,Gulu City,Clinic,2.770455,32.29714,194589,261484
gNOc58wzKHx,Child Care Community Centre,Acholi,Gulu City,HC II,2.819564,32.290396,68328,250386
RsY5tCgiuHp,Gulu Independent Hospital,Acholi,Gulu City,General Hospital,2.776519,32.290091,196848,261717
x1UaYpPwx6c,Gulu Military Hospital,Acholi,Gulu City,General Hospital,2.779875,32.280798,188353,263050
i7JbInoEb2D,Gulu Prison HC III,Acholi,Gulu City,HC III,2.770191,32.292896,196116,261791
S0RHvHct4uS,International Medical Centre Clinic,Acholi,Gulu City,Clinic,2.777002,32.294284,196169,261165
jnS54maqjwy,Kony-Kwo Clinic,Acholi,Gulu City,Clinic,2.765609,32.248846,85387,259235
n8DIemz1Xoh,Layibi Techo HC III,Acholi,Gulu City,HC III,2.745584,32.292266,161281,256067
aKP6B0Z5nbZ,Bardege HC III,Acholi,Gulu City,HC III,2.794789,32.293181,163926,258186
YLwAhOTWHrQ,Alokolum HC II,Acholi,Gulu City,HC II,2.755539,32.227290000000004,42091,235783
UpumtCGZcN0,Glanhor Clinic,Acholi,Gulu City,Clinic,2.754792,32.302596,175710,259479
LIuykl04kI9,Good Hope Medical Centre (Gulu) Clinic,Acholi,Gulu City,Clinic,2.769862,32.296484,194878,261547
kG0Pg9QsbJM,St. Nektarios Orthodox HC III,Acholi,Gulu City,HC III,2.837696,32.318789,24352,195352
rigBgTrixkr,Unyama HC II,Acholi,Gulu City,HC II,2.796725,32.348527,56860,234752
atGRMXTBJaA,TASO Gulu Special Clinic,Acholi,Gulu City,Clinic,2.776794,32.299329,192894,260720
b2LlvIFGc5U,AAR Gulu Clinic,Acholi,Gulu City,Clinic,2.772942,32.298497,194037,261249
CkUZza1MI3Y,Agonga Karine Community HC II,Acholi,Gulu City,HC II,2.819524,32.2905,68501,250389
aE0Yzd3YZQ9,Aywee HC III,Acholi,Gulu City,HC III,2.757654,32.316856,166636,258187
pXRws5D6wrR,Community Clinic,Acholi,Gulu City,Clinic,2.770935,32.298653,193456,261367
aLYCBzAcgPU,Fitzmann Medical and Dental Clinic,Acholi,Gulu City,Clinic,2.771777,32.300983,191644,261199
DgcoJ3W21vA,Flama Uganda HC II,Acholi,Gulu City,HC II,2.774748,32.299626,193237,260993
afGTmR6EesS,Gulu Police HC III,Acholi,Gulu City,HC III,2.771163,32.302495,190103,261199
QDc7Wijvfca,Gulu Regional Referral Hospital,Acholi,Gulu City,RRH,2.777541,32.298886,192960,260641
GDyo7zIJZ29,Gulu University HC II,Acholi,Gulu City,HC II,2.787377,32.316154,166645,256561
qZUu0ylcHTa,Gulu Youth Centre HC II,Acholi,Gulu City,HC II,2.782387,32.300399,188867,259599
huR6kAEICw4,Karin Medical Centre HC III,Acholi,Gulu City,HC III,2.816177,32.33498,46051,230068
FvZUwmuSrzB,Lapeta HC II,Acholi,Gulu City,HC II,2.825758,32.325185,38885,224624
elqHQKpMveQ,Laroo HC III,Acholi,Gulu City,HC III,2.785601,32.324877,155311,255047
pD07V67nAEZ,Mary Queen Of Peace HC III,Acholi,Gulu City,HC III,2.792912,32.366022,24786,214370
Vc52QmdPT1X,Mola Medical Centre Clinic,Acholi,Gulu City,Clinic,2.773002,32.300118,192661,261139
y6obJSQlHLE,Musgrave HC II,Acholi,Gulu City,HC II,2.766426,32.344621,107323,245513
CM43BBuBghi,Pece Awel HC III,Acholi,Gulu City,HC III,2.770335,32.310045,182689,260913
MRK5dHBnvSw,Pece Prisons HC II,Acholi,Gulu City,HC II,2.776443,32.317663,174964,259201
DCyQXcoWZw7,Pilwak Clinic (Pece) HC II,Acholi,Gulu City,Clinic,2.765195,32.29946,190188,261396
o3GWM4VVhQy,Reproductive Health Uganda (Gulu) HC II,Acholi,Gulu City,HC II,2.775286,32.302782,190385,260750
XpSHs0t1rtF,St. Mauritz HC III,Acholi,Gulu City,HC III,2.800341,32.302196,143724,254688
Z1dfGmIoSeF,Awach HC IV,Acholi,Gulu District,HC IV,2.967422,32.40162,12764,32054
F6wXWJHDAlo,Gwengdiya HC II,Acholi,Gulu District,HC II,2.9316,32.336749,6674,36136
WKobZy8pNwR,Punena HC II,Acholi,Gulu District,HC II,2.877292,32.286114,9426,58615
KBjtlZguP00,Coope HC II,Acholi,Gulu District,HC II,2.858875,32.278128,13929,107019
dIbIL5tIcDi,Lukodi HC II,Acholi,Gulu District,HC II,2.913809,32.299451,7569,30731
UH56sJpuPoN,Rwotobilo HC II,Acholi,Gulu District,HC II,2.899117,32.226768,6218,41197
ZEEW8QXy1sS,Omel HC III,Acholi,Gulu District,HC III,2.876609,32.582281,2824,13211
PQ5WTEpxw8U,Lugore Prisons HC II,Acholi,Gulu District,HC II,3.049712,32.343156,6524,24337
Gzcd4Zsd8iB,Lugore HC II,Acholi,Gulu District,HC II,3.047497,32.353593,5987,25238
UgqKAVxjbex,Pugwinyi HC II,Acholi,Gulu District,HC II,2.957975,32.207429,6016,46141
WleyUUQfJK6,Pabwo HC III,Acholi,Gulu District,HC III,2.844617,32.216728,16050,89096
gtVTKwveKEE,Paibona HC II,Acholi,Gulu District,HC II,3.018144,32.453271,3723,18823
apGje3lIGEP,Cwero HC III,Acholi,Gulu District,HC III,2.922571,32.514097,5384,20567
RefkDqDX6jq,Gracius Clinic and Maternity Home,Acholi,Gulu District,Clinic,2.924162,32.518822,5176,19862
cStwSlODOpK,Kal Alii HC II,Acholi,Gulu District,HC II,2.897302,32.454584,10036,32437
qb4Et8MqIZt,Paicho Medical Centre,Acholi,Gulu District,Clinic,2.894706,32.450207,10102,33074
CQ5zCINpLm3,Te-Ato HC II,Acholi,Gulu District,HC II,2.816439,32.454647,6765,31306
ltWFhjfI6qF,Labworomor HC III,Acholi,Gulu District,HC III,3.114663,32.365199,5120,12647
bRt4VDvHDPQ,Oroko HC II,Acholi,Gulu District,HC II,3.28226,32.365073,2395,6138
NsNbvtaMOK2,Pawel Angany HC II,Acholi,Gulu District,HC II,3.023405,32.249266,5025,28445
T5RAXrLQCD6,Patiko HC III,Acholi,Gulu District,HC III,3.014087,32.324666,10736,28598
EutuLBY58L0,Pukony HC II,Acholi,Gulu District,HC II,2.964352,32.459859,5959,29109
P2sdfoxH0a7,Angaya HC III,Acholi,Gulu District,HC III,2.838155,32.379013,12241,74058
z2LfysbyF9U,Kitgum Hospital,Acholi,Kitgum District,General Hospital,3.294849,32.881659,60937,85699
f7pQNP83wd9,Kitgum Maternity and Medical Centre Clinic,Acholi,Kitgum District,Clinic,3.297117,32.880667,61013,85853
v3S6pvqS63U,Kitgum Police HC II,Acholi,Kitgum District,HC II,3.295591,32.874735,60081,85757
MvWfNbmsyfy,Kitgum Prison HC II,Acholi,Kitgum District,HC II,3.293648,32.874892,59927,85678
XyQOt9FlVin,Maternity Home HC II,Acholi,Kitgum District,HC II,3.297093,32.880905,61034,85849
FW0YzouB8dl,Meeting Point HC II,Acholi,Kitgum District,HC II,3.293442,32.882121,60867,85595
k1Ady0jT3QS,Bregma HC II,Acholi,Kitgum District,HC II,3.287926,32.882018,60024,85232
ifmbldJaNrM,Bmj Medical Clinic,Acholi,Kitgum District,Clinic,3.298138,32.877743,60730,85905
OSehC9j4JV1,Irene Gleeson Foundation HC II,Acholi,Kitgum District,HC II,3.283134,32.874136,57382,85180
aY4QRB6dKBj,Capricon Medical Clinic,Acholi,Kitgum District,Clinic,3.297742,32.877377,60657,85884
aKgreJPVnve,Kitgum-Matidi HC III,Acholi,Kitgum District,HC III,3.267744,33.050422,18280,30692
GFklTLJ61aK,Obyen HC II,Acholi,Kitgum District,HC II,3.328375,33.055256,4382,31830
f33lKK2tJNV,Pajimo HC III,Acholi,Kitgum District,HC III,3.324679,32.801812,8638,56023
QpXYf9Wb3CQ,Pajimo Military HC II,Acholi,Kitgum District,HC II,3.334289,32.793029,7947,35947
mWCozaybY0V,Tumangu HC II,Acholi,Kitgum District,HC II,3.233684,32.746872,1266,6685
resqo4n29Tk,Gweng-Coo HC II,Acholi,Kitgum District,HC II,3.219156,32.881961,8239,63966
ayBEw3mzXtd,Lukwor HC II,Acholi,Kitgum District,HC II,3.287398,32.945318,10955,84397
MxcpmhA0rrA,Okidi HC III,Acholi,Kitgum District,HC III,3.212006,32.823781,2910,20687
WgmL7qQcVxV,Loborom HC III,Acholi,Kitgum District,HC III,3.373378,32.910656,8303,56092
aWMoXZucGiV,Akuna Laber HC III,Acholi,Kitgum District,HC III,3.207886,33.096511,6100,31755
qDsAKcIKGZy,Lakwor HC II,Acholi,Kitgum District,HC II,3.183584,33.059356,3015,22502
lYrwiBVHAUv,Oryang Kulu Kwach HC II,Acholi,Kitgum District,HC II,3.231038,32.973239,5694,39443
ZrUF32ffNp7,Pawidi HC II,Acholi,Kitgum District,HC II,3.256738,33.090582,14655,33692
GYYFVZOZ3gz,Lagot HC II,Acholi,Kitgum District,HC II,3.388031,33.132933,1631,8064
qKGMj34R5qZ,Mucwini HC III,Acholi,Kitgum District,HC III,3.410502,33.023089,11340,22146
VGQoNrPWxFI,Pudor HC II,Acholi,Kitgum District,HC II,3.376995,32.977356,8574,28848
iqr4dCf6xsU,Namokora HC IV,Acholi,Kitgum District,HC IV,3.348807,33.339213,7269,16483
MObVMkBVjki,Omiya Anyima HC III,Acholi,Kitgum District,HC III,3.266765,33.207464,9930,23299
auzlyXb92mq,Orom HC III,Acholi,Kitgum District,HC III,3.408904,33.467947,5443,11333
Kz91AKphExv,Lalekan HC II,Acholi,Kitgum District,HC II,3.484765,33.410688,1678,6364
QgpawnbKpCj,Akurumor HC II,Acholi,Kitgum District,HC II,3.450609,33.654287,2173,7424
GHx4dLfIox3,Akilok HC II,Acholi,Kitgum District,HC II,3.551634,33.485393,2336,5011
bGukebSAb69,St. Phillip's  Medical Clinic,Acholi,Kitgum District,Clinic,3.306532,32.880733,60637,86203
CK05rJs1H25,Diocese Of Kitgum HC II,Acholi,Kitgum District,HC II,3.308159,32.871777,58567,85637
g6xaEQ1fTQS,St. Joseph's  Kitgum Hospital,Acholi,Kitgum District,General Hospital,3.302925,32.892546,61215,85726
nfcZPqAomrp,Yot Kom Hospital,Acholi,Kitgum District,General Hospital,3.284505,32.88808,59776,84701
JEOnniXpbdj,Kitgum Youth Center Clinic,Acholi,Kitgum District,Clinic,3.29712,32.885919,61397,85706
mrFe7PfavEW,Nimaro Medical Clinic,Acholi,Kitgum District,Clinic,3.294289,32.888318,61342,85374
zC42y3uy5hp,Pandwong HC III,Acholi,Kitgum District,HC III,3.29802,32.8807,61072,85903
v6eIpzse4SO,New Life HC III,Acholi,Kitgum District,HC III,3.293369,32.886761,61217,85394
V3tE4k6mED1,Pawach HC II,Acholi,Lamwo District,HC II,3.693361,32.930199,1845,7645
tvKjvN8d4rR,Agoro HC III,Acholi,Lamwo District,HC III,3.800489,33.018115,5333,12858
a0zKrkhl5M6,Potika HC II,Acholi,Lamwo District,HC II,3.718787,32.880755,1980,7025
f7QBXazOuB2,Pearl Medical Centre Clinic,Acholi,Lamwo District,Clinic,3.464663,31.248056,108369,242178
MV2QkTgUIz1,Lokung HC III,Acholi,Lamwo District,HC III,3.592157,32.707255,8836,17117
PeqFGkxMSjw,Pearl Medical Center Clinic,Acholi,Lamwo District,Clinic,3.593706,32.716391,8875,17322
XBRMWAS3FO2,Dibolyec HC II,Acholi,Lamwo District,HC II,3.657412,32.740901,1980,14222
ahIE2es9s39,Ngomoromo HC II,Acholi,Lamwo District,HC II,3.686463,32.589072,1341,6192
fnse10SronT,Pangira HC II,Acholi,Lamwo District,HC II,3.613321,32.65296,2748,13211
Z3lDSWMFUyS,Madi-Opei HC IV,Acholi,Lamwo District,HC IV,3.603996,33.087528,3907,7249
t7sCLD2E7gA,Okol HC II,Acholi,Lamwo District,HC II,3.521562,33.069421,1189,6095
emDq7VMiwIp,Romeo HC II,Acholi,Lamwo District,HC II,3.567844,33.081705,2410,7104
p1DN5s8Iw8F,Ogako HC II,Acholi,Lamwo District,HC II,3.463275,32.894065,5223,23507
a4WmbJQWIME,Katum HC II,Acholi,Lamwo District,HC III,3.565492,32.817039,3006,18303
U1ijnXGUuGE,St. Peter and Paul HC III,Acholi,Lamwo District,HC III,3.484769,32.82461,12597,27367
H026HbOAZFN,Padibe HC IV,Acholi,Lamwo District,HC IV,3.487513,32.816435,12512,27289
pulKKykB9je,Madi Kiloch HC II,Acholi,Lamwo District,HC II,3.424041,32.734949,3618,14662
K74ysFimUwH,Padibe West HC III,Acholi,Lamwo District,HC III,3.451703,32.772551,6323,24818
bLzMzz5fzGQ,Anaka HC II,Acholi,Lamwo District,HC II,3.359264,32.567688,1572,12510
gzqo9YKPZx1,Cubu Community HC II,Acholi,Lamwo District,HC II,3.251458,32.653954,1111,4310
aNW8E8PWwck,Palabek-Gem HC III,Acholi,Lamwo District,HC III,3.378146,32.65255,3731,12716
Js1aBKNVudQ,Pauma HC II,Acholi,Lamwo District,HC II,3.495472,32.557311,1977,12135
VLi163AL9A0,Palabek-Kal HC III,Acholi,Lamwo District,HC IV,3.434002,32.582028,8724,16689
p0bIifvmV47,Kapeta HC II,Acholi,Lamwo District,HC II,3.506744,32.589391,1907,12077
lmi2JiLawTV,Palabek Ogili HC III,Acholi,Lamwo District,HC III,3.409538,32.498022,2689,11408
BqmsCq2bJXK,Paluda HC III,Acholi,Lamwo District,HC III,3.360921,32.441757,1211,5335
mG8iTKOSCCi,Apyeta HC II,Acholi,Lamwo District,HC II,3.371314,32.415451,1107,4623
uhK5lYkfbvk,Awich HC II,Acholi,Lamwo District,HC III,3.376829,32.453749,1921,5704
aod4x8edzQu,Paloga HC III,Acholi,Lamwo District,HC III,3.592041,32.944047,5353,11018
EPyMwPkmKPx,Alero HC III,Acholi,Nwoya District,HC III,2.687243,32.025424,11982,28274
i37kvNZojdz,God's  Mercy HC II,Acholi,Nwoya District,HC II,2.59446,31.959357,24847,46299
hA3RIyJEMci,NUMES Medical Centre,Acholi,Nwoya District,HC II,2.599162,31.949447,24227,45642
PgRLMNQdejC,Anaka Hospital,Acholi,Nwoya District,General Hospital,2.59982,31.947921,24049,45527
Y6HWuEiOwo8,St. Francis HC II,Acholi,Nwoya District,HC II,2.595972,31.95305,24691,46061
s6nvpDfR2Vg,Exodus HC II,Acholi,Nwoya District,HC II,2.598334,31.95197,24468,45796
Fx43OzTkOmx,Todora HC II,Acholi,Nwoya District,HC III,2.489571,31.93322,7438,23082
XNgY6vmosgX,St. Andrew HC II,Acholi,Nwoya District,HC II,2.538745,31.995268,9365,38600
u3JBwviodwN,Latoro HC II,Acholi,Nwoya District,HC II,2.565984,31.64553,1035,4399
JzFXi2QJM1b,Flama HC II,Acholi,Nwoya District,HC II,2.606318,32.17005,9633,25334
BiL6e2ZKUCO,Palwak HC II,Acholi,Nwoya District,HC II,2.604998,32.172734,9674,25625
NdIteLoT2FC,Koch Goma HC III,Acholi,Nwoya District,HC III,2.602978,32.170241,9618,25131
rKGazd2JbUJ,Corom HC II,Acholi,Nwoya District,HC II,2.62998,32.029094,7994,39474
IgWKJ3pwQKT,St. Stefano Campagnolo Memorial HC II,Acholi,Nwoya District,HC II,2.5986,32.100227,3664,20233
uG6WV4UKNaB,Koch Lii HC III,Acholi,Nwoya District,HC III,2.478293,32.215691,5184,22519
d9upGtVO7uQ,Chobe Safari Lodge HC II,Acholi,Nwoya District,HC II,2.242376,32.135953,7927,19074
GHuhd5Ob0aS,Panokrach HC II,Acholi,Nwoya District,HC II,2.78042,31.927358,10797,31727
TF8Nekqc89W,Goodsheperd HC II,Acholi,Nwoya District,HC II,2.642744,32.001254,10170,44860
u5RZ36WcsNN,Lulyango HC II,Acholi,Nwoya District,HC II,2.644577,31.893491,5128,30096
w4z6Vt9nkBs,Langol HC II,Acholi,Nwoya District,HC II,2.740038,32.116425,5338,28998
tvBHeHr19vb,Paraa Safari Lodge HC II,Acholi,Nwoya District,Clinic,2.289868,31.57236,6715,15733
PaFDdt89chv,Wiianaka HC II,Acholi,Nwoya District,HC II,2.579479,31.775415,1411,8026
MT5KksXURUZ,Aparanga HC II,Acholi,Nwoya District,HC II,2.554611,31.902248,9468,43720
VP7U4YcD16g,Kibar HC II,Acholi,Nwoya District,HC III,2.510663,31.841127,4574,15838
fZ4QbeGxt8t,Purongo HC III,Acholi,Nwoya District,HC III,2.536737,31.840597,5512,16263
fOcpxbnY878,Lakony Medcal Centre,Acholi,Nwoya District,HC II,2.535218,31.838149,5370,15672
JryqknC2SNp,Abwoch HC II,Acholi,Omoro District,HC III,2.705039,32.281815,20731,208334
U7bVIR5Teiu,Patuda HC II,Acholi,Omoro District,HC II,2.740782,32.259636,82949,250865
b5RkGqLLhrM,Acet HC II,Acholi,Omoro District,HC III,2.684809,32.655673,13303,32254
zardxfXWmkO,Awoo HC II,Acholi,Omoro District,HC III,2.531977,32.414163,13641,63383
TDEdS0suFyQ,Minakulu (Bobi) HC II,Acholi,Omoro District,HC II,2.49953,32.368051,19010,62888
H3WUcWzPtWb,Tekulu HC II,Acholi,Omoro District,HC III,2.490587,32.42415,14645,68850
QScw1OtIUHL,Heritage Clinic,Acholi,Omoro District,Clinic,2.555063,32.35737,14413,51489
tbLOoJ5HpgT,Lela-Obaro HC II,Acholi,Omoro District,HC II,2.578218,32.276727,7665,37376
bah36yY0P6q,Bobi HC III,Acholi,Omoro District,HC III,2.576826,32.353207,14546,49193
qKVewTpVtG6,Lakwatomer HC II,Acholi,Omoro District,HC III,2.695394,32.415916,9261,39922
n4iwSO6iule,Mother Angioletta Memorial Clinic,Acholi,Omoro District,HC II,2.696838,32.315691,15994,174238
VY8NMzd0015,Robos Medical Centre,Acholi,Omoro District,Clinic,2.749512,32.397702,12022,114728
Tujdv27pLc6,Safe Life Clinic,Acholi,Omoro District,Clinic,2.698465,32.315346,16854,180645
IewGdN6LaWm,Emmanuel Clinic (Koro) HC II,Acholi,Omoro District,Clinic,2.667132,32.299247,10883,65134
oYdsJ8kS1JS,Koro Abili HC II,Acholi,Omoro District,HC II,2.658896,32.326059,11829,49007
EsXcenXz99W,Lapainat HC III,Acholi,Omoro District,HC III,2.724769,32.35761,19173,193785
ede2KlZ1gtL,Lanenober HC III,Acholi,Omoro District,HC III,2.631698,32.419579,10124,48728
Fw6WydOY9UR,Lujorongole HC II,Acholi,Omoro District,HC II,2.629734,32.364352,11584,46081
Uu40YoS0Mvr,Lukwir HC II,Acholi,Omoro District,HC II,2.732561,32.481155,5905,29852
fLGGzlZfyOJ,Dream Centre HC III,Acholi,Omoro District,HC III,2.686525,32.446886,8592,40551
SsSHoj0KsxS,Loyoajonga HC III,Acholi,Omoro District,HC III,2.750251,32.547627,5360,19876
Dxbu2QPZahI,Lalogi HC IV,Acholi,Omoro District,HC IV,2.632726,32.567344,12602,43602
mUIJECKoemN,Vision Medical Centre HC II,Acholi,Omoro District,HC II,0.334494,32.555262,843610,2503140
yEukLFOEQ1X,Dino HC II,Acholi,Omoro District,HC II,2.621961,32.746083,9932,51221
aaEtUWpmosm,Acet Community Oriented Clinic,Acholi,Omoro District,Clinic,2.686718,32.656759,13325,31772
avi5fZrFoo0,St. Peters Awere HC II,Acholi,Omoro District,HC II,2.683964,32.785912,10663,27951
RyuiNh0Ldqs,Odek HC III,Acholi,Omoro District,HC III,2.68221,32.725901,8436,36396
uGfXrLtYv7J,Lacor Opit HC III,Acholi,Omoro District,HC III,2.615221,32.475144,16746,47667
UUxtPvznkZX,Flama Uganda,Acholi,Omoro District,Clinic,2.612598,32.476495,16724,48173
I2psFCABsSs,Tegot HC II,Acholi,Omoro District,HC II,2.605508,32.470651,17188,48453
du8F23WZLMw,Ongako HC III,Acholi,Omoro District,HC III,2.674801,32.229826,8865,41804
aGQqkkQQzXc,Binya HC II,Acholi,Omoro District,HC III,2.744559,32.666382,5060,24067
xxukfjPreUj,Palenga HC II,Acholi,Omoro District,HC II,2.622559,32.324292,12780,41652
aCeYBPSHvrT,Okinga HC III,Acholi,Pader District,HC III,3.083369,32.843806,10658,28525
KgFiiUmrRxI,Acholi-Bur HC III,Acholi,Pader District,HC III,3.154395,32.915702,10459,28974
DEr5sDrC7T2,Amilobo HC II,Acholi,Pader District,HC II,3.062018,32.72508,2160,17710
ulDAVXJxs1W,Wipolo HC II,Acholi,Pader District,HC II,2.930157,32.823187,2218,11215
gauKKklh0wL,Pakeyo HC II,Acholi,Pader District,HC II,3.032471,32.770884,4061,24218
eSYuwIoNDh3,Paibwor HC II,Acholi,Pader District,HC II,3.024839,32.756607,6326,23144
SkWkhr3XlQR,Aswa Ranch HC II,Acholi,Pader District,HC II,3.040923,32.619288,1980,8664
ygTUi4HvPHJ,Angagura HC III,Acholi,Pader District,HC III,2.966458,32.638649,3624,17652
lgz0xxaxfhr,Lapulocwida HC II,Acholi,Pader District,HC III,2.884129,32.730742,3073,11725
hhz818sQTkO,Lawiyeadul HC II,Acholi,Pader District,HC II,2.964946,32.696052,10212,21865
SF33CGHTeUn,Atanga HC III,Acholi,Pader District,HC III,2.990852,32.723686,11885,21945
xutXNJwdyaK,Jafo Medical Centre Clinic,Acholi,Pader District,Clinic,2.993298,32.72481,11726,21915
LFkCyiudO0u,Angole HC II,Acholi,Pader District,HC II,2.668393,32.846943,4956,30597
Mg3L2Y1ndt7,Bolo HC II,Acholi,Pader District,HC II,2.755214,32.779467,2619,17601
arbBXd1KN8n,Awere HC III,Acholi,Pader District,HC III,2.68834,32.793896,10472,26204
CADR9HaNyWH,Lawire HC II,Acholi,Pader District,HC II,3.00045,32.888468,5115,34216
CHsbmLO3U5C,Jildo Irwa HC II,Acholi,Pader District,HC II,3.025757,32.763769,5204,23544
ynatvEoBz7A,Laguti HC III,Acholi,Pader District,HC III,3.072358,32.82057,10117,21473
SFDIr8urO72,Alim HC II,Acholi,Pader District,HC II,2.864301,32.956992,3744,16498
UUt3ZtL1hIJ,Lapul HC III,Acholi,Pader District,HC III,2.887719,32.887902,2360,18983
kBBhLlLFodJ,Latanya HC II,Acholi,Pader District,HC II,3.115505,33.055999,2407,10961
go1XRnoCBUU,Lagile HC II,Acholi,Pader District,HC II,2.725819,32.854448,3161,22091
tGCoh0Vsdhj,Rackoko HC III,Acholi,Pader District,HC III,2.702108,32.945491,11511,26719
au4iSDaT4wv,Ogom HC III,Acholi,Pader District,HC III,2.966836,33.085601,4407,20387
P2QYI0kDGW3,Kineni Prision HC II,Acholi,Pader District,HC II,2.904616,33.127446,8784,29649
auzuV39xOTU,5th Military Division HC IV,Acholi,Pader District,HC IV,2.775676,33.009925,6186,21798
e2i5c23d8cq,Kilak HC III,Acholi,Pader District,HC III,2.764861,32.961964,7406,24819
UF0AZkzeYOC,Tekworo Medical Care,Acholi,Pader District,HC II,2.879391,33.087564,16706,30246
miIJ9LLUACg,Numem Health Care Center Clinic,Acholi,Pader District,Clinic,2.875514,33.084638,16650,30171
EsyH7yKQHiP,Pader HC III,Acholi,Pader District,HC III,2.867762,33.083118,16227,30241
ClqDZtVa7TE,Pader Maternity Home Clinic,Acholi,Pader District,Clinic,2.879627,33.085469,16687,30141
Ktv5BDJekYa,Pader Police HC II,Acholi,Pader District,HC II,2.869072,33.087846,16400,30456
AQkq4eUmWyJ,Ultimate Choice Clinic,Acholi,Pader District,Clinic,2.880784,33.087161,16696,30197
cYnbNkuMQpk,Ogago HC II,Acholi,Pader District,HC II,2.977482,33.076247,4010,17376
EUOiaQqxdtP,Paiula HC II,Acholi,Pader District,HC II,2.927385,33.004255,3892,34301
Dm4qPjNc4bc,Oryang HC II,Acholi,Pader District,HC II,3.050607,32.988782,2752,20973
ZVgz9dP8OF6,Oguta HC II,Acholi,Pader District,HC II,3.026266,32.921913,6839,34716
tR6T1FslkZe,Labora Clinic,Acholi,Pader District,Clinic,2.955975,32.938145,19777,30233
LXZMPXTcLLr,Pajule Medical Center,Acholi,Pader District,Clinic,2.957778,32.938286,19858,30236
QyscUadfYko,Mary Immaculate HC II,Acholi,Pader District,HC II,2.952426,32.932311,19488,30180
bKzZqsPr8zk,Niye HC II,Acholi,Pader District,Clinic,2.957635,32.937276,19847,30226
NiSWW2k1Hqt,Pajule HC IV,Acholi,Pader District,HC IV,2.975323,32.934649,19369,30726
thLFkOYAEEl,Porogali HC II,Acholi,Pader District,HC II,3.068967,32.922015,9596,30437
Z0euhskPX5T,Latigi HC II,Acholi,Pader District,HC II,3.104209,32.968084,4025,24125
Du5ZInfaPW0,Dure HC II,Acholi,Pader District,HC II,3.205507,32.929627,9527,39843
afJ9NgYTYDa,Ogonyo HC III,Acholi,Pader District,HC III,2.600388,33.013026,4642,29755
M2Es7QYNu3D,All Saints Puranga HC II,Acholi,Pader District,HC II,2.616332,32.942169,9072,35955
vRuSmYiqAwZ,Oret HC II,Acholi,Pader District,HC II,2.593461,33.064281,5900,27201
flJx2pns0FY,Puranga HC III,Acholi,Pader District,HC III,2.618449,32.941088,8975,36168
Fi6rNyCYxsL,Bihanga HC III,Ankole,Buhweju District,HC III,-0.276454,30.356244,17535,69428
rQkhTj9VFoS,Bihanga HC III,Ankole,Buhweju District,HC III,0.206015,30.632388,13027,50584
EqekiAuWsDE,Bitsya HC III,Ankole,Buhweju District,HC III,-0.304083,30.442912,23667,87906
G4f4AEuBQk9,Mushasha HC III,Ankole,Buhweju District,HC III,-0.298285,30.464958,23233,88117
aYs22KZ2BES,Rushambya HC II,Ankole,Buhweju District,HC III,-0.414407,30.254215,15928,72668
N8y4APW3bwq,Malinde HC II,Ankole,Buhweju District,HC II,-0.315416,30.307956,15290,55828
DIE1bNkw04b,Engaju HC III,Ankole,Buhweju District,HC III,-0.327039,30.3236,16962,63208
Q2xPLKiCPXu,Karungu (Buhweju) HC III,Ankole,Buhweju District,HC III,-0.342723,30.477002,24318,95014
E4Vcl5DBfpq,Tumu Hospital,Ankole,Buhweju District,General Hospital,-0.368255,30.493652,25800,96043
RndGp2J7TuE,Butare HC III,Ankole,Buhweju District,HC III,-0.331419,30.405934,21597,86420
qjWCCeS39HE,Kiyanja HC II,Ankole,Buhweju District,HC III,-0.284811,30.309332,14593,51066
oFMf9UXgoOr,Nsiika HC IV,Ankole,Buhweju District,HC IV,-0.365457,30.438342,22307,94826
a7VqYp7reP4,Buredo HC II,Ankole,Buhweju District,HC II,-0.412183,30.31846,16668,78801
bYYKbpHb8Y7,Burere HC III,Ankole,Buhweju District,HC III,-0.409131,30.333398,17945,80521
DcfZGWaRb5z,Nyakaziba HC II,Ankole,Buhweju District,HC II,-0.295982,30.343352,18416,66057
lKe84qZSuYD,Rwanyamabare HC II,Ankole,Buhweju District,HC III,-0.336896,30.367098,20574,76715
LhE35B3jIFx,Kikamba HC II,Ankole,Buhweju District,HC II,-0.394272,30.303254,15141,68616
kR6RZOJffVY,Beverly HC II,Ankole,Buhweju District,HC II,-0.365927,30.30884,15301,62930
loYUJYilHdx,Kyeyare HC II,Ankole,Buhweju District,HC II,-0.418256,30.438516,26206,95249
t8zaoJYNXPM,Bwoga HC II,Ankole,Buhweju District,HC II,-0.421536,30.399409,24057,94987
IgKXuBYXQFl,Bitooma HC III,Ankole,Bushenyi District,HC III,-0.425378,30.175037,21747,79059
tbnRIEGuscu,Kashambya (Bushenyi) HC III,Ankole,Bushenyi District,HC III,-0.412992,30.173222,19040,71023
D83eLvASVum,Numba HC II,Ankole,Bushenyi District,HC II,-0.616692,30.198712,23882,110428
aXnnYprMwTq,Kabushaho HC III,Ankole,Bushenyi District,HC III,-0.592071,30.185068,25972,128185
soO4xwuSfkS,Bushenyi Uganda Prisons HC III,Ankole,Bushenyi District,HC III,-0.546205,30.189396,38701,133778
WrPD0DLGOGu,Ruharo HC II,Ankole,Bushenyi District,HC II,-0.57231,30.15307,42777,133420
aB4KbCA8Uj6,Reproductive Health Uganda (Bushenyi) HC II,Ankole,Bushenyi District,HC II,-0.539104,30.189592,39106,134214
UoFAab7MNAo,Kyeizooba Farmers Clinic,Ankole,Bushenyi District,Clinic,-0.540283,30.187495,40249,134182
eYiJZrdc3Eh,Bushenyi Police Station HC II,Ankole,Bushenyi District,HC II,-0.540787,30.185535,41210,134138
aJNgqIuVpYF,Bushenyi Medical Center HC III,Ankole,Bushenyi District,HC III,-0.541484,30.193415,36572,134063
jmcxCPyDHHS,Bushenyi HC IV,Ankole,Bushenyi District,HC IV,-0.541949,30.196384,34696,134057
Wn69LukXv2f,Kainamo HC II,Ankole,Bushenyi District,HC II,-0.636588,30.161618,29472,104610
aIul7gx7RmZ,St. Laura HC II,Ankole,Bushenyi District,HC II,-0.601472,30.147401,27915,134410
jQ29gGaeT89,Ryeishe HC III,Ankole,Bushenyi District,HC III,-0.608971,30.138384,28797,132351
sMYprHm7m3K,Kiu Teaching Hospital,Ankole,Bushenyi District,General Hospital,-0.540179,30.145864,49072,137154
H61tgLIphOZ,Ishaka Adventist Hospital,Ankole,Bushenyi District,General Hospital,-0.544069,30.138068,47537,138034
bSx9pG1hyaL,Rushinya HC II,Ankole,Bushenyi District,HC II,-0.49512,30.165326,29800,132533
VV5c8F4HVjw,Kakanju HC III,Ankole,Bushenyi District,HC III,-0.492908,30.19403,28764,131042
d2dmppHhFZO,Kakanju UMSC HC II,Ankole,Bushenyi District,HC II,-0.516948,30.154025,47915,135274
nHzEmzq98fZ,Nombe HC II,Ankole,Bushenyi District,HC II,-0.467968,30.183276,29664,114382
vzhSzVp6ULX,Nn Clinic,Ankole,Bushenyi District,Clinic,-0.537379,30.121743,47248,137710
w4huKGNAmlZ,Kajunju HC II,Ankole,Bushenyi District,HC II,-0.464543,30.29147,24616,93065
ILr03pFmrva,Kyabugimbi HC IV,Ankole,Bushenyi District,HC IV,-0.496481,30.266036,26132,109561
DCbGH1zVHqq,Kibazi HC III,Ankole,Bushenyi District,HC III,-0.390207,30.134414,14586,53522
aerTdJxlEQh,Kyamuhunga HC III,Ankole,Bushenyi District,HC III,-0.453939,30.115952,22025,87719
OEhMLFc4vaU,Comboni Hospital,Ankole,Bushenyi District,General Hospital,-0.441772,30.119149,20985,78684
BoGS6ZmpQc2,Ankole Tea Factory HC II,Ankole,Bushenyi District,HC II,-0.420794,30.11169,14842,62645
Osw7UTwSksE,Igara Tea Factory HC II,Ankole,Bushenyi District,HC II,-0.475595,30.1079,24810,108209
KQt6eh1UGuS,Swazi HC II,Ankole,Bushenyi District,HC II,-0.456902,30.09317,19451,82060
R8KkhIkIqWE,Bwera HC II,Ankole,Bushenyi District,HC II,-0.56674,30.233832,28601,114495
f8JtBXP4GBx,Bushenyi-Buyanja HC II,Ankole,Bushenyi District,HC II,-0.617702,30.235207,22736,93613
RK1G89m13EH,Nyamiyaga HC II,Ankole,Bushenyi District,HC II,-0.557405,30.249137,26609,110825
aL6mherCqRW,Kyeizooba HC III,Ankole,Bushenyi District,HC III,-0.565884,30.269669,25567,109956
ci2uaeBv4Jg,Nyabubare HC III,Ankole,Bushenyi District,HC III,-0.533324,30.062082,29292,130733
IbBSyRlNvFK,Bushenyi-Kashozi HC II,Ankole,Bushenyi District,HC II,-0.511083,30.084725,31836,122253
wMiApjHnWVa,Nyarugote HC II,Ankole,Bushenyi District,HC II,-0.497714,30.06265,25358,107790
a1QYwgYBhMH,Katungu (WAD) HC II,Ankole,Bushenyi District,HC II,-0.523378,30.231438,29038,122962
tNKFVZxjvQt,Nyamiko HC III,Ankole,Bushenyi District,HC III,-0.522008,30.215759,31568,129129
R43DSu1tUIj,Katungu Mission HC III,Ankole,Bushenyi District,HC III,-0.541257,30.200215,33468,133940
bDQh7NSmTZd,Ruhumuro HC III,Ankole,Bushenyi District,HC III,-0.452957,30.21947,26054,89986
PaDMXSrDug6,Burungira HC II,Ankole,Bushenyi District,HC II,-0.421344,30.237493,18170,76286
eg7f1iNIImj,Medicare Community Clinic,Ankole,Bushenyi District,HC II,-0.461562,30.155858,26911,107367
nZvq2rjbvF0,Kashogashoga HC II,Ankole,Bushenyi District,HC II,-0.534688,30.256927,28037,113475
VhmTaRQFWzt,Rutooma HC III,Ankole,Bushenyi District,HC III,-0.552402,30.292424,28226,114138
USWKUPzsxnQ,Kakatsi HC II,Ankole,Ibanda District,HC II,-0.027623,30.448311,22271,101115
Kmw6iQfQA2L,Kabaare HC II,Ankole,Ibanda District,HC II,-0.010545,30.473866,19933,94411
K9qEaNQI86x,Ibanda Karangara HC II,Ankole,Ibanda District,HC II,-0.051046,30.524844,19736,84945
WbjNyLLRjMh,Ibanda Bugarama HC II,Ankole,Ibanda District,HC II,-0.041493,30.501358,20721,89704
iChSz9sMebA,Bisheshe HC III,Ankole,Ibanda District,HC III,-0.054594,30.489428,22539,99703
WsIQqOuUy8N,Bigyera HC II,Ankole,Ibanda District,HC II,-0.032789,30.459774,22759,97750
L2AawSLvQy5,Nsasi HC II,Ankole,Ibanda District,HC II,-0.098658,30.527159,26539,108986
I7jJnMfaKrv,Nyamirima HC II (Bufunda Division),Ankole,Ibanda District,HC II,-0.204897,30.529026000000002,23762,100490
hyxR1nRlnWf,Rubaya HC II,Ankole,Ibanda District,HC II,-0.222356,30.471993,18065,94230
sVLQBGByF0h,Rwobuzizi HC II,Ankole,Ibanda District,HC II,-0.093925,30.562779,20597,95922
BI8hASfVUkv,St. Mary's  Domiciliary Clinic,Ankole,Ibanda District,Clinic,-0.13514,30.495426,40796,113415
gnahoaxeI4D,Nyabuhikye Prison HC II,Ankole,Ibanda District,HC II,-0.178245,30.488989,25025,114437
Wmc36bI5m96,Bufunda HC III,Ankole,Ibanda District,HC III,-0.136064,30.491708,41884,113933
dg5bqjOfDIN,Ibanda Afya Clinic,Ankole,Ibanda District,Clinic,-0.134205,30.496907,40391,113241
BqgV00bzutC,Ibanda Central Clinic,Ankole,Ibanda District,Clinic,-0.135018,30.492539,41701,113939
ZAdoLtie2uP,Ibanda Comprehensive Medical Centre,Ankole,Ibanda District,Clinic,-0.133754,30.498141,40048,113069
c77KuqsTbb3,Nabaasa K Medical Centre Clinic,Ankole,Ibanda District,Clinic,-0.228047,30.549196,25747,90450
baVbeoSAy7q,Igorora Medical Centre Clinic,Ankole,Ibanda District,Clinic,-0.227566,30.547145,25543,90388
K3CzZHcJAbW,Kashozi (Ishongororo) HC III,Ankole,Ibanda District,HC III,0.013596,30.54161,22751,77951
W5vxwFIhtEY,Kiburara Prison HC II,Ankole,Ibanda District,HC II,0.081591,30.463319,23562,90029
SjgN0hN7sBY,Jaro Clinic,Ankole,Ibanda District,Clinic,0.037352,30.507776,26513,87106
uweQZg0JVlZ,Family Medical Centre,Ankole,Ibanda District,Clinic,0.067047,30.514635,24469,85948
RoFsMZX9xFf,Mufumbira Clinic,Ankole,Ibanda District,Clinic,0.038895,30.507023,26581,87287
OMHKYJZALu2,Busingye Medical Clinic,Ankole,Ibanda District,Clinic,0.035668,30.507217,26469,87283
RvX1vKSd2yY,Ibanda Kakinga HC II,Ankole,Ibanda District,HC II,0.055309,30.516751,25596,85007
LwODrFWsUAR,Ishongororo HC IV,Ankole,Ibanda District,HC IV,0.048834,30.498044,26902,88600
ii8gLLHYn7G,Ebenezer Diagonostic Clinic,Ankole,Ibanda District,Clinic,-0.133974,30.492542,41767,114028
Wjo1U23CeOJ,Kyeikucu HC II,Ankole,Ibanda District,HC II,-0.117641,30.429508,35871,121078
adncZQdcSzE,Nyakatookye HC II,Ankole,Ibanda District,HC II,-0.102208,30.462936,38440,117244
QLP6OdRGJsz,Ruhoko HC IV,Ankole,Ibanda District,HC IV,-0.155182,30.478939,39319,113834
mC4jHquc0cu,St. Luke Medical and Surgical Clinic,Ankole,Ibanda District,Clinic,-0.137186,30.489909,42354,114045
ghBbGPGo67O,Warugaba Amos Medical Clinic,Ankole,Ibanda District,Clinic,-0.132569,30.442619,37544,118151
OoKSJdwte5f,Ibanda Mission HC III,Ankole,Ibanda District,HC III,-0.136732,30.484157,43765,114828
FAlqwkwODjt,Kashangura HC III,Ankole,Ibanda District,HC III,-0.085401,30.432374,29461,123447
s4Qgr3LiCaK,Better Living Domicilliary Clinic,Ankole,Ibanda District,Clinic,-0.130862,30.496051,40884,113561
ahn03jwJwRI,Ibanda Hospital,Ankole,Ibanda District,General Hospital,-0.13075,30.448713,40215,117709
k58XY2uVEjN,Bihanga UPDF Barracks HC II,Ankole,Ibanda District,HC II,0.070925,30.621725,16863,58982
j6kmC0qBLuy,Kikyenkye HC III,Ankole,Ibanda District,HC III,-0.22134,30.568057,26151,89538
wse4djDrM7s,Rugaaga HC II,Ankole,Ibanda District,HC II,-0.176894,30.593736,21786,89641
HIpoOqCIQgV,Rwenshambya HC II,Ankole,Ibanda District,HC II,-0.158425,30.605419,21460,85617
aDcEum2g6mY,Kanywambogo HC III,Ankole,Ibanda District,HC III,-0.167548,30.348781,15424,70725
aLImY2rk5DK,Kicuzi HC II,Ankole,Ibanda District,HC II,-0.188294,30.386341,22941,80937
M7knA0XD16u,Irimya HC II,Ankole,Ibanda District,HC II,-0.143174,30.279139,10033,63665
YRDyruTW7wl,Kijongo HC II,Ankole,Ibanda District,HC II,-0.012384,30.393929,30262,105469
xTTc0XQndvv,Birongo HC III,Ankole,Ibanda District,HC III,0.00791,30.428179,23627,106419
LxrRzrhlAGE,Kihani HC II,Ankole,Ibanda District,HC III,-0.178335,30.559078,23549,103050
S3tQRPj1rpw,Rwengwe HC II,Ankole,Ibanda District,HC II,-0.133098,30.562333,25628,100798
DwSFdp1Zd4h,Bwahwa HC II,Ankole,Ibanda District,HC III,-0.242537,30.504982,19851,92562
xzB84Cpdcuk,Nyamarebe HC III,Ankole,Ibanda District,HC III,0.114624,30.549553,17684,75813
q3cvAMruPi4,Ibanda Bihanga HC II,Ankole,Ibanda District,HC II,0.050647,30.570517,19301,74933
ozM66An1522,Mabonwa HC II,Ankole,Ibanda District,HC II,-0.221839,30.409516,24100,81220
NoDyrGrOuRW,Nyarukiika HC II,Ankole,Ibanda District,HC II,-0.27187,30.425892,22427,84831
IDKLziIG6cU,Nyarukiika Medical Centre,Ankole,Ibanda District,Clinic,-0.265274,30.423967,22651,84072
imTTaY3jBNx,Rukiri Domiciliary Clinic,Ankole,Ibanda District,Clinic,-0.266068,30.424703,22681,84177
waacA54DZjH,Rukiri HC III,Ankole,Ibanda District,HC III,-0.243697,30.436649,22897,84241
LcDCJ8enDPT,Kigunga HC II,Ankole,Ibanda District,HC II,-0.24138,30.458793,20535,87565
hfQk7Z8ilcf,Katembe HC II,Ankole,Ibanda District,HC II,-0.243883,30.406619,22664,81229
BIALUmuJv3J,Mpasha HC II,Ankole,Ibanda District,HC II,-0.192104,30.415807,23739,95349
kZEhE6UH0aB,Rushango HC II,Ankole,Ibanda District,HC II,0.136743,30.588298,14501,63882
aG2AogxcfRK,Rwenkobwa HC III,Ankole,Ibanda District,HC III,-0.002351,30.430663,23085,106406
hADSlo3wp3v,Kahenda HC II,Ankole,Isingiro District,HC II,-0.740764,30.65812,24437,97293
sr5WqM2cefh,Kasana HC III,Ankole,Isingiro District,HC III,-0.699713,30.649972000000002,26058,126365
LTSK6TFLetj,Johnsons Medical Clinic HC II,Ankole,Isingiro District,HC II,-0.9963,31.001327,7366,30252
iccy3CP6K6W,Nshororo HC II,Ankole,Isingiro District,HC II,-0.968838,31.006134,11919,45711
VMsqPYJjOpq,Busheka (Isingiro) HC III,Ankole,Isingiro District,HC III,-0.957968,31.181512,5139,19688
WKgB1j6LYuq,Jon Medical Centre HC II,Ankole,Isingiro District,HC II,-0.862943,31.145239,8676,41210
HUkwcrf8Ozd,Endiizi HC III,Ankole,Isingiro District,HC III,-0.86746,31.146902,8143,40222
akpD9KoxPcB,Mabona HC III,Ankole,Isingiro District,HC III,-0.837595,30.780581,20175,82369
XWqf7PB1OaR,Rwekubo HC IV,Ankole,Isingiro District,HC IV,-0.838992,30.833615000000002,14117,83006
GNLVWgvHuUz,Nowamaani HC II,Ankole,Isingiro District,HC II,-0.794382,30.818284,18660,73917
kFFSlwDLlKV,Blue Cross Medical Centre HC II,Ankole,Isingiro District,HC II,-0.79362,30.818949,18531,73750
uvMoPeBVDdo,Clinic Africa HC II,Ankole,Isingiro District,HC II,-0.796135,30.815965,19104,74128
SqeLCXvQf0h,Eyeitu Medical Centre Clinic,Ankole,Isingiro District,Clinic,-0.793672,30.81812,18697,73609
E5kPcprgHM5,Isibuka Nursing Home HC III,Ankole,Isingiro District,HC III,-0.79202,30.816198,19092,72633
AULdz853paf,Isingiro Police HC II,Ankole,Isingiro District,HC II,-0.773937,30.780182,26128,74556
WNfTfgX3DSP,Kamuri HC II,Ankole,Isingiro District,HC II,-0.771054,30.828799,16077,64912
aTaU1OfpPkU,Kyabirukwa HC III,Ankole,Isingiro District,HC III,-0.805851,30.80298,21797,75290
HRUwvJnV3yt,Kikokwa HC III,Ankole,Isingiro District,HC III,-0.691065,30.688711,26537,131259
M4pQn1xAHpt,K.K Clinic HC II,Ankole,Isingiro District,HC II,-0.692576,30.694282,25832,118967
RI4Fb24F84i,Kakoma HC III,Ankole,Isingiro District,HC III,-0.717729,30.695172,26908,93698
aYNSbanq4Fg,Isingiro Katembe HC II,Ankole,Isingiro District,HC II,-0.752847,30.827539,12706,54882
uEUAoZHJzu0,Kyeirumba HC III,Ankole,Isingiro District,HC III,-0.750871,30.760329,21383,83417
H6QpykIydPx,Kyarugaju HC II,Ankole,Isingiro District,HC III,-0.729752,30.85588,7172,40563
aKzFgKWqIPv,Kabugu HC II,Ankole,Isingiro District,HC II,-0.913843,30.644388,44009,117996
AljBYYOCrhQ,Rwakakwenda HC II,Ankole,Isingiro District,HC II,-0.959642,30.586586,25070,99917
wj1NpX1IYq8,St. Peters Kanywamaizi HC II,Ankole,Isingiro District,HC II,-0.908545,30.636186,41218,115618
aKwOiCIvmn5,Kanywamaizi HC III,Ankole,Isingiro District,HC III,-0.894585,30.629045,34361,111834
AS4eTVHhwrD,Kabuyanda Catholic HC II,Ankole,Isingiro District,HC II,-0.943755,30.627208,38893,115943
KDPH9XYjHly,St. Luke Kisyoro HC II,Ankole,Isingiro District,HC II,-0.941461,30.617987,37128,114058
K5Rwfv0pC4s,Kabuyanda HC IV,Ankole,Isingiro District,HC IV,-0.948151,30.625329,38196,116131
vqGAEqnNOKa,Kyabinunga HC II,Ankole,Isingiro District,HC II,-0.826074,30.754682,24044,94151
hKrZgkUlwZ8,Kakamba (Isingiro) HC II,Ankole,Isingiro District,HC II,-0.974394,30.84448,10217,35956
fctfxQy7JeK,Rurongo HC III,Ankole,Isingiro District,HC III,-0.973708,30.767504,16134,50728
av9D2n2epXS,Kaarokarungi HC II,Ankole,Isingiro District,HC II,-0.929305,30.68334,34184,123375
PGpdN6nh3Lz,Kamubeizi HC II,Ankole,Isingiro District,HC II,-0.957925,30.690684,28634,112702
smGfcNZcQ31,Buhungiro HC II,Ankole,Isingiro District,HC II,-0.867361,30.959824,29148,114148
au6l6u0QySf,Juru HC III,Ankole,Isingiro District,HC III,-0.83132,30.915278,41773,108480
ak2gK9gfyQS,Kashumba HC III,Ankole,Isingiro District,HC III,-0.892127,30.966489,28338,93741
aZV3z5WZnpC,Kigaragara HC II,Ankole,Isingiro District,HC II,-0.972546,30.958494,15554,45488
b1Jy6LNcJUM,Murema HC II,Ankole,Isingiro District,HC II,-0.9667,30.968751,17064,49300
lvbkNrwAFmE,Nakivale HC III,Ankole,Isingiro District,HC III,-0.777265,30.943883,37926,87183
aR0Ye42mrx8,Rwamwijuka HC II,Ankole,Isingiro District,HC II,-0.945608,30.650454,42069,120914
D8FP89iQcBM,Kyezimbire HC II,Ankole,Isingiro District,HC II,-1.013451,30.682092,22388,75931
OSfoWEwPx5d,St. Thereza HC II,Ankole,Isingiro District,HC II,-0.940617,30.750935,16929,76125
xK1lURyBlFC,Kikagate HC III,Ankole,Isingiro District,HC III,-1.040058,30.650785,21722,55347
J0PhAcyaSxc,Nyamitsindo HC II,Ankole,Isingiro District,HC II,-0.685537,30.770069,10273,59132
dZKfMZLWA5D,Nyarubungo HC III,Ankole,Isingiro District,HC III,-0.672613,30.73501,16189,104688
rXESYkwOnrT,Samaritan Medical Clinic HC II,Ankole,Isingiro District,HC II,-0.994939,30.997989,7840,31040
fx262rh7ner,Nyamarungi HC II,Ankole,Isingiro District,HC II,-0.972776,31.092383,7425,22679
ijpVI1myn4c,Kyabahesi HC II,Ankole,Isingiro District,HC II,-0.903254,30.981613,26562,82628
aJlqk5guS44,Mbaare HC III,Ankole,Isingiro District,HC III,-0.920308,31.04022,13217,61722
HR3Qi3XQ3mr,Zam Zam Health Centre (Isingiro) HC II,Ankole,Isingiro District,HC II,-0.908457,30.841447,16293,57173
wDtDdq5JRtC,Burungamo HC II,Ankole,Isingiro District,HC II,-0.881084,30.876885,17345,85712
OSXtM56gs6k,Kagaaga HC II,Ankole,Isingiro District,HC II,-0.933622,30.79717,10821,59753
oWA8scZHcEV,Kibengo (Isingiro) HC III,Ankole,Isingiro District,HC III,-0.84458,30.8837,28623,103918
UUp7kJLuyG6,Ngarama HC III,Ankole,Isingiro District,HC III,-0.919412,30.856173,16272,57205
ar4RR2FBfKU,Ntungu HC II,Ankole,Isingiro District,HC II,-0.826116,30.709668,27592,106254
PPFplmPcIK1,Kihiihi HC II,Ankole,Isingiro District,HC II,-0.888448,30.742625,19642,90808
oC75kRES5l1,J&T Medical Centre HC II,Ankole,Isingiro District,HC II,-0.826507,30.709559,27616,106197
iIx3m63SxVt,Nyakitunda HC III,Ankole,Isingiro District,HC III,-0.887187,30.706946,28211,109439
axKfX1OmCTn,Nyamuyanja HC IV,Ankole,Isingiro District,HC IV,-0.787976,30.680108,26151,104982
ARgkmShGpuT,Katanoga HC II,Ankole,Isingiro District,HC II,-0.749682,30.700332,24235,95952
IoTKrKIPsRz,Ruborogota HC III,Ankole,Isingiro District,HC III,-0.991534,30.56344,13758,79959
xyMEttW1Wl5,Karama HC II,Ankole,Isingiro District,HC II,-0.974063,30.51382,19567,78048
aoD5b237vol,Kyamusoni HC II,Ankole,Isingiro District,HC II,-0.998677,30.610093,27744,89394
AUW1cjIB5uQ,Birunduma HC II,Ankole,Isingiro District,HC II,-0.798949,31.063421,13466,53634
ajeYuefpnCF,Rugaaga Health Care HC II,Ankole,Isingiro District,HC II,-0.829788,31.023537,18908,87901
aHuJWP6FfFo,Rugaaga HC IV,Ankole,Isingiro District,HC IV,-0.837147,31.024295,19822,86086
TEGq0O1M6Ff,Migyera HC II,Ankole,Isingiro District,HC II,-0.87803,30.648844,35368,114674
aqpJDW5rDvU,Ruhiira HC III,Ankole,Isingiro District,HC III,-0.850171,30.650651,29448,106867
K295qd0SaGs,Rubondo HC II,Ankole,Isingiro District,HC II,-0.737052,31.043771,7171,31693
IkVvGrqJfm0,Ruhoko HC III,Ankole,Isingiro District,HC III,-0.85765,30.293876,31573,89569
knT6WKTr4lg,Rwantaaha HC II,Ankole,Isingiro District,HC II,-0.73592900000000006,31.170393,9393,40039
awXRxReJcg9,Rushasha HC III,Ankole,Isingiro District,HC III,-0.685138,31.100425,4944,22237
FZuxWMTaJ2l,Ruyanga HC II,Ankole,Isingiro District,HC II,-0.996583,30.734025,14735,57748
RFWwEWMyoSD,Nshungyezi HC III,Ankole,Isingiro District,HC III,-0.966548,30.749752,18763,62569
ZZAcDtiGYzP,Rwanjogyera HC II,Ankole,Isingiro District,HC II,-0.805602,31.170604,13513,45872
axBP3PGZjM1,Rwetango HC II,Ankole,Isingiro District,HC II,-0.650114,30.823977,8030,24422
yOdTvdj9LEM,Kiruhura Bigusyo HC II,Ankole,Kazo District,HC II,0.099903,30.670775,11900,53045
tp8aEj7391V,Kiruhura Ngomba HC II,Ankole,Kazo District,HC II,0.148849,30.63125,11713,54823
JxDea4ibrD2,Kiruhura Kabingo HC II,Ankole,Kazo District,HC II,0.170557,30.666547,9866,48746
lnIGXx6SjT7,Focus Foundation Health Centre Clinic,Ankole,Kazo District,Clinic,0.069302,30.652497,14755,54389
PJAuSRvV1d4,Buremba Medical Centre Clinic,Ankole,Kazo District,Clinic,0.109995,30.712063,13530,51101
rRPBsggvt0q,Buremba HC III,Ankole,Kazo District,HC III,0.111953,30.711198,13486,51016
vCvkE6AkaJM,Orwigi HC II,Ankole,Kazo District,HC II,0.061738,30.920424,6421,33049
EJSR69XSWFB,Lamezia HC III,Ankole,Kazo District,HC III,0.12804,30.890448,12520,41818
j0I9qHOtVIw,Burunga HC III,Ankole,Kazo District,HC III,0.139359,30.956983,9563,33193
xVpw6U5qGMy,Keicumu HC II,Ankole,Kazo District,HC II,0.03891,30.655433,12736,53398
toGKbXMtRf8,Engari Community HC III,Ankole,Kazo District,HC III,-0.045442,30.640461,13486,59561
ydTla4pRl3J,Quality Services Medical Clinic,Ankole,Kazo District,Clinic,-0.044306,30.758447,13841,41010
gqt1SeJ4Lir,Kyengando HC III,Ankole,Kazo District,HC III,-0.066576,30.671701,15820,60165
fKHpsGvIWWn,Dembe Clinic (Kanoni) Clinic,Ankole,Kazo District,Clinic,-0.10871,30.604225,22228,78652
B9cu6kigJ6f,Echo Medical Centre Clinic,Ankole,Kazo District,Clinic,-0.096031,30.666064,17902,61035
OuFpi2jn6c2,Mbogo HC II,Ankole,Kazo District,HC II,-0.022229,30.593051,14204,65367
Mr238FVwJOm,Kiruhura Kanoni HC III,Ankole,Kazo District,HC III,-0.110556,30.598346,22693,81298
Z91gnqYqZ04,Mbaba Community Based Health Care Centre HC II,Ankole,Kazo District,HC II,-0.089208,30.701123,13399,55209
b5qWl3F4xCO,Rwamuranga HC II,Ankole,Kazo District,HC II,-0.050489,30.830601,7099,31851
jSN5bolaX6T,Kayanga HC II,Ankole,Kazo District,HC II,-0.125322,30.785077,7554,33097
dRAu7PVkenC,Ebenezer Community Clinic,Ankole,Kazo District,Clinic,-0.060898,30.752505,13522,42523
stVRVnZtZVM,Kazo HC IV,Ankole,Kazo District,HC IV,-0.049173,30.757322,13757,41413
x9A33vBF8B4,Kyampangara HC II,Ankole,Kazo District,HC II,0.043672,30.725369,9959,46047
aWs3wHPQRRC,Kiruhura Migina HC II,Ankole,Kazo District,HC II,0.13153,30.854026,13120,47005
Rk73DzPBfJl,Nshunga HC II,Ankole,Kazo District,HC III,0.133843,30.824085,14019,50743
BuBuZ3iYluV,Nkungu HC II,Ankole,Kazo District,HC III,0.123848,30.758909,16554,50551
v3o2Btd8dsv,Kijuma HC II,Ankole,Kazo District,HC II,-0.023636,30.87026,6751,26169
YVFR8N62ego,Rwemikoma HC III,Ankole,Kazo District,HC III,0.05522,30.852026,9815,37967
GVN2Bcibhmd,Kanyaryeru (Lake Mburo) HC III,Ankole,Kiruhura District,HC III,-0.524848,30.821972,7172,34899
h2IH7DjeJ21,Kashongi HC III,Ankole,Kiruhura District,HC III,-0.285303,30.645649,16589,81703
aFryEmWahsZ,Rwanyangwe HC II,Ankole,Kiruhura District,HC II,-0.185302,30.70685,10510,49755
AT6wxdMK8PV,Rwabigyemano HC III,Ankole,Kiruhura District,HC III,-0.216062,30.872969,7879,27067
fn3zMtuYbmL,Kyeibuza (St. Mary'S) HC III,Ankole,Kiruhura District,HC III,-0.369484,30.896828,1672,7714
aTA0Oqfza5z,Kikatsi HC III,Ankole,Kiruhura District,HC III,-0.364324,30.808237,2581,15362
sIXMnx11pLV,Family Health Resource Centre Clinic,Ankole,Kiruhura District,Clinic,-0.075303,31.052833,7821,24726
ypTdjdfOiN7,Kiruhura Kinoni HC III,Ankole,Kiruhura District,HC III,-0.079195,31.058626,7803,24860
myrkJv85aqb,Kange Medical Centre Clinic,Ankole,Kiruhura District,Clinic,-0.202856,30.870289,8013,27265
cT9AXrxPMu7,Kiruhura Prisons Clinic,Ankole,Kiruhura District,HC II,-0.188947,30.816349,9682,27336
V82U3uA6Zbp,Kiruhura Nyakasharara HC II,Ankole,Kiruhura District,HC II,-0.207772,30.870975,8059,27207
GnVqZO2asFJ,Kiruhura HC IV,Ankole,Kiruhura District,HC IV,-0.208362,30.843148,9472,25987
XiY7c7PoGFc,Mooya HC II,Ankole,Kiruhura District,HC II,-0.264091,30.637874,17938,83338
NcxXPrWeMtP,Kitura HC III,Ankole,Kiruhura District,HC III,-0.22247,30.63347,17967,79801
wCOg7R9Ty1P,Nyakahita HC II,Ankole,Kiruhura District,HC II,-0.445483,31.069263,7586,34599
edGJUvFwlKN,Rurambira HC II,Ankole,Kiruhura District,HC III,-0.570965,31.06227,394,7414
SU8JOQnA0n1,Nyakashashara HC III,Ankole,Kiruhura District,HC III,-0.353761,31.085831,4852,39000
rrjDjA0JfXN,Rushere Community Hospital,Ankole,Kiruhura District,General Hospital,-0.210354,30.948075,9672,23248
Hil0AcAgjDy,Nshwere HC III,Ankole,Kiruhura District,HC III,-0.162461,30.947885,6363,24603
n51uxYhWkq0,Kiruhura Medical Centre Clinic,Ankole,Kiruhura District,Clinic,-0.207648,30.939453,9803,23631
kbXEP21YajN,Busingye Maternity Home Clinic,Ankole,Kiruhura District,Clinic,-0.211881,30.936533,9786,23363
qiSudyvjqfc,Rwetamu HC III,Ankole,Kiruhura District,HC III,0.014818,30.981829,5246,21422
a8bCpZeym6p,Rwabarata HC III,Ankole,Kiruhura District,HC III,-0.568868,30.920393,3892,15862
t6jiPqaeBe2,Sanga HC III,Ankole,Kiruhura District,HC III,-0.503451,30.90826,9255,21824
TosQEmf5YNg,Sanga Human Diagnostic Centre,Ankole,Kiruhura District,Clinic,-0.498958,30.907019,8987,21772
hAdnePvF54E,Biharwe (Nyabuhama) HC III,Ankole,Mbarara City,HC III,-0.525705,30.733932,20426,59896
X4fBqyPx4Er,Biharwe St Johns HC II,Ankole,Mbarara City,HC II,-0.530969,30.715748,20940,101688
UmZdQJ8467Z,Blue Clinics,Ankole,Mbarara City,Clinic,-0.606639,30.661386,145857,201080
oBsdf0a82Z7,Divine Mercy (Kamukuzi) Hospital,Ankole,Mbarara City,General Hospital,-0.613715,30.645451,142902,205908
fxHApp8UtpE,Veridina Medical Clinic,Ankole,Mbarara City,Clinic,-0.567303,30.703364,44195,181121
ghR1GP2ZZAO,Kakiika Prisons HC II,Ankole,Mbarara City,HC II,-0.58799,30.64827,124542,197188
f9oPkk2jKiy,Kamukuzi Dho HC II,Ankole,Mbarara City,HC II,-0.607286,30.644537,140570,202431
qbh38u2Laz4,Kamukuzi Division HC II,Ankole,Mbarara City,HC II,-0.596636,30.658674,138177,198641
rCMdDkUaL1i,Kyarwabuganda HC III,Ankole,Mbarara City,HC III,-0.538842,30.64767,9611,165612
NvEq5qtAV4e,Mbarara Community Hospital,Ankole,Mbarara City,General Hospital,-0.586957,30.65278,126278,197300
pCasaBs63nR,Mbarara Municipal Council HC IV,Ankole,Mbarara City,HC IV,-0.611586,30.660042,148404,203445
ZpJgSAyZtkl,Mbarara Regional Referral Hospital,Ankole,Mbarara City,RRH,-0.61593,30.659038,149228,206039
nzkgbXyihmf,Mobile Hospice Clinic,Ankole,Mbarara City,Clinic,-0.616453,30.649117,145646,207178
gBG1N1o51QR,Ruharo Mission Hospital,Ankole,Mbarara City,General Hospital,-0.61301,30.631065,118701,206799
xZaee0TTbQo,Rwemigyina HC II,Ankole,Mbarara City,HC II,-0.58954,30.730988,25545,169678
OAn8vovdXod,Rwizi Medicare,Ankole,Mbarara City,Clinic,-0.606808,30.624741,102296,204522
NQtXWDiaP1z,Homely Medical Centre,Ankole,Mbarara City,Clinic,-0.608669,30.659571,147373,201962
a6CCCxArlVG,UPDF 2nd Div. HC IV,Ankole,Mbarara City,HC IV,-0.577666,30.692789,87232,193045
wiVV2BPYi5Z,Rwakishakizi HC II,Ankole,Mbarara City,HC II,-0.656176,30.543782,22867,91991
tlQsh4yJwwb,Ruti HC II,Ankole,Mbarara City,HC II,-0.633563,30.619077,68031,213984
dfsYcF4B3b7,Reproductive Health Uganda (Mbarara) HC II,Ankole,Mbarara City,Clinic,-0.611817,30.667014000000002,145979,203357
J7hNSRvyUFC,Nyamityobora HC II,Ankole,Mbarara City,HC II,-0.596933,30.665875,137948,198845
XAXiTTdQ57t,Nyamitanga Ngo HC II,Ankole,Mbarara City,HC II,-0.62057,30.64417,139032,210293
uoOrITIaKEJ,Nyamitanga Govt HC III,Ankole,Mbarara City,HC III,-0.621028,30.68094,133697,206467
fvak0fciiOr,Nyakayojo HC III,Ankole,Mbarara City,HC III,-0.679976,30.60264,23499,140707
esrQ4hNEvPJ,Mbarara Women Prison HC II,Ankole,Mbarara City,HC II,-0.615404,30.6618,148734,205621
xLi1cv6UPxT,Mbarara Police HC III,Ankole,Mbarara City,HC III,-0.615172,30.659676,149140,205554
OB1TinAnQue,Mbarara Muslim HC III,Ankole,Mbarara City,HC III,-0.607001,30.665017,145087,201239
nqeXmzUXubD,Mbarara Main Prisons HC III,Ankole,Mbarara City,HC III,-0.615447,30.662161,148627,205633
ag4c3yS7T5g,Mayanja Memorial Hospital,Ankole,Mbarara City,General Hospital,-0.590225,30.671585,128999,198242
uxfIJxyhHYT,Marie Stopes Uganda Mbarara HC II,Ankole,Mbarara City,HC II,-0.608767,30.664492,146150,201949
tYGGVujczn9,Kichwamba HC II,Ankole,Mbarara City,HC II,-0.734975,30.616125,23325,96747
ERNih4fCcwx,Kakoba HC III,Ankole,Mbarara City,HC III,-0.604581,30.681955,133072,200053
WjUTld3U8r2,Kakoba Domiciliary Clinic,Ankole,Mbarara City,Clinic,-0.606675,30.675899,139417,201075
SBdOpwhkd9j,Hosana Clinic,Ankole,Mbarara City,Clinic,-0.608973,30.684208,132178,201265
aMldu85cKyD,Holy Innocent's Children's  Hospital,Ankole,Mbarara City,General Hospital,-0.623484,30.646919,139704,211924
RFGEqiDlVgw,Grace Memorial Clinic,Ankole,Mbarara City,Clinic,-0.599132,30.665388,139871,199145
FB9UPPYu0VI,Acumpa Medical Center Clinic,Ankole,Mbarara City,Clinic,-0.606537,30.678112,137657,200921
sPWbPZtb3ut,AIDS Information Centre (Mbarara) Special Clinic,Ankole,Mbarara City,Clinic,-0.607902,30.667411,144723,201623
k4AuRrsUWCi,TASO Mbarara Special Clinic,Ankole,Mbarara City,Clinic,-0.618229,30.659924,149013,207458
uwXTH0M0m4p,Bubaare HC III,Ankole,Mbarara District,HC III,-0.565543,30.522918,11155,51910
OnV3pblY9FU,Mugarutsya HC II,Ankole,Mbarara District,HC II,-0.512618,30.492456,10098,61240
hkYsMqctQ2a,Homeland Clinic HC II,Ankole,Mbarara District,HC II,0.909105,31.776163,38120,75242
PBk9mkvmwVa,Nyarubungo HC II,Ankole,Mbarara District,HC II,-0.452859,30.504144,16512,83783
BF4V8LnfSsj,Bukiiro HC III,Ankole,Mbarara District,HC III,-0.404767,30.516992,24342,90400
lc9TtSQnPCv,Diisi Medical Clinic,Ankole,Mbarara District,HC II,-0.437344,30.574611,22282,69588
SMkx58aUYtC,Bwizibwera HC IV,Ankole,Mbarara District,HC IV,-0.433889,30.573173,22593,70835
qdNLBqYlqTn,Bwengure HC II,Ankole,Mbarara District,HC II,-0.255308,30.597036,22896,95963
XQCqKzjyAZg,Kagongi HC III,Ankole,Mbarara District,HC III,-0.272473,30.559879,26541,99552
bv4xDC78z8O,Nyamirima HC II (Kashare Subcounty),Ankole,Mbarara District,HC II,-0.359435,30.661528,12486,57871
ahkQO7FQKKK,Kashare HC III,Ankole,Mbarara District,HC III,-0.368756,30.626455,14285,75572
agv8x8otfmZ,Nyabisirira HC II,Ankole,Mbarara District,HC II,-0.335465,30.628093,21152,77322
nx0UdNxBNIS,Rubaya HC III,Ankole,Mbarara District,HC III,-0.46565,30.673003,12479,49906
UiR7DTzn09N,Itara HC II,Ankole,Mbarara District,HC II,-0.417626,30.644252,11147,56878
MDbjlGxazdQ,St. Franciska Makonje HC II,Ankole,Mbarara District,HC II,-0.460818,30.654708,12718,50973
LaLIpBS7ZeK,Kariro HC II,Ankole,Mbarara District,HC II,-0.382117,30.544268,22406,99177
COHtAqML4yd,Karwesanga HC II,Ankole,Mbarara District,HC II,-0.315542,30.548444,33893,100362
TpHgruzLzyd,Angella Domiciliary HC II,Ankole,Mbarara District,HC II,-0.324046,30.581081,32712,92886
kw2BNLtK1FZ,Rubindi HC III,Ankole,Mbarara District,HC III,-0.323526,30.579697,32980,93207
hDnpFJsWuCL,Sheema Clinic,Ankole,Mbarara District,Clinic,-0.322698,30.582195,32784,92776
Xo9fgk0Rvg6,St. Joseph Rubindi HC II,Ankole,Mbarara District,HC II,-0.324087,30.569741,33804,94795
lEayYKvmKD2,Good Samaritan Med Clinic (Rwanyamahembe) HC II,Ankole,Mbarara District,Clinic,-0.436503,30.572874,22450,70181
TmbnvfCp80g,Mabira HC II,Ankole,Mbarara District,HC II,-0.474569,30.547125,15878,61806
gb75YCmtwwq,Gord Medical Clinic,Ankole,Mbarara District,Clinic,-0.438075,30.573288,22315,69649
aumCjLAHfAL,Bitereko HC IV,Ankole,Mitooma District,HC IV,-0.565749,29.970878,29703,104024
RKTrEW3Vw7X,Kabira (Mitooma) HC III,Ankole,Mitooma District,HC III,-0.695215,30.028312,29225,114620
N5mmOltRto8,Kanyabwanga HC III,Ankole,Mitooma District,HC III,-0.608769,29.942354,27365,97334
rh4BA8I3ikJ,Elisha Memorial Clinic HC II,Ankole,Mitooma District,HC II,-0.633028,29.945157,29441,107016
jcX3kPVo5yB,Bukuba HC III,Ankole,Mitooma District,HC III,-0.602505,29.981138,33086,112962
Lu7D9BapOxL,Kashenshero HC III,Ankole,Mitooma District,HC III,-0.632621,29.983645,33721,119206
w9SnOvetHUQ,Bubangizi HC III,Ankole,Mitooma District,HC III,-0.627518,29.984842,33665,119034
CtNp9QdYPvu,Tumusiime Medical Centre HC II,Ankole,Mitooma District,HC II,-0.613386,30.082435,29352,121072
m3jCfYlfUKY,Rubare HC II,Ankole,Mitooma District,HC II,-0.62695,30.101895,27860,116764
YpdpeBdi63s,Kigyende HC II,Ankole,Mitooma District,HC II,-0.597728,29.922287,20414,83462
whX68dEEy69,Kisiizi HC II,Ankole,Mitooma District,HC II,-0.517035,29.960688,25076,74682
HhUq7fj45cR,Iraramira HC II,Ankole,Mitooma District,HC II,-0.540271,29.946152,23374,78565
N4EhCYDExuZ,Rurama (Mitooma) HC II,Ankole,Mitooma District,HC II,-0.512634,29.969108,27563,75473
amvcW2oHvfK,Mayanga HC II,Ankole,Mitooma District,HC III,-0.752659,30.040027,25806,108943
KFix5BxgoTl,Nyakishojwa HC III,Ankole,Mitooma District,HC III,-0.579957,30.045002,27265,129681
aeSag6SBi5P,Kirambi HC II,Ankole,Mitooma District,HC II,-0.654724,30.031954,30727,119023
wEsFPPA6BdQ,B&S Medical and Diagnostic Centre HC II,Ankole,Mitooma District,HC II,-0.613414,30.044021,31887,118552
VNnrhdnpSHA,Mitooma GH,Ankole,Mitooma District,General Hospital,-0.615548,30.047998,31799,118133
lqjbb3z0AUf,Bukongoro HC II,Ankole,Mitooma District,HC II,-0.663894,30.091206,22663,114966
glMMXpdO8uT,Kyeibare HC II,Ankole,Mitooma District,HC II,-0.672585,30.071695,24161,115941
go8iYQcmIAE,Mutara HC III,Ankole,Mitooma District,HC III,-0.687103,30.097513,22074,110054
O5U6v9ddjoj,Nyakizinga HC II,Ankole,Mitooma District,HC II,-0.744074,30.124249,27537,113908
aAGEaiWfhhP,Ryengyerero HC III,Ankole,Mitooma District,HC III,-0.682808,29.978307,32464,119772
Mha9ftXo7u5,Trinity Medical Centre HC III,Ankole,Mitooma District,HC III,-0.521082,30.018697,31474,100323
N2x23V5DcNQ,Kibare (Bitereko) HC II,Ankole,Mitooma District,HC II,-0.502359,30.020512,29719,90372
Dk1SkAipwsf,Nyakatsiro HC III,Ankole,Mitooma District,HC III,-0.518196,30.032673,30211,107501
jA7tuThhDUU,Rwoburunga HC III,Ankole,Mitooma District,HC III,-0.477512,29.993546,19329,62890
YKW2twSLRHF,Rwanda HC III,Ankole,Ntungamo District,HC III,-0.7915,30.089178,30102,125879
hasFbIo0djq,Rwabakunya Domiciliary Clinic HC II,Ankole,Ntungamo District,HC II,-0.786534,30.102565,29804,126740
NImJbGuvUS6,Ntungamo HC IV,Ankole,Ntungamo District,HC IV,-0.877049,30.262796,29215,94519
iUTEwhACTcz,Universal Health Care HC II,Ankole,Ntungamo District,HC II,0.344246,32.560828,867780,2498470
urrPQsumgl7,Family Doctors Clinic (Ntungamo) HC II,Ankole,Ntungamo District,Clinic,-0.88719,30.262846,27719,93487
Vr4JZWtsFr4,Ntungamo Police HC II,Ankole,Ntungamo District,HC II,-0.877376,30.264369,29069,94300
mQjzjx2Vi2y,Amazing Grace Domiciliary Clinic,Ankole,Ntungamo District,Clinic,-0.875171,30.261346,29684,94989
tBJsV2sxt1k,Ntungamo Municipal Medical Centre,Ankole,Ntungamo District,HC II,-0.872897,30.268547,29946,94263
U2iprp1G39M,Kitondo HC III,Ankole,Ntungamo District,HC III,-0.790593,30.160222,36856,120404
QL6CPNbpOcH,Nyakibigi HC II,Ankole,Ntungamo District,HC II,-0.790167,30.210534,24254,109345
f7n93to8Ktw,Mcneil Medical Centre,Ankole,Ntungamo District,HC II,-0.803836,30.262998,23738,94851
a7lnM83DJGy,Itojo Hospital,Ankole,Ntungamo District,General Hospital,-0.787247,30.277088,19542,81806
P3xQ9rXeVdo,Kafunjo (Kafunjo) HC II,Ankole,Ntungamo District,HC III,-1.016437,30.429198,28360,75635
uDSFrOfKQmE,Ihunga (Ntungamo) HC III,Ankole,Ntungamo District,HC III,-0.83224,30.178089,34635,125188
ND2A0GOnnnY,St. Lucia Kagamba HC III,Ankole,Ntungamo District,HC III,-0.819457,30.158507,39256,124223
QfWjCf5pKFh,Rweikiniro HC III,Ankole,Ntungamo District,HC III,-0.987454,30.28191,23937,78717
H9Kdh2eKGyz,Kayonza (Ntungamo) HC III,Ankole,Ntungamo District,HC III,-1.123079,30.123893,24258,89348
y1S7Kh163t9,Mother Francisca Lechner HC IV,Ankole,Ntungamo District,HC IV,-1.113144,30.109906,20427,88255
sO5sVDlQBUW,Rukarango HC II,Ankole,Ntungamo District,HC II,-0.782491,30.189374,31034,111916
oBioSOuF497,Rukoni HC III,Ankole,Ntungamo District,HC III,-0.785495,30.128318,35359,125904
FGnMVMPBCLN,Kitwe HC IV,Ankole,Ntungamo District,HC IV,-0.983609,30.465547,25683,86667
KJ7aFxkGCAs,Kigaaga (Ngoma) HC II,Ankole,Ntungamo District,HC II,-1.087701,30.276033,8867,36030
QYBM6A0o4pT,Ngoma HC III,Ankole,Ntungamo District,HC III,-1.155977,30.21639,12889,65259
a9vGVj3Ftt9,Butaare HC III,Ankole,Ntungamo District,HC III,-0.80731,30.243257,25207,104123
kjrZmlTqV89,Nyarubare HC II,Ankole,Ntungamo District,HC II,-0.848628,30.22799,31450,107509
JlWZ3wAo04I,Karuruma HC III,Ankole,Ntungamo District,HC III,-0.872996,30.113257,25991,104318
rSpQGF4E4vj,Ntungamo Nyabushenyi HC II,Ankole,Ntungamo District,HC II,-0.894493,30.189747,20034,100136
tYPKoJnvJPx,Kiyoora HC II,Ankole,Ntungamo District,HC II,-0.844297,30.338177,19501,79942
XbW1Rkf92iM,Mahooro Medical Centre,Ankole,Ntungamo District,HC II,-0.905458,30.411554,18905,78796
UEKVlvKXJAC,Mary Queen Of Heaven Community Medical Centre,Ankole,Ntungamo District,HC II,-0.901657,30.40406,18587,76882
rk5itnVaCHU,Ngomba HC II,Ankole,Ntungamo District,HC II,-0.853272,30.393646,15814,61672
vQMNtz05zAJ,Nyakyera HC III,Ankole,Ntungamo District,HC III,-0.904898,30.407802,18835,78145
cOpgsVK1JpT,Buhanama HC II,Ankole,Ntungamo District,HC III,-0.751843,30.299296,17746,76652
iWJI9r3QCDh,Nyongozi HC II,Ankole,Ntungamo District,HC II,-0.783957,30.326156,14311,75064
P33Fn6R2i6s,Sheema Clinic Nyamukana,Ankole,Ntungamo District,Clinic,-0.753601,30.335191,16765,76796
mypOsu7U27g,Bwongyera HC III,Ankole,Ntungamo District,HC III,-0.829429,30.095535,39476,122061
dTLwhS7Lpm2,Iterero HC II,Ankole,Ntungamo District,HC II,-0.829142,30.067604,32988,118281
a1FeQgM4hAI,Kihanga Medical Centre HC II,Ankole,Ntungamo District,HC II,-0.947868,30.299993,24187,89952
qNPSuHsI7VL,Nyaburiza HC II,Ankole,Ntungamo District,HC II,-0.928829,30.264637,18707,93444
agJr4JxEd5N,Nyanga HC III,Ankole,Ntungamo District,HC III,-0.977459,30.15346,20718,78540
lqF5HdVxpfK,Doctors Referral Hospital,Ankole,Ntungamo District,General Hospital,-1.022213,30.18738,23476,71990
IEyZgMkjuoN,Polly Care Medical Centre Health Centre,Ankole,Ntungamo District,Clinic,-1.015709,30.187773,24301,72442
acuu3ktUO4t,Rubare HC IV,Ankole,Ntungamo District,HC IV,-1.018425,30.181609,24615,72802
YbhFZDzgZEB,Rubare Peoples Clinic Health Centre,Ankole,Ntungamo District,Clinic,-1.016382,30.185139,24517,72625
CKPFNnfrvbR,Kyafoora HC II,Ankole,Ntungamo District,HC II,-0.917721,30.069106,14866,81620
TosSVIxz9nl,Daniel K Medical Centre HC II,Ankole,Ntungamo District,HC II,-1.01656,30.082264,21613,75470
Ab89aosJCg9,Rugarama HC III,Ankole,Ntungamo District,HC III,-1.020193,30.091695,21348,77781
sM16IZrIVkP,Kishami HC III,Ankole,Ntungamo District,HC III,-0.942836,30.390695,21628,95731
Uo8eU7Qrx0v,Ruhama HC III,Ankole,Ntungamo District,HC III,-0.984375,30.351915,25368,92615
aifkaPWfQez,Kyamwasha HC III,Ankole,Ntungamo District,HC III,-0.923874,30.504115,23592,81035
qfLP072gVcy,St. Patrick Medical Centre,Ankole,Ntungamo District,Clinic,-0.928148,30.49666,24924,80610
UGeQEBwyWhV,Multi care clinic,Ankole,Ntungamo District,HC II,-0.763049,30.162663,32128,112624
vA1hYI0OEFl,Rwamabondo HC II,Ankole,Ntungamo District,HC II,-0.763769,30.164917,32112,112102
SYAQAXXpmCo,Devine Mercy Medical Centre Clinic,Ankole,Ntungamo District,Clinic,-0.832197,30.133132,41640,120631
CSpqU3MIZuC,Rwashamaire HC IV,Ankole,Ntungamo District,HC IV,-0.841944,30.133786,40231,117072
W2DisxptRpM,Kibeho HC II,Ankole,Ntungamo District,HC II,-1.037164,30.379827,19617,64167
aRZJAIxQZ53,Kaina HC II,Ankole,Ntungamo District,HC III,-1.098488,30.155315,23395,77420
RExMBFwrvXO,St. Augustine Medical Center Clinic,Ankole,Ntungamo District,Clinic,-0.604249,30.652837,144129,200474
e8DyC8c45AO,Rwoho HC II,Ankole,Ntungamo District,HC III,-0.853994,30.528572,18611,71902
qjHlE1v9LP6,Ntungamo Prisons HC II,Ankole,Ntungamo District,HC II,-0.870825,30.261614,30900,95687
FpU5gsGOf6n,Happy Health Insurance Scheme HC II,Ankole,Ntungamo District,HC II,-0.83797,30.274423,30979,92510
XclP9NZtHUO,Munyonyi HC III,Ankole,Rubirizi District,HC III,-0.23422,30.20073,26286,80315
NMm8X0Qn2CR,Katerera Integrted Comm HC II,Ankole,Rubirizi District,HC II,-0.204499,30.170121,36616,92323
qMmFjhurSrF,St. Joseph's  Clinic,Ankole,Rubirizi District,Clinic,0.076684,30.606971,17736,61627
D0C2UTHtTDN,Family Care (Katerera) HC II,Ankole,Rubirizi District,HC II,-0.196722,30.170015,34424,88073
tOOBJ1vMcA8,St. Angella Medical Clinic HC II,Ankole,Rubirizi District,HC II,-0.197836,30.169659,34772,88852
MtxLlVBEoZc,St. Joseph's  Clinic HC II,Ankole,Rubirizi District,HC II,-0.197598,30.169075,34653,88909
nLcJPspov8c,Katerera HC III,Ankole,Rubirizi District,HC III,-0.191448,30.182314,33499,81782
K97Ta0zw1QG,Kashaka HC II,Ankole,Rubirizi District,HC II,-0.075729,30.174512,1664,21976
PY6780xaFk4,Kazinga (Rubirizi) HC II,Ankole,Rubirizi District,HC II,-0.209211,29.896977,1358,12238
ltPXYlK9Lnd,Kishenyi HC II,Ankole,Rubirizi District,HC II,-0.31135,29.868629,1467,3727
kWzr4MZdqwH,Queen Elizabeth HC II,Ankole,Rubirizi District,HC II,-0.146178,30.060669999999998,5244,25436
ai5Sfj3nu9K,Katunguru HC II,Ankole,Rubirizi District,HC III,-0.123701,30.047336,3522,19755
VeLWYyVm43q,Katunguru HC III,Ankole,Rubirizi District,HC III,-0.135163,30.056212,3915,22610
K26vPVPCdhj,Rumuri HC II,Ankole,Rubirizi District,HC II,-0.275943,30.077539,29964,63223
G0wRWoyZAKY,St. Charles HC II,Ankole,Rubirizi District,HC II,-0.234375,30.094389,24982,87268
deqUOFQ4Gqn,Kicwamba (Rubirizi) HC III,Ankole,Rubirizi District,HC III,-0.2416,30.093418,26462,86014
z6g3fyZIHkA,Kyambura Medical Clinic HC II,Ankole,Rubirizi District,HC II,-0.213043,30.103022,23115,85919
jBqnMmDxLII,Kyenzaza HC III,Ankole,Rubirizi District,HC III,-0.202481,30.108696,23679,82604
HDeR7LLTzsr,Kakari Community HC II,Ankole,Rubirizi District,HC II,-0.178081,30.197857,26817,74908
m3i5NXppqJi,Kyabakara HC III,Ankole,Rubirizi District,HC III,-0.175975,30.239609,16574,63466
hBCupqHozKG,Butoha HC III,Ankole,Rubirizi District,HC III,-0.259816,30.136348,35807,96118
Ihcun2BgOuC,HOLISTIC CARE MEDICAL CENTRE HC II,Ankole,Rubirizi District,HC II,-0.290338,30.10397,35616,67171
Py3qGzKwpaV,Bahamagara HC II,Ankole,Rubirizi District,HC II,-0.265246,30.105833,35704,83256
cdrZ3zNVb5y,KISANDI MEDICAL CENTRE,Ankole,Rubirizi District,HC II,-0.263557,30.106568,35559,84725
zasXXuYJ1hV,Rubirizi Medical Center,Ankole,Rubirizi District,HC II,-0.26193,30.104554,35036,84656
VvGZi1LcYyP,Rugazi HC IV,Ankole,Rubirizi District,HC IV,-0.261439,30.103562,34804,84409
wa5ALmOQe62,Rugazi Mission HC II,Ankole,Rubirizi District,HC II,-0.258607,30.102949,34272,85706
XSDZ6uBORCy,St. Johns Medical Clinic (Rubirizi) HC II,Ankole,Rubirizi District,HC II,-0.265075,30.108872,36047,84937
U8WdWkADf6C,Ndangaro HC III,Ankole,Rubirizi District,HC III,-0.359055,30.118401,11621,53804
EZqXqnUG0ep,Rutoto SDA Dispensary HC II,Ankole,Rubirizi District,HC II,-0.333004,30.097249,15529,58487
Pp6w1w6YLNl,Equator Clinic (Rutoto) HC II,Ankole,Rubirizi District,HC II,-0.315378,30.102735,24530,61042
IQn2uStSFfh,Mubanda HC III,Ankole,Rubirizi District,HC III,-0.290256,30.097662,34618,64921
aND7XoaR2P9,Mushumba HC II,Ankole,Rubirizi District,HC III,-0.297224,30.093458,31905,61403
Q7cAF5VWjQT,Ndekye HC II,Ankole,Rubirizi District,HC II,-0.294566,30.104088,34732,65459
a3IHqWtJhGR,Ngugo HC II,Ankole,Rwampara District,HC II,-0.82055,30.500724,19458,65990
QxuHUqsrz0A,Kitojo (Bugamba) HC II,Ankole,Rwampara District,HC II,-0.752367,30.473979,17654,69241
U66jLYBFyRb,Nyaruhandagazi HC III,Ankole,Rwampara District,HC III,-0.70743,30.54547,20817,88358
Xf4ixDumICd,Kakigani HC II,Ankole,Rwampara District,HC II,-0.67279,30.42189,27161,88480
UKqcb3iiwQ6,Kathel Medical Center,Ankole,Rwampara District,Clinic,-0.72304,30.37263,26139,82078
w710lzfn4pu,Ndeija HC III,Ankole,Rwampara District,HC III,-0.72475,30.37699,25721,81416
ApxHwTWTekP,Kinoni HC IV,Ankole,Rwampara District,HC IV,-0.65862,30.45778,21680,85350
En3XPANSpY4,Ihunga (Mbarara) HC II,Ankole,Rwampara District,HC II,-0.69613,30.46771,19035,86104
VSs4W0QAMS1,Kigaaga (Mwizi) HC II,Ankole,Rwampara District,HC II,-0.810876,30.617771,21173,91284
iMpXSTMOpsO,Ryamiyonga HC II,Ankole,Rwampara District,HC II,-0.819785,30.639703,25935,95603
W4TBB6tIrzc,Bushwere HC II,Ankole,Rwampara District,HC II,-0.790679,30.561901,20243,82809
aekCLvuNCrj,Mwizi HC III,Ankole,Rwampara District,HC III,-0.770013,30.601595,22235,91002
D11nkCo4cOw,Kikonkoma HC II,Ankole,Rwampara District,HC II,-0.743733,30.590606,22932,89901
Myd1djyMQG5,Kongoro HC II,Ankole,Rwampara District,HC II,-0.754409,30.438508,14272,71296
Fs69np4z1eH,Rwentsinga HC II,Ankole,Rwampara District,HC II,-0.708137,30.429374,22465,82935
jsHlDjKR6Nf,Kibare (Ndeija) HC II,Ankole,Rwampara District,HC II,-0.793112,30.409507,10208,59595
aDj3EMWCw1G,Nyabikungu HC III,Ankole,Rwampara District,HC III,-0.69471,30.52391,18779,87565
Sop1i4KIo2k,Nyakabaare HC II,Ankole,Rwampara District,HC II,-0.641673,30.50485,21062,74410
cTp1LWth7hI,Bugamba HC IV,Ankole,Rwampara District,HC IV,-0.742942,30.520027,21788,78894
yP6WiIyFAj7,Hope Medical Centre HC III,Ankole,Sheema District,HC III,-0.635314,30.256555,20404,85835
biRUEhJhHDP,Kitojo (Sheema) HC III,Ankole,Sheema District,HC III,-0.547244,30.320582,29589,119487
GWo2EYdfllc,Kyabandara HC II,Ankole,Sheema District,HC II,-0.600626,30.348608,33683,108495
ppt2wpU7IP6,Mushanga HC III,Ankole,Sheema District,HC III,-0.569099,30.35034,38023,115521
B7NGo7PZu8h,Rwamujojo HC II,Ankole,Sheema District,HC III,-0.590874,30.325527,28079,111291
H3LpQ7tdT1P,Kabwohe Clinical Research Centre HC II,Ankole,Sheema District,HC II,-0.578893,30.372901,40689,107641
yTiZaVCinTc,Kabwohe HC IV,Ankole,Sheema District,HC IV,-0.57378,30.379384,40874,107316
bA5WylDYePw,Rushozi HC II,Ankole,Sheema District,HC II,-0.53814,30.352499,31383,122337
a5yQTBxG84r,Migina HC II,Ankole,Sheema District,HC II,-0.550699,30.416742,28957,100258
uLEnTqc6NoI,Kiziba (Kagango) HC II,Ankole,Sheema District,HC II,-0.599187,30.404381,35130,103306
BfumzskZzcA,Kihunda HC III,Ankole,Sheema District,HC III,-0.643379,30.390613,22634,108539
MdmwmQbuLjA,Sheema Community HC III,Ankole,Sheema District,HC III,-0.578805,30.409388,35499,99309
AclAF5m6plv,Giramatsiko Medical Centre HC III,Ankole,Sheema District,HC III,-0.501161,30.341796,27760,115548
XjGXLRYHwRx,Kyangyenyi HC III,Ankole,Sheema District,HC III,-0.501964,30.34,27724,115678
UKx3LcUsiuz,Rweibare HC II,Ankole,Sheema District,HC II,-0.511089,30.35319,27907,122903
aVbYZpMDz2f,Kasana East HC II,Ankole,Sheema District,HC II,-0.699204,30.240288,15685,84889
l1UGueRWDTc,Karugorora HC II,Ankole,Sheema District,HC II,-0.666189,30.218729,17229,91417
O7kPSBLQlez,Kasana COU HC II,Ankole,Sheema District,HC II,-0.691649,30.206453,17735,92881
aUm6tfxcMHp,Kasana West HC II,Ankole,Sheema District,HC II,-0.686675,30.200435,20584,93613
k4NnCKx6UY9,Kyeihara HC III,Ankole,Sheema District,HC III,-0.727416,30.210243,18997,93124
b6OSnPPQ3Ew,Rukondo HC II,Ankole,Sheema District,HC II,-0.703695,30.186202,24495,93745
aJHHl6ynpb3,Kashozi (Kashozi) HC III,Ankole,Sheema District,HC III,-0.655679,30.351597,21186,104289
oYJViNoP94z,Karera HC II,Ankole,Sheema District,HC II,-0.622254,30.30853,19530,102183
TPCKJxe3HRO,New Life Care (Sheema) Clinic,Ankole,Sheema District,Clinic,-0.653347,30.339556,19691,103605
oV7osEI51r6,Kigarama (Kigarama) HC III,Ankole,Sheema District,HC III,-0.503084,30.392936,29119,110869
CJElkDJPuqa,Kyeibanga HC III,Ankole,Sheema District,HC III,-0.641536,30.199874,21897,93760
EMHl20viu7L,Kitagata Hospital,Ankole,Sheema District,General Hospital,-0.676699,30.152121,29105,98373
hkr9AlXxNYQ,Buraro HC II,Ankole,Sheema District,HC II,-0.735444,30.184315,25709,99310
E1dPdef6aY9,Matsyoro HC II,Ankole,Sheema District,HC II,-0.478287,30.370939,28847,102778
aQnnXNR37zd,Muzira HC II,Ankole,Sheema District,HC III,-0.469916,30.333355,25688,101138
B0fM5cE4uKL,Mabaare HC III,Ankole,Sheema District,HC III,-0.451387,30.439165,26746,91254
uUC8Kx2nZTd,Kasagama Medical Centre HC II,Ankole,Sheema District,HC II,-0.438893,30.454437,25832,89848
arxX2Sx69qM,Bigona HC II,Ankole,Sheema District,HC II,-0.721378,30.297699,21505,77641
yt21GYHGs9Z,Nyakashoga HC II,Ankole,Sheema District,HC II,-0.723622,30.244809,16055,81994
akNrhFiVG8U,Rugarama HC III,Ankole,Sheema District,HC III,-0.701246,30.265186,19610,75248
P4S1NQLpjzw,Nyamabaare HC II,Ankole,Sheema District,HC II,-0.697509,30.361555,28792,87550
x5X8VtL2T0e,Shuuku HC IV,Ankole,Sheema District,HC IV,-0.6796,30.3096,21083,87951
IgRocb664xW,Namaitsu HC II,Bugisu,Bududa District,HC II,1.036039,34.329837,141774,374227
xVmiaKB3dHI,Bududa Hospital,Bugisu,Bududa District,General Hospital,1.008769,34.332491,134925,370735
Lyd040RjHYd,Bukalasi HC III,Bugisu,Bududa District,HC III,1.006896,34.401177,74462,273722
H713vHjaFbd,Bukibokolo HC III,Bugisu,Bududa District,HC III,0.98782,34.29267,87668,352586
q52SkXKDblS,Bukigai HC III,Bugisu,Bududa District,HC III,1.01418,34.370148,126834,328437
LQH5UZOoWj2,Lulubi Maternity Clinic HC II,Bugisu,Bududa District,HC II,1.02163,34.37696,124588,317607
asYho1oZJbG,Beatrice Tierney HC II,Bugisu,Bududa District,HC II,1.051209,34.378791,123861,301925
kTnTCeBN2we,Bulucheke HC IV,Bugisu,Bududa District,HC IV,1.028361,34.373068,135509,320752
av5hBEV9k6X,Bufuma HC III,Bugisu,Bududa District,HC III,1.051623,34.411739,68099,246650
wpWyShStzVb,Bukigai SDA HC II,Bugisu,Bududa District,HC II,1.001643,34.354081,127716,350745
t2Y0yh8qFhU,Bubungi HC III,Bugisu,Bududa District,HC III,1.069041,34.336867,106128,357655
QPU9ZqlYc17,Bunamono HC II,Bugisu,Bududa District,HC III,1.029182,34.3353,149841,366918
iu8AuF8DVXT,Bushiyi HC III,Bugisu,Bududa District,HC III,1.048997,34.386337,113379,291138
wW6c7YB6r44,Nabweya HC II,Bugisu,Bududa District,HC II,1.04096,34.359229,153224,336824
J3KJzX1JSXu,Bushika HC III,Bugisu,Bududa District,HC III,1.055001,34.355158,135592,336673
a5ZtR0WmDZT,Bumusi HC II,Bugisu,Bududa District,HC III,0.987225,34.358348,107943,338463
aB5OmziUxLP,Buwagiyu HC II,Bugisu,Bududa District,HC II,0.986998,34.364666,103148,330013
hwoDPTdbx6d,Fimrc HC III,Bugisu,Bududa District,HC III,1.04741,34.338657,138491,362753
NVmYdtxcrtt,Wafula HC II,Bugisu,Bududa District,HC II,1.041359,34.33041,137543,374382
p0zA3LCR2z4,Amanang HC II,Bugisu,Bukwo District,HC III,1.270472,34.729252,45810,87077
enZvQfJk9cO,Brim HC II,Bugisu,Bukwo District,HC III,1.32867,34.756925,24566,87130
as59xHu47PE,Bukwo HC IV,Bugisu,Bukwo District,HC IV,1.294752,34.756435,41965,90829
rk6HnWXzl3e,Bukwo NGO HC IV,Bugisu,Bukwo District,HC IV,1.296192,34.750002,43691,93585
xwJzotSwW81,Bukwo Police HC II,Bugisu,Bukwo District,HC II,1.293475,34.75158,44177,92231
MNfE9cZBvci,Chepkwasta HC II,Bugisu,Bukwo District,HC III,1.267962,34.703783,33441,83282
UqemBuI2hXm,Kapsekek HC II,Bugisu,Bukwo District,HC II,1.256625,34.700698,27477,76391
Ny6gpfiiHon,Chesower HC III,Bugisu,Bukwo District,HC III,1.338533,34.66561,21934,76703
JSLpsxX595t,Siit HC II,Bugisu,Bukwo District,HC II,1.3494949999999999,34.647188,19179,75828
wla92a13B1F,Kamet HC II,Bugisu,Bukwo District,HC II,1.34313,34.695517,25951,81407
abEbootUSLF,Kapkoros HC III,Bugisu,Bukwo District,HC III,1.247465,34.741275,32117,76109
gKHEczV42vB,Kapnandi HC II,Bugisu,Bukwo District,HC II,1.231307,34.802057,8612,47274
emKicrlso4o,Kapsarur HC II,Bugisu,Bukwo District,HC II,1.271428,34.676797,16157,77577
apNXE4NwXoP,Kapkoloswo HC III,Bugisu,Bukwo District,HC III,1.2476,34.775098,27444,69227
arWb0FvSbW8,Kortek HC III,Bugisu,Bukwo District,HC III,1.298562,34.711695,38454,95014
RHqoxANc66y,Chesimat HC II,Bugisu,Bukwo District,HC II,1.287792,34.680685,19688,86035
kgZNSm9wbez,Kapses HC II,Bugisu,Bukwo District,HC II,1.284948,34.720628,45435,93215
bio2daBw6XN,Aralam HC III,Bugisu,Bukwo District,HC III,1.386013,34.745192,5888,54440
qXQvylmsflU,Mutushet HC II,Bugisu,Bukwo District,HC III,1.318548,34.711352,35384,92880
XaSg0q35pRM,Riwo HC III,Bugisu,Bukwo District,HC III,1.324563,34.795303,13057,65624
lyRKz5je0d6,Kwirwot HC II,Bugisu,Bukwo District,HC III,1.228063,34.744468,19859,65138
zsjABvUkY2d,Tulel HC III,Bugisu,Bukwo District,HC III,1.35214,34.683002,25360,76353
wNIGyP5Wi4G,Buginyanya HC III,Bugisu,Bulambuli District,HC III,1.27615,34.366461,96414,246610
DeLCxOv0IDy,Bukhalu HC III,Bugisu,Bulambuli District,HC III,1.306429,34.255556,48602,194531
aRcYASb3NLw,Buwakhanywinywi HC II,Bugisu,Bulambuli District,HC II,1.328408,34.271421,51988,185070
D90178rMBih,Bulaago HC II,Bugisu,Bulambuli District,HC III,1.243937,34.360899,79830,259260
G4DUWj0Q8hp,Muyembe HC IV,Bugisu,Bulambuli District,HC IV,1.327888,34.291885,62351,212668
Mj7uz7WM7PB,Bulegeni Town Council HC III,Bugisu,Bulambuli District,HC III,1.294608,34.323099,110639,267219
VboJZXGJBI9,Buluganya HC III,Bugisu,Bulambuli District,HC III,1.226511,34.361411,79280,255414
G2x4IQfoW0p,Bumasobo HC III,Bugisu,Bulambuli District,HC III,1.208121,34.380532,48417,208646
LoH25qrXkd9,Bunakusi HC II,Bugisu,Bulambuli District,HC II,1.209894,34.401075,33281,184392
z8ztvhCaf1r,Atari HC II,Bugisu,Bulambuli District,HC II,1.497948,34.443436,6032,26724
boWtTtxORe7,Kata HC III,Bugisu,Bulambuli District,HC III,1.456178,34.381802,6933,50101
HtV4tzUs2AS,Bumugibole HC III,Bugisu,Bulambuli District,HC III,1.263777,34.381734,69294,226055
TwZ0KmmR1od,Bunambutye HC III,Bugisu,Bulambuli District,HC III,1.417765,34.351877,12361,74807
LLs45lStr4N,Bumageni HC II,Bugisu,Bulambuli District,HC II,1.268857,34.258044,60962,228318
aUCVOvi5Zz5,Buyaga HC III,Bugisu,Bulambuli District,HC III,1.262143,34.269194,65659,255720
aWwpooTj8ng,Bwikhonge HC II,Bugisu,Bulambuli District,HC III,1.392231,34.318717,20213,102013
fEJx7cojpBA,Divine Clinic HC II,Bugisu,Bulambuli District,HC II,1.306221,34.316606,103036,252040
GT8CbxGtA7o,Bumwambu HC III,Bugisu,Bulambuli District,HC III,1.262657,34.35517,98469,258292
VlljNDTZKFl,Gombe (Bulambuli) HC II,Bugisu,Bulambuli District,HC II,1.255206,34.369985,77050,238248
CHqwTZx7Pym,Masira HC III,Bugisu,Bulambuli District,HC III,1.286044,34.377807,83270,223351
VmXrZR2cOUI,Bunangaka HC III,Bugisu,Bulambuli District,HC III,1.370047,34.306219,34145,147868
tYLr3NaItjW,Nabiwutulu HC II,Bugisu,Bulambuli District,HC II,1.231091,34.364823,78156,252945
eN47KTA7oAK,Gamatimbei HC III,Bugisu,Bulambuli District,HC III,1.293762,34.351654,109954,253279
qJnALNH3a89,Bukibologoto HC III,Bugisu,Bulambuli District,HC III,1.262192,34.322451,99516,293599
Rg3LeVeNtqJ,Tunyi HC II,Bugisu,Bulambuli District,HC II,1.244347,34.348762,88216,275582
CwPZMYQPea5,Bumugusha HC III,Bugisu,Bulambuli District,HC III,1.268819,34.326443,105848,289270
NIc5pKnVYeR,Bugudoi HC II,Bugisu,Bulambuli District,HC II,1.235821,34.339568,84774,288350
pyeMjBNdNrR,Amukol HC II,Bugisu,Kapchorwa District,HC II,1.324862,34.35393,75069,225163
Z9dLZO7dCS2,Kokwomurya HC II,Bugisu,Kapchorwa District,HC II,1.403299,34.459045,48712,103604
Z6pfevm24YB,Masha Clinic HC II,Bugisu,Kapchorwa District,HC II,1.400643,34.442475,48174,103463
TmpX83g0ewk,New Town Clinic (Kapchorwa MC),Bugisu,Kapchorwa District,HC II,1.401311,34.443243,48187,103241
mYCD03UT8FI,Reproductive Health Uganda (Kapchorwa) HC II,Bugisu,Kapchorwa District,Clinic,1.400271,34.444198,48504,103624
ayFx1JAAUqh,Rock Clinic,Bugisu,Kapchorwa District,HC II,1.397454,34.451542,49368,104551
rDLStuCS40v,Sesmart HC II,Bugisu,Kapchorwa District,HC II,1.403312,34.441135,47404,102415
vyphJ7MIPWr,Shifa Clinic,Bugisu,Kapchorwa District,HC II,1.401187,34.443377,48230,103289
bvs2abOaE96,Rock Clinic HC II,Bugisu,Kapchorwa District,HC II,0.28453,32.609035,651694,2005956
dRx8az95Iwy,Arrow Clinic,Bugisu,Kapchorwa District,HC II,1.396816,34.448146,49216,104745
dNO4PUJDiww,Capital Clinic,Bugisu,Kapchorwa District,HC II,1.40039,34.44217,48163,103553
zpmUD2YzPnn,Kapchorwa Hospital,Bugisu,Kapchorwa District,General Hospital,1.402665,34.442562,47820,102731
WeIU1vLiYNC,Kapchorwa Medical Clinic,Bugisu,Kapchorwa District,HC II,1.398473,34.445796,48921,104240
BgtgUtz9C4V,Kapchorwa Police HC II,Bugisu,Kapchorwa District,HC II,1.398106,34.452189,49371,104408
rRYEsv3mfWa,Chemosong HC II,Bugisu,Kapchorwa District,HC III,1.382253,34.388966,29832,122398
LVowuv0tgrR,Chepterech HC II,Bugisu,Kapchorwa District,HC II,1.30672,34.342861,101572,244035
eRHftg5IfLc,Kapchesombe HC II,Bugisu,Kapchorwa District,HC II,1.38371,34.4705,46413,106627
aKrzURA6hJZ,Kwoti HC II,Bugisu,Kapchorwa District,HC II,1.361527,34.458326,35568,107029
jKb8fhTLrfC,Gamogo HC III,Bugisu,Kapchorwa District,HC III,1.308638,34.358659,88483,229667
K0MZ3COLlKt,Kabeywa HC III,Bugisu,Kapchorwa District,HC III,1.308673,34.388615,52406,199405
mOxAHl3KoLP,Cheptuya HC III,Bugisu,Kapchorwa District,HC III,1.366112,34.371091,33612,164815
aBir3f6laiu,Kaserem Christian Medical Centre,Bugisu,Kapchorwa District,HC II,1.342568,34.358754,47352,204678
lz5JN2jaw2Y,Tumboboi HC III,Bugisu,Kapchorwa District,HC III,1.43304,34.468841,30509,93897
tuH7Lpxs6z9,Ngangata HC II,Bugisu,Kapchorwa District,HC III,1.418902,34.42431,37011,94634
S8LH3k8Bkir,Kaserem HC III,Bugisu,Kapchorwa District,HC IV,1.325565,34.337186,86016,235141
eED0m5DVbhB,Mediline Clinic,Bugisu,Kapchorwa District,HC II,1.318863,34.341803,91581,236333
ibPkZBlsOml,Sanzara HC II,Bugisu,Kapchorwa District,HC II,1.363555,34.327688,35173,173907
Cxa96htrVdt,Chebonet HC III,Bugisu,Kapchorwa District,HC III,1.353419,34.388532,36446,171356
UYWZjSrracT,Gamatui HC II,Bugisu,Kapchorwa District,HC II,1.328736,34.383312,48019,206066
Pg3Djak7A3e,Sipi HC III,Bugisu,Kapchorwa District,HC III,1.334381,34.374932,49088,209586
OVHn5EkIqik,Tegeres HC III,Bugisu,Kapchorwa District,HC III,1.376497,34.400638,34128,123211
tsmtxxZNaws,Tigrim HC II,Bugisu,Kapchorwa District,HC II,1.365944,34.420043,40868,120154
qpP5cilBXi9,Kaplelko HC II,Bugisu,Kapchorwa District,HC III,1.408699,34.410524,35777,101798
smSwStyPBFr,Sebei College Sick Bay HC II,Bugisu,Kapchorwa District,HC II,1.379087,34.401582,34819,120458
XSdqoKX2jQS,Sumayya HC II,Bugisu,Kapchorwa District,HC II,1.390869,34.423524,46621,109043
n3vBQJV5o90,Mengya HC II,Bugisu,Kween District,HC II,1.363565,34.530618,19149,92297
WV7VVz9jpuJ,Likil HC II,Bugisu,Kween District,HC II,1.363227,34.508559,19968,100023
aVlOVOmBP2K,Binyiny HC III,Bugisu,Kween District,HC III,1.417237,34.534339,30606,98658
wITceG8YRXg,Chepsukunya HC II,Bugisu,Kween District,HC II,1.56913,34.51994,4389,13906
RxjGCZJbrNa,Kworus HC II,Bugisu,Kween District,HC II,1.364078,34.65437,24298,75185
mhJpqcMZSMv,Chemwom HC III,Bugisu,Kween District,HC III,1.385919,34.503225,33577,107428
IyYvTavDSou,Kaproron HC IV,Bugisu,Kween District,HC IV,1.421801,34.616355,23367,74042
A15NLokfXbV,Kabkoch HC II,Bugisu,Kween District,HC II,1.387732,34.486532,44265,106158
SHSEJEsSeiE,Kapteror HC II,Bugisu,Kween District,HC II,1.411198,34.507229,32928,105990
a3olK5bCOw7,Atar HC III,Bugisu,Kween District,HC III,1.407324,34.483894,44857,102793
nEM9LCQDK9w,Kaptum HC III,Bugisu,Kween District,HC III,1.418051,34.584588,29211,78223
OVvwU0OxejN,Mulungwa HC II,Bugisu,Kween District,HC II,1.342874,34.49928,10921,87906
gcApTQ5WMyb,Kiriki HC III,Bugisu,Kween District,HC III,1.457095,34.709873,10182,27741
JnRccswaEww,Kapsama HC II,Bugisu,Kween District,HC II,1.409758,34.712989,9742,55708
VN4lS8pgxP9,Teren-Boy HC III,Bugisu,Kween District,HC III,1.369226,34.551311,25787,83167
zpMTFJlXcMH,Kwanyiy HC III,Bugisu,Kween District,HC III,1.375569,34.651665,24735,74439
rLYXWl0FJq4,Benet HC III,Bugisu,Kween District,HC III,1.389176,34.568944,34369,82803
NfEC0QSTA7M,Moyok HC II,Bugisu,Kween District,HC III,1.403532,34.624087,25536,79552
a5qrQiD8czZ,Kabelyo HC II,Bugisu,Kween District,HC II,1.382147,34.633034,24289,78544
JdjHX0xhrKK,Sikwo HC II,Bugisu,Kween District,HC II,1.501031,34.449467,6060,25541
PfIEJ2cH2SX,Ngenge HC III,Bugisu,Kween District,HC III,1.505262,34.50017,5686,24525
av7lBkdqD2U,Sundet HC II,Bugisu,Kween District,HC II,1.474509,34.621346,4263,37063
T4aXWHJbR0A,Tuikat HC II,Bugisu,Kween District,HC II,1.385888,34.588849,30763,80885
abyfkOlxO5i,Kongta HC II,Bugisu,Kween District,HC II,1.374388,34.584071,26188,78655
RTB3ZNoIDhd,Bugobero HC IV,Bugisu,Manafwa District,HC IV,0.865734,34.252729,59006,211406
tEz9A6zfTvN,Ikaali HC II,Bugisu,Manafwa District,HC II,0.881526,34.289871,60494,247715
roJb8A7yXNm,Lwanjusi HC III,Bugisu,Manafwa District,HC III,0.828665,34.216778,45505,191195
vGHlrDMSEZg,Kim Tab Medical Centre,Bugisu,Manafwa District,Clinic,0.861169,34.230267,53389,198111
kYo6rlWFlg2,Butiru Dispensary HC II,Bugisu,Manafwa District,HC II,0.836867,34.281073,54167,218884
Wsm1yq3s0Lw,Butiru HC III,Bugisu,Manafwa District,HC III,0.825111,34.291769,53339,212353
JHUDOhEfQ9t,Butiru Chrisco (UCMB) HC III,Bugisu,Manafwa District,HC III,0.820109,34.295774,53235,206276
wcTUcjmdOA3,Bukewa HC III,Bugisu,Manafwa District,HC III,0.961777,34.328264,94375,318271
FROrc88gFyZ,Bukimanayi HC III,Bugisu,Manafwa District,HC III,0.98765,34.348997,114201,349334
sotOfurfIHd,Wajo Medical Centre,Bugisu,Manafwa District,Clinic,0.925103,34.280879,63803,268570
oIYkOMu6tdP,Bubulo HC IV,Bugisu,Manafwa District,HC IV,0.954119,34.281518,70126,297299
Z4327slMc14,Bubulo Walanga HC II,Bugisu,Manafwa District,HC II,0.950184,34.272915,66074,282939
xJtAHm83ULs,Mbale Police HC III,Bugisu,Mbale City,HC III,1.069684,34.177969,217276,460065
v9p3jFvYYtP,AIDS Information Centre (Mbale) Special Clinic,Bugisu,Mbale City,Clinic,1.078019,34.172889,212041,460707
JB7CMDmPtIZ,Bukasakya HC IV,Bugisu,Mbale City,HC IV,1.063885,34.15132,184492,426365
qqNrWKGgl1e,Bungokho-Mutoto HC III,Bugisu,Mbale City,HC III,1.060875,34.220637,142847,453415
C9Kvzwphv8J,Busamaga HC III,Bugisu,Mbale City,HC III,1.079062,34.188943,217216,468435
ncPqsWzYvFY,Crusader Clinic HC II,Bugisu,Mbale City,HC II,1.071942,34.17538,216012,459696
SoOVoe9z5U6,Cure Children's  Hospital,Bugisu,Mbale City,General Hospital,1.073962,34.171659,213188,458198
afXyEtZ1a82,Dekar Clinic HC II,Bugisu,Mbale City,HC II,1.073483,34.176685,216928,461575
IIkWcbUmyhI,Elgon Medical Clinic,Bugisu,Mbale City,HC II,0.252581,32.575231,636199,1652173
a1y6GK9Otxa,Imc Mbale HC II,Bugisu,Mbale City,HC II,1.071488,34.181545,219184,463048
aaI3qQuFct4,Joy Medical HC II,Bugisu,Mbale City,HC II,1.046961,34.199833,159245,442543
V2x1UIpO46L,Malukhu HC III,Bugisu,Mbale City,HC III,1.067774,34.162411,204314,442917
lclJKSu87er,Marie Stopes Uganda Mbale HC II,Bugisu,Mbale City,HC II,1.077503,34.172702,212230,460401
AtuVg4C11UO,Mbale Main Prisons HC III,Bugisu,Mbale City,HC III,1.072043,34.157391,198672,440225
WZdR7ibefws,Mbale Parent's  Clinic HC II,Bugisu,Mbale City,HC II,1.073772,34.178347,217933,462837
s6I81Be52IE,Mt. Elgon Hospital,Bugisu,Mbale City,General Hospital,1.068429,34.183481,218977,462282
mAVOIO9mDPJ,Namatala HC IV,Bugisu,Mbale City,HC IV,1.085287,34.164805,196642,453239
zHbn4MPK7fS,Rehema HC II,Bugisu,Mbale City,HC II,1.038842,34.183831,148023,425368
C46L5bEGtcn,SDA HC III,Bugisu,Mbale City,HC III,1.079712,34.164838,203802,452674
FcACzMHaG20,Saidina Umar HC II,Bugisu,Mbale City,HC II,1.066599,34.176016,215210,456631
MtE5RAbwwNx,St. Austin Mbale HC II,Bugisu,Mbale City,HC II,1.066967,34.182717,218139,461060
R6PZK1yToJP,Tropical Medical Centre and Maternity Home,Bugisu,Mbale City,Clinic,1.142698,34.166764,91236,383292
potmv2l4HbN,Ahamadiya HC IV,Bugisu,Mbale City,General Hospital,1.081527,34.1797,213899,466286
aTlXg6L2tH1,Deliverance Church Joy Hospice HC III,Bugisu,Mbale City,HC III,1.080601,34.176267,212635,463967
ZNsYKx9M5ag,Gangama HC II,Bugisu,Mbale City,HC II,1.092104,34.184298,198496,468358
dzybmd1eGDK,Islamic University in Uganda HC III,Bugisu,Mbale City,HC III,1.100824,34.172923,188216,458178
O4hJJKkCm5r,Kolonyi HC IV,Bugisu,Mbale City,HC IV,1.138519,34.148769,85272,373115
a3rqRkgOyEV,Mbale General Clinic Health II,Bugisu,Mbale City,HC II,1.075857,34.17786,216822,463570
Fq8Ly6ex4kx,Mbale Municipal HC II,Bugisu,Mbale City,HC II,1.07769,34.173931,213023,461435
ds0XlYAKuOX,Mbale People's  Hospital,Bugisu,Mbale City,General Hospital,1.076041,34.176701,215978,462863
HpJYuf9iyz2,Mbale Regional Referral Hospital,Bugisu,Mbale City,RRH,1.077511,34.176021,214606,462933
CxTwCvcB2Fq,Montana Hospital,Bugisu,Mbale City,General Hospital,1.080266,34.174097,211367,462243
J1vQouUOY5h,Nakaloke HC III,Bugisu,Mbale City,HC III,1.141331,34.165635,92098,385738
XJnDlwQcKju,Namakwekwe HC III,Bugisu,Mbale City,HC III,1.089765,34.179489,201427,466450
XPlqjxDtXXO,Namanyonyi HC III,Bugisu,Mbale City,HC III,1.112863,34.201394,150700,465374
RcviCR2b32p,Nankusi HC II,Bugisu,Mbale City,HC II,1.128536,34.218059,95185,428260
xmpjTKGod8W,Reproductive Health Uganda (Mbale) HC II,Bugisu,Mbale City,Clinic,1.142316,34.169099,92615,386567
ZTTnzF0rjAA,St. Martin Clinic (Mbale) HC II,Bugisu,Mbale City,HC II,1.075537,34.17715,216581,462959
a929G14p47c,TASO Mbale Special Clinic,Bugisu,Mbale City,Clinic,1.077844,34.175154,213795,462412
oAPx6POCS1T,Tobin Clinic HC II,Bugisu,Mbale City,HC II,1.086827,34.178331,205955,465988
zH1tLSpZuGt,Bufumbo HC IV,Bugisu,Mbale City,HC IV,1.096581,34.241092,108088,456720
OlaVEDuSn6W,Bumadanda HC III,Bugisu,Mbale District,HC III,1.073891,34.272629,85349,409235
ayTrnqSyazC,Kigezi (Mbale) HC II,Bugisu,Mbale District,HC II,1.062216,34.240459,106655,466567
tZX3IqSxAr1,Budwale HC III,Bugisu,Mbale District,HC III,1.072321,34.250632,103512,463390
LDXeMBpjAJq,Thornbury HC II,Bugisu,Mbale District,HC II,1.091338,34.259986,95957,427662
FkHfVW0W0FE,Bukiende HC III,Bugisu,Mbale District,HC III,0.972405,34.23825,60690,273907
FJQvpVMUJlA,Hope Medical Center (Mbale) - Cbo,Bugisu,Mbale District,HC II,0.965078,34.167653,53258,229146
R90HHFvhh7u,Bumasikye HC III,Bugisu,Mbale District,HC III,0.905317,34.209947,48632,207673
H82An4NhrVA,Prof Wamukota Memorial HC III,Bugisu,Mbale District,HC III,0.869616,34.171833,43374,182942
eQUTo4Kz4Cv,Siira HC III,Bugisu,Mbale District,HC III,0.996988,34.142127,59959,302033
aVEGxoGe7RS,Naiku HC III,Bugisu,Mbale District,HC III,1.011548,34.220164,74768,377928
b87lBxMVEGH,Nasasa HC II,Bugisu,Mbale District,HC II,0.997963,34.199067,67907,332356
ZrxsUH2PMkW,Bugema HC II,Bugisu,Mbale District,HC II,1.031148,34.185045,121842,416143
b5gYOcDzgXn,Bushikori HC III,Bugisu,Mbale District,HC III,1.005454,34.1698,75266,357279
Lm5ZpEDH78a,Bunapongo HC III,Bugisu,Mbale District,HC III,1.032485,34.197415,121146,424161
YiiEgLjAdyx,Buwangwa HC III,Bugisu,Mbale District,HC III,1.020082,34.276286,77660,393173
S3tP2Tw15nr,Busano HC III,Bugisu,Mbale District,HC III,0.997145,34.253693,70717,329235
fe5T2gr64Y5,Makhonje HC III,Bugisu,Mbale District,HC III,0.913813,34.130571,40659,177245
zeEOtz7XwxV,Busiu HC IV,Bugisu,Mbale District,HC IV,0.92182,34.160325,45872,187586
hC1gtogaFM0,Lwangoli HC III,Bugisu,Mbale District,HC III,0.965013,34.146188,53030,220098
cnDK8bgYPe5,Makhai HC II,Bugisu,Mbale District,HC II,0.9516,34.166301,49757,207094
IQ78syaaXEg,Busoba Epi Centre HC II,Bugisu,Mbale District,HC II,0.971535,34.168017,55848,240649
PN6KqAufFNJ,Jewa HC III,Bugisu,Mbale District,HC III,1.088313,34.258254,97302,436605
H21894K9xDD,Namawanga HC III,Bugisu,Mbale District,HC III,0.875113,34.195682,46663,192767
vaNMmgaScuW,Nyondo HC III,Bugisu,Mbale District,HC III,0.98292,34.224785,58022,294998
IuwBI8xDqBO,Muruba HC II,Bugisu,Mbale District,HC II,1.010732,34.233405,68352,363286
KBk0KFmtX6p,Wanale HC III,Bugisu,Mbale District,HC III,1.040192,34.245546,81354,454851
aCZRqIkW8s5,Bubutu HC III,Bugisu,Namisindwa District,HC III,0.814716,34.325429,59080,193610
JiMsrQGUs6H,Bukhabusi HC III,Bugisu,Namisindwa District,HC III,0.939391,34.347265,76945,285017
mBKohvAs9ZG,Wango Domiciliary Clinic - Cbo,Bugisu,Namisindwa District,Clinic,0.919101,34.328202,68968,279068
nDKkvS97jKc,Bukhaweka HC II,Bugisu,Namisindwa District,HC II,0.92173,34.332894,69830,279377
qWJpv66plkJ,Bukiabi HC II,Bugisu,Namisindwa District,HC II,0.829136,34.402904,49238,141556
uiIUQsgVTAj,Bumbo HC III,Bugisu,Namisindwa District,HC III,0.862731,34.395642,75368,175273
CIVkMjSRVBX,Bumwoni HC III,Bugisu,Namisindwa District,HC III,0.831984,34.382044,65681,168675
lDVrvHJzAg5,Beatrice Tinniery Matuwa HC II,Bugisu,Namisindwa District,HC II,0.902378,34.379619,62126,219557
tZ2r1YHQh04,Buwabwala HC III,Bugisu,Namisindwa District,HC III,0.927054,34.362017,64989,259826
bhXPm7mqi2B,Love & Mercy Clinic,Bugisu,Namisindwa District,Clinic,0.799383,34.379725,36136,134141
PE6zvLA3vmK,Buwuma HC II,Bugisu,Namisindwa District,HC II,0.791869,34.361614,35881,133429
B2kCGShrnuE,Kyaterekera Domiciliary Clinic,Bugisu,Namisindwa District,Clinic,0.796906,34.378454,34792,130448
jepvdaaAiNJ,Magale Hans HC III,Bugisu,Namisindwa District,HC III,0.865881,34.355446,76163,236564
adoijg0nE4u,Magale (UCMB) HC IV,Bugisu,Namisindwa District,HC IV,0.871595,34.366388,78051,224387
ms55Tt7iPFm,Mukoto HC II,Bugisu,Namisindwa District,HC II,0.937106,34.385642,48760,231768
TZcWnlYP5wf,Buwasunguyi HC II,Bugisu,Namisindwa District,HC II,0.907022,34.325869,68353,272582
VB6z6SmiL33,Nabitsikhi HC III,Bugisu,Namisindwa District,HC III,0.793755,34.302512,47747,169749
aJCkfyIurtg,Bupoto HC III,Bugisu,Namisindwa District,HC III,0.907144,34.357308,67374,255549
KLUaz4vAm5G,Bupoto COU HC II,Bugisu,Namisindwa District,HC II,0.904702,34.349865,69537,262755
aW4S9Y3XhuV,Bunambale HC III,Bugisu,Namisindwa District,HC III,0.957492,34.370983,68819,278634
GP5jEcoIS6B,Budadiri Ngo HC II,Bugisu,Sironko District,HC II,1.170564,34.329336,78550,227487
XbprbPFsfSr,Divine Community HC III,Bugisu,Sironko District,HC III,1.17374,34.33562,80052,222866
pTrRXtAg5IR,Budadiri HC IV,Bugisu,Sironko District,HC IV,1.170437,34.333948,78641,223220
aVF1hN6kKkE,Bugitimwa Ngo HC II,Bugisu,Sironko District,HC II,1.151471,34.386898,41575,185317
h9EhsXtR7wl,Bugitimwa Govt HC III,Bugisu,Sironko District,HC III,1.156211,34.390792,38907,178402
BN00LSP4lo5,Bundege HC II,Bugisu,Sironko District,HC III,1.196972,34.193459,50917,225444
EiF3piKONJO,St. Mary's  Salalira HC III,Bugisu,Sironko District,HC III,1.231571,34.29199,59287,298234
Rr6qa2nv12k,Shared Blessings HC III,Bugisu,Sironko District,HC III,1.232598,34.266634,57492,254899
aa3pe5ISanH,Mutufu HC II,Bugisu,Sironko District,HC III,1.203395,34.306355,68949,279111
UX5j31I7jpP,Buhugu HC III,Bugisu,Sironko District,HC III,1.201699,34.329982,80017,261868
A8E98vahuiC,Bunaseke HC III,Bugisu,Sironko District,HC III,1.172293,34.384258,45075,187253
a9fe7RYnAFV,Bulwala HC III,Bugisu,Sironko District,HC III,1.168206,34.357808,72289,206021
jauAUu9YBbl,Bumulisha HC III,Bugisu,Sironko District,HC III,1.216142,34.318506,64932,294529
fSqSx3rnDmx,Mbaya HC III,Bugisu,Sironko District,HC III,1.241924,34.321167,78834,304239
aURmSknLg9S,Buteza HC III,Bugisu,Sironko District,HC III,1.117141,34.301734,66367,317507
Q4w36syuJ46,Bugusege HC II,Bugisu,Sironko District,HC II,1.155533,34.257786,61671,315128
Zz6XgnxXRri,Bubeza HC II,Bugisu,Sironko District,HC II,1.17504,34.243001,55746,294624
KdRYPKINiix,Busamaga HC II,Bugisu,Sironko District,HC II,1.137416,34.25326,80371,354414
GpKYBJWFJJ6,Buwalasi HC III,Bugisu,Sironko District,HC III,1.158359,34.225221,67366,330934
yyYPcgZm4xP,Buwasa HC IV,Bugisu,Sironko District,HC IV,1.137596,34.274647,71349,294335
d6whuavCciB,Buyobo HC III,Bugisu,Sironko District,HC III,1.160138,34.288541,66322,287112
PX7XHOUnYJY,Butandiga HC III,Bugisu,Sironko District,HC III,1.216418,34.351272,68645,258642
V1efirRaxqJ,Simu Pondo HC III,Bugisu,Sironko District,HC III,1.272063,34.305411,93097,290612
a3qhORZNhaG,Bunagami HC III,Bugisu,Sironko District,HC III,1.19886,34.38919,39435,195225
H0c7BcEQEG6,Nampanga HC II,Bugisu,Sironko District,HC II,1.17543,34.197186,70013,275771
m1B0rCFe5za,Masiyompo HC III,Bugisu,Sironko District,HC III,1.138001,34.392158,39002,186264
titT0EtXIe0,Buboolo HC II,Bugisu,Sironko District,HC II,1.141128,34.393688,37873,181164
Y0A3UgeXcko,Buyaya HC II,Bugisu,Sironko District,HC II,1.185684,34.250504,54168,273629
NnRzaC6CTar,Sironko HC III,Bugisu,Sironko District,HC III,1.223899,34.237297,57685,202774
Hd2DZl5Gthw,Sironko Medical Centre HC III,Bugisu,Sironko District,HC III,1.232382,34.246362,57700,212399
sdgB0EP8oLo,Sironko Police HC II,Bugisu,Sironko District,HC II,1.23207,34.248333,57784,216310
SPRfKSI1D1b,Destiny Domiciliary Clinic HC II,Bugisu,Sironko District,HC II,1.232111,34.245856,57694,211636
ag6oANQZEh6,Bumumulo HC III,Bugisu,Sironko District,HC III,1.125252,34.376378,45358,228557
apShjfH5dpp,Kyesha HC II,Bugisu,Sironko District,HC II,1.101726,34.335149,64596,328993
D4NIfKfOjKu,Bulujewa HC III,Bugisu,Sironko District,HC III,1.125104,34.34701,56241,273460
A6pRqAKPNFH,Sapiri HC III,Bukedi,Budaka District,HC III,1.010373,33.984707,47633,196999
dJd3ohZ6VTQ,Namengo HC III,Bukedi,Budaka District,HC III,1.007905,33.95477,53950,187399
aXPAwDqt65Q,Budaka HC IV,Bukedi,Budaka District,HC IV,1.017284,33.952839,56322,190161
aO7oxwS5BKX,Iki Iki Dispensary HC II,Bukedi,Budaka District,HC II,1.101495,34.012772,53693,197112
cqonmIvPuVM,Iki Iki HC III,Bukedi,Budaka District,HC III,1.100752,34.004306,54020,195258
BUS1uU9bfh8,Kaderuna HC III,Bukedi,Budaka District,HC III,1.120965,33.93555,50362,200077
IbDdnbWltNt,Kebula HC II,Bukedi,Budaka District,HC III,1.091022,33.951515,53979,208865
aocu3geIqCH,Namusita (Budaka) HC III,Bukedi,Budaka District,HC III,1.060986,33.984131,49166,204617
ptpCYlWn6s7,Kameruka HC III,Bukedi,Budaka District,HC III,1.15243,33.98307,43675,187733
aEAa6essoBR,Kamonkoli HC III,Bukedi,Budaka District,HC III,1.067825,34.098656,61469,351092
O2MrHIZZJoi,Marah HC II,Bukedi,Budaka District,HC II,1.089008,34.094327,59589,338217
ghAOnWgEauV,Terz Medical Clinic,Bukedi,Budaka District,Clinic,1.075109,34.095063,60078,340831
u16ZU15t0aX,Kerekerene HC III,Bukedi,Budaka District,HC III,1.143632,34.037481,44606,186930
CbZsLxa0Zp6,Katira HC III,Bukedi,Budaka District,HC III,1.10883,34.04096,48895,200420
z2Ye13P7ajL,Lyama HC III,Bukedi,Budaka District,HC III,0.983765,33.931116,50255,172769
BI0RPyX7pY3,River Side Medical Research Centre,Bukedi,Budaka District,HC II,1.0783,34.11815,92291,392161
bYmBurvTSx2,Uganda Clay HC II,Bukedi,Budaka District,HC II,1.077569,34.108827,73668,375354
UMeiyZqnUaS,Mugiti HC III,Bukedi,Budaka District,HC III,1.118135,34.097366,52207,322782
G4PdJuhXqOz,Naboa HC III,Bukedi,Budaka District,HC III,1.039238,34.018692,45335,207037
W0HJiRNXyec,Nansanga HC III,Bukedi,Budaka District,HC III,0.988157,33.898933,51292,168788
r2MmzjEyXNT,Butove HC II,Bukedi,Budaka District,HC II,0.983019,33.96157,44428,183139
cVTNNi4z9b2,Sibona HC II,Bukedi,Busia District,HC II,0.363315,34.076502,29356,89894
YWRtcUXBxrt,Buhehe HC III,Bukedi,Busia District,HC III,0.344518,34.046807,29330,98573
SeWJV46N6Qc,Bulumbi HC III,Bukedi,Busia District,HC III,0.502532,33.985423,25559,118201
ml7b6lHEQ7h,Mundindi HC II,Bukedi,Busia District,HC II,0.285531,33.921291,31755,135022
YofAXKzjiUD,Musichimi HC II,Bukedi,Busia District,HC II,0.247044,33.930733,28941,107197
eV4fyDZzdi3,Busime HC II,Bukedi,Busia District,HC III,0.253375,33.93998,29759,102212
eDMgteYPoGT,Habuleke HC II,Bukedi,Busia District,HC II,0.551993,33.986879,26100,108535
x2bKnIqqcFt,Busitema HC III,Bukedi,Busia District,HC III,0.552834,34.040637,30744,125696
JlQbyLlYoOb,Amonikakinei HC II,Bukedi,Busia District,HC II,0.565791,34.07804,34957,109493
aJgUSQQuIsM,Buteba HC III,Bukedi,Busia District,HC III,0.537816,34.124134,21338,127904
OTXAnX5WbpR,Mawero HC II,Bukedi,Busia District,HC II,0.49949,34.104277,80756,149650
z7JiDpfSLHL,Namasyolo HC II,Bukedi,Busia District,HC II,0.49975,33.944703,31049,105747
vwA6dkN8RHb,Buwembe HC III,Bukedi,Busia District,HC III,0.46231,33.9644,23143,110869
tKb5TmG2jQt,Buyengo HC II,Bukedi,Busia District,HC II,0.412956,34.082965,39147,166276
zZdTVtXzMxi,Buwumba HC II,Bukedi,Busia District,HC II,0.4561,34.028731,39963,191658
AhDvE2o9F3L,Dabani Hospital,Bukedi,Busia District,General Hospital,0.437155,34.052607,69260,189883
ZmVBa8dVAuQ,Besesuda Medical Centre,Bukedi,Busia District,Clinic,0.460612,34.08218,97470,170636
ENNiBZmoBma,Busia Police HC II,Bukedi,Busia District,HC II,0.465935,34.089191,94725,164669
Jbs89t6sQzf,Luhaire Clinic,Bukedi,Busia District,Clinic,0.459765,34.082607,97170,170584
sjb5FYttoWw,Hasyule HC II,Bukedi,Busia District,HC II,0.312761,34.018664,23915,95173
eheRSS5qlxR,Lumino HC III,Bukedi,Busia District,HC III,0.324236,33.988376,27401,115085
tPjvE8nStxH,Our Lady Of Lourdes HC IV,Bukedi,Busia District,HC II,0.330597,33.998729,29893,113924
auwyv5FxrEm,Lumino Foc Rev HC III,Bukedi,Busia District,HC III,0.325957,33.99727,28459,112377
RkPKHtihwLz,Lunyo HC III,Bukedi,Busia District,HC III,0.331347,33.908661,36455,137209
SFqksyF2OnO,Majanji HC III,Bukedi,Busia District,HC III,0.260592,33.990123,27544,70421
uxV110Fc7jo,Mbehenyi HC III,Bukedi,Busia District,HC III,0.407298,33.963835,24686,121715
xUfMCYcr2xi,Butangasi HC II,Bukedi,Busia District,HC II,0.373191,33.998553,37386,125136
ZyHK3H4u63Y,Kubo HC II,Bukedi,Busia District,HC II,0.435463,33.974318,23650,122615
XLCbIsJWmxG,Masafu Hospital,Bukedi,Busia District,General Hospital,0.412432,34.034917,41645,191280
vrkOwpFBduq,Bumunji HC II,Bukedi,Busia District,HC III,0.394748,34.078006,40454,155315
QBcNhnMbA3s,Namungodi HC II,Bukedi,Busia District,HC II,0.485298,34.025911,31757,192985
zVkituTxngO,Sikuda HC II,Bukedi,Busia District,HC III,0.492536,34.055968,92145,182393
N3qJIvNpuQ3,Tiira HC II,Bukedi,Busia District,HC II,0.521598,34.074643,42716,171147
Yr843NBuL9D,Busia HC IV,Bukedi,Busia District,HC IV,0.471231,34.089069,95745,163287
aAAa6d3Ohyf,Nabulola HC III,Bukedi,Busia District,HC III,0.47096,34.074952,101630,172512
SRuOG2nF6oM,Bronze Medical Centre HC II,Bukedi,Busia District,Clinic,0.462239,34.08203,97742,170318
hAksWr823tY,Bunawale HC II,Bukedi,Butaleja District,HC II,0.785545,33.841001,26232,117525
a7PVBlWykhK,Hahoola HC II,Bukedi,Butaleja District,HC II,0.855908,33.892154,50673,149711
Kz4R1fHjE7p,Busaba HC III,Bukedi,Butaleja District,HC III,0.856453,33.850834,35516,134864
udCPHdcVeb7,Mulagi HC IV,Bukedi,Butaleja District,HC IV,0.871508,33.908356,49013,153299
JriG4BKRoEx,Muhuyu HC II,Bukedi,Butaleja District,HC II,0.705733,33.877555,25015,98467
YFyMK0BnLsG,Busabi HC III,Bukedi,Butaleja District,HC III,0.769945,33.873532,28382,126354
acQwn1AZXQn,Bubalya HC III,Bukedi,Butaleja District,HC III,0.805404,33.900081,40176,154437
jBZmte6aqoD,Busolwe Hospital,Bukedi,Butaleja District,General Hospital,0.849945,33.929112,52311,162231
RtIBg3hpszv,Byansi Medical Clinic,Bukedi,Butaleja District,Clinic,0.969013,34.057742,57244,178162
iaiDpQq3nKQ,Cure Medical Clinic,Bukedi,Butaleja District,Clinic,0.917518,33.959418,38080,150580
RF6xb2gsP8W,Kalif Medical Service,Bukedi,Butaleja District,Clinic,0.846022,33.92812,52940,162394
ZVuxx1C7TaL,Peoples Welfare Clinic,Bukedi,Butaleja District,Clinic,0.850651,33.927232,52222,161760
RtkQwOFYMHN,Yayeri Medical Clinic,Bukedi,Butaleja District,Clinic,0.986273,34.112643,54901,229394
Pt69fvwAO5D,Busolwe Community Clinic,Bukedi,Butaleja District,Clinic,0.850427,33.925858,52275,161461
YEgOR0cGGnF,Nakwasi HC III,Bukedi,Butaleja District,HC III,0.903385,34.001286,37589,149697
Tj9XBHhCMQH,Butaleja HC III,Bukedi,Butaleja District,HC III,0.91559,33.955418,37659,150291
RBlwIDtNQ03,Kanyenya HC II,Bukedi,Butaleja District,HC II,0.943897,34.12666,43325,196918
cXN1f5pUPwE,Namulo HC II,Bukedi,Butaleja District,HC II,0.905887,34.039338,31693,156191
zgyDdqkSzJA,Kangalaba HC III,Bukedi,Butaleja District,HC III,0.912659,34.083463,33013,170912
as02CT6yxs4,Nampologoma HC II,Bukedi,Butaleja District,HC II,0.964879,34.02646,50191,176839
Z577WDhAXUq,Doho HC II,Bukedi,Butaleja District,HC II,0.927404,34.037497,40879,158706
Xm71SWWTqfb,Kabasa Memorial Hospital,Bukedi,Butaleja District,General Hospital,0.955526,34.032556,51375,169203
aPNq1GUh1et,Kachonga HC III,Bukedi,Butaleja District,HC III,0.984958,34.122905,55479,239574
cwGt2cWV5TN,Nabiganda HC IV,Bukedi,Butaleja District,HC IV,0.971593,34.05956,57879,179554
jdsHBxA3VOE,Bingo HC II,Bukedi,Butaleja District,HC II,0.911198,33.873981,27467,133508
Symjhaye4Gp,Bugalo HC III,Bukedi,Butaleja District,HC III,0.88414,33.850118,33232,124079
hP8znrZ9shU,Madungha HC II,Bukedi,Butaleja District,HC II,0.92398,33.825171,21755,107146
MvSkymY8XLd,Nakasanga HC II,Bukedi,Butaleja District,HC II,1.015808,34.097907,51453,272839
UEVOLIT1crh,Naweyo HC III,Bukedi,Butaleja District,HC III,1.00022,34.084679,61589,211515
xRyghoPrl27,Butebo HC IV,Bukedi,Butebo District,HC IV,1.198989,33.919151,47286,167932
akKqxsRNtae,Kabwangasi HC III,Bukedi,Butebo District,HC III,1.140831,34.114265,56062,314805
anWd1qwL6gr,Kachuru HC II,Bukedi,Butebo District,HC III,1.165022,34.109517,47512,218615
xz1FbbXXtew,Kakoro HC III,Bukedi,Butebo District,HC III,1.177584,34.056093,41150,163831
i6w95d8uOH0,Kanginima (Butebo) Hospital,Bukedi,Butebo District,General Hospital,1.195755,33.996364,38204,153915
EEuh52Rx0HI,Kanyumu HC II,Bukedi,Butebo District,HC III,1.240651,33.893198,35450,153420
g4eDmlzUtWL,Kakoro SDA Dispensary HC II,Bukedi,Butebo District,HC II,1.164724,34.07009,43340,185221
rLRgiOLdAhU,Nagwere HC III,Bukedi,Butebo District,HC III,1.162684,33.867317,50129,182808
auY0zuO56sC,Galimagi (Butebo) HC III,Bukedi,Butebo District,HC III,1.172659,33.935149,47314,179989
LXSc8Kd4whS,Putti HC II,Bukedi,Butebo District,HC II,1.13743,34.092035,47725,259176
YkSJ96XhKro,Bulangira HC III,Bukedi,Kibuku District,HC III,1.126872,33.899153,51276,197192
oCg2PMCReX1,Buseta HC III,Bukedi,Kibuku District,HC III,1.079739,33.752796,38071,151629
fKvVQoaVcjz,All Saints Buchanagandi HC III,Bukedi,Kibuku District,HC III,1.137189,33.86084,49173,185477
jCiEJZ0Pt5U,Kabweri HC III,Bukedi,Kibuku District,HC III,1.044841,33.882951,55189,210379
aaTE4ka7UP4,Dodoi HC II,Bukedi,Kibuku District,HC II,1.057935,33.860896,51593,200553
qebkADihERQ,Kadama HC III,Bukedi,Kibuku District,HC III,1.016866,33.886739,56522,193204
Kt3uooeOw2H,Nabuli HC III,Bukedi,Kibuku District,HC III,1.094668,33.821677,43002,182797
aHCmkakK40d,Nacoda HC III,Bukedi,Kibuku District,HC III,1.086498,33.827027,45373,186425
h10KjYB2xDh,Kagumu HC III,Bukedi,Kibuku District,HC III,1.103195,33.863592,47452,194702
M4MwhMwJhKx,Lyama HC II,Bukedi,Kibuku District,HC III,1.083922,33.894437,49221,210362
Azo3MsuykUZ,Kasasira HC III,Bukedi,Kibuku District,HC III,1.091048,33.706408,32036,138761
vGB5z2UnueH,Kenkebu HC II,Bukedi,Kibuku District,HC II,1.050922,33.927683,56187,210967
zecSVKF2vQq,Nalubembe HC III,Bukedi,Kibuku District,HC III,1.040735,33.837868,55061,188900
kEAAnF6s9TJ,Kibuku HC IV,Bukedi,Kibuku District,HC IV,1.047708,33.80049,47510,173475
vxetMic6GCb,Community Health Center (Kibuku) HC III,Bukedi,Kibuku District,HC III,1.044896,33.798099,47428,170941
YIxPa3eWbPq,Kirika HC III,Bukedi,Kibuku District,HC III,0.996637,33.820189,39724,155667
fW5SLVqgqDx,Kibuku Lwatama HC II,Bukedi,Kibuku District,HC III,1.0179,33.743712,34374,131722
fskZDKnPGaA,Tirinyi HC III,Bukedi,Kibuku District,HC III,1.006372,33.775444,40021,139478
ULxokAFLmD2,Agule Community HC III,Bukedi,Pallisa District,HC III,1.280693,33.71172,40284,125484
aMrHxMQoKXP,Agule HC III,Bukedi,Pallisa District,HC III,1.284435,33.70569,39061,120213
DE5VuZb0Xei,Apopong HC III,Bukedi,Pallisa District,HC III,1.21777,33.65632,35406,154304
hHtw3xjbPaG,Limoto HC II,Bukedi,Pallisa District,HC II,1.126936,33.735755,42572,170611
ci6s0lgQqFZ,Gogonyo HC III,Bukedi,Pallisa District,HC III,1.251826,33.61487,24105,91552
A5sNBoMutHJ,Kameke HC III,Bukedi,Pallisa District,HC III,1.264279,33.775933,39609,143542
ndN0FCBD9jE,Lucky Medical Centre,Bukedi,Pallisa District,HC II,1.209433,33.857475,43219,166575
muwJAkGOjj5,Kamuge HC III,Bukedi,Pallisa District,HC III,1.165901,33.812631,41472,176032
QIGx6E6L3Y5,Kasodo HC III,Bukedi,Pallisa District,HC III,1.151188,33.660165,36462,144745
N7LKherv48P,Kaukura HC II,Bukedi,Pallisa District,HC II,1.230688,33.697299,45204,175957
AsOampV7CXE,Kibale Community Medical Center HC III,Bukedi,Pallisa District,HC III,1.213808,33.786552,39488,178590
BsWuppxjpNO,Kibale HC III,Bukedi,Pallisa District,HC III,1.21343,33.784148,39325,181357
a6dy90zDFD5,Obutete HC II,Bukedi,Pallisa District,HC II,1.268483,33.570235,15652,55781
TkgfXWHv2CD,Olok HC III,Bukedi,Pallisa District,HC III,1.192606,33.64751,34600,146486
auN6pWDdKPY,St. Stephen HC II,Bukedi,Pallisa District,HC II,1.231352,33.71088,43609,181123
mPn3Kj2J8r0,Kaboloi HC III,Bukedi,Pallisa District,HC III,1.222171,33.723779,43697,187715
o9Cx4B22Mu5,Pallisa Mission HC III,Bukedi,Pallisa District,HC III,1.182871,33.715482,64698,175590
jYd77jC7ho6,Pallisa Police HC II,Bukedi,Pallisa District,HC II,1.166192,33.710921,61993,170935
DZF9rPxVxuv,Pallisa Town Council HC III,Bukedi,Pallisa District,HC III,1.162053,33.70977,60731,169741
Ml5daGLdYZG,St. Richard HC III,Bukedi,Pallisa District,HC III,1.161819,33.737768,62373,177764
jbIgUMWfECQ,Ebenezer Medical Centre,Bukedi,Pallisa District,HC II,1.167374,33.710605,62281,170998
SZzEzhVy6Yy,Kerith HC III,Bukedi,Pallisa District,HC III,1.153216,33.72927,60381,175274
xC9edbvHOOf,Multi Care Health HC III,Bukedi,Pallisa District,HC III,1.16787,33.706821,62219,169639
qDbpWyvVI91,Pallisa Community Medical Centre,Bukedi,Pallisa District,HC II,1.162183,33.710969,60836,170249
In3apXiVwke,Pallisa Hospital,Bukedi,Pallisa District,General Hospital,1.176422,33.71158,64045,172916
HHDvc2TzPnl,Mpongi HC III,Bukedi,Pallisa District,HC III,1.121072,33.794538,38628,179010
ezl9nwYbSdn,Mudakor HC III,Bukedi,Tororo District,HC III,0.659326,34.189851,70162,166642
aWd1BrStd2o,Benedictine Eye Hospital,Bukedi,Tororo District,General Hospital,0.703244,34.19636,72708,205950
Gh2oZVUE3Dj,Jrc Medical Chambers,Bukedi,Tororo District,Clinic,0.6949,34.185923,78886,203091
WQAIuHuecnR,Kasoli HC II,Bukedi,Tororo District,HC II,0.694151,34.201027,72943,195800
vEIx65iYrBk,Med Link Clinic,Bukedi,Tororo District,Clinic,0.665391,34.193938,74321,170908
MUa7iTmEOw4,Serena HC II,Bukedi,Tororo District,HC II,0.677678,34.20174,74229,179322
iOwO7cTQKfH,St. Anthony's  Tororo Hospital,Bukedi,Tororo District,General Hospital,0.683501,34.180454,83508,195276
CQqWk34vLNB,TASO Tororo Special Clinic,Bukedi,Tororo District,Clinic,0.696299,34.185916,78198,203743
RPJpuHyPqWP,Tororo General Hospital,Bukedi,Tororo District,General Hospital,0.693872,34.186319,79235,202491
dPHGsGPWCmY,Tororo Police HC III,Bukedi,Tororo District,HC II,0.691457,34.190633,78397,198864
REtjx4sVLdw,Nyiemera HC II,Bukedi,Tororo District,HC II,0.611924,33.962347,22167,97709
HEyupbzUKTn,Fungwe HC II,Bukedi,Tororo District,HC II,0.663764,33.910489,22667,93656
XJMwYIWSmOO,Iyolwa HC III,Bukedi,Tororo District,HC III,0.694872,34.187465,78272,202989
HJhbB7XRdA7,Mari Beri Clinic,Bukedi,Tororo District,Clinic,0.600177,34.033472,28247,110388
TCjLjkwPQ8c,Kirewa Community HC III,Bukedi,Tororo District,HC III,0.778681,33.95836,41106,163345
xKpMYnLI2Gv,Hope For Kids Medical Center Clinic,Bukedi,Tororo District,Clinic,0.795261,33.949641,42369,165336
weDWRBlZXNH,Kirewa Chawolo HC II,Bukedi,Tororo District,HC II,0.756161,33.931922,36013,141031
F50gOkQjBg9,Mifumi HC III,Bukedi,Tororo District,HC III,0.742584,33.963423,35683,146692
iX2Fv9KN3P3,Mukisa Medical Center Clinic,Bukedi,Tororo District,Clinic,0.812001,33.962258,43862,167957
zlStCsElobr,Senda Clinic,Bukedi,Tororo District,Clinic,0.818285,33.950425,51319,165193
RoEEqZN2e63,Geno Community Nursing Home Clinic,Bukedi,Tororo District,Clinic,0.736759,34.108892,46701,204394
xpNeIK4ewLA,Morikiswa HC II,Bukedi,Tororo District,HC II,0.742758,34.078056,46592,171890
ZEMMz1yfCIf,Gwaragwara HC II,Bukedi,Tororo District,HC II,0.709735,34.088278,44903,187274
HNjaSmUnPzM,Kisoko HC III,Bukedi,Tororo District,HC III,0.730176,34.103409,46595,202873
I3q42sKAJua,Atangi HC III,Bukedi,Tororo District,HC III,0.75221,34.285824,36557,127007
kr4ugzIMHzL,Friends Medical Clinic,Bukedi,Tororo District,Clinic,0.734439,34.252546,39168,165058
idW1pR7k8m2,Kwapa HC III,Bukedi,Tororo District,HC III,0.75067,34.237683,40546,183133
jOTn54eudpu,Papoli HC III,Bukedi,Tororo District,HC III,0.610751,34.090172,28541,123376
hGZQdzp6xLI,Kayoro HC II,Bukedi,Tororo District,HC II,0.630997,34.105821,29803,139877
YdMEHzviTQC,Magola HC II,Bukedi,Tororo District,HC II,0.623979,34.055721,27476,122290
GmcwI86bnbe,Poyameri HC III,Bukedi,Tororo District,HC III,0.62005,34.082292,28088,128629
g1KUQvkwYhn,Case Clinic,Bukedi,Tororo District,Clinic,0.643237,34.264073,21696,75225
ZRBqBbpBodi,Afia Bora Medical Center Clinic,Bukedi,Tororo District,Clinic,0.642758,34.26341,21700,75634
F1z2KNSzz86,Malaba HC III,Bukedi,Tororo District,HC III,0.64223,34.260725,22173,79579
ZgtdqamsS3f,Meeg Medical Center,Bukedi,Tororo District,Clinic,0.643456,34.263124,22003,77224
y4zYqChRaAD,North Star Alliance Wellness Center,Bukedi,Tororo District,Clinic,0.640142,34.259539,21718,78259
osLBoCRwfhy,Veana Medical Center,Bukedi,Tororo District,Clinic,0.643949,34.265252,21633,74296
hRQXf9wuHdW,Mella HC III,Bukedi,Tororo District,HC III,0.697498,34.262328,31331,140602
pH4T8a5MxXm,Amoni HC II,Bukedi,Tororo District,HC II,0.709277,34.28132,27515,110291
rcTZXDESSnm,Pearls Medical Clinic,Bukedi,Tororo District,Clinic,0.696354,34.262867,31130,138873
EpyoHFKOfb5,Holy Family Clinic (Merikit) HC II,Bukedi,Tororo District,Clinic,0.845347,34.103415,40661,158239
qUY4pnk54iJ,Maliri HC II,Bukedi,Tororo District,HC II,0.81519,34.140698,46583,173266
FT0J0Hc4wYU,Merikit Clinic,Bukedi,Tororo District,Clinic,0.845237,34.10272,40623,158054
rxu4zvH3DC1,Merikit HC III,Bukedi,Tororo District,HC III,0.844729,34.10339,40714,158433
fD89e7iPX3v,Kidoko HC II,Bukedi,Tororo District,HC II,0.875766,34.132968,40547,161462
H0j9ehK06DJ,Molo HC III,Bukedi,Tororo District,HC III,0.840514,34.173891,42901,183089
cePxdSaa6BG,People's  (Tororo) Clinic,Bukedi,Tororo District,Clinic,0.694692,34.177697,81771,201241
XqrJXRzDCYn,Kamuli HC II,Bukedi,Tororo District,HC III,0.788809,34.136915,47871,178582
plAlL1EJXLc,Apetai HC II,Bukedi,Tororo District,HC II,0.783299,34.210331,43749,185274
Txul6e5mI5M,Mukuju HC IV,Bukedi,Tororo District,HC IV,0.744939,34.191109,47938,205651
akc6IAtcgev,Chawolo HC II,Bukedi,Tororo District,HC II,0.652888,33.953377,23506,100467
PjwIQSQyVHE,Grace Medical Clinic,Bukedi,Tororo District,Clinic,0.681365,34.073908,38702,155962
VWMa7XFtHFc,Lwala HC II,Bukedi,Tororo District,HC II,0.657532,34.041188,30429,125025
ae5vXlawbYh,Mulanda HC IV,Bukedi,Tororo District,HC IV,0.692354,34.015894,33044,135835
nmSKRnCN2lJ,Mwello HC II,Bukedi,Tororo District,HC II,0.712428,34.05747,42466,155213
U0CtuoBtv9x,St. Anne Domicilliary Clinic,Bukedi,Tororo District,Clinic,0.704354,33.951021,31279,119208
L7H26nkcc8K,Nyamalogo HC II,Bukedi,Tororo District,HC II,0.716067,33.993907,32454,144509
ZeXBMNmaaI1,Kiyeyi HC III,Bukedi,Tororo District,HC III,0.720149,33.905103,32014,110351
hYSYUWqmgTm,Life Care Medical Center Siwa Clinic,Bukedi,Tororo District,Clinic,0.691492,33.982521,29388,125319
ley8cutuvE9,Ligingi HC II,Bukedi,Tororo District,HC II,0.671827,33.941101,26162,103639
LMc17zMJ23i,Muwafu Domicilliary Clinic,Bukedi,Tororo District,Clinic,0.693427,33.904175,27146,99336
pSUPvzr5g6r,Katajula HC II,Bukedi,Tororo District,HC III,0.775743,33.981382,42065,158901
ykaVNljGEnk,Maundo HC II,Bukedi,Tororo District,HC II,0.787425,34.054729,43883,168066
a5gKNUmbFpx,Pokongo HC II,Bukedi,Tororo District,HC II,0.755097,34.077515,46547,173055
V1fvK74234o,Were HC II,Bukedi,Tororo District,HC II,0.751374,34.005756,40616,156643
GBlDb6QIBxs,Goria Medical Centre,Bukedi,Tororo District,Clinic,0.763052,34.03626,44004,166307
aQPRjLfrzRx,Nagongera HC IV,Bukedi,Tororo District,HC IV,0.769782,34.025635,43574,164204
iYstaeld37s,Winner Medical Centre Clinic,Bukedi,Tororo District,Clinic,0.762178,34.038647,44137,166622
z5H8YZiBOtr,Osukuru HC III,Bukedi,Tororo District,HC III,0.647319,34.171769,55309,159827
AWuBNa5zubv,Jubilee Medical Clinic,Bukedi,Tororo District,Clinic,0.657184,34.172731,70242,169760
JWokSlz2DEc,Morukatipe HC II,Bukedi,Tororo District,HC II,0.70504,34.223557,55049,191419
auCzREvJkxl,Nyalakot HC II,Bukedi,Tororo District,HC II,0.651454,34.221502,40140,140139
IcWeMuhOQuT,Opedede HC II,Bukedi,Tororo District,HC II,0.658294,34.144781,56791,173272
JlumThHwrnL,St. Johns Kayoro HC II,Bukedi,Tororo District,HC II,0.630927,34.105697,29782,139718
BiACo115FNv,Tororo Main Prisons HC III,Bukedi,Tororo District,HC III,0.698923,34.235487,41771,175818
ag9PiRTvYjn,Pusere HC II,Bukedi,Tororo District,HC II,0.831596,33.974973,42755,166508
mtGP2H0oB3p,Nawire HC II,Bukedi,Tororo District,HC II,0.834872,34.037372,36403,150944
SotbYUljYZa,Paya HC III,Bukedi,Tororo District,HC III,0.833152,34.013049,37003,162397
aoUmVxAOFvw,Makawari HC II,Bukedi,Tororo District,HC II,0.777626,34.108323,44767,181462
YLg5BBIwngW,Mbula HC II,Bukedi,Tororo District,HC II,0.807036,34.102605,42490,174113
ybSnsdFkWFK,Petta HC III,Bukedi,Tororo District,HC III,0.785346,34.080098,43909,174419
qbOt8Nswoff,Panyangasi HC III,Bukedi,Tororo District,HC III,0.706226,34.116056,44856,209256
ZVwFNyBsJxz,Rubongi Military Hospital,Bukedi,Tororo District,General Hospital,0.698351,34.152356,77722,205246
ERskvsLeQVK,Swena Eye Clinic,Bukedi,Tororo District,Clinic,0.744169,34.184498,49039,208054
S28hDMHozm6,S.K Memorial Clinic,Bukedi,Tororo District,Clinic,0.746159,34.182517,48351,207266
sP8nivenRRh,Mudodo HC II,Bukedi,Tororo District,HC II,0.728455,34.162652,63777,217849
PPmApsnUg1X,Osia Community Clinic,Bukedi,Tororo District,Clinic,0.657502,34.125656,45648,178378
lQs988hfpT8,Osia HC II,Bukedi,Tororo District,HC II,0.648101,34.100641,32769,162544
sWKITY6jKkk,Sop Sop HC III,Bukedi,Tororo District,HC III,0.821582,34.061048,38840,157518
kzLISJoCSzb,St. Valentine Medical Center,Bukedi,Tororo District,Clinic,0.693219,34.18269,80999,201708
aZep2aolzmX,Bison HC III,Bukedi,Tororo District,HC III,0.701543,34.178544,77459,204945
aXiIcEtaH4E,Dembe Clinic HC II,Bukedi,Tororo District,HC II,0.331559,32.555439,835725,2516652
lYgSWrePvFh,Divine Mercy (Tororo) Hospital,Bukedi,Tororo District,Clinic,0.689129,34.179609,83166,198876
lRusntveKmF,Hope Medical Clinic (Tororo) HC II,Bukedi,Tororo District,Clinic,0.837618,34.17498,43234,182930
MNl2veYSBAE,Klinics Of St. Francis,Bukedi,Tororo District,Clinic,0.693192,34.181282,81472,201287
aFasKwyj7DC,Kyamwinula HC III,Bukedi,Tororo District,HC III,0.680261,34.161604,82866,190753
nynZCBThJAQ,Marie Stopes Uganda Tororo HC II,Bukedi,Tororo District,HC II,0.68998,34.181917,82492,199922
JmhduAnTrtO,Muzadde Maternity Home,Bukedi,Tororo District,Clinic,0.696511,34.182651,79321,203005
abnVpYy9659,Reproductive Health Uganda (Tororo) HC II,Bukedi,Tororo District,Clinic,0.69215,34.184112,80995,201445
EPMb6dGjqnz,Biiso HC IV,Bunyoro,Buliisa District,HC IV,1.760364,31.419662,19741,57965
VDUop9kcxx2,Buliisa Hospital,Bunyoro,Buliisa District,General Hospital,2.057336,31.435351,6636,26342
L527rOiqFUJ,Uganda Martyrs HC II,Bunyoro,Buliisa District,HC II,2.106187,31.416254,14606,36587
TEGhWFDGruu,Buliisa HC IV,Bunyoro,Buliisa District,HC IV,2.11606,31.412989,16080,37905
ijHGyxnKjmz,Bugoigo HC II,Bunyoro,Buliisa District,HC II,1.905249,31.409235,10678,25376
GnAcwCmEkxS,Butiaba HC III,Bunyoro,Buliisa District,HC III,1.810778,31.333141,13326,35441
O4srstZgm0D,Marine Military HC III,Bunyoro,Buliisa District,HC III,1.789328,31.366204,20998,54313
Qk1XgoxFmuU,Kigwera HC III,Bunyoro,Buliisa District,HC III,2.169338,31.398395,16057,36810
Sq5R0McgjQo,Kihungya HC III,Bunyoro,Buliisa District,HC III,1.730171,31.422094,21969,55051
Unpl3hI2D59,Paraa HC II,Bunyoro,Buliisa District,HC II,2.258492,31.537785,6799,21684
x5YYIG54agu,Avogera HC III,Bunyoro,Buliisa District,HC III,2.202203,31.510814,12879,30972
W4Y19uqXpYs,EDPA MEDICAL HOSPITAL,Bunyoro,Hoima City,General Hospital,1.429928,31.354231,91405,151812
pefIQOO4szC,Buhanika HC III,Bunyoro,Hoima City,HC III,1.405598,31.406346,31504,141999
uuLycQQZP1I,His Grace Medical Centre (Hoima) HC II,Bunyoro,Hoima City,HC II,1.430225,31.348501,91012,152311
aWIgSZ4D5jT,Hoima Ddho's  Clinic HC II,Bunyoro,Hoima City,HC II,1.42954,31.34763,90854,152412
eNdeo1hGdns,Hoima Doctor's  Clinic HC II,Bunyoro,Hoima City,Clinic,1.430538,31.353312,91422,151856
o7OluoErEud,Hoima Police HC III,Bunyoro,Hoima City,HC III,1.429368,31.352185,91282,152029
eLuNrVHaqr2,Hoima Prisons HC II,Bunyoro,Hoima City,HC II,1.428253,31.350098,91022,152289
V2ylFCAVj0U,Hoima Regional Referral Hospital,Bunyoro,Hoima City,RRH,1.428854,31.35482,91324,151820
HzJfLHeAssW,Hope Community (Hoima) HC II,Bunyoro,Hoima City,HC II,1.432046,31.344563,90570,152463
Z89GR8j6LFL,Kabalega Medical Centre HC III,Bunyoro,Hoima City,HC III,1.434526,31.350466,91457,151870
MJzGcr4GqH1,Kyakapeya HC II,Bunyoro,Hoima City,HC II,1.445313,31.418339,23847,145035
FQazDjX6MHR,Reproductive Health Uganda (Hoima) HC II,Bunyoro,Hoima City,Clinic,1.434256,31.351804,91544,151759
vTAEegA8o6s,Kihuukya HC II,Bunyoro,Hoima City,HC II,1.400113,31.289421,22183,145714
rWhuHZdqFk8,Azur HC IV,Bunyoro,Hoima City,HC IV,1.43854,31.34195,90011,152089
d6BLcmYUPVy,Bacayaya HC II,Bunyoro,Hoima City,HC II,1.395925,31.332325,60690,152696
DyxRfkwicX2,Bujumbura HC III,Bunyoro,Hoima City,HC III,1.442925,31.354624,91252,151458
a3CefBcMInT,Karongo HC III,Bunyoro,Hoima City,HC III,1.482734,31.305718,23548,137998
VyKflstsoTt,Butema HC III,Bunyoro,Hoima District,HC III,1.340662,31.417276,15944,62324
McZvpFIBuvM,Kibaire HC II,Bunyoro,Hoima District,HC II,1.497673,31.505227,17962,56840
TJESax78KE7,Buraru HC III,Bunyoro,Hoima District,HC III,1.442261,31.463666,19421,72491
UWPodERSmLS,Tonya HC III,Bunyoro,Hoima District,HC III,1.586566,31.090523,5716,23086
ccVG52jNm8D,Buseruka HC III,Bunyoro,Hoima District,HC III,1.547401,31.137451,18248,43963
Cx3eXkf07dC,Kabaale HC III,Bunyoro,Hoima District,HC III,-0.094606,31.8126,18008,86582
cxmFH4hcpsH,Kapapi HC III,Bunyoro,Hoima District,HC III,1.682121,31.349155,17588,69721
qlFZnWwRSlS,Kibiro HC II,Bunyoro,Hoima District,HC II,1.672876,31.25132,6953,46912
QpU5Ubq6GRI,Gloria Health Centre HC II,Bunyoro,Hoima District,HC II,1.617627,31.304582,37518,87445
aUT9tlflN9L,Care Medical Centre (Kigorobya) HC III,Bunyoro,Hoima District,HC III,1.620056,31.311881,37991,86894
GUAwRRqngNN,Kigorobya HC IV,Bunyoro,Hoima District,HC IV,1.615016,31.308496,38092,88018
hna9EjQbv7F,Kitana HC II,Bunyoro,Hoima District,HC II,1.619047,31.309084,37861,87147
owkwHmj0ueb,Kyabasengya HC II,Bunyoro,Hoima District,HC II,1.567737,31.376614,16151,75972
aPr9XQM36Dn,Dwoli HC III,Bunyoro,Hoima District,HC III,1.503914,31.346754,22408,130905
aAkG4hwopIt,Mbaraara HC II,Bunyoro,Hoima District,HC II,1.587717,31.429256,11899,46052
rkx1GZhqrWo,Kiseke HC II,Bunyoro,Hoima District,HC II,1.529798,31.324224,19291,89521
avv19jEKJvK,Kisabagwa HC II,Bunyoro,Hoima District,HC II,1.512299,31.402683,16107,82954
iK89TBaO3ta,Kasomoro HC II,Bunyoro,Hoima District,HC II,1.464292,31.406048,23432,148855
vHdz34TAaT3,Mparangasi HC III,Bunyoro,Hoima District,HC III,1.479786,31.453513,20167,71199
zW3In1Q8FAJ,Burora HC II,Bunyoro,Kagadi District,HC III,1.09389,30.884486,25369,90230
NQaX9PnpOiB,Bwikara HC III,Bunyoro,Kagadi District,HC III,0.940099,30.704354,31095,126523
CP6vWKKiD57,St. Michael Nyankoma HC III,Bunyoro,Kagadi District,HC III,0.955519,30.774272,44258,142773
eJgKrwRqQaC,Galiboleka HC II,Bunyoro,Kagadi District,HC II,0.987233,30.779817,30104,142538
SIzD7iDQVFO,Kahunde HC II,Bunyoro,Kagadi District,HC II,0.914046,30.895639,25610,101849
v7vSvHb7QUU,Isunga HC III,Bunyoro,Kagadi District,HC III,0.908879,30.885705,25531,104252
JfIkV2OLsTo,Kagadi Clinic,Bunyoro,Kagadi District,Clinic,0.940518,30.809494,44934,141431
vsu4ND4ja3E,St. Ambrose Charity HC IV,Bunyoro,Kagadi District,HC IV,0.945125,30.81657,43706,140926
JLUfWD5Q5jB,Kagadi Hospital,Bunyoro,Kagadi District,General Hospital,0.941718,30.810069,44764,141446
cV6WpcyXJzz,Clinic Centre Kagadi,Bunyoro,Kagadi District,Clinic,0.939373,30.80905,45088,141415
a01R1qs6SXL,Kinyarugonjo HC III,Bunyoro,Kagadi District,HC III,1.088959,30.936749,26204,81354
sBU94B8MYFJ,St. Norah Medical Centre HC III,Bunyoro,Kagadi District,HC III,1.08441,31.064157,17393,73695
osiRZDR3xx6,Good Samaritan Community Medical Centre Clinic,Bunyoro,Kagadi District,Clinic,1.038786,31.114935,22560,91275
DdEgPYS7ttc,Kiryanga HC III,Bunyoro,Kagadi District,HC III,1.083675,31.065335,17421,73827
AFKqTIeJAKr,Kyakabadiima HC II,Bunyoro,Kagadi District,HC III,1.026749,30.857241,29113,115704
aVULsV9e3Gf,Kyaterekera HC III,Bunyoro,Kagadi District,HC III,0.973025,30.604449,32194,94221
I7cK4QXw839,Mugalike HC II,Bunyoro,Kagadi District,HC II,1.002672,30.88247,26829,109593
cSicnfTktbO,Mugalike Ngo HC III,Bunyoro,Kagadi District,HC III,1.004162,30.881122,27044,109954
qvXqsKHH1LH,Abesiga Mukama Domiciliary Maternity,Bunyoro,Kagadi District,Clinic,1.052513,30.922294,26857,95096
b5Ty8QKKPVI,Mabaale HC III,Bunyoro,Kagadi District,HC III,1.0511489999999999,30.92068,26834,95693
LM1WpLYwQXt,Akwehaire Maternity Clinic,Bunyoro,Kagadi District,Clinic,1.050535,30.918821,26914,96260
Vcm6CgzPxe3,Mpeefu B HC III,Bunyoro,Kagadi District,HC III,1.025063,30.662864,30625,101704
OUxkJiqy82x,Mpeefu A HC II,Bunyoro,Kagadi District,HC II,1.029429,30.689358,33175,105202
cmNMie7wz3J,Muhorro Kabuga HC III,Bunyoro,Kagadi District,HC III,0.875523,30.79578,26519,125680
CXRfI4pT3bm,Muhorro Ngo HC III,Bunyoro,Kagadi District,HC III,0.911692,30.756356,42358,136664
amGRvgBNWqv,Doctors' Medical Centre HC II,Bunyoro,Kagadi District,HC II,0.385194,32.577916,705429,2052945
a956CpsUtNH,Muhorro Gvt HC III,Bunyoro,Kagadi District,HC III,0.916836,30.754248,42429,138030
Xc16YTvmEeP,Muhorro Medical Centre Clinic,Bunyoro,Kagadi District,Clinic,0.92066,30.746783,42048,139132
awqe7z8lzoA,Ndaiga HC II,Bunyoro,Kagadi District,HC II,1.021894,30.586027,17699,74576
Q80EHQGTFxO,Kyamasega HC II,Bunyoro,Kagadi District,HC II,0.982182,30.939408,18950,87965
gnUdRpOiTfQ,Muziizi Tea Estate HC II,Bunyoro,Kagadi District,HC II,0.921588,30.665301,27095,112327
Xo6OPz7G9Vi,Pios Clinic,Bunyoro,Kagadi District,Clinic,1.11289,30.988991,18933,64678
XAZN59cCQJ9,Kyabasara HC II,Bunyoro,Kagadi District,HC III,1.068648,30.984604,23330,80148
kkPs3xyvsD5,Rugashari HC III,Bunyoro,Kagadi District,HC III,1.084382,30.819872,28329,99724
p5uDISee6z5,Birembo HC III,Bunyoro,Kakumiro District,HC III,0.916683,31.174288,24634,78052
JcAS9Gbf6pH,St. Thereza Medical HC III,Bunyoro,Kakumiro District,HC III,0.890123,31.207886,19188,69876
ilsrc891cte,St. Joseph Bukuumi HC III,Bunyoro,Kakumiro District,HC III,0.814557,31.365304,15864,61618
qwX7PRDoK0Z,Kagame HC III,Bunyoro,Kakumiro District,HC III,0.954131,31.153744,29677,89299
QP3xbv4C32B,Igayaza HC III,Bunyoro,Kakumiro District,HC III,0.942241,31.156019,29359,85459
aySuMiw7UUj,Jordan Medical HC II,Bunyoro,Kakumiro District,HC II,0.95796,31.149088,29269,90222
u5jzPgyvDwT,Kagame Marternity,Bunyoro,Kakumiro District,HC II,1.062165,31.170388,24342,85325
RahiTh9pQFr,Betania-Kasenyi HC II,Bunyoro,Kakumiro District,HC II,1.135335,31.149189,17557,67143
pyK7yPGHoB7,Sanyu Medical HC II,Bunyoro,Kakumiro District,HC II,1.069567,31.183867,23376,84559
KHdENRAXOQJ,Kakindo HC IV,Bunyoro,Kakumiro District,HC IV,1.0709090000000001,31.185184,23299,84558
zCodguezLzO,St. Mary's  Kakindo HC IV,Bunyoro,Kakumiro District,HC IV,1.068721,31.183416,23407,84574
iUluKvnIsAS,Kakumiro Central HC II,Bunyoro,Kakumiro District,HC II,0.781829,31.323675,18335,55392
aLPsQWPEMFT,Kakumiro HC IV,Bunyoro,Kakumiro District,HC IV,0.783867,31.324601,18436,55548
a8O66rvwfjC,Kakumiro Medical HC II,Bunyoro,Kakumiro District,HC II,0.781104,31.323574,18308,55349
ciUSl2fbKMZ,Kasambya (Kakumiro) HC III,Bunyoro,Kakumiro District,HC III,0.90309,31.257641,15730,67906
OxlqPUBAnaI,Kakumiro - Masaka HC III,Bunyoro,Kakumiro District,HC III,1.138225,31.312347,26605,86794
aVlVgYpWvN5,Mercy Health Care Clinic,Bunyoro,Kakumiro District,Clinic,1.149634,31.285118,25735,81674
KjU1XMtywg9,Kabuubwa HC III,Bunyoro,Kakumiro District,HC III,0.882373,31.416709,14371,57771
ih3x93QtuVC,St. Andrea Kahwa Kooki Community Hospital,Bunyoro,Kakumiro District,General Hospital,0.857107,31.412771,16448,56918
Kj3oyhan67T,St. Andrea Maternity Centre,Bunyoro,Kakumiro District,HC II,0.993666,31.223069,22677,89525
K080TIY9bKB,Kigando HC III,Bunyoro,Kakumiro District,HC III,0.965966,31.239038,20555,84242
sbQydShkJsB,St. Mary Life Care HC III,Bunyoro,Kakumiro District,HC III,0.990143,31.224945,22571,88921
EV3FAEfGKKn,Kisengwe HC III,Bunyoro,Kakumiro District,HC III,0.830453,31.229634,14074,56596
D62maWbzWh8,Miracle Medical Centre Clinic,Bunyoro,Kakumiro District,Clinic,1.010344,31.343478,22045,74396
TIJcUNU05Ao,Kisiita HC III,Bunyoro,Kakumiro District,HC III,1.113118,31.371458,28175,92574
g2P698W0wtC,Rinamo Clinic,Bunyoro,Kakumiro District,Clinic,1.114502,31.373628,28281,92378
cXSOF29Jgy1,Kitaihuka HC III,Bunyoro,Kakumiro District,HC III,1.001899,31.300404,18939,74721
wTumxHRbaIc,Kyabasaija HC III,Bunyoro,Kakumiro District,HC III,0.761236,31.381866,11537,58355
uQNLZmOuZjL,Nchwanga HC II,Bunyoro,Kakumiro District,HC II,0.725895,31.364285,12347,59008
fiJwBAEbPgc,Mpasaana HC II,Bunyoro,Kakumiro District,HC II,1.053396,31.41286,24278,87888
O7a4M9rmfNk,Mpasaana (PNFP) HC III,Bunyoro,Kakumiro District,HC III,1.050823,31.413616,23944,87374
oug9FwPOwq6,Max Medical Centre HC III,Bunyoro,Kakumiro District,HC III,1.01278,31.345523,22293,75138
pWrHCTnuvFm,Kyakuterekera HC III,Bunyoro,Kakumiro District,HC III,1.061756,31.356018,24529,91516
HC14AbXj4AN,Kataihuka HC II,Bunyoro,Kakumiro District,HC II,1.118733,31.260905,21878,85805
uXgyniUkd0D,Nalweyo HC III,Bunyoro,Kakumiro District,HC III,1.118981,31.261381,21966,85769
tBEzm3RoKCD,Mukoora HC III,Bunyoro,Kakumiro District,HC III,1.027514,31.478781,17508,65526
ZwTCkOzJUwa,Nkooko HC III,Bunyoro,Kakumiro District,HC III,0.961092,31.428626,13755,60906
iVv6I4Hy4e2,Bubango HC II,Bunyoro,Kibaale District,HC II,0.738971,31.02933,11901,55200
tUk7nhwPUHD,Kabasekende HC III,Bunyoro,Kibaale District,HC III,0.822324,31.014968,13569,57303
jEWfNHf8Ayt,Alustin HC III,Bunyoro,Kibaale District,HC III,0.985005,31.070493,21489,81489
qXpKvhiylZz,Emesco HC III,Bunyoro,Kibaale District,HC III,0.762991,31.077377,19775,55294
hHaqQ2NBBOs,Kibaale HC IV,Bunyoro,Kibaale District,HC IV,0.790058,31.075233,19293,55415
oOf8N3iGy5X,Kibaale Police Clinic HC II,Bunyoro,Kibaale District,HC II,0.79184,31.07816,19213,55540
FS1iFJzUmTm,St. Luke Bujuni (Kibaale) HC III,Bunyoro,Kibaale District,HC III,0.775578,31.079055,20190,55139
vgRXnM3VETo,Kyebando HC III,Bunyoro,Kibaale District,HC III,0.912112,31.087068,11787,62638
qjnccz0rMAd,Buseesa Medical Centre HC III,Bunyoro,Kibaale District,HC III,0.790339,31.165379,13300,58811
adM7g9zKNK5,Matale HC III,Bunyoro,Kibaale District,HC III,0.781179,31.148225,14340,58924
VUtfiabYBXJ,St. Dennis Nsonga HC II,Bunyoro,Kibaale District,HC II,0.791316,31.173944,13160,57003
JmHLIGnm4TQ,Mugarama HC III,Bunyoro,Kibaale District,HC III,0.864333,30.989424,18902,56465
DCMeBiy5gcJ,Nyamarunda Medical Centre HC II,Bunyoro,Kibaale District,HC II,0.885836,30.950048,19304,72356
ExhseILVUNQ,Em's  Health Clinic HC III,Bunyoro,Kibaale District,HC III,0.749227,31.232894,12721,54164
mEpI1IqFZmE,Good Samaritan Kabasara Health Centre HC II,Bunyoro,Kibaale District,HC II,0.70861,31.271715,10785,56448
Q6MT6wA0bBm,Nyamarwa HC III,Bunyoro,Kibaale District,HC III,0.694948,31.207157,13990,52825
CRKrLT3w8EQ,Bugambe HC III,Bunyoro,Kikuube District,HC III,1.421053,31.252565,17644,101021
Gbjmyvee9zh,Bugambe Tea HC III,Bunyoro,Kikuube District,HC III,1.442716,31.202969,15581,57072
Ond9n3CrBxY,Bujugu HC III,Bunyoro,Kikuube District,HC III,1.39906,31.198104,14303,65846
aygeogIefOQ,Kitoole HC II,Bunyoro,Kikuube District,HC II,1.264849,31.299413,8847,51644
WcfbUI6UJkF,Bujalya HC III,Bunyoro,Kikuube District,HC III,1.289849,31.341772,11886,58480
AF3a7cvTQLu,Kisiiha HC II,Bunyoro,Kikuube District,HC II,1.319042,31.285593,17264,67279
bOBFFFr0Cls,Lucy Bisereko HC III,Bunyoro,Kikuube District,HC III,1.356711,31.392802,17010,106694
omv0xbPKq9w,Muhwiju HC III,Bunyoro,Kikuube District,HC III,1.383713,31.270052,20317,108252
a0NjFSCY24s,Buhimba HC III,Bunyoro,Kikuube District,HC III,1.346503,31.315497,21601,91324
zdhmUkPsGjH,Kabwoya HC III,Bunyoro,Kikuube District,HC III,1.246056,31.084991,8299,31829
k38SanlZHyl,Kaseeta HC III,Bunyoro,Kikuube District,HC III,1.386559,30.994547,14109,38151
ftLh2qoAXsJ,Kisaaru Tea HC II,Bunyoro,Kikuube District,HC II,1.241122,31.002167,5718,30338
pa2KemeFZTD,Kyehoro HC III,Bunyoro,Kikuube District,HC III,1.506093,30.939478,9909,19333
Xa2GHu3YN8X,Sebigoro HC III,Bunyoro,Kikuube District,HC III,1.440297,30.915581,7013,28247
ZyIU7Z6NxVX,Kikuube HC IV,Bunyoro,Kikuube District,HC IV,1.340446,31.221885,20731,71591
sUPmMA66xoY,Kichompyo HC II,Bunyoro,Kikuube District,HC II,1.320033,31.144043,15857,51472
QCufWVvV6cj,Mukabara HC III,Bunyoro,Kikuube District,HC III,1.273042,31.233781,12407,54051
T2B10TYgbU5,Munteme HC III,Bunyoro,Kikuube District,HC III,1.304027,31.16358,16937,55398
pAeUhElFcXO,Wambabya HC II,Bunyoro,Kikuube District,HC II,1.380881,31.127915,12351,44846
vULcvu1i8di,Buhuuka HC III,Bunyoro,Kikuube District,HC II,1.239072,30.739792,7387,40114
TROMT6DVKEl,Kasonga HC II,Bunyoro,Kikuube District,HC II,1.172891,30.76948,24340,65837
gQKXvT7RNVU,Kyangwali HC IV,Bunyoro,Kikuube District,HC IV,1.212376,30.80112,24662,68986
qL3k0Mlcy4u,Malembo HC II,Bunyoro,Kikuube District,HC III,1.130351,30.705989,10632,58551
rqXX3nVIgQd,Ngurwe HC II,Bunyoro,Kikuube District,HC III,1.196676,30.750453,18554,56497
dGIRbXEYTuQ,Nsozi HC III,Bunyoro,Kikuube District,HC III,1.246996,30.948696,10243,42733
Y7XKVrGNA6d,Rwenyawawa HC III,Bunyoro,Kikuube District,HC III,1.16034,30.728425,16234,51288
MQpuz4h5Hf1,Bk Community Clinic,Bunyoro,Kiryandongo District,Clinic,1.957737,32.145723,47767,76715
De0caEQOwbR,Bweyale Medical Clinic,Bunyoro,Kiryandongo District,Clinic,1.952253,32.138826,47877,76793
NpYYg07MSXv,Kichwabugingo HC II,Bunyoro,Kiryandongo District,HC II,1.96514,32.149386,45368,76858
KNlNSSvSXQc,Lacor Allied Medical Centre,Bunyoro,Kiryandongo District,Clinic,1.950613,32.138864,48184,76819
aKkI1C9G3Q7,Life Link Clinic,Bunyoro,Kiryandongo District,Clinic,1.952605,32.139864,48013,76765
LdOtQM4mv4S,Lunar Clinic,Bunyoro,Kiryandongo District,Clinic,1.948667,32.136864,48048,76950
CWGr8jJ4Cfw,Noah's  Clinic,Bunyoro,Kiryandongo District,Clinic,1.952645,32.139336,47903,76776
rfk0AEPFYk5,Nyakadoti HC III,Bunyoro,Kiryandongo District,HC III,1.942219,32.135341,48037,77360
a3qKoIZXK3t,Panyadoli HC IV,Bunyoro,Kiryandongo District,HC IV,1.939639,32.169839,45938,73863
xO0dHAa2wFK,Diima HC III,Bunyoro,Kiryandongo District,HC III,2.164422,32.219725,11350,43085
jf2hnREDE96,Family Health Care (Karuma) Clinic,Bunyoro,Kiryandongo District,Clinic,2.234857,32.246598,22096,68420
gsPk5OMnK2f,Karuma HC II,Bunyoro,Kiryandongo District,HC II,2.228733,32.246533,21480,68111
IqVNSXaDBig,Karuma Medical Centre Clinic,Bunyoro,Kiryandongo District,Clinic,2.235233,32.247142,22286,68675
pmkBt77s8mj,Karuma Sino Hydro Clinic,Bunyoro,Kiryandongo District,Clinic,2.248724,32.254218,24736,71593
x4dtyTyfoU0,Restoration Gateway Hospital,Bunyoro,Kiryandongo District,General Hospital,2.22897,32.285836,30729,81979
qxI4Lb42wKl,Sino Hydro(Trt) Clinic,Bunyoro,Kiryandongo District,Clinic,2.248089,32.255603,25125,72204
auWHq0LQsFf,Katulikire HC III,Bunyoro,Kiryandongo District,HC III,1.984582,32.168994,26869,75789
QHsCNVmRURq,St. Jude Thaddeos Karungu HC III,Bunyoro,Kiryandongo District,HC III,2.01433,32.1193,7842,57428
t1PvmZ5nNzx,Emmanuel Clinic (Kigumba) HC II,Bunyoro,Kiryandongo District,Clinic,1.813489,31.931293,21532,80166
csFo3Bw4oTt,Kigumba HC III,Bunyoro,Kiryandongo District,HC III,1.801894,31.983323,36035,73289
XI68OS3s594,Kigumba Prisons HC II,Bunyoro,Kiryandongo District,HC II,1.800342,31.99017,36636,71545
z5qcLcjLZYt,Kiigya HC II,Bunyoro,Kiryandongo District,HC II,1.801621,32.035634,30417,66463
XrlL0on7bQ1,Mpumwe HC II,Bunyoro,Kiryandongo District,HC II,1.89623,31.962362,8842,38579
IpnG7OEIJNA,Kigumba Medical Centre HC II,Bunyoro,Kiryandongo District,HC II,1.809405,32.007633,35260,72083
H4eEE9fRlAh,Nyakatugo Medical Centre,Bunyoro,Kiryandongo District,Clinic,1.814308,32.011274,34166,73536
SSfQUjnbstd,St. Mary's  Kigumba HC III,Bunyoro,Kiryandongo District,HC III,1.818164,32.016426,32792,73666
KGNFccC50jE,Victory Medical Clinic,Bunyoro,Kiryandongo District,Clinic,1.812782,32.013293,34048,72730
MZbJgNwxaTe,Kiroko HC II,Bunyoro,Kiryandongo District,HC II,1.892221,32.00353,9088,52958
zeaG7Xw7i37,Kiryandongo Prison Clinic HC II,Bunyoro,Kiryandongo District,HC II,1.905648,32.086519,17142,72281
nVVKPwE1OAc,Kitwara HC II,Bunyoro,Kiryandongo District,HC II,1.770244,32.114223,5197,29965
MlYDEvK0a7v,Techwa HC II,Bunyoro,Kiryandongo District,HC II,1.881245,32.185696,6160,50228
kzFJJnKcISy,Kiryandongo Hospital,Bunyoro,Kiryandongo District,General Hospital,1.878678,32.062212,16454,56940
Ya7rTeUc2Dy,Diika HC II,Bunyoro,Kiryandongo District,HC II,1.9635879999999999,32.071794,7298,62837
SHFHUpPFCBG,Kaduku HC II,Bunyoro,Kiryandongo District,HC II,1.745438,31.955476,7137,54106
PwHIdfpqYWi,Masindi Port HC III,Bunyoro,Kiryandongo District,HC II,1.698547,32.078108,6975,21706
NwDdmtvuy4J,Apodorwa HC II,Bunyoro,Kiryandongo District,HC II,1.865919,31.919562,14443,52256
T72P3ebY53q,Mutunda HC III,Bunyoro,Kiryandongo District,HC III,2.097825,32.307433,10236,37818
eAuFbAc1MUZ,Panyadoli Hill HC III,Bunyoro,Kiryandongo District,HC III,1.941733,32.193729,23911,71490
ps6uw6lyGiy,Yabweng HC II,Bunyoro,Kiryandongo District,HC II,2.103692,32.237906,12337,40777
I9E4CMmLVbn,Ikoba HC III,Bunyoro,Masindi District,HC III,1.593885,31.636676,14357,52494
MNXAK2rofWE,Kichandi HC II,Bunyoro,Masindi District,HC II,1.601875,31.697773,11213,73396
filai574XuY,Kasongoire HC II,Bunyoro,Masindi District,HC II,1.584972,31.557375,6405,44434
adHTHcoRhrH,Budongo HC II,Bunyoro,Masindi District,HC II,1.638992,31.562205,13507,45873
sSjaulsyygM,Nyabyeya HC II,Bunyoro,Masindi District,HC II,1.674189,31.551547,11612,39731
Hs9o6GylcO7,Bulima Kitara Medical Centre HC II,Bunyoro,Masindi District,HC II,1.51083,31.537951,14646,48515
aJW3cbEYSpE,Kisalizi HC II,Bunyoro,Masindi District,HC II,1.524789,31.505478,15062,49341
ap3Cu39yPkF,Bwijanga HC IV,Bunyoro,Masindi District,HC IV,1.532709,31.584049,11126,43118
GvcN9hPkvLZ,Isimba Prison HC II,Bunyoro,Masindi District,HC II,1.499515,31.593538,11448,42833
J7ZZXtq8Z8O,Kikingura HC II,Bunyoro,Masindi District,HC II,1.486471,31.649207,8029,30555
cpYuPp3UyYN,Kyamaiso HC II,Bunyoro,Masindi District,HC II,1.482695,31.669382,7185,25269
JXJMQls2Z9e,Mihembero HC II,Bunyoro,Masindi District,HC II,1.525025,31.650069,8196,35079
acVWpFNPBT4,Ntooma HC II,Bunyoro,Masindi District,HC II,1.433889,31.640289,6404,25407
HHpEQnsbRjL,Ngomokwe Nursing Home HC III,Bunyoro,Masindi District,HC III,1.681065,31.719241,73189,119405
iz2M92TzrKg,Kirasa HC II,Bunyoro,Masindi District,HC II,1.675156,31.740856,65839,114054
esxeUWbV3si,Masindi Hospital,Bunyoro,Masindi District,General Hospital,1.684234,31.716934,73614,119852
fYKuOZQWyuf,Masindi Kitara Hospital,Bunyoro,Masindi District,General Hospital,1.689041,31.709091,73848,120711
sOGx0iAe1fF,Masindi Main Prison HC III,Bunyoro,Masindi District,HC III,1.681261,31.72552,72528,118138
a4dl1FKIVQJ,Masindi Military Barracks HC IV,Bunyoro,Masindi District,HC IV,1.696961,31.736551,68321,117735
g5Q9oM0Y0p4,Masindi Police Barracks HC II,Bunyoro,Masindi District,HC II,1.681283,31.722785,72900,118706
aoSaHHEzyxK,Nyamigisa HC II,Bunyoro,Masindi District,HC II,1.665119,31.708942,68851,120145
LqCv15Sdg9U,Supreme Medical Centre HC III,Bunyoro,Masindi District,HC III,1.684133,31.720194,73449,119261
GndRfUWcoQL,TASO Masindi Special Clinic,Bunyoro,Masindi District,Clinic,1.683861,31.715782,73608,120048
wuWIlIipN6E,Walabyeki Medical Centre HC III,Bunyoro,Masindi District,HC III,1.683232,31.718283,73488,119609
Yq0319u2XE5,Wanaichi Medical Centre HC II,Bunyoro,Masindi District,HC II,1.681459,31.724049,72763,118453
ASNyZE7TMLu,Kinyara Sugar Works HC III,Bunyoro,Masindi District,HC III,1.640123,31.608189,19015,58537
a0J3yqmfIkU,Kibwona HC II,Bunyoro,Masindi District,HC II,1.676532,31.647874,22883,112944
aFXkqZXMomP,Nyakitibwa HC III,Bunyoro,Masindi District,HC III,1.742263,31.712704,25891,112104
aUudvS1prRU,Police Training School HC II,Bunyoro,Masindi District,HC II,1.740675,31.686289,20807,106023
CwftR8k7pWb,Kijunjubwa HC III,Bunyoro,Masindi District,HC III,1.473557,31.772121,2239,7906
mWxRITKkDG6,Kijunjubwa Kitara Medical Centre HC III,Bunyoro,Masindi District,HC III,1.470388,31.77339,2221,7713
u9ESrcugDMJ,Kimengo HC III,Bunyoro,Masindi District,HC III,1.568296,31.955933,1730,8781
muTxqZACHER,Kitanyata HC III,Bunyoro,Masindi District,HC III,1.854444,31.834786,11217,47068
g8JZTLexaAr,Kyatiri HC III,Bunyoro,Masindi District,HC III,1.786706,31.875162,19245,55704
aWC5dU1Xvwh,Kyatiri Mary Mother Of the Church HC III,Bunyoro,Masindi District,HC III,1.781765,31.901184,19592,57132
XimyCzLKf0w,Kilanyi HC II,Bunyoro,Masindi District,HC II,1.779452,31.714875,16964,59622
daeejMMdxWB,Kigezi HC II,Bunyoro,Masindi District,HC II,1.699879,31.799491,10161,89080
aBlXRikAjUY,Kijenga HC II,Bunyoro,Masindi District,HC II,1.675334,31.82892,7370,38806
LyUOH3aGCga,Pakanyi HC III,Bunyoro,Masindi District,HC III,1.766045,31.78215,12244,59002
Fz3BMMCZCpD,Katasenywa HC III,Bunyoro,Masindi District,HC III,1.634465,31.700422,22400,114363
SpmGH121j45,Biizi HC II,Bunyoro,Masindi District,HC II,1.638187,31.747577,22624,99686
x24LUhfkWxT,Kibyama HC II,Bunyoro,Masindi District,HC II,1.656852,31.682456,43489,120965
SzShxoEQf7a,Nyantonzi HC III,Bunyoro,Masindi District,HC III,1.62311,31.45702,9059,36126
UJ8Zc47Gx7W,Kasenene HC II,Bunyoro,Masindi District,HC II,1.63387,31.415773,7958,51143
Gohyg1mIhi6,Alimugonza HC II,Bunyoro,Masindi District,HC II,1.885036,31.777445,9362,28153
BP88BEDdnP2,Kirinya (Budhaya) HC II,Busoga,Bugiri District,HC II,0.351682,33.770032,32019,144367
a1OVdGUzoJ4,Budhaya HC II,Busoga,Bugiri District,HC II,0.373636,33.792285,35509,149665
tOS4NFR78ex,Maziriga HC II,Busoga,Bugiri District,HC II,0.327355,33.775656,33709,144734
atLLqk4WxXL,Buluwe HC II,Busoga,Bugiri District,HC II,0.453837,33.851211,29545,135154
xbM4diuk1dB,Bulesa HC III,Busoga,Bugiri District,HC III,0.481935,33.829262,34512,138871
atESdVRBAaA,Nakigunju HC II,Busoga,Bugiri District,HC II,0.504448,33.828476,38664,145859
bHzMYiEE7ng,Ntawawula HC II,Busoga,Bugiri District,HC II,0.466747,33.800743,37509,143463
ieJpMy4St7l,Kitodha HC II,Busoga,Bugiri District,HC II,0.451019,33.824531,33805,140209
KPoshqPMs2y,Bulidha HC III,Busoga,Bugiri District,HC III,0.423878,33.72809,37215,151091
a2d3lpVigxP,Wakawaka HC II,Busoga,Bugiri District,HC II,0.325078,33.71346,29995,125026
mOP9sRWUKfh,Nsango HC II,Busoga,Bugiri District,HC II,0.647111,33.872039,15815,91083
YbtIUFv6PHM,Buluguyi HC III,Busoga,Bugiri District,HC III,0.591538,33.894675,22388,100647
kkNYl0r71q6,Busowa HC II,Busoga,Bugiri District,HC II,0.603862,33.689413,37498,186506
K3VuoMDqbif,Busoga HC II,Busoga,Bugiri District,HC II,0.498489,33.65302,33022,151528
yV5BS4wr7Q1,Kavule (Bugiri) HC II,Busoga,Bugiri District,HC II,0.516978,33.637503,34371,149064
ppdsMN2Evfp,Kavule COU HC II,Busoga,Bugiri District,HC II,0.521091,33.636887,34631,147143
fQDPsm5KEUF,Mawanga C. O. G HC II,Busoga,Bugiri District,HC II,0.516096,33.626043,35755,146979
yJNtR9S3CZZ,Bugiri Buwunga HC III,Busoga,Bugiri District,HC III,0.545652,33.690987,34296,181741
T88viUXcVgf,Kibimba HC II,Busoga,Bugiri District,HC II,0.532245,33.876393,33005,124434
As7L9u5c9nF,Buwuni HC II,Busoga,Bugiri District,HC II,0.527402,33.856379,35559,132794
LhLbewziG2f,God's  Mercy Clinic HC II,Busoga,Bugiri District,HC II,0.375499,32.527846,645067,1812382
iuZq4zUEwIL,St. Mary's  Clinc Clinic,Busoga,Bugiri District,Clinic,0.555084,33.76506,76375,177327
pF5GkN2tzmp,Bugiri Prisons HC II,Busoga,Bugiri District,HC II,0.550632,33.750561,76645,178990
BWfUtnoSv0P,Allied General Medical Clinic,Busoga,Bugiri District,Clinic,0.564537,33.755298,76770,177227
NNIbG3x0vW4,Bugiri MC HC III,Busoga,Bugiri District,HC III,0.553043,33.764785,76313,177535
dJn7OtMw7S0,Ayeeta Medical Centre,Busoga,Bugiri District,HC II,0.57077,33.748501,76575,176207
dyD1iVotBI3,Fast Line Cinic Clinic,Busoga,Bugiri District,Clinic,0.565822,33.75507,76719,177090
nATS7pzO63j,Kigulu HC II,Busoga,Bugiri District,HC II,0.591639,33.833333,25961,144295
rlXW6WfCgAp,Iwemba HC III,Busoga,Bugiri District,HC III,0.601046,33.808267,27181,151864
F9CI9eMBhCE,Nambo HC II,Busoga,Bugiri District,HC II,0.60675,33.794575,28121,153739
jOP0HzZLr2j,Kasokwe (Bugiri) HC II,Busoga,Bugiri District,HC II,0.64967,33.82077,19702,94363
BNsfT2yL0kW,Kayango HC III,Busoga,Bugiri District,HC III,0.567353,33.843572,30501,144462
a8109gv7MMz,Kapyanga (Bugubo) HC II,Busoga,Bugiri District,HC II,0.55259,33.779973,72285,176860
v2XOGwTwMGe,Kirongero HC II,Busoga,Bugiri District,HC II,0.592166,33.755881,69523,169672
m6v8B2bP3ar,Kiseitaka HC II,Busoga,Bugiri District,HC II,0.603781,33.755054,55649,166089
dIkUObxFycV,Nanderema HC II,Busoga,Bugiri District,HC II,0.537312,33.75062,72989,180253
bV0ljliUSvK,Bugiri Mayuge HC III,Busoga,Bugiri District,HC III,0.406802,33.801396,38802,141910
yj1g0uy0fXZ,Kayogera HC II,Busoga,Bugiri District,HC II,0.478771,33.761759,36114,167587
aXOYCLj6ksD,Kitumba HC II,Busoga,Bugiri District,HC II,0.412967,33.759679,37268,152935
XtoI9233bvR,St. Luke Muterere HC II,Busoga,Bugiri District,HC II,0.426027,33.786169,38202,143958
RVFMEGRSxTl,Muterere HC III,Busoga,Bugiri District,HC III,0.432192,33.775757,38718,148568
jPFMw8jhYY1,Village Of Eden HC II,Busoga,Bugiri District,HC II,0.551755,33.927531,28162,109826
UHlQWaIlqvU,Nkaiza HC II,Busoga,Bugiri District,HC II,0.652591,33.773586,25838,116596
aK4gwJ4rOvw,Wangobo HC II,Busoga,Bugiri District,HC II,0.715258,33.677355,29767,143512
txcjTxewsdC,Nabukalu HC III,Busoga,Bugiri District,HC III,0.648472,33.730099,28284,143824
IOqy7sFGqVv,Bugoyozi HC II,Busoga,Bugiri District,HC II,0.49139,33.784781,37166,172348
bs5xBJK6Qrb,Namayemba Safe Motherhood HC II,Busoga,Bugiri District,HC II,0.528068,33.779123,52965,182873
ajuXeILzSDT,Matiki HC II,Busoga,Bugiri District,HC III,0.485376,33.631690999999996,36784,152018
E8VBctyrVK1,Nankoma Islamic HC II,Busoga,Bugiri District,HC II,0.449464,33.681346,45590,149183
MHGvrWftKzk,Busimbi HC II,Busoga,Bugiri District,HC II,0.479005,33.708829,40351,154686
ar6iOa5kNV5,Kyemeire HC II,Busoga,Bugiri District,HC II,0.471441,33.684686,45047,148767
ygGN15RPkJR,Nankoma HC IV,Busoga,Bugiri District,HC IV,0.451023,33.679427,45692,148759
YTYOolNiu9C,URHB Medical Center Clinic,Busoga,Bugiri District,Clinic,0.573619,33.745373,76318,175631
CNG62dd4mE1,Bugiri Hospital,Busoga,Bugiri District,General Hospital,0.572916,33.742546,76405,175741
HtHzvQHn0WJ,BMK HC II,Busoga,Bugiri District,HC II,0.564459,33.749376,76981,177256
mDDQrbbC8wK,Bugiri Police HC II,Busoga,Bugiri District,HC II,0.568992,33.749561,76711,176544
OI8TRCBrnAW,Bukoteka HC II,Busoga,Bugweri District,HC II,0.609839,33.57708,45160,207471
FLMye24JUsV,Busesa HC IV,Busoga,Bugweri District,HC IV,0.625225,33.59282,50755,173025
Ol1Eb7jfNAG,Hope Children's  Clinic HC II,Busoga,Bugweri District,HC II,0.625504,33.600295,51267,169675
QQokc5ANpJ2,Alpha Medical Centre Clinic,Busoga,Bugweri District,Clinic,0.776036,33.623158,50855,154463
RWICuGNoE6b,Busembatya HC III,Busoga,Bugweri District,HC III,0.77707,33.621495,50783,154344
UZSPJdQFkvD,Buyanga HC II,Busoga,Bugweri District,HC II,0.643299,33.620944,54202,155184
NZmcEUkHQPs,Lubira HC III,Busoga,Bugweri District,HC III,0.715477,33.627269,32597,150362
pIIknYAOSrJ,Bwigula HC II,Busoga,Bugweri District,HC II,0.624673,33.650484,50080,155227
kUonlvZyTBd,Nkombe (Buyanga) HC II,Busoga,Bugweri District,HC II,0.657953,33.65204,40111,149266
kiuNceUg1Zo,Ibulanku Community Health Center HC III,Busoga,Bugweri District,HC III,0.604828,33.600603,48538,172065
aQzm1D9r3PC,Namiganda HC II,Busoga,Bugweri District,HC II,0.551506,33.615146,35865,154359
ktWYA6M0nc1,Nsale HC II,Busoga,Bugweri District,HC II,0.582528,33.639968,38681,161502
tBCbL5Q1vKo,Idudi Domicilliary Clinic,Busoga,Bugweri District,Clinic,0.62422,33.620434,52156,160943
YlgW3mVo9uu,Netcare medical centre HC II,Busoga,Bugweri District,HC II,0.622267,33.626106,51666,159426
UkqWwUFawLY,St. Ann Domicilliary HC II,Busoga,Bugweri District,Clinic,0.622171,33.617781,51821,163040
PP7yUJOjWsV,Igombe HC III,Busoga,Bugweri District,HC III,0.566741,33.569067,37790,185073
kwX8AJb1QLp,Bulyansime HC II,Busoga,Bugweri District,HC II,0.547751,33.5854,37611,153746
Qbag4aljhCh,Bubenge HC II,Busoga,Bugweri District,HC II,0.585381,33.562584,36882,239212
SL6MqJXGcbv,Makuutu HC III,Busoga,Bugweri District,HC III,0.49922,33.592078,36622,146794
mQPAnLA1aKz,Kasozi (Makutu) HC II,Busoga,Bugweri District,HC II,0.456598,33.595565,37817,151389
vrtsBgFPjG7,Idinda HC II,Busoga,Bugweri District,HC II,0.787231,33.596732,47627,148615
OipU7GANECi,Minani HC III,Busoga,Bugweri District,HC III,0.760309,33.586649,45077,147368
ab2LdWmBmeS,Namalemba HC II,Busoga,Bugweri District,HC II,0.758026,33.607316,49331,145839
ZdDYJV1qr97,Namunyumya HC II,Busoga,Bugweri District,HC II,0.753127,33.625563,49989,146354
qov8RA5TxkL,Nawangisa HC III,Busoga,Bugweri District,HC III,0.720745,33.584807,32171,155391
IIebiWis6BW,Namusikizi HC II,Busoga,Buyende District,HC II,1.041881,33.202845,27024,102702
XHVJy3yg2Oz,Namulikya HC II,Busoga,Buyende District,HC II,1.111118,33.262373,30817,104516
NrdLSWyKHLF,Iraapa HC II,Busoga,Buyende District,HC II,1.077366,33.167581,19151,86559
ADB4cMlJP2q,Buyende Bugaya HC III,Busoga,Buyende District,HC IV,1.095668,33.243057,28921,103709
L63oRktfIfQ,Bukungu HC III,Busoga,Buyende District,HC III,1.436573,32.867263,11258,32252
YYtjEbgJadL,Buyanja SDA HC II,Busoga,Buyende District,HC II,1.399533,32.892623,25168,50409
i1KIxI3H281,Kakooge HC III,Busoga,Buyende District,HC III,1.052473,32.466572,10987,24361
ePBBFCBzmt1,Kakooge HC II,Busoga,Buyende District,HC III,1.271957,33.195851,24078,60049
a6qaoH2Xzb1,Buyende HC III,Busoga,Buyende District,HC III,1.156855,33.161184,14035,72425
GRE9Qa05dRS,Irundu HC III,Busoga,Buyende District,HC III,1.218459,33.372686,33450,108517
wVUhuXat0MO,Irundu St. Mathias Mulumba HC III,Busoga,Buyende District,HC III,1.221399,33.364563,33289,108263
cPD20WxZQ27,Joy Health Unit HC II,Busoga,Buyende District,HC II,1.200227,33.300344,25423,108046
QOZR5fA8TL7,Kagulu HC II,Busoga,Buyende District,HC II,1.235331,33.305097,30967,90790
KzxdCSnvGwD,Kidera HC IV,Busoga,Buyende District,HC IV,1.337161,32.988922,32602,79924
DCjQKtUiiHH,Wesunire Flep HC II,Busoga,Buyende District,HC II,1.204181,33.071046,11497,63881
KaQgUo68H9v,Wesunire Catholic HC III,Busoga,Buyende District,HC III,1.214557,33.138814000000004,21686,79288
mF6bQRRHX1e,Wandago HC II,Busoga,Buyende District,HC II,1.019283,33.289526,27449,108012
Dp5AvjsBoN3,Ngandho HC II,Busoga,Buyende District,HC II,1.015987,33.257609,28225,109514
x3sV3Vm3jFW,Nkondo HC III,Busoga,Buyende District,HC III,1.312021,33.070406,18864,68206
aUha0DsNygQ,Iringa HC II,Busoga,Buyende District,HC II,1.256375,32.989729,16140,63674
LBp4DiaMDo4,Kigingi Flep HC II,Busoga,Buyende District,HC II,1.335298,33.062398,16042,59881
NH812X6ioSQ,"Nkdu Health Center, Iringa HC II",Busoga,Buyende District,HC II,1.274603,33.027771,24201,75854
He15t1ovvvF,St. Peter Claver HC II,Busoga,Iganga District,HC II,0.561505,33.451555,54058,267865
axKQfN9J4OH,Nawansinge HC II,Busoga,Iganga District,HC II,0.582429,33.467401,116657,271156
prOqXqNPpWj,Kasolo HC II,Busoga,Iganga District,HC II,0.613855,33.45348,136259,265997
Hx3bgntGfm7,Bulamagi HC III,Busoga,Iganga District,HC III,0.628778,33.441112,109487,264406
FTzrUpybpQS,Iganga Police HC II,Busoga,Iganga District,HC II,0.612711,33.47275,144047,269038
HfrkUP3pD0k,Nabidongha Health Centre III,Busoga,Iganga District,HC III,0.606034,33.481118,145783,269731
yXC71NnSrVn,Peak Point Medical Centre Clinic,Busoga,Iganga District,Clinic,0.61079,33.472651,143416,269097
EKPCmrHaBSg,Iganga Hospital,Busoga,Iganga District,General Hospital,0.616436,33.484354,149418,267044
aElqyBOYxsd,Iganga Islamic Medical Centre HC III,Busoga,Iganga District,HC III,0.61218,33.475387,145379,269205
NsomATk5FnX,Iganga Medicare Clinic,Busoga,Iganga District,Clinic,0.610015,33.476702,145338,269407
NXPEomiL045,Naibiri HC II,Busoga,Iganga District,HC II,0.83282,33.522827,35746,144651
uZ8tbaDbmB3,Nabitende HC II,Busoga,Iganga District,HC II,0.762817,33.464627,35542,141676
FSVMTORF0Dn,Kasambika HC III,Busoga,Iganga District,HC III,0.854335,33.478047,40839,142567
JkMbi1FzXrX,Bugono HC IV,Busoga,Iganga District,HC IV,0.794943,33.453261,32045,138800
avJPCoMRZ9n,Itanda HC II,Busoga,Iganga District,HC II,0.82003,33.470707,35718,142966
QkBTEggkt4y,Ituba HC II,Busoga,Iganga District,HC II,0.75959,33.45738,34733,141815
RmhRMYBxYBg,Musana Community Centre Clinic,Busoga,Iganga District,Clinic,0.622716,33.494068,146985,262459
FE2NPb3ItFo,Nakalama Domicilliary Clinic,Busoga,Iganga District,Clinic,0.631005,33.519611,98707,267893
NPczcAlZ2AY,Nakalama Epi Centre HC II,Busoga,Iganga District,HC II,0.6423,33.533828,52869,274349
ixwFzMD6GcM,Nakalama HC III,Busoga,Iganga District,HC III,0.671381,33.558042,35094,199363
rdZgIFDlUWW,Nawanzu HC II,Busoga,Iganga District,HC II,0.552003,33.493427,41114,266151
gbNAf8PVy0E,Bukwaya HC II,Busoga,Iganga District,HC II,0.552349,33.505196,40600,258598
QxgzWrwUQ0o,Bulubandi HC II,Busoga,Iganga District,HC II,0.592741,33.493421,137870,269163
fqWdsy0CuFR,Busowobi HC III,Busoga,Iganga District,HC III,0.610298,33.534325,64978,274138
RRMU2EDNAdg,Kakombo HC II,Busoga,Iganga District,HC II,0.551952,33.520563,39050,245169
z1sgA9QIceC,Nasuti HC II,Busoga,Iganga District,HC II,0.749481,33.508754,40946,140128
tJVNDcI33wJ,Nambale HC III,Busoga,Iganga District,HC III,0.777672,33.502976,35813,139189
az7Fcxfmke7,Namunkesu HC II,Busoga,Iganga District,HC II,0.694324,33.499834,44010,209787
MqszNOCecxv,Namunsala HC II,Busoga,Iganga District,HC II,0.673965,33.49041,46983,258760
a8Qm23qwGwy,Namungalwe HC III,Busoga,Iganga District,HC III,0.718002,33.492814,43224,151623
HxDOa69pePc,Kawete HC II,Busoga,Iganga District,HC II,0.712435,33.469667,42299,160234
ZBnjYnfB0kd,Namusiisi HC II,Busoga,Iganga District,HC II,0.859616,33.437797,28304,139188
hA4k0l8StRh,Nawandala HC III,Busoga,Iganga District,HC III,0.826945,33.395215,32333,120186
Adxinf4hk0o,Buzaaya HC II,Busoga,Iganga District,HC II,0.886718,33.414251,26280,123400
LWx8ihq5EVl,Kiringa (Iganga) HC II,Busoga,Iganga District,HC II,0.830122,33.422219,32693,126830
eN9V8wuZGOa,Kiwanyi HC II,Busoga,Iganga District,HC II,0.809339,33.439065,30954,132401
zCdcy1i5r0y,Mawagala HC II,Busoga,Iganga District,HC II,0.690991,33.435675,36931,197578
aqKT8ebfGls,Bunyiiro HC II,Busoga,Iganga District,HC II,0.687808,33.46551,42882,237783
BxF2c8dwf02,Bunyiiro HC III,Busoga,Iganga District,HC III,0.676834,33.474955,45246,259286
W4uBcP0Hwuc,Magogo HC II,Busoga,Iganga District,HC II,0.644158,33.465605,118155,266916
JTEu7SHCL9k,Mercy Medical Iganga Clinic,Busoga,Iganga District,Clinic,0.618734,33.482161,149138,267056
BYby89Z7I3l,New Hope Hospital,Busoga,Iganga District,General Hospital,0.62417,33.48329,148849,264837
sTPzvbPlhlu,Reproductive Health Uganda (Iganga) HC II,Busoga,Iganga District,HC II,0.617672,33.481416,148960,267658
Zc2dx1uKbB4,Bethany HC II,Busoga,Iganga District,HC II,0.619585,33.471096,144402,268559
GjaR0hzgtK7,Hovic Medical Centre Clinic,Busoga,Iganga District,Clinic,0.617099,33.484539,149473,266734
M6qnxgpeCA4,Iganga Town Council HC III,Busoga,Iganga District,HC III,0.616044,33.479734,148414,268465
uabmhhONOgQ,Maria Medical Centre Clinic,Busoga,Iganga District,Clinic,0.617408,33.481457,148954,267723
bHT5Yt6i8o3,Guardian Angle Internation,Busoga,Jinja City,Clinic,0.649882,33.167734,57639,165797
fMB1M2N9wak,Ivunamba HC II,Busoga,Jinja City,HC II,0.500032,33.175851,84665,366067
kSluRjthpsk,Kibibi HC II,Busoga,Jinja City,HC II,0.543919,33.134107,48838,185737
k0sbMy2mOFw,Kyomya HC II,Busoga,Jinja City,HC II,0.547784,33.172747,47979,206448
NRHnL9b4KGT,Lukolo HC III,Busoga,Jinja City,HC III,0.562811,33.187226,41495,194809
FqJORz2AePH,Lwanda HC II,Busoga,Jinja City,HC II,0.528206,33.221429,53758,276742
Nt3Z2TbccBd,Mafubira HC II,Busoga,Jinja City,HC II,0.472768,33.210781,193586,370932
a5M6FUk1emx,Musima HC II,Busoga,Jinja City,HC II,0.496058,33.249075,126476,314505
iL4Ek3j0su3,Nawangoma HC II,Busoga,Jinja City,HC II,0.532452,33.185435,59295,273706
qCl4oiQptB0,Soft Power Clinic,Busoga,Jinja City,Clinic,0.488888,33.161781,75867,372322
OZm6EKHBeMU,St. Benedict's  HC III,Busoga,Jinja City,HC III,0.468591,33.260966,109586,305343
d6n146JIBkJ,St. Joseph HC II,Busoga,Jinja City,HC II,0.50802,33.216393,103142,335746
uN5b8CDfZxZ,Wakitaka HC III,Busoga,Jinja City,HC III,0.491226,33.219337,146866,356085
BTNeWyNJanq,Budondo HC IV,Busoga,Jinja City,HC IV,0.51686,33.162061,56710,299928
YUaxNtqNWFW,Aoet HC II,Busoga,Jinja City,HC II,0.468102,33.229198,171968,350451
sWiFANJNsQo,Almeca Medicare HC III,Busoga,Jinja City,HC III,0.469229,33.208434,202413,374734
MmVUt93uiqa,Bugembe HC IV,Busoga,Jinja City,HC IV,0.464387,33.237376,155565,340902
nc6Tib9PWOR,Buwenda HC II,Busoga,Jinja City,HC II,0.477735,33.173299,116066,384260
vWBwg3QH66P,Dag Clinic,Busoga,Jinja City,Clinic,0.467412,33.23764,152669,339294
m1eE3wczeEM,Dr. Keneko Faith Memorial Centre,Busoga,Jinja City,Clinic,0.475485,33.239987,145047,332051
aITcTSaL6bT,Jinja Main Prison HC III,Busoga,Jinja City,HC III,0.413124,33.22809,82463,327230
ndyRWKL0fDH,AIDS Information Centre (Jinja) Special Clinic,Busoga,Jinja City,Clinic,0.425105,33.203477,140677,367410
qXap2NIu04L,Al-Shafa Medical Centre Hospital,Busoga,Jinja City,General Hospital,0.458779,33.217482,200479,368950
Q3gqMYnVq5B,Bunawona (Jinja) Clinic,Busoga,Jinja City,Clinic,0.432048,33.212109,156298,368611
Q85OWcDwPLr,Crescent Medical Centre HC III,Busoga,Jinja City,HC III,0.44411,33.19818,186561,381874
aNxk6ghyV8u,Family Hope Center Jinja Special Clinic,Busoga,Jinja City,Clinic,0.42909,33.203949,148999,371148
BMmhOqlF4EB,Gaddafi Barracks HC III,Busoga,Jinja City,HC III,0.450352,33.203419,204778,380824
Tr50PChPdLJ,International Medical Centre Jinja,Busoga,Jinja City,Clinic,0.43221,33.207953,158064,371516
JMmqH0e4HlX,Jinja Central HC III,Busoga,Jinja City,HC III,0.421471,33.208569,128709,359140
JrZ4o0NyqAv,Jinja International Medical Centre (IMC),Busoga,Jinja City,Clinic,0.43212,33.208054,157751,371392
I1bl5B86SPY,Jinja Islamic HC III,Busoga,Jinja City,HC III,0.427768,33.207827,143759,367767
e7LJGg7TItR,Jinja Medcare Clinic,Busoga,Jinja City,Clinic,0.429635,33.209991,148768,368097
k4Eck7qAIYP,Jinja Medical Practice Ltd,Busoga,Jinja City,Clinic,0.438713,33.195335,170335,380673
QPEq1rVFQA7,Jinja Police HC III,Busoga,Jinja City,HC III,0.445227,33.211057,194288,374152
SZS6IdnTKZR,Jinja Regional Referral Hospital,Busoga,Jinja City,RRH,0.430025,33.203611,151631,372122
zMdacW81fkW,Jinja Remand Prison HC III,Busoga,Jinja City,HC III,0.420006,33.226122,99906,341007
aOiWdlw9gZt,Kampala Road Medical and Eye Care Unit,Busoga,Jinja City,Clinic,0.431514,33.207296,155822,371377
gOPqoaeHJKA,Kimaka HC II,Busoga,Jinja City,HC III,0.452932,33.190927,187673,387607
aHp1zIwZaDV,Kisiima Islands HC II,Busoga,Jinja City,HC III,0.42761,33.26618,31907,270462
J6P4prqd0H7,Marie Stopes Uganda Jinja HC II,Busoga,Jinja City,HC II,0.432799,33.207239,160050,372317
mbYsom1BJQs,Maro Clinic,Busoga,Jinja City,Clinic,0.424313,33.207957,134698,363949
a7pTM6VuAn9,Masese Danida HC II,Busoga,Jinja City,HC II,0.45065,33.228964,177213,357141
Q2viFI8tSAY,Masese III HC II,Busoga,Jinja City,HC II,0.450524,33.224338,185251,362835
Tp0ku4vgGZJ,Masese Port HC II,Busoga,Jinja City,HC II,0.444338,33.241007,143988,338990
xB9VitOGT9B,Mobashar Medical Center Clinic,Busoga,Jinja City,Clinic,0.431956,33.208618,157119,370924
pAsdJsJETch,Mpumudde HC IV,Busoga,Jinja City,HC IV,0.460008,33.212311,207096,374440
MW38DjLdTg7,Muwumba HC III,Busoga,Jinja City,HC III,0.420617,33.204234,133478,360090
hcoloNLyQB7,Nile Clinic,Busoga,Jinja City,Clinic,0.427031,33.209287,140685,366103
Yi0ELKJkJS7,Nile International Hospital,Busoga,Jinja City,General Hospital,0.439804,33.218601,175268,366851
jQpAZYI9JcE,Rana Medical Center Clinic,Busoga,Jinja City,Clinic,0.432577,33.200574,158784,375493
hAjbRVDrVm3,Rippon Medical Services,Busoga,Jinja City,Clinic,0.432012,33.207564,157444,371605
SBbwmoaOOM2,SDI (Special Doctors International),Busoga,Jinja City,Clinic,0.434055,33.207863,164026,372619
gwaRqFuIFHa,Senior Command Staff College HC II,Busoga,Jinja City,HC II,0.458872,33.190141,188795,388081
aosaT356c44,St. Balikudembe Clinic,Busoga,Jinja City,Clinic,0.431952,33.211808,156114,368755
Cqbfdqjbcdi,St. Camillus HC III,Busoga,Jinja City,HC III,0.456605,33.19364,198359,386696
zK4jOLmfhz9,TASO Jinja Special Clinic,Busoga,Jinja City,Clinic,0.431802,33.204373,156850,373172
E2mdeU0lkNe,Walukuba HC IV,Busoga,Jinja City,HC IV,0.437516,33.225098,161385,359961
LZKogmRms7s,Whispper's Magical Children's Medical Centre,Busoga,Jinja City,Clinic,0.436565,33.208711,171865,373209
EUZupmOWTtg,Bwidhabwangu HC II,Busoga,Jinja District,HC II,0.639937,33.307415,35034,140757
mAERMdeZj6X,Kisaasi HC II,Busoga,Jinja District,HC II,0.58982,33.283707,32618,133111
t5UJ7lyEPo3,Busedde HC III,Busoga,Jinja District,HC III,0.590892,33.314515,32327,139621
OpOGlpV0oLK,Mpambwa HC III,Busoga,Jinja District,HC III,0.607788,33.37092,28384,168992
lZHbUJPtorQ,Nalinaibi HC II,Busoga,Jinja District,HC II,0.560693,33.349013,38797,165192
ECcU4nC1MjT,Nabitambala HC II,Busoga,Jinja District,HC II,0.624242,33.32251,34282,135125
YKum2vHCUAD,Bubugo HC II,Busoga,Jinja District,HC II,0.599553,33.07609,35265,158788
CfUwC7rnAVI,Budima HC III,Busoga,Jinja District,HC III,0.641731,33.103926,33802,164359
CIirnzcYtLI,Iwololo HC II,Busoga,Jinja District,HC II,0.61757,33.088886,33750,177472
OfLIf8Za2t6,Lumuli HC II,Busoga,Jinja District,HC II,0.647981,33.066323,32891,149497
OJAHaxY7rug,Nawampandha HC II,Busoga,Jinja District,HC II,0.568845,33.092678,42758,165384
iE8EHTPUZ76,Wansimba HC II,Busoga,Jinja District,HC II,0.592866,33.108068,42796,188473
v7kUy7sDbrn,Kitanaba HC II,Busoga,Jinja District,HC II,0.677348,33.192118,53984,164566
abg74s2NDzQ,Magamaga HC III,Busoga,Jinja District,HC III,0.629678,33.175547,60790,170575
eiUNndfmJIW,Mawoito HC II,Busoga,Jinja District,HC II,0.657586,33.122862,43450,164225
aIoKvlW1Kfi,Mpungwe HC II,Busoga,Jinja District,HC II,0.645669,33.205333,59394,165149
Tjj8mXWAJKN,Muguluka Flep HC II,Busoga,Jinja District,HC II,0.611985,33.190792,49618,171339
R63lQLnoBOa,Mutai HC II,Busoga,Jinja District,HC II,0.56698,33.212314,38050,184053
h67U9AijmDA,Jinja All Saints Kagoma HC III,Busoga,Jinja District,HC III,0.595037,33.195694,41304,176212
JiNfGuEaIMi,Buwolero HC II,Busoga,Jinja District,HC II,0.675562,33.168529,54925,167011
XiavvWaLLRz,Buwenge General Hospital,Busoga,Jinja District,General Hospital,0.629491,33.18123,60820,170906
anyDKTZmVPh,Kabaganda HC II,Busoga,Jinja District,HC II,0.597748,33.164973,45303,182780
EjmlzBc8RyM,Bunawona HC II,Busoga,Jinja District,HC II,0.647214,33.181241,59342,167851
hYRpOD0ijAo,Buwenge HC IV,Busoga,Jinja District,HC IV,0.652333,33.169528,57310,165678
n6WNrT4vfWe,Buwenge Ngo Hospital,Busoga,Jinja District,General Hospital,0.647771,33.172707,58312,166476
tGuQlKqJo5R,Bwase HC II,Busoga,Jinja District,HC II,0.653536,33.164217,57079,166467
B9FpgxMLSri,Busegula HC II,Busoga,Jinja District,HC II,0.657916,33.218525,43684,161806
cDySnTOLPKt,Kakaire HC III,Busoga,Jinja District,HC III,0.650069,33.27099,33988,148360
aCpZQwWQhog,Kamigo HC II,Busoga,Jinja District,HC II,0.618709,33.26634,34154,141783
Nv89wZGYg25,Nsozibiri HC II,Busoga,Jinja District,HC II,0.614245,33.225419,37591,164495
qGM0ucFnYBQ,Wairaka HC II,Busoga,Jinja District,HC II,0.477011,33.26422,105829,299912
oZkdPEw78K7,Kabembe HC II,Busoga,Jinja District,HC II,0.519656,33.242158,61217,277990
HiCwzjSmUWO,Kakira HC III,Busoga,Jinja District,HC III,0.505678,33.281188,40855,250724
ikdW0m1mt7H,Kakira Sugar Workers Hospital,Busoga,Jinja District,General Hospital,0.509295,33.294613,40868,237305
ga9sLsbCiMo,Butagaya HC III,Busoga,Jinja District,HC III,0.597045,33.127373,40956,185928
ms1PcPU9Law,Namwendwa HC II,Busoga,Jinja District,HC II,0.630665,33.132052,51480,166388
MrutYIp69Ui,Budomero HC III,Busoga,Kaliro District,HC III,1.046739,33.47405,25728,105677
qSsfhLq5dWA,Nawampiti (Bukamba) HC III,Busoga,Kaliro District,HC III,1.190096,33.434265,26463,88121
dZSLpFo3Ow2,Bumanya HC IV,Busoga,Kaliro District,HC IV,1.002171,33.495395,31990,111403
a6QzsCZkXfX,Kyani HC II,Busoga,Kaliro District,HC II,0.968388,33.527259,31603,125059
aVWOZt9GIeu,Nabigwali Flep HC II,Busoga,Kaliro District,HC II,1.029528,33.518194,29025,108418
URltmopJOMa,Buyinda HC II,Busoga,Kaliro District,HC III,1.007916,33.523016,29591,111113
Jh6Ds2pV5vS,Gadumire HC III,Busoga,Kaliro District,HC III,1.10508,33.511363,27281,94463
dOgKEHNZdQl,Buyuge Flep HC II,Busoga,Kaliro District,HC II,1.106518,33.493783,21853,97097
waAFO9dc0Rz,Community HC III,Busoga,Kaliro District,HC III,0.893732,33.50526,46695,141465
HzWHiZFqOpb,Dr. Ambrosoli HC III,Busoga,Kaliro District,HC III,0.892673,33.506836,46617,141795
JOD4jzkAQIJ,Kaliro Flep HC II,Busoga,Kaliro District,HC II,0.89193,33.508945,46500,142167
akGUnEvfeLd,Kaliro Town Council HC II,Busoga,Kaliro District,HC II,0.892381,33.505087,46668,141594
c3SYriDFRR6,Mukwano Medical Clinic HC II,Busoga,Kaliro District,HC II,0.889278,33.503783,46908,141688
ppUshP0uu1p,Smart Choice Health Services HC III,Busoga,Kaliro District,HC III,0.893112,33.504135,46700,141395
EYPlRLvDGxp,St. Francis Budini HC III,Busoga,Kaliro District,HC III,0.916622,33.513603,45855,138251
b2C43iNW4sH,Kasokwe HC II,Busoga,Kaliro District,HC III,0.932717,33.515074,41242,133071
NYYthFLhM23,Kanankamba Flep HC II,Busoga,Kaliro District,HC II,0.926713,33.46953,36577,132263
aNs3syyPTb1,Namugongo HC III,Busoga,Kaliro District,HC III,0.892511,33.470669,44519,136037
Xm8N4qPmhQh,Nabikooli HC II,Busoga,Kaliro District,HC II,0.928025,33.434691,25427,124450
tcaAIOTzAjy,Namwiwa HC III,Busoga,Kaliro District,HC III,1.091546,33.55317,29254,96965
aEYd4PTcYr9,Nansololo Flep HC II,Busoga,Kaliro District,HC II,1.040754,33.398074,26512,100532
NlotJOaRy0K,Nawampiti Dorudo HC II,Busoga,Kaliro District,HC II,1.127829,33.359176,26060,114408
W8gbvIzhIuL,Nawaikoke HC III,Busoga,Kaliro District,HC III,1.089982,33.406518,23702,99477
tblUABgAaZA,Nabulezi HC II,Busoga,Kamuli District,HC II,1.060894,33.045597,17155,70387
aBPPyVGRNyh,Namaira HC II,Busoga,Kamuli District,HC II,1.005485,33.065456,22553,111418
aa2fHwZinjk,Kawaga HC II,Busoga,Kamuli District,HC II,1.064519,33.122663,19106,80426
X0BZOCXmDkj,Balawoli HC III,Busoga,Kamuli District,HC III,1.032236,33.099937,23317,93257
Pm7k3OLfbXA,Bugulumbya HC III,Busoga,Kamuli District,HC III,0.793753,33.213866,36910,165998
uCbdfXDN1zW,Buwoya HC II,Busoga,Kamuli District,HC II,0.812091,33.237901,46830,157440
ptjWwKVSEsQ,Bugulumbya Flep HC II,Busoga,Kamuli District,HC II,0.812814,33.187091,37105,158487
pxOKxse00iC,God Cares HC II,Busoga,Kamuli District,HC II,0.848462,33.248442,47763,153937
gNdlN0CmZX2,Bulopa HC III,Busoga,Kamuli District,HC III,0.846153,33.252978,47230,154319
nWJKeP8N21c,Butansi HC III,Busoga,Kamuli District,HC III,0.925513,33.075551,38782,144000
zS5zIF13N8K,Nabirama HC II,Busoga,Kamuli District,HC II,0.973355,33.055452,21885,125635
b9niqLqoyqP,Bugeywa HC II,Busoga,Kamuli District,HC II,0.904204,33.033458,23115,112894
DjgbWcdzpkC,Kasolwe HC II,Busoga,Kamuli District,HC II,1.137732,33.083791,15867,52307
KVr6XH80o39,Kibuye HC II,Busoga,Kamuli District,HC II,1.162248,32.979214,8988,33911
Xh5eLA8vMYG,Kiige HC II,Busoga,Kamuli District,HC II,1.18006,33.040474,11292,48764
gvwH5yT6NrE,Kagumba HC III,Busoga,Kamuli District,HC III,1.114611,33.025555,11865,53120
Z2X4PeBAA5G,Kasambira HC II,Busoga,Kamuli District,HC II,0.793298,33.145622,35013,145822
rMRNQLVmpYB,St. Kizito Kiyunga HC II,Busoga,Kamuli District,HC II,0.784236,33.067669,33468,148510
Jwm5lGVgV7r,Helping Hands HC II,Busoga,Kamuli District,HC II,0.675993,33.078773,34036,143012
d6LKSCl9Pq7,Kiyunga HC II,Busoga,Kamuli District,HC III,0.780084,33.070681,33795,149863
eT9EitJKnl9,Ssenyonjo Health Centre HC II,Busoga,Kamuli District,HC II,0.736371,33.079854,34896,140001
s1LH73FP6Ck,Kisozi Flep HC III,Busoga,Kamuli District,HC III,0.749116,33.080075,36019,144335
ls1qw0oUS2X,Child and Family HC II,Busoga,Kamuli District,HC II,0.928187,33.192206,28731,168761
UhQMDsDfW85,Kitayunjwa HC III,Busoga,Kamuli District,HC III,0.892485,33.160258,35870,167772
T0oqCwE0vOw,Naminage HC II,Busoga,Kamuli District,HC II,0.87249,33.189461,34553,166307
SyvXEPay46Q,Namisambya HC II,Busoga,Kamuli District,HC II,0.88364,33.150763,39940,165009
ybcveLb40hN,Nawango Orthodox HC II,Busoga,Kamuli District,HC II,0.896613,33.180424,32745,183351
M7IdNzIwa32,Budhatemwa HC II,Busoga,Kamuli District,HC II,0.839411,33.158016,34851,150254
uPAnapLaFYh,Nankandulo HC IV,Busoga,Kamuli District,HC IV,0.679316,33.077648,34094,139623
iTkVbN1IERm,Bubago HC II,Busoga,Kamuli District,HC III,0.719762,33.100061,33838,140216
eGnEYY7m8vD,Kiyunga Bukakande HC II,Busoga,Kamuli District,HC II,0.814848,33.139968,34491,150377
nM0hEumLl8G,Buluya HC II,Busoga,Kamuli District,HC II,0.831096,33.104951,29512,141860
aU7ebDxE9vM,Mbulamuti HC III,Busoga,Kamuli District,HC III,0.846599,33.052915,31320,126390
PeKgOppv6Lo,Namunyingi HC II,Busoga,Kamuli District,HC II,1.008892,33.099428,25396,123314
BXdPG3XpRk8,Nabirumba HC III,Busoga,Kamuli District,HC III,1.005485,33.170574,27614,135236
w2MZEIgK2rd,Malugulya HC II,Busoga,Kamuli District,HC II,0.915334,33.01163,19513,86464
xXyZHTAldd9,Namasagali HC III,Busoga,Kamuli District,HC III,1.007597,32.951466,18855,62316
BkHWB9QXVou,Nawankofu HC II,Busoga,Kamuli District,HC II,1.00812,33.030536,19634,79802
xbPDAfUJaWQ,Country Side HC II,Busoga,Kamuli District,HC II,1.051851,33.016506,17965,65853
YCfOSdtGoec,Kinu HC II,Busoga,Kamuli District,HC II,0.957606,33.299175,27273,113840
QQ48OF4SR47,Kyeeya HC II,Busoga,Kamuli District,HC III,0.967586,33.22784,27196,125156
aINqVBxAkXr,Kinawampere HC II,Busoga,Kamuli District,HC II,0.886151,33.23176,40919,149020
mMBSETGkWgO,Pigeon General Medical Centre HC II,Busoga,Kamuli District,HC II,0.924078,33.265988,39009,132097
zyI8GDUVYdE,Namwendwa HC IV,Busoga,Kamuli District,HC IV,0.920582,33.248148,39672,137310
ECSAxXG3JMh,Bupadhengo HC III,Busoga,Kamuli District,HC III,0.705382,33.159886,34402,167426
UD1BUpcjYtc,Nawantumbi HC II,Busoga,Kamuli District,HC II,0.769947,33.145482,41337,141542
Lgs45wMr4Ua,Bupadhengo Flep HC II,Busoga,Kamuli District,HC II,0.717642,33.158659,35463,169221
tbeQC8kTgVd,Nawanyago HC III,Busoga,Kamuli District,HC III,0.738639,33.148362,36670,148012
lWTcvquVxC0,Kamuli Youth Centre Clinic HC II,Busoga,Kamuli District,HC II,0.960726,33.120252,60192,148702
lCNjvOwBgzK,Family Nursing Home HC III,Busoga,Kamuli District,HC III,0.94017,33.119847,62730,152380
avKz7P8ctz4,Fellowship Medical Centre HC III,Busoga,Kamuli District,HC III,0.944297,33.12641,62302,152659
alRiCwuGAG4,Kamuli Health Care Emergency HC III,Busoga,Kamuli District,HC III,0.949387,33.12738,61824,152224
Zix3B1axH9x,Kamuli Mission Hospital,Busoga,Kamuli District,General Hospital,0.931823,33.128516,64534,156750
MbDNuTAMTyR,Kamuli Prisons HC II,Busoga,Kamuli District,HC II,0.960891,33.118697,60035,148355
MuEEyevRWNS,Mase Medical Centre HC II,Busoga,Kamuli District,HC II,0.942902,33.128044,62437,153145
dW9JP4uSm97,Premier Medical Centre HC III,Busoga,Kamuli District,HC III,0.94046,33.121533,62636,152616
K4vcVLxpP5W,St. Francis Medical Centre (Kamuli) HC II,Busoga,Kamuli District,HC II,0.942425,33.124379,62449,152648
oc8ujb45hAw,Kamuli Flep Vsc HC II,Busoga,Kamuli District,HC II,0.945971,33.123779999999996,62071,152103
LVFyV61bpdi,Kamuli Hospital,Busoga,Kamuli District,General Hospital,0.947501,33.121326,61827,151649
dTp3hFJe2Mg,Gofine Clinic HC II,Busoga,Kamuli District,HC II,0.947713,33.121862,61821,151706
Y7Bm1DULPCy,Kamuli Police HC II,Busoga,Kamuli District,HC II,0.94577,33.121512,62019,151819
a7iTUfqFKUY,Busota HC III,Busoga,Kamuli District,HC III,0.901063,33.10805,50054,161491
ajRh92ixvsF,Luzinga Flep HC II,Busoga,Kamuli District,HC II,0.717482,33.213984,36314,163776
jGREJcjBUb4,Mirembe Medical Centre HC II,Busoga,Kamuli District,HC II,0.706031,33.217195,35235,168796
XvNvwaRITIS,Nawandyo HC II,Busoga,Kamuli District,HC III,0.770631,33.17819,41840,149003
rxZ1ArHoehw,St. Catherine HC II,Busoga,Kamuli District,HC II,0.695924,33.200595,34743,165634
Tb7BdBuiIn8,Lulyambuzi HC III,Busoga,Kamuli District,HC III,0.743018,33.224778,38862,148622
ivjYaDU4t3T,Luzinga HC II,Busoga,Kamuli District,HC II,0.703481,33.214848,34679,168909
PuSvMFDx1H6,Busalamu Ngo HC II,Busoga,Luuka District,HC II,0.66794,33.391001,38255,163885
UJCOxPECEO7,Buwologoma HC II,Busoga,Luuka District,HC II,0.724969,33.392849,36725,151636
LBGJIu5yim8,Cure Medical Centre HC II,Busoga,Luuka District,HC II,0.67352,33.384281,39069,150785
sCyAs9yytOk,Suubi HC III,Busoga,Luuka District,HC III,0.684935,33.353229,45101,147811
edqx4oFg95R,Bukanga HC III,Busoga,Luuka District,HC III,0.70822,33.357892,44955,146440
aDJA0BBNSjf,Busalamu Gvt HC II,Busoga,Luuka District,HC II,0.671157,33.38643,38645,153854
d6cSq5xJr84,Bukoova HC III,Busoga,Luuka District,HC III,0.894952,33.350705,23788,114916
upJ4ORiIFxs,Budhana HC II,Busoga,Luuka District,HC II,0.839604,33.307136,30567,145679
YNfuySwUSwY,Bulalu HC III,Busoga,Luuka District,HC III,0.866805,33.322466,26922,136223
aKyI8EjjSd7,Busanda HC II,Busoga,Luuka District,HC II,0.926155,33.395586,22842,102230
lZ0jegnJbzh,Buyoga HC II,Busoga,Luuka District,HC II,0.92098,33.36238,22278,103058
OeJNhyifqPp,Naigobya Lutheran HC II,Busoga,Luuka District,HC II,0.802379,33.362272,32594,127991
L3C3YjvXtRE,Naigobya Udha HC II,Busoga,Luuka District,HC II,0.8209,33.364,31801,123207
P6OUk7gIEv2,Nairika HC II,Busoga,Luuka District,HC II,0.840511,33.349724,29236,124780
JBHKUfSjfy3,Nawansega HC III,Busoga,Luuka District,HC III,0.90645,33.330857,25006,115866
NUGrnUsiqje,Pearl Diagnostic Clinic,Busoga,Luuka District,HC II,0.924954,33.393972,22839,101841
oBJdkxGcVbN,Bukendi HC III,Busoga,Luuka District,HC III,0.761019,33.362285,36288,146046
CsKbpZmPZK6,Nakabugu Police HC II,Busoga,Luuka District,HC II,0.797071,33.311904,33974,149662
EUE5ld3anIE,Nana HC II,Busoga,Luuka District,HC II,1.043024,33.359158,26907,100896
VTki8kgpnbt,Bugambo HC II,Busoga,Luuka District,HC II,0.968803,33.395209,21632,100669
Hw81fhqydaB,Ikumbya HC III,Busoga,Luuka District,HC III,0.982654,33.32431,24141,107715
SkhiXQMswFb,Inuula HC II,Busoga,Luuka District,HC II,0.951985,33.374389,21481,98320
IjR2rBuQvqr,Nantamali HC II,Busoga,Luuka District,HC II,0.420464,33.204446,132985,359731
MldTbcj8rBL,Nawanyago HC II,Busoga,Luuka District,HC II,0.927741,33.307296,32147,115064
ZFZLxm9Sg8l,Ntayigirwa HC II,Busoga,Luuka District,HC II,1.044186,33.333757,26369,105934
OMxnV3FYIU9,Kalyowa HC II,Busoga,Luuka District,HC II,0.773564,33.269312,37669,158897
EU0Y5UzmqnB,Butogonya HC II,Busoga,Luuka District,HC II,0.686026,33.240437,34464,168653
Hdf6312jYMP,Boorch HC II,Busoga,Luuka District,HC II,0.756156,33.270076,37386,153785
GKKKgh0tu8d,Kibinga HC II,Busoga,Luuka District,HC II,0.719855,33.267456,37379,151924
pAVQjcGnvWV,Kiwalazi HC II,Busoga,Luuka District,HC II,0.741469,33.292582,38465,152436
JwSwHr0F0MJ,Nawanyago Ngo HC II,Busoga,Luuka District,HC II,0.681398,33.250148,34113,167505
DHRgoZsi4Mx,Irongo HC III,Busoga,Luuka District,HC III,0.735219,33.251335,39930,149110
KdA1k7mlyJ2,St. Claret HC III,Busoga,Luuka District,HC III,-0.442885,30.403894,27683,98155
a14sgIjcCoT,Kiyunga HC IV,Busoga,Luuka District,HC IV,0.766158,33.331436,37448,145609
c8x0zJDdow6,Nakiswiga HC II,Busoga,Luuka District,HC II,0.731312,33.300651,40065,154735
qIsuPTWNldp,Nawampiti (Nawampiti) HC II,Busoga,Luuka District,HC II,0.695928,33.302482,38058,156438
BaAs4hm4jc7,Ikonia HC III,Busoga,Luuka District,HC III,0.686628,33.260725,34010,153248
ixEWdKHeLOK,Luuka Community HC II,Busoga,Luuka District,HC II,0.695325,33.301466,37868,156366
UDmQNAw74oH,Busiiro HC II,Busoga,Luuka District,HC II,0.651477,33.326543,34263,144684
DM88HSXKDde,Itakaibolu HC II,Busoga,Luuka District,HC II,0.640819,33.359076,33620,148836
ajyFjFHuOre,Lwaki HC II,Busoga,Luuka District,HC II,0.675726,33.410959,37940,197410
WeIIG6Cxs4E,Mawundo HC III,Busoga,Luuka District,HC III,0.588551,33.409412,44481,260133
aA2zaYJW1YT,Waibuga HC III,Busoga,Luuka District,HC III,0.629566,33.382736,31277,198579
dBJMmXzJwYi,Baitambogwe HC III,Busoga,Mayuge District,HC III,0.555824,33.408737,50045,227562
O6TYEDR7sjP,Buluba Hospital,Busoga,Mayuge District,General Hospital,0.493149,33.385239,48266,159001
aPXQhyTI3oq,Bute HC II,Busoga,Mayuge District,HC II,0.576828,33.384292,39216,200449
ZApo7f6AObR,Namusenwa HC II,Busoga,Mayuge District,HC II,0.55789,33.372228,49026,172142
W65MlPtBlmF,Kityerera HC IV,Busoga,Mayuge District,HC IV,0.327594,33.51883,44732,144437
W8iHiYGNTUM,Nawampongo HC III,Busoga,Mayuge District,HC III,0.340048,33.638436,42876,127536
FICwy0lTFNW,Bugoto HC II,Busoga,Mayuge District,HC II,0.320747,33.62793,34744,126461
cBT4skCUyC3,Busira HC II,Busoga,Mayuge District,HC II,0.393763,33.675143,35154,159094
OPOuhWyA5PX,Buyugu HC II,Busoga,Mayuge District,HC III,0.355292,33.696653,40570,133095
dDGnJy0fVxF,Mairinya HC II,Busoga,Mayuge District,HC II,0.389252,33.688888,35168,157149
Rx8u7WLhn7R,Bukatube HC III,Busoga,Mayuge District,HC III,0.402199,33.439744,26869,133564
FPENxnEHmc7,Kyando HC II,Busoga,Mayuge District,HC II,0.435337,33.431024,30664,134082
TmzJ0R3LTy5,Buyemba HC II,Busoga,Mayuge District,HC II,0.427615,33.465984,48049,151146
GTYUYJ2Ueyu,Kaluba HC III,Busoga,Mayuge District,HC III,0.391054,33.526507,44224,172407
ayit7T8VnwQ,Busaala HC III,Busoga,Mayuge District,HC III,0.36663,33.535323,48589,158213
lCEffRvoU53,Buwaya HC II,Busoga,Mayuge District,HC II,0.525001,33.503845,37962,193478
uja4Tx4IR8w,Buwaiswa HC III,Busoga,Mayuge District,HC III,0.524812,33.52103,37557,174513
aHrBkRnFBmb,Bwondha HC II,Busoga,Mayuge District,HC II,0.173708,33.565898,18095,60110
akPhsrP77Ae,Nkombe (Imanyiro) HC III,Busoga,Mayuge District,HC III,0.448264,33.410536,23318,139301
agZi79Er2GX,Bwiwula HC II,Busoga,Mayuge District,HC II,0.43854,33.455983,47751,149804
gid2cWEy2rv,Bufulubi Prison HC II,Busoga,Mayuge District,HC II,0.484061,33.424353,37502,176240
arIRCXLdLpv,Magada HC II,Busoga,Mayuge District,HC II,0.530899,33.468636,36185,233511
jSNmUpGrQMN,Sagitu HC II,Busoga,Mayuge District,HC II,-0.0093,33.65256,7239,8133
xvsvbPNHC2I,Jagusi HC III,Busoga,Mayuge District,HC III,0.12475,33.57965,7901,20945
qIZ5LRWbGhE,Kyoga HC II,Busoga,Mayuge District,HC II,0.401001,33.587714,32883,161752
NstnCQR0ZCU,Namalege HC II,Busoga,Mayuge District,HC II,0.377944,33.592519,38577,160660
WyB0okmGKma,Bwalula HC II,Busoga,Mayuge District,HC II,0.452415,33.621721,37751,149576
TOwFMUTd1XN,Kigandalo HC IV,Busoga,Mayuge District,HC IV,0.389549,33.621722,35980,161660
gXxNhBepMX1,Bugulu HC II,Busoga,Mayuge District,HC II,0.402194,33.638471,33424,161726
DaUdxUUVqCJ,Wandegeya HC II,Busoga,Mayuge District,HC II,0.348424,33.570265,41861,161470
aoNyMeWn6YC,Kitovu HC II,Busoga,Mayuge District,HC II,0.341637,33.472455,29255,124927
YV7y1jVps8G,Sunrise Clinic HC II,Busoga,Mayuge District,Clinic,0.356538,33.536478,47714,153878
u5jXNGfi96o,Wabulungu HC III,Busoga,Mayuge District,HC III,0.524056,33.347353,57648,162165
BZnjlWdw7cL,Bachi Medical Clinic HC II,Busoga,Mayuge District,Clinic,0.52271,33.348316,57940,162017
a1C0sK4I6RS,Magamaga Barracks HC III,Busoga,Mayuge District,HC III,0.509618,33.340818,54430,157485
uNeAgPDqNxT,Magamaga Domiciliary Clinic HC II,Busoga,Mayuge District,Clinic,0.51776199999999994,33.345484,57085,160637
DUDZxVy6oKw,Namoni HC II,Busoga,Mayuge District,HC II,0.278972,33.419716,16550,85048
ao6V9sOp2DA,Malongo HC III,Busoga,Mayuge District,HC III,0.226373,33.485169,41925,97398
MenDHJ5T9TA,Bacathy Clinic HC II,Busoga,Mayuge District,Clinic,0.456316,33.479623,52364,163765
hNkgEQv1B6n,Bardf Clinic HC II,Busoga,Mayuge District,Clinic,0.45306,33.483204,52740,163932
yDsIVwnQTnb,J. K. Pancrass Medical Clinic,Busoga,Mayuge District,Clinic,0.456551,33.481908,52610,164471
nOaWaKxKCpC,Lameka Clinic HC II,Busoga,Mayuge District,Clinic,0.444916,33.481395,52283,160426
qkq6TBG0tnA,Mayuge HC IV,Busoga,Mayuge District,HC IV,0.460648,33.477816,52309,163604
zDswtMT2PM0,Mercies Clinic HC II,Busoga,Mayuge District,Clinic,0.459577,33.47907,52379,163956
FqLM2WtYXDc,Sam Medical Clinic,Busoga,Mayuge District,Clinic,0.455682,33.483305,52761,164655
VKtgNboWvmA,True Image Medical Centre,Busoga,Mayuge District,Clinic,0.461434,33.482712,52708,165248
nzfJdwZuyr8,Maina HC II,Busoga,Mayuge District,HC II,0.4543,33.508933,54204,167687
ac4kdbslWxB,Muggi HC III,Busoga,Mayuge District,HC III,0.467053,33.543659,39391,169596
tl4nhPJTSA0,Wamulongo HC II,Busoga,Mayuge District,HC II,0.494782,33.522684,37598,166720
EoHnqQ9tho5,Kasutaime HC II,Busoga,Mayuge District,HC II,0.442005,33.556128,37346,169138
XK9RFXZJrFx,Busuyi HC II,Busoga,Mayuge District,HC II,0.445229,33.331476,18346,126459
PpdVthivLyS,Ntinkalu HC II,Busoga,Mayuge District,HC II,0.452963,33.296133,24161,226845
zSvdFQRU9Xw,Lugala Community HC II,Busoga,Namayingo District,HC II,0.220902,33.88973,38121,107466
qzuX96cewmK,Lugala HC II,Busoga,Namayingo District,HC II,0.19685,33.895304,29321,83613
EHJGNTovyjU,Sednet HC II,Busoga,Namayingo District,HC II,0.200107,33.910439,23823,80403
CnzSBNkUBIH,Lico HC III,Busoga,Namayingo District,HC III,0.18681,33.854654,34378,84845
s3KGtzqaMyJ,Busiro Church of God HC III,Busoga,Namayingo District,HC III,0.193921,33.865622,35294,87126
rQ56RjtAmYQ,Bujwanga HC II,Busoga,Namayingo District,HC II,0.223492,33.854137,43413,121710
g3Jd6rCEYTc,Buchumba HC II,Busoga,Namayingo District,HC II,0.207397,33.910586,25853,88095
eAfaPMGjisn,Banda HC III,Busoga,Namayingo District,HC III,0.247824,33.886551,38543,130055
vIy4B3pJmaQ,Banda HC III,Busoga,Namayingo District,HC III,1.090128,31.856199,954,4646
pLbsnCMz2UB,Buyombo HC II,Busoga,Namayingo District,HC II,0.252113,33.854521,40504,144506
tLN9WUS83FH,Isinde HC II,Busoga,Namayingo District,HC II,0.295763,33.83774,35426,155571
uR2pjJIMiTl,Dohwe HC II,Busoga,Namayingo District,HC II,0.300014,33.779928,37498,136319
ByENsUmShVG,Mpanga HC II,Busoga,Namayingo District,HC II,0.275229,33.700617,15471,96384
qWjJEUikVGR,Bukimbi HC II,Busoga,Namayingo District,HC II,0.27584,33.725898,26803,105348
WNrSmg2aMGz,Bugana HC II,Busoga,Namayingo District,HC III,0.179597,33.825995,23911,86273
m4Ab91z5Jcf,Bugana HC III,Busoga,Namayingo District,HC III,2.065025,31.506076,5889,23549
aPBis8KBjOJ,Namayuge HC II,Busoga,Namayingo District,HC II,0.458481,33.888282,24236,120340
ayBh8ous7GK,Buswale St. Matia HC III,Busoga,Namayingo District,HC III,0.369986,33.896971,38745,129702
aspYcErPY7F,Bumooli HC III,Busoga,Namayingo District,HC III,0.415497,33.895384,26345,125080
BDcuYvb84Bv,Namavundu HC II,Busoga,Namayingo District,HC II,0.363853,33.816063,38541,150710
akc4IXZ7N3m,Shanyonja HC II,Busoga,Namayingo District,HC III,0.325645,33.808265,34021,152767
am15Sw0sGcH,Kifuyo HC II,Busoga,Namayingo District,HC II,0.379073,33.83993,40019,143896
a4qvKbfSybp,Hukeseho HC III,Busoga,Namayingo District,HC III,0.302241,33.883526,38087,143851
ZFd998k7ZbK,Lolwe HC III,Busoga,Namayingo District,HC III,0.123965,33.795092,9903,31617
W7fiTCkLzlW,Haama HC II,Busoga,Namayingo District,HC II,-0.119289,33.698084,15967,16252
Hkw29W1Zsgo,Urhc HC II,Busoga,Namayingo District,HC II,0.219921,33.819996,37044,126991
kHostqbVYCJ,Mulombi HC II,Busoga,Namayingo District,HC II,0.234017,33.74779,29772,94139
MAH7X3G7Bfi,Mutumba HC III,Busoga,Namayingo District,HC III,0.270124,33.791676,40196,138564
RfYTyh0UmGQ,Bugali HC II,Busoga,Namayingo District,HC II,0.252657,33.821895,38098,147568
QwGfB2lBQHe,Taoky Medical Clinic HC II,Busoga,Namayingo District,HC II,0.341714,33.875482,42169,139159
rbYBCrqL1cM,Dembe HC II,Busoga,Namayingo District,HC II,0.338619,33.876754,41543,139574
J3OMg4XNkPh,Namayingo Police HC II,Busoga,Namayingo District,HC II,0.342848,33.877186,41996,138542
wRGmmrOLtVc,Santa Medical Centre HC II,Busoga,Namayingo District,HC II,0.343356,33.876168,42269,138642
NnSbfZjOXJd,Buyinja HC IV,Busoga,Namayingo District,HC IV,0.34295,33.87558,42327,138863
AB05Zdfd4KF,Sigulu HC III,Busoga,Namayingo District,HC III,0.122933,33.777071,7932,27889
E0iTAuyvRrd,Bulange HC III,Busoga,Namutumba District,HC III,0.740006,33.703211,32019,138631
b2OIIMJWt0u,Buyoboya HC II,Busoga,Namutumba District,HC II,0.776558,33.757995,29477,121675
N9vaQzeDeI0,Bugobi (Ngo) HC II,Busoga,Namutumba District,HC II,0.716459,33.773897,29191,104801
M1T2kR9PYXj,Bugobi HC II,Busoga,Namutumba District,HC II,0.713496,33.776254,28853,104094
HLoEBkSltLj,Kisowozi HC II,Busoga,Namutumba District,HC II,0.972275,33.599258,23011,105249
PrOL9DbHU3G,Ivukula HC III,Busoga,Namutumba District,HC III,0.943291,33.625628,27852,106103
Gp8V160flfb,Lwatama HC II,Busoga,Namutumba District,HC II,0.973839,33.656337,24373,97508
SloGhUNthe5,Namusita (Namutumba) HC II,Busoga,Namutumba District,HC II,0.981099,33.603696,22543,101930
xxFbUMb5Sgn,Kiranga HC II,Busoga,Namutumba District,HC II,0.862026,33.566868,31714,141978
z9om4HbUuYl,Nakyere HC II,Busoga,Namutumba District,HC II,0.86414,33.633736,33234,145036
bfvn50ACB0b,Magada HC III,Busoga,Namutumba District,HC III,0.891445,33.724516,29123,121527
UY9Ig6Dn12j,Mulama HC II,Busoga,Namutumba District,HC II,0.902624,33.648159,29306,133247
L04tDDkt7CP,Namalemba- Nsoola HC II,Busoga,Namutumba District,HC II,0.934535,33.66625,27639,109862
yG1BLkelXXL,Irimbi HC II,Busoga,Namutumba District,HC II,0.930818,33.71174,29797,107371
oo6NPR1LpVp,Mazuba HC II - Ngo,Busoga,Namutumba District,HC II,0.934112,33.727637,27991,106655
adW7QMFjyjd,Mpulira HC II - Ngo,Busoga,Namutumba District,HC II,0.882746,33.608663,32788,130304
MMhakCx4Zy7,Nabisoigi HC III,Busoga,Namutumba District,HC III,0.870524,33.605971,33708,136199
aPCo8FVyXXJ,Bukonte HC II,Busoga,Namutumba District,HC II,0.799712,33.657452,53069,161582
cFuBcFolwHe,Bukonte Ngo HC III,Busoga,Namutumba District,HC III,0.786641,33.638362,51730,159612
QfsdBGdGrV5,Nawaikona HC II,Busoga,Namutumba District,HC II,0.821723,33.652012,46242,161261
vV6yESKTC26,Kisimu HC II,Busoga,Namutumba District,HC II,0.825874,33.75654,28766,129079
apRrv5F3gjn,Namuwondo HC II,Busoga,Namutumba District,HC II,0.745494,33.665497,34431,149186
x9oCy78uzUl,Kasedhere/Nawanpandu HC II,Busoga,Namutumba District,HC II,0.770342,33.691306,33751,158891
hJXcSlfvXVL,Kigalama (Ngo) HC II,Busoga,Namutumba District,HC II,0.795632,33.717397,34780,148364
B3W5yafHqZE,Kigalama Govt HC III,Busoga,Namutumba District,HC III,0.788852,33.698987,35842,160480
By2MpYVigct,Igerera HC II,Busoga,Namutumba District,HC II,0.848859,33.725737,40607,129338
USHCZLjbvxf,Kaiti HC II,Busoga,Namutumba District,HC II,0.858674,33.682279,44576,141301
aeZGyZJvaEG,Namutumba HC III,Busoga,Namutumba District,HC III,0.836006,33.687812,46997,151853
R0DjMf6TzHj,Kikalu HC II,Busoga,Namutumba District,HC II,1.029836,33.652388,21545,89250
Tmiq5R2titk,Nangonde HC III,Busoga,Namutumba District,HC III,1.008936,33.641244,23369,88684
dkK7pcIHnC7,Buwongo HC II,Busoga,Namutumba District,HC II,0.808613,33.580017,31177,151649
aOt4qHwBUAV,Nsinze HC IV,Busoga,Namutumba District,HC IV,0.815563,33.609912,42712,158284
KMKSbxhedfy,AAR Buganda Road Branch,Kampala District,Kampala City Council,HC II,0.32847,32.570811,826007,2639599
hE3E3nXNUjX,AAR City Centre HC II,Kampala District,Kampala City Council,HC II,0.312929,32.585089,777044,2611312
I6QbcVsphVT,AAR Clinic Acacia HC II,Kampala District,Kampala City Council,HC II,0.33273,32.585251,784052,2657206
rxoAz9lkuSi,AIDS Information Centre (Kampala) Special Clinic,Kampala District,Kampala City Council,Clinic,0.307393,32.567743,814115,2570662
idbfwHTDiI5,ASG Eye Hospital,Kampala District,Kampala City Council,General Hospital,0.330111,32.579845,803684,2664695
aWtkpwtp9JE,Adventist Medical Centre HC III,Kampala District,Kampala City Council,HC III,0.32571,32.569939,822945,2641946
vLAcz6G3NjH,Aga Khan Acacia Clinic HC II,Kampala District,Kampala City Council,HC II,0.338129,32.586623,783924,2631951
aZC9r2VDNby,Aga Khan DTB Clinic HC II,Kampala District,Kampala City Council,HC II,0.312418,32.583706,782387,2610530
JqnkRzo5i03,Akwata Empora Clinic HC II,Kampala District,Kampala City Council,HC II,0.324861,32.571031,820413,2647722
eOEURVD1JBA,Ali Medical Services HC II,Kampala District,Kampala City Council,HC II,0.318913,32.565006,816070,2618916
boTY4zS1Br8,Anajimu Medical Centre HC II,Kampala District,Kampala City Council,HC II,0.307078,32.570814,814572,2572210
d4SWIOIHBxG,Andrew Medical Centre HC II,Kampala District,Kampala City Council,HC II,0.320045,32.574403,809336,2654405
D0bZjL1bGF0,Bai Heath & Medical International Centre Hospital,Kampala District,Kampala City Council,General Hospital,0.314436,32.571589,813679,2629525
ucCstVsrgBo,Banda Dental Clinic HC II,Kampala District,Kampala City Council,HC II,0.309929,32.57859,799717,2597733
pZpspK6t5p9,Bank Of Uganda Clinic HC II,Kampala District,Kampala City Council,HC II,0.318145,32.573182,811219,2647708
ziHbNfazfsE,Basil's   Dental Clinic HC II,Kampala District,Kampala City Council,HC II,0.340687,32.590618,765102,2611151
MWFDoq84Xp5,Bethesda Medical Centre HC III,Kampala District,Kampala City Council,HC III,0.328894,32.571665,825366,2642443
lPRCSoRmZMu,Bio Eye Specialists HC III,Kampala District,Kampala City Council,HC III,0.32004,32.574376,809390,2654339
asImgkBNZRh,Biva Maternity and Heath Clinic HC III,Kampala District,Kampala City Council,HC III,0.310887,32.565981,811631,2591361
a9zlZtyaFqP,Businge Medical Centre (Kampala) HC II,Kampala District,Kampala City Council,HC II,0.337526,32.580463,814366,2634508
QMeR3gufspf,Care Clinic HC II,Kampala District,Kampala City Council,HC II,0.325158,32.573803,815194,2657102
aT1aouq7op5,Case Medical Centre Hospital,Kampala District,Kampala City Council,General Hospital,0.324526,32.57515,811180,2660894
hKdxO4aqfoa,Channel Street Combined Consultancy Clinic HC II,Kampala District,Kampala City Council,HC II,0.311983,32.575778,806887,2617395
kfrmcSjIoIv,Children's  Clinic Kampala HC II,Kampala District,Kampala City Council,HC II,0.32991,32.581341,797403,2666118
TsxLM5KhLIC,Church Road Clinic HC II,Kampala District,Kampala City Council,HC II,0.343141,32.588744,778168,2601020
DIQq90QrWSn,City Hall Clinic HC II,Kampala District,Kampala City Council,HC II,0.315949,32.586217,772988,2632320
cTJJIiobzbR,Clty Clinic HC II,Kampala District,Kampala City Council,HC II,0.327284,32.563978,828352,2601858
tml3Dn6fonc,Combined Dental Care Clinic HC II,Kampala District,Kampala City Council,HC II,0.3118,32.575431,807581,2616018
efajqL4WsW2,Cowen and Rifkin Opticians HC II,Kampala District,Kampala City Council,HC II,0.313038,32.584805,778228,2613141
ihSEWxpJHsS,Crane Health Services HC II,Kampala District,Kampala City Council,HC II,0.316675,32.58137,791357,2647969
yG7IbrT2ew9,Damulira Clinic HC II,Kampala District,Kampala City Council,HC II,0.318189,32.571413,814212,2643154
cKKwI6jHlPK,Dawa Clinic HC II,Kampala District,Kampala City Council,HC II,0.345303,32.587546,787256,2587601
En1VLI5E6oh,Dental and Medical World Limited HC II,Kampala District,Kampala City Council,HC II,0.339865,32.590135,766861,2616700
dL03pWPKGG9,Dr Charles Farthing Memorial Clinic HC II,Kampala District,Kampala City Council,HC II,0.337112,32.580576,813058,2636847
O1WGZDYJW3z,Dr M Ahmads Clinic HC II,Kampala District,Kampala City Council,HC II,0.311818,32.581951,788836,2609003
vnJWBdzr6Q8,Easy Breath Chest Clinic HC II,Kampala District,Kampala City Council,HC II,0.346,32.587622,787454,2582400
gc2JNaA0ylx,Ebenezer Ltd Clinical Laboratory HC II,Kampala District,Kampala City Council,HC II,0.320001,32.574386,809352,2654289
Hd9QotTNTCW,Emmanuel Medical Clinic HC II,Kampala District,Kampala City Council,HC II,0.312211,32.571049,813927,2614873
b7Y9wRcy6W2,Faith Medical Center (Kisenyi) HC II,Kampala District,Kampala City Council,HC II,0.311705,32.571442,813680,2612167
jIxClnaASJs,Family Clinic (Kisenyi II) HC II,Kampala District,Kampala City Council,HC II,0.309856,32.574853,808952,2600134
sa5qeUY8oB8,Fati Clinic HC II,Kampala District,Kampala City Council,HC II,0.30419,32.574219,808367,2537326
ZSq8nAm6U1v,Fertility Endoscopy Clinic HC II,Kampala District,Kampala City Council,HC II,0.320324,32.576176,805549,2658172
kcN9QDE04TK,Fire Prevention and Rescue Services Clinic HC II,Kampala District,Kampala City Council,HC II,0.307889,32.577295,803236,2579574
sUzbQhdddvZ,Fresco Medical Services HC II,Kampala District,Kampala City Council,HC II,0.34245,32.593356,751454,2590018
c5EHgmDQXM4,Friends Poly Clinic HC II,Kampala District,Kampala City Council,HC II,0.311626,32.584655,778283,2600501
LcOdGRO9rnR,Garden Clinic (Mengo) HC II,Kampala District,Kampala City Council,HC II,0.311743,32.567683,813770,2602829
aA7oGfzZhoI,Gava Medical Centre HC II,Kampala District,Kampala City Council,HC II,0.304238,32.575344,806256,2537225
BAwCly3VBRl,Generation Medical Clinic HC II,Kampala District,Kampala City Council,HC II,0.305646,32.569821,814303,2555163
HtkPt5NvrQR,Geogina Eye HC III,Kampala District,Kampala City Council,HC III,0.318722,32.592361,744711,2612392
bqcYbI3x1sY,Global Medicare Center HC II,Kampala District,Kampala City Council,HC II,0.341038,32.586616,787630,2616966
paNfnARuPo1,God's  Will Medical Clinic HC II,Kampala District,Kampala City Council,HC II,0.345385,32.588098,783966,2586340
HXWHQopLSC7,Good Health For Women Project Clinic HC II,Kampala District,Kampala City Council,HC II,0.304678,32.567248,812688,2540461
zJ8oGRLTk7I,Good Lord Medical Center HC II,Kampala District,Kampala City Council,HC II,0.326342,32.571361,822091,2647028
FtCkDAsEflR,Good Samaritan General Clinic HC II,Kampala District,Kampala City Council,HC II,0.32146,32.567045,818880,2630093
igNh9u9rHeH,Grace Medical Clinic (Kamwokya II) HC II,Kampala District,Kampala City Council,HC II,0.343981,32.588613,779672,2595510
w6Y2S4b9CZ1,Grace Medical Clinic (Nakasero IV) HC II,Kampala District,Kampala City Council,HC II,0.312048,32.573131,811533,2616828
S3kMnfeLrYo,Grace Medical and Dental Clinic HC II,Kampala District,Kampala City Council,HC II,0.312396,32.57039,814261,2614693
fstbALGSubx,Guardian Medi Care HC II,Kampala District,Kampala City Council,HC II,0.322209,32.562518,820083,2604017
UYXvWcrn9vy,Gyenvudde Clinic HC II,Kampala District,Kampala City Council,HC II,0.312085,32.571351,813730,2614596
MLvTfA4OlXI,Holly Spirit Clinic HC II,Kampala District,Kampala City Council,HC II,0.317091,32.571054,814476,2639595
VITKN2sZcxn,IMC - Parliamentary Avenue HC III,Kampala District,Kampala City Council,HC III,0.31629,32.592935,741000,2592772
uHlLx9NSZiR,IOM Transit Centre Clinic-Nakasero HC II,Kampala District,Kampala City Council,HC II,0.325227,32.577179,806515,2665170
H9Ovo0xxmom,Ikhwan Medical Centre HC II,Kampala District,Kampala City Council,HC II,0.307948,32.571151,814521,2581385
eMsyN5EXUMC,Imc Namirembe Road HC II,Kampala District,Kampala City Council,HC II,0.31365,32.568247,814577,2615717
mEGL3d8fO6N,Imc Park Royal Clinic HC II,Kampala District,Kampala City Council,HC II,0.31836,32.575098,807463,2652110
LmuwmNYl3U7,"International Medical Centre, KPC Watoto HC II",Kampala District,Kampala City Council,HC II,0.31836,32.575098,807463,2652110
mvcNk6uSThn,"International Medical Centre, Kololo HC II",Kampala District,Kampala City Council,HC II,0.326924,32.601134,704161,2563107
KmKIA7d9Mdh,J and H Medical Skin Clinic Formerly Yakobo HC II,Kampala District,Kampala City Council,HC II,0.341164,32.588208,779199,2614409
Ow10nC0slVc,Jubilee Dental HC II,Kampala District,Kampala City Council,HC II,0.322261,32.596286,726011,2597585
izUagjwC9gU,Jumbo Corner Medical Centre HC III,Kampala District,Kampala City Council,HC III,0.304875,32.564538,808608,2536393
SSNUnjUxUtc,Kabale Clinic (Kampala) HC II,Kampala District,Kampala City Council,HC II,0.323206,32.561897,821509,2598304
uXKebLP04ii,Kadiac Clinic HC II,Kampala District,Kampala City Council,HC II,0.344096,32.590414,769013,2590519
ZNH8vUHXSe1,Kakoni Medical Clinic HC II,Kampala District,Kampala City Council,HC II,0.309883,32.574826,808999,2600372
SByryiWsa89,Kampala Hospital,Kampala District,Kampala City Council,General Hospital,0.33257,32.585215,784024,2657803
Bywd6nAfskH,Kampala Medical Consultation Clinic HC II,Kampala District,Kampala City Council,HC II,0.309595,32.578803,798956,2594340
aMcxqYcYtot,Kampala Poly Clinic HC II,Kampala District,Kampala City Council,HC II,0.313536,32.577527,803078,2628852
vTqB8UrtjVT,Kamwokya Christian Caring Community HC III,Kampala District,Kampala City Council,HC III,0.343268,32.589307,774959,2599002
fx0oQE9YIzw,Kasoka Medical Centre HC II,Kampala District,Kampala City Council,HC II,0.311704,32.578146,801346,2613690
BUKrloYEKHj,Kg Life Care Clinic,Kampala District,Kampala City Council,HC II,0.306703,32.569835,814722,2567179
VShK9NlDa9S,Kiira Road Police HC II,Kampala District,Kampala City Council,HC II,0.343178,32.595341,742171,2574274
FFCA7KzL08a,Kisakye Clinic (Nakasero IV) HC II,Kampala District,Kampala City Council,HC II,0.309132,32.572854,812385,2593480
hjZvWkoLzzp,Kisenyi HC IV,Kampala District,Kampala City Council,HC IV,0.307486,32.56913,814800,2574360
hR54WelFldU,Kololo Hospital,Kampala District,Kampala City Council,General Hospital,0.334157,32.588843,768970,2644520
eiQj0MxYGMy,Labpedia HC II,Kampala District,Kampala City Council,HC II,0.323315,32.596506,725403,2599616
MYzCGYUmL4t,Liberty Medical Centre HC II,Kampala District,Kampala City Council,HC II,0.317449,32.567763,815579,2629224
lowKZUx0rbK,Life Care HC II,Kampala District,Kampala City Council,HC II,0.344055,32.589686,773306,2592747
HCodNUBtmQW,Mackey Road Clinic HC II,Kampala District,Kampala City Council,HC II,0.315231,32.572238,812876,2635386
yJ3ITwurZEJ,Maheshwari Health Care Center HC II,Kampala District,Kampala City Council,HC II,0.315331,32.570861,814501,2632665
Y3K5vv9cdJ7,Makerere University Hospital,Kampala District,Kampala City Council,General Hospital,0.32782,32.570303,825700,2638896
kWWm9MulE7o,Makerere University Walter Reed Clinic HC II,Kampala District,Kampala City Council,HC II,0.32823600000000003,32.576682,811515,2662026
ugRUoAaYD6f,Mas Medical Clinic HC II,Kampala District,Kampala City Council,HC II,0.316178,32.575476,806964,2645281
DcEHiT3re0q,Mawano Dental Clinic HC II,Kampala District,Kampala City Council,HC II,0.322223,32.574966,809430,2658833
dwha3G8bBvt,May Medical Centre HC II,Kampala District,Kampala City Council,HC II,0.325132,32.573904,814922,2657416
XGwQgBZBkZx,Mbn Clinical Lab,Kampala District,Kampala City Council,HC II,0.324211,32.576997,805999,2664590
MyNaP0La01r,Medical World HC II,Kampala District,Kampala City Council,HC II,0.341285,32.594808,743507,2589040
WEsss23IscT,Medicare Clinic and Nursing Home Ltd HC II,Kampala District,Kampala City Council,HC II,0.324349,32.573689,814474,2657008
w8hCTt25w2r,Mengo Dental Clinic HC II,Kampala District,Kampala City Council,HC II,0.30577,32.575451,807032,2556526
VxVlteqdqp3,Mengo Doctors Clinic HC II,Kampala District,Kampala City Council,HC II,0.305801,32.575495,806958,2556878
E9qpkBrblkc,Mengo Joint Clinic HC II,Kampala District,Kampala City Council,HC II,0.302674,32.575096,805431,2516916
XKEPT14hHyP,Merit Childrens Medical Center HC II,Kampala District,Kampala City Council,HC II,0.328622,32.574955,817025,2656180
Nk2B6AocaIZ,Midland Consultion Clinic HC II,Kampala District,Kampala City Council,HC II,0.318436,32.569362,815797,2637055
FVZifzVfB2S,Mukama Kyakuwa Clinic HC II,Kampala District,Kampala City Council,HC II,0.321818,32.567537,819149,2632502
IqjAgDhHcaG,Mukwano Family Clinic HC II,Kampala District,Kampala City Council,HC II,0.314417,32.593289,738703,2574678
MhqUqhoWLwa,Muna Othopaedic Clinic HC II,Kampala District,Kampala City Council,HC II,0.341881,32.587392,784484,2611321
dtIapBQjyvX,Musajjalumbwa HC II,Kampala District,Kampala City Council,HC II,0.312327,32.567661,813869,2606198
soJkaCms4J3,Nakasero Hospital,Kampala District,Kampala City Council,General Hospital,0.326735,32.579528,800856,2668179
T7qqtGnsEP7,Nakasero Medical Centre HC II,Kampala District,Kampala City Council,HC II,0.311365,32.579401,797562,2609289
PSd0QKOeEsS,Nalongo Medicare HC II,Kampala District,Kampala City Council,HC II,0.308248,32.57432,810130,2585461
DdAlLPeswVJ,Nankulabye Clinic HC II,Kampala District,Kampala City Council,HC II,0.308572,32.569539,814822,2585098
V1elCZIHIcR,Norvik Hospital,Kampala District,Kampala City Council,General Hospital,0.32336,32.574573,811349,2658999
ho431RVLfJm,Nyange Clinic (Kamwokya II) HC II,Kampala District,Kampala City Council,HC II,0.34641,32.588025,785345,2578858
pp2tEHamY9h,Old Kampala Hospital,Kampala District,Kampala City Council,General Hospital,0.316647,32.568143,815505,2628978
bljty0SyQvL,Old Kampala Police HC II,Kampala District,Kampala City Council,HC II,0.319553,32.56971,816194,2639933
zWjKD1oSjHP,Pacific Dental Clinic HC II,Kampala District,Kampala City Council,HC II,0.316863,32.570086,815208,2636178
gxt9e5ztfoU,Pan Dental Surgery Ltd HC II,Kampala District,Kampala City Council,HC II,0.324443,32.575125,811149,2660826
X0NvIoZncHm,Panorama Medical Center HC II,Kampala District,Kampala City Council,HC II,0.342956,32.591522,761839,2594592
aPm6qz7F0cS,Parent Clinic HC II,Kampala District,Kampala City Council,HC II,0.310551,32.575382,807845,2605930
bDhd8xPPaT7,Police Mechanical Workshop Clinic HC II,Kampala District,Kampala City Council,HC II,0.317984,32.597295,718393,2564901
jJJqZnWCFZ9,Precious Clinic,Kampala District,Kampala City Council,HC II,0.328941,32.574777,817984,2654873
i1HnrTR9cbc,Princeton Children's  Medical Centre HC II,Kampala District,Kampala City Council,HC II,0.339738,32.589516,770182,2619026
DglxTY6Clva,Public Medical Care HC II,Kampala District,Kampala City Council,HC II,0.314231,32.578174,801436,2633880
yq2uLomAvbi,Quality Care Clinic (Kisenyi) HC II,Kampala District,Kampala City Council,HC II,0.307033,32.571706,813921,2572197
YT64DmUAhbj,Rema Medical Center HC II,Kampala District,Kampala City Council,HC II,0.340443,32.587417,782549,2619525
g6VCJMSTpO2,Reproductive Health Uganda (Kisenyi) HC II,Kampala District,Kampala City Council,HC II,0.30988,32.572696,812451,2599759
HwFEwc3N8Z6,Rubaga Road Clinic HC II,Kampala District,Kampala City Council,HC II,0.31095,32.565555,811012,2590046
hUi9kYu6TcE,Run Dental Clinic HC II,Kampala District,Kampala City Council,HC II,0.315322,32.577317,803340,2641780
WlPYZmDndVm,Sas Clinic HC IV,Kampala District,Kampala City Council,HC IV,0.319158,32.573984,809868,2651772
AvguFgyPvUD,Salam Dental Clinic HC II,Kampala District,Kampala City Council,HC II,0.31581,32.570368,814926,2633506
DjRCwXgHUTt,Shreer Medical Centre HC II,Kampala District,Kampala City Council,HC II,0.339816,32.585587,791404,2624216
zehoYwpHfm4,Sims Medical Centre HC II,Kampala District,Kampala City Council,HC II,0.312995,32.568285,814414,2612204
TPYBZM29orC,Sr Dental Clinic HC II,Kampala District,Kampala City Council,HC II,0.318232,32.569406,815713,2636867
Eiun0jzoaTp,Ssaka Dental Clinic HC II,Kampala District,Kampala City Council,HC II,0.309352,32.573568,811247,2595686
LXOCYzcFRWI,St. Balikudembe Uganda Cares HC II,Kampala District,Kampala City Council,HC II,0.309874,32.572715,812425,2599722
mbiBOQltGeh,St. Catherine's  Hospital,Kampala District,Kampala City Council,General Hospital,0.325922,32.57523,812598,2660598
KI8o95TUUxA,St. Charles Clinic HC II,Kampala District,Kampala City Council,HC II,0.325434,32.567967,824053,2632467
ATU2cKmtFoH,Suham Dental Surgery HC II,Kampala District,Kampala City Council,HC II,0.311031,32.581247,791036,2603175
CxS4AnrNg9o,Super Health Centre HC II,Kampala District,Kampala City Council,HC II,0.309037,32.566076,811863,2579555
k2tJZiRbUxa,Suubi Medical Clinic (Kisenyi II) HC II,Kampala District,Kampala City Council,HC II,0.309328,32.57394,810640,2595547
W6RTzlbqk5O,Tamba Dental Clinic HC II,Kampala District,Kampala City Council,HC II,0.320408,32.574028,810299,2654200
RXVOLjJUrH5,Tawhid Medical Centre (Kampala) HC II,Kampala District,Kampala City Council,HC II,0.308235,32.570161,814888,2583081
JlJEgbrfw9y,The Surgeon's  Plaza HC II,Kampala District,Kampala City Council,HC II,0.340135,32.589582,770264,2616924
zSlpKhPNJIB,Uganda Cares Owino Clinic,Kampala District,Kampala City Council,Clinic,0.310029,32.572795,812280,2601058
G2bEsFM9Gz6,Verna Dental Clinic HC II,Kampala District,Kampala City Council,HC II,0.317693,32.574093,809475,2648512
nAtO3aJWamk,Victoria Medical Centre (Nakasero II) HC III,Kampala District,Kampala City Council,HC III,0.328676,32.575447,815755,2657679
nzx3HtVNmLh,Vine Medicare Clinic (Old Kampala) HC II,Kampala District,Kampala City Council,HC II,0.317392,32.571649,813793,2641998
rqHF3X8MjQS,Wamala Clinic HC II,Kampala District,Kampala City Council,HC II,0.326334,32.562712,826787,2596178
AIqpNaeckvv,Wandegeya Police HC II,Kampala District,Kampala City Council,HC II,0.329598,32.574533,819633,2652371
OGk0nfcBuM8,Your Medical Centre,Kampala District,Kampala City Council,HC II,0.312919,32.568786,814559,2613438
PJPU3U3xnCK,Zam Zam Clinic (Nakasero) HC II,Kampala District,Kampala City Council,HC II,0.310504,32.576232,806087,2605190
MTam7ZtWOuX,Zam Zam Medical Center (Kamwokya) HC II,Kampala District,Kampala City Council,HC II,0.343923,32.589408,774867,2594311
GDdTRPppi6T,Apac Medical Centre Clinic HC II,Kampala District,Kampala City Council,HC II,1.978715,32.536158,29567,68741
Ss0JE8RxN25,Blessed Medical Center HC II,Kampala District,Kampala City Council,HC II,0.362797,32.624567,625440,2042475
pNT8f17lJiA,Kiruddu National Referral Hospital,Kampala District,Kampala City Council,NRH,0.24828,32.61274,460057,1369330
vBZebypYflA,Cure Clinic HC II,Kampala District,Kampala City Council,HC II,0.29446,32.582097,780393,2374143
fa4DlPlxsuQ,Dembe Clinic,Kampala District,Kampala City Council,Clinic,0.691322,34.181012,82320,200382
Qd8EIIhg2oM,Abu Kats Medical Centre HC II,Kampala District,Kampala City Council,HC II,0.284225,32.551294,718496,2193046
jNdtzzeIbNg,Agali Top Quality Clinic HC II,Kampala District,Kampala City Council,HC II,0.283207,32.543491,682525,2132246
vQnCilUme6q,Agaliawamu Clinic,Kampala District,Kampala City Council,HC II,0.323963,32.560298,821598,2584990
khbm0rn5EcC,Aisha Domiciliary Clinic,Kampala District,Kampala City Council,HC II,0.296727,32.527684,640887,2108094
tNZbbbWZuc9,Aka Medical Care Centre HC II,Kampala District,Kampala City Council,HC II,0.291293,32.569903,791963,2345172
yjOK1KW77KI,Alison Medical Center HC II,Kampala District,Kampala City Council,HC II,0.305919,32.517293,584176,2012431
QXhsSsRoa9R,Alpha Medical Clinic (Kasubi) HC II,Kampala District,Kampala City Council,HC II,0.332543,32.552545,834089,2486001
q6cdQTt1zjR,BS Star Medical Chambers,Kampala District,Kampala City Council,HC II,0.273836,32.546918,658752,1996592
IRwuTRJoiW1,Bazadde Clinic HC II,Kampala District,Kampala City Council,HC II,0.301644,32.535325,696326,2262709
bPUe8PAiw34,Beta Clinic HC II,Kampala District,Kampala City Council,HC II,0.30113,32.529046,657483,2167948
dJaNcyPPwbM,Bfk Care Clinic HC II,Kampala District,Kampala City Council,HC II,0.291474,32.570287,792635,2347766
fmWt71GoII7,Bismillah Ks Nakyanzi Medical Centre HC II,Kampala District,Kampala City Council,HC II,0.281554,32.547136,692897,2129412
wx932ocnkRb,Biyinzika Clinic HC II,Kampala District,Kampala City Council,HC II,0.309285,32.540623,730943,2385600
vGOQOgreErW,Bm and Jude Medical Clinic,Kampala District,Kampala City Council,HC II,0.284061,32.544612,690740,2153651
nKVdqRiwf1M,Bright Medical Centre HC II,Kampala District,Kampala City Council,HC II,0.344483,32.553255,868699,2432031
nIISysW4lpI,Bukirwa Martenity and Health Care Services HC II,Kampala District,Kampala City Council,HC II,0.341506,32.544518,845524,2362756
pyvYsckXh82,Bulamu Medical Care Clinic HC II,Kampala District,Kampala City Council,HC II,0.280536,32.571672,770868,2150548
GxOxwosJPjh,Busabala Road Nursing Home HC II,Kampala District,Kampala City Council,HC II,0.285756,32.570299,781102,2247599
v82VMVlARo3,Busega Clinic HC II,Kampala District,Kampala City Council,HC II,0.314146,32.521524,623279,2128002
hOjObdKWaJO,Bwogi Medical Centre HC II,Kampala District,Kampala City Council,HC II,0.334035,32.549044,832721,2443974
BmtCX6prYy8,Central Medical Services HC II,Kampala District,Kampala City Council,HC II,0.350351,32.571065,865763,2508807
LRgGibnsDwa,Compassion Medical Centre HC II,Kampala District,Kampala City Council,HC II,0.308172,32.557559,789666,2531000
RgYxLndiZdy,Coweser Medical Clinic HC II,Kampala District,Kampala City Council,HC II,0.280682,32.561876,742182,2154302
nPp400BG3JP,Crusader Medical Centre HC II,Kampala District,Kampala City Council,HC II,0.329889,32.534981,766375,2316850
gG6nfB1RVDc,Cure Medical Centre & Laboratory Services HC II,Kampala District,Kampala City Council,HC II,0.326608,32.548141,806075,2463111
iNb9GSJ3KVM,Dalon Medical Center HC II,Kampala District,Kampala City Council,HC II,0.301495,32.53476,692761,2253754
k1aJuPi2vxH,Den Clinic HC II,Kampala District,Kampala City Council,HC II,0.32476,32.560228,823048,2582478
AqU927BLRUc,Desire Medical Centre HC II,Kampala District,Kampala City Council,HC II,0.34224,32.540089,829414,2311773
SJtl3JBjCbJ,Dick Medical Centre HC II,Kampala District,Kampala City Council,HC II,0.328817,32.548521,813892,2459592
wMCTLdTscZo,Divine Mercy Clinic HC II,Kampala District,Kampala City Council,HC II,0.28623,32.53761,666017,2120473
j4Qv5EEcMuU,Dormain Clinic HC II,Kampala District,Kampala City Council,HC II,0.324933,32.556872,819410,2553682
KvVOsdP3tUT,Edma Medical Center HC II,Kampala District,Kampala City Council,HC II,0.29816,32.536257,696028,2243316
LhyPsGHVyp7,Edwinton Medical Services HC II,Kampala District,Kampala City Council,HC II,0.296219,32.528836,647048,2120438
IMrgBmWv7I5,El-Shadai Domiciliary Clinic,Kampala District,Kampala City Council,HC II,0.325054,32.55871,822064,2569118
jfcIDMTP7sM,Embabazi Medical Center HC II,Kampala District,Kampala City Council,HC II,0.314146,32.521524,623279,2128002
OLmTe5kU6HD,Equator Health Services,Kampala District,Kampala City Council,HC II,0.31256,32.516842,586337,2041522
ncJepX1abta,Eva Domiciary Clinic HC II,Kampala District,Kampala City Council,HC II,0.343875,32.550148,863461,2405494
F2hXRn6Ctfr,Faith Orthopedic Clinic HC II,Kampala District,Kampala City Council,HC II,0.309957,32.541324,735251,2396425
aftkbrmt8wi,Family Clinic Lusazze HC II,Kampala District,Kampala City Council,HC II,0.325488,32.546924,799311,2454188
yehYIdS1v5P,Fat Clinic HC II,Kampala District,Kampala City Council,HC II,0.282022,32.549747000000004,705078,2149444
r8pg5xWsOXh,Florence Medical Services HC II,Kampala District,Kampala City Council,HC II,0.325648,32.561678,825514,2590900
YibSoW6hYGt,Fridnds Medical Clinic HC II,Kampala District,Kampala City Council,HC II,0.325029,32.558772,822076,2569717
oGFpXMmq8U0,Galilee Community Hospital,Kampala District,Kampala City Council,General Hospital,0.33157,32.535704,776994,2318143
ki3e1wWZlrD,Global Medical Services HC II,Kampala District,Kampala City Council,HC II,0.312254,32.537183,717815,2354638
y7qvRAg2DPb,Glory Medical Clinic (Rubaga) HC II,Kampala District,Kampala City Council,HC II,0.33304,32.55504,839552,2507132
xTjgkx8i9Wq,Glory Medicare HC II,Kampala District,Kampala City Council,HC II,0.325452,32.552937,814074,2515566
V6ZPXCtZShs,Glory Of Christ Medical Centre HC II,Kampala District,Kampala City Council,HC II,0.33701,32.555151,849752,2491693
hE7RkkZzIHB,Gods Mercy Clinic (Kabowa) HC II,Kampala District,Kampala City Council,HC II,0.281391,32.554046,718497,2152176
HvqaLDHLzVz,Good New Medical Center HC II,Kampala District,Kampala City Council,HC II,0.325158,32.539302,767768,2376410
oeupHvcQnUg,Good Will Clinic HC II,Kampala District,Kampala City Council,HC II,0.312707,32.563487,808572,2590979
DGYQDJIkZO9,Harvest Clinic HC II,Kampala District,Kampala City Council,HC II,0.278513,32.565773,747782,2116331
PxJDOCq7tYK,Health Link Foundation Center Lugala HC II,Kampala District,Kampala City Council,HC II,0.319138,32.540096,748046,2397002
kBh5SXXDeFJ,His Grace Medical Centre (Kabowa) HC II,Kampala District,Kampala City Council,HC II,0.279582,32.56015,732229,2130786
e9F9XvTFIrI,Holy Cross Orthodox Mission Namungoona Hospital,Kampala District,Kampala City Council,General Hospital,0.33817,32.54522,838133,2387187
DuStC8e98ns,Hosana Medical Centre HC II,Kampala District,Kampala City Council,HC II,0.325253,32.553124,813844,2518013
GwgIBKPhzFt,Inter-City Medical Centre HC II,Kampala District,Kampala City Council,HC II,0.29843,32.535935,694822,2241907
a6b9OQh6Y8L,J.K Medi-Care Clinic HC II,Kampala District,Kampala City Council,HC II,0.314146,32.521524,623279,2128002
uySyeC1smNP,Jesse Medical Centre HC II,Kampala District,Kampala City Council,HC II,0.326126,32.561576,826342,2588488
iIZ0mhBKJX5,Jesus Heals Clinic HC II,Kampala District,Kampala City Council,HC II,0.280328,32.547147,688567,2108653
E9VcqB2GYvk,Jim Medical Clinic HC II,Kampala District,Kampala City Council,HC II,0.331401,32.557482,836996,2535060
O2ISli6TrDu,Joy Medical Centre HC III,Kampala District,Kampala City Council,HC III,0.339268,32.546765,845157,2398180
L1yJV3P8yxC,Prime Medical Clinic,Kampala District,Kampala City Council,Clinic,0.010798,31.243604,4950,19872
EoAp4kVbeTj,Kabuusu Clinic HC II,Kampala District,Kampala City Council,HC II,0.299468,32.555074,774854,2433536
WWlY7qs18QI,Kadic Clinic Nakulabye HC II,Kampala District,Kampala City Council,HC II,0.327219,32.563402,828271,2597995
WPSYy1bDfIb,Kampala West Medical Clinic HC III,Kampala District,Kampala City Council,HC III,0.30735,32.562265,804050,2551994
lBHVowy9gn1,Kasubi Church Of God Clinic HC II,Kampala District,Kampala City Council,HC II,0.327072,32.552717,818530,2508317
v2D7MOcsVge,Kasubi Medical Centre HC II,Kampala District,Kampala City Council,HC II,0.335259,32.55577,845878,2504448
wepUthscBkh,Kawaala Health Centre HC IV,Kampala District,Kampala City Council,HC IV,0.3407,32.553697,859655,2461533
OdUyD5qm3qW,Kf Medical Centre HC II,Kampala District,Kampala City Council,HC II,0.281459,32.573136,775921,2165391
sNksBKVL12G,Kimera Clinic HC II,Kampala District,Kampala City Council,HC II,0.329528,32.550343,820512,2475671
N94wrsTZYaA,Kisha Medical Center HC II,Kampala District,Kampala City Council,HC II,0.317838,32.525492,661236,2203952
auBbIemzi2h,Kitaka Medical Center HC II,Kampala District,Kampala City Council,HC II,0.302594,32.527888,651847,2162707
sLOvwpCrdh2,Kitebi Health Centre HC III,Kampala District,Kampala City Council,HC III,0.281374,32.547134,692259,2126360
oYg6OsZ6wxS,Kitebi Medical Centre HC II,Kampala District,Kampala City Council,HC II,0.284968,32.545855,699572,2175652
pP17hGzVU5s,Kk Clinic HC II,Kampala District,Kampala City Council,HC II,0.308346,32.556384,785728,2524336
JNjEcYxP6y6,Lian Medical Center HC II,Kampala District,Kampala City Council,HC II,0.3148,32.526312,657375,2207310
PQ7FGuRLFxV,Life Care Clinic (Kasubi) HC II,Kampala District,Kampala City Council,HC II,0.332894,32.552608,835249,2485242
R0o09ipn1rj,Lions Medical Centre (Mutundwe) HC II,Kampala District,Kampala City Council,HC II,0.275106,32.546716,664651,2017276
Qr3jHz4iqjL,Lisa Medical Centre HC II,Kampala District,Kampala City Council,HC II,0.30956,32.557126,789187,2536207
h310oOepWYT,Lords Mercy Medical Centre HC II,Kampala District,Kampala City Council,HC II,0.284786,32.555193,734025,2216211
dgmy0Fjx1KZ,Lubaga Hospital,Kampala District,Kampala City Council,General Hospital,0.30797,32.551622,768736,2486596
TCQjCHoimX3,Lucoheco Health Center HC II,Kampala District,Kampala City Council,HC II,0.309555,32.54132,734575,2394655
HFtOI98LEbW,Lungujja- Kosovo Community Health Center HC II,Kampala District,Kampala City Council,HC II,0.315491,32.54264,750397,2424695
azlSxiFXDEP,M&G Medical Clinic HC II,Kampala District,Kampala City Council,HC II,0.336656,32.54366,828881,2377951
jqU2WEwwCZm,Makula Health Services HC II,Kampala District,Kampala City Council,HC II,0.293818,32.540306,704235,2245028
tGo7YRaHpCN,Malcom Health Care (Kabowa) HC II,Kampala District,Kampala City Council,HC II,0.284754,32.562925,760206,2230711
tCshx31gQgW,Malcom Medical Centre (Kasubi) HC II,Kampala District,Kampala City Council,HC II,0.334015,32.556051,843123,2512030
y395nQqLYeV,Malcom Medical Centre Kawaala HC II,Kampala District,Kampala City Council,HC II,0.341882,32.553843,862945,2455800
LYNjlq3mRIF,May Fair Clinic HC II,Kampala District,Kampala City Council,HC II,0.323638,32.559293,819715,2577590
oLeAXCDoQRH,Medicare Health Professionals Col. Clinic HC II,Kampala District,Kampala City Council,HC II,0.312369,32.557373,793526,2552115
ka4jZCGb7zi,Medix Clinic HC II,Kampala District,Kampala City Council,HC II,0.332934,32.551779,833917,2476654
BnSVCAr2iAw,Mengo Hospital,Kampala District,Kampala City Council,General Hospital,0.31306,32.55999,801262,2573308
PTWfmeUY3kR,Merck Clinic HC II,Kampala District,Kampala City Council,HC II,0.310736,32.558502,794674,2551596
sYrRgUUMvWj,Mercy Consultation Clinic HC II,Kampala District,Kampala City Council,HC II,0.329461,32.549814,819111,2470477
ZAxtPU3hV5S,Mercy General Care HC II,Kampala District,Kampala City Council,HC II,0.297704,32.537401,701287,2252752
Lrcueou5ksf,Milne Medical Centre HC III,Kampala District,Kampala City Council,HC III,0.326647,32.537453,764522,2352670
FLCxMq20FQn,Miracle Home Care Clinic HC II,Kampala District,Kampala City Council,HC II,0.317363,32.526019,663224,2210834
t2yKspg65YA,Mirembe Clinic (Mutundwe) HC II,Kampala District,Kampala City Council,HC II,0.295965,32.527242,636190,2094056
g3IaGLXSo0V,Mirembe Medical Centre- Najja HC II,Kampala District,Kampala City Council,HC II,0.33837,32.544721,837303,2381125
DD9NSEepGqV,Mirembe Medical Clinic (Nateete) HC II,Kampala District,Kampala City Council,HC II,0.305839,32.518789,594899,2037997
M8XXoADQoSK,Mk Clinic HC II,Kampala District,Kampala City Council,HC II,0.276121,32.565182,736462,2071928
U8Ku7OYw68w,Moonlight Clinic (Rubaga) HC II,Kampala District,Kampala City Council,HC II,0.297709,32.55471,770329,2409615
KnNeqK0KCRE,Mubeezi Health Care HC II,Kampala District,Kampala City Council,HC II,0.329599,32.551579,823428,2488043
PqEA3rsbgnU,Muddu Medical Center HC II,Kampala District,Kampala City Council,HC II,0.305872,32.518495,592861,2033115
MAefu6c5oR4,Mukama Clinic HC II,Kampala District,Kampala City Council,HC II,0.324781,32.560242,823101,2582532
hscn2U2fYWo,Mukisa Health Care HC II,Kampala District,Kampala City Council,HC II,0.326087,32.559983,825478,2576172
ImmNDJs62lu,Mulungi Clinic HC II,Kampala District,Kampala City Council,HC II,0.272504,32.555126,685184,1993790
heoHY0yknZ2,Musigula Clinic HC II,Kampala District,Kampala City Council,HC II,0.295859,32.548521,743989,2345937
abMk2o2JMM7,Najanankumbi K Clinic HC II,Kampala District,Kampala City Council,HC II,0.287452,32.569207,783086,2278888
ak8zScLvmm6,Namirembe Medical Centre HC II,Kampala District,Kampala City Council,Clinic,0.288479,32.551232,733304,2262356
poHxyeKogaf,Nateete Archdeaconary Medical HC II,Kampala District,Kampala City Council,HC II,0.309336,32.533507,691240,2293395
KlE3poeRUon,Nateete General Health Clinic HC III,Kampala District,Kampala City Council,HC III,0.302257,32.533613,686735,2244162
YgE3eykvbDy,Nateete General Health Clinic A,Kampala District,Kampala City Council,HC II,0.298666,32.535225,691185,2234876
jv1RBgTIsBv,Ndeeba Medical Centre HC II,Kampala District,Kampala City Council,HC II,0.29026,32.567457,786912,2328802
ONt4TJmcw1L,Njeru Clinic (Rubaga) HC II,Kampala District,Kampala City Council,HC II,0.29856,32.54159,723319,2310534
KqD0EIFhABs,Nnyange Medical Centre HC II,Kampala District,Kampala City Council,HC II,0.323164,32.555854,812894,2549113
aMmsIhLTFdL,Oasis Medical Centre HC II,Kampala District,Kampala City Council,HC II,0.324429,32.560742,822872,2587408
CNiqwtfvzA6,Osiman Medical Clinic HC II,Kampala District,Kampala City Council,HC II,0.28168,32.557606,731618,2165983
jyAB9wA2H7O,Otimic Medical Centre HC II,Kampala District,Kampala City Council,HC II,0.334197,32.549202,833498,2444966
VjATSr6ORUE,Pancare Medical Services HC II,Kampala District,Kampala City Council,HC II,0.306909,32.557691,789799,2523067
Y98bTyeqta2,Pearl Dental &Laboratory Clinic HC II,Kampala District,Kampala City Council,HC II,0.323122,32.545175,784846,2443249
BTZ8j00Zmjv,Pearl Medical Centre HC II,Kampala District,Kampala City Council,HC II,0.306561,32.651782,382219,1529293
jKFy8N9yJrQ,St. Jude Domiciliary Clinic HC II,Kampala District,Kampala City Council,HC II,-0.153779,31.590531,22200,81739
XyfpsL8lcl6,Polycare Clinic HC II,Kampala District,Kampala City Council,HC II,0.278819,32.566938,752819,2121985
vGZ0e3IGMny,Victory Medica Centre HC III,Kampala District,Kampala City Council,HC III,0.343903,33.87628,42323,138493
OmVBbMIdulm,Quality Medical Care HC II,Kampala District,Kampala City Council,HC II,0.335232,32.553138,842518,2480844
avhCa7YwRAw,Rahma Centel Clinic HC II,Kampala District,Kampala City Council,HC II,0.290206,32.563348,778564,2326722
ncOg0joAxOE,Ranacom Health Care HC II,Kampala District,Kampala City Council,HC II,0.337255,32.552427,847415,2465447
WQeSLV9txxP,Rick Medical Centre HC II,Kampala District,Kampala City Council,HC II,0.273573,32.546497,655594,1990952
VfwPWMZiQqM,Ron Medical Clinic HC II,Kampala District,Kampala City Council,HC II,0.317288,32.541467,748576,2413136
tvK88QMkdAA,Royal Clinic (Busega) HC II,Kampala District,Kampala City Council,HC II,0.31729,32.526334,665162,2215474
cH31iXt96SZ,Royal Hill Cross Clinic HC II,Kampala District,Kampala City Council,HC II,0.330459,32.553487,829626,2503465
VzZ8fgJOsWT,Sama Medical Centre HC II,Kampala District,Kampala City Council,HC II,0.310898,32.557245,791063,2543993
LulU6pCpYAA,Sanyu Clinic Rubaga HC II,Kampala District,Kampala City Council,HC II,0.283351,32.576766,783230,2192465
adwWHZXOk8h,Sena Medical Clinic HC II,Kampala District,Kampala City Council,HC II,0.287684,32.552042,733536,2253080
uiQvlGx46V6,St. Edwards Medical Centre HC II,Kampala District,Kampala City Council,HC II,0.309788,32.540538,731324,2386922
N5yPjUrotvg,St. George Clinic HC II,Kampala District,Kampala City Council,HC II,0.284372,32.555228,732653,2209182
CwvqwFHri4e,St. James Medical Centre (Rubaga) HC II,Kampala District,Kampala City Council,HC II,0.29273,32.53581,678356,2181796
cR00Ao5beaX,St. Jude Clinic Nyanama,Kampala District,Kampala City Council,Clinic,0.272952,32.555408,688410,2001948
bsF8wkTWCoZ,St. Kevin Martenety Clinic HC II,Kampala District,Kampala City Council,HC II,0.340793,32.546004,847811,2382637
SGXUdybIrGD,St. Lawrence Medical Clinic HC II,Kampala District,Kampala City Council,HC II,0.279766,32.547089,686249,2098796
hIR9Y6YF22i,St. Luke Maternity Clinic,Kampala District,Kampala City Council,HC II,0.288817,32.554419,745758,2281522
Eio9d3BPJ2B,St. Luke Society HC II,Kampala District,Kampala City Council,HC II,0.322232,32.539111,755244,2381926
hk3sw1ExndH,St. Mary's  Domiciliary - Kasubi - Kawala HC II,Kampala District,Kampala City Council,HC II,0.340714,32.556358,860543,2485245
otz3QpVIGKe,St. Micheal Dental Clinic HC II,Kampala District,Kampala City Council,HC II,0.290138,32.565869,783742,2326736
zakGypSvdpi,St. Paul Medical Centre (Rubaga) HC II,Kampala District,Kampala City Council,HC II,0.325457,32.55333,814894,2519392
hFQKfZwphxd,St. Steven's  Medical Clinic Kabowa HC II,Kampala District,Kampala City Council,HC II,0.289523,32.555731,752794,2298026
aglptrIQjhX,St. Thereza Domicilliary Clinic HC II,Kampala District,Kampala City Council,HC II,0.290618,32.581991,779444,2307539
yOyIk76KVtb,Suka Medical Centre HC II,Kampala District,Kampala City Council,HC II,0.335369,32.55546,845896,2501267
abvRm5Gf8UC,Sure Clinic HC II,Kampala District,Kampala City Council,HC II,0.328995,32.5579,831047,2548044
h3db50KbXlW,Suubi Medical Center (Nateete) HC II,Kampala District,Kampala City Council,HC II,0.30192,32.530522,667655,2196597
UJLTn9Z9EsX,Suubi Medical Clinic (Kasubi) HC II,Kampala District,Kampala City Council,HC II,0.330568,32.558338,835293,2545605
jemtukRQMRB,Tendo Medical Services HC II,Kampala District,Kampala City Council,HC II,0.305574,32.548745,758095,2445387
uZbjvt36X6V,Terry Health Centre,Kampala District,Kampala City Council,HC II,0.32301,32.55988,819328,2583543
hwBxzvgcTIb,The Royal Clinic HC II,Kampala District,Kampala City Council,HC II,0.305112,32.546135,749531,2417257
rIXYNnKS9yV,Tito Clinic HC II,Kampala District,Kampala City Council,HC II,0.297096,32.548467,746564,2360228
IiB6l95NPen,Top Joy Clinic HC II,Kampala District,Kampala City Council,HC II,0.342032,32.541374,835012,2326766
hXkuCOwBVV6,Trans - Nile Medical Centre HC II,Kampala District,Kampala City Council,HC II,0.29094,32.563455,780820,2339684
oU5FK0jRDPy,Trinity Life Health Care HC II,Kampala District,Kampala City Council,HC II,0.300394,32.565394,805320,2485669
HDqkS7fPasF,Vbc Medical Clinic HC II,Kampala District,Kampala City Council,HC II,0.316411,32.542289,750425,2421905
Cxnq38Z0YWp,Victor Medical Clinic HC II,Kampala District,Kampala City Council,HC II,0.332771,32.55625,839899,2518867
Ku0I5IciWi3,Victory Medical Centre HC II,Kampala District,Kampala City Council,HC II,0.284613,32.625783,547539,1784913
StVGsmCpx30,Viga Clinic HC II,Kampala District,Kampala City Council,HC II,0.354438,32.595157,752532,2481621
XnPQlQgblKS,Mirembe Medical Centre,Kampala District,Kampala City Council,HC II,1.197867,31.805166,4061,8863
jKguDWbtFIU,YCS HC III,Kampala District,Kampala City Council,HC III,0.282728,32.567016,765528,2194854
TvGat2B2STB,Zai Health Clinic HC II,Kampala District,Kampala City Council,HC II,0.30085,32.53756,708265,2284999
ReLKAE2urrc,Zion Clinic HC II,Kampala District,Kampala City Council,HC II,0.322978,32.544966,783473,2441496
eR6UQvtwGYK,Zion Treatment Centre HC II,Kampala District,Kampala City Council,HC II,0.273715,32.545686,653130,1990486
RqYMGeFgqD0,Mk Clinic,Kampala District,Kampala City Council,Clinic,-0.621286,30.670183,143112,208310
ULt9AvxTgCZ,Amsam Medical Centre HC II,Kampala District,Kampala City Council,HC II,0.323789,32.617174,623274,2343511
VcpnJYBfXrX,Yesu Awonya Clinic HC II,Kampala District,Kampala City Council,HC II,0.348427,32.590367,772532,2558708
jbatTSEbtsn,Aga Khan Bugolobi Clinic HC II,Kampala District,Kampala City Council,HC II,0.321531,32.612849,637056,2399216
dte1mdnBYoM,Anna Medical Centre HC II,Kampala District,Kampala City Council,HC II,0.399039,32.592877,540480,1854669
j1gpp563TOQ,AAR Ntinda HC II,Kampala District,Kampala City Council,HC II,0.35185,32.615272,660456,2278008
FbzPPH8fy5s,AAR Bugolobi Health Care HC II,Kampala District,Kampala City Council,HC II,0.320711,32.626484,576427,2151154
kVasRtzumpR,7 Hills Clinic HC II,Kampala District,Kampala City Council,HC II,0.355953,32.616988,655153,2217012
nSbLrw5HHS1,Womens Hosp. International and Fertility Centre,Kampala District,Kampala City Council,General Hospital,0.350597,32.599294,728726,2489522
SGI4vnUrfjG,Wellcare and Wellness Clinic HC II,Kampala District,Kampala City Council,HC II,0.318689,32.621085,591740,2247296
fyWg56mdyYT,UMC Victoria (Naguru) Hospital,Kampala District,Kampala City Council,General Hospital,0.350289,32.603168,710502,2456415
MllYB8dxt9W,Tuba Medical Clinic HC II,Kampala District,Kampala City Council,HC II,0.380961,32.614294,611345,1979011
stQ3ogasObO,Total Medical Centre HC II,Kampala District,Kampala City Council,HC II,0.300877,32.648066,396271,1550668
CxHSlmbZ3B3,Tick Medical Centre HC II,Kampala District,Kampala City Council,HC II,0.322163,32.649531,452926,1680220
r7gaWycU27e,The Surgery HC III,Kampala District,Kampala City Council,HC III,0.34095,32.601984,709854,2535028
r35Jy8OveNA,The Family Clinic HC II,Kampala District,Kampala City Council,HC II,0.333142,32.624642,609718,2220425
V3DWnyXBHSN,The Clinic At the Mall HC II,Kampala District,Kampala City Council,HC II,0.319878,32.617723,609835,2315035
jBSKvMhwVUO,St. Vicent Clinic HC II,Kampala District,Kampala City Council,HC II,0.2816,32.601729,686486,2027713
kmViZ7R7pkV,St. Timothy Medical Clinic HC II,Kampala District,Kampala City Council,HC II,0.378828,32.599056,676969,2126172
at9KnQkgpy6,St. Steven Dispensary and Maternity HC III,Kampala District,Kampala City Council,HC III,0.300975,32.649059,387831,1532336
gSBlSwU71u5,St. Micheal Medical Clinic HC II,Kampala District,Kampala City Council,HC II,0.333438,32.642045,531318,1858860
gAtFI2l9yaM,St. Mathias Medical Care & Counselling HC II,Kampala District,Kampala City Council,HC II,0.313674,32.633163,531202,1960353
EqoaWG6hZmv,St. Mark Medical Cetre HC II,Kampala District,Kampala City Council,HC II,0.321344,32.64449,487815,1778626
KETYpFB0Gpn,St. Mark Medical Center HC II,Kampala District,Kampala City Council,HC II,0.306314,32.593882,732995,2487032
Rmm3AoCdXoK,St. Luke Health Center HC IV,Kampala District,Kampala City Council,HC IV,0.311495,32.654123,380184,1524938
TodAkAYa6Lm,St. James Holistic Care Health Clinic HC II,Kampala District,Kampala City Council,HC II,0.347278,32.637512,569721,1912172
XJoiLxDJRXN,St. Fransic Nursing and Maternity Mutungo HC II,Kampala District,Kampala City Council,HC II,0.320358,32.63897,520060,1887882
gozU6bjgH2h,St. Catherine Medical Center HC II,Kampala District,Kampala City Council,HC II,0.333543,32.626431,602705,2187475
ayNbdy3ARDa,St. Anthony Domiciliary HC II,Kampala District,Kampala City Council,HC II,0.33581,32.61626,648698,2357100
tDim0UZGd88,St. Anne Maria Children's  Clinic HC II,Kampala District,Kampala City Council,HC II,0.349952,32.602725,712219,2464101
WD6MfCaAi2W,Shaufa Clinic HC II,Kampala District,Kampala City Council,HC II,0.310566,32.652099,393207,1555458
vL7Z8HqDMJ4,Shalom Medical Center HC II,Kampala District,Kampala City Council,HC II,0.335183,32.630989,585325,2094760
hijoxEjF439,Seanz Medical Clinic HC II,Kampala District,Kampala City Council,HC II,0.321876,32.640108,517812,1872889
KpCgX05NrIS,SAS Clinic - Bugolobi,Kampala District,Kampala City Council,HC II,0.320064,32.622531,589686,2227916
mQ1VQOHfOo7,Saki Maternity Centre HC II,Kampala District,Kampala City Council,HC II,0.36357,32.610593,683209,2237176
pejLyhv9bkH,Safeline Enterprize Medical Clinic HC II,Kampala District,Kampala City Council,HC II,0.351212,32.597907,735960,2494795
qskkQNK82z9,Sabena Clinic HC II,Kampala District,Kampala City Council,HC II,0.310326,32.6521,392356,1553534
PE56JHREFS5,S&B Clinic HC II,Kampala District,Kampala City Council,HC II,0.330178,32.612744,653228,2421414
ONQNQbW91CS,Rwambuga Domiciliary Clinic HC II,Kampala District,Kampala City Council,HC II,0.31077,32.634459,518903,1909767
IvUtBcsrObn,Rukiga Medical Clinic HC II,Kampala District,Kampala City Council,HC II,0.332716,32.623375,614280,2243430
FzxeAP4YHxC,Reachout Mbuya - Kinawataka Clinic HC II,Kampala District,Kampala City Council,HC II,0.333336,32.627755,596473,2162861
lQvAAAQpBP2,Reachout - Mbuya Clinic HC II,Kampala District,Kampala City Council,HC II,0.322961,32.623763,593554,2219803
F8jqYgk21HM,Reach Out Mbuya - Banda Clinic,Kampala District,Kampala City Council,HC II,0.351006,32.635102,584133,1940001
MTr6GiJmaDN,Ray Of Hope Medical Center HC II,Kampala District,Kampala City Council,HC II,0.356235,32.612075,675024,2287824
ukRUiG27sJH,Quraish Clinic HC II,Kampala District,Kampala City Council,HC II,0.350136,32.598427,732296,2500520
ghgGnT8oKvW,Quality Care Clinic (Mutungu) HC II,Kampala District,Kampala City Council,HC II,0.307533,32.648846,409774,1593325
RKNpbTZ6Efw,Prime Care Medical Center HC II,Kampala District,Kampala City Council,HC II,0.361793,32.608036,694230,2284533
CqtMLam3cf6,Praise Clinic HC II,Kampala District,Kampala City Council,HC II,0.368651,32.597015,731659,2288339
ZLvBUzop1kg,Phoenix Clinic HC II,Kampala District,Kampala City Council,HC II,0.350522,32.598093,734312,2499688
M06hgn1RQW3,Pedok Domicillian Clinic HC II,Kampala District,Kampala City Council,HC II,0.335773,32.639669,546062,1908075
KcJNps9Fnqu,Peace Medical Clinic HC II,Kampala District,Kampala City Council,HC II,0.324567,32.637001,542682,1952539
a6G1rz13Unf,Paragon Medical Clinic HC II,Kampala District,Kampala City Council,HC II,0.3098,32.62775,550115,2039048
Ngtu2aM1Mmr,Pan Dental Surgery HC II,Kampala District,Kampala City Council,HC II,0.341121,32.601457,712457,2539378
y0xZU23EQaH,Omega Dental Clinic HC II,Kampala District,Kampala City Council,HC II,0.35131,32.597465,738201,2497192
mdnEw4nTlUd,Ntinda Hospital,Kampala District,Kampala City Council,General Hospital,0.365539,32.614556,664210,2163530
ILbZE3uVFxn,Nim Medical Centre HC II,Kampala District,Kampala City Council,HC II,0.343613,32.636323,571304,1955060
z6NKZGQLY6L,New Life Medical Clinic HC II,Kampala District,Kampala City Council,HC II,0.359462,32.624635,627626,2068427
R3qXTG9OwkM,New Hope Clinic (Bukoto II) HC II,Kampala District,Kampala City Council,HC II,0.365432,32.613286,669878,2182290
TqyR7LbraHG,New Health Clinic HC II,Kampala District,Kampala City Council,HC II,0.344545,32.616577,653268,2311880
wW9DCZXiNIJ,Neptune Dental Clinic HC II,Kampala District,Kampala City Council,HC II,0.355691,32.612707,672095,2283444
OEnFqLIuXsi,Nakawa Market Clinic,Kampala District,Kampala City Council,Clinic,0.329921,32.613779,648804,2405809
foJ1bGX8luE,Naguru Police HC IV,Kampala District,Kampala City Council,HC IV,0.334372,32.612624,660609,2418220
apyOSmUxhsw,Naguru Medical Laboratory(Namela) HC II,Kampala District,Kampala City Council,HC II,0.329516,32.605247,685295,2519909
gg5Q9jmCM9o,Mwesigwa Clinic (Mutungo) HC II,Kampala District,Kampala City Council,HC II,0.322146,32.63323,554085,2018058
WGc7kKRhPaH,Murchision Bay Main Hospital,Kampala District,Kampala City Council,General Hospital,0.283601,32.633478,484171,1643305
I87yJrKYPAW,Mukisa Family Clinic HC II,Kampala District,Kampala City Council,HC II,0.320649,32.648399,456868,1695412
KXOXnz6cNpF,Modern Maternity and Clinic HC II,Kampala District,Kampala City Council,HC II,0.363126,32.616461,658418,2159839
QYY1bfiaHUB,Mirembe Community Care HC II,Kampala District,Kampala City Council,HC II,0.323566,32.634655,551841,1996561
aFfcqWZq3Vy,Middle East Bugolobi and Diagnostic Centre HC III,Kampala District,Kampala City Council,HC III,0.318833,32.622875,584921,2213009
pTfyxQwLVrR,Mercy Clinic - Ntinda HC II,Kampala District,Kampala City Council,HC II,0.356444,32.613391,669674,2266240
KPKex7aRlLS,Med Safe Clinic HC II,Kampala District,Kampala City Council,HC II,0.370548,32.624187,612759,1974770
Inu7T9nZHcU,Mbuya Parents Clinic HC II,Kampala District,Kampala City Council,HC II,0.329579,32.637805,548526,1948393
zrRBi7DSECl,Mbuya Military Clinic (Mod Garrison),Kampala District,Kampala City Council,HC II,0.323934,32.62181,604016,2262885
J4OFWFdznpH,Marvin Allied Clinic HC II,Kampala District,Kampala City Council,HC II,0.343507,32.636292,571349,1956215
m3YmPvMa9MP,Maria Hana Health Care Ntinda HC II,Kampala District,Kampala City Council,HC II,0.35446,32.612205,673761,2302266
E1ty2oIvCs7,Malcom Health Care (Kyanja) HC II,Kampala District,Kampala City Council,HC II,0.375496,32.606101,668689,2130204
eJT7lZAHT1K,"Malcom Clinic, Kisaasi HC II",Kampala District,Kampala City Council,HC II,0.36772,32.604111,703547,2252893
QP1SOFe5FIB,Magumba Maternity Clinic HC II,Kampala District,Kampala City Council,HC II,0.306673,32.653613,366990,1495981
kczz270uT8h,Ma Treatment Centre HC II,Kampala District,Kampala City Council,HC II,0.349082,32.636527,576102,1922558
vxjzQzSBRVl,MM Domiciliary Clinic HC II,Kampala District,Kampala City Council,HC II,0.312333,32.635164,518341,1907996
mDMIY5uLZzf,Luzira Staff Clinic HC IV,Kampala District,Kampala City Council,HC IV,0.299247,32.641666,446248,1663341
KRwcy1zyd5P,Luzira Community Clinic HC II,Kampala District,Kampala City Council,HC II,0.307603,32.644437,444799,1680454
v3EDZsaEsb0,Lubanga Lagen Clinic HC II,Kampala District,Kampala City Council,HC II,0.32958,32.612369,653624,2426794
smkk7KfoGk0,Lion Of Juda Medical Centre HC II,Kampala District,Kampala City Council,HC II,0.329716,32.638532,544845,1932665
N8sGQvUkKk4,Lifemate Medical & Diagnostic Center HC II,Kampala District,Kampala City Council,HC II,0.36207,32.621867,637016,2090981
CtKO7wqdp5x,Lifeline Ministries Medical Centre HC II,Kampala District,Kampala City Council,HC II,0.335126,32.631723,582337,2079646
SDX1xOAUEKj,Life Link Medical Centre HC II,Kampala District,Kampala City Council,HC II,0.354073,32.611003,678774,2323608
ppCqapAOWK5,Life Guide Clinic HC II,Kampala District,Kampala City Council,HC II,0.351636,32.59789,736495,2490953
XZNjawFfE3J,Life Care Medical Clinic (Luzira) HC II,Kampala District,Kampala City Council,HC II,0.307652,32.648981,409044,1591659
b43WT7sxO7F,Life Care Medical Clinic HC II,Kampala District,Kampala City Council,HC II,0.312989,32.635988,515230,1896378
Hg6pcRkfCNV,Life Care Clinic (Banda) HC II,Kampala District,Kampala City Council,HC II,0.344077,32.636637,570294,1946278
JfOziLe4rAv,Kyosiima Maternity and Nursing Home HC II,Kampala District,Kampala City Council,HC II,0.368932,32.625093,613436,1977769
bJQjXd35u5a,Kyanja Medical Centre HC II,Kampala District,Kampala City Council,HC II,0.397996,32.597605,538851,1854960
Ob2khLTIpAW,Kyanja Community Health Centre HC II,Kampala District,Kampala City Council,HC II,0.379728,32.602045,660332,2097579
qx1tdwUae4t,Kyambogo University Medical Centre HC II,Kampala District,Kampala City Council,HC II,0.344917,32.632403,588279,2028187
aEeuR1SAufp,Komuka Clinic HC II,Kampala District,Kampala City Council,HC II,0.30809,32.657567,339501,1435066
itlvaJFqYS4,Kiwatule Medical Center HC II,Kampala District,Kampala City Council,HC II,0.370828,32.622835,617356,1991531
FYzTGUPsDo4,Kiwatule Clinic HC II,Kampala District,Kampala City Council,HC II,0.366022,32.622513,629680,2045044
cjC5Ij5U7le,Kiswa HC III,Kampala District,Kampala City Council,HC III,0.32082,32.617264,614454,2328010
Tk7tMVWOhoh,Kisakye Domiciliary Clinic HC II,Kampala District,Kampala City Council,HC II,0.31235,32.651666,403065,1577655
B114jjFsS3U,Kirombe Dental Clinic HC II,Kampala District,Kampala City Council,HC II,0.305442,32.651901,377540,1517754
V6m1VNTJl3D,Kireka Special Investigations Dep Clinic HC II,Kampala District,Kampala City Council,HC II,0.336198,32.635627,566531,1994912
ro7h17PnZIN,Kikuube Clinic HC II,Kampala District,Kampala City Council,HC II,0.356398,32.613436,669461,2266000
XOBBNAYa4e4,Keserena Children's  Clinic HC II,Kampala District,Kampala City Council,HC II,0.349466,32.602116,714657,2474427
jEVRYDprMDJ,Keen Medical Centre HC II,Kampala District,Kampala City Council,HC II,0.354466,32.613069,670118,2289151
sOHZmgchvcN,Keb Mirembe Clinic,Kampala District,Kampala City Council,HC II,0.302238,32.646308,415300,1597401
FSCJx5lt6JS,Kampala Independent Hospital,Kampala District,Kampala City Council,General Hospital,0.358794,32.616591,658592,2196984
qnr5L0GcIlU,Kamokya Medcare Clinic HC II,Kampala District,Kampala City Council,HC II,0.34859,32.593233,755824,2546946
hLhSc0TXAr2,Kalvin Medical Centre HC II,Kampala District,Kampala City Council,HC II,0.365423,32.613055,670898,2185574
WFrERnQeKsD,Kadic Hospital,Kampala District,Kampala City Council,General Hospital,0.352746,32.603411,711466,2430690
gavoq38w5Ut,Jubilee Dental Ltd HC II,Kampala District,Kampala City Council,HC II,0.350391,32.616958,653254,2263519
sezKAamksQY,Ju's Doctor's  Clinic HC II,Kampala District,Kampala City Council,HC II,0.332776,32.604998,689902,2522773
kZpzSiTo7cR,Zaake Domiciliary Centre HC II,Kampala District,Kampala City Council,HC II,0.364713,32.626555,615571,1994032
Y8KoASM6IBB,Josenam Health Clinic HC II,Kampala District,Kampala City Council,HC II,0.342509,32.633362,582851,2021424
hvSPYbkjl27,Jona Family Clinic HC II,Kampala District,Kampala City Council,HC II,0.337071,32.603755,697590,2529929
atiy3J99rfQ,Jethro Medical Center HC II,Kampala District,Kampala City Council,HC II,0.351485,32.597792,736808,2493115
D7e6z7wP6Ut,Jehoanah Health Unit (Naguru I) HC II,Kampala District,Kampala City Council,HC II,0.334976,32.609913,671035,2455858
BCZsNlt7N4U,Jakana Medical Clinic HC II,Kampala District,Kampala City Council,HC II,0.360107,32.624627,627346,2063605
z1hc5BNxbfX,J.C Lema Clinic HC II,Kampala District,Kampala City Council,HC II,0.312513,32.660784,333890,1411692
yvkSZFdKzwd,Iom Naguru Clinic HC II,Kampala District,Kampala City Council,HC II,0.340669,32.604884,696933,2503506
JScVS55awQr,Ikhan Medial Centre HC II,Kampala District,Kampala City Council,HC II,0.351032,32.614964,661540,2289266
BEsGh5xKrZt,Hosea Medical Centre HC II,Kampala District,Kampala City Council,HC II,0.370405,32.622705,619040,1997932
DhNuDYxr5Mo,Home Of Nazareth Medical Centre,Kampala District,Kampala City Council,HC II,0.318813,32.64678,463082,1718434
oVbW1wyDLmu,Jethro Medical Centre,Kampala District,Kampala City Council,HC II,0.425156,32.528044,257990,1192818
jIEkidhraqo,His Medical Centre HC II,Kampala District,Kampala City Council,HC II,0.334745,32.63164,582241,2082027
Hm7ehU40TCs,His Grace Matenity Clinic HC II,Kampala District,Kampala City Council,HC II,0.370655,32.602286,703459,2226488
MId0dPgBTXC,Healthstone Medical Services HC II,Kampala District,Kampala City Council,HC II,0.344533,32.636508,571321,1946700
UUkjbBlFXgQ,Health Haven Clinic HC II,Kampala District,Kampala City Council,HC II,0.345444,32.597675,732613,2543388
lbot9vOeQXJ,Healingway Hospital,Kampala District,Kampala City Council,General Hospital,0.308727,32.627206,551916,2040051
EyZf2HkJvV3,Gv Medical Center HC II,Kampala District,Kampala City Council,HC II,0.329469,32.613474,649046,2410328
mAaPBrg0Ium,Green Life Medical Centre HC II,Kampala District,Kampala City Council,HC II,0.334356,32.629018,592410,2136457
WWn6FQoyoB6,Grace Medical Clinic (Mbuya I) HC II,Kampala District,Kampala City Council,HC II,0.329504,32.637622,549374,1952297
ffWIgtfMjjH,Goodday Clinic HC II,Kampala District,Kampala City Council,HC II,0.337755,32.60376,698150,2527958
gwfpKKlf9Bj,Goodcare Medical Centre HC II,Kampala District,Kampala City Council,HC II,0.351533,32.599257,729877,2481164
aBqoslhNpz0,Good Will Polly Clinic HC III,Kampala District,Kampala City Council,HC III,0.321462,32.637718,530616,1920706
t1XqyXiiplB,Good Shephered Medical Centre HC II,Kampala District,Kampala City Council,HC II,0.334596,32.631552,582423,2084099
xFVFAAQwj8P,Good Sammaritan Domicillaky and Matenity HC II,Kampala District,Kampala City Council,HC II,0.334064,32.628388,594765,2149543
Pt2TBoTfFmN,Good Samaritan Clinic- Mbuya HC II,Kampala District,Kampala City Council,HC II,0.334056,32.628466,594411,2148020
O15kKJHswW3,Good Life Care Clinic HC II,Kampala District,Kampala City Council,HC II,0.323261,32.643763,498501,1803044
PnloN9zfelH,Good Hope Medical Clinic HC II,Kampala District,Kampala City Council,HC II,0.313555,32.65116,411485,1596576
i7Fuc4Klcyo,Golden Eye Surgery and Optical Services HC II,Kampala District,Kampala City Council,HC II,0.327333,32.606088,679269,2507778
Cs2r6Cs1uj1,Gods Mercy Medical Centre HC II,Kampala District,Kampala City Council,HC II,0.338195,32.538544,811280,2318774
IYFbH2yRAzc,Gods Mercy Clinic (Kyanja) HC II,Kampala District,Kampala City Council,HC II,0.372014,32.613702,653143,2100338
jZZaAHvMUdv,Glory Medicine Centre HC II,Kampala District,Kampala City Council,HC II,0.334947,32.640034,543469,1901211
tGCtaiozbVm,Genesis Medical Centre (Mbuya) HC II,Kampala District,Kampala City Council,HC II,0.326107,32.637208,544891,1953752
cbQ39LEDKca,Blessed Medical Center,Kampala District,Kampala City Council,HC II,1.777913,33.046626,16149,58911
eYfYllZTnY0,Gemini Medical Center HC II,Kampala District,Kampala City Council,HC II,0.39527,32.593652,572568,1908908
gaMRDIG6845,Intestinal Liver Disease TX & Research HC II,Kampala District,Kampala City Council,HC II,0.343462,32.59263,755839,2586748
Z3eyqoVkNNt,Gabex Medical Center HC II,Kampala District,Kampala City Council,HC II,0.357813,32.61112,680122,2286632
C3bsz0847dX,Focus Medical Center HC II,Kampala District,Kampala City Council,HC II,0.357039,32.612377,674269,2275682
sQ0w6NDpCOo,Fiona Clinic (Nakawa) HC II,Kampala District,Kampala City Council,HC II,0.352428,32.613342,668538,2302721
IOLYkt4sIA8,Farsham Medical Centre HC II,Kampala District,Kampala City Council,HC II,0.366474,32.62274,627924,2037421
X0giNVjxX76,Family Hope Centre Kampala Special Clinic,Kampala District,Kampala City Council,Clinic,0.346025,32.612154,671730,2370663
Of2X0YyaPVa,Family Doctors Medicare Clinic HC II,Kampala District,Kampala City Council,HC II,0.30631,32.654927,354477,1468927
rF9AkTpGNzv,Everest Medical Clinic HC II,Kampala District,Kampala City Council,HC II,0.33386,32.627371,598984,2169451
fqOcfTcjaf7,Emin Pasha HC II,Kampala District,Kampala City Council,HC II,0.334455,32.632402,578899,2066479
VVH02Jd6M7Q,Emergency Medical Clinic HC II,Kampala District,Kampala City Council,HC II,0.316681,32.636054,524758,1924110
ki7OTkwbiYr,Elcom Health Clinic HC II,Kampala District,Kampala City Council,HC II,0.323912,32.649843,455916,1681431
pWldExa8Ojf,Ebenezer Gifted Hands Dental Clinic HC II,Kampala District,Kampala City Council,HC II,0.355667,32.614313,665478,2259638
ytoEiEpwMps,E Motion Clinic HC II,Kampala District,Kampala City Council,HC II,0.351913,32.605541,701175,2414364
Ruty1Q8hvHB,Doctors' Clinic (Bukoto I) HC II,Kampala District,Kampala City Council,HC II,0.351333,32.603214,711268,2446317
V5qahSuK9sC,Doctor's Medical Care Centre HC II,Kampala District,Kampala City Council,HC II,0.34316,32.635833,573129,1967402
Ejmi04UR8XX,Doctors' Clinic (Luzira) HC II,Kampala District,Kampala City Council,HC II,0.302486,32.645878,419536,1608092
POMhOacUaSn,Devine Medical Clinic (Banda) HC II,Kampala District,Kampala City Council,HC II,0.345485,32.636163,573818,1949025
yQFmhfsTcwd,Devine Dental Clinic HC II,Kampala District,Kampala City Council,HC II,0.356331,32.615747,660160,2232132
gqZsr7WYwOl,Desire Medical Services HC II,Kampala District,Kampala City Council,HC II,0.352056,32.595994,746153,2500523
mZjfM23nDEU,Debby Medical Clinic HC II,Kampala District,Kampala City Council,HC II,0.370337,32.622687,619294,1998915
vghfEcZPew0,Davis Medical Clinic HC II,Kampala District,Kampala City Council,HC II,0.345268,32.636138,573715,1950642
fsjtVOC0Bu3,St. Mark Medical Centre HC II,Kampala District,Kampala City Council,HC II,0.343202,32.571643,854916,2573966
tPcDmrLZ4kS,Dancan Clinic HC II,Kampala District,Kampala City Council,HC II,0.333184,32.624328,611098,2225934
odKv8puCQNr,Csl Medical Centre HC II,Kampala District,Kampala City Council,HC II,0.339036,32.638078,557628,1935549
nqQTQICpQCP,"Consult Clinic, Kisaasi HC II",Kampala District,Kampala City Council,HC II,0.376484,32.600036,686124,2156650
pX3MU1qFGrp,Consult Clinic and Laboratory Sevrvice HC II,Kampala District,Kampala City Council,HC II,0.376484,32.600036,686124,2156650
lsA88l8yE3k,City Pal Medicare HC II,Kampala District,Kampala City Council,HC II,0.356433,32.615675,660506,2232277
wC1cuDl6yZ9,Christ Medical Centre HC II,Kampala District,Kampala City Council,HC II,0.333602,32.63482,568056,2015729
h40pKp93Mtc,Naguru Regional Referral Hospital,Kampala District,Kampala City Council,NRH,0.32895,32.606776,677540,2501491
JaBfezRI6xm,Childrens Medical Centre HC II,Kampala District,Kampala City Council,HC II,0.318815,32.618608,603081,2293561
LuEKO4AaQZZ,Chandaria Medical Clinic,Kampala District,Kampala City Council,Clinic,0.313942,32.614898,615743,2311824
We4ITXuPL9J,Centenary Medical HC II,Kampala District,Kampala City Council,HC II,0.356305,32.613249,670172,2269652
b0doUgekDci,Capital Medical Consvultants HC II,Kampala District,Kampala City Council,HC II,0.307887,32.640704,472793,1757602
C3IoQc9xjr8,Canaan Clinic HC II,Kampala District,Kampala City Council,HC II,0.310881,32.637268,502702,1852470
FFK8hmyIZ1N,Cambridge Medical Centre HC II,Kampala District,Kampala City Council,HC II,0.327613,32.605447,682579,2515691
KssVUerFkyV,Butabika National Referral Hospital,Kampala District,Kampala City Council,NRH,0.314992,32.658506,361458,1470325
Pkhf74n8D4G,Bulamu Medical Centre HC II,Kampala District,Kampala City Council,HC II,0.331183,32.624781,605962,2218773
AkWUNw6UiPd,Bukoto Health Center HC II,Kampala District,Kampala City Council,HC II,0.356158,32.602872,715641,2401272
dYj7fcY7A8G,Bugolobi Medical Center HC IV,Kampala District,Kampala City Council,HC IV,0.31943,32.622682,587312,2220832
bnKRmW2sm3g,Bugolobi Medical Centre HC II,Kampala District,Kampala City Council,HC II,0.31558,32.620335,589105,2237034
GIBdXqBaa89,Bethany Womens and Family HC III,Kampala District,Kampala City Council,HC III,0.300929,32.650458,375379,1505010
BiHrgxghFvx,Zion Medical Centre HC II,Kampala District,Kampala City Council,HC II,0.391308,32.603385,581767,1924596
IE9Ncxz058U,Bethany Childrens Clinic HC II,Kampala District,Kampala City Council,HC II,0.307509,32.641058,469351,1747389
cendOiT2Rrp,Venus Medical Centre HC II,Kampala District,Kampala City Council,HC II,0.37631,32.550342,805256,2027622
QUd8daomu0P,Benedict HC IV,Kampala District,Kampala City Council,HC IV,0.30274,32.64301,443341,1667519
dNKE6O9h1wU,Bendo Clinic HC II,Kampala District,Kampala City Council,HC II,0.345932,32.636373,573339,1942432
fsMPAyWAqAB,Banda Life Care Clinic HC II,Kampala District,Kampala City Council,HC II,0.347575,32.63744,570378,1912121
dWiH5rblNL5,Banda Community Health Centre HC II,Kampala District,Kampala City Council,HC II,0.34454,32.63576,574711,1962106
aBv04zld8qG,Apostle Domiciliary Clinic HC II,Kampala District,Kampala City Council,HC II,0.368395,32.6052,697435,2234074
yHtVUYxySl7,Alpha Medical Clinic (Ntinda) HC II,Kampala District,Kampala City Council,HC II,0.306148,32.654433,358131,1476637
yTiFUUFQEfd,Anex Medical Centre HC II,Kampala District,Kampala City Council,HC II,0.369968,32.621385,625573,2021538
WHjmJmVfdmd,Alpha Medical Centre (Banda) HC II,Kampala District,Kampala City Council,HC II,0.346372,32.636444,573485,1938717
rVqSSRK4j18,Eden Medical Centre,Kampala District,Kampala City Council,Clinic,-0.045561,30.757742,13835,41175
iPA7sBTJv15,Holistic Medicare Clinic,Kampala District,Kampala City Council,Clinic,-0.496988,30.908561,8724,21696
rZUQEvxthk4,Universal Health Care Clinic,Kampala District,Kampala City Council,HC II,-0.875723,30.265735,29346,94323
cUNKzzineZC,Trust Medical Centre Clinic,Kampala District,Kampala City Council,Clinic,0.612086,33.470805,142883,268883
QfL0LY9NZa1,ABC Clinic HC II,Kampala District,Kampala City Council,HC II,0.373569,32.586249,762969,2245510
KUFnXlL4bk3,Abii Clinic HC IV,Kampala District,Kampala City Council,HC IV,0.331373,32.573863,824091,2644492
U7EsMSb275z,Above All Medical Centre HC II,Kampala District,Kampala City Council,HC II,0.333608,32.562414,842452,2566386
IQS9JC6tLqf,Aestram Medical Centre HC II,Kampala District,Kampala City Council,HC II,0.341274,32.574434,844358,2599377
TAljihCTOJH,Akugoba Health Centre III (Kakungulu),Kampala District,Kampala City Council,HC II,0.367775,32.569881,850605,2294723
pGUsTQX3LCX,Allied Consultancy Clinic HC II,Kampala District,Kampala City Council,HC II,0.345676,32.576579,845091,2572320
qCkWWhfjaBP,Alpha and Omega Clinic HC II,Kampala District,Kampala City Council,HC II,0.358707,32.56998,875127,2414007
K4sOgLE3pEO,Apac Medical Centre (Mulago III) HC II,Kampala District,Kampala City Council,HC II,0.343197,32.582529,813778,2601776
E9CuXU6m6S6,Ashock Health Care HC II,Kampala District,Kampala City Council,HC II,0.341234,32.574601,843836,2600234
n9tuAFFnx4Q,Astro Dental Services HC II,Kampala District,Kampala City Council,HC II,0.342528,32.575052,845218,2592208
kvUDYZNXioX,B.J Medical Clinic. HC II,Kampala District,Kampala City Council,HC II,0.352111,32.558127,887026,2407242
du3IUZdJCTM,Bajja-Basaaga Clinic HC II,Kampala District,Kampala City Council,HC II,0.381581,32.556967,784321,2014620
bud65y0LoNd,Bambi Medical Consultants HC II,Kampala District,Kampala City Council,HC II,0.340688,32.57213,848828,2594654
fOHmWlIo77V,Beca's  Clinic HC II,Kampala District,Kampala City Council,HC II,0.360048,32.557774,892954,2314774
NQoWOqx4uqu,Bethel Medical Consult Clinic HC II,Kampala District,Kampala City Council,HC II,0.370045,32.576522,814898,2289626
TgunXTmA04M,Braakline Clinic HC II,Kampala District,Kampala City Council,HC II,0.376749,32.576815,774744,2186156
sP07uteAqDh,Bulamu Bwebugaga Medical Clinic HC II,Kampala District,Kampala City Council,HC II,0.381956,32.576814,735730,2102533
trcWcmIJAiP,Bwaise Health Centre HC II,Kampala District,Kampala City Council,HC II,0.353636,32.56048,889065,2409281
d6hRGy9iLd8,Center Clinic HC II,Kampala District,Kampala City Council,HC II,0.341345,32.574756,843640,2599986
p1UKAe8a5WU,Child and Family Medical Clinic HC II,Kampala District,Kampala City Council,HC II,0.38267,32.566077,766773,2055400
uvkvtGeKJWS,Clement Med Care Clinic HC II,Kampala District,Kampala City Council,HC II,0.36987,32.569116,843160,2261529
Zp0fKJoDO9F,Cortex Medical Clinic HC II,Kampala District,Kampala City Council,HC II,0.334262,32.574218,828732,2635410
DzcGU8dIOUi,Crescent Hills Health Service HC II,Kampala District,Kampala City Council,HC II,0.361062,32.557715,891735,2301684
zLYqmjF0Wmv,Crown Care Clinic HC II,Kampala District,Kampala City Council,HC II,0.39156,32.586842,627176,1968124
Eymu0FjCd83,Cure Medical Centre - Bwaise HC II,Kampala District,Kampala City Council,HC II,0.354551,32.568463,876929,2451722
QBXxGduvosg,Ddembe Medical Centre (Kawempe) HC II,Kampala District,Kampala City Council,HC II,0.352641,32.55968,887712,2413796
RK4SqrtlQIs,Desire Clinic HC II,Kampala District,Kampala City Council,HC II,0.375729,32.576313,783606,2200898
tqKvua1F3MU,Devine Clinic HC II,Kampala District,Kampala City Council,HC II,0.351825,32.557954,886527,2408764
IK6pIP55yrb,Doctor's  Clinic Bwaise HC II,Kampala District,Kampala City Council,HC II,0.352858,32.562099,886588,2429045
aaeTRZSYyGo,Doctor's  General Clinic HC II,Kampala District,Kampala City Council,HC II,0.36068,32.562535,890266,2344344
NZ0kMbKSU8g,Dr.Lubega Clinic HC II,Kampala District,Kampala City Council,HC II,0.350665,32.562926,882217,2457501
jb3bn4240OG,Drabeth Domiciary Clinic HC II,Kampala District,Kampala City Council,HC II,0.382452,32.576834,731764,2094397
gr6efzFC8YT,Emmitex Clinic HC II,Kampala District,Kampala City Council,HC II,0.357952,32.57355,863422,2441086
qEwThDipYUt,Ephrahim Clinic HC II,Kampala District,Kampala City Council,HC II,0.351202,32.58478,810476,2539957
mDG2r4klFqZ,Family Health Clinic (Bwaise II) HC II,Kampala District,Kampala City Council,HC II,0.35326,32.562738,886542,2429266
WZyfutAbi11,Family Hope Medical Centre (Bwaise III) HC II,Kampala District,Kampala City Council,HC II,0.352658,32.560421,887453,2419120
a4iNJz4Oanu,Friendly Care Clinic HC II,Kampala District,Kampala City Council,HC II,0.342309,32.571555,853487,2580540
F2HYRVjk9gG,Gasto Medical Center HC II,Kampala District,Kampala City Council,HC II,0.35272,32.561236,887047,2424369
MN98FTO0Wme,Gayaza Road Mefical Centre HC II,Kampala District,Kampala City Council,HC II,0.34296,32.571311,855246,2574451
YmagZelm2ti,God Bless Cares Clinic HC II,Kampala District,Kampala City Council,HC II,0.382254,32.560402,780966,2029090
mZmWTNhWFSC,God Healing General Clinic HC II,Kampala District,Kampala City Council,HC II,0.342617,32.560712,864492,2509563
Nq86LNSYxNv,God's  Grace Medical Clinic (Kawempe I) HC II,Kampala District,Kampala City Council,HC II,0.355546,32.574498,858632,2471456
oQtbnhBf0dB,Good Samartan Dental Clinic HC II,Kampala District,Kampala City Council,HC II,0.341346,32.576333,839085,2605025
YRpWaLWC2j5,Hallelujah Medical Clinic HC II,Kampala District,Kampala City Council,HC II,0.348551,32.560693,878247,2461538
Er2Abioimuo,Ham Medical Clinic (Kawempe I) HC II,Kampala District,Kampala City Council,HC II,0.371396,32.568882,835828,2238742
cdxaRORGk5U,Heam Medical Care HC II,Kampala District,Kampala City Council,HC II,0.351295,32.571241,866288,2500199
IjKe8l2T9Au,Hopefor Life Health Centre HC II,Kampala District,Kampala City Council,HC II,0.397697,32.581628,577763,1882691
WY5FPcNBFLq,Horizon Medicsl Charmber HC II,Kampala District,Kampala City Council,HC II,0.3678,32.566073,862593,2272948
RxTOacMFJV9,Imm Clinic HC II,Kampala District,Kampala City Council,HC II,0.350567,32.570411,867907,2503514
lkSNS9gARfW,J B Medical Clinic HC II,Kampala District,Kampala City Council,HC II,0.353876,32.558948,889868,2395187
pCtAcnwh1vG,Jicca Clinic and Laboratory HC II,Kampala District,Kampala City Council,HC II,0.331032,32.574584,821708,2648423
d0wgdM8ZpZK,John Paul Dental Clinic HC II,Kampala District,Kampala City Council,HC II,0.376738,32.557204,818898,2085024
Qi7WSCHz5Pd,Jorum Medical Centre HC II,Kampala District,Kampala City Council,HC II,0.379528,32.557632,799629,2048695
kgGwpUHkb9n,Jovi Medical Centre HC II,Kampala District,Kampala City Council,HC II,0.335635,32.563642,847099,2568072
nKNR77wZGmC,KK Mubeezi Dental Clinic HC II,Kampala District,Kampala City Council,HC II,0.347201,32.571013,861581,2537728
dy0ugC48CHH,Kam Medical Consult Clinic HC II,Kampala District,Kampala City Council,HC II,0.373572,32.576377,797021,2234988
xCnVq104QQO,Kam Medical Diagnotic Centre HC II,Kampala District,Kampala City Council,HC II,0.342262,32.571159,854251,2579180
Nn5FlsBkPkQ,Kamcare Clinic HC II,Kampala District,Kampala City Council,HC II,0.352569,32.560096,887443,2417650
xviaeTbVFTq,Kamic Medical Centre HC II,Kampala District,Kampala City Council,HC II,0.362631,32.561417,888351,2312245
tvvgSv0Or3n,Kampala Dental Sevices HC II,Kampala District,Kampala City Council,HC II,0.352703,32.561394,886901,2425678
dFVCs1nqN9e,Kampala Emmergiency Clinic HC II,Kampala District,Kampala City Council,HC II,0.36196,32.560991,890087,2317485
q898SsUiMnw,Kana Medical Centre HC II,Kampala District,Kampala City Council,HC II,0.35842,32.569251,877328,2413344
y7dPZ228JMz,Kawempe Domicilliary Clinic HC II,Kampala District,Kampala City Council,HC II,0.364687,32.560604,884195,2279775
QgAL2KJE7g4,Kawempe Home Care Clinic HC III,Kampala District,Kampala City Council,HC III,0.364138,32.5777,834017,2378996
CAmmzQ05KMV,Kawempe Mbogo Health Centre HC III,Kampala District,Kampala City Council,HC III,0.36399,32.565558,876352,2321244
BrtC10sqp45,Kawempe National Referral Hospital,Kampala District,Kampala City Council,NRH,0.362239,32.561386,889165,2316939
FW5ZLxwCFDx,Kezah Medical Centre HC II,Kampala District,Kampala City Council,HC II,0.379548,32.560396,800168,2068841
U49ngvYZPae,Kiganda Maternity Clinic HC II,Kampala District,Kampala City Council,HC II,0.383202,32.5595,773948,2009387
V3hPwIbHatb,Kirabo Medical Centre HC II,Kampala District,Kampala City Council,HC II,0.347396,32.573774,854458,2547775
lkIGQoB6eb6,Kisaasi COU HC III,Kampala District,Kampala City Council,HC III,0.370333,32.598093,721824,2257090
W1oqGw51eR3,Kisakye Clinic (Bwaise III) HC II,Kampala District,Kampala City Council,HC II,0.352556,32.560258,887351,2418982
wqsIFyvLng4,Kitante Medical Centre HC IV,Kampala District,Kampala City Council,HC IV,0.344102,32.581601,820647,2594299
TT8I4Fy4d5r,Komamboga HC III,Kampala District,Kampala City Council,HC III,0.390342,32.584677,644214,1984478
WDbxuHRdYY4,Kyadondo Medical Centre HC IV,Kampala District,Kampala City Council,HC IV,0.374673,32.563056,832614,2158034
sfIELwbR36m,Lab Care Plus Limited HC II,Kampala District,Kampala City Council,HC II,0.379426,32.557091,800027,2045977
vADDVPkl23t,Lase Medical Centre HC II,Kampala District,Kampala City Council,HC II,0.341841,32.57082,854071,2580839
doDJxqHUdxG,Life Consult & Diagnostic Mulago HC II,Kampala District,Kampala City Council,HC II,0.341181,32.57443,844186,2600012
kggrthitjzr,Life Saver Medical Centre HC II,Kampala District,Kampala City Council,HC II,0.350203,32.570588,866981,2507972
T7p8JwcmMpZ,Lifecare Health Services HC II,Kampala District,Kampala City Council,HC II,0.347596,32.573564,855197,2545198
NllmelQN6xS,Lwazi Clinic HC II,Kampala District,Kampala City Council,HC II,0.382807,32.56033,776961,2020529
aIx2ixiczDC,M M Clinic (Kanyanya) HC II,Kampala District,Kampala City Council,HC II,0.375997,32.577203,778684,2198832
hPlDZW8Pglf,Man Clinic HC II,Kampala District,Kampala City Council,HC II,0.346098,32.573788,853288,2558850
GmWyF2zV71i,Maria Asumputa Domicilliary Clinic HC II,Kampala District,Kampala City Council,HC II,0.343936,32.584224,805180,2597710
Lcrj0xGjkLA,Mariam Domiciliary Clinic HC II,Kampala District,Kampala City Council,Clinic,0.353332,32.561026,888240,2416454
ry1tQtnWGd0,Mariam Med & Lab HC II,Kampala District,Kampala City Council,HC II,0.351018,32.56258,883114,2451464
a2f5Tp30jB1,Mariam Medical Clinic (Kawempe I) HC II,Kampala District,Kampala City Council,HC II,0.372841,32.568423,828997,2215674
k1M0fgnxHgR,Marie Stopes Uganda Kawempe HC III,Kampala District,Kampala City Council,HC III,0.345656,32.567985,866043,2536370
PMqLhM5XJAd,Mb Dental Clinic HC II,Kampala District,Kampala City Council,HC II,0.351998,32.562791,884581,2442779
KIBO7wHAQCS,Medik HC IV,Kampala District,Kampala City Council,HC IV,0.364795,32.561224,883446,2282967
bnoP3pupiMQ,Mercy Medical Center HC II,Kampala District,Kampala City Council,HC II,0.379708,32.55725,798114,2043209
z1KpQlAu9d8,Mirembe Clinic (Makerere I) HC II,Kampala District,Kampala City Council,HC II,0.345632,32.570988,859749,2551162
uJ1REOEo7FP,Mirembe Clinic and Maternity Unit HC II,Kampala District,Kampala City Council,HC II,0.362469,32.561008,889078,2311258
MBib7IVy8UO,Mukisa Orthopedic Clinic HC II,Kampala District,Kampala City Council,HC II,0.348085,32.56787,870296,2514142
HxqOxMS6zbj,Mulago Medical Centre HC II,Kampala District,Kampala City Council,HC II,0.344007,32.573835,850813,2576159
t0OTo3lAogT,Multi Care Clinic (Mpererwe) HC II,Kampala District,Kampala City Council,HC II,0.387179,32.575841,691584,2018399
ZLGSXWMvalJ,Muwereza Medical Service HC II,Kampala District,Kampala City Council,HC II,0.37992,32.573559,761613,2127800
GA8EKE4yWQ2,New Life Care Clinic HC II,Kampala District,Kampala City Council,HC II,0.341669,32.575529,842160,2600250
xQLOJzHvVzo,New Life Clinic (Kyebando) HC II,Kampala District,Kampala City Council,HC II,0.357973,32.573642,863051,2441289
a44ThMBCFdi,Njeru Clinic (Kawempe) HC II,Kampala District,Kampala City Council,HC II,0.357355,32.57369,862830,2448378
kQQt1VMIlA9,Nrsl Health Care HC II,Kampala District,Kampala City Council,HC II,0.341688,32.574983,843717,2598312
S6ECXvqeeuh,Nuwa Clinic and Diagnostic Centre HC II,Kampala District,Kampala City Council,HC II,0.344918,32.57652,844417,2578214
GK8lCVVinaE,Nyamayalwo Medical Centre HC III,Kampala District,Kampala City Council,HC III,0.35574,32.567306,880851,2432195
WvPym3E9aEj,Nyange Medical Clinic HC II,Kampala District,Kampala City Council,HC II,0.344709,32.560954,868760,2495859
YPlHbPjX1cT,P & K Ortho Clinic HC II,Kampala District,Kampala City Council,HC II,0.35236,32.55502,886479,2378336
DgPzXBMbUoA,Pan Health Clinic HC II,Kampala District,Kampala City Council,HC II,0.367727,32.578058,819042,2329146
PTHbCMX5e19,Parental Care Clinic HC II,Kampala District,Kampala City Council,HC II,0.342143,32.573909,847526,2591156
zDpodpKz9R8,Patience Health Care HC II,Kampala District,Kampala City Council,HC II,0.342769,32.575562,844222,2592029
Pd6q0Mtx9Lu,Peak Medical Centre HC II,Kampala District,Kampala City Council,HC II,0.347591,32.570808,862640,2533368
aDXI1it3psp,Philomena Health Centre HC III,Kampala District,Kampala City Council,HC III,0.334997,32.562748,845960,2563624
Blo1aN62cyE,Pillars Medical Centre HC II,Kampala District,Kampala City Council,HC II,0.352367,32.560744,886760,2424492
UvCRwIxtDoV,Praise Medical Centre HC II,Kampala District,Kampala City Council,HC II,0.368589,32.596858,732517,2290164
Av2X7WUzWPB,Priase Dental Care Clinic HC II,Kampala District,Kampala City Council,HC II,0.348192,32.5703,864883,2525665
r7LVAKKnP2x,Prime Medical Clinic (Makerere II) HC II,Kampala District,Kampala City Council,HC II,0.343012,32.562696,865084,2522537
BsJRQaNAjzN,Prosper Family Clinic HC II,Kampala District,Kampala City Council,HC II,0.382085,32.568482,762824,2076154
tekQ834oB6I,Pulse Medical Clinic HC II,Kampala District,Kampala City Council,HC II,0.345223,32.577099,842854,2577615
IMbLFYdXZAK,Quraish Medical Center HC II,Kampala District,Kampala City Council,HC II,0.381338,32.557113,786196,2019118
nqIkaVtHhb7,Reproductive Health Uganda (Bwaise) HC II,Kampala District,Kampala City Council,HC II,0.357462,32.558998,894326,2355869
p4DYh3x1rnz,Reproductive Health Uganda (Ketego) HC II,Kampala District,Kampala City Council,HC II,0.337548,32.582225,805691,2635710
deVkIYKOqbI,Rita Health Care Services Clinic HC II,Kampala District,Kampala City Council,HC II,0.331177,32.574693,821652,2648375
AKFDKJ5sKSW,Royal Health Care HC II,Kampala District,Kampala City Council,HC II,0.370643,32.559596,858637,2190252
If1JT0R9dJi,S.M.K Medical Clinic HC II,Kampala District,Kampala City Council,HC II,0.341348,32.574838,843425,2600243
IqShqwgt8mf,San Medical Crntre HC II,Kampala District,Kampala City Council,HC II,0.374977,32.590521,736611,2216332
tm7hFrHSMht,SAREC Medical Care HC II,Kampala District,Kampala City Council,HC II,0.339593,32.584356,797597,2625409
OHfsmamWtv2,Sedy Medical Clinic HC II,Kampala District,Kampala City Council,HC II,0.372947,32.568188,829099,2212943
OMcMEaU6oYK,Shalom Doctors Clinic HC II,Kampala District,Kampala City Council,HC II,0.340702,32.572114,848897,2594494
ibHaXamdghY,Shiloh Medical Centre HC II,Kampala District,Kampala City Council,HC II,0.382605,32.576482,731458,2091095
OoT1V5hqWo1,Singa Badda Dorm Clinic HC II,Kampala District,Kampala City Council,HC II,0.377047,32.579531,763711,2186117
yodkMMtT3q1,Sokana Dental Clinic HC II,Kampala District,Kampala City Council,HC II,0.330926,32.574429,821946,2648162
plvakokILP9,Span Medicare HC IV,Kampala District,Kampala City Council,HC IV,0.369337,32.601164,712657,2252761
VnVUipl6JxR,St. Agness Clinic HC II,Kampala District,Kampala City Council,HC II,0.386659,32.578302,691186,2031254
J3GyxLjtz5K,St. Jic Bunawona Clinic HC II,Kampala District,Kampala City Council,HC II,0.348479,32.569918,866335,2521236
DlnDFHxW9BQ,St. Jordan Medical Services HC II,Kampala District,Kampala City Council,HC II,0.399362,32.581072,561999,1859744
NK1xkePJ7Ke,St. Joseph Clinic HC II,Kampala District,Kampala City Council,HC II,0.309709,32.572933,812149,2598484
haaDZFj568B,St. Joseph General Clinic (Kawempe) HC II,Kampala District,Kampala City Council,HC II,0.347564,32.572165,858953,2539595
aHGnRDumOKc,St. Joseph Medical Clinic (Wandegeya) HC II,Kampala District,Kampala City Council,HC II,0.331946,32.572643,827899,2637496
mq1g6FeW8U0,St. Joseph Medical and Diagnostic Unit HC II,Kampala District,Kampala City Council,HC II,0.37639,32.567454,808544,2158704
qGotdqbDSX9,St. Jude Kisaasi HC II,Kampala District,Kampala City Council,HC II,0.368349,32.600404,718549,2272014
a5o7SXKEdum,St. Jude Domicilliary HC II,Kampala District,Kampala City Council,HC II,0.357547,32.572449,867719,2440220
UaeXqnkVFAp,St. Kizito Bwayiise Clinic HC II,Kampala District,Kampala City Council,HC II,0.356427,32.564017,888388,2404078
E4n1DaDjZEV,St. Nicholas Community General Clinic HC II,Kampala District,Kampala City Council,HC II,0.349203,32.568544,870858,2507293
OgCxJPeMYVN,St. Roselyn Care Clinic HC II,Kampala District,Kampala City Council,HC II,0.380138,32.587397,719066,2136897
tgP8YaQIqRU,St. Stephen's  Clinic - Kanyanya,Kampala District,Kampala City Council,HC II,0.369498,32.576582,817285,2298064
qGVARGVRtsr,St. Stephen's  Mpererwe Hospital,Kampala District,Kampala City Council,General Hospital,0.399022,32.574876,573488,1856194
MphOoDzwhFB,St. Stephens Clinic HC II,Kampala District,Kampala City Council,HC II,0.341656,32.550567,858810,2425214
CfMXSp5ZflU,Standard Medical Services HC II,Kampala District,Kampala City Council,HC II,0.355431,32.573842,861012,2469669
U4Eo8tv4jOM,Sternest Medical Care HC II,Kampala District,Kampala City Council,HC II,0.35105,32.570179,869073,2497486
wTifxZNgsiX,Sun Clinic HC II,Kampala District,Kampala City Council,HC II,0.358938,32.562087,892875,2362380
X8O67LhFw8Q,Suubi Health Services HC II,Kampala District,Kampala City Council,HC II,0.347875,32.569885,865459,2526599
vzIPsloRguW,TASO Kanyanya Special Clinic,Kampala District,Kampala City Council,Clinic,0.384021,32.583209,704617,2075949
QHyLvO7sL6p,TASO Mulago Special Clinic,Kampala District,Kampala City Council,Clinic,0.34298,32.57737,838740,2595946
PszcWnpkfa8,The Good Samaritan Clinic HC II,Kampala District,Kampala City Council,HC II,0.389953,32.575755,664936,1978225
TBHDGmI9l1n,Trust in God Clinic HC II,Kampala District,Kampala City Council,HC II,0.375399,32.55616,826949,2094914
Wwj8be6FRkT,Ttula Clinic HC II,Kampala District,Kampala City Council,HC II,0.38209,32.564826,775405,2057753
eLc8l5Q4ff7,Tumwebaze Clinic HC II,Kampala District,Kampala City Council,HC II,0.347548,32.566936,870855,2513638
RDL6kCr8zgj,Upper Muwereza Medical Clinic HC II,Kampala District,Kampala City Council,HC II,0.374416,32.563011,834375,2161448
rVjdzfsi9d5,Vienna Medical Centre HC II,Kampala District,Kampala City Council,HC II,0.38596,32.563585,745843,1992416
Sz5UR0wjCcn,Wandegeya Medical Chambers HC III,Kampala District,Kampala City Council,HC III,0.33464699999999997,32.572792,832913,2628192
pLkoHnX3Ukn,AAR Kabalagala Clinic HC II,Kampala District,Kampala City Council,HC II,0.298879,32.597213000000004,715237,2352980
DhNRFgDOTR6,Access Clinic HC II,Kampala District,Kampala City Council,HC II,0.26112,32.625656,433701,1428121
QK5ZCQuizO6,Adcare Medical Centre HC II,Kampala District,Kampala City Council,HC II,0.299606,32.606203,668362,2261920
PHhcBpjIWvL,Alive Medical Services Special Clinic,Kampala District,Kampala City Council,Clinic,0.309871,32.610181,643229,2335665
BESDJaRcNYw,All Saints Clinic - Makindye,Kampala District,Kampala City Council,HC II,0.280222,32.597569,709387,2032231
YSNmhYkEioY,All Saints Medical. Center HC II,Kampala District,Kampala City Council,HC II,0.274899,32.586905,758362,1993412
PPpjhuUetye,Allied Health Clinic HC II,Kampala District,Kampala City Council,HC II,0.281797,32.593782,731901,2086049
Jv1HdMLwMjo,Alpha Medical Centre (Makindye II) HC II,Kampala District,Kampala City Council,HC II,0.283951,32.575523,783555,2206020
w8dxTtFjxMb,Alpha Medical Clinic - Bbunga HC II,Kampala District,Kampala City Council,HC II,0.276305,32.614535,601742,1807022
UZJTw6iZkVI,Alpha Medical Clinic (Luwafu) HC II,Kampala District,Kampala City Council,HC II,0.268666,32.588575,737468,1876574
GVqMA2ZXJHw,Anne's   Domicilliary and Maternity HC II,Kampala District,Kampala City Council,HC II,0.289297,32.586366,764194,2269557
zFh5V1XEvx5,Ark Medical Clinic HC II,Kampala District,Kampala City Council,HC II,0.292526,32.577921,790202,2350830
H3SYDZGrE9T,Azura Medicare HC II,Kampala District,Kampala City Council,HC II,0.270717,32.591923,732230,1895923
G9kNJZZErMo,Back Pain HC II,Kampala District,Kampala City Council,HC II,0.300111,32.593879,731027,2404482
dE5JvSArajV,Baylor Medical Centre HC II,Kampala District,Kampala City Council,HC II,0.257622,32.604066,587504,1582881
wjlHoqfOKcI,Beersheba Clinic HC II,Kampala District,Kampala City Council,HC II,0.292583,32.60562,672127,2165110
PuW9DzXjErd,Beijing Clinic HC II,Kampala District,Kampala City Council,HC II,0.302128,32.609087,651992,2259447
qaASxmxnCUG,Biorex Medical Services HC II,Kampala District,Kampala City Council,HC II,0.288427,32.627327,543118,1814238
T3VjZZLCGuQ,Broad Medi Clinic HC II,Kampala District,Kampala City Council,HC II,0.292662,32.57675,792095,2355777
x8BACC6rZLq,Bulamu Treatment Centre HC II,Kampala District,Kampala City Council,HC II,0.26588,32.594959,700117,1792720
aeABk58kBXG,Bunga Maternity Clinic HC II,Kampala District,Kampala City Council,HC II,0.266181,32.626598,455156,1491577
w4KEBqu6ZmB,Busingye Muhereza Clinic HC II,Kampala District,Kampala City Council,HC II,0.295063,32.585633,767068,2374395
a0QW5pnaP7V,Care For the Sick Health Center HC II,Kampala District,Kampala City Council,HC II,0.313368,32.605825,668512,2430629
qvkHawOhdup,Care Medic HC II,Kampala District,Kampala City Council,HC II,0.275653,32.585856,762189,2012432
kzcFT7o4I3R,Care Medical Clinic HC II,Kampala District,Kampala City Council,HC II,0.311447,32.603034,683274,2445137
bIiWowwdX1N,Care Plus Clinic HC II,Kampala District,Kampala City Council,HC II,0.271722,32.618174,552942,1685606
qu62oB42ASi,Chapman Doctor's  Clinic HC II,Kampala District,Kampala City Council,HC II,0.255826,32.630994,364496,1293761
eJyi0KplMKc,Choice Medical Clinic HC II,Kampala District,Kampala City Council,HC II,0.310513,32.602259,687527,2444663
VtB2GXQ4ysb,Citizen Medical Clinic (Luwafu) HC II,Kampala District,Kampala City Council,HC II,0.268187,32.593561,717313,1842688
nqv3cH6qYYg,Clockwise Clinic HC II,Kampala District,Kampala City Council,HC II,0.294188,32.581846,781100,2370122
sz27piy5nIN,"Community Clinic and Lab, Wabigalo HC II",Kampala District,Kampala City Council,HC II,0.310566,32.604084,677085,2423049
C0cKSenXhgf,Cure Centre Clinic - Makindye,Kampala District,Kampala City Council,HC II,0.285146,32.575671,785312,2226694
HJen9I0EjUe,Dana Medical Clinic HC II,Kampala District,Kampala City Council,HC II,0.300214,32.577691,797028,2478021
RzSzdf92HxI,Devine Medical Center HC II,Kampala District,Kampala City Council,HC II,0.290739,32.598638,705492,2209346
PAqRmWuL619,Diana Medical Center Nsambya Kevina HC II,Kampala District,Kampala City Council,HC II,0.300914,32.581927,783720,2479698
YFOyh05Z6a9,Dino Dental Care HC II,Kampala District,Kampala City Council,HC II,0.300146,32.575803,801782,2480267
Qvfoevzoi3N,Doctor's Diagnostic Clinic HC II,Kampala District,Kampala City Council,HC II,0.271499,32.6096,615297,1777059
tu2fs4o46bb,Dream Dental Clinic HC II,Kampala District,Kampala City Council,HC II,0.2889,32.572894,789122,2299141
UiIWH5UA7vu,Elgon Family Clinic HC II,Kampala District,Kampala City Council,HC II,0.307026,32.607053,661005,2345191
QgtrJG7qLJn,Elim Medical Centre HC II,Kampala District,Kampala City Council,HC II,0.284671,32.60847,654567,2014279
uWKLW5M4HdU,Elizabeth General Practice HC II,Kampala District,Kampala City Council,HC II,0.249096,32.610911,478806,1395269
sF8uyZ041Qj,Elizabeth MC and Psychologhy Foundation HC II,Kampala District,Kampala City Council,HC II,0.289388,32.584137,773192,2278955
lyjqYsLJ0yn,Emmanuel Medical Center HC II,Kampala District,Kampala City Council,HC II,0.299748,32.580063,789735,2466229
Sjt0VYq7zl8,Fair Plus HC II,Kampala District,Kampala City Council,HC II,0.257568,32.604205,586106,1580845
qh1OXdNtB6S,Faith Daycare Clinic HC II,Kampala District,Kampala City Council,HC II,0.293376,32.588701,752254,2331181
faVzytbD7Fb,Faith Medical Center (Nsambya) HC II,Kampala District,Kampala City Council,HC II,0.292356,32.59543,721109,2265708
AUnYgvw4Y0u,Faith Medical Clinic (Makindye I) HC II,Kampala District,Kampala City Council,HC II,0.291422,32.586263,763406,2308581
lYjkhovWMVH,Family Care Clinic (Kibuli) HC II,Kampala District,Kampala City Council,HC II,0.308441,32.592411,741108,2522772
uDg5l6Vu5lK,Family Care Clinic-Nsambya HC II,Kampala District,Kampala City Council,HC II,0.297802,32.582266,781213,2430364
gjNtZX8nfuM,Family Health Clinic (Kibuye II) HC II,Kampala District,Kampala City Council,HC II,0.28754,32.573667,787400,2273726
E325nwvUOOq,Favour Medcare HC II,Kampala District,Kampala City Council,HC II,0.304278,32.579755,793226,2531392
mRFF6tYHeES,Fiona Maternity Home HC II,Kampala District,Kampala City Council,HC II,0.270838,32.600494,679891,1844422
d4ftK2JHzMw,Fremar Medical Center HC II,Kampala District,Kampala City Council,HC II,0.290765,32.586935,760704,2293924
JaWXDS5IhoM,Friends Clinic HC II,Kampala District,Kampala City Council,HC II,0.304341,32.613691,624338,2223034
lwlvBRRVEVN,Friends Medical Centre HC II,Kampala District,Kampala City Council,HC II,0.302446,32.616347,612559,2161655
KDf8Zgi9Sru,Genesis Medical Center HC II,Kampala District,Kampala City Council,HC II,0.308053,32.597455,714644,2472589
LFhV54lMSwu,Globe Clinic HC II,Kampala District,Kampala City Council,HC II,0.274654,32.586894,757912,1988961
V3hh0VVwTjB,Gloria Medical Centre HC II,Kampala District,Kampala City Council,HC II,0.266866,32.595975,698129,1803770
hM2SsqFHHzL,Good Hope Health Care Center HC II,Kampala District,Kampala City Council,HC II,0.306645,32.612293,630755,2270197
YgM8d9E9oQa,Good Samaritan Clinic (Makindye I) HC II,Kampala District,Kampala City Council,HC II,0.27249,32.59415,725095,1914375
e1b6xYN44Lt,Grace Medical Clinic (Wabigalo) HC II,Kampala District,Kampala City Council,HC II,0.306794,32.607343,659492,2338638
S87YhpvQiIT,Health Care Clinic HC II,Kampala District,Kampala City Council,HC II,0.292997,32.579105,788287,2356179
kE890CUk3d0,His Grace Clinic HC II,Kampala District,Kampala City Council,HC II,0.290402,32.583147,775987,2300307
aksBs5cOAWx,Hope Clinic (Makindye) HC II,Kampala District,Kampala City Council,HC II,0.291987,32.572645,793963,2352653
Ap53MmxflW6,Hope Clinic Lukuli HC III,Kampala District,Kampala City Council,HC III,0.279946,32.600359,693302,2008295
nEI3FbRXWru,Ibrahim Medical Clinic HC II,Kampala District,Kampala City Council,HC II,0.270418,32.593261,725434,1883552
a6MbTUZ12aw,International Hospital Kampala Hospital,Kampala District,Kampala City Council,General Hospital,0.305103,32.611228,637808,2267240
QbBKie30Can,J & B Clinic Extension HC II,Kampala District,Kampala City Council,HC II,0.294918,32.586842,761425,2367176
pi3GnvCGBP8,J&B Clinic - Makindye HC II,Kampala District,Kampala City Council,HC II,0.299552,32.583348,777951,2455930
aGtsabr9Crw,Jackie Clinic HC II,Kampala District,Kampala City Council,HC II,0.26604,32.625516,462925,1503423
DKjJih3JHIW,Jama Community Care HC II,Kampala District,Kampala City Council,HC II,0.286241,32.59666,715193,2147694
HT4XbGdTOzj,Janeva Clinic HC II,Kampala District,Kampala City Council,HC II,0.298839,32.581213,785283,2449592
cKCrUucE8Yl,Jobecah Clinic HC II,Kampala District,Kampala City Council,HC II,0.29023,32.605896,670282,2126883
aLa6t1R8Dw0,Jordan Medical Centre (Makindye) HC II,Kampala District,Kampala City Council,HC II,0.300163,32.6003,699733,2338130
X4NuK8cECmC,Joy Domiciary Clinic HC II,Kampala District,Kampala City Council,HC II,0.295392,32.577664,793236,2400001
Ua5eFpNLzNw,Joy Medical Care HC II,Kampala District,Kampala City Council,HC II,0.296977,32.591536,740520,2373420
bFJN3PDbNO4,Kairos Medical Centre HC II,Kampala District,Kampala City Council,HC II,0.303367,32.615082,618137,2191250
EtojCiFp2el,Kalen Clinic,Kampala District,Kampala City Council,HC II,0.290105,32.581661,780538,2299294
SncLnWjDs4H,Kamede Clinic HC II,Kampala District,Kampala City Council,HC II,0.287752,32.605711,669782,2090254
wZ7da8feu18,Kampala International Medical Centre HC II,Kampala District,Kampala City Council,HC II,0.285591,32.608975,653081,2022873
olglSUQuS07,Kansanga Domicilliary Clinic HC II,Kampala District,Kampala City Council,HC II,0.288375,32.606389,667038,2093018
gv9c5KYrp4O,Katwe Martyrs Clinic HC II,Kampala District,Kampala City Council,HC II,0.294057,32.5712,798387,2389920
dgqoCJ0j0O6,Katwe Medical Clinic HC II,Kampala District,Kampala City Council,HC II,0.30135,32.575327,803777,2498532
a2l9vpRshsu,Kavule Clinic HC II,Kampala District,Kampala City Council,HC II,0.349071,32.567167,873383,2500732
i6B1bu1WZWx,Keah Medical Center Nsambya HC II,Kampala District,Kampala City Council,HC II,0.30192600000000003,32.581241,786666,2495914
hRY61NLBKaB,Khan Medical Centre HC II,Kampala District,Kampala City Council,HC II,0.289433,32.606329,667911,2109988
Ygv5366dTvl,Kibuli Hospital,Kampala District,Kampala City Council,General Hospital,0.308812,32.595657,724414,2499183
weGvPfLPMka,Kibuli Medical Clinic HC II,Kampala District,Kampala City Council,HC II,0.305899,32.594634,729176,2475544
FMu3EDXv2PI,Kibuli Medicare HC II,Kampala District,Kampala City Council,HC II,0.308113,32.592703,739459,2516910
H9YG6L867lc,Kigongo Trust Clinic HC II,Kampala District,Kampala City Council,HC II,0.259093,32.60253,608620,1620167
yzDV7m9w1Qn,Kika Medical Centre HC II,Kampala District,Kampala City Council,HC II,0.289978,32.572141,790704,2319045
JDdNcU36a6m,Kingstone Clinic HC II,Kampala District,Kampala City Council,HC II,0.266818,32.625651,466486,1513366
FEkeHjEos5Q,Kisa Kyamaria Clinic - Gaba,Kampala District,Kampala City Council,HC II,0.256888,32.629885,378646,1320016
Jb3ruV9NJ4K,Kisa Kyamukama Makindye HC II,Kampala District,Kampala City Council,HC II,0.256857,32.636884,324253,1237178
W6xq6GhydXm,Kisakye Maternity Centre HC II,Kampala District,Kampala City Council,HC II,0.28974,32.573514,790404,2312500
aKmx8C5qUZ8,Kisugu HC III,Kampala District,Kampala City Council,HC III,0.306515,32.611936,632954,2273867
z5jSZEYkIF0,Kyakuwa Clinic (Kibuye I) HC II,Kampala District,Kampala City Council,HC II,0.294752,32.577176,793600,2390263
uuLehTDwCMC,Liberty Clinic HC II,Kampala District,Kampala City Council,HC II,0.304136,32.613802,623940,2219009
T54Xozu3cnH,Life Care Clinic (Makindye I) HC II,Kampala District,Kampala City Council,HC II,0.289385,32.587172,760668,2267677
Ec319SYFplT,Lifecare Medical Centre HC II,Kampala District,Kampala City Council,HC II,0.287944,32.597291,711920,2172857
bs1usVrp4Re,Lions Medical Laboratory Serlvices HC II,Kampala District,Kampala City Council,HC II,0.287249,32.580441,783653,2251624
pGKopMqw2E7,Lucky Clinic HC II,Kampala District,Kampala City Council,HC II,0.264912,32.596946,682549,1762355
gmPw8U0AE1k,Makindye Barracks HC III,Kampala District,Kampala City Council,HC III,0.289528,32.581921,779896,2288207
MZWpc65yTOr,Makindye Domicilliary Clinic HC II,Kampala District,Kampala City Council,HC II,0.282461,32.582736,776045,2156890
uedWK8hnc7v,Makindye Maternity Home HC II,Kampala District,Kampala City Council,HC II,0.287732,32.577208,788009,2269005
urYnz5sBSLD,Makindye Medical Centres HC II,Kampala District,Kampala City Council,HC II,0.286172,32.580524,782928,2232170
OXG3d4gPJpC,Makindye Police HC III,Kampala District,Kampala City Council,HC III,0.26183,32.61758,502601,1528842
zm3feXqnn0Z,Malcom Health Care Centre (Kibuye II) HC II,Kampala District,Kampala City Council,HC II,0.29129,32.571607,792838,2342510
wLRE0kUuiHk,Maria Thereza Domiciliary Clinic HC II,Kampala District,Kampala City Council,HC II,0.265829,32.594116,704753,1797114
XE0Ucndg8ym,Marie Stopes Uganda Namuwongo HC II,Kampala District,Kampala City Council,HC II,0.303965,32.614703,619535,2203814
JPTfzYYJMLe,Martyr's  Family and Maternity Home - Gaba HC II,Kampala District,Kampala City Council,HC II,0.254983,32.633793,338687,1251438
E6UEVvPSXVk,Masaba Consultative Clinic HC II,Kampala District,Kampala City Council,HC II,0.308317,32.606789,662135,2363724
ErLBtMmok09,Mascot Medical Clinic HC II,Kampala District,Kampala City Council,HC II,0.271214,32.60035,681900,1852229
Ee2JjjAtLf2,Mawanda Medical Centre HC II,Kampala District,Kampala City Council,HC II,0.283749,32.583067,775877,2179998
wMTyxxQnotu,Medivine Hospital Gen Hosp,Kampala District,Kampala City Council,General Hospital,0.281708,32.576541,780504,2162819
wJlfRRGNJ7j,Meeting Point Kampala HC III,Kampala District,Kampala City Council,HC III,0.302117,32.617818,605143,2135594
KxH0qPHr86r,Mirembe Orthopedic Clinic HC II,Kampala District,Kampala City Council,HC II,0.283955,32.575738,783699,2205614
KAs4bPmJ1pY,Molago II Clinic HC II,Kampala District,Kampala City Council,HC II,0.28836,32.585993,766212,2253884
bCsk6Qc7dny,Mubarak Clinic HC II,Kampala District,Kampala City Council,HC II,0.289873,32.582672,777613,2292202
XRro7leLQww,Mukisa Mpewo Clinic HC II,Kampala District,Kampala City Council,HC II,0.301199,32.573362,806855,2498753
xgH7fTBjgW3,Mukisa Nursing Home HC II,Kampala District,Kampala City Council,HC II,0.294305,32.578804,789941,2379194
u1g3yNFvntj,Mukwano Health Care Clinic HC II,Kampala District,Kampala City Council,HC II,0.286517,32.575206,786794,2252125
FNcrirTXDCa,Mukyala Mabiririzi Clinic HC II,Kampala District,Kampala City Council,HC II,0.266142,32.59799,681513,1776895
xgFkdQYvaV3,Mumpe Clinic HC II,Kampala District,Kampala City Council,HC II,0.304311,32.579634,793662,2532081
pfgmPmoPrXK,Muna Clinic HC II,Kampala District,Kampala City Council,HC II,0.30043,32.575273,803012,2485367
g5vITuD1TcC,Muyenga Dispensary HC II,Kampala District,Kampala City Council,HC II,0.298615,32.602652,687423,2288645
ylMH359hl4f,N.G Ebenezer Clinic,Kampala District,Kampala City Council,HC II,0.295028,32.57692,794342,2395410
QHFF4O9ynsn,Nakulabye Medical Centre (Makindye) HC II,Kampala District,Kampala City Council,HC II,0.271494,32.590275,740138,1917442
JIjLKw9oSFw,Namunda Medical Clinic HC II,Kampala District,Kampala City Council,HC II,0.300861,32.578226,795948,2486771
GYqtkkkbrRC,New Delta Clinic HC II,Kampala District,Kampala City Council,HC II,0.255223,32.634338,335688,1248109
BBIMqoThyG7,New Five Star Clinic HC II,Kampala District,Kampala City Council,HC II,0.285906,32.579249,784861,2230994
HuUASDO4wBw,New Hope Clinic (Kabalagala) HC II,Kampala District,Kampala City Council,HC II,0.298966,32.601097,695640,2311532
kmdKk5UMBBI,Nortis Medical Centre HC II,Kampala District,Kampala City Council,HC II,0.272708,32.617456,563881,1710922
nBjhoOrem20,Nsambya Police HC IV,Kampala District,Kampala City Council,HC IV,0.306463,32.588968,757213,2523427
YXrbI2X7E5D,Nyonyi Clinic HC II,Kampala District,Kampala City Council,HC II,0.255193,32.634501,334275,1245848
bRNO7mYireD,Palm Medicare HC II,Kampala District,Kampala City Council,HC II,0.291774,32.585033,768784,2319178
aczRbyTZuz8,Patience Maternity Home HC II,Kampala District,Kampala City Council,Clinic,0.311874,32.608099,655518,2385572
ac31WGDHgKG,Pearl Medical Centre HC IV,Kampala District,Kampala City Council,HC IV,0.281498,32.610122,641973,1945536
aUq5x6JdZaK,Pharm Care Clinic- Wabigalo HC II,Kampala District,Kampala City Council,HC II,0.310514,32.602088,688521,2446718
B4iZdbKFtsM,Pradivs Medical Center HC II,Kampala District,Kampala City Council,HC II,0.308786,32.60625,665047,2375972
D5teAz2N7y8,Praise God Clinic HC II,Kampala District,Kampala City Council,HC II,0.299265,32.580312,788574,2458188
RJVlBVuAkIH,Prime Medicare Clinic HC II,Kampala District,Kampala City Council,HC II,0.326985,32.548042,806925,2460941
ok6EsLaVTPe,Prophet Jeremiah Nursing Home HC II,Kampala District,Kampala City Council,HC II,0.294214,32.587542,757881,2351681
QSNk31aFhve,Providence Medical Centre HC II,Kampala District,Kampala City Council,HC II,0.276438,32.61535,596664,1799512
aQvo7z3P3OA,Queens Health Services HC II,Kampala District,Kampala City Council,HC II,0.309301,32.606141,665654,2383132
DJz6wykzcVy,R4B Medical Clinic HC II,Kampala District,Kampala City Council,HC II,0.249581,32.610142,487764,1408485
qgcvP6v3ElR,Rahma Clinic HC II,Kampala District,Kampala City Council,HC II,0.360182,32.572236,866061,2407729
KgD1nv5kuAT,Rainbow City Hosppital (U) Ltd HC III,Kampala District,Kampala City Council,HC III,0.314714,32.599433,704832,2518182
rgoB0CFrNF1,Real Medical Clinic HC II,Kampala District,Kampala City Council,HC II,0.290709,32.603949,679606,2154597
TpdkJmlUm2j,Rene Clinic HC II,Kampala District,Kampala City Council,HC II,0.297423,32.578508,792843,2431927
E2jcuqc9IP6,Rhona Medical Centre HC II,Kampala District,Kampala City Council,HC II,0.28918,32.606477,667101,2104545
LSpLSwpaM71,Rift Valley Medical Center HC III,Kampala District,Kampala City Council,HC III,0.285535,32.581538,780219,2217743
U1cSxRxK2WV,River Jordan Medical Center HC II,Kampala District,Kampala City Council,HC II,0.273846,32.585012999999996,759231,1982952
qLBxeibDGtU,Ruth Clinic HC II,Kampala District,Kampala City Council,HC II,0.265956,32.593574,708316,1802658
OXhJvwUXgTa,Safe Care Clinic HC II,Kampala District,Kampala City Council,HC II,0.2934,32.588437,753482,2333033
aC295RRdALc,Safeguard Nursing Home Clinic HC II,Kampala District,Kampala City Council,HC II,0.292635,32.579764,786511,2348507
NBLbj2idZ20,Sanyu Clinic Ggaba HC II,Kampala District,Kampala City Council,HC II,0.259142,32.634192,357420,1298240
FECVaAFXunE,Sanyu Medical Clinic HC II,Kampala District,Kampala City Council,HC II,0.309188,32.609344,648174,2339438
Q480CuJCylI,Saviour Medical Center HC II,Kampala District,Kampala City Council,HC II,0.304257,32.614327,621196,2212740
EyJbnAQLHR2,Shalom Medical Clinic HC II,Kampala District,Kampala City Council,HC II,0.257765,32.63503,343586,1271180
TuVXnyGrchc,Sir Albert Cook Medical Center HC II,Kampala District,Kampala City Council,HC II,0.284652,32.582192,778214,2199626
d2GqaWKlakK,Sisters Clinic HC II,Kampala District,Kampala City Council,HC II,0.294898,32.579717,788124,2387277
c4RA9ww7CN3,Sseremba Medical Care HC II,Kampala District,Kampala City Council,HC II,0.295011,32.600104,699603,2262002
pn2l9i3kSh6,St. Anthony Clinic (Kisugu) HC II,Kampala District,Kampala City Council,HC II,0.291286,32.581267,781591,2321416
smr8mTNYzFP,St. Francis Nsambya Hospital,Kampala District,Kampala City Council,General Hospital,0.3017,32.585,772231,2482524
af5069aqkdm,St. Jonans Medical Clinic HC II,Kampala District,Kampala City Council,HC II,0.290375,32.592486,735659,2254661
wSEu7f30Tfc,St. Joseph's  General Clinic,Kampala District,Kampala City Council,HC II,0.287829,32.573642,787794,2278914
ed00oQC0lsU,St. Jude Dom Clinic HC II,Kampala District,Kampala City Council,HC II,0.291672,32.573117,793226,2346414
yZ65gVKe9PP,St. Leeven Clinic HC II,Kampala District,Kampala City Council,HC II,0.303083,32.596355,720041,2422584
tUSdsiSGBrf,St. Louis Medical Centre,Kampala District,Kampala City Council,HC II,0.262711,32.598698,658858,1711648
dun5IeK7f1f,St. Luke Clinic (Makindye) HC II,Kampala District,Kampala City Council,HC II,0.297464,32.580871,785898,2427780
HQHDY5hecoW,St. Raphael Medical Services HC II,Kampala District,Kampala City Council,HC II,0.292555,32.594664,724724,2275561
VtFZ2vvEZWM,St. Roberts Health Care HC II,Kampala District,Kampala City Council,HC II,0.289945,32.593208,732422,2241620
ypkJ3um4I9E,St. Roberts Medical Center HC II,Kampala District,Kampala City Council,HC II,0.289654,32.591622,740041,2247444
FcZTYW9JOGL,Stake Health Care HC II,Kampala District,Kampala City Council,HC II,0.307173,32.60697,661413,2348024
nHh6TJx7q9b,Star Light Clinic HC II,Kampala District,Kampala City Council,HC II,0.26303,32.60768,591340,1644135
nWVZbdCWpnY,Star Medical Center HC II,Kampala District,Kampala City Council,HC II,0.307819,32.592822,738694,2512712
OpRq2uEgDdk,Sun Bay Medical Center HC II,Kampala District,Kampala City Council,HC II,0.290633,32.572187,791700,2330204
AvEvcRaQhsq,Teddy Medical Clinic HC II,Kampala District,Kampala City Council,HC II,0.280946,32.595788,720007,2057198
RR4Ho1OV7BT,Tender Care Medical Centre,Kampala District,Kampala City Council,HC II,0.310365,32.607221,659920,2380747
KSIA5YYx4h7,Thumbs Up Clinic HC II,Kampala District,Kampala City Council,HC II,0.303164,32.598741,707848,2397890
n8U1wKuZ2MH,Tina Medical Clinic HC II,Kampala District,Kampala City Council,HC II,0.288397,32.606755,665384,2089602
F91loQ3NbZg,Touch Clinic - Namuwongo HC II,Kampala District,Kampala City Council,HC II,0.30509,32.610445,642486,2277608
qGftzDww51u,Tusubira Clinic HC II,Kampala District,Kampala City Council,HC II,0.307988,32.597124,716426,2475318
l2mnMgjb7HJ,Victoria Health and Maternity Clinic HC II,Kampala District,Kampala City Council,HC II,0.309813,32.606833,661945,2379786
c329u8or5q1,Victoria Medical Clinic HC II,Kampala District,Kampala City Council,HC II,0.29851,32.583498,777044,2439076
KdXcYwODMXn,Victory Domiciliary Clinic,Kampala District,Kampala City Council,HC II,-0.522086,30.734946,20125,54798
l98pFyx1kxY,Virgo Health Services HC II,Kampala District,Kampala City Council,HC II,0.300613,32.599474,703983,2354015
ynZ2uFLfTTa,Weej Medical Center HC II,Kampala District,Kampala City Council,HC II,0.292179,32.628841,535765,1837279
ShqpmBpmzzk,Welfare Medical Clinic HC II,Kampala District,Kampala City Council,HC II,0.282089,32.593198,735262,2095284
DYBhUQ707JF,Wentz Medical Centre HC III,Kampala District,Kampala City Council,HC III,0.261375,32.632907,379064,1342358
r5CbSnL956y,Willing Medical Center HC II,Kampala District,Kampala City Council,HC II,0.290191,32.578542,787836,2309070
LgZFIQN8dut,Winners Clinic HC II,Kampala District,Kampala City Council,HC II,0.281388,32.577558,780312,2154011
Owc96e15Vlh,Yesu Amala Clinic HC II,Kampala District,Kampala City Council,HC II,0.255188,32.634038,337830,1251148
J77zWm3xXbx,Zaam Medical Centre Katwe HC III,Kampala District,Kampala City Council,HC III,0.296324,32.575814,797742,2418987
CdeWhFwzuBl,Zzaazi Clinic HC II,Kampala District,Kampala City Council,HC II,0.297506,32.580454,787325,2429348
nW4ydu7zUy5,Venus Medical Center HC II,Kampala District,Kampala City Council,HC II,0.315847,32.632812,537642,1985232
SkWKqttPnXq,Mirembe Clinic,Kampala District,Kampala City Council,HC III,1.155162,31.576888,13429,40108
QHJpPlGsRtp,Life Care Medical Centre Clinic,Kampala District,Kampala City Council,Clinic,-0.469581,31.665521,26193,96521
gCf6ujkxSnd,God's  Grace Clinic,Kampala District,Kampala City Council,HC II,0.353925,32.524985,701938,2033561
VVtn6yxIz5D,Arembwola HC II,Karamoja,Abim District,HC II,2.718538,33.585473,7689,31404
ZotVVjcyDdV,Kanu HC II,Karamoja,Abim District,HC II,2.706127,33.608328,9180,38314
Owvv3PbIrZ2,Amita Prison HC II,Karamoja,Abim District,HC II,2.719767,33.551498,7212,24100
RxPKxSBe0DC,Abim Hospital,Karamoja,Abim District,General Hospital,2.698421,33.657635,14367,40271
gdsxa9EwgAJ,Oscar Military Battalion HC II,Karamoja,Abim District,HC II,2.584551,33.650145,13377,59075
RLWAwgTDjSJ,Alerek HC III,Karamoja,Abim District,HC III,2.798173,33.726127,4316,13983
Ug8m4dtpeYZ,Atunga HC II,Karamoja,Abim District,HC II,2.745802,33.676,10630,27254
sYhGbKU5621,Awach HC II,Karamoja,Abim District,HC II,2.629728,33.568034,6296,30412
eVqlzAGda5U,Kiru HC II,Karamoja,Abim District,HC II,2.638939,33.663533,17105,47970
JO1cLIghdBv,Gangming HC II,Karamoja,Abim District,HC II,2.553427,33.591264,17844,44001
aCGaJx85MR6,Wilela HC II,Karamoja,Abim District,HC II,2.655102,33.712791,7966,42575
RnktSI9w0ZM,Koya HC II,Karamoja,Abim District,HC II,2.726238,33.716745,4626,25552
aT1ytslGHPP,Katabok (Abim) HC II,Karamoja,Abim District,HC II,2.592487,33.722407,15074,44283
vXlnJIdin7f,Adea HC II,Karamoja,Abim District,HC II,2.514285,33.665456,12911,44508
ltIECAx2ppI,Abim Obolokome HC II,Karamoja,Abim District,HC II,2.588517,33.790931,10550,25927
hIuSd1NGumG,Morulem HC III,Karamoja,Abim District,HC III,2.589492,33.757386,15268,32689
Tyxrv2J0s0m,Oreta HC II,Karamoja,Abim District,HC II,2.492153,33.910445,4729,11863
aZEsILFiYCF,Nyakwae HC III,Karamoja,Abim District,HC III,2.527386,33.946472,4720,12411
jhtjCBU3lZG,Pupu Kamuya HC II,Karamoja,Abim District,HC II,2.507543,33.877258,3676,12221
aPv6owroI2J,Opopongo HC II,Karamoja,Abim District,HC II,2.611356,33.873686,1986,11957
pZhYWxNWH94,Orwamuge HC III,Karamoja,Abim District,HC III,2.535943,33.621682,20868,47265
QtKKTyoBfMv,Abiliyep HC III,Karamoja,Amudat District,HC III,2.101644,34.893388,4716,22430
DXPEWHcbZwC,Achorichor HC II,Karamoja,Amudat District,HC II,2.101842,34.819227,2819,11381
etUWDKFTBfq,Alakas HC II,Karamoja,Amudat District,HC II,1.85883,34.995733,3280,12044
LL0yj8yGUjx,Amudat Joint Clinic,Karamoja,Amudat District,Clinic,1.954048,34.945908,22720,35726
x4W3u9puTzO,Amudat HC II,Karamoja,Amudat District,HC II,1.930592,34.952909,21530,33661
gVSFfQXW1J2,Amudat Hospital,Karamoja,Amudat District,General Hospital,1.953373,34.943183,22814,35915
AB3NV0mRYF7,Parents Clinic,Karamoja,Amudat District,Clinic,1.954814,34.944573,22759,35873
UdwbvvdzVVQ,Karita HC IV,Karamoja,Amudat District,HC IV,1.545105,34.832576,7434,18455
rXTikIGipQN,Katabok HC III,Karamoja,Amudat District,HC III,1.727683,34.925105,5963,17444
emjerwHdu0g,Lokales HC II,Karamoja,Amudat District,HC II,1.449163,34.729772,9169,26684
Z3lPWheXHAH,Loroo HC III,Karamoja,Amudat District,HC III,2.207894,34.898052,14665,31131
m8Gp4sDZ9YT,Cheptapoyo HC II,Karamoja,Amudat District,HC II,1.662541,34.94644,7365,18549
uwIGysNI69s,Lokolia HC III,Karamoja,Kaabong District,HC III,3.590907,34.141026,8853,43388
jA2J5SPFVkZ,Kaabong Police HC II,Karamoja,Kaabong District,HC II,3.517079,34.132526,23247,40648
jvPJLFJ3Rt1,Kaabong Mission HC III,Karamoja,Kaabong District,HC III,3.525578,34.126032,23148,41404
pATBoZZRddT,Kaabong Hospital,Karamoja,Kaabong District,General Hospital,3.512735,34.132188,23141,40309
qhhoFrsTHqp,Lomeris HC II,Karamoja,Kaabong District,HC II,3.526108,34.094607,19063,40837
BHDGxcwYHhC,Lokerui HC II,Karamoja,Kaabong District,HC II,3.552505,34.082389,11825,42499
PeixVcxEdj2,Kakamar HC II,Karamoja,Kaabong District,HC II,3.492531,34.114418,18525,38386
GDMe1gFVGkh,Morulem HC II,Karamoja,Kaabong District,HC II,3.605885,34.180766,5973,32361
UR7F5sFNDQO,Kalapata HC III,Karamoja,Kaabong District,HC III,3.660935,34.190687,14714,26066
B5YahwaIZ6p,Kamion Health Centre III,Karamoja,Kaabong District,HC III,3.732044,34.249949,549,7542
rNFnUCNZuhM,Kamacharikol HC II,Karamoja,Kaabong District,HC II,3.610664,34.095735,9617,37855
nVh2D6QWZQZ,Nariamaoi HC II,Karamoja,Kaabong District,HC II,3.616878,34.048493,9823,26767
agkmwQZJU9U,Narengepak HC II,Karamoja,Kaabong District,HC II,3.67299,34.017623,4610,21472
JWg30TuiiEV,Kathile HC III,Karamoja,Kaabong District,HC III,3.650015,34.07807,9508,29337
Tg20kzyEYXH,Lodiko HC II,Karamoja,Kaabong District,HC II,3.536625,34.155104,19675,39934
p6TLE7qdXyr,Kaimese HC III,Karamoja,Kaabong District,HC III,3.530057,34.046412,5067,29658
Jc8JzkD2H7l,Lomodoch HC II,Karamoja,Kaabong District,HC II,3.565608,34.029893,4659,23322
IGpyDT7oDJi,Morukori HC II,Karamoja,Kaabong District,HC II,3.621753,34.153561,7841,38908
IP3d7JaMsyW,Lotim HC II,Karamoja,Kaabong District,HC II,3.65848,34.117276,9447,33981
bo4RxIQrXvP,Lokanayona HC II,Karamoja,Kaabong District,HC II,3.376805,34.232502,932,6069
WmXAoLJicih,Loyoro HC III,Karamoja,Kaabong District,HC III,3.326299,34.239251,605,1764
N7rmgpFHOrZ,Lokwakaramoe HC II,Karamoja,Kaabong District,HC II,3.718364,34.125842,2891,18509
lIG8IeLFIta,Usake HC II,Karamoja,Kaabong District,HC II,3.778755,34.036334,165,1098
hGgRhRwqMq6,Kopoth HC III,Karamoja,Kaabong District,HC III,3.365087,34.123309,1039,7731
MIOys5Syjk6,Lochom HC II,Karamoja,Kaabong District,HC II,3.420418,34.145079,6328,17177
Wx22jVH8waG,Timu HC II,Karamoja,Kaabong District,HC II,3.654471,34.275661,1422,10618
e3dC0j3kZvg,St. Jude Kapedo HC II,Karamoja,Karenga District,HC II,3.685721,33.949821,6363,14173
U1aETxtSI4A,Kapedo HC III,Karamoja,Karenga District,HC III,3.687125,33.944079,6304,14045
RwUs7iX5S49,Karenga HC IV,Karamoja,Karenga District,HC IV,3.566056,33.69638,9076,15880
ahHdIJyA7gA,Kacholo HC III,Karamoja,Karenga District,HC III,3.763198,33.938611,335,5538
b00m3KfPXQw,Pire HC II,Karamoja,Karenga District,HC II,3.509552,33.662427,3532,14197
dfFefs1HDIs,Lobalangit HC III,Karamoja,Karenga District,HC III,3.476185,33.692093,3114,9297
qWIMhyosZQk,Lokori HC II,Karamoja,Karenga District,HC II,3.639212,33.642073,2049,9799
aC2mZFiai78,Kidepo HC II,Karamoja,Karenga District,HC II,3.612026,33.690275,5894,15001
asRTtPGPw9i,Kalimon HC III,Karamoja,Karenga District,HC III,3.612162,33.900854,1687,9808
Ia1ewqcyAFT,Kotido Prisons HC II,Karamoja,Kotido District,HC II,3.014025,34.110999,29935,72225
h9jVjUlxXLc,Kotido Police HC II,Karamoja,Kotido District,HC II,3.010788,34.115832,29717,72562
ahrb1oS6ucq,Kotido Hospital,Karamoja,Kotido District,General Hospital,3.014915,34.115907,29757,72118
w3AMFcvoAx9,KDDO HC III,Karamoja,Kotido District,HC III,3.002076,34.109993,29703,72733
h6mBc3T03Ze,Lokiding HC II,Karamoja,Kotido District,HC II,3.106286,33.956801,4514,21321
akNVan5uHv4,Losakucha HC II,Karamoja,Kotido District,HC II,3.118096,33.911886,4758,17432
G1fkEafkv8I,Apa Lopama HC II,Karamoja,Kotido District,HC II,3.175825,33.796022,2082,8829
IW60hf7XNQ4,Kacheri HC III,Karamoja,Kotido District,HC III,3.165961,33.928928,7454,16942
krPNAO6ikKF,Lokitelaebu HC III,Karamoja,Kotido District,HC III,2.989332,34.000986,10544,35214
vxakzmtxnPv,Lookorok HC II,Karamoja,Kotido District,HC II,3.020111,34.175524,14136,61768
aywOCuiSQrR,Nakapelimoru HC III,Karamoja,Kotido District,HC III,3.004976,34.198181,14034,52533
W3hXYmtaQ4Q,405 Brigade HC III,Karamoja,Kotido District,HC III,2.97522,34.228043,11713,32666
a7toXljFJe0,Losilang HC II,Karamoja,Kotido District,HC II,3.056162,34.13769,15900,60170
pQDmyQ0AA41,Kamoru HC II,Karamoja,Kotido District,HC III,2.940476,34.082518,9405,51541
UMtqIRI0zt7,Napumpum HC III,Karamoja,Kotido District,HC III,2.92845,34.119353,11865,47569
yVTRbVMt2h7,Rikitae HC II,Karamoja,Kotido District,HC II,2.943337,34.157388,13304,55608
qqW763qthZ4,Apa Lopus HC II,Karamoja,Kotido District,HC II,2.824866,34.010092,2547,10468
adrhWWGz3jT,Nakwakwa HC II,Karamoja,Kotido District,HC II,3.066462,33.981325,6458,28670
NWVYfI4QaPR,Rengen HC III,Karamoja,Kotido District,HC III,3.069756,34.103114,16048,56969
aGMOyMW27hF,Lopuyo HC II,Karamoja,Kotido District,HC II,3.059263,34.032548,12114,46146
vAJSlVqO7d5,Panyangara HC III,Karamoja,Kotido District,HC III,2.963736,34.140941,17560,64142
aCfdOhOH9ni,Kanawat HC III,Karamoja,Kotido District,HC III,2.998128,34.085786,26806,69023
a70yzIomvZL,Nakiloro HC II,Karamoja,Moroto District,HC II,2.617957,34.734716,1706,7941
Rt3qVzr4uqK,Kakingol HC III,Karamoja,Moroto District,HC III,2.586397,34.743702,1853,11108
hUExMWP2C4O,Acherer HC II,Karamoja,Moroto District,HC II,2.44533,34.602097,3773,32666
kvZH9oA6jkJ,Loputuk HC III,Karamoja,Moroto District,HC III,2.49838,34.647706,35635,54322
togwFuxPtSj,Lotirir HC II,Karamoja,Moroto District,HC II,2.476571,34.606925,6731,54772
K4hmnMfawFW,St. Pius Kidepo HC III,Karamoja,Moroto District,HC III,2.567837,34.621944,6412,42045
aBkmoTyWd0a,Nadunget HC III,Karamoja,Moroto District,HC III,2.512368,34.581806,7630,51524
X0fEezWmMGU,Moroto Police HC II,Karamoja,Moroto District,HC II,2.531751,34.660485,35035,51300
cK0jOJzBIvd,Moroto Regional Referral Hospital,Karamoja,Moroto District,RRH,2.530645,34.656898,35240,51516
UJeBuAmnnuk,Dmos Clinic HC III,Karamoja,Moroto District,HC III,2.533717,34.647999,34284,50999
pE5320aADcw,Army Barracks HC III,Karamoja,Moroto District,HC III,2.541095,34.667927,32148,49605
y9WL2d7Zr9p,Moroto Prisons HC II,Karamoja,Moroto District,HC II,2.525699,34.668771,36054,51821
EUu7beeRyS5,Rupa HC II,Karamoja,Moroto District,HC II,2.565917,34.6616,19238,43776
oSaG8nXTNOB,Nakapelimen HC III,Karamoja,Moroto District,HC III,2.527322,34.660926,35915,51865
THC1QUnraXF,Kosiroi HC II,Karamoja,Moroto District,HC II,2.416865,34.844069,2898,7665
pBmSV8i8O4m,Kalemungole HC III,Karamoja,Moroto District,HC III,2.38915,34.861386,3741,8263
IMeQNSBsc9i,Kodonyo HC II,Karamoja,Moroto District,HC II,2.447681,34.703865,6602,27184
Br549Av2Wrw,Lopelipel HC II,Karamoja,Moroto District,HC II,2.498476,34.833098,832,5442
JhfRRK4kn7c,Tapac HC III,Karamoja,Moroto District,HC III,2.460386,34.786737,1345,9010
a82qNO5mmYT,Lolachat HC III,Karamoja,Nabilatuk District,HC III,1.939649,34.55735,12792,33638
EYaoFJ7u4nr,Lorengedwat HC III,Karamoja,Nabilatuk District,HC III,2.359549,34.578835,8866,20756
atZjFwq6HQ5,Nabilatuk HC IV,Karamoja,Nabilatuk District,HC IV,2.055023,34.576053,17481,33871
WMtqO37R3RN,Nabilatuk Mission HC II,Karamoja,Nabilatuk District,HC II,2.06884,34.587384,15979,31554
oXIGrnTxKM3,Nayonai Angikalio HC II,Karamoja,Nabilatuk District,HC II,2.036282,34.541974,14850,35862
g9LPz3Afmwf,Natirae HC II,Karamoja,Nabilatuk District,HC II,1.915466,34.517177,8807,34445
j0NTmlxUscs,Lomorunyangae HC II,Karamoja,Nakapiripirit District,HC II,1.767089,34.568452,9581,29298
t8qKMFFAO22,Amaler HC III,Karamoja,Nakapiripirit District,HC III,1.755576,34.617783,14487,34301
zNvPZ3xCibY,Lemusui HC III,Karamoja,Nakapiripirit District,HC III,1.765121,34.808309,3275,17191
Dpn8dDNGrCR,Nakaale HC II,Karamoja,Nakapiripirit District,HC II,1.857013,34.615247,8665,38135
vkGD2Qs9ej0,Nabulenger HC II,Karamoja,Nakapiripirit District,HC II,1.838904,34.567713,8288,32293
x5mIE0NPDSb,Moruita HC II,Karamoja,Nakapiripirit District,HC II,1.887116,34.755506,5651,23349
WqIs7ciPmmO,Moruita 407 Bregade HC III,Karamoja,Nakapiripirit District,HC III,1.892224,34.746126,5918,24374
IgDdvRDyk3K,Karinga HC II,Karamoja,Nakapiripirit District,HC II,1.838944,34.738403,11297,32449
b4ei3WhTRAH,Nakapiripirit HC III,Karamoja,Nakapiripirit District,HC III,1.852976,34.719805,12999,32679
sVEZ8dNNAQQ,Namalu Prisons HC II,Karamoja,Nakapiripirit District,HC II,1.761244,34.614054,15286,34756
UCe1oCdRuEA,Namalu HC IV,Karamoja,Nakapiripirit District,HC IV,1.803736,34.59486,12231,38202
oLPpU9BQsKF,Tokora HC IV,Karamoja,Nakapiripirit District,HC IV,1.840991,34.665894,10157,43044
yTVIFlAzVwb,Apeitolim HC III,Karamoja,Napak District,HC III,2.359615,33.913424,943,5323
NsYte9Y7DWm,Namendera HC II,Karamoja,Napak District,HC II,2.118038,34.227426,8829,22205
n5OgCMvxg5S,Iriri HC IV,Karamoja,Napak District,HC IV,2.117965,34.227089,8822,22165
ZIqDFJwbapx,Kangole HC III,Karamoja,Napak District,HC III,2.438301,34.488753,13412,37876
QKGsjJojbYP,Lokopo HC III,Karamoja,Napak District,HC III,2.480808,34.343549,4091,16019
YjHuDt86ndQ,Lopeei HC III,Karamoja,Napak District,HC III,2.525729,34.36377,2949,14069
UhCMUEIx3V9,Lorengechora HC III,Karamoja,Napak District,HC III,2.219011,34.254855,5757,20523
PLUp4qPTSvf,Lotome HC III,Karamoja,Napak District,HC III,2.368634,34.527455,10741,26466
Hfy9aC6XZZP,Kalokengel HC II,Karamoja,Napak District,HC II,2.352786,34.522512999999996,9666,23478
ZwJpmihjbfr,Morulinga HC II,Karamoja,Napak District,HC II,2.41503,34.466702,11897,38128
rAvayhLZRhY,Matany Hospital,Karamoja,Napak District,General Hospital,2.442322,34.394262,9736,31887
EjSkZ1dC1ve,Nakichumet HC II,Karamoja,Napak District,HC II,2.313439,34.336961,2731,12807
RWsqlimyYmq,Amedek HC II,Karamoja,Napak District,HC II,2.08179,34.244419,7429,22559
a496gnJrej8,Nabwal HC II,Karamoja,Napak District,HC II,1.996214,34.27739,2945,14348
ge5EIwMfYJP,Ngoleriet HC II,Karamoja,Napak District,HC II,2.469027,34.474334,13154,35377
TrtPFP1HrDb,Muyebe COU HC II,Kigezi,Kabale District,HC II,-1.322338,30.017628,35216,141883
MN64C4g8Iae,Rwene HC II,Kigezi,Kabale District,HC II,-1.398527,30.033949,26754,71248
a680eATOSPd,Buhara (Ngo) HC III,Kigezi,Kabale District,HC III,-1.366826,30.035293,28727,90146
aJ0CTjwNQof,Buhara HC III,Kigezi,Kabale District,HC III,-1.360279,30.032027,29804,96004
kkLTTVbk32P,Kafunjo (Kabale) HC II,Kigezi,Kabale District,HC II,-1.347977,30.067186,21196,84984
VlILd7Lgy0r,Kinyamari HC II,Kigezi,Kabale District,HC II,-1.385783,29.886217,12338,52871
rYzEnMX4QXM,Nyamiryango HC II,Kigezi,Kabale District,HC II,-1.360917,29.906634,17473,66162
maYOk6qMIaO,Habubale HC II,Kigezi,Kabale District,HC II,-1.439158,29.898323,14888,38651
ktaPwuDxHca,Butanda HC III,Kigezi,Kabale District,HC III,-1.42102,29.894243,14709,45210
sXeVz43R3BO,Trust Medical Centre (Kabale) HC II,Kigezi,Kabale District,HC II,-1.252682,29.986784,79318,161048
RZROGan6ufO,Kabale Police Barracks HC II,Kigezi,Kabale District,HC II,-1.256917,29.997439,78874,162470
k0YKgjQNXu9,Kabale Municipal Council HCÂ III,Kigezi,Kabale District,HC III,-1.258506,29.994376,79544,161998
B8okqr86WzK,Kihefo Clinic,Kigezi,Kabale District,Clinic,-1.259853,29.994567,79551,161951
kdtrPobMkil,Kda Staff Clinic HC II,Kigezi,Kabale District,HC II,-1.253033,29.991964,79013,161758
K2BGHpaUluP,Kabale Regional Referral Hospital,Kigezi,Kabale District,RRH,-1.250802,29.989469,78851,161472
scG9vBbTN9O,Mwesigye Health Care Clinic,Kigezi,Kabale District,HC II,-1.257508,29.998689,78756,162637
Tt66GOrfQA0,Reproductive Health Uganda (Kabale) HC II,Kigezi,Kabale District,HC II,-1.258679,29.992862,79771,161723
kx0KBt6s0UP,Kaharo HC III,Kigezi,Kabale District,HC III,-1.244034,30.066618,28696,151143
sH96J8n6jcS,Burambira HC II,Kigezi,Kabale District,HC II,-1.290521,30.09176,20846,100538
say5alYHaR7,Kyobugombe HC II,Kigezi,Kabale District,HC II,-1.24079,30.106615,28082,99580
aRMmd4zYKEH,Nyakasharara (Kabale) HC II,Kigezi,Kabale District,HC II,-1.263387,30.07796,26156,137612
ocu7dzSyttt,Rubaya COU HC II,Kigezi,Kabale District,HC II,-1.458354,29.934648,13939,43878
DlOgzZNj90W,Buramba HC III,Kigezi,Kabale District,HC III,-1.421353,29.941905,26793,64400
PP7PtqrehTG,Kahungye HC II,Kigezi,Kabale District,HC II,-1.442873,29.923904,19155,48922
kiM2BOyZ1V6,Kyasano HC II,Kigezi,Kabale District,HC II,-1.394844,29.972145,34462,91100
z9fb0zoe908,Kisasa HC II,Kigezi,Kabale District,HC II,-1.392659,30.009852,33704,81447
UgFNeACHCnT,Kicumbi HC II,Kigezi,Kabale District,HC II,-1.331216,30.006115,34934,137248
aWBQShswqcf,Katenga HC II,Kigezi,Kabale District,HC II,-1.326603,29.973366,29117,139179
aoKwhABrCpq,Kasheregyenyi HC III,Kigezi,Kabale District,HC III,-1.342868,30.012455,32308,121051
c9Fq5DlB3y5,Kamuganguzi HC III,Kigezi,Kabale District,HC III,-1.397973,30.004125,32906,80176
kVVwdnabTQv,Karujanga HC II,Kigezi,Kabale District,HC III,-1.435433,29.986891,21832,62757
DJj3j0lGtlA,Kijurera HC II,Kigezi,Kabale District,HC II,-1.298668,29.974982,45930,151437
aG1YMQc0jte,Bwama HC III,Kigezi,Kabale District,HC III,-1.294729,29.923898,16362,138594
YI72809UgSd,Johnie Kielly Clinic,Kigezi,Kabale District,Clinic,-1.303196,29.999376,47189,152498
Y8reI7wcdZP,Kabindi HC II,Kigezi,Kabale District,HC II,-1.30004,30.005863,49513,154656
kbiNehvstx4,Kakomo HC IV,Kigezi,Kabale District,HC IV,-1.282905,29.955412,47139,153770
VIc8JeSzMdA,Kigezi International Medical Centre,Kigezi,Kabale District,HC II,-1.31845,30.079119,20145,94310
tMXnyuz6ImO,Kanjobe HC II,Kigezi,Kabale District,HC II,-1.306184,30.070374,21356,119489
h1zyHmreMpM,Kigata HC II,Kigezi,Kabale District,HC II,-1.285219,30.039557,38093,156638
bVZDLfQXL5H,Kyanamira HC III,Kigezi,Kabale District,HC III,-1.265476,30.033422,52980,162047
s9t3nr6URl3,Muyumbu HC II,Kigezi,Kabale District,HC II,-1.233182,30.031825,45933,164842
Lv2hN8kFsyr,Nyabushabi HC II,Kigezi,Kabale District,HC II,-1.236013,30.021574,60999,166248
V9CNIO7nWDB,Rubira Solidale HC II,Kigezi,Kabale District,HC II,-1.272543,30.026748,58919,161726
KlGGom62gxM,Maziba HC IV,Kigezi,Kabale District,HC IV,-1.321299,30.10793,19145,63986
pOm3A9Qsw6m,Kahondo HC III,Kigezi,Kabale District,HC III,-1.288378,30.154895,14227,57987
bbKOU8p1S9A,Karweru HC II,Kigezi,Kabale District,HC II,-1.356298,30.117787,9674,43602
FTWikDLuEug,Kavu HC II,Kigezi,Kabale District,HC II,-1.333733,30.134075,13496,41340
Uz37x7nsPZq,Kigarama HC II,Kigezi,Kabale District,HC II,-1.298812,30.129345,18047,63614
sbvbrobesgm,Maziba Parish HC II,Kigezi,Kabale District,HC II,-1.324503,30.103576,19144,65921
vrriSyhPENT,Mukokye HC II,Kigezi,Kabale District,HC II,-1.3397,30.158813,7667,28958
iLs4IqxOOLh,Nyanja (Kabale) HC II,Kigezi,Kabale District,HC II,-1.288974,30.096254,20764,94779
qMp9nV9JLdE,Rusikizi HC II,Kigezi,Kabale District,HC II,-1.243418,30.154183,21292,78024
V31WN3Bh6cT,Marie Stopes Uganda Kabale HC II,Kigezi,Kabale District,HC II,-1.247996,29.985644,78765,160934
aOVFxbW05Dr,Rutooma (Kabale) HC III,Kigezi,Kabale District,HC III,-1.248346,29.970109,78141,158119
Z6BzVrxa9xd,Rugarama Hospital,Kigezi,Kabale District,General Hospital,-1.244681,29.983965,78436,160525
aJP0NExTeWC,Rwanyena HC II,Kigezi,Kabale District,HC II,-1.381584,29.946191,21154,93382
RdzJlXtx1G9,Kitooma HC III,Kigezi,Kabale District,HC III,-1.345318,29.930314,15843,93805
VYEWkAtrPj0,Muguri HC II,Kigezi,Kabale District,HC II,-1.455281,29.946532,15254,47932
oWTRZJbQxha,Rubaya HC IV,Kigezi,Kabale District,HC IV,-1.415568,29.952941,28177,72483
EgNsQqE3k5S,Rushoroza Hospital,Kigezi,Kabale District,General Hospital,-1.289027,29.996556000000002,65067,157577
s0sTvb5DnDP,AIDS Information Centre (Kabale) Special Clinic,Kigezi,Kabale District,Clinic,-1.260957,29.99051,79920,161161
aVKmbSeBF1N,Kamukira HC IV,Kigezi,Kabale District,HC IV,-1.26471,29.984281,79425,159708
YHyfR8qUYnj,Mwanjari HC II,Kigezi,Kabale District,HC II,-1.273164,29.992376,76967,160232
D5TwGK0bcWc,Ndorwa Prisons HC II,Kigezi,Kabale District,HC II,-1.270131,29.986327,78214,159355
RrvmrGFqy38,Bugongi HC III,Kigezi,Kanungu District,HC III,-0.632599,30.255705,20637,86812
rGyQQOXQlhl,Bugongi HC II,Kigezi,Kanungu District,HC III,-0.753097,29.792847,23755,108076
VES7ks4zElA,Bwindi Community Hospital,Kigezi,Kanungu District,General Hospital,-0.968857,29.617025,14774,42330
xVcciOrRKKB,Ntungamo HC II,Kigezi,Kanungu District,HC III,-0.873319,29.638917,18989,58979
aRwFP1c5PuU,Butogota HC II,Kigezi,Kanungu District,HC II,-0.880949,29.640688,20329,60170
x65jpp0WQnc,Kayonza Tea Factory HC III,Kigezi,Kanungu District,HC III,-0.87144,29.64422,19340,61457
up5JN6a54eW,Kiringa (Kanungu) HC II,Kigezi,Kanungu District,HC II,-0.836086,29.791665,30883,109689
EC1LoiV2HmY,Nyarutojo HC II,Kigezi,Kanungu District,HC II,-0.835823,29.824358,30823,112970
MqPK80JzT6A,Mummy Drytone HC II,Kigezi,Kanungu District,HC II,-0.824464,29.816128,33079,111928
DE6MbTTGldU,Doctors Health Care Clinic HC II,Kigezi,Kanungu District,HC II,-0.817732,29.800792,32575,111581
CCW0LpJoTnO,Kambuga Hospital,Kigezi,Kanungu District,General Hospital,-0.807992,29.805643,33442,110345
TN8jN40Os3d,Makiro HC III,Kigezi,Kanungu District,HC III,-0.899264,29.77533,28332,83803
Nm3mxuGGRG1,Nyakatare HC III,Kigezi,Kanungu District,HC III,-0.894808,29.770743,27700,85369
tYeqWpugDwu,Bishop Mazzoldi HC II,Kigezi,Kanungu District,HC II,-0.869789,29.778831,29673,99712
EU9ZacQmfpW,Kanungu HC IV,Kigezi,Kanungu District,HC IV,-0.89882,29.77859,29105,84308
bYiacbVu7wC,Kifunjo HC II,Kigezi,Kanungu District,HC II,-0.899686,29.798091,31039,87667
NLIAgxXVsuv,Kanyantorogo HC III,Kigezi,Kanungu District,HC III,-0.829894,29.716534,23019,99498
tomEcRAbdhE,Bugiri HC II,Kigezi,Kanungu District,HC II,-0.841421,29.678086,23959,71267
zu1VixoD4pu,Katete HC III,Kigezi,Kanungu District,HC III,-0.784533,29.751085,22734,110286
N22ImPbP6VG,Kayonza HC III,Kigezi,Kanungu District,HC III,-0.931507,29.676045,15586,63103
gImMO76KTqd,Karangara NGO HC II,Kigezi,Kanungu District,HC II,-0.90077,29.669157,19802,71709
JCKnnzzjWQV,Byumba HC II,Kigezi,Kanungu District,HC II,-0.923575,29.69209,13245,70820
FkcbEK1go53,Mishenyi HC II,Kigezi,Kanungu District,HC II,-0.899336,29.858926,23962,93073
CUxYjeZrx4B,Kihanda HC II,Kigezi,Kanungu District,HC II,-0.836863,29.752089,25212,104014
fqZcI2V5oTR,Kihanda GOVT HC II,Kigezi,Kanungu District,HC II,-0.827382,29.748199,25222,105945
apl1K4t4OHY,Kihembe HC II,Kigezi,Kanungu District,HC II,-0.805481,29.664157,19272,73857
Sfu2d1yi02W,Matanda HC III,Kigezi,Kanungu District,HC III,-0.650288,29.74477,9207,44909
nrjdtsqUSQk,Kibimbiri HC II,Kigezi,Kanungu District,HC II,-0.684535,29.702248,9688,62166
Y4ol7ROPMxQ,Bushere HC II,Kigezi,Kanungu District,HC II,-0.702396,29.720991,16064,75205
q2FFBYtzNoo,Bihomborwa HC II,Kigezi,Kanungu District,HC II,-0.781501,29.672871,25087,73666
WiDK75EptX5,Kihihi HC IV,Kigezi,Kanungu District,HC IV,-0.748161,29.697053,29101,80242
TbdxHVOs0zC,Nyamwegabira HC III,Kigezi,Kanungu District,HC III,-0.784742,29.700772,29224,89113
adbEkXPw0Kk,Kinaaba HC III,Kigezi,Kanungu District,HC III,-1.002202,29.803233,15927,53886
EgpwM2XO0oK,Kinaaba Ngo HC II,Kigezi,Kanungu District,HC II,-1.003731,29.802594,15927,53389
thK2qGR4iAo,Kirima HC III,Kigezi,Kanungu District,HC III,-0.869198,29.747447,24610,95571
RD3AHbG3X9A,Kitariro HC II,Kigezi,Kanungu District,HC II,-0.88307,29.720462,18367,86336
CIz5smUn1p1,Rubimbwa HC II,Kigezi,Kanungu District,HC II,-0.86404,29.71081,21277,85550
Jw5D6vK2hRT,Kazuru HC II,Kigezi,Kanungu District,HC II,-0.899618,29.732041,17877,82719
s5LS26QGqzl,Mpungu HC III,Kigezi,Kanungu District,HC IV,-0.977996,29.718637,7919,44102
aOGoACfpdPw,Kanyanshogi HC II,Kigezi,Kanungu District,HC II,-0.999953,29.726627,7681,38243
Si7fnPL4oQb,Burora (Kanungu) HC II,Kigezi,Kanungu District,HC II,-0.870224,29.836186,25272,109496
dLltT9lhShc,Nyakinoni HC II,Kigezi,Kanungu District,HC II,-0.752126,29.746808,28215,100333
oe5SuoS1cNO,Mburamizi Army Barracks HC III,Kigezi,Kanungu District,HC III,-0.776584,29.733931,26871,106413
piH0rNCoLGX,Samaria HC II,Kigezi,Kanungu District,HC II,-0.720198,29.747057,22854,81778
JuUwhPLtSXN,Rushaka HC II,Kigezi,Kanungu District,HC II,-0.640134,29.779005,10913,48111
UQKvb926FKp,Nyakashozi HC III,Kigezi,Kanungu District,HC III,-0.699696,29.768835,21086,77742
bSj21Ydq4fP,Nyamirama HC III,Kigezi,Kanungu District,HC III,-0.701365,29.768605,21353,78824
PR3iWtZLeMK,Kazinga (Kanungu) HC II,Kigezi,Kanungu District,HC II,-0.756911,29.658844,24546,62089
IdRkJotD2zZ,Rugyeyo HC III,Kigezi,Kanungu District,HC IV,-0.898791,29.829292,27978,92613
xbHb2porYoF,Bukunga HC II,Kigezi,Kanungu District,HC II,-0.924518,29.845633,22586,88083
fUPJVU6p7Ur,Mafuga HC II,Kigezi,Kanungu District,HC II,-1.024119,29.847027,14677,66864
uTkySNCx3j2,Rutenga HC III,Kigezi,Kanungu District,HC III,-0.982467,29.846594,14900,73651
VrwsJVs8Jay,Kisoro Kagunga HC II,Kigezi,Kisoro District,HC II,-1.193717,29.733343,26033,110352
V5l3C1YQlLa,Gateriteri HC III,Kigezi,Kisoro District,HC III,-1.220282,29.753439,33547,135906
p3y6tUhOXnp,Buhozi HC III,Kigezi,Kisoro District,HC III,-1.190814,29.633654,20143,77649
pCvTmt48vr0,Busanza HC IV,Kigezi,Kisoro District,HC IV,-1.2145,29.62178,21612,92122
B55xKoaIL2O,Gitovu HC II,Kigezi,Kisoro District,HC II,-1.179657,29.588693,15618,43757
CZX2FFWFQd2,St. Cosmas Et Damianus HC II,Kigezi,Kisoro District,HC II,-1.282667,29.690419,80081,199325
y5TRay9JL2E,Kisoro Police HC II,Kigezi,Kisoro District,HC II,-1.2828,29.689084,79652,199089
aK1GSPJrhjK,Chahafi HC IV,Kigezi,Kisoro District,HC IV,-1.335206,29.77302,25975,97927
oJjQxwDB9EW,Nyabihuniko HC III,Kigezi,Kisoro District,HC III,-1.314656,29.727163,56278,163891
GmqP04IuDMU,Muganza HC II,Kigezi,Kisoro District,HC II,-1.299131,29.719689,75600,179545
zsTmFCXKiZw,Clare Nsenga HC III,Kigezi,Kisoro District,HC III,-1.335812,29.73726,32924,132788
lJf5crQrZpO,Kagezi HC III,Kigezi,Kisoro District,HC III,-1.284067,29.771351,42565,155967
zAPmrjVeufo,Kagano HC III,Kigezi,Kisoro District,HC III,-1.260084,29.767208,39861,165934
bAyAiJKq92R,Rutaka HC III,Kigezi,Kisoro District,HC III,-1.159068,29.654057,17764,70576
UzktdjDR9QA,Kalehe HC II,Kigezi,Kisoro District,HC II,-1.195783,29.652215,16940,95712
nNZGVgL6la6,Kinanira HC III,Kigezi,Kisoro District,HC III,-1.191848,29.602172,18537,54322
GoIPHYEhRQa,Gisozi HC II,Kigezi,Kisoro District,HC II,-1.343877,29.626583,32385,106528
YItBJnkJB9J,Muramba HC III,Kigezi,Kisoro District,HC III,-1.312606,29.643323,62936,159559
REgJCp1CbEw,Chibumba HC II,Kigezi,Kisoro District,HC II,-1.313533,29.790854,29037,110959
KTTl1ryBZOH,Maregamo HC III,Kigezi,Kisoro District,HC III,-1.329914,29.801083,21481,84273
z62IqCHW3MC,Nteko HC III,Kigezi,Kisoro District,HC III,-1.070477,29.608067,11980,30382
JZGlqJWtPvj,Nkuringo Green Hill HC II,Kigezi,Kisoro District,HC II,-1.078243,29.62672,14069,36623
FF1Tn1yXAdl,Potters Village HC III,Kigezi,Kisoro District,HC III,-1.276276,29.695823,78634,198576
LtDzkJmtyiK,Zindiro HC III,Kigezi,Kisoro District,HC III,-1.268713,29.703113,74116,191827
TEmxmKVJJPa,Gasovu HC III,Kigezi,Kisoro District,HC III,-1.130564,29.613972,15789,51758
O9Bfy1Rf33x,Mutolere Hospital,Kigezi,Kisoro District,General Hospital,-1.261856,29.721663,64684,182800
cfVjkhcqQqr,Nyakabande HC III,Kigezi,Kisoro District,HC III,-1.279419,29.742081,60656,173807
YkBBFeYKfJJ,Rwingwe HC III,Kigezi,Kisoro District,HC III,-1.245846,29.713681,49990,174959
YONDrE3sJZW,Mburabuturo HC II,Kigezi,Kisoro District,HC II,-1.243097,29.747305,41821,164542
PncHhF14R0N,Nyakinama HC III,Kigezi,Kisoro District,HC III,-1.287623,29.662458,76324,185728
Mfo9cyDp5GV,Chihe HC II,Kigezi,Kisoro District,HC II,-1.26266,29.68227,65692,194121
a9bKfr5vZOt,Nyamatsinda HC II,Kigezi,Kisoro District,HC II,-1.136795,29.725609,19974,70884
j1c8wmQO6d7,Iremera HC III,Kigezi,Kisoro District,HC III,-1.165208,29.747128,25045,92997
mYuOdMX1yD9,Busengo HC II,Kigezi,Kisoro District,HC II,-1.240616,29.630152,31177,132412
xK1NgGOVu2D,Gasovu HC II,Kigezi,Kisoro District,HC II,-1.315557,29.701818,68214,182762
Pgi000QNqrV,Nyarusiza HC III,Kigezi,Kisoro District,HC III,-1.320634,29.678937,62842,177438
UFktNmysy5b,Mulehe HC II,Kigezi,Kisoro District,HC II,-1.227279,29.736499,35153,151057
rxnRNKvVVX1,Ikamiro (Kisoro) HC II,Kigezi,Kisoro District,HC II,-1.168542,29.728495,24970,87308
aLRO2msaA9p,Bukimbiri HC III,Kigezi,Kisoro District,HC III,-1.201042,29.707952,21398,126116
GTtwaqeomFa,Rubuguri HC IV,Kigezi,Kisoro District,HC IV,-1.125764,29.68279,17458,64036
gXiG10Hmt7w,Afya Clinic,Kigezi,Kisoro District,Clinic,-1.287551,29.685692,79796,197866
w1j88WSCzGS,Kiramira Maternity Home Clinic,Kigezi,Kisoro District,HC II,-1.282809,29.698391,81889,197614
FHIEdqBZAll,Kisoro Hospital,Kigezi,Kisoro District,General Hospital,-1.283792,29.682303,77934,196928
Lz5IMmqsLcZ,Bubare HC III,Kigezi,Rubanda District,HC III,-1.219733,29.945734,45894,153172
va10Q2xw6aP,Rubanda Kagunga HC II,Kigezi,Rubanda District,HC II,-1.268431,29.880709,19149,97815
mKA5ZnJiBAm,Kishanje HC II,Kigezi,Rubanda District,HC II,-1.299822,29.863701,19217,75543
l9dGMGtxEOi,Bufundi HC III,Kigezi,Rubanda District,HC III,-1.290116,29.860022,19454,82987
al1YS0cXGLZ,Mugyera HC II,Kigezi,Rubanda District,HC II,-1.315796,29.89471,19522,71834
FO9C6xA3sMS,Kagarama HC II,Kigezi,Rubanda District,HC II,-1.243907,29.916858,27499,145548
Gs7eHzXTWS8,Kibuzigye HC II,Kigezi,Rubanda District,HC II,-1.196444,29.894933,24162,120449
aNQeY1nmnoO,Mpungu HC III,Kigezi,Rubanda District,HC III,-1.080489,29.917088,19121,88163
I7uF67sMlqp,Shebeya HC II,Kigezi,Rubanda District,HC II,-1.11463,29.9375,23802,90742
nZ9o373Dt8R,Green Valley HC II,Kigezi,Rubanda District,HC II,-1.092888,29.887111,22574,85478
IoUHZUjV32f,Kigazi HC II,Kigezi,Rubanda District,HC II,-1.169541,29.90926,27380,113556
dILdbpei9pW,Kakore HC III,Kigezi,Rubanda District,HC III,-1.157575,29.924804,28218,108056
GzCsU3tbMbg,Hamurwa HC IV,Kigezi,Rubanda District,HC IV,-1.131876,29.909,27980,94995
S1qinK4bVGQ,Ikumba HC III,Kigezi,Rubanda District,HC III,-1.114332,29.81833,20335,81130
onojMI59QKi,Heal Medical Centre HC II,Kigezi,Rubanda District,HC II,-1.15319,29.84947,27106,103359
GFVQCVpczFQ,Mushanje HC II,Kigezi,Rubanda District,HC II,-1.096142,29.854328,20760,82186
lC60BUrGZlW,Nyamabare HC II,Kigezi,Rubanda District,HC II,-1.098719,29.8518,21169,82680
gdeudj1XyvX,Kacerere HC II,Kigezi,Rubanda District,HC II,-1.276344,29.854172,20517,93408
x6fCr9Or7HE,Kashasha HC II,Kigezi,Rubanda District,HC II,-1.34202,29.870641,16000,56669
pyMlFkRcGtU,Muko COU Health Centre III,Kigezi,Rubanda District,HC III,-1.202061,29.812603,32057,109672
gOFecbOs5XI,Muko Ngo HC III,Kigezi,Rubanda District,HC III,-1.208105,29.807157,31685,111733
ikI1GDwtNnW,Kyenyi HC II,Kigezi,Rubanda District,HC II,-1.192283,29.866297,25652,114123
SbpYxki4Tj3,Kabere HC II,Kigezi,Rubanda District,HC II,-1.220207,29.891837,23600,122132
UnfVUsFtgRQ,Kaara HC II,Kigezi,Rubanda District,HC II,-1.168725,29.785251,25550,102842
nYVXdRkY7pd,Ikamiro Ngo HC II,Kigezi,Rubanda District,HC II,-1.236461,29.830223,28499,107772
HEnvHqA8JB6,Ikamiro (Rubanda) HC II,Kigezi,Rubanda District,HC II,-1.246661,29.838075,24763,104749
iV5xU1J8Vbx,Butare HC II,Kigezi,Rubanda District,HC II,-1.203676,29.806313,32103,111118
abtrhUk5vt2,Ihunga (Rubanda) HC II,Kigezi,Rubanda District,HC II,-1.141035,29.781735,21319,93122
ZhpuIm9GBog,Bwindi HC III,Kigezi,Rubanda District,HC III,-1.162401,29.9812,23347,116639
oZVIABxg51n,Bigungiro HC II,Kigezi,Rubanda District,HC II,-1.20877,29.9997,43002,161150
aH4vG0wm5U0,Nangara HC II,Kigezi,Rubanda District,HC II,-1.188919,29.964305,34639,147112
V5s2f18WoNf,Hakishenyi HC II,Kigezi,Rubanda District,HC II,-1.171679,29.992782,23677,128893
sZTtPBEc8Sm,Rubanda District HQ HC II,Kigezi,Rubanda District,HC II,-1.146369,29.854281,27087,101084
QTU5FkY0Zjl,Rubanda PHC HC III,Kigezi,Rubanda District,HC III,-1.124014,29.861511,24969,92681
YTxnLBZCFwA,Muko GH,Kigezi,Rubanda District,General Hospital,-1.167157,29.843216,27825,106925
OpTk62jg5SB,Nyaruhanga HC II,Kigezi,Rubanda District,HC II,-1.149377,29.874206,28855,102027
DdplPxXfmOB,Nyaruhanga Ngo HC II,Kigezi,Rubanda District,HC II,-1.138819,29.867167,27231,98719
aZMReDgAp1Q,Kiyebe HC II,Kigezi,Rubanda District,HC II,-1.047497,29.827959,14160,63276
IPNA7SxofKw,Ruhija HC III,Kigezi,Rubanda District,HC III,-1.027731,29.781111,13487,46224
avzQnIvljoV,Ruhija HC II,Kigezi,Rubanda District,HC II,-1.029954,29.778938,12976,46003
sBBTrshNwgt,Kyerero HC II,Kigezi,Rukiga District,HC II,-1.149437,30.081169,25196,94152
zF8a3ecq3qd,Karorwa HC II,Kigezi,Rukiga District,HC II,-1.228618,30.141465,27329,87569
NkER3oDFQZb,Kandago HC II,Kigezi,Rukiga District,HC II,-1.16323,30.086952,27440,97397
Z75FXqkhIGF,Kamwezi Kashekye Health Centre III,Kigezi,Rukiga District,HC III,-1.257726,30.183183,14619,57886
TsDWptFDnmn,Kyogo HC III,Kigezi,Rukiga District,HC III,-1.211906,30.171615,21345,79527
V27Y8nNYfSH,Nyakihanga HC II,Kigezi,Rukiga District,HC II,-1.247434,30.197162,15229,52374
Y7E0R7jy1qx,Rwenyangye HC II,Kigezi,Rukiga District,HC II,-1.171626,30.164733,23106,89754
Yy2ZLOpEx2S,Kamwezi HC IV,Kigezi,Rukiga District,HC IV,-1.221447,30.215992,15608,48249
OFHXaWocktQ,Kibanda HC II,Kigezi,Rukiga District,HC II,-1.194847,30.239581,13110,42211
IjpDd26Damv,Mukyogo HC II,Kigezi,Rukiga District,HC II,-1.088779,29.967501,20278,81441
aP7HPJbm5x2,Bucundura HC II,Kigezi,Rukiga District,HC II,-1.060775,29.948131,20762,84224
VO2fWcsuUZe,Kafunjo-Nyakarambi HC II,Kigezi,Rukiga District,HC II,-1.04485,29.943635,22995,82665
jtrHsubBsqd,Kashambya HC III,Kigezi,Rukiga District,HC III,-1.048814,29.982289,18993,83877
bCuS4DX8Emh,Kitanga HC II,Kigezi,Rukiga District,HC II,-1.097261,30.020792,16358,77215
CWbuLp56zb8,Kitanga Hilbe HC IV,Kigezi,Rukiga District,HC IV,-1.114944,30.031338,17781,79816
fg0BECcPW6E,Kitunga (Kashambya) HC II,Kigezi,Rukiga District,HC II,-1.091623,30.024525,16195,76972
aDIY8RVC9J0,Nyakashebeya HC II,Kigezi,Rukiga District,HC II,-1.045471,30.00718,18902,83531
xCwtCKbBGr4,Clinic Africa Muhanga,Kigezi,Rukiga District,HC II,-1.170326,30.122026,28964,101025
afqb57VEJp3,Bukinda HC III,Kigezi,Rukiga District,HC III,-1.202083,30.128365,29332,97776
uijXWY3ImLP,Nyabirerema HC II,Kigezi,Rukiga District,HC II,-1.212156,30.12744,29503,96750
SQlEN22KQM2,Kakatunda HC III,Kigezi,Rukiga District,HC III,-1.202646,30.123472,29444,98302
Vo9Zh79E6OP,Rotom Clinic,Kigezi,Rukiga District,Clinic,-1.172438,30.126504,29512,100897
lFAveMrpNVa,Muhanga HC II,Kigezi,Rukiga District,HC II,-1.17001,30.122753,28929,100878
eJzlHnYHBcW,Mparo HC IV,Kigezi,Rukiga District,HC IV,-1.165325,30.040231,23805,101518
fwXHhVfG1tX,Kihanga HC III,Kigezi,Rukiga District,HC III,-1.176838,30.048073,23594,113848
bheELZZ9xQ6,Nyarurambi HC II,Kigezi,Rukiga District,HC II,-1.180079,30.06367,23760,107238
e1yDQz1fohd,Noozi HC II,Kigezi,Rukiga District,HC II,-1.145694,30.016568,20447,88706
j1eV7w83owz,Nyakarambi HC II,Kigezi,Rukiga District,HC II,-1.168678,30.067593,24006,100357
UMFeO5h1QMQ,Rwanjura HC II,Kigezi,Rukiga District,HC II,-1.110942,30.053445,17684,79266
YuUpqfwLsis,Ibugwe HC II,Kigezi,Rukiga District,HC II,-1.176674,30.085772,27961,100127
PtwSvLOzWkU,Ibumba HC II,Kigezi,Rukiga District,HC II,-1.196496,30.090921,31299,103901
TsRbYJTL3bk,Kahama HC III,Kigezi,Rukiga District,HC III,-1.130587,30.078267,21712,89193
ae19RGdM9V8,Kitojo (Rwamucucu) HC II,Kigezi,Rukiga District,HC II,-1.136794,30.049564,20828,85478
nINXgKXld0b,Burama HC II,Kigezi,Rukungiri District,HC II,-0.640256,29.839693,16283,61237
gbBl9ETEePr,Bikurungu HC III,Kigezi,Rukungiri District,HC III,-0.643171,29.841867,16883,63574
YqEHprBuGhN,Kyaburere HC II,Kigezi,Rukungiri District,HC II,-0.712876,29.832167,21954,92438
aG2h9UI08nA,Bugangari HC IV,Kigezi,Rukungiri District,HC IV,-0.717167,29.855356,23813,102862
aeuGMylOmSs,Rwengiri HC III,Kigezi,Rukungiri District,HC III,-0.667064,29.878159,22413,86498
UXT0P7XefiI,Rwakigaju HC II,Kigezi,Rukungiri District,HC II,-0.762536,29.827944,26170,114905
tW4Pp6ngDrJ,Katerampungu HC II,Kigezi,Rukungiri District,HC II,-0.721504,29.818549,22270,95322
aCql1TMKcpb,Nyakariro HC II,Kigezi,Rukungiri District,HC II,-0.768011,29.84263,28929,124789
lYcZavJEBXg,Nyabiteete HC II,Kigezi,Rukungiri District,HC II,-0.706387,29.899294,26160,110357
jsptdk3Pffa,St. Sabena HC II,Kigezi,Rukungiri District,HC II,-0.727049,29.979982,30377,126182
rZMLEmPz84F,Rutooma (Buhunga) HC II,Kigezi,Rukungiri District,HC II,-0.755612,29.983636,27740,132949
ve5j2Ed30wv,Rusheeshe HC III,Kigezi,Rukungiri District,HC III,-0.726436,29.980742,30466,125437
LLCOrTAVtpK,Buhunga HC IV,Kigezi,Rukungiri District,HC IV,-0.74603,29.98671,28331,130393
PUUsBLjRd6C,Bwanda (Rukungiri) HC II,Kigezi,Rukungiri District,HC II,-0.708187,29.964221,31045,120798
vGnepKVWbcP,Kakamba (Rukungiri) HC II,Kigezi,Rukungiri District,HC II,-0.744481,29.963657,29057,134816
JzvyKeN1NIO,Kibirizi HC III,Kigezi,Rukungiri District,HC III,-0.776895,30.021888,26955,126608
VXtT7kHBfnD,Murama (Buhunga) HC II,Kigezi,Rukungiri District,HC II,-0.754069,30.004118,28266,126016
Q1JX8uSOCPi,Rwamuhima HC II,Kigezi,Rukungiri District,HC II,-0.802482,29.953448,45897,134521
yHKSwGqmyt8,Buhandagazi HC II,Kigezi,Rukungiri District,HC II,-0.849477,29.926184,27767,123270
rjqt65yvgKq,Kafunjo Ngo HC II,Kigezi,Rukungiri District,HC II,-0.830865,29.937156,37340,127965
O08DLNHkZfa,Kasheshe HC III,Kigezi,Rukungiri District,HC III,-0.866613,29.908404,22589,115989
WUuQukdG6s0,Kitojo Ngo HC II,Kigezi,Rukungiri District,HC II,-0.868894,29.941551,25190,111720
uOMzRaUbGoG,Nyakabungo HC II,Kigezi,Rukungiri District,HC II,-0.884138,29.906635,22023,98224
vZFtZmTVXjD,Rubanga HC II,Kigezi,Rukungiri District,HC II,-0.875415,29.976249,25751,101828
GXtx1hGsYjf,Rwakirungura HC II,Kigezi,Rukungiri District,HC II,-0.839681,29.981157,33925,122072
CnnSKNqSe8z,Kyamakanda HC II,Kigezi,Rukungiri District,HC II,-0.822133,29.969091,35294,131163
abHQOTY0rmo,Buyanja HC III,Kigezi,Rukungiri District,HC III,-0.834415,29.966409,33571,126746
ULzK22O6n0E,Bukiriro Clinic HC II,Kigezi,Rukungiri District,HC II,-0.834226,29.967316,33641,126759
aSMFrJoUBsM,Kikongi HC II,Kigezi,Rukungiri District,HC II,-0.66551,29.819709,17684,69899
ACeIX77jOBg,Bwambara HC III,Kigezi,Rukungiri District,HC III,-0.602535,29.815753,9777,35852
zOO1rP04nd0,Kikarara HC II,Kigezi,Rukungiri District,HC II,-0.577073,29.771235,5518,22118
yyNktXIIvgn,Rwenshama (GOVT) HC III,Kigezi,Rukungiri District,HC III,-0.412251,29.777796,2648,7481
YQHYY7tXAcO,North Kigezi HC IV,Kigezi,Rukungiri District,HC IV,-0.793007,29.927673,47015,131885
TRn2nv6UTWb,Kyatoko HC II,Kigezi,Rukungiri District,HC II,-0.778867,29.941646,45259,133510
HWRAf8iPCDW,Katwekamwe HC II,Kigezi,Rukungiri District,HC II,-0.785188,29.972688,36258,135643
yNzhd0wG9MO,TASO Rukungiri Special Clinic,Kigezi,Rukungiri District,Clinic,-0.780772,29.925188,46543,132431
a671pOYElqv,Rukungiri Prisons HC II,Kigezi,Rukungiri District,HC II,-0.783861,29.926493,46578,132407
krX5G0oMDPX,Rukungiri Police HC III,Kigezi,Rukungiri District,HC III,-0.788322,29.926522,46872,132099
amaqHI7PUL2,Rukungiri HC IV,Kigezi,Rukungiri District,HC IV,-0.781187,29.924501,46642,132358
aR0P43jcGZM,Garubunda HC II,Kigezi,Rukungiri District,HC II,-0.827934,30.00187,34386,124302
M2AzPjEms5H,Kahengye HC II,Kigezi,Rukungiri District,HC II,-0.83015,30.044476,32896,118190
BLPrlr5KELk,Kavuuya Memorial HC III,Kigezi,Rukungiri District,HC III,-0.877978,30.019885,23946,98861
Th69WKFWepR,Kebisoni HC IV,Kigezi,Rukungiri District,HC IV,-0.857349,30.015438,29431,104763
KPpGdhcZvNE,Karuhembe HC III,Kigezi,Rukungiri District,HC III,-0.802082,30.035476,27135,122664
ivMQpg69xwD,Bikungu HC II,Kigezi,Rukungiri District,HC II,-0.802297,29.980037,33176,134083
ba44JvPeYSn,Ndama HC III,Kigezi,Rukungiri District,HC III,-0.831615,30.014235,33719,116817
DZjkWHQOCGg,Nyakazinga HC II,Kigezi,Rukungiri District,HC II,-0.816416,30.035091,30387,120432
TU0V0BpQIpB,St. Mark Mabanga HC II,Kigezi,Rukungiri District,HC II,-0.796524,30.040967,26362,123007
kLgmLxMJP9O,Nyakagyeme HC III,Kigezi,Rukungiri District,HC III,-0.796885,29.881062,40571,131856
g0ayW89a5au,Nyakinengo HC II,Kigezi,Rukungiri District,HC II,-0.838724,29.886994,24441,130365
any4HvzIRxY,Rugando HC II,Kigezi,Rukungiri District,HC II,-0.859869,29.879168,21701,120417
R5d0IRBycDO,Ruteete HC II,Kigezi,Rukungiri District,HC II,-0.78961,29.862408,31573,129300
MGz2wiacJ0H,Bigaaga HC II,Kigezi,Rukungiri District,HC II,-0.785165,29.836206,32985,122903
Lz3AalNYjUp,Bucence HC II,Kigezi,Rukungiri District,HC II,-0.808412,29.893871,44276,132004
NIX2Ehd9T7h,Kahoko HC II,Kigezi,Rukungiri District,HC II,-0.822723,29.865473,26993,132071
IeJFTToR5LL,Masya HC II,Kigezi,Rukungiri District,HC II,-0.746589,29.897297,31465,127256
mxmNtjYy0DP,Masya Ngo HC II,Kigezi,Rukungiri District,HC II,-0.733695,29.921137,27752,131784
aORai5w2IbF,Mitooma HC II,Kigezi,Rukungiri District,HC II,-0.835631,29.869047,23799,131686
s17o1wGsBGT,Ngoma HC II,Kigezi,Rukungiri District,HC II,-0.962982,29.96248,25315,88982
DjB72S6GhfB,Nyakishenyi Ngo HC III,Kigezi,Rukungiri District,HC III,-0.958641,29.909146,20839,86268
oKUibPXdpfx,Nyarugando HC II,Kigezi,Rukungiri District,HC II,-0.91524,29.94388,21406,91322
sDL3xZ4aHxw,Kafunjo (Nyakishenyi) HC II,Kigezi,Rukungiri District,HC II,-1.016203,29.922943,25474,82131
ajC9LOThoYj,Katonya HC II,Kigezi,Rukungiri District,HC II,-0.983924,29.888131,18377,81212
xCowz1yluaZ,Murama HC II,Kigezi,Rukungiri District,HC II,-0.92161,29.866761,21235,88215
UKwlyClQ3AR,Nyakishenyi HC III,Kigezi,Rukungiri District,HC III,-0.949803,29.902155,21109,87103
abkrPoxTyG2,Kabuga HC II,Kigezi,Rukungiri District,HC II,-1.008046,29.966825,27306,87823
H3x1hRwGwLM,Bunono HC II,Kigezi,Rukungiri District,HC II,-1.025254,30.042253,19713,82196
YUxhiO9JI6k,Burora (Nyarushanje ) HC II,Kigezi,Rukungiri District,HC II,-0.973157,30.045823,20440,77536
aORNRKO8Y00,Bwanga HC II,Kigezi,Rukungiri District,HC II,-0.953912,30.040159,19136,77079
J5lFjhtApU5,COU Kisiizi Hospital,Kigezi,Rukungiri District,General Hospital,-0.997579,29.944642,27385,85684
JTO4v1VkUuu,Ibanda (Nyarushanje) HC II,Kigezi,Rukungiri District,HC II,-1.001844,30.006704,21044,88794
rSlgLL0D4py,Ihunga (Rukungiri) HC II,Kigezi,Rukungiri District,HC II,-1.013028,30.052652,21171,80404
TsELcr5sajj,Kisiizi HC III,Kigezi,Rukungiri District,HC III,-0.995185,29.935821,27312,85243
SQIL4IUKr5H,Nyabushenyi HC II,Kigezi,Rukungiri District,HC II,-0.92834,29.976028,19996,90390
mPeGNV8s5Xl,Nyarushanje HC III,Kigezi,Rukungiri District,HC III,-0.998284,29.987227,24405,89519
vrGLB32cp8S,Ruyonza HC II,Kigezi,Rukungiri District,HC II,-0.97117,29.990202,24669,87406
rCwBrwfxYmO,St. Jancinta Nyamakukuru HC III,Kigezi,Rukungiri District,HC III,-0.974469,30.031801,21354,80874
zFZBz4du0us,Nyarwimuka HC II,Kigezi,Rukungiri District,HC II,-0.628665,29.879346,16534,72653
oZGP4SNOqtz,Nyakanyinya HC II,Kigezi,Rukungiri District,HC II,-0.71326,29.957873,30282,125900
kXJkfnWxIIw,Ndere HC II,Kigezi,Rukungiri District,HC II,-0.712712,29.938547,28554,126743
aHPLLEMdB4o,Burombe HC III,Kigezi,Rukungiri District,HC III,-0.680876,29.944713,30430,114820
HYR3olhofDD,Ruhinda HC III,Kigezi,Rukungiri District,HC III,-0.684199,29.947262,30606,115674
p3Ifvi7bHDa,Rwenshama (NGO) HC II,Kigezi,Rukungiri District,HC II,-0.661574,29.908763,25401,98201
WxoWyxgcd8T,Rwabukoba HC II,Kigezi,Rukungiri District,HC II,-0.667637,29.940695,29885,112114
dzVt4uU3KHJ,Rwerere HC II,Kigezi,Rukungiri District,HC II,-0.792247,29.84462,33723,126485
N57ydf9ABlg,Karoli Lwanga (Nyakibale) Hospital,Kigezi,Rukungiri District,General Hospital,-0.803727,29.931348,47145,131448
a5v8uyy8Rdt,Marumba HC II,Kigezi,Rukungiri District,HC II,-0.819528,29.915887,44761,125686
s0zpjmlFHb3,Rwakabengo HC III,Kigezi,Rukungiri District,HC III,-0.803738,29.918113,47633,128759
ga2aaZ8nwgT,Karangaro HC II,Kigezi,Rukungiri District,HC II,-0.753209,29.926182,39026,133052
O4sKsWoxekL,Kitimba HC III,Kigezi,Rukungiri District,HC III,0.296324,32.267434,12358,64725
pk373UmcJEF,Alanyi HC IV,Lango,Alebtong District,HC IV,2.132561,33.262684,24038,76430
yDPmjwoOIxi,Abako HC III,Lango,Alebtong District,HC III,2.142672,33.224323,21839,69929
SNwc1CQIXTN,Abia HC II (Abia Subcounty),Lango,Alebtong District,HC II,2.438593,33.116579,11281,44004
MVYYKgICwep,Oteno HC II,Lango,Alebtong District,HC II,2.392556,33.13107,11211,46974
klwx6rSe63o,Adwir HC III,Lango,Alebtong District,HC III,2.288734,33.472917,5089,23553
aUSFthg4pyX,Anyanga HC II,Lango,Alebtong District,HC II,2.321527,33.176284,14247,56875
q2vSqN5xoZL,Aloi Mission HC III,Lango,Alebtong District,HC III,2.265514,33.139568,20161,65689
zkvmBd2YoxG,Akura HC II,Lango,Alebtong District,HC III,2.350935,33.10392,12029,54843
RdmsO9Kftg9,Alebtong HC IV,Lango,Alebtong District,HC IV,2.261069,33.23674,16531,59300
NrUmuqO5ggm,Anara HC II,Lango,Alebtong District,HC III,2.362894,33.215068,11642,40244
taqtXzzxCQm,Alelluyah Joint Maternity Clinic,Lango,Alebtong District,HC II,2.269552,33.177033,21345,64442
acBVtDN7cmd,Amugu HC III,Lango,Alebtong District,HC III,2.09849,33.332757,20017,71991
c5ebeykuexn,Angetta HC III,Lango,Alebtong District,HC III,2.186478,33.425771,11465,47832
FkHL59DWIav,Obim HC II,Lango,Alebtong District,HC II,2.360588,32.987477,22705,91929
AKNaO98uuZO,Apala HC III,Lango,Alebtong District,HC III,2.401315,33.040898,16117,67242
etPrOnArvd1,Abako-Elim HC II,Lango,Alebtong District,HC II,2.121637,33.202988,18911,70381
hkxODp6OZ1E,Ocan Community Clinic,Lango,Alebtong District,HC II,2.206573,33.192816,14226,69923
aUjs9UBFWGB,Awei HC III,Lango,Alebtong District,HC III,2.177476,33.21157,16827,67703
Ef6JLaKeELl,Omarari HC II,Lango,Alebtong District,HC II,2.284051,33.32732,7479,38725
NakSNp1eO2L,Omoro HC III,Lango,Alebtong District,HC III,2.236437,33.39343,12699,40256
kBCFqr2AhTe,Acii HC III,Lango,Amolatar District,HC III,1.576724,32.637109,8998,38579
n42ELOr1Eil,Awonangiro HC II,Lango,Amolatar District,HC III,1.696345,32.979988,17670,63944
apxYt6pdYil,Alyecmeda HC II,Lango,Amolatar District,HC III,1.602012,32.728047,12653,49330
OMRlmYUqpLa,Alemere Medical Aid HC II,Lango,Amolatar District,HC II,1.633348,32.814771,17661,61983
XazfKCvCCLS,Amolatar HC IV,Lango,Amolatar District,HC IV,1.637358,32.843958,19407,62632
Zk9bvpSxThA,Amai Community Hospital,Lango,Amolatar District,General Hospital,1.790773,32.920713,6422,35110
XQqrn8K8jyL,Aputi HC III,Lango,Amolatar District,HC III,1.723374,32.91396,16793,57937
g4BgRyHMjZL,Arwotcek HC III,Lango,Amolatar District,HC III,1.734847,32.845415,17942,56333
znkGCmU6MUG,Anamwany HC II,Lango,Amolatar District,HC III,1.702659,32.770184,15199,50067
r4txax3dzBl,Etam HC III,Lango,Amolatar District,HC III,1.659987,32.70296,14245,40587
amnweRXxGSV,Nakatiti HC II,Lango,Amolatar District,HC III,1.601193,32.938319,11201,44349
AfPTFLSjJiu,Pamoja Clinic,Lango,Amolatar District,HC II,1.5046,32.702393,8155,23714
QhhZ8aHXOWM,Namasale HC III,Lango,Amolatar District,HC III,1.545434,32.701527,13360,34779
PGth1LJz1Ij,St. Lawrence Clinic,Lango,Amolatar District,HC II,1.494654,32.612458,7686,21622
gK0K0TF0Nci,Biko HC II,Lango,Amolatar District,HC III,1.503754,32.638309,10263,25704
wU5tXMdZ1gF,Friend's  Medicine's Clinic,Lango,Apac District,HC II,1.983918,32.534673,30360,69160
b6QyvVuGsU6,Garden Medical Centre Clinic,Lango,Apac District,HC II,1.982812,32.534175,30226,69084
FFC33H9EiSK,Reproductive Health Uganda (Apac) HC II,Lango,Apac District,HC II,1.98299,32.530551,30266,69108
OeBKA5gCBXG,Apac Hospital,Lango,Apac District,General Hospital,1.978657,32.534205,29584,68766
BOu0a9cWOBP,Apac Prisons HC II,Lango,Apac District,HC II,1.972004,32.502251,25475,67265
ai4gKqwJDeC,Biashara HC II,Lango,Apac District,HC II,1.982577,32.52936,30197,69073
hCraA4l3WGg,Awila Medicare Clinic,Lango,Apac District,Clinic,1.77676,32.37556,6268,24825
aOsept0n3Xn,Kungu HC II,Lango,Apac District,HC III,1.707853,32.130797,8534,21521
rjOHz4O83zh,Akokoro HC IV,Lango,Apac District,HC IV,1.696479,32.39187,5903,19572
IMl0Xl3RQJD,Atar HC II,Lango,Apac District,HC II,2.042814,32.595691,13310,72254
hGkzDlFnBcB,Olelpek HC III,Lango,Apac District,HC III,1.889942,32.543721,10636,40676
x6tiiRt28yz,Apoi HC III,Lango,Apac District,HC III,1.733937,32.498317,5300,18341
EEQf2mLM09R,Wansolo HC II,Lango,Apac District,HC II,1.675458,32.502097,2026,10368
TGO08DZfxK1,Ayago HC II,Lango,Apac District,HC II,1.823801,32.47416,5826,26089
W83VWHmb5NW,Apac Police HC II,Lango,Apac District,HC II,1.985423,32.531566,30565,69292
pnX83NIrhAk,Florence Nightingale Hospital,Lango,Apac District,General Hospital,1.989723,32.544756,30770,69356
RtLANRdFvdh,Chegere HC II,Lango,Apac District,HC II,2.094809,32.513433,17022,56377
FEZi25VoZOd,Kidilani HC II,Lango,Apac District,HC III,2.050572,32.383754,10996,39457
X0AF0OZbOD9,St. Anne Hospital,Lango,Apac District,General Hospital,1.943447,32.395021,11403,37566
WlshDuLYh4b,Alworoceng HC II,Lango,Apac District,HC II,1.981035,32.366684,9070,36040
CVoCN3sspyt,Alado HC II,Lango,Apac District,HC II,1.896795,32.433123,10142,38825
Qjo6d9XrGLZ,Aganga HC III,Lango,Apac District,HC III,1.759237,32.160366,5965,22052
y0XcpybCou1,Provita Care Clinic,Lango,Apac District,Clinic,1.894487,32.376931,9422,33899
M8mSJi1Qcah,Ibuje HC III,Lango,Apac District,HC III,1.897859,32.378492,9508,34433
eR77udlIWIM,Alenga HC III,Lango,Apac District,HC III,1.848572,32.351053,10312,28183
hVamgpmtonX,Teboke HC III,Lango,Apac District,HC III,2.199591,32.587205,18808,71230
am0CWdRoImq,Awelo HC II,Lango,Dokolo District,HC III,1.734588,33.040331,17578,61426
edmPMqBbzJw,Adok Maternity Home,Lango,Dokolo District,HC II,2.03046,32.897352,11259,57910
tdWJ67qCYZK,Adok HC II,Lango,Dokolo District,HC III,1.988179,32.918556,11681,59495
lS9T6oCJ5Lc,Bardyang HC II,Lango,Dokolo District,HC II,2.052336,32.911755,12154,59302
I6dPpBBTk04,Adwoki Maternity Home,Lango,Dokolo District,HC II,1.971093,33.063257,13023,58790
sYHZIUFx50X,Agwatta HC III,Lango,Dokolo District,HC III,1.980596,33.04863,12621,56274
H7mo6x8x8yS,Kachung HC II,Lango,Dokolo District,HC II,1.929548,32.970428,12482,56180
GhPOJYsK5di,Amuda HC II,Lango,Dokolo District,HC II,1.982772,32.998717,16952,52160
ac9DA2VJVnk,Amwoma HC II,Lango,Dokolo District,HC III,1.987332,33.131659,16733,69349
RZwOQM4fzR3,Atabu HC II,Lango,Dokolo District,HC II,2.049878,33.133078,14769,61245
qBVBH0yzctn,Alapata HC II,Lango,Dokolo District,HC II,2.087766,33.17074,14333,66757
NunHrloqul7,Bata HC III,Lango,Dokolo District,HC III,2.072639,33.210501,18352,74889
ZDaLDEg8FrX,Bata Medical Center,Lango,Dokolo District,HC II,2.033766,33.205354,18682,71978
AWgqpMWL7Qh,Awiri HC II,Lango,Dokolo District,HC II,1.949369,33.227776,17070,87110
zy3p9lNo0dh,Adagmon HC II,Lango,Dokolo District,HC III,1.986907,33.195199,17723,79316
KBNJtdMGHlZ,Dokolo HC IV,Lango,Dokolo District,HC IV,1.916665,33.174028,24008,75874
RiDHYlvtrzw,Dokolo Maternity Clinic,Lango,Dokolo District,Clinic,1.914006,33.171897,24072,75991
aP04v4fQbSd,Kangai HC III,Lango,Dokolo District,HC III,1.78627,33.08917,16070,73296
qtuW2f0PouE,Kwera Community Maternity Home Clinic,Lango,Dokolo District,HC II,1.83024,32.99919,12891,45251
fxZxvguCeIw,Kwera HC III,Lango,Dokolo District,HC III,1.841201,33.028818,18790,54626
UjMKFe4MIGj,Abalang HC II (Okwalongwen Subcounty),Lango,Dokolo District,HC III,2.027082,33.267396,18363,80524
fb3OMf58qdu,Anyacoto HC III,Lango,Dokolo District,HC III,1.900044,33.043813,16893,61973
dNP6KRlY9L6,Opeta HC II,Lango,Kole District,HC III,2.438446,32.715722,18304,90235
cbh03vX6WVL,St. Francis Clinic (Aboke) HC II,Lango,Kole District,Clinic,2.318349,32.686589,25344,82474
UIhutvdIhqU,Aboke HC IV,Lango,Kole District,HC IV,2.349017,32.68343,24502,83268
mpqPtBSjAgz,Aboke Mission HC III,Lango,Kole District,HC III,2.374633,32.707309,24725,84970
edN6VIEeuHg,Hope Clinic,Lango,Kole District,Clinic,2.178458,32.862355,29374,190133
keb3IXc29je,Tikoling HC III,Lango,Kole District,HC III,2.104014,32.799986,15100,65955
h9Jydxolx2q,Akalo HC III,Lango,Kole District,HC III,2.145792,32.839706,20942,90314
gT0WEPksBPT,Alito Medical Clinic,Lango,Kole District,Clinic,2.430191,32.80516,26077,88539
avAlXE2E7Re,Alito HC III,Lango,Kole District,HC III,2.4394,32.860258,21551,91779
vt2z3wXqBGE,Apalabarowo HC III,Lango,Kole District,HC III,2.352933,32.75845,18848,92962
DBbZ5zoI94F,Ayer HC III,Lango,Kole District,HC III,2.227598,32.643875,19225,75852
syAwMnRR1xn,Bung HC II,Lango,Kole District,HC II,2.266034,32.774704,22783,98472
QIuDUbGaYzM,Otino Wa Clinic,Lango,Kole District,Clinic,2.292179,32.788399,21770,102516
rEncXrvkJ3Z,Bala HC III,Lango,Kole District,HC III,2.189838,32.738336,20696,75925
CPrVE1bWSME,Bala Medical Centre,Lango,Kole District,Clinic,2.189237,32.741849,20665,76162
WNGWQNCU4Kc,Omoladyang HC III,Lango,Kole District,HC III,2.143143,32.672349,19333,71683
alhzoKRyLzY,Okole HC II,Lango,Kole District,HC III,2.273809,32.681963,19590,81965
aznzYiSnKLj,Ayara HC III,Lango,Kole District,HC III,2.358043,32.894568,27070,105823
xzRSc5XHzys,Abongomola HC III,Lango,Kwania District,HC III,1.997416,32.832454,18600,59724
YhPJwSvxDcC,Abedober HC III,Lango,Kwania District,HC III,1.943157,32.851673,13913,61997
vbqYR19aqUK,Apire HC III,Lango,Kwania District,HC III,2.003032,32.682777,21311,71495
nuamH6tXBgC,Surgicare Medical Clinic,Lango,Kwania District,Clinic,2.011151,32.720972,24730,73349
I9WyvgT6PFn,Vision Medicines (U) Ltd Clinic,Lango,Kwania District,Clinic,2.012395,32.720635,24649,73308
WEH3aMvIS0B,Aduku HC IV,Lango,Kwania District,HC IV,1.992841,32.718967,25406,72750
jRxAHetpkG8,King of Peace Clinic,Lango,Kwania District,Clinic,2.021673,32.718112,23886,72781
YrbvkUaWpi1,Aduku Mission HC II,Lango,Kwania District,HC II,1.989875,32.7127,25417,71976
YonWf63H6nG,Morningside Clinic,Lango,Kwania District,Clinic,1.994744,32.725656,24925,73510
ARN4L74688e,St. Luke HC III,Lango,Kwania District,HC III,2.016318,32.721971,24339,73358
Vk97ZCCRqHI,Akali HC III,Lango,Kwania District,HC III,2.084986,32.824681,14074,65928
ak9IdtlLSjV,Abwong HC II,Lango,Kwania District,HC II,2.055794,32.854355,14763,61320
jVBFhGSEcJr,Iwal Maternity Home HC II,Lango,Kwania District,HC II,1.911101,32.630843,11576,49114
CWtHofajIfs,Apwori HC III,Lango,Kwania District,HC III,1.846855,32.701513,11210,38461
RODBUPIK6Qc,Owiny HC III,Lango,Kwania District,HC III,1.922653,32.939783,14995,52750
BRYcaY1oeHd,Abei HC II,Lango,Kwania District,HC II,1.686133,32.598971,3680,15374
tvw7mudvx3r,Chawente HC III,Lango,Kwania District,HC III,1.785708,32.652329,6272,22019
X9SkLC9yE4f,Aninolal HC II,Lango,Kwania District,HC II,2.107243,32.649329,18755,64131
mKvTS1QMd3x,Inomo HC III,Lango,Kwania District,HC III,2.074433,32.677124,18253,69884
ZgwhRJCKYcN,Nambieso HC III,Lango,Kwania District,HC III,1.868593,32.793934,9761,44158
L8aG2wV3SbE,Acwao HC II,Lango,Kwania District,HC II,1.894683,32.716958,16599,56863
ezwvziar0eJ,Lira Municipal HC II,Lango,Lira City,HC II,2.21995,32.917734,107143,239013
tk3I22UqqC8,Megwa Clinic HC II,Lango,Lira City,HC II,2.238133,32.89098,156463,244103
FNoTCqEuWdM,Montana Bay Clinic HC II,Lango,Lira City,HC II,2.218348,32.901003,120724,240964
OjPZpAx86iC,Ngetta HC III,Lango,Lira City,HC III,2.311845,32.926184,36174,205993
aD1S6DBzHJV,Ongica HC III,Lango,Lira City,HC III,2.291629,32.965461,27664,176347
BTQIO9sgvpP,Pag Mission Hospital,Lango,Lira City,General Hospital,2.235718,32.89854,154309,243865
eAyGchPOj8u,Polyclinic HC II,Lango,Lira City,HC II,2.241953,32.898421,156920,244741
hMwLP1XZ3v6,Reproductive Health Uganda (Lira) HC III,Lango,Lira City,HC III,2.240806,32.895734,157092,244618
b27exHAFNPv,AIDS Information Centre (Lira) Special Clinic,Lango,Lira City,Clinic,2.250938,32.89849,156761,245612
XLZVJib9KN7,Akia St. Francis HC II,Lango,Lira City,HC II,2.235584,32.967369,23119,214128
WByrVzVSS8z,Anyangatir HC III,Lango,Lira City,HC III,2.201107,32.93474,43141,224360
AXlKF4953Sh,Ayago HC III,Lango,Lira City,HC III,2.262919,32.923484,116495,241645
aHYpuUgnA4P,Boroboro HC III,Lango,Lira City,HC III,2.190046,32.928734,39266,212392
ThXxupllGxi,Dokolo Medical Centre HC II,Lango,Lira City,HC II,2.24461,32.896972,157454,245001
sRjNKfDKtKB,Erute Prison Health Centre,Lango,Lira City,HC II,2.240775,32.920393,139148,242145
cdZNdamUODG,High Way Clinic HC II,Lango,Lira City,HC II,2.241739,32.898467,156871,244716
DNDNErLjgOa,Lira Army Barracks HC III,Lango,Lira City,HC III,2.245844,32.910148,152463,244121
riFZJMWkiZR,Lira Medical Centre Ltd HC III,Lango,Lira City,HC III,2.244187,32.907671,153790,244281
wHkTdzF4SpR,Adyel HC III,Lango,Lira City,HC III,2.267071,32.883468,141173,245019
pNHDdE8BJt8,Amuca SDA HC III,Lango,Lira City,HC III,2.266695,32.854267,98142,237513
FkTtVWHYtc1,Ayira Health Services,Lango,Lira City,HC II,2.269172,32.895047,140089,245276
amDpMeSgs3P,Barapwo HC III,Lango,Lira City,HC III,2.250101,32.836872,59284,229854
Kc7UIYCljdS,Charis HC III,Lango,Lira City,HC III,2.245739,32.886379,157150,244558
wvZjKQtykpw,Downtown Medical Centre HC III,Lango,Lira City,HC III,2.256288,32.890185,153991,245755
uQv04QaavNU,Gift Life Medical Centre HC III,Lango,Lira City,HC III,2.260516,32.903106,149703,245717
ygGFIj1RyvK,Joint Medical Centre (Ojwina) HC II,Lango,Lira City,HC II,2.250152,32.898964,156993,245535
wqmg1s9R0jI,Lira Maternity Home HC III,Lango,Lira City,HC III,2.241386,32.888357,157293,244302
txg2NyXpr9D,Lira Police HC II,Lango,Lira City,HC II,2.254627,32.899915,155054,245770
Ry65daFfEML,Lira Prisons HC II,Lango,Lira City,HC II,2.253582,32.899722,155556,245737
cK5namCwmbW,Lira Regional Referral Hospital,Lango,Lira City,RRH,2.25158,32.902772,155751,245471
nKEtuqJsd9h,Lira University Hospital,Lango,Lira City,General Hospital,2.256375,32.824452,36591,222041
PtRs8sc4Ngf,Marie Stopes Uganda Lira HC II,Lango,Lira City,HC II,2.242986,32.894179,157575,244825
QSuY37wBp7q,Midtown Imaging Centre,Lango,Lira City,HC II,2.245299,32.896147,157587,245066
j43BgNRDNCd,New Moroto Clinic HC II,Lango,Lira City,HC II,2.244495,32.895924,157565,244990
hdrTrRDuwOU,Ober HC IV,Lango,Lira City,HC IV,2.254106,32.874327,149471,243304
adaEKqgk4SF,Q & J Clinic HC II,Lango,Lira City,HC II,2.261706,32.871628,140736,242893
v23JT7WqKCP,Ronam Medical Clinic HC II,Lango,Lira City,HC II,2.239761,32.890443,157004,244272
RqlBGNLFJWd,Victoria Medical Centre,Lango,Lira City,HC II,2.244606,32.896187,157546,245001
I9nJzN3m8qL,Agali HC III,Lango,Lira District,HC III,2.124353,33.114114,12929,56217
E9a1cflRJZf,Abala HC III,Lango,Lira District,HC III,2.531283,32.975917,14928,59314
nQ6sYUsXbXo,Heaven Of Peace Maternity Home,Lango,Lira District,HC II,2.483058,32.935643,23658,77438
ah2PY0hhVkV,Amach HC IV,Lango,Lira District,HC IV,2.108795,33.006272,17325,67591
FWjfbECnwjS,Aromo Clinic and Maternity Home Clinic,Lango,Lira District,HC II,2.608638,32.840919,13493,52909
SvBwj5ZrWMx,Aromo HC III,Lango,Lira District,HC III,2.613034,32.836219,12567,52129
uw6cL0Wrx8k,Alik HC II,Lango,Lira District,HC III,2.085495,32.886706,14299,69091
vK5YnANfuWd,Widjiko Clinic,Lango,Lira District,Clinic,2.068549,32.948545,14812,61221
a0KEPL0qPbZ,Walela HC II,Lango,Lira District,HC II,2.540617,32.839097,21841,77561
aEgy9oXwPLF,Apuce HC II,Lango,Lira District,HC II,2.564755,32.908209,15741,61370
CpZY2oCsE5i,Barr HC III,Lango,Lira District,HC III,2.247773,33.040235,18816,70649
bySgMOvuyJ2,Abunga HC II,Lango,Lira District,HC II,2.297944,33.04406,17129,72038
OVzIKrDVLHO,Onywako HC II,Lango,Lira District,HC II,2.189234,33.132048,13633,60126
ApVyWDny4Sz,Akangi HC II,Lango,Lira District,HC II,2.385668,32.976677,23551,89531
aRxadClWcFM,Ogur HC IV,Lango,Lira District,HC IV,2.438619,32.936441,22766,86632
I2vtsfZKyVP,Acane HC II,Lango,Otuke District,HC II,2.570883,33.309612,4984,24148
L4ABgSqNsXd,Aliwang HC III,Lango,Otuke District,HC III,2.425379,33.283376,8058,31821
YkLkGLk2Xxz,Alango HC III,Lango,Otuke District,HC III,2.4666960000000002,33.188212,8018,33483
Z3WlLWhRcDR,Barocok HC II,Lango,Otuke District,HC II,2.516124,33.122673,5809,36554
O4N8uOmlbM6,Barjobi HC III,Lango,Otuke District,HC III,2.528393,33.044599,12575,42958
bElmoH9BgXH,Oluro HC II,Lango,Otuke District,HC II,2.464007,33.337253,6615,30919
kGKMylkSAy8,Atangwata HC III,Lango,Otuke District,HC III,2.524144,33.410508,4898,16720
xa8AvzwrPSi,Ogwete HC III,Lango,Otuke District,HC III,2.394728,33.598132,2760,14236
BZzitOCr9TY,Amunga HC II,Lango,Otuke District,HC II,2.525679,33.164966,5429,29675
jmYDcub8QTz,Okwang HC III,Lango,Otuke District,HC III,2.599946,33.149518,8530,25981
aqHWU5eZqU1,Okwongo HC III,Lango,Otuke District,HC III,2.510735,33.264289,8087,27869
G0lOXzOa53Q,Olilim HC III,Lango,Otuke District,HC III,2.445586,33.505687,11595,28853
OkXiLXdu8pG,Anepmoroto HC III,Lango,Otuke District,HC III,2.370252,33.291722,4160,31892
qrRRACcvykX,Ating HC III,Lango,Otuke District,HC III,2.355209,33.396165,8638,30527
FtmVm4r1H3a,Orum HC IV,Lango,Otuke District,HC IV,2.400785,33.348736,8384,31186
dMm3DJNLoe0,Kristina HC III,Lango,Otuke District,HC III,2.385097,33.319593,5154,32228
z2gOui585Sl,Adyegi HC II,Lango,Oyam District,HC II,2.096376,32.378732,8744,39804
KCqaFyGMWjF,Atura HC III,Lango,Oyam District,HC III,2.12537,32.341546,9058,41099
A9Bt9vywHbP,Aber HC II,Lango,Oyam District,HC II,2.206732,32.344261,24129,75740
MJ9v2U4WWzE,Acut HC II,Lango,Oyam District,HC II,2.567097,32.536354,10609,56144
LLYB1JRn1UL,Ariba HC III,Lango,Oyam District,HC III,2.527672,32.553602,12203,58040
ZQ98MZqjZIl,Alao HC II,Lango,Oyam District,HC II,2.34803,32.540722,16560,69695
ab4OBBdke1q,Atipe HC III,Lango,Oyam District,HC III,2.30816,32.444018,13750,57824
DxF0mRh5Ax1,Timagi Community Medical Centre,Lango,Oyam District,HC III,2.295661,32.487522,14306,65698
hPIXVP3f1nP,Abanya HC II,Lango,Oyam District,HC II,2.393146,32.467554,17846,62960
i783Z5CHxyj,Abela HC III,Lango,Oyam District,HC III,2.596272,32.751206,16407,58360
k0CvH2xB5Lg,Aloni HC II,Lango,Oyam District,HC II,2.496403,32.62604,14689,72213
sSviknZTVxG,Divine Tocuch Medical Clinic HC II,Lango,Oyam District,HC II,2.45889,32.586714,20773,70386
OYENvTcFrXW,Iceme HC III (Iceme Subcounty),Lango,Oyam District,HC III,2.464345,32.579286,18895,70422
kJRTTFJR9io,Alira HC III,Lango,Oyam District,HC III,2.458972,32.68256,18237,83551
z035qUkEmvF,Akwangi HC II,Lango,Oyam District,HC II,2.392479,32.590099,17325,73886
WTjTs5zFR6f,Iceme HC III (Iceme Town Council),Lango,Oyam District,HC III,2.431697,32.623832,22375,72653
uyWHBDNJ3QC,Bethel Medical Centre HC II,Lango,Oyam District,HC II,2.344715,32.590327,13408,72670
afiNdCBSzsC,Zambia HC III,Lango,Oyam District,HC III,2.322368,32.286052,13887,62638
cDGKAJzfkpf,St. John XXIII Hospital Aber,Lango,Oyam District,General Hospital,2.23318,32.387398,19015,74239
wip6c7jL6E0,Kamdini HC II,Lango,Oyam District,HC III,2.243359,32.338466,34068,85128
onNJWfJUJKc,Paco Medical Centre HC II,Lango,Oyam District,HC II,2.246546,32.327706,34727,87343
f1aeZ7biIGk,PRAO Medical Centre Clinic,Lango,Oyam District,Clinic,2.247012,32.333646,34237,86590
NYF35p8MsAW,Adyeda Baracks HC II,Lango,Oyam District,HC II,2.275967,32.53748,20953,67649
qQ3wnUFmTck,Adigo HC II,Lango,Oyam District,HC II,2.134061,32.498992,14084,52089
aes9vvQi4Df,Agulurude HC III,Lango,Oyam District,HC III,2.291358,32.609855,16599,74005
QqmvGCcxjPN,Loro Prison HC II,Lango,Oyam District,HC II,2.216951,32.473815,15370,60120
Me8xELAZfkn,Morning Glory Clinic HC II,Lango,Oyam District,HC II,2.244289,32.531076,21535,68915
nJpOMVvfqsv,Aero Medical Center HC II,Lango,Oyam District,HC II,2.244257,32.527302,21673,68188
aB4YnvwOvMk,Loro HC III,Lango,Oyam District,HC III,2.242128,32.532924,21356,69228
bkt3AwinMoZ,Pwoc En Gum Medical Centre HC II,Lango,Oyam District,HC II,2.242688,32.523528,21795,67458
ftNNOiF8eLQ,L&S Medical Centre Clinic,Lango,Oyam District,HC II,2.428032,32.241076,9122,32632
K17kI4DiiW4,His Grace Medical Centre HC II,Lango,Oyam District,HC II,2.447852,32.379256,24672,63036
TG4nYtwDBTr,Minakulu (Aceno) HC II,Lango,Oyam District,HC II,2.445285,32.382779,24335,63317
gZ3NMTYLEMJ,Minakulu HC III,Lango,Oyam District,HC III,2.4462,32.380923,24484,63160
Yg2fCt03DAE,Debrose Medical Clinic HC II,Lango,Oyam District,HC II,2.44799,32.379194,24685,63032
AaYhRxVIDDC,Martyrs Medical Clinic,Lango,Oyam District,HC II,2.461501,32.377966,25535,62931
xKixkx0bkp9,Mar En Rwot HC II,Lango,Oyam District,HC II,2.445817,32.374159,24683,62618
w9roqtex0ih,Acimi HC III,Lango,Oyam District,HC III,2.39165,32.257138,12129,38288
qj8RiqubJhc,Amwa HC II,Lango,Oyam District,HC II,2.320382,32.385614,13146,59062
v6j1bfJMsQu,Faith Trinity Medical Clinic,Lango,Oyam District,HC II,2.492235,32.501588,18247,56513
cyWgf6Xmo8Z,Ngai HC III,Lango,Oyam District,HC III,2.495447,32.495967,18196,55778
taeUtmBHKTF,Otwal HC III,Lango,Oyam District,HC III,2.501194,32.71256,25256,79446
x4fr2px73Bq,Acokara HC III,Lango,Oyam District,HC III,2.55742,32.630651,14377,55403
h7wpkDly8qZ,Oyam Main Prisons HC II,Lango,Oyam District,HC II,2.381606,32.512765,21281,65717
EYklRtOZrwz,Anyeke HC IV,Lango,Oyam District,HC IV,2.387682,32.509779,21548,65665
sHwAlmYg5Hs,Kasubi HC III,North Buganda,Buikwe District,HC III,0.296785,32.970906,19795,136330
U4PSDjSLsi2,Health Initiative Association HC III,North Buganda,Buikwe District,HC III,0.348997,33.014232,35352,146219
aClaerhXk59,Buikwe St. Charles Lwanga Hospital,North Buganda,Buikwe District,General Hospital,0.339462,33.032145,36222,124321
D2O6Qzf4hl8,Health Initiative For Africa HC III,North Buganda,Buikwe District,HC II,0.344938,33.028173,35528,132498
cK5zkZIUFsN,Buikwe HC III,North Buganda,Buikwe District,HC III,0.344155,33.026435,35549,135185
analluLubfV,Busabaga HC III,North Buganda,Buikwe District,HC III,0.296769,32.906529,15875,121498
GiEDg9V9JjR,Kasaku HC II,North Buganda,Buikwe District,HC II,0.363273,32.891096,60140,161090
VWQL8uhCRH4,Eng Brigade Military Lugazi HC III,North Buganda,Buikwe District,HC III,0.371347,32.912145,78607,154561
yfEXqa4COUS,Kingdom Life Health Center Clinic,North Buganda,Buikwe District,Clinic,0.280479,33.145032,23867,73964
BIiLhy7eYLl,Makonge HC III,North Buganda,Buikwe District,HC III,0.270935,33.150078,20516,67901
mrSGcdJTAGf,Joska Medical Centre Clinic,North Buganda,Buikwe District,Clinic,0.368242,32.93876,75272,149991
nKKX3gA72zS,Kawolo Hospital,North Buganda,Buikwe District,General Hospital,0.367824,32.945068,74842,150381
aagIwPHSkZ7,Kulabako Moscow Clinic,North Buganda,Buikwe District,HC II,0.364838,32.937843,74958,150957
skaKlRXEgCS,Living Water Community Medical Centre Clinic,North Buganda,Buikwe District,Clinic,0.367094,32.937963,75255,150277
wvi6CU7IhIj,Lugazi Med Care Clinic,North Buganda,Buikwe District,HC II,0.367296,32.936823,75452,150054
HTBCQKqmG9S,Lugazi Mission HC II,North Buganda,Buikwe District,HC II,0.363658,32.937021,74862,151166
J8lqAR46pse,Lugazi Muslim HC III,North Buganda,Buikwe District,HC III,0.367388,32.934834,75799,149973
qYZPZV35BRO,Lugazi Police HC II,North Buganda,Buikwe District,HC II,0.369661,32.94205,75174,149635
myAq6S25Sib,Lugazi Rural Clinic,North Buganda,Buikwe District,HC II,0.370258,32.935928,75877,149058
achC82olIo9,Lugazi Scoul Hospital,North Buganda,Buikwe District,General Hospital,0.37748,32.937815,75680,146347
aOmZnNXPlN2,Marina Medical Centre,North Buganda,Buikwe District,HC II,0.364163,32.937707,74860,151135
AZHrWAlaWuD,St. Agness Domiciliary Cente Clinic,North Buganda,Buikwe District,Clinic,0.367464,32.937841,75309,150139
saURJVbWEtz,Top Care Lugazi Maternity Clinic,North Buganda,Buikwe District,HC II,0.374427,32.935457,76196,147656
CqBb08p28JJ,Makindu HC III,North Buganda,Buikwe District,HC III,0.288935,33.086725,33839,105360
cxWQMqqkkAF,Kisimba Muslim HC II,North Buganda,Buikwe District,HC II,0.311886,33.101898,34804,116690
H6KWp7l4pOe,Kizigo HC II,North Buganda,Buikwe District,HC II,0.359434,33.070704,29222,127054
raKmghARRwv,Buwundo HC II,North Buganda,Buikwe District,HC II,0.372273,33.092604,26639,155286
PwgfpQbQXTQ,Najjembe HC III,North Buganda,Buikwe District,HC III,0.394306,33.010173,19888,126490
maCVupfrN6c,Bubiro HC II,North Buganda,Buikwe District,HC II,0.194468,33.049611,10847,49245
k7sazN1EJ0o,Ddungi HC II,North Buganda,Buikwe District,HC II,0.247897,33.05147,19624,88172
Eu7L6ZmhA4R,Kikwayi HC II,North Buganda,Buikwe District,HC II,0.212213,32.908314,22145,71387
z7Cf9DgHZWX,Namulesa HC II,North Buganda,Buikwe District,HC II,0.239581,33.006396,22636,85037
qdW8M8091gP,Ngogwe HC IV,North Buganda,Buikwe District,HC IV,0.236922,32.982592,22362,85166
aX1tLCw6glR,Bugungu HC II,North Buganda,Buikwe District,HC II,0.399631,33.199343,97129,313303
Jk4Ws9uWKqb,Bugungu Yo Prison HC II,North Buganda,Buikwe District,HC II,0.399866,33.193279,102007,312187
RVSKVTxRcnF,Bukaya HC II,North Buganda,Buikwe District,HC II,0.426512,33.191062,154636,373215
rK2BWivCFxl,Ngoma Medical Clinic HC II,North Buganda,Buikwe District,HC II,0.396753,33.174564,97769,279639
DQ0Pj4O6Bkq,Nile Breweries Company Clinic HC III,North Buganda,Buikwe District,HC III,0.438919,33.178098,158411,384233
OiuyBahpmGI,Njeru Town Council HC III,North Buganda,Buikwe District,HC III,0.430681,33.14783,113769,317333
GTpX3fXgyQK,Nytil Southern Range Nyanza Clinic,North Buganda,Buikwe District,Clinic,0.43742,33.184428,162526,382942
tDnc44nKr26,St. Francis Health Care Services HC IV,North Buganda,Buikwe District,HC IV,0.432426,33.163649,144385,365717
XQwQJoJ40dG,Canan HC II,North Buganda,Buikwe District,HC II,0.389518,33.168202,78286,258345
ZcOXNk0n4sk,Life Care Clinic (Njeru) HC II,North Buganda,Buikwe District,HC II,0.434105,33.152717,124403,343666
yM6f1QC8fPA,Lugazi II HC II,North Buganda,Buikwe District,HC II,0.41391,33.140072,93327,266493
SYUCRivGRom,Al-Hijira HC III,North Buganda,Buikwe District,HC III,0.393672,33.169781,87874,266733
hYLNzVryIZJ,Ebenezer HC II,North Buganda,Buikwe District,HC II,0.238898,32.924234,25918,77954
aFxXtxwMU7f,Nkokonjeru Hospital,North Buganda,Buikwe District,General Hospital,0.236052,32.92301,25675,77728
Dil7ITnaKlq,Kabizi- Bugoba HC II,North Buganda,Buikwe District,HC II,0.32194,33.17766,14733,107877
Mlh3jcaJw9n,St. Francis Nyenga Hospital,North Buganda,Buikwe District,General Hospital,0.383542,33.151812,66269,245756
zhFVYJiWUOS,Tongolo HC II,North Buganda,Buikwe District,HC II,0.390252,33.236119,33975,241644
imFgSY3OUvZ,Buwagajjo HC III,North Buganda,Buikwe District,HC III,0.362651,33.186407,45734,200515
WfEOwsEOMbc,Buziika HC II,North Buganda,Buikwe District,HC II,0.390337,33.184335,76834,266895
L1xyzHN8G9z,Christ the King HC II,North Buganda,Buikwe District,HC II,0.407958,33.12966,73984,244898
HtDqqOuCfA3,Kabizi HC II,North Buganda,Buikwe District,HC II,0.359631,33.13544,37352,176738
TYC4xgc3ieF,Ssi HC III,North Buganda,Buikwe District,HC III,0.171113,32.972024,14953,58079
bWOR5fD8vdv,Kavule (Buikwe) HC II,North Buganda,Buikwe District,HC II,0.110013,32.985177,7892,28409
Ijowd7CA6q6,Kbmk Medical Clinic HC II,North Buganda,Buikwe District,HC II,0.165983,32.970072,14771,54353
iJCZZ9rUZYm,Ssenyi HC II,North Buganda,Buikwe District,HC II,0.14573,33.046072,6569,31096
an1CZjQ65h7,Wakisi HC III,North Buganda,Buikwe District,HC III,0.510224,33.114009,40125,184241
fznvuJ4HgYn,Buikwe Kalagala HC II,North Buganda,Buikwe District,HC II,0.515715,33.027937,27485,92051
KbedMCCLOcZ,Kidron Clinic,North Buganda,Buikwe District,HC II,0.464124,33.158236,106650,385794
VCZvyMMtuNQ,Konko HC II,North Buganda,Buikwe District,HC II,0.429674,33.121581,63637,245814
joubGoymaJC,Naminya HC II,North Buganda,Buikwe District,HC II,0.459114,33.14092,85292,342152
hQWqHwozRFe,St. Eliza HC II,North Buganda,Buikwe District,HC II,0.486914,33.135339,51852,293184
aVeE8JrylXn,Bugaya HC III,North Buganda,Buvuma District,HC III,0.048954,33.286101,6908,12335
afzGq7RpOTl,Busamuzi HC III,North Buganda,Buvuma District,HC III,0.262996,33.245179,17714,44930
ewMHVf7tjwq,Buvuma HC IV,North Buganda,Buvuma District,HC IV,0.196797,33.267659,15540,52821
AIl1p6YgqxA,Buwooya HC III,North Buganda,Buvuma District,HC III,0.255565,33.35273,21659,62204
OOEbAPdUMTg,Lingira (Ywam) Health Centre HC II,North Buganda,Buvuma District,HC II,0.314068,33.335225,9593,55689
LDngLVQbqNI,Namatale HC III,North Buganda,Buvuma District,HC III,0.168345,33.185216,7033,19709
G6GmMEAZA9r,Bweema HC II,North Buganda,Buvuma District,HC II,0.104923,33.096289,3846,15079
Eg7Efn5rKSj,Namiti Health Centre HC II,North Buganda,Buvuma District,HC II,0.086111,33.491496,8381,12732
aZjBV5O7kkf,Lubya HC III,North Buganda,Buvuma District,HC III,0.045911,33.476122,4604,9147
bBNSvGxVrSq,Lwajje HC II,North Buganda,Buvuma District,HC III,0.014264,32.912732,5026,7463
WezVXLK01Ry,Nkata HC III,North Buganda,Buvuma District,HC III,0.04017,33.2697,6999,10119
vDmdUfmWS3J,Lukale HC II,North Buganda,Buvuma District,HC III,0.224075,33.373435,13013,58179
LoLoHmDsEna,Kitokolo HC II,North Buganda,Kassanda District,HC II,0.613345,31.885224,13661,67220
agdLbxaa0Dz,St. Luke HC II,North Buganda,Kassanda District,HC II,2.696334,32.314734,15774,173179
CiNybZErM6Q,Bukuya HC IV,North Buganda,Kassanda District,HC IV,0.673702,31.834622,23314,64189
auXkVE7IUoq,Bweyongedde HC II,North Buganda,Kassanda District,HC II,0.623191,31.611168,16718,60048
XIBVS2DVc57,Kabulubutu HC II,North Buganda,Kassanda District,HC II,0.55291,31.725059,19487,70822
PEWPGWSHd0K,Lwangiri HC II,North Buganda,Kassanda District,HC II,0.5546,31.700869,20806,62492
aQJllMQZqQC,Nabugondo HC II,North Buganda,Kassanda District,HC II,0.577267,31.745075,17784,77851
y0jyxLYHviR,Namabaale HC III,North Buganda,Kassanda District,HC III,0.507054,31.76406,13970,79885
s0bh5ySSTH0,Bangi Maternity Home HC II,North Buganda,Kassanda District,HC II,0.544248,31.818877,29917,73696
vh8cOiWZOv9,ST. Gabriel Mirembe Maria HC III,North Buganda,Kassanda District,HC III,0.545649,31.804101,30229,75700
SzkdofjSTEj,Makonzi (Mubende) HC II,North Buganda,Kassanda District,HC II,0.594785,31.827684,18328,79105
Cl3gUL8UEj8,People's Medical Centre HC III,North Buganda,Kassanda District,HC III,0.545078,31.819298,29970,73557
vSPwh0RCueD,Kassanda HC IV,North Buganda,Kassanda District,HC IV,0.551764,31.821559,30461,73077
zLZPKeOejRb,Kiryanongo HC II,North Buganda,Kassanda District,HC II,0.488843,31.698325,18657,70950
MlMuBEoqA9y,Musozi HC III,North Buganda,Kassanda District,HC III,0.369277,31.589205,8536,29036
Ae8byorr2lF,St. Matia Mulumba HC III,North Buganda,Kassanda District,HC III,0.456995,31.66399,24969,61601
dK6URDbvHgL,Kiganda HC IV,North Buganda,Kassanda District,HC IV,0.449771,31.684336,26965,61161
xJYEThISKXQ,Kyasansuwa HC II,North Buganda,Kassanda District,HC III,0.372514,31.725812,7184,41005
ausfaeGjscI,Myanzi HC III,North Buganda,Kassanda District,HC III,0.440727,31.911066,19136,56284
fpk1pbQkxoe,Kigalama (Mubende) HC II,North Buganda,Kassanda District,HC II,0.434303,31.942072,18586,60647
GIh6CqfNzgM,Mubende Kasaana HC II,North Buganda,Kassanda District,HC II,0.513661,31.901595,12585,71013
feLLvJVqKPW,Kakungube HC II,North Buganda,Kassanda District,HC II,0.453425,31.83488,16838,62077
XbtCBT0kEDF,Kyakatebe HC II,North Buganda,Kassanda District,HC II,0.424654,31.759427,12998,61878
oUhXrWJEwRI,Kyanamugera HC II,North Buganda,Kassanda District,HC II,0.428093,31.835989,16117,55013
UaXRxjLJJ6m,Nalutuntu HC III,North Buganda,Kassanda District,HC III,0.452697,31.812676,16608,60599
ptIo7ouXsPw,Bbaale HC IV,North Buganda,Kayunga District,HC IV,1.105563,32.885637,8134,23878
xVPYvQeLEFO,St. Mary's  Adi Clinic,North Buganda,Kayunga District,Clinic,0.731875,32.989217,33297,148321
ahRE08IkzVd,Mapeera HC II,North Buganda,Kayunga District,HC II,0.778284,32.990328,41621,126070
KOR692oAfkP,Nakatovu HC II,North Buganda,Kayunga District,HC III,0.7143,32.967569,27554,154011
EKbyglK4z19,Namusaala HC III,North Buganda,Kayunga District,HC III,0.842329,33.006311,28155,110610
MaEE8FrNaK7,St. Paul Domiciliary Clinic HC II,North Buganda,Kayunga District,HC II,0.775561,32.991385,41979,126603
aLmtlWu249T,Busana HC III,North Buganda,Kayunga District,HC III,0.773799,32.988261,41606,125500
tygjL7jdMkp,Busaana Parents Clinic,North Buganda,Kayunga District,Clinic,0.776297,32.990823,41849,126351
yZIc8DX7kUx,Galiraya HC III,North Buganda,Kayunga District,HC III,1.349448,32.816433,9753,32798
xFu5BXdkrZj,Kawongo HC III,North Buganda,Kayunga District,HC III,1.406388,32.758631,4427,14300
NKrp5nIYl8p,Kasokwe Kayunga HC II,North Buganda,Kayunga District,HC II,1.236414,32.865324,9156,25174
aqVk5wVqyQf,Abc Maternity Home Clinic,North Buganda,Kayunga District,Clinic,0.583977,33.02544,42699,132934
Y0RDb9pJwsh,Global Hands of Hope HC II,North Buganda,Kayunga District,HC II,0.535469,33.074775,41398,148985
jAkXsSQHYAZ,Kangulumira I.H.P HC II,North Buganda,Kayunga District,HC II,0.543248,33.064816,42346,142477
SWVdjeZbZJI,Kisakye Clinic,North Buganda,Kayunga District,Clinic,0.580837,33.026385,43229,131892
NAVmj3ktKNv,Mukisa Medical Clinic,North Buganda,Kayunga District,Clinic,0.688547,32.913564,50366,135684
CAt5aIGF7zh,Trust Medical Clinic,North Buganda,Kayunga District,Clinic,0.58008,33.02354,42591,130192
RSFwMQwN99b,Kangulumira HC IV,North Buganda,Kayunga District,HC IV,0.585289,33.031144,44242,137326
VOCTQo2VfWF,Kangulumira Mission HC II,North Buganda,Kayunga District,HC II,0.572998,33.030609,45093,129915
AvO7fMz294Z,Lugasa HC III,North Buganda,Kayunga District,HC III,0.878543,32.862115,26437,76373
qgt3hJNBRKa,Nakyesa HC II,North Buganda,Kayunga District,HC II,0.928733,32.871163,21631,69941
FrtjTEDytpS,Kakiika HC II,North Buganda,Kayunga District,HC II,0.945998,32.830317,13048,51427
aXN9vlaqvJx,Busaale HC II,North Buganda,Kayunga District,HC III,0.753639,32.92135,26594,129167
KSISbkevj03,Buyobe HC III,North Buganda,Kayunga District,HC III,0.765219,32.86889,17476,102978
kyTQy9cpiBY,Bakule Clinic,North Buganda,Kayunga District,Clinic,0.701367,32.902862,49018,129901
ermL6NuOcmE,Fellowship Medical Clinic HC II,North Buganda,Kayunga District,HC II,0.698612,32.906146,49591,131337
NgV6V5nkzC8,J&J Clinic,North Buganda,Kayunga District,Clinic,0.688011,32.914384,50484,135919
qMnemruquVv,Jera Maternity Centre,North Buganda,Kayunga District,Clinic,0.703175,32.906209,49698,130427
MDGlMTj9UbK,Jonathan Medical Centre,North Buganda,Kayunga District,Clinic,0.702007,32.902674,48981,129738
Hdfxcx6XAxf,Kayunga Police HC II,North Buganda,Kayunga District,HC II,0.70246,32.900792,48579,129227
sFIS2oxchec,Kayunga Regional Referral Hospital,North Buganda,Kayunga District,RRH,0.703282,32.902626,48966,129485
VTtJWHsoAKY,Masaka Health Services HC II,North Buganda,Kayunga District,HC II,0.702641,32.904404,49335,130065
q3aAGW0y5PH,Namagabi HC II,North Buganda,Kayunga District,HC II,0.710354,32.907075,49523,128276
xKKIcgLVH9x,Ntenjeru HC III,North Buganda,Kayunga District,HC III,0.724554,32.895947,41449,122935
MzQx3EWdnrG,Sanyu Med. Clinic,North Buganda,Kayunga District,Clinic,0.701306,32.901557,48748,129602
a24QnrChTZk,Suubi Medical Centre (Kayunga) HC II,North Buganda,Kayunga District,HC II,0.700438,32.90444,49320,130492
iKSJjnOlem6,Tawhid Clinic,North Buganda,Kayunga District,Clinic,0.70034,32.903753,49186,130319
gZmlwywnQzd,United Medical Care Clinic,North Buganda,Kayunga District,Clinic,0.701914,32.903696,49190,130015
H6rCf31T3ek,Wiliz Clinic,North Buganda,Kayunga District,Clinic,0.703432,32.905368,49529,130158
a2QsHEdaDRk,Ziridamu Medical Centre HC II,North Buganda,Kayunga District,HC II,0.701167,32.906471,49726,130905
dhZCuMPwpYC,Doctors Clinic,North Buganda,Kayunga District,Clinic,0.702138,32.903705,49192,129975
G6Bf87Z8uTY,Care Health Services Uganda HC II,North Buganda,Kayunga District,HC II,0.704636,32.89931,48209,128507
IE6tqozkgow,Bk Life Care Clinic,North Buganda,Kayunga District,Clinic,0.700837,32.904321,49303,130386
a7fC0KrYZzK,Wabwoko HC III,North Buganda,Kayunga District,HC III,0.831498,32.885547,32115,82564
SC1rAlJqGGu,Acute Health Care HC II,North Buganda,Kayunga District,HC II,0.699359,32.906775,49742,131363
VzSXA2ZxOPq,Bukamba HC II,North Buganda,Kayunga District,HC III,0.709828,33.017658,27145,145652
Bgx22t6hCrm,Nsambya General (Kayunga) Clinic,North Buganda,Kayunga District,Clinic,0.643545,32.98741,39882,136232
QkI5onwjChQ,One Mama Initiative Uganda HC II,North Buganda,Kayunga District,HC II,0.689053,33.040675,31071,132984
Y7AAzZu1IrM,Nazigo HC III,North Buganda,Kayunga District,HC III,0.650213,32.98847,39416,140252
Wt9Xc9u5KQ1,Nazigo Mission HC II,North Buganda,Kayunga District,HC II,0.638331,32.995334,39022,132655
MnlhBeOd2dx,Nkokonjeru HC III,North Buganda,Kayunga District,HC III,0.826136,32.939333,20669,108368
b5NWJsMWKNA,Kisakye Rehabilitation Centre,North Buganda,Kayunga District,Clinic,0.556941,33.051777,49934,134469
gVbTVmhIEvp,Kyerima Parents Clinic,North Buganda,Kayunga District,Clinic,0.805178,32.887555,28034,87059
di1Z12IwZYW,Bulawula HC II,North Buganda,Kayunga District,HC II,0.84448,32.959615,18801,110262
aRZTDpzTYep,Nkokonjeru HC III,North Buganda,Kayunga District,HC III,0.243903,32.924838,26249,78275
nM0YmaHmm5E,Bask Medical Clinic,North Buganda,Kayunga District,Clinic,0.860893,32.87528,29010,81260
AqLT8FpWK9D,Yaffe Doctor's  Med. Clinic,North Buganda,Kayunga District,Clinic,0.846839,32.87966,30414,82207
yLA9yhHgR9J,Victor Health Clinic,North Buganda,Kayunga District,Clinic,0.84899,32.878254,30066,82056
qQsReSuKUsB,St. James Masiriba COU HC III,North Buganda,Kiboga District,HC III,0.683697,32.117963,10956,50663
DtmNrJzXRHm,Mwezi HC II,North Buganda,Kiboga District,HC II,0.650768,32.037676,16297,59211
aVPeLDNBucL,Bukomero HC IV,North Buganda,Kiboga District,HC IV,0.690711,32.039777,21900,55274
LMCMnbNPfhP,Deniz Medical Clinic HC III,North Buganda,Kiboga District,HC III,0.69043,32.044337,22008,54471
bQIMnhjAURl,Katalama HC II,North Buganda,Kiboga District,HC II,0.721853,32.128847,3663,33585
GLHy3J2KXBU,Bugabo Clinic HC II,North Buganda,Kiboga District,HC II,0.782488,32.036483,5014,25376
kiwXaS8ccpN,Elian Clinic HC II,North Buganda,Kiboga District,HC II,0.799859,32.073568,3560,12491
FHtJEqFHwS4,Katwe (Dwaniro) HC III,North Buganda,Kiboga District,HC III,0.788474,32.032219,4682,24263
LCLV69y7s8Z,Muyenje HC II,North Buganda,Kiboga District,HC II,0.779512,32.113087,1864,12148
aQ4imJRnoGL,Kisakye Medical Centre HC II (Kapeke Subcounty},North Buganda,Kiboga District,HC II,0.873653,31.851727,10476,55763
ArbUlowwE1y,Kyayimba Epi Centre HC II,North Buganda,Kiboga District,HC II,0.92674,31.784565,35505,71011
ev1JnEmvQe0,Nyamiringa HC III,North Buganda,Kiboga District,HC III,0.988625,31.85673,1836,11890
lDPaRCAB2hR,Kachwangozi HC II,North Buganda,Kiboga District,HC II,0.92191,31.801609,29740,68141
io7GqMA4uPd,Good Samaritan Health Clinic HC II,North Buganda,Kiboga District,HC II,0.888399,31.820841,17058,68762
zfjwLaS3lZe,Kikwatambogo HC II,North Buganda,Kiboga District,HC II,0.865053,31.724372,13708,79230
RK75MaOWsiE,Kiboga Police HC II,North Buganda,Kiboga District,HC II,0.915321,31.76724,39703,75696
aQi3Qb160NY,Kiboga Prisons Clinic HC II,North Buganda,Kiboga District,HC II,0.910658,31.77805,37834,74777
I5FLxQY5uQG,Mukisa Clinic (Kiboga) HC II,North Buganda,Kiboga District,HC II,0.909896,31.776797,38044,75057
WuyEZ5vAK0Z,St. Marys Clinic Kiboga HC II,North Buganda,Kiboga District,HC II,0.912968,31.768482,39504,75818
ancPUqPujhL,St. Peter's  Clinic HC III,North Buganda,Kiboga District,HC III,0.914627,31.7634,40105,76275
YuEmzNR0L9A,Bamusuuta HC II,North Buganda,Kiboga District,HC II,0.914599,31.751922,40546,77722
a6h04I37hOu,Family Health Clinic (Kiboga) HC II,North Buganda,Kiboga District,HC II,0.91619,31.76541,39936,75842
h87cBXOFeZW,KIDM Care Clinic HC II,North Buganda,Kiboga District,HC II,0.910796,31.775311,38368,75152
itDFttFpJRC,Kasumbas Clinic HC II,North Buganda,Kiboga District,HC II,0.912599,31.771155,39123,75497
acJji9Ruj5T,Kiboga Hospital,North Buganda,Kiboga District,General Hospital,0.911516,31.777287,38022,74778
Jap4sosMZZN,Agape Nursing Home HC III,North Buganda,Kiboga District,HC III,0.919372,31.765285,39922,75486
yw4DRWUv1oK,Kyekumbya HC II,North Buganda,Kiboga District,HC II,0.864928,31.858965,12237,49828
adH912aeJav,Kyoomya HC II,North Buganda,Kiboga District,HC II,0.759847,31.969777,14244,48600
udyIvAUWRfi,Kyanamuyonjo HC III,North Buganda,Kiboga District,HC III,0.751687,32.000557,11334,52543
wozLwv6Fb7u,Bulaga HC II,North Buganda,Kiboga District,HC III,0.767935,31.909235,13200,52638
k2T4dghrYMm,Nsala HC II,North Buganda,Kiboga District,HC II,0.800818,31.910061,16936,45865
XKZZLEtQDeC,Ndibula Maternity Home HC II,North Buganda,Kiboga District,HC II,0.832191,31.895942,16944,40034
XJ5agEJ9SwG,People's  Clinic (Lwamata) HC II,North Buganda,Kiboga District,HC II,0.835175,31.894696,16801,39870
mNMqG0YEffI,Lwamata HC III,North Buganda,Kiboga District,HC III,0.83537,31.895777,16798,39635
J64jaeaqOc6,Nabwendo HC III,North Buganda,Kiboga District,HC III,0.662783,31.975445,13176,60705
kKuqQelGUnq,Muwanga HC III,North Buganda,Kiboga District,HC III,0.695061,31.96256,16738,60259
cf80tiiMBsh,Nakasozi HC II,North Buganda,Kiboga District,HC II,0.711684,31.899536,12777,61759
LmXqQs6cYzb,Bateefu Clinic HC II,North Buganda,Kiboga District,HC II,0.667024,31.978158,14015,60290
llNeiWHW1oW,Seeta HC II,North Buganda,Kiboga District,HC II,0.812856,31.686966,9918,51126
CMNFahpvV4I,Kambugu HC III,North Buganda,Kiboga District,HC III,0.805835,31.787773,16977,56046
M228cqQk9C9,Foso Health Care Clinic HC II,North Buganda,Kiboga District,HC II,0.806962,31.78251,17240,56290
L3gFRSrU2gm,Bananywa HC II,North Buganda,Kyankwanzi District,HC II,1.194085,31.369171,19764,79248
reSTu8XZgge,Kikoma HC III,North Buganda,Kyankwanzi District,HC III,0.704536,32.531793,55900,133477
mrEtkw4SBvC,Mirembe Clinic HC II,North Buganda,Kyankwanzi District,HC II,-0.633693,31.542838,37457,86777
dxqfSox63Rh,Bukwiri COU HC II,North Buganda,Kyankwanzi District,HC II,1.130786,31.597622,11286,43578
JHtjwrjBlm4,Butemba HC III,North Buganda,Kyankwanzi District,HC III,1.142594,31.602303,11632,37911
cb8QpfoojQg,Equator Medical Centre,North Buganda,Kyankwanzi District,HC II,1.125343,31.595599,11005,45974
ZRphFXXflsZ,Byerima HC II,North Buganda,Kyankwanzi District,HC II,1.092934,31.525521,14692,57458
GjiT4Fcwj6P,Kiyuni HC III,North Buganda,Kyankwanzi District,HC III,0.937297,31.490851,15217,58970
eXcMCocey03,Kisaala HC II,North Buganda,Kyankwanzi District,HC II,0.874767,31.52829,12664,56723
BKFS3skArz2,Kikubya HC II,North Buganda,Kyankwanzi District,HC II,0.886514,31.466793,12185,57377
H461gSsRGrd,St. Balikudembe HC III,North Buganda,Kyankwanzi District,HC III,1.175543,31.70809,2805,9646
oUxtZ06Ljbt,Mirembe Medical Center HC II,North Buganda,Kyankwanzi District,HC II,0.280657,32.566696,758306,2156054
RNfCSfnBlxh,Kyankwanzi HC III,North Buganda,Kyankwanzi District,HC III,1.199442,31.785119,4029,9276
SPuSIQfsoKF,St. Noah Vvumba HC II,North Buganda,Kyankwanzi District,HC II,0.935181,31.739783,35182,76946
RXMQeaZcjjG,Nalinya Ndagire HC III,North Buganda,Kyankwanzi District,HC III,0.90512,31.709754,17455,83575
Vi0m9N00vBp,Global Woods HC II,North Buganda,Kyankwanzi District,HC II,1.220983,31.550623,9844,36482
N05ZDulF2ME,Kikonda HC III,North Buganda,Kyankwanzi District,HC III,1.273876,31.486571,10139,47648
aHZyAHoVnJ8,Pentagony Medical Centre HC II,North Buganda,Kyankwanzi District,HC II,1.277251,31.480789,10625,48767
cdusFUkNTOC,Mujunza HC III,North Buganda,Kyankwanzi District,HC III,1.186926,31.444018,19106,69942
Qkotq27DWuJ,Sirimula HC II,North Buganda,Kyankwanzi District,HC III,0.851212,31.6414,12679,48295
PigPHG7o7y8,Mpuuga Medical Centre HC II,North Buganda,Kyankwanzi District,HC II,0.94971,31.594817,25244,63929
QDSGcekPM4S,Ntwetwe HC IV,North Buganda,Kyankwanzi District,HC IV,0.949544,31.589505,25206,63875
JiILzo8lJF1,St. Thereza Ndibata HC II,North Buganda,Kyankwanzi District,HC II,0.948171,31.560749,23166,64526
C3MNT20vksq,Massodde Social Service Centre HC II,North Buganda,Kyankwanzi District,HC II,0.973319,31.735477,16674,68309
KcfKx2brSuv,Kikolimbo HC II,North Buganda,Kyankwanzi District,HC III,0.998564,31.699391,11769,53948
XVlKPQYqqfK,Nakitembe HC II,North Buganda,Kyankwanzi District,HC II,1.01288,31.638026,13365,62405
zqfPMKhrHd1,Mulajje HC III,North Buganda,Luwero District,HC III,0.693499,32.621785,27558,107174
Y8UhpQhdeP2,Bamunanika HC III,North Buganda,Luwero District,HC III,0.681026,32.606987,26942,121315
icO7vjvZXjp,Ssekamuli HC III,North Buganda,Luwero District,HC III,0.776647,32.632938,14441,67061
UjFfuEtJHTJ,Luteete HC II,North Buganda,Luwero District,HC II,0.68079,32.609013,27046,120126
MH0SVcF6X2F,Bombo General Military Hospital,North Buganda,Luwero District,General Hospital,0.584872,32.536169,61604,144857
BQrPJsVTpud,Bombo HC III,North Buganda,Luwero District,HC III,0.580923,32.54336,62311,149645
olEYjGeLyZf,Nakatonya HC III,North Buganda,Luwero District,HC III,0.583927,32.532607,61643,144592
a01gDo4KauR,St. Luke Namaliga HC IV,North Buganda,Luwero District,HC IV,0.5844,32.550452,61698,150761
hrEjabfmkqU,Bugema University HC III,North Buganda,Luwero District,HC III,0.567832,32.641635,42040,128900
g6NMXxI7rKY,Jek Com HC II,North Buganda,Luwero District,HC II,0.587559,32.658133,36282,112776
M7RLcStmJql,St. Kizito Natyole HC III,North Buganda,Luwero District,HC III,0.601929,32.672893,31552,108958
DAcqiebFOcd,St. Mary's  Kasaala HC III,North Buganda,Luwero District,HC IV,0.885992,32.489597,35381,106345
uCgZBjyEEmp,Kabanyi HC II,North Buganda,Luwero District,HC II,0.931765,32.442073,9929,44361
ah5kGxeB6Wk,Lutuula HC II,North Buganda,Luwero District,HC II,0.925118,32.521705,10823,63513
NGteaaEKAMh,Butuntumula HC III,North Buganda,Luwero District,HC III,0.882276,32.494139,41065,107111
aaSuOBnSxYO,Bamugolodde HC II,North Buganda,Luwero District,HC II,0.88154,32.543869,15455,105980
MXAe9yD6Wtl,Kayindu HC II,North Buganda,Luwero District,HC II,0.626281,32.571623,26759,148640
aZw4VQefUc4,Kalagala HC IV,North Buganda,Luwero District,HC IV,0.608756,32.625339,28924,142893
zYdA432Txng,St. Panagiotis HC II,North Buganda,Luwero District,HC II,0.590995,32.583398,43107,156982
vMRbGggbVms,Spring Hills Medical Center HC II,North Buganda,Luwero District,HC II,0.590108,32.657906,35670,112520
blgq5zG8Awb,Mazzi HC II,North Buganda,Luwero District,HC II,1.008822,32.62986,5174,21725
SQgzVzwkRjK,Kamira HC III,North Buganda,Luwero District,HC III,0.956745,32.680952,7386,30339
T4M9UgfqV5q,Buyuki HC II,North Buganda,Luwero District,HC II,0.772241,32.570195,16752,120418
Ec5yJybMqpe,Katikamu HC III,North Buganda,Luwero District,HC III,0.730613,32.529038,57939,123364
E49UQK1wLQ2,Kyalugondo HC III,North Buganda,Luwero District,HC III,0.76286,32.47627,23537,148218
aKayqi0QalZ,Lugo HC III,North Buganda,Luwero District,HC III,0.768456,32.512338,33182,147198
xlcpY1lKgXi,Lukomera Maternity Clinic HC II,North Buganda,Luwero District,HC II,0.764112,32.5129,35806,142827
aysfx6SGoJe,Nsawo HC III,North Buganda,Luwero District,HC III,0.683375,32.525167,45453,134998
sDHVCkgwa38,Nsawo Rcc HC III,North Buganda,Luwero District,HC III,0.664604,32.538632,31366,153896
kxk7ZYQrhLU,Reproductive Health Uganda (Luwero) HC II,North Buganda,Luwero District,HC II,0.730806,32.52858,57985,123176
DhuqpclenTi,Kamelas-Kikyusa Medical Center HC II,North Buganda,Luwero District,HC II,0.836552,32.644011,19573,56038
MaVKbB95c42,Kireku HC II,North Buganda,Luwero District,HC II,0.901055,32.596095,9739,51441
LzGj85cv2nZ,Kibengo HC III,North Buganda,Luwero District,HC III,0.861811,32.750178,7658,39048
s1n0dG7Dw9h,Wabusana HC III,North Buganda,Luwero District,HC III,0.88868,32.653764,12283,48960
UIDSqN2qYLI,Kirumandagi HC II,North Buganda,Luwero District,HC II,0.819322,32.620492,20949,59899
fzBgyH6ixVC,Holy Cross - Kikyusa HC IV,North Buganda,Luwero District,HC IV,0.831745,32.645001,19525,56358
g12vlA9fhaK,Kikyusa - Ninda HC II,North Buganda,Luwero District,HC II,0.834963,32.641912,19771,56411
SbhXVHOtboo,Luwero Hospital,North Buganda,Luwero District,General Hospital,0.834647,32.499202,68888,115469
zISOKu7R0Yy,Luwero Police Clinic HC II,North Buganda,Luwero District,HC II,0.849111,32.486365,68692,111445
gcG5yD9UjDW,Medical Plaza-Luwero HC II,North Buganda,Luwero District,HC II,0.845102,32.487388,69373,112362
NpcBxAVF2tf,Namaggwa Maternity Clinic HC II,North Buganda,Luwero District,HC II,0.833057,32.498407,68647,115783
mMoN5j8HisD,Penny Clinic Medical Center HC II,North Buganda,Luwero District,HC II,0.829992,32.50076,68069,117009
adofLhuj4HH,Bishop Ascili Hospital,North Buganda,Luwero District,General Hospital,0.825673,32.501554,66945,118551
ATH6V5ik1cF,Awebwa Matenity Center HC II,North Buganda,Luwero District,HC II,0.833508,32.501449,68639,116076
ne6Dm2URbcy,Doctors' Clinic-Kasana Medical Center HC II,North Buganda,Luwero District,HC II,0.826766,32.502362,67221,118303
LkOMgdgNdIr,Good Hope Medical Centre HC II,North Buganda,Luwero District,HC II,0.846987,32.490183,69484,112026
k92Hpuse2dW,Kamelas-Kasana Luwero Medical Center HC II,North Buganda,Luwero District,HC II,0.829723,32.501126,68002,117149
al4RYwQs9ej,Kyevunze HC II,North Buganda,Luwero District,HC II,0.87459,32.487993,51299,107576
Pd0OEOACNJA,Kigombe HC II,North Buganda,Luwero District,HC II,0.805051,32.492653,52698,132442
cYPtAEauxNe,Katuugo HC III,North Buganda,Luwero District,HC III,0.865858,32.592261,13803,68821
mlbkqdNpleV,Kabakedi HC II,North Buganda,Luwero District,HC II,0.847735,32.549085,24052,116037
RPdXEk8zCX5,Bic-Shanti Uganda HC II,North Buganda,Luwero District,HC II,0.824292,32.486944,66663,117930
rLXGEUiPF7o,Bwaziba HC II,North Buganda,Luwero District,HC II,0.826846,32.576941,14929,110410
aBQ2pcHhwqy,Kikube HC II,North Buganda,Luwero District,HC II,0.899287,32.409843,8127,61404
xjHpvNlTb1J,Makulubita HC III,North Buganda,Luwero District,HC III,0.594467,32.421708,17688,88928
aGisGCcp7Hz,Bowa HC III,North Buganda,Luwero District,HC III,0.654903,32.487602,25117,131315
ajFglpQB0DX,Kanyanda HC II,North Buganda,Luwero District,HC II,0.595711,32.37836,19605,88756
Z2Mr0fdyDaz,Kasozi HC III,North Buganda,Luwero District,HC III,0.641537,32.411176,14202,89064
QwKtJKWbS0E,Nsanvu HC II,North Buganda,Luwero District,HC II,0.582789,32.449649,21914,120670
mg6Inl2h53C,Ndejje University HC III,North Buganda,Luwero District,HC III,0.60878,32.479744,23198,131441
YIqJDGORVqO,Ndejje HC II,North Buganda,Luwero District,HC II,0.606612,32.476053,21838,130984
YRBGRXcK7WV,Kamelas-Ndejje Medical Center HC II,North Buganda,Luwero District,HC II,0.600628,32.47582,22004,132676
aErmLsCiOxa,Ssambwe HC II,North Buganda,Luwero District,HC II,0.57413,32.487915,36249,145830
aKyrbNsmNnT,Nyimbwa HC IV,North Buganda,Luwero District,HC IV,0.603776,32.526357,62201,137896
nuqfMHEzULb,St. Catherine Clinic (Nyimbwa) HC II,North Buganda,Luwero District,HC II,0.636387,32.533072,31303,150234
IgMdNuS79MK,Nandere HC II,North Buganda,Luwero District,HC II,0.627981,32.495794,31126,130220
bw1P79ZCDKF,Njovu Medical Center HC IV,North Buganda,Luwero District,HC IV,0.715836,32.528108,58068,131104
ea1Bvu4qzmW,Orient Medical Center HC IV,North Buganda,Luwero District,HC IV,0.720574,32.53248,57692,128959
va7uRTbKCoJ,Bukalasa HC III,North Buganda,Luwero District,HC III,0.707161,32.515342,56807,130810
OHH5RHLMx2G,Bukolwa HC II,North Buganda,Luwero District,HC II,0.696012,32.620725,27219,108977
HFzaFCIVNMm,Bulemezi Maternity HC II,North Buganda,Luwero District,HC II,0.70986,32.52505,57301,132540
YC3fzXtR8AR,Gladys Domiciliary Clinic HC II,North Buganda,Luwero District,HC II,0.722463,32.534575,57393,127961
a4QdFgngSuD,Katikamu Kisuule (The Good Samaritan) HC III,North Buganda,Luwero District,HC III,0.738763,32.523317,57566,121377
rRB4rWMdUS9,Katikamu SDA Dispensary HC II,North Buganda,Luwero District,HC II,0.73625,32.530038,57468,122557
F6LTGXb5o1a,Mariana Maternity Home HC II,North Buganda,Luwero District,HC II,0.717629,32.501042,55685,126444
q0dM3TKAnQB,Nakigoza HC II,North Buganda,Luwero District,HC II,0.75924,32.741587,11836,62654
dFYNT2kcChE,Bubuubi HC II,North Buganda,Luwero District,HC II,0.759777,32.676482,13937,66705
rF4qoxF0CV2,Bulami Orthodox HC II,North Buganda,Luwero District,HC II,0.632659,32.700553,21631,93943
ZouDmFFjkom,Nambi HC II,North Buganda,Luwero District,HC II,0.666637,32.656699,27363,99896
ec6ZVy4whk5,Zirobwe HC III,North Buganda,Luwero District,HC III,0.683526,32.703182,27520,84964
nRvaBZIAEsi,Lusaalira HC II,North Buganda,Mityana District,HC II,0.30213,31.841983,6188,30687
SuApa6pnYA7,Mpongo HC III,North Buganda,Mityana District,HC III,0.276824,31.857063,12207,37681
ZIBe24uPe3s,Bbanda HC II,North Buganda,Mityana District,HC II,0.25315,31.893967,18638,53128
ampdTvH90Wr,Namutamba Reh. Centre HC II,North Buganda,Mityana District,HC II,0.508365,32.090146,12773,57865
REERGfMzysM,Rode Clinic HC II,North Buganda,Mityana District,HC II,0.52056500000000006,32.081431,11189,59112
GAp2zlJ35sn,St. Noah Buyambi HC III,North Buganda,Mityana District,HC III,0.511042,32.037399,17127,60292
fwW1j91eebt,Kakonde Tea Estate HC II,North Buganda,Mityana District,HC II,0.459603,32.035421,19715,118259
wd67B9ygxNt,Mboona Kibaale HC II,North Buganda,Mityana District,HC II,0.544772,32.032467,15403,55755
T67pMYV0PWj,Miseebe HC II,North Buganda,Mityana District,HC II,0.448631,31.995832,19002,115364
archepWw0ZZ,Bulera HC III,North Buganda,Mityana District,HC III,0.502586,32.019865,18022,61499
sf2baAzfwgW,Namutamba HC III,North Buganda,Mityana District,HC III,0.503603,32.086989,12594,58368
eKoIZ97eo1F,Mityana Tea Estate HC II,North Buganda,Mityana District,HC II,0.476251,32.041036,19982,100369
ahYrfYMxirO,Naama HC III,North Buganda,Mityana District,HC III,0.414553,31.982147,19702,111053
aUBabmiSafy,Reproductive Health Uganda (Mityana) HC III,North Buganda,Mityana District,HC III,0.401784,32.049032,73850,118853
HVwuyUY7azZ,St. Francis (Mityana) Health Centre IV,North Buganda,Mityana District,HC IV,0.399571,32.049154,74006,118860
AlO9MzUULQ7,St. Jude Naama HC III,North Buganda,Mityana District,HC III,0.411539,31.994531,31989,113862
ocmJzmqmXWX,St. Luke Kiyinda Mityana Diocese HC III,North Buganda,Mityana District,HC III,0.395469,32.052656,74184,119722
ahMLQAxngsJ,Katiko HC II,North Buganda,Mityana District,HC II,0.383327,31.968864,9816,94490
hvDCzBHI5f7,Mityana Nakaseeta (Kireku) HC II,North Buganda,Mityana District,HC II,0.449548,32.081344,15345,122346
ABv45SiQmhO,Mityana Nakaseeta HC II,North Buganda,Mityana District,HC II,0.449548,32.081344,15345,122346
l3oOKBFWJkz,St. Padre Pio Mirembe HC III,North Buganda,Mityana District,HC III,0.572478,32.193795,31819,77898
acZImyCaeNM,Busunju HC II,North Buganda,Mityana District,HC III,0.561354,32.200847,33713,80519
k3WymbF3pFL,Busunju Police HC II,North Buganda,Mityana District,HC II,0.568211,32.201309,33275,79101
CO2DiW7QnWL,Nawangiri - Bekina HC II,North Buganda,Mityana District,HC II,0.327422,32.096368,15581,99990
HC1AHdI3KfQ,Nakaziba HC II,North Buganda,Mityana District,HC II,0.351685,32.116764,21445,115968
fT2e8nED9PT,Kitongo HC III,North Buganda,Mityana District,HC III,0.287414,32.062511,11643,58923
aNwwYe1P90o,Cardinal Nsubuga Memorial HC III,North Buganda,Mityana District,HC III,0.288099,32.05423,11151,57573
f5lLaEQlPzM,Lulagala HC III,North Buganda,Mityana District,HC III,0.350605,32.019376,15934,106815
H7yJHcqTyBI,Maama Norah HC II,North Buganda,Mityana District,HC II,0.37576,32.03626,68531,113806
TjEiAVNTIFy,Mityana Hospital,North Buganda,Mityana District,General Hospital,0.396646,32.04333,74050,117415
Ejdi6Jyb4g5,Mityana Police HC II,North Buganda,Mityana District,HC II,0.402166,32.040502,73974,116926
BZb3cYmrXML,Mityana Prisons HC II,North Buganda,Mityana District,HC II,0.387938,32.040809,73489,116460
a1SMwlwzCg2,Santa Maria Medical Centre HC III,North Buganda,Mityana District,HC III,0.400531,32.045987,73946,118148
npWiy9IfCE4,CEI Medical Centre HC III,North Buganda,Mityana District,HC III,0.397858,32.043124,74052,117393
FU2kBudFOKd,Mityana UMSC Clinic HC III,North Buganda,Mityana District,HC III,0.402047,32.043983,73920,117744
oEFZOY8Nzwh,I-J Medical Centre HC III,North Buganda,Mityana District,HC III,0.40125,32.045033,73924,117961
oIU8rYhh7S4,JARO Hospital Annex HC III,North Buganda,Mityana District,HC III,0.397736,32.04303,74052,117365
VqgGPnWdXph,Kalama HC II,North Buganda,Mityana District,HC II,0.312928,32.186418,17259,84457
MGoloBUb8vi,Arch Bishop Kiwanuka Mayirye HC III,North Buganda,Mityana District,HC III,0.271465,32.146001,19599,74826
aaDoMV4GUYu,Kikka Yokana Domiciliary HC II,North Buganda,Mityana District,HC II,0.312038,32.150119,18860,81622
SjGnJhWF7P7,Mwera HC IV,North Buganda,Mityana District,HC IV,0.315129,32.120723,18819,75809
KLRFW0OxcyN,Kyamusisi HC III,North Buganda,Mityana District,HC III,0.602443,31.911764,13928,55869
fXlm07i1Woe,Naluggi HC II,North Buganda,Mityana District,HC II,0.601871,31.930473,13846,53698
DsaeEp9J3X4,Kyantungo HC IV,North Buganda,Mityana District,HC IV,0.582337,32.025402,13598,51695
HNMrtobhini,Holy Family Naluggi HC II,North Buganda,Mityana District,HC II,0.601871,31.930473,13846,53698
Pg7u9XVV10i,Kalangalo HC III,North Buganda,Mityana District,HC III,0.564735,31.958792,15810,56543
avQJxIeVNUF,Kikandwa HC III,North Buganda,Mityana District,HC III,0.579419,31.667455,18627,63650
ikHT7FRlvbY,Kajjoji HC III,North Buganda,Mityana District,HC III,0.610801,32.179385,17186,75397
aX6RTPDgyh1,Bukalamuli HC III,North Buganda,Mityana District,HC III,0.663187,32.089019,15101,55244
B56X4Xsiff9,Namigavu HC II,North Buganda,Mityana District,HC II,0.60303,32.146252,16271,67791
aVPydv9zaor,Kikandwa HC III,North Buganda,Mityana District,HC III,0.633825,32.112873,16774,52740
tKfAzzZrSC7,Maanyi HC III,North Buganda,Mityana District,HC III,0.264961,31.966857,16124,53270
a3KGKqpABTy,Kambaala HC III,North Buganda,Mityana District,HC III,0.252367,31.932045,18583,57786
RedZwFm5kxC,St. Jude Maternity Home HC II,North Buganda,Mityana District,HC II,0.263555,31.968602,15988,54156
aE1Vh9TGsK2,St. Thereza Domiciliary HC II,North Buganda,Mityana District,HC II,0.379124,32.248272,20757,75176
qrvgF3UwZzS,Malangala HC III,North Buganda,Mityana District,HC III,0.375642,32.229701,21629,76837
Xq3SLAKfO5G,Kanyanya HC II,North Buganda,Mityana District,HC II,0.306242,32.216854,14639,77638
m1krcxelOyC,Namungo HC III,North Buganda,Mityana District,HC III,0.421143,32.187094,18174,78603
QBIrpeTAf7m,Kasikombe HC II,North Buganda,Mityana District,HC II,0.55545,32.148812,15168,74959
aFuRtjSdg4X,Ssekanyonyi HC IV,North Buganda,Mityana District,HC IV,0.499753,32.142319,15398,61295
xXRerG4NkOA,Ttanda HC II,North Buganda,Mityana District,HC II,0.383526,32.134411,26968,116751
WqoBdlGeBgn,Magala HC III,North Buganda,Mityana District,HC III,0.386184,32.06799,71067,124586
v2Te8EQtsqf,Kabuwambo HC II,North Buganda,Mityana District,HC II,0.349331,32.060248,25335,116428
SCCtg0ytcin,Kabule HC III,North Buganda,Mityana District,HC III,0.418753,32.13304,15678,114581
sRkrARaYj0F,St. Jacinta Zigoti HC III,North Buganda,Mityana District,HC III,0.374997,32.165044,28234,84475
J8fEv5KijfP,Grace Allied Clinic HC II,North Buganda,Mityana District,HC II,0.382439,32.197846,28176,79376
OPysuvktrqH,Mubende Gayaza HC II,North Buganda,Mubende District,HC III,0.478477,31.399386,12945,94621
tBXP0oW1PIe,Mugungulu HC II,North Buganda,Mubende District,HC II,0.462771,31.354864,14693,70110
QGlZ7LIOS00,Butoloogo HC III,North Buganda,Mubende District,HC III,0.808488,31.53751,12419,50883
tRp6KcZwgQr,Kanyogoga HC II,North Buganda,Mubende District,HC II,0.790006,31.618337,10681,45347
VLclxVcJh5v,Mubende Regional Referral Hospital,North Buganda,Mubende District,RRH,0.567663,31.39359,78041,121707
SUZMNvE8LGZ,Doctors Clinic Mubende HC III,North Buganda,Mubende District,HC III,0.559814,31.38864,78798,122403
aI0URGtt8iX,Kanseera HC II,North Buganda,Mubende District,HC II,0.629334,31.403218,15808,114286
hQLiqK0IfdK,Kaweeri HC II,North Buganda,Mubende District,HC II,0.583329,31.392713,72115,122630
HKw4Bu0mBp5,Kaweeri Prisons HC II,North Buganda,Mubende District,HC II,0.584416,31.39446,70593,122593
pHixVeoCTIX,St. Jane Frances Medical Centre HC II,North Buganda,Mubende District,HC II,0.38081,31.22854,23510,67826
IrYTUdWw0LJ,Kabyuma HC II,North Buganda,Mubende District,HC II,0.560253,31.55412,13350,59362
YaUCgS8WMMW,Kalonga HC III,North Buganda,Mubende District,HC III,0.48676,31.583554,12859,52166
dOJEmqARABq,Kyakasa HC II,North Buganda,Mubende District,HC II,0.232488,31.189136,14377,40483
sSuKdQXD9yr,Muinaina Prisons HC II,North Buganda,Mubende District,HC II,0.402301,31.189855,18906,84878
GWsMlhualAj,Kalama Old Site HC II,North Buganda,Mubende District,HC II,0.293607,31.138545,11562,58324
aL9agnv50Wm,Kalama New Site HC II,North Buganda,Mubende District,HC II,0.274525,31.139666,11672,49439
aW1eTxFPaeo,Kabbo HC II,North Buganda,Mubende District,HC II,0.35329700000000003,31.181231,14119,73020
feHZtyy5zKn,Kabamba Barracks HC III,North Buganda,Mubende District,HC III,0.272145,31.1624,13431,45106
ioWJgf4igeG,Malaria Eradication Project HC II,North Buganda,Mubende District,HC II,0.376404,31.221705,22438,67072
pZMFQOtKC2I,Mutungo Nursing Home HC III,North Buganda,Mubende District,HC III,0.377382,31.223928,22750,67102
asPYa4kd1vo,Mubende Kasambya HC III Govt,North Buganda,Mubende District,HC III,0.380635,31.228423,23478,67772
OYxZ53hePFw,Kayebe HC II,North Buganda,Mubende District,HC II,0.430047,31.395069,10975,45696
k9GSxASmkuD,Nkandwa HC II,North Buganda,Mubende District,HC II,0.465982,31.314822,23275,79133
o6h40LLDDUA,Sovc Community HC II,North Buganda,Mubende District,HC II,0.378682,31.224123,22973,67526
ZliYlwzmFpL,Kabowa HC II,North Buganda,Mubende District,HC II,0.553413,31.289096,18321,97614
M5caUvrHw5q,Kibalinga HC III,North Buganda,Mubende District,HC III,0.497204,31.28323,26304,90178
Ms6nmMa2Wlz,Ssuubi Medical Centre HC III,North Buganda,Mubende District,HC III,0.417049,31.280848,22108,80908
lcBEpZG4m9x,Mawujjo HC II,North Buganda,Mubende District,HC II,0.401842,31.335913,12194,56488
NVzyUPHcrEd,Butawata HC III,North Buganda,Mubende District,HC III,0.372942,31.296089,13309,61513
ExtBb1CkrSe,Kituule HC II,North Buganda,Mubende District,HC II,0.759012,31.438673,12175,53229
r5X4QUeK8OA,Bugonzi HC II,North Buganda,Mubende District,HC II,0.461018,31.523618,12532,45287
FzJwtdVcu4N,Kakigando HC II,North Buganda,Mubende District,HC II,0.667585,31.268636,12162,56901
BuBhkTtnfuE,Kiyuni (Mubende) HC III,North Buganda,Mubende District,HC III,0.678367,31.334587,18346,54352
pWLKmwIgdyg,Muleete Community HC II,North Buganda,Mubende District,HC II,0.503589,31.439931,13556,109900
QBPWzy66HiY,Kitenga HC III,North Buganda,Mubende District,HC III,0.495328,31.509205,15742,50572
uhniq3yZlCE,Lubimbiri HC III,North Buganda,Mubende District,HC III,0.399598,31.136117,22580,94924
dM6qCDmZMFO,Kansambya HC II,North Buganda,Mubende District,HC II,0.613318,31.555937,15662,58158
Y5ighgzxrUT,Madudu HC III,North Buganda,Mubende District,HC III,0.669005,31.494009,18149,58626
IAZG7Y1gqr5,Kikoma HC II,North Buganda,Mubende District,HC II,0.742944,31.407695,11989,56018
alZgEM25r1K,St. Joseph Madudu HC III,North Buganda,Mubende District,HC III,0.672933,31.488973,18279,58461
lhdMYndcaPr,Kiyita HC II,North Buganda,Mubende District,HC II,0.426195,31.250367,24801,89095
qZk5VyDx3BL,Kabalungi HC II,North Buganda,Mubende District,HC II,0.427274,31.207543,20538,89948
DgpugjmuhEo,Nabingoola HC III,North Buganda,Mubende District,HC III,0.485503,31.182001,28081,89316
PFDKtj1bx7T,Mubende Town Council HC II,North Buganda,Mubende District,HC II,0.535932,31.393704,73740,121668
vG9vHElwinj,True Vine Hospital,North Buganda,Mubende District,General Hospital,0.546731,31.406511,75547,120483
oPzjsud0nrE,Kisekende Maternity Home HC II,North Buganda,Mubende District,HC II,0.551957,31.394968,78434,121851
qMCGY86LP9n,Kwagala Medical Centre (Mudende) HC II,North Buganda,Mubende District,HC II,0.546464,31.446798,26166,118678
atHXbhmWAsh,303 Brigade HC II,North Buganda,Mubende District,HC II,0.535004,31.354651,50376,133724
CqzxNyWUzno,Kayinja HC II,North Buganda,Mubende District,HC II,0.607968,31.312457,13759,95459
ysJmTEFHRJz,Lwemikomago HC III,North Buganda,Mubende District,HC III,0.603757,31.357555,21735,125297
xYZq8eBXMrD,Majani Chai HC II,North Buganda,Mubende District,Clinic,0.535004,31.354651,50376,133724
dJVAxcfHq5Z,Mubende Police HC II,North Buganda,Mubende District,HC II,0.562385,31.388296,78620,122290
PO8WHm1kFck,Mubende Rehabilitation Centre HC III,North Buganda,Mubende District,HC III,0.559351,31.376527,77817,123828
DkJsml7DkBM,Mubende St. Charles Medical Centre HC III,North Buganda,Mubende District,HC III,0.560824,31.387463,78730,122481
OUeoU9K3vSp,Nabikakala HC II,North Buganda,Mubende District,HC II,0.509724,31.368813,24050,130266
loCSrOrEQG5,Allan Galpin HC II,North Buganda,Mukono District,HC II,0.35666,32.741785,150568,487573
nGlVEyPlpgF,Bwino Medical Centre,North Buganda,Mukono District,HC II,0.363987,32.742585,151677,481226
TP6HSyiwLc6,C-Care Medical Centre HC II,North Buganda,Mukono District,HC II,0.361106,32.745558,149399,457113
idkhOzh2TYJ,Eseri Dom Clinic HC II,North Buganda,Mukono District,HC II,0.35716,32.753498,142767,396168
lrve7iVFZvn,Green Cottage Medical Centre HC II,North Buganda,Mukono District,HC II,0.36292,32.743701,150905,472036
YpxKxgysXnS,Gwalibawadde HC II,North Buganda,Mukono District,HC II,0.358263,32.75236,144138,404534
djAqdNTmp8l,Kauga Prisons HC II,North Buganda,Mukono District,HC II,0.361149,32.73956,153191,508738
aOqDzfL80Nt,Kyungu HC III,North Buganda,Mukono District,HC III,0.318534,32.740838,74452,430015
y6iAB1wMhZy,Maol Health Services,North Buganda,Mukono District,HC II,0.353038,32.77175,124828,295370
MNzaqWsKyxO,Mukono COU Hospital,North Buganda,Mukono District,General Hospital,0.358567,32.749499,146508,425922
wXpdkGY9Jzx,Mukono Eye Clinic HC II,North Buganda,Mukono District,HC II,0.360151,32.747758,147834,439735
Q6qNTXu3yRx,Mukono General Hospital,North Buganda,Mukono District,General Hospital,0.36091,32.74702,148349,445646
sUo7NNezgim,Mukono Muslim HC II,North Buganda,Mukono District,HC II,0.356858,32.755344,140850,383564
Dklgbui5iFp,Mukono Police HC II,North Buganda,Mukono District,HC II,0.361536,32.744897,149918,462352
X3ckZZW5ov1,Pentagon Medical Centre Clinic,North Buganda,Mukono District,Clinic,0.355495,32.75538,140261,383020
GamvfikQBbU,Sir Albert Cook Nursing Home HC II,North Buganda,Mukono District,HC II,0.354784,32.755834,139528,379822
F81A8Ip78Ex,St. Anne Clinic,North Buganda,Mukono District,HC II,0.364926,32.715374,177900,739515
SvFlOphvurH,St. John HC II,North Buganda,Mukono District,HC II,0.364482,32.752155,143980,406315
S8YI94XjnTF,St. Ruth Domiciliary Clinic,North Buganda,Mukono District,HC II,0.375694,32.762963,127108,332832
tFBaZgnfbPK,Vantage Medical Centre HC II,North Buganda,Mukono District,HC II,0.361865,32.752713,143912,402499
HNWkeEms9vr,Vine Medical Centre Clinic,North Buganda,Mukono District,Clinic,0.359079,32.748651,147167,432557
S3ohatkswyg,Wataba Medical Centre,North Buganda,Mukono District,HC II,0.346637,32.755454,133393,378221
vo2wNKBJlyM,Yayeri Domiciliary HC II,North Buganda,Mukono District,HC II,0.350826,32.771316,123969,295529
hiXfKb958Ss,Kiwaga HC II,North Buganda,Mukono District,HC II,0.365301,32.714176,179922,751642
LFTTskGAFSC,Ddembe Health Centre,North Buganda,Mukono District,HC II,0.369667,32.715426,174115,731302
NB0Ww6f0PiX,Goma HC III,North Buganda,Mukono District,HC III,0.395828,32.694398,172745,839619
xMuZM28h4kB,Nyanja (Mukono) HC III,North Buganda,Mukono District,HC III,0.456154,32.677624,79358,479448
uS9uJESJ1P3,Pearl View MC - Kasokoso Kiwanga HC II,North Buganda,Mukono District,HC II,0.381175,32.680414,299987,1070949
JaECIWe4AW0,Safer Medical Centre Clinic,North Buganda,Mukono District,Clinic,0.369611,32.711734,181119,768651
hOYfow1iN1v,Walco Medical Centre HC II,North Buganda,Mukono District,HC II,0.357551,32.70112,219896,897082
QwituImKAdE,Kairos Medical Centre HC IV,North Buganda,Mukono District,HC IV,0.365468,32.725454,163392,636125
JJOyIn4EsA3,Anne Medical Centre,North Buganda,Mukono District,HC II,0.378179,32.709498,174139,767491
l5HaUjsJOQX,Bukerere HC II,North Buganda,Mukono District,HC II,0.422332,32.703617,61742,617808
aNJUah8tlkm,Nantabulirwa HC III,North Buganda,Mukono District,HC III,0.340932,32.720257,147574,679431
u3MxwaDrNHg,My Friends Clinic,North Buganda,Mukono District,HC II,0.401055,32.700638,132793,761553
EuNXSEMyAGt,Kigogola HC II,North Buganda,Mukono District,HC II,0.587698,32.841455,23834,105210
Z53yC4PhlXc,Kikandwa Health Centre,North Buganda,Mukono District,Clinic,0.64183,32.841303,33065,111621
gzc6k1eNVER,Muzadde Maternity Home HC II,North Buganda,Mukono District,HC II,0.50935,32.751489,40587,143496
Eqtsf0ozlnj,Kasana HC II,North Buganda,Mukono District,HC II,0.617353,32.805391,24869,104237
zbDMSGLsc1J,Kasawo HC III,North Buganda,Mukono District,HC III,0.361207,32.740553,152663,499643
lVDEXK2iWmp,Kasawo Mission HC III,North Buganda,Mukono District,HC III,0.679586,32.82508,34099,112088
gK0T4N1aFZu,Kimenyedde HC II,North Buganda,Mukono District,HC II,0.518313,32.845744,26603,99973
mH1WkMQFPY1,Kisoga Mirembe Maria HC II,North Buganda,Mukono District,HC II,0.241622,32.809518,31140,85490
akaiT2gUBst,Kojja HC IV,North Buganda,Mukono District,HC IV,0.20795,32.796359,22044,77764
gNKFAvssktN,Tubigobe Medical Clinic HC II,North Buganda,Mukono District,HC II,0.254943,32.817816,30155,89412
yiMoyhYTQTE,Myende HC II,North Buganda,Mukono District,HC II,-0.10489,32.678946,2525,9136
fkASUL2GNdM,Koome HC III,North Buganda,Mukono District,HC III,-0.08059,32.73424,6513,14263
aB8VPjofx5K,Kansambwe HC II,North Buganda,Mukono District,HC II,-0.08646,32.58935,993,1578
UPSV6y2j0B0,Damba HC II,North Buganda,Mukono District,HC II,-6e-5,32.79954,5200,8222
gQ7xBJtwsF3,Kyampisi HC III,North Buganda,Mukono District,HC III,0.504347,32.715125,35920,178827
dMNYKt7qH4n,Mbaliga HC II,North Buganda,Mukono District,HC II,0.45415,32.790613,31934,147208
PhdZ1TVBjZR,Namasumbi HC II,North Buganda,Mukono District,HC II,0.543057,32.691197,26936,154152
ruaRQmaT4Kr,Buntaba HC II,North Buganda,Mukono District,HC II,0.478746,32.703918,42346,243229
jHyhQKE8FDY,Jehova Rapha HC IV,North Buganda,Mukono District,HC II,0.47331,32.754513,42654,153804
au3c47FR6VQ,Bugoye HC II,North Buganda,Mukono District,HC II,0.224361,32.755871,16278,81255
hFO29Yr6ysA,Kabanga HC III,North Buganda,Mukono District,HC III,0.200888,32.693461,9536,143331
QROYnp0n7wL,Mpunge HC III,North Buganda,Mukono District,HC III,0.12224,32.721984,14619,32928
HK8glBK20eg,The Great Big Project Medical Centre,North Buganda,Mukono District,HC II,0.539622,32.778743,43399,124206
uG3jOgD66py,Wagala HC II,North Buganda,Mukono District,HC II,0.429862,32.923017,18025,128528
bQ51D3Sirvy,St. Joseph Nanfumba HC II,North Buganda,Mukono District,HC II,0.480983,32.860653,20690,79572
VSGCAKuW01y,Naggojje HC III,North Buganda,Mukono District,HC III,0.438359,32.884619,15881,121881
sqQsFNhXH9W,Nabalanga HC III,North Buganda,Mukono District,HC III,0.590596,32.774421,23398,104042
UKShRNUHBZR,Naggalama Police HC II,North Buganda,Mukono District,HC II,0.521505,32.77469,48991,128933
bAh0tns9mFX,Nakifuma HC III,North Buganda,Mukono District,HC III,0.542848,32.79067,41148,121133
PSPBoL7ecNh,St. Francis Naggalama Hospital,North Buganda,Mukono District,General Hospital,0.524654,32.782432,48726,127254
uOXWUBFHxDS,Katente HC II,North Buganda,Mukono District,HC II,0.268611,32.878948,18065,88358
l8EC97zI8Xl,Kiyoola HC II,North Buganda,Mukono District,HC II,0.259374,32.857395,24613,88037
jrGWRhOfcso,Kyabalogo HC II,North Buganda,Mukono District,HC II,0.282578,32.790968,32762,146800
meCVGgjsn0F,Kyetume Cbhc HC IV,North Buganda,Mukono District,HC IV,0.31462,32.76934,63188,264694
nwcLOxR3qXv,Namuyenje HC II,North Buganda,Mukono District,HC II,0.331777,32.785311,81102,249705
ayXdSOkMOLk,Royal Van Zanten HC II,North Buganda,Mukono District,HC II,0.282593,32.758353,26447,192695
qmgb0UXgPfs,Seeta Nazigo HC III,North Buganda,Mukono District,HC III,0.317674,32.842219,16784,165472
bFwbWsNzB2h,St. Edwards (Mukono) HC II,North Buganda,Mukono District,HC II,0.250963,32.89687,24590,86254
qnsgHGFkmba,St. Martin Medical Center HC III,North Buganda,Mukono District,HC III,0.561418,31.387128,78680,122481
rpaK3EGkNQc,Healing Balm,North Buganda,Mukono District,HC II,0.283467,32.792739,32739,147412
CLiNJ245Vaa,Mwanyangiri HC II,North Buganda,Mukono District,HC II,0.300284,32.77557,36454,212446
x4zVP4YLDy7,Bulika HC II,North Buganda,Mukono District,HC II,0.425085,32.800753,28720,201487
axNVMZcgPLU,Katoogo HC III,North Buganda,Mukono District,HC III,0.446084,32.814859,20023,141345
rZQH7oqNKaN,Maama Nevis Memorial Clinic,North Buganda,Mukono District,Clinic,0.383574,32.837689,50387,196156
UEXH0mUR7v7,Mpoma HC II,North Buganda,Mukono District,HC II,0.402383,32.779754,57436,272469
gd0ljGzysx6,Nama Wellness Community HC III,North Buganda,Mukono District,HC III,0.40684,32.767818,59309,283567
dXEcBso8rQv,Noah's  Ark HC III,North Buganda,Mukono District,HC III,0.392564,32.758882,98748,337246
RfweVyD8d7w,Takajjunge HC III,North Buganda,Mukono District,HC III,0.389856,32.76682,98349,309554
tX9av6uDVox,Kasenge HC II,North Buganda,Mukono District,HC II,0.361261,32.740497,152705,500148
ZoVMumuEvRz,Consult Medical Centre,North Buganda,Mukono District,HC II,0.255731,32.815428,30325,89948
a6p3dWy4ce7,Kyabazaala HC III,North Buganda,Mukono District,HC III,0.620324,32.917644,19191,115870
KwFneGvRFii,Kateete HC II,North Buganda,Mukono District,HC II,0.530689,32.91569,10618,55118
UjzNIbYwQ7x,Seeta Kasawo HC II,North Buganda,Mukono District,HC II,0.811535,32.791208,12784,55566
aiyix4P4FmA,Namuganga HC III,North Buganda,Mukono District,HC III,0.721657,32.783698,20913,77450
RxuR3BaSwxg,Butalangu HC III,North Buganda,Nakaseke District,HC III,0.825487,32.251108,5655,26805
jloriHnudvr,Kapeeka HC III,North Buganda,Nakaseke District,HC III,0.679464,32.245831,19787,59854
V7fbzGI10qW,Namusaale HC II,North Buganda,Nakaseke District,HC II,0.69971,32.310769,13582,76270
grKJgZGCS9b,Singo HC III,North Buganda,Nakaseke District,HC III,0.683137,32.189,13172,49981
Khcb8YYpw8O,St. Theresa Kabogwe HC II,North Buganda,Nakaseke District,HC II,0.734154,32.231675,12456,43814
zpuaGgiU1MO,Nakaseeta (Kasangombe) HC II,North Buganda,Nakaseke District,HC II,0.773696,32.450451,14279,135158
E8mh7Ie50xY,Bulyake HC II,North Buganda,Nakaseke District,HC II,0.723636,32.48245,37896,126531
YTCehe1KMvF,Bidabuja HC III,North Buganda,Nakaseke District,HC III,0.735172,32.435987,26900,100153
l6faU6mJBOh,Kyangato HC II,North Buganda,Nakaseke District,HC II,0.670291,32.428292,16883,85570
Q5qLPWNEj41,Kikamulo HC III,North Buganda,Nakaseke District,HC III,0.816477,32.370177,21837,59553
q68Rl47iAKF,Kinyogoga HC III,North Buganda,Nakaseke District,HC III,1.206812,32.240165,3623,8401
AUl2LinS4Zb,Kaweweeta HC III,North Buganda,Nakaseke District,HC III,1.241929,32.1736,2015,7564
as5X6KYdOqL,St. Matia Lusanja HC II,North Buganda,Nakaseke District,HC II,0.767477,32.291811,8057,45977
OtHSbYGRmmu,Kiwoko Hospital,North Buganda,Nakaseke District,General Hospital,0.839216,32.360347,22983,51983
ud2hTW3qC8c,Kigege HC II,North Buganda,Nakaseke District,HC II,0.751642,32.390198,24040,70742
bWggTyheJ8u,Mifunya HC III,North Buganda,Nakaseke District,HC III,0.739615,32.36671,21990,67320
mlPC71DkTp5,Nakaseke Hospital,North Buganda,Nakaseke District,General Hospital,0.840904,32.492236,69533,113511
VdaCJASzDIR,Ngoma HC IV,North Buganda,Nakaseke District,HC IV,1.176327,32.017839,7727,11231
DwudfdiJ3gq,Kalegge HC III,North Buganda,Nakaseke District,HC III,0.594677,32.26,15124,96907
Mebh5muYDWi,Nakaseke Kikandwa HC II,North Buganda,Nakaseke District,HC II,0.62,32.267293,15555,92737
kyHAWNZ9EPd,Kirema HC III,North Buganda,Nakaseke District,HC III,0.644497,32.247557,17195,80112
zPvmdjd3Hw6,Semuto HC IV,North Buganda,Nakaseke District,HC IV,0.622874,32.327048,32513,77573
abhWtHxtxlG,Wansalangi HC II,North Buganda,Nakaseke District,HC II,0.843243,32.284654,8348,36517
eQXTs1XHYpK,Wakyato HC III,North Buganda,Nakaseke District,HC III,0.865961,32.215546,4302,14565
F77VRAFi2dn,Nakaseke Kalagala HC II,North Buganda,Nakaseke District,HC II,0.965813,32.336792,3026,10439
PH3sr09fZS8,Katuugo Military Training School HC II,North Buganda,Nakasongola District,HC II,1.113204,32.459613,6610,26063
sAJl3s1MgfV,Batuusa HC II,North Buganda,Nakasongola District,HC II,1.004865,32.530413,5138,29969
M8DBbHXqZuI,Kyeyindula HC II,North Buganda,Nakasongola District,HC II,1.078375,32.526057,4028,22390
rP3cpyzkW4m,Franciscan HC IV,North Buganda,Nakasongola District,HC IV,1.065332,32.467429,10990,23747
M89X2hx66u3,Kamirampango HC II,North Buganda,Nakasongola District,HC II,1.218782,32.760043,5576,20830
WSRvfYs9L1V,Kiwambya HC II (Nakasongola),North Buganda,Nakasongola District,HC II,1.15087,32.690519,3828,17633
aSMuKx05RO8,Bamugolodde HC III,North Buganda,Nakasongola District,HC III,1.103545,32.733499,4381,16965
aNWVZ9aCbQb,Kakoola HC II (Nakasongola),North Buganda,Nakasongola District,HC II,1.234422,32.646503,4620,20350
wgSmdZGeb5I,Kalungi (Kalungi) HC III,North Buganda,Nakasongola District,HC III,1.28846,32.661685,9913,33587
hcZNRwmIen7,Rapha HC III,North Buganda,Nakasongola District,HC III,1.294948,32.587829,6202,25162
cDlP7OSRaO1,Irima HC II,North Buganda,Nakasongola District,HC II,1.311707,32.714983,7130,30693
eB1Eg8cJGne,Kiralamba HC III,North Buganda,Nakasongola District,HC III,1.159561,32.490615,8253,18774
hwNTd8tjyyR,Kazwama HC II,North Buganda,Nakasongola District,HC II,1.332148,32.65021,15516,29426
R2Cl01FXyrt,Nakayonza HC III,North Buganda,Nakasongola District,HC III,1.459177,32.425206,5800,34724
DMgpwxmDteF,Kikooge HC II,North Buganda,Nakasongola District,HC II,1.60663,32.305604,3412,14136
h2Rr1C25a0b,Lwabyata HC II,North Buganda,Nakasongola District,HC II,1.505586,32.373642,11142,24957
Go8kkrvfDwB,Kisaalizi HC II,North Buganda,Nakasongola District,HC II,1.519301,32.446593,11472,30979
Jn7Sz79BL2v,Nakasongola Military Hospital,North Buganda,Nakasongola District,General Hospital,1.39135,32.49771,15436,36951
LmZCUcHOt4t,Kikoiro HC II,North Buganda,Nakasongola District,HC II,1.401358,32.573567,5514,26004
amOfrCsmDMr,Luwero Industries Ltd Clinic,North Buganda,Nakasongola District,HC II,1.412467,32.532859,13042,31061
HKZRBFVPnXq,Muwunami HC II,North Buganda,Nakasongola District,HC II,1.464947,32.520718,9783,32563
werOrHbzh72,Lwampanga HC III,North Buganda,Nakasongola District,HC III,1.502735,32.512326,8681,25742
Lpow1s0TW11,Mayirikiti HC II (Nakasongola),North Buganda,Nakasongola District,HC II,1.246866,32.72352,6002,22785
ryU8AKAQAnR,St. Francis HC III,North Buganda,Nakasongola District,HC III,1.410479,32.256154,7855,15524
Eez5B2wLHH5,Walukunyu HC II,North Buganda,Nakasongola District,HC II,1.414746,32.304685,5565,15923
cVZrPQHkHcg,Buyamba HC II,North Buganda,Nakasongola District,HC II,1.504276,32.207008,1917,8911
vyU969NfjT6,Mulonzi HC II,North Buganda,Nakasongola District,HC II,1.603845,32.214679,1774,7642
aRE0Ejk5hdp,Nabiswera HC IV,North Buganda,Nakasongola District,HC IV,1.469934,32.271609,3179,14528
OaDLSKkKwgW,Nakasongola Police HC II,North Buganda,Nakasongola District,HC II,1.313203,32.465057,15262,33210
FWFO4gWgFSk,Our Lady Nakasongola HC III,North Buganda,Nakasongola District,HC III,1.306854,32.46237,15364,31226
h2oF7upS6k9,Nakasongola HC IV,North Buganda,Nakasongola District,HC IV,1.322032,32.466845,15093,35690
e1pByDp3Nxo,Nakasongola Prisons HC III,North Buganda,Nakasongola District,HC II,1.310811,32.454692,15685,31591
Xks9aASahbX,Njeru HC II,North Buganda,Nakasongola District,HC II,1.602978,32.185271,1958,7221
ixo6xmc8VE9,Nakitoma HC III,North Buganda,Nakasongola District,HC III,1.506653,32.100085,5318,13872
azr8iVdWrCV,Kasozi (Nakitoma) HC II,North Buganda,Nakasongola District,HC II,1.414991,32.124088,2128,7227
f4dGzsIwBms,Sikye HC II,North Buganda,Nakasongola District,HC II,1.310681,32.402585,5998,25725
NGTHpb3cCBB,Wampiti HC II,North Buganda,Nakasongola District,HC II,1.254994,32.52719,2125,21601
QxjjT8pu7tx,Wabigalo HC III,North Buganda,Nakasongola District,HC III,1.251762,32.461963,7000,26742
m6JUeBRb6FQ,Kamunina HC II,North Buganda,Nakasongola District,HC II,1.137357,32.589461,2208,12131
HW6fE9RYBjI,Bigasa HC III,South Buganda,Bukomansimbi District,HC III,-0.087166,31.627148,21759,78808
agQsp6hFdZa,St. Mechtilda Kitaasa HC III,South Buganda,Bukomansimbi District,HC III,-0.151093,31.603976,23205,82224
R9ujLreag0E,Buke Medical Centre HC III,South Buganda,Bukomansimbi District,HC III,-0.16954,31.61774,23164,81910
obXcd9wL3Pf,Bukomansimbi Medical Center HC III,South Buganda,Bukomansimbi District,HC III,-0.166584,31.620634,23264,81390
VCIAE5Bta3H,St. Mary's  Maternity & Nursing Home HC III,South Buganda,Bukomansimbi District,HC III,-0.164047,31.618075,23103,81277
nVTvYNeCRkf,Kyakatebe Community HC II,South Buganda,Bukomansimbi District,HC II,-0.248469,31.710502,28543,153666
A7BAVMsywaQ,Kawoko Muslim HC III,South Buganda,Bukomansimbi District,HC III,-0.205255,31.695648,27322,99110
wHboGxWIhq0,Butenga Medical Center HC III,South Buganda,Bukomansimbi District,HC III,-0.190826,31.672628,25149,96209
NCu3t93AIns,Luyitayita HC III,South Buganda,Bukomansimbi District,HC III,-0.160967,31.657239,25444,83281
ajaZHwTza6B,Kabigi Muslim HC III,South Buganda,Bukomansimbi District,HC III,-0.164505,31.668474,23528,86055
VOB2uTrIMvs,Eva Domiciliary Clinic HC II,South Buganda,Bukomansimbi District,HC II,-0.143396,31.658143,19752,82482
gBVBGJ2p9b3,Butenga HC IV,South Buganda,Bukomansimbi District,HC IV,-0.195278,31.67297,25387,98016
RlulmyGd2XY,Buyoga HC III,South Buganda,Bukomansimbi District,HC III,-0.264148,31.638012,26549,94848
hkoHNZAApbg,Kagoggo HC II,South Buganda,Bukomansimbi District,HC II,-0.217108,31.614638,20623,91058
HZqbQQwaQhP,Kambi HC II,South Buganda,Bukomansimbi District,HC II,-0.277102,31.681133,22800,183995
ogD8wXFjIUD,Kisojjo (Kibinge) HC II,South Buganda,Bukomansimbi District,HC II,-0.288104,31.680634,23619,203994
JWY3IEK3xHs,Legacy Medical Center HC II,South Buganda,Bukomansimbi District,HC II,-0.26171,31.628991,25906,91251
UjBIv3oF9PN,Mwebaza Domiciliary Clinic HC II,South Buganda,Bukomansimbi District,HC II,-0.267657,31.647599,26300,102187
dRVlZtrIfcM,Kigangazzi HC II,South Buganda,Bukomansimbi District,HC II,-0.030897,31.672596,16577,71360
zxCz0mvkspt,Busagula HC II,South Buganda,Bukomansimbi District,HC II,-0.01493,31.662774,16271,63948
GUlztXJ4MRg,Makukuulu HC III,South Buganda,Bukomansimbi District,HC III,-0.043836,31.586575,20011,63850
aULXp2H2LGI,Kitanda HC III,South Buganda,Bukomansimbi District,HC III,-0.097425,31.568429,19395,76035
aP3vXWciBlE,Kibugga HC II,South Buganda,Butambala District,HC II,0.164013,32.164441,16019,83639
qYIh49gM216,Kyabadaza HC III,South Buganda,Butambala District,HC III,0.120969,32.182037,18541,74807
F3r8Fr87Bnx,Maria Assumpta HC III,South Buganda,Butambala District,HC III,0.120925,31.994184,25412,72602
v6KdyypBQBB,Bulo Clinic HC II,South Buganda,Butambala District,HC II,0.113711,31.999284,25352,72480
laPnCXSZ0Oo,Bulo HC III,South Buganda,Butambala District,HC III,0.113196,31.9988,25272,72496
U5TE1ItzA0v,Sanyu Domicilliary HC II,South Buganda,Butambala District,HC II,0.116356,32.000311,25594,72366
xuCJ8NBomxP,Gombe Hospital,South Buganda,Butambala District,General Hospital,0.181255,32.114868,21374,76853
oglrek2bw9A,Ntolomwe HC II,South Buganda,Butambala District,HC II,0.147911,32.114726,19468,81387
J5ZGPIn0Opf,Nsozibirye HC II,South Buganda,Butambala District,HC II,0.262931,32.194886,25906,73581
gxpqLAdym0H,Savio Medical Centre HC II,South Buganda,Butambala District,HC II,0.263621,32.225927,18720,72946
yL7VDkAvl7Z,Kitimba HC III,South Buganda,Butambala District,HC III,-0.772859,29.898834,45639,129202
E1TxjBqAvWB,Epi-Centre Senge HC III,South Buganda,Butambala District,HC III,0.19302,32.208498,19957,84932
BE5LiYZjBvM,Kabasanda HC II,South Buganda,Butambala District,HC II,0.261948,32.229957,18365,74274
aDGztjb0S7j,Kalamba Community HC II,South Buganda,Butambala District,HC II,0.263713,32.207855,22681,73149
jSTIbH5xzbW,Kilokola HC II,South Buganda,Butambala District,HC II,0.233258,32.191732,26963,77354
lxS0qhIRkQv,Butaaka HC III,South Buganda,Butambala District,HC III,0.249117,32.165866,24735,77154
yVfysxEDePw,Kawonawo Domiciary Clinic - Kibibi HC II,South Buganda,Butambala District,HC II,0.23572,32.173814,25976,79260
gr1CRYxuJmr,Kibibi Nursing Home HC III,South Buganda,Butambala District,HC III,0.228995,32.176332,26085,80115
FI11C32LNK8,Kiziiko HC II,South Buganda,Butambala District,HC II,0.201112,32.173385,24210,85148
a93zYnWO0cT,Bugobango HC II,South Buganda,Butambala District,HC II,0.100242,31.906016,14140,62571
kMZGxkg0VmA,Butende HC II,South Buganda,Butambala District,HC II,0.036938,31.885875,11666,45433
gt954ahlttH,Kidawalime Nursing Home HC II,South Buganda,Butambala District,HC II,0.070785,31.904725,14527,51213
lH80zq7z1Hg,Ngando HC III,South Buganda,Butambala District,HC III,0.075969,31.925546,13738,63147
MGA4eDHuCG9,Mawuki HC II,South Buganda,Gomba District,HC II,0.121711,31.868573,11493,61389
QLJmdTgkB3N,Bulwadda HC III,South Buganda,Gomba District,HC III,0.189534,31.787372,12611,46107
XsLMulDu2aw,Kanoni HC III,South Buganda,Gomba District,HC III,0.170124,31.905266,17930,67044
kE3qTLNZlZ8,Zee Medical Centre HC II,South Buganda,Gomba District,HC II,0.174072,31.906364,18019,67271
gMSnZfci97x,Kifampa HC III,South Buganda,Gomba District,HC III,0.121742,31.759914,14412,45030
KNuyUySHocg,Kisozi HC III,South Buganda,Gomba District,HC III,0.086683,31.611441,4874,23599
Abzyw3gTHdQ,Buyanja (Gomba) HC II,South Buganda,Gomba District,HC II,0.181085,31.49539,3258,11039
QX10pPIWlfR,Kasambya (Gomba) HC II,South Buganda,Gomba District,HC II,0.26928,31.337721,3780,21667
tPiPaWz3TIK,Kyayi HC III,South Buganda,Gomba District,HC III,0.216569,31.396589,3320,10470
tw7g2aShrXi,Bukalagi HC III,South Buganda,Gomba District,HC III,0.175294,31.857371,17941,60549
aRRsrxSesDy,Kewerimidde HC II,South Buganda,Gomba District,HC II,0.141103,31.976502,25498,74990
SfqoAfHZm8l,Mamba HC III,South Buganda,Gomba District,HC III,0.252709,31.824338,8668,39340
asCegsmRBma,Namabeya HC II,South Buganda,Gomba District,HC II,0.144004,31.884819,16421,64097
qNEyUa4AQg9,Rapha Medical HC III,South Buganda,Gomba District,HC III,0.111094,31.95508,20537,73839
wVUi8BXxKkY,Kitwe HC II,South Buganda,Gomba District,HC II,0.314259,31.596103,5071,21187
r7ugOoXi8F1,Maddu HC IV,South Buganda,Gomba District,HC IV,0.213127,31.669173,7709,22921
CcCjT4HFRuy,Mpenja HC III,South Buganda,Gomba District,HC III,0.223887,32.052065,17493,66041
SCOrhnwQX8k,Kanzira HC II,South Buganda,Gomba District,HC II,0.231651,32.090948,15558,74036
o1LaetcCY7S,Ngeribalya HC II,South Buganda,Gomba District,HC II,0.150308,32.017873,21570,78799
Xvt0nRCNyrC,Ngomanene HC III,South Buganda,Gomba District,HC III,0.19696,31.999709,16242,72513
azzeotS1e0O,Jaana HC II,South Buganda,Kalangala District,HC II,-0.230589,32.580589,2067,2242
ADhJXGIcCND,Bubeke HC III,South Buganda,Kalangala District,HC III,-0.320379,32.578677,3907,5556
K3E78Mqdg2A,Lulamba HC III,South Buganda,Kalangala District,HC III,-0.193958,32.321629,2293,5288
smgogCHGxv3,Kachanga Island HC II,South Buganda,Kalangala District,HC II,-0.177991,32.289128,2397,3861
uENCXRMDzpG,Bufumira Islanders Friends Of Family HC II,South Buganda,Kalangala District,HC II,-0.337784,32.376457,2168,13335
mWaRCpc5hPU,Bufumira HC III,South Buganda,Kalangala District,HC III,-0.337377,32.381649,2216,12083
ZWB6dIsmvva,Opul Medical Clinic,South Buganda,Kalangala District,Clinic,-0.44545,32.207274,3677,8673
yOzYKPK76Bq,Bwendero HC III,South Buganda,Kalangala District,HC III,-0.443536,32.227543,4241,9239
S2IEIv72rj0,Dajje HC II,South Buganda,Kalangala District,HC II,-0.443967,32.272394,2948,11866
BUPmAz8RgAa,Mulabana HC II,South Buganda,Kalangala District,HC II,-0.503673,32.164302,3736,6168
KlZKNf2z5B5,Ssese Medical Centre Clinic,South Buganda,Kalangala District,Clinic,-0.323343,32.293436,9996,15731
oTXa14pgh8f,Kalangala HC IV,South Buganda,Kalangala District,HC IV,-0.320716,32.291996,9998,15549
l9nJ36E5ova,Kalangala Police Clinic,South Buganda,Kalangala District,HC II,-0.323061,32.29085,10209,15605
AaEPI9rSAtc,Shuhadah HC II,South Buganda,Kalangala District,HC II,-0.322937,32.28767,10476,15503
NKcfhEUaMHx,Bukasa HC IV,South Buganda,Kalangala District,HC IV,-0.453059,32.494672,3441,5361
RuPdGm5T2zl,Lujjabwa Island HC II,South Buganda,Kalangala District,HC II,-0.689353,32.183107,184,188
vM7d3ZWWl42,Mazinga HC III,South Buganda,Kalangala District,HC III,-0.667352,32.3296,1586,2261
kOlitJ9usyf,Ssese Islands African Aids Project (Siaap) HC II,South Buganda,Kalangala District,HC II,-0.256764,32.07176,3263,11299
aeWNPmn3Zrf,Mugoye HC III,South Buganda,Kalangala District,HC III,-0.284791,32.142866,6018,12440
FzjQcOWAApu,Kasekulo HC II,South Buganda,Kalangala District,HC II,-0.23987,32.183871,2623,9662
aaNmTnGylMb,St. Elizabeth Bumangi HC III,South Buganda,Kalangala District,HC III,-0.3167,32.239701,6542,16843
yPDkm2J6WfW,St. Mary (Mukoko) HC II,South Buganda,Kalungu District,HC II,-0.193561,31.845274,29642,88748
vmZZzuiGPS1,Thereza Ledochowska HC II,South Buganda,Kalungu District,HC II,-0.129407,31.832211,24379,91980
YXN5KHNVc5J,Well Spring HC III,South Buganda,Kalungu District,HC III,-0.244224,31.830434,24201,94578
DFuALUpGId9,Bukulula HC IV,South Buganda,Kalungu District,HC IV,-0.180773,31.844978,33405,87965
a5lQTv6RKkm,Kiti HC III,South Buganda,Kalungu District,HC III,-0.080512,31.866888,11680,68839
UYmlNJzKbed,Mirembe (Bukulula) HC III,South Buganda,Kalungu District,HC III,-0.144453,31.8763,32464,73903
rRzAWYSoUt4,St. Doreens HC II,South Buganda,Kalungu District,HC II,-0.176557,31.727572,22281,87916
NTlPENoySCQ,Villa Maria Hospital,South Buganda,Kalungu District,General Hospital,-0.230795,31.743512,29810,130266
EheaNDFPEVF,Bbala HC III,South Buganda,Kalungu District,HC III,-0.227413,31.771736,26808,124344
ScJudq9evei,Bwanda (Kalungu) HC II,South Buganda,Kalungu District,HC II,-0.237091,31.749447,29743,145591
lbLwvsxtAIk,Kabungo HC III,South Buganda,Kalungu District,HC III,-0.125419,31.770961,19587,80047
EbUv0a1HNlA,Nabutongwa HC II,South Buganda,Kalungu District,HC II,-0.188109,31.73406,25936,89004
lYwBYmPhvdC,St. Dominic (Central Ward) HC II,South Buganda,Kalungu District,HC II,-0.17097300000000001,31.757473,20733,94758
sj5qEBQKeyq,Kalungu Kabukunge HC II Ngo,South Buganda,Kalungu District,HC II,-0.194808,31.757215,26330,100434
wKczE4oVqOy,Kalungu HC III,South Buganda,Kalungu District,HC III,-0.167914,31.757362,20467,94196
IburVmGWill,Kiwawo HC II,South Buganda,Kalungu District,HC II,-0.107405,31.785359,22483,82749
r4tlCfXVOkw,Lutengo Muslim HC II,South Buganda,Kalungu District,HC II,-0.141419,31.82135,20554,96439
SuNPmvsGklv,Kabaale HC III,South Buganda,Kalungu District,HC III,1.444457,31.036763,10855,36208
ald3aEmViHB,Kigasa HC II,South Buganda,Kalungu District,HC II,-0.061125,31.780533,24567,72662
mgr6AHrRokx,Kyamulibwa HC III,South Buganda,Kalungu District,HC III,-0.078876,31.747368,26415,76118
aTbmzoEvT5z,St. Joseph Of the Good Shepherd Kyamulibwa HC IV,South Buganda,Kalungu District,HC IV,-0.085262,31.757939,27249,75728
CSHydY4gTN0,MRC Kyamulibwa HC II,South Buganda,Kalungu District,HC II,-0.066517,31.750195,26343,75665
xUMPzABgfLc,Tender Hands Nursing Home HC II,South Buganda,Kalungu District,HC II,-0.158385,31.867478,37676,77644
mqCkkaqoMNA,Lukaya Health Care Center/Uganda Cares HC II,South Buganda,Kalungu District,HC II,-0.145761,31.878543,32176,73142
i6hyU0bywAr,Kalungi (Lukaya) HC III,South Buganda,Kalungu District,HC III,-0.13222,31.848072,31638,84145
IDk3QfceRQG,Lukaya HC III,South Buganda,Kalungu District,HC III,-0.14522,31.875587,32815,74240
cQlhVgIOXko,Mukwano Medical Centre HC II,South Buganda,Kalungu District,HC II,-0.151139,31.876332,33970,74329
dkhfFpWRiL0,St. Francis of Assis Maternity Home HC II,South Buganda,Kalungu District,HC II,-0.143284,31.877527,31918,73344
u6ANzFKldLf,St. Joseph Mother Care HC II,South Buganda,Kalungu District,HC II,-0.157841,31.868328,37370,77357
OoIuPjmXDde,Teguzibirwa Dom Clinic,South Buganda,Kalungu District,Clinic,-0.151244,31.875633,34183,74607
PUCsJ2N2aEF,Mirembe Health Centre,South Buganda,Kalungu District,HC II,0.447343,32.613078,204002,910239
lQ9FxeRMd8s,St. Monica Birongo HC III,South Buganda,Kalungu District,HC III,-0.012741,31.805605,14791,57540
MLgsYoX2xWW,Kasambya (Kalungu) HC III,South Buganda,Kalungu District,HC III,-0.023901,31.73991,17662,70129
w0PhrI50OdI,Kigaju HC II,South Buganda,Kalungu District,HC II,0.03298,31.703171,10141,44418
aGJJ5oqd2zk,Kiragga HC III,South Buganda,Kalungu District,HC III,-0.033603,31.833165,13267,55479
yRMOMjU7HsA,Ndolo HC II,South Buganda,Kyotera District,HC II,-0.699117,31.584717,9272,60965
JnEi6rH038a,Serulanda HC II,South Buganda,Kyotera District,HC II,-0.663881,31.618587,11328,63988
odhUpF17tvm,Apex Medical Centre,South Buganda,Kyotera District,HC II,-0.64881,31.61812,11485,69025
aH2ibzbcaLY,Bbaka HC II,South Buganda,Kyotera District,HC II,-0.672984,31.67979,9329,38453
KC28vpic105,Kabira (Kyotera) HC III,South Buganda,Kyotera District,HC III,-0.654777,31.642512,11214,48968
H0TcBRRMUmr,Kasaka Community Medical Centre,South Buganda,Kyotera District,Clinic,-0.69155,31.600416,10203,58334
ArftrbbMzlw,Mayanja HC II,South Buganda,Kyotera District,HC II,-0.826664,31.521228,13860,47776
Ls1dG8v84Wu,Kakuuto HC IV,South Buganda,Kyotera District,HC IV,-0.859134,31.480391,16439,48843
nAGyLvO5sg3,Buddu Clinic HC II,South Buganda,Kyotera District,HC II,-0.862843,31.475129,16208,48091
w4k4Pk5YyLo,Nsumba HC II,South Buganda,Kyotera District,HC III,-0.542877,31.555479,22223,104165
sTVyzxAGpJx,Kyakanyomozi HC II,South Buganda,Kyotera District,HC II,-0.595894,31.605748,14982,99981
KHwThSaTX0L,Kyango HC III,South Buganda,Kyotera District,HC III,-0.520228,31.656291,34402,99686
CW3PQPyoZfH,Kisa Medical Centre HC II,South Buganda,Kyotera District,HC II,-0.535707,31.624272,36710,98409
XuXmwfkm9VP,Kalisizo-Muslim HC II,South Buganda,Kyotera District,HC II,-0.536043,31.621838,36768,98241
voN01aTS5rU,Kibanda Clinic HC II,South Buganda,Kyotera District,Clinic,-0.536726,31.61953,36725,97961
eZPhMsZGZza,Kalisizo Hospital,South Buganda,Kyotera District,General Hospital,-0.535609,31.622463,36782,98358
YyjYWwXND9i,House Of Holy Family,South Buganda,Kyotera District,Clinic,-0.533369,31.624938,36830,98787
nlCA2HNWuFV,Kalisizo Prison Clinic HC II,South Buganda,Kyotera District,HC II,-0.538979,31.621659,36511,97593
di4DmrdqB4K,Kalisizo Police HC II,South Buganda,Kyotera District,HC II,-0.540089,31.619612,36408,97182
vXRJlq6NVP7,St. Gyavira Domiciliary HC II,South Buganda,Kyotera District,HC II,-0.531195,31.623247,36970,99044
aqqJXIn2j84,Rakai Health Sciences Program Clinic,South Buganda,Kyotera District,Clinic,-0.539476,31.623107,36424,97555
cK7tKflXLEi,Kyakonda HC II,South Buganda,Kyotera District,HC II,-0.64379,31.53894,36998,86081
DsCPAvIFVwD,Nkenge HC II,South Buganda,Kyotera District,HC II,-0.611277,31.509164,34347,93791
HXw8RJKyuDz,St. Andrews Biikira Maria HC III,South Buganda,Kyotera District,HC IV,-0.625248,31.571189,35300,80971
B6tnNNiOcAl,St. Mugaga Clinic HC II,South Buganda,Kyotera District,HC II,-0.61395,31.533084,38183,90833
ZLJUYEZegpQ,Kasaali HC III,South Buganda,Kyotera District,HC III,-0.620373,31.558024,36235,84941
ZFJ3R3ApEeC,Gayaza HC II,South Buganda,Kyotera District,HC II,-0.619432,31.489493,22698,96089
eOztkViRyTv,Buziranduulu HC II,South Buganda,Kyotera District,HC II,-0.579892,31.55133,17068,108850
TjXmalqlISc,Good Life Clinic,South Buganda,Kyotera District,Clinic,-0.640022,31.530011,38300,88367
azhyjqRn52U,Kijonjo HC II,South Buganda,Kyotera District,HC II,-0.755204,31.564678,6763,40832
amwSlyHvRiP,Ssanje Domiciliary Clinic HC III,South Buganda,Kyotera District,HC III,-0.786058,31.500263,19152,57278
agw4uqikZnP,Kasasa HC III,South Buganda,Kyotera District,HC III,-0.725845,31.511605,13524,62731
esaIYgP3vSp,St. Jude Sanje HC III,South Buganda,Kyotera District,HC III,-0.79491,31.498038,19161,57308
dtJry9rvhTP,Premier HC II,South Buganda,Kyotera District,HC II,-0.78756,31.499664,19186,57309
JOqGaRYi9Xc,Shalom Medical Centre (Kasasa) HC II,South Buganda,Kyotera District,Clinic,-0.777791,31.500314,18594,57684
KyCqBaEFJk5,Kasensero HC II,South Buganda,Kyotera District,HC II,-0.913547,31.763517,3608,9832
aW8p5Hv95s3,Buyiisa HC II,South Buganda,Kyotera District,HC II,-0.476423,31.638782,25193,102201
ffepMuBcVGL,Butembe HC II,South Buganda,Kyotera District,HC II,-0.501614,31.594274,31608,103415
gzRXSP5Pfiz,Byerima HC II,South Buganda,Kyotera District,HC II,-0.505037,31.559122,25938,99388
GREWqcdtoVn,Kabuwoko Govt HC III,South Buganda,Kyotera District,HC III,-0.462555,31.655061,26518,96143
rscf883xKay,Kabuwoko Ngo HC II,South Buganda,Kyotera District,HC II,-0.465781,31.657947,26429,96862
alzpRLW14i8,Kirumba HC III,South Buganda,Kyotera District,HC III,-0.478892,31.60129,20906,104557
GvvFepkwmtZ,Lwamba HC II,South Buganda,Kyotera District,HC II,-0.462292,31.627829,23286,100032
CQmdcwy1KcX,St. Jude Clinic (Kyotera) HC II,South Buganda,Kyotera District,HC II,-0.46999,31.6661,26147,96531
wpLf3ooCcJu,St. Martins Domiciliary HC II,South Buganda,Kyotera District,HC II,-0.471255,31.66501,26081,97195
YA2OODV9i5K,Nazareth Dispensary & Mu HC II,South Buganda,Kyotera District,HC II,-0.947122,31.691266,4595,14283
TbNl7tDrBIU,Mirigwe HC II,South Buganda,Kyotera District,Clinic,-0.921679,31.709455,4589,14493
HZQq912GC0O,Minziiro HC II,South Buganda,Kyotera District,HC II,-0.994836,31.562541,2486,6775
xP2J8wszUrR,Kyebe HC III,South Buganda,Kyotera District,HC III,-0.930314,31.667866,4761,14596
hhlAmkWLbR2,Gwanda HC II,South Buganda,Kyotera District,HC II,-0.894532,31.737046,4282,10541
aA955wcOAKu,Kyotera Muslim HC III,South Buganda,Kyotera District,HC III,-0.632297,31.542976,37508,86890
SElLcUjqrGg,Mitukula HC III,South Buganda,Kyotera District,HC III,-0.629829,31.533797,38431,89070
lS1i3kglzgM,Muzito Domiciliary SDA HC II,South Buganda,Kyotera District,HC II,-0.631589,31.543232,37511,86904
Hz2Ql6AhoKB,St. Cecillia Domicially Clinic HC II,South Buganda,Kyotera District,HC II,-0.633233,31.542073,37554,86989
lgFzL869m2r,St. Peter's  Medical Clinic,South Buganda,Kyotera District,Clinic,-0.633425,31.541461,37604,87100
SU6u279D3JC,3M Mummy's   Dom Clinic,South Buganda,Kyotera District,Clinic,-0.629264,31.545092,37390,86716
WjgfXNNhwkm,Kuteesa Clinic,South Buganda,Kyotera District,Clinic,-0.629938,31.546486,37238,86355
io8JhubppQo,Kyotera Med. Centre HC III,South Buganda,Kyotera District,HC III,-0.636101,31.536218,37919,87867
zwfMFtrP9wk,Kayanja HC II,South Buganda,Kyotera District,HC II,-0.591304,31.678118,16332,71958
FuOuXP2WFU8,Lwankoni HC III,South Buganda,Kyotera District,HC III,-0.54376,31.666276,29389,93121
boVDRxlYtxA,Nabyajjwe HC II,South Buganda,Kyotera District,HC II,-0.580348,31.639177,19482,83875
nPgZVYploaa,Mutukula Prisons HC II,South Buganda,Kyotera District,HC II,-0.985933,31.41517,5335,15333
X7iYabwpJfR,Mutukula HC III,South Buganda,Kyotera District,HC III,-0.989177,31.41914,5043,14552
aVMt1SBlRHi,Nakasoga Muslim HC II,South Buganda,Kyotera District,HC II,-0.51557,31.542492,25553,97889
gaqWCpbUzaJ,Bethelem Community Maternity Home,South Buganda,Kyotera District,HC II,-0.581343,31.465361,20379,90780
SbullIVi7Kc,Bethlehem HC III,South Buganda,Kyotera District,HC III,-0.577067,31.462704,20479,86443
nKmPYluDIoS,Kijejja HC II,South Buganda,Kyotera District,HC II,-0.556479,31.533766,17714,113748
UbUqRLD1RnZ,Bethelem Community Nursing Home Clinic,South Buganda,Kyotera District,General Hospital,-0.583727,31.46447,20341,91676
nEUuDrY5MWp,Nabigasa HC III,South Buganda,Kyotera District,HC III,-0.558098,31.489399,20664,90742
AIWpt7rgU47,Nakatoogo HC II,South Buganda,Kyotera District,HC II,-0.516529,31.524519,26979,92178
sDSduj1yuPM,Nangoma HC III,South Buganda,Kyotera District,HC III,-0.983917,31.770125,2443,6882
K1Qvy9fVY22,Kyamaganda HC III,South Buganda,Lwengo District,HC III,-0.381878,31.539603,26711,99176
rrOymteWVK8,Lwengo Kinoni Govt HC III,South Buganda,Lwengo District,HC III,-0.35295,31.558811,34644,93814
K0rthZS2crV,Nakateete HC II,South Buganda,Lwengo District,HC II,-0.384805,31.520946,21822,96587
a2Hci1a9rkt,Asiika Obulamu Medical Centre HC II,South Buganda,Lwengo District,HC II,-0.353289,31.5533,34178,94769
UA0ME31VAAB,Engeye HC II,South Buganda,Lwengo District,HC II,-0.37418,31.521157,25663,97289
TOJOvt2T0Kn,St. Bernardines Domicilliary,South Buganda,Lwengo District,HC II,-0.380306,31.548582,28338,98566
oviT3cugAEz,Kiwangala HC IV,South Buganda,Lwengo District,HC IV,-0.474963,31.515926,24989,85594
vMQGeSzMGKq,Kikenene HC II,South Buganda,Lwengo District,HC II,-0.430152,31.569472,14528,91074
DDFsSEx8Ye6,Engeye Health Clinic HC III,South Buganda,Lwengo District,HC III,-0.37418,31.521157,25663,97289
T9pD1ChPHs3,Lwengo Kasaana HC II,South Buganda,Lwengo District,HC II,-0.316716,31.634224,23077,127863
EBmWiWJFu2L,Nkoni HC III,South Buganda,Lwengo District,HC III,-0.343606,31.637707,24728,143557
z0nEPvuUc83,Kagganda HC II,South Buganda,Lwengo District,HC II,-0.350075,31.601583,31218,99974
Kr7CHCgWoNo,Kisansala HC II,South Buganda,Lwengo District,HC II,-0.363598,31.641979,26239,140134
DQT0OSOZ3sf,St. Peter Busibo,South Buganda,Lwengo District,HC II,-0.464977,31.303047,17862,79612
W1E4uVMRwXD,Kakoma HC II,South Buganda,Lwengo District,HC III,-0.474511,31.35596,15681,84285
GiYg8PmHnQf,Kitooro Luyembe HC III,South Buganda,Lwengo District,HC III,-0.388881,31.321497,34007,92208
yjHtPXYW0ir,Kyazanga Prisons HC II,South Buganda,Lwengo District,HC II,-0.393502,31.339895,37052,92148
ibWX2enXzZq,Munathamat HC II,South Buganda,Lwengo District,HC II,-0.387024,31.324672,34080,92468
vRmyhOf725p,Bukoto Pentecostal HC II,South Buganda,Lwengo District,HC II,-0.386581,31.317147,33501,91725
VhOO7DL9Y39,Kyazanga HC IV,South Buganda,Lwengo District,HC IV,-0.383366,31.319576,33521,92216
udO6aACQBMt,Luyembe HC II,South Buganda,Lwengo District,HC II,-0.388881,31.321497,34007,92208
hRQtlw0XP6O,Kate Clinic,South Buganda,Lwengo District,HC II,-0.451551,31.407634,15093,90739
w53Iyr73JjT,Kyetume HC III,South Buganda,Lwengo District,HC III,-0.392829,31.401743,25779,100289
oFI3thMRN4h,Lwengo HC IV,South Buganda,Lwengo District,HC IV,-0.437159,31.441077,18393,94204
T7PmjVjr1lE,Christ the King Domiciliary HC II,South Buganda,Lwengo District,HC II,-0.393608,31.458561,28713,86768
los6g36at8x,Birimuye HC II,South Buganda,Lwengo District,HC II,-0.389986,31.463043,28006,88339
CijKO0Edzep,Mbirizi Muslim HC III,South Buganda,Lwengo District,HC III,-0.393474,31.457774,28811,86681
n3uHerzsnE1,Mbirizi St. Francis HC III,South Buganda,Lwengo District,HC III,-0.388962,31.459945,28259,87601
aOgqukoZntC,St. Aloysius Ngobya HC II,South Buganda,Lwengo District,HC II,-0.390018,31.459014,28447,87243
qp3zotdBH8Y,Katovu HC III,South Buganda,Lwengo District,HC III,-0.373459,31.256384,19253,80808
rhzvuShf7zI,Lwengenyi HC III,South Buganda,Lwengo District,HC III,-0.416544,31.290283,24005,89371
i3Xz6dswa1W,St. Mary's  Domiciliary Clinic HC II,South Buganda,Lwengo District,HC II,-0.371586,31.257572,19343,80271
XG2WwGdcWZQ,Katovu COU HC II,South Buganda,Lwengo District,HC II,-0.391912,31.223122,18902,88980
wLiLu0BQUaZ,Kalegero HC II,South Buganda,Lwengo District,HC II,-0.392518,31.185782,33582,78463
Oy2XDywMSvw,Joint Medical Centre (Malongo) HC II,South Buganda,Lwengo District,HC II,-0.373635,31.255476,19172,80984
DYuQQTl4VFn,St. Aloysius Namabaale,South Buganda,Lwengo District,HC III,-0.537638,31.377367,22328,78117
xbVfWb6PpvE,Bakhita HC II,South Buganda,Lwengo District,HC II,-0.570691,31.416503,18770,85313
c4QCM3YpqqE,Makondo HC III,South Buganda,Lwengo District,HC III,-0.50103,31.478649,25307,87116
KsvZ6Mr8PYj,Nanywa HC III,South Buganda,Lwengo District,HC III,-0.535282,31.401904,23176,79325
U3mTlziiq3m,Kabatema HC II,South Buganda,Lyantonde District,HC II,-0.316535,31.202469,13622,59113
Mhu1FmUK4lN,Kiyinda HC II,South Buganda,Lyantonde District,HC II,-0.313129,31.155197,14771,46878
p1sZ2yYdM77,Kyakuterekera HC II,South Buganda,Lyantonde District,HC II,-0.253995,31.177752,12794,41851
qeKWJ1ufXYM,St. Padrepio Healing Medical Centre Clinic,South Buganda,Lyantonde District,HC II,-0.287153,31.163168,14551,43945
MsrKKJaEXiV,Kaliiro HC III,South Buganda,Lyantonde District,HC III,-0.288719,31.163874,14664,44225
qRhE9EvVxkv,Buyanja (Kasagama) HC II,South Buganda,Lyantonde District,HC II,-0.077211,31.11281,6674,23055
jX2AtJy4xmQ,Kasagama HC III,South Buganda,Lyantonde District,HC III,-0.119765,31.148442,6392,19589
vrcXdDnZebF,Kasagama Medical Centre (Kasagama) Clinic,South Buganda,Lyantonde District,Clinic,-0.118778,31.146928,6454,19657
aoUzZtrglCT,Namutamba HC II,South Buganda,Lyantonde District,HC II,-0.049033,31.112561,5292,24970
n5xUbellHaN,Kinuuka HC III,South Buganda,Lyantonde District,HC III,-0.274329,31.124166,9268,34811
S2jW7eA0Oe0,Kyenshama HC II,South Buganda,Lyantonde District,HC II,-0.170006,31.094227,3122,19254
e3pk4rlUWj7,Lyakajura HC III,South Buganda,Lyantonde District,HC III,-0.184068,31.293712,7605,37539
InypOoNC7U0,Kyemamba HC II,South Buganda,Lyantonde District,HC II,-0.147704,31.271846,5389,22026
frzmtbcCea1,Kabetemere HC III,South Buganda,Lyantonde District,HC III,-0.460117,31.168122,12942,68878
aRs9kg1lEWy,Kabayanda HC II,South Buganda,Lyantonde District,HC II,-0.451631,31.204093,16866,79493
OPlFFKzCcCC,Katovu HC II,South Buganda,Lyantonde District,HC II,-0.329193,31.102103,7193,33797
l2cANoyAws0,Kabula Prison HC II,South Buganda,Lyantonde District,HC II,-0.345547,31.148286,13947,67703
Gje6ykVPZKQ,Lyantonde Hospital,South Buganda,Lyantonde District,General Hospital,-0.393585,31.153006,34002,68860
RYMEkOh45MP,Lyantonde Muslim HC III,South Buganda,Lyantonde District,HC III,-0.405586,31.159074,34249,69498
aormD5Bw2vI,Safeka Nursing Home Clinic,South Buganda,Lyantonde District,Clinic,-0.406382,31.156361,34048,68573
f3FZcY7WSCd,St. Immaculate Mothers HC II,South Buganda,Lyantonde District,HC II,-0.408456,31.155357,33912,68077
VUmBPzyyuRr,Allena Domiciliary Clinic,South Buganda,Lyantonde District,Clinic,-0.409863,31.151263,33439,66722
IZJ0nMAejmJ,Born Medical Centre Clinic,South Buganda,Lyantonde District,Clinic,-0.401555,31.151671,33811,67751
JDAxhYvvWfp,Kijjukizo (St. Elizabeth) HC III,South Buganda,Lyantonde District,HC III,-0.412398,31.150018,33138,66227
EFkeFVpHY58,Good Will Medical Centre Clinic,South Buganda,Lyantonde District,Clinic,-0.405118,31.15501,33971,68310
Y7dBwHO0Oti,Life For All Doctor's  Clinic,South Buganda,Lyantonde District,HC II,-0.40897,31.15545,33905,68066
EcIA72s0pdw,Lyantonde Bulamu medical Centre HC II,South Buganda,Lyantonde District,HC II,-0.408472,31.157758,34114,68817
A8vURIvnH87,Mpumudde HC III,South Buganda,Lyantonde District,HC III,-0.283221,31.261271,12921,56739
hxqbU63QVMR,Buyaga (Mpumudde) HC II,South Buganda,Lyantonde District,HC II,-0.248369,31.246778,13037,47863
bynKkUzEQmD,Kemunyu HC II,South Buganda,Lyantonde District,HC II,-0.242985,31.195587,11910,40998
swSvZ0rVkLA,Mulungi Cure Centre Buyaga,South Buganda,Lyantonde District,HC II,-0.247036,31.249586,12970,47888
x5a93MkWeyj,Community Medical Centre Kabonera HC II,South Buganda,Masaka City,Clinic,-0.44565,31.667338,27015,90125
qtthRcDgqH9,Kasooka HC II,South Buganda,Masaka City,HC II,-0.355797,31.682416,50473,212105
qjeMzMj7tdk,Kimwanyi HC III,South Buganda,Masaka City,HC III,-0.332822,31.686775,53531,225245
wb2tYXUWWcv,Kyabakuza HC III,South Buganda,Masaka City,HC III,-0.338432,31.704726,88680,224327
pDoGpLEW0yL,Kyamuyimbwa HC II,South Buganda,Masaka City,HC II,-0.426275,31.668905,24586,96806
Xe72ST17iHr,Mariam Domicilliary Clinic,South Buganda,Masaka City,Clinic,-0.420583,31.615463,18987,93119
SWWHTLQjZXW,Masaka Police HC III,South Buganda,Masaka City,HC III,-0.343833,31.734479,136024,218973
hMXCTcwH9XJ,Masaka Prisons HC III,South Buganda,Masaka City,HC III,-0.345488,31.734446,133557,218543
vX6kcAwvaS0,Masaka Regional Referral Hospital,South Buganda,Masaka City,RRH,-0.329055,31.734661,142506,222657
GLzAqobdfEp,St. Gonzaga Clinic,South Buganda,Masaka City,Clinic,-0.375652,31.714113,64949,212078
Uld8OK9I6em,St. Jude Kaswa HC II,South Buganda,Masaka City,HC II,-0.365862,31.665131,30409,165839
ZO1Hltpt3Ko,TASO Masaka Special Clinic,South Buganda,Masaka City,Clinic,-0.330402,31.734142,142720,222372
GlyS73YI733,Bukoto HC III,South Buganda,Masaka City,HC III,-0.395504,31.633306,22718,108807
PGeRjyaiGsg,Africa with Love Clinic,South Buganda,Masaka City,Clinic,-0.433447,31.642163,24820,87629
DId8gDG2h83,All Saints Clinic (Nyendo-Senyange) HC II,South Buganda,Masaka City,Clinic,-0.316882,31.760098,124396,224010
Olh3O2fIRpm,Arahmah Medical Centre HC IV,South Buganda,Masaka City,HC IV,-0.31914,31.762402,124819,222772
arNIJYtf78k,Bugabira HC II,South Buganda,Masaka City,HC II,-0.298628,31.731244,99849,231833
S79Lcu8O003,Butende HC III,South Buganda,Masaka City,HC III,-0.247444,31.820958,25321,114234
lO2HLhkvGiX,Byansi Clinic,South Buganda,Masaka City,Clinic,-0.341059,31.739917,141791,218921
XFvdRnq6Nee,Kako HC III,South Buganda,Masaka City,HC III,-0.301086,31.805996,45437,188132
DgMvqc1Ojfu,Kevin Clinic,South Buganda,Masaka City,Clinic,-0.330633,31.739533,143326,221776
uOR8JASVFHX,Kirumba HC II,South Buganda,Masaka City,HC II,-0.315619,31.747551,131454,226709
tViSdSGUcZ3,Kitabaazi HC II,South Buganda,Masaka City,HC III,-0.36251,31.74436,100595,213344
n9fxWoPWRJB,Kitovu Hospital,South Buganda,Masaka City,General Hospital,-0.343749,31.759261,129576,216284
LKn50qRDDAB,Kitovu Mobile Clinic,South Buganda,Masaka City,Clinic,-0.351419,31.741858,126864,215927
AjaGtzC8woM,Kiyumba HC IV,South Buganda,Masaka City,HC IV,-0.338736,31.818221,20551,174318
GsXgc4W640Q,Marie Stopes Uganda Masaka HC II,South Buganda,Masaka City,HC II,-0.3442,31.739338,138157,218190
fBndBN2WUYM,Masaka Municipal Clinic HC II,South Buganda,Masaka City,HC II,-0.339146,31.7378,142727,219671
e9ClLYWDcre,Masaka-Ssaza Prisons HC II,South Buganda,Masaka City,HC II,-0.314491,31.741547,132617,227849
RvVYLDPIzPb,Mpugwe HC III,South Buganda,Masaka City,HC III,-0.269784,31.810183,26596,156666
thfQt8hcpAP,Nyendo HC II,South Buganda,Masaka City,HC III,-0.323135,31.762361,128470,221436
DRp4b31su0D,St. Agnes Kasanje HC II,South Buganda,Masaka City,HC II,-0.267969,31.747865,43099,210081
CEjqHnkRsq1,Verona Medical Clinic,South Buganda,Masaka City,Clinic,-0.322764,31.755396,133316,222871
bKLzfbdzjIq,Makonzi HC II,South Buganda,Masaka District,HC II,-0.2264,31.966136,3081,11722
EJjtvQaTkx8,Ssunga HC III,South Buganda,Masaka District,HC III,-0.311287,31.863943,11357,60921
OpHCVPDEaBb,Lambu HC II,South Buganda,Masaka District,HC II,-0.305623,32.038809,2314,10218
bwxDEhvrpVw,Bulamu Bw'Ebugagga HC II,South Buganda,Masaka District,HC II,-0.301866,32.038459,2433,10488
aukuvrCNcqR,Bukakata HC III,South Buganda,Masaka District,HC III,-0.286572,32.011227,3977,10881
Qs7Gd4mGOkf,Kamwozi HC II,South Buganda,Masaka District,HC II,-0.430768,31.754159,15425,95454
Y2g4sD1OGIa,Mazinga HC II,South Buganda,Masaka District,HC II,-0.360886,31.80401,22554,186534
Hv485zI15KB,Nakasojjo HC II,South Buganda,Masaka District,HC III,-0.440706,31.706024,21548,93421
ukLsWKO5SNd,Tekera HC II,South Buganda,Masaka District,HC II,-0.431629,31.822921,11101,45446
aSsroXOZSIn,Bukeeri HC III,South Buganda,Masaka District,HC III,-0.44484,31.769589,13772,67196
F826wgZ6HPF,Buwunga HC III,South Buganda,Masaka District,HC III,-0.385996,31.78195,23232,183274
FFscoyk2SlD,Nkuuna Domicilliary Clinic,South Buganda,Masaka District,Clinic,-0.475174,31.79946,12304,42997
NTLrytYmRhO,Zzimwe HC II,South Buganda,Masaka District,HC II,-0.518806,31.758171,13604,54441
gKeRWBLDoxK,Buyaga (Lake Katwe) HC II,South Buganda,Masaka District,HC II,-0.497684,31.803589,10956,36928
aTvsnjjZTyN,Kyanamukaaka HC IV,South Buganda,Masaka District,HC IV,-0.509319,31.710423,18407,84692
jnZIqtEETZs,Twegasse Community Clinic,South Buganda,Masaka District,Clinic,-0.581885,31.688862,18499,72305
qHcSi8JgoVZ,Kitunga Kyanamukaaka HC II,South Buganda,Masaka District,HC II,-0.645912,31.731251,10407,36366
VQlQ4IXDdFm,Kamulegu HC III,South Buganda,Masaka District,HC III,-0.562409,31.702427,19842,74671
X1RkzMg2Hn1,Bunjako HC III,South Buganda,Mpigi District,HC III,-0.055915,32.13347,4449,21690
rkcbIAhqxp7,Buwama Police HC II,South Buganda,Mpigi District,HC II,0.061865,32.105407,31683,80051
lF4U1Yzu0Ka,Mitala-Maria HC III,South Buganda,Mpigi District,HC III,0.082862,32.120795,29303,79498
Vi3ibjRtMzU,Buwama HC III,South Buganda,Mpigi District,HC III,0.061438,32.1069,31467,79899
Co0DLFVgmGz,Butoolo HC III,South Buganda,Mpigi District,HC III,0.12519,32.229299,20886,63869
gxT5NVatL14,Buyiga HC III,South Buganda,Mpigi District,HC III,0.00158,32.1624,8384,49258
SzVYBCcGiM7,Ggoli - St Yakobo HC III,South Buganda,Mpigi District,HC III,0.137351,32.226846,22295,65963
HsN63X4XXwr,Golola Medical Care HC III,South Buganda,Mpigi District,HC III,0.149594,32.226089,22061,68092
mm6DbH6wKeQ,Kampiringisa HC III,South Buganda,Mpigi District,HC III,0.190579,32.248311,18223,95292
a6mnx3ok5NB,St. Elizabeth Kibanga Ihu HC III,South Buganda,Mpigi District,HC III,0.233756,32.225637999999996,21034,84171
fvyS0teVZIt,St. Michael Kanyike HC III,South Buganda,Mpigi District,HC III,0.185666,32.231361,20428,86622
vkpREtlXQxQ,Nkozi Hospital,South Buganda,Mpigi District,General Hospital,0.002563,32.015665,27849,72308
LEN9wLPIjyQ,SAMI HEALTH CENTRE HC III,South Buganda,Mpigi District,HC III,0.0055,32.023665,29015,73137
r1QdGKW3eVh,KK Medical Centre HC II,South Buganda,Mpigi District,HC II,-0.011597,32.032002,25208,71440
CB9zwzOqEbX,Sekiwunga HC III,South Buganda,Mpigi District,HC III,0.275867,32.400067,46178,284460
H6IBEU3xYxV,Kiringente Epi Centre HC II,South Buganda,Mpigi District,HC II,0.291179,32.375086,25264,204551
VFy5xbPCzU3,Fiduga HC III,South Buganda,Mpigi District,HC III,0.26722,32.408136,54277,308502
a6c8cXzJtGP,Watoto HC II,South Buganda,Mpigi District,HC II,0.248131,32.408141,39573,267719
aLQq5QTDV2s,St. Monica Katende HC III,South Buganda,Mpigi District,HC III,0.241272,32.379469,29564,164867
anOxR20hDCC,Kituntu HC III,South Buganda,Mpigi District,HC III,0.05199,31.997365,15491,87142
BHcwvgx7GbR,St. Francis Of Asisi Kitakyusa HC III,South Buganda,Mpigi District,HC III,0.031293,31.963418,15996,67864
QH5kXc4j4T1,Bukasa HC II,South Buganda,Mpigi District,HC II,0.009347,31.934398,11601,54508
fdNUK2z0vuK,Mpigi Ddhs's  Clinic HC II,South Buganda,Mpigi District,HC II,0.230668,32.319394,38898,89886
QXVOVXOy3FM,Mpigi HC IV,South Buganda,Mpigi District,HC IV,0.225522,32.322172,39369,90170
aT88FYzV61A,Mpigi Orthodox HC II,South Buganda,Mpigi District,HC II,0.244433,32.306315,33442,88284
IovA7MWZaP4,Mpigi Police HC II,South Buganda,Mpigi District,HC II,0.219267,32.331135,39921,93089
aPw8BIgtIDF,Nsamu/Kyali HC III,South Buganda,Mpigi District,HC III,0.172772,32.331852,20439,92142
etgRSvMWbqH,Bumoozi HC II,South Buganda,Mpigi District,HC II,0.268732,32.294641,16637,85164
aOHWQc76Dvu,Double Cure Hospital,South Buganda,Mpigi District,General Hospital,0.211495,32.319158,38385,90083
sJd1PRCXFdX,Cranmedic HC II,South Buganda,Mpigi District,HC II,0.227546,32.326621,39734,91416
aVK5pJX1FPP,Kafumu HC II,South Buganda,Mpigi District,HC II,0.221108,32.274307,22060,94230
yC5rgTEjfVO,Kkonge St. Luke HC III,South Buganda,Mpigi District,HC III,0.269913,32.317871,20234,94589
VXTxQRCiH2C,Nswanjere HC III,South Buganda,Mpigi District,HC III,0.352143,32.321803,14462,82724
pUZjhP8bvwF,Bujuuko HC III,South Buganda,Mpigi District,HC III,0.331131,32.37322,28331,175810
P97gbQJHlIW,Katrina Medical Centre HC III,South Buganda,Mpigi District,HC III,0.331438,32.372357,27883,172755
xEsy0BxwCmQ,Kibumbiro HC II,South Buganda,Mpigi District,HC II,0.333793,32.263133,12965,64659
YxeL7JN6HKe,Muduuma HC III,South Buganda,Mpigi District,HC III,0.337509,32.314797,13249,73797
ZcC2OKgHUBc,Nindye HC III,South Buganda,Mpigi District,HC III,-0.043453,31.988435,18233,58829
PoYcxTk5yjp,Nabyewanga HC II,South Buganda,Mpigi District,HC II,-0.075422,31.968198,16415,42552
NHQdOv9RFcN,Ggolo HC III,South Buganda,Mpigi District,HC III,-0.08346,32.061358,3396,28471
rmyUGedzWB2,DONA CARNEVALE MEDICAL CENTRE HC III,South Buganda,Mpigi District,HC III,-0.07767,31.997563,14315,42129
Tx5FyPUZlLM,Kyempewo HC II,South Buganda,Rakai District,HC II,-0.748129,31.331997,14427,62812
ywGuvJAdxxV,Michungiro HC II,South Buganda,Rakai District,HC II,-0.742677,31.443344,17936,76878
tnBn02e8bRU,Byakabanda HC III,South Buganda,Rakai District,HC III,-0.759284,31.384711,20993,68892
QskS6jOsR9M,Kibaale Comm. Home HC II,South Buganda,Rakai District,HC II,-0.777903,31.347137,19631,61448
AhAcOVOu7nm,Kaleere HC II,South Buganda,Rakai District,HC II,-0.675292,31.330501,23949,77770
fOjYXPjN0QN,Kayonza Ddwaniro HC II,South Buganda,Rakai District,HC II,-0.674616,31.365463,29764,82999
uLBT1C3Dhkh,Lwakalolo HC II,South Buganda,Rakai District,HC II,-0.573415,31.375778,20250,88896
ICMb8Mqt8ze,Buyamba Disp &Mu HC III,South Buganda,Rakai District,HC III,-0.653088,31.387797,29962,91170
OQnJUNl390Z,Buyamba HC III,South Buganda,Rakai District,HC III,-0.656412,31.38653,30185,90390
gSTxOSwvRES,Katatenga HC II,South Buganda,Rakai District,HC II,-0.679042,31.137883,8687,25180
aRQrCkpinJP,Kayonza Kacheera HC II,South Buganda,Rakai District,HC II,-0.624034,31.181225,7022,34939
k3xgvufxeWb,Kacheera HC III,South Buganda,Rakai District,HC III,-0.546567,31.161465,9864,36586
GjYw2dLMhU8,Kayanja Prisons Clinic HC II,South Buganda,Rakai District,HC II,-0.579197,31.296079,25245,82392
zZKvHFAuep2,Kagamba HC II,South Buganda,Rakai District,HC II,-0.65136,31.328275,28003,79692
aVTALGVoITy,Kasankala Community Based Health Project HC II,South Buganda,Rakai District,HC II,-0.586107,31.321834,21845,91321
vHA846LIw7n,Kasankala HC II,South Buganda,Rakai District,HC II,-0.584628,31.320938,21817,90709
akLIpF5HNjE,Kimuli HC III,South Buganda,Rakai District,HC III,-0.627263,31.310515,26150,85540
oWc1nPWfL8R,Lwabakooba HC II,South Buganda,Rakai District,HC II,-0.671645,31.298439,18156,67160
UqgV734bbwY,Bbale-Ggunda HC II,South Buganda,Rakai District,HC II,-0.821333,31.392423,14779,63848
GbWR7VCRA6Y,Kibanda HC III,South Buganda,Rakai District,HC III,-0.869295,31.345394,9952,44147
XsBFKStcpG8,Magabi HC II,South Buganda,Rakai District,HC II,-0.925141,31.266534,8946,31388
a7obyfFdJ8u,St. Bernard Mannya HC III,South Buganda,Rakai District,HC III,-0.793371,31.430899,18059,74680
oHu9DJNgKaV,Kifamba HC III,South Buganda,Rakai District,HC III,-0.775331,31.451816,19585,71681
UjpKmijwPjr,Rakai Kiziba HC II,South Buganda,Rakai District,HC III,-0.837167,31.261456,13668,50718
h7tdk6J0nEk,Lukerere HC II,South Buganda,Rakai District,HC II,-0.86929,31.286866,12337,44790
XwhywEC2nrF,Lwensinga HC II,South Buganda,Rakai District,HC II,-0.887876,31.257772,12443,38699
hBhHjc3o6Fa,Kyalulangira HC III,South Buganda,Rakai District,HC III,-0.7471,31.289589,10611,52733
U4XL5jXfjTk,Lwembajjo HC II,South Buganda,Rakai District,HC II,-0.775732,31.208992,12803,48313
AjwnALSnLrK,Kibaale HC II,South Buganda,Rakai District,HC II,-0.778926,31.34437,19566,60828
od8CeDGX0qw,Heal the Nation HC II,South Buganda,Rakai District,HC II,-0.787201,31.207404,13371,48253
eL7emUa9LQz,Kakundi HC II,South Buganda,Rakai District,HC II,-0.61019,31.247473,14004,63046
a5K7IVmM7zJ,Kibuuka HC II,South Buganda,Rakai District,HC II,-0.538893,31.31807,20203,82456
aFr56s147t5,Kyabigondo HC II,South Buganda,Rakai District,HC II,-0.491108,31.223432,17632,64784
oBg69iZLKtq,Lwamaggwa Govt HC III,South Buganda,Rakai District,HC III,-0.563011,31.255299,22168,71422
ml9Ztrc35ZD,Lwamaggwa Ngo HC II,South Buganda,Rakai District,HC II,-0.567311,31.262379,23165,72067
a24jrqnkYhl,Bugona HC II,South Buganda,Rakai District,HC II,-0.5201,31.274938,18507,78434
NXigICRetdk,Kabusota HC II,South Buganda,Rakai District,HC II,-0.483887,31.247337,18443,68831
VC8mMNDQFJ8,Kayayumbe HC II,South Buganda,Rakai District,HC II,-0.654401,31.447256,22414,96173
Lo7mfA6jWTu,Lwanda HC III,South Buganda,Rakai District,HC III,-0.67242,31.480031,21513,97386
Zf1t4djAYWx,Mbuye HC II,South Buganda,Rakai District,HC II,-0.688838,31.486916,20882,88149
D1FqsDMWIeq,Bitabago HC II,South Buganda,Rakai District,HC II,-0.69232,31.43938,22616,85093
iN7CXIs0XT3,Butiti HC II,South Buganda,Rakai District,HC II,-0.604227,31.44043,18504,88851
axNgLDj6B5Q,Rakai Hospital,South Buganda,Rakai District,General Hospital,-0.713475,31.402899,19709,86258
PakCENr97K2,Karushonshomezi HC II,South Buganda,Sembabule District,HC II,0.083133,31.25855,3057,19097
TlxoPDOx1hp,Bulongo HC II,South Buganda,Sembabule District,HC II,0.13561,31.234239,3856,21758
u0ZXCHvbs0W,Kyabi HC III,South Buganda,Sembabule District,HC III,-0.005076,31.498258,4913,29321
aRoR6TMIU2c,Makoole HC II,South Buganda,Sembabule District,HC II,0.187,31.15166,11270,37364
urgl3LzkV6U,Kyeera HC III,South Buganda,Sembabule District,HC II,0.159148,31.060785,8680,33088
VoavNkAmG59,Mussi HC II,South Buganda,Sembabule District,HC II,0.104538,31.386507,3690,11949
UNFFbN2I5sE,Lugusuulu HC II,South Buganda,Sembabule District,HC III,0.104538,31.386507,3690,11949
qTaGINQ9SLp,Maria K MC Clinic,South Buganda,Sembabule District,Clinic,-0.206098,31.341118,14219,54139
ZDUCd2IAqSS,People's  (Sembabule) Clinic,South Buganda,Sembabule District,Clinic,-0.259708,31.352135,19674,65953
T7UcwZlbp1F,Lwebitakuli Gvt HC IV,South Buganda,Sembabule District,HC III,-0.255453,31.35202,19705,65468
GGccoyznKwM,Lwebitakuli Ngo HC III,South Buganda,Sembabule District,HC III,-0.260737,31.355508,19687,66547
FrYOWW8DfUX,Life Care Clinic (Lwemiyaga) HC II,South Buganda,Sembabule District,Clinic,0.081306,31.097366,13189,31806
ioBktjTQgyS,Lwemiyaga HC III,South Buganda,Sembabule District,HC III,0.082159,31.098165,13225,31878
aSPxoxAOWUW,Keizooba HC II,South Buganda,Sembabule District,HC II,0.118555,31.098231,12352,35166
dBqwMoaIXRI,Kampala HC II,South Buganda,Sembabule District,HC II,0.010988,31.071685,7454,27798
HHk9WUPh2xf,Kasaalu HC II,South Buganda,Sembabule District,HC II,-0.13845,31.531238,20225,78021
FCDGg3pIvrx,Kayunga HC II,South Buganda,Sembabule District,HC II,-0.194513,31.502685,22199,91879
sTlap0cwcNo,Katimba HC III,South Buganda,Sembabule District,HC III,-0.24962,31.522492,31308,95102
kbI3b6L8ayi,Kabundi HC II,South Buganda,Sembabule District,HC II,-0.157612,31.47696,20614,81638
o1anbHDcdMD,Patience Domiciary Clinic HC II,South Buganda,Sembabule District,Clinic,-0.239958,31.490863,34759,92603
n0922rO9co6,Suubi Medical Clinic,South Buganda,Sembabule District,Clinic,-0.242623,31.490567,34990,92319
QsZmsK8ULW3,Bamu Hospital,South Buganda,Sembabule District,General Hospital,-0.243333,31.493362,34714,92528
ajiOvkBSZBh,Mateete HC III,South Buganda,Sembabule District,HC III,-0.244635,31.481217,35382,91370
L3gSrcVk4Nj,Busheka (Sembabule) HC II,South Buganda,Sembabule District,HC III,-0.165723,31.366587,10209,47092
XprS3GX3WVC,Kikoma Medical Clinic,South Buganda,Sembabule District,Clinic,-0.105187,31.532315,20194,71900
GXNtn9xEsd7,Standard Clinic,South Buganda,Sembabule District,Clinic,-0.114292,31.401567,10251,47120
KLBxmLPpWUr,Kasambya HC II,South Buganda,Sembabule District,HC II,-0.317492,31.561198,31606,100385
OBzDS4sx5fq,Mitete HC II,South Buganda,Sembabule District,HC II,-0.2407,31.563658,19868,94858
wQCzQ52KPmV,Mk Medical Clinic,South Buganda,Sembabule District,Clinic,-0.24529,31.558517,19796,95037
GKeX2ucPyyv,Mitima HC II,South Buganda,Sembabule District,HC II,-0.027498,31.328888,5275,16535
aXTBxcjen8M,Kagango HC II,South Buganda,Sembabule District,HC II,-0.037625,31.429298,8028,31274
sbsaajvJPqH,Ntete HC III,South Buganda,Sembabule District,HC III,-0.25289,31.415465,16199,90978
Xwz20DIVLGU,Sembabule Kabaale HC II,South Buganda,Sembabule District,HC II,-0.321873,31.374348,16871,86534
DWXYwCh0PuW,Ntuusi HC III,South Buganda,Sembabule District,HC III,0.049691,31.201269,8712,22151
WuDi4LmzEWV,Ntuusi HC IV,South Buganda,Sembabule District,HC IV,0.051696,31.215265,8950,20458
GF47jBsbit1,Kadoth Clinic HC II,South Buganda,Sembabule District,HC II,-0.785313,29.925869,46751,132244
SYB67Y2wfuD,Ssembabule HC IV,South Buganda,Sembabule District,HC IV,-0.083797,31.460252,16598,54333
NVZsuJOAQcs,Sembabule Police HC II,South Buganda,Sembabule District,HC II,-0.08125,31.45903,16424,53017
enFotRFeYGg,New Hope Clinic (Sembabule) HC II,South Buganda,Sembabule District,Clinic,-0.082177,31.460162,16490,53676
mdpm1ErwA4i,Mwesigwa Medical Centre Clinic,South Buganda,Sembabule District,Clinic,-0.080287,31.458912,16355,52592
C2ZIDlhNqLg,Great Mission Of Guma Guma Clinic,South Buganda,Sembabule District,Clinic,-0.077772,31.472568,16204,54902
TtzxqIzhWfs,Lubowa Medical Clinic HC II,South Buganda,Wakiso District,HC II,0.244585,32.557546,504163,1566579
dU9nghJ1oFG,Maama Medical Clinic,South Buganda,Wakiso District,HC II,0.266182,32.546303,610801,1872738
t4By7ll222g,Madsil Domicilliary Clinic HC III,South Buganda,Wakiso District,HC III,0.275899,32.57537,763209,2055408
s5FBEvugsTB,Mm Medical Clinic,South Buganda,Wakiso District,HC II,0.347891,32.646321,529554,1728718
hhmgVHpv8Rf,Mutundwe HC II,South Buganda,Wakiso District,HC II,0.272632,32.534993,595037,1897720
pu1zq6YEtgu,Mutungo HC II,South Buganda,Wakiso District,HC II,0.212732,32.578521,304512,1038845
ITLaSOOiUI4,Muyinza HC II,South Buganda,Wakiso District,HC II,0.248655,32.556351,532171,1627683
Bl24tso9KAd,Nfuufu Medical Centre,South Buganda,Wakiso District,HC II,0.250456,32.554064,536244,1656950
EKQ20gHxGbw,Pea Clinic HC II,South Buganda,Wakiso District,HC II,0.263274,32.565548,674299,1845918
frsj8WLxuot,Precious Medical Clinic,South Buganda,Wakiso District,HC II,0.326538,32.641396,521777,1865081
EXY7qIdf2Bq,Prob Medical and Maternity Centre HC III,South Buganda,Wakiso District,HC III,0.259604,32.564472,647551,1786712
BExsjkvJRCY,Suubi General Clinic,South Buganda,Wakiso District,HC II,0.291258,32.535708,673357,2164698
hW45QCdjntP,"Valley Medical Clinic, Zzana HC III",South Buganda,Wakiso District,HC III,0.25206,32.561482,580713,1669942
aAty2Voae5z,Makutano Medical Centre,South Buganda,Wakiso District,HC II,0.2631,32.545597,586604,1828884
M4Ri7f0xJ62,Angelina General Clinic HC II,South Buganda,Wakiso District,HC II,0.25517,32.561594,604264,1718652
UFzmWkxGuTS,Bangi Medical Centre HC III,South Buganda,Wakiso District,HC III,0.26461,32.545178,595108,1847844
E4I0kczftmi,Bunamwaya HC II,South Buganda,Wakiso District,HC II,0.260966,32.5479,582572,1803716
LwWSESHgpI3,Buni Orthopaedic Clinic,South Buganda,Wakiso District,HC II,0.245788,32.552631,492920,1590396
WASfKqxBjNB,Carewell Medical Centre HC II,South Buganda,Wakiso District,HC II,0.272457,32.554344,681763,1991582
Ze1t4Y8t4TK,General Health Care HC II,South Buganda,Wakiso District,HC II,0.253839,32.566357000000004,614630,1690496
u3SLVGPpWI8,Henrob Family Clinic HC IV,South Buganda,Wakiso District,HC IV,0.255799,32.563326000000004,616186,1726605
lEpbJg4du2d,Icon Medical Centre,South Buganda,Wakiso District,HC II,0.381867,32.560189,783723,2033336
mPDhwB6a3EU,Joelline Domicilliary Clinic HC III,South Buganda,Wakiso District,HC III,0.267229,32.557195,666443,1906643
zRYnr63lSIz,Kinnyabigo Clinic,South Buganda,Wakiso District,HC II,0.285663,32.524552,585213,1942599
fx2DCieN3Bc,Le Memorial Medical Services Hospital,South Buganda,Wakiso District,General Hospital,0.210883,32.561671,291446,1030254
tBl4WduwWRw,Bussi HC III,South Buganda,Wakiso District,HC III,0.397506,32.470547,146772,904553
nYpQROJrK2y,Zzinga HC III,South Buganda,Wakiso District,HC III,-0.024892,32.279763,5339,19711
hkHGeUo9vHV,Kisa Health Care Clinic HC II,South Buganda,Wakiso District,HC II,0.490842,32.611617,88110,384184
cw99ymFuEJh,Magigye Medical Centre HC II,South Buganda,Wakiso District,HC II,0.497593,32.613253,72314,338945
as4V8saM5sc,Nabutiti HC III,South Buganda,Wakiso District,HC III,0.510006,32.580667,39482,336612
XvZPDBgzWFf,Namulonge HC III,South Buganda,Wakiso District,HC III,0.530346,32.616983,42062,232148
SnWMAPIh10Z,Nathan Medical Clinic,South Buganda,Wakiso District,HC II,0.520591,32.616275,43978,255323
okLSLD0KEwv,St. Joseph Hospital,South Buganda,Wakiso District,General Hospital,0.394129,32.48009,197741,1063358
HhHL58uD1NJ,Vision International Medical Centre,South Buganda,Wakiso District,HC II,0.551356,32.610743,37803,183458
ZDdH3JVg9pD,Wakiso Kasozi HC III,South Buganda,Wakiso District,HC III,0.527422,32.570419,34545,257050
B89ZpnV1eBZ,Xclusive Medical Clinic HC II,South Buganda,Wakiso District,HC II,0.530428,32.663446,38219,191984
xWMw3MH0jWp,Yakuwa Clinic HC II,South Buganda,Wakiso District,HC II,0.522884,32.615718,43055,250683
Ppyz6vwPpKi,AAR Clinic Bweyogerere HC II,South Buganda,Wakiso District,HC II,0.352542,32.664009,422402,1395837
vVAPsW383hO,Avemara Health Care,South Buganda,Wakiso District,HC II,0.347135,32.644088000000004,540155,1777707
Oqgm80YDDkM,Bunawona Dental Clinic,South Buganda,Wakiso District,HC II,0.352839,32.663135,428145,1409920
hzPoo5zzWjj,Bweyogerere Hassan Turabi HC III,South Buganda,Wakiso District,HC III,0.397647,32.470415,146169,901675
cmB5Q4tejGP,Bweyogerere HC III,South Buganda,Wakiso District,HC III,0.350278,32.666175,407194,1364477
aVoCPJIXuun,Bweyogerere Medical Centre HC II,South Buganda,Wakiso District,HC II,0.353579,32.659774,450529,1464158
v8Mkcr89mhj,Bweyogerere SDA HC III,South Buganda,Wakiso District,HC III,0.36811,32.66667,407224,1305904
vMZGn8cKSB9,CSI Medical Services Kireka,South Buganda,Wakiso District,HC II,0.339378,32.637997,558472,1936344
aC6BO225r29,Ggwatiro Nursing Home Hospital,South Buganda,Wakiso District,General Hospital,0.3545,32.661302,440610,1436963
WmCSdgvSjcT,Harold Poly Clinic HC III,South Buganda,Wakiso District,HC III,0.364829,32.636135,576719,1830431
aA83SCEbTMx,Herpet Medical Centre Clinic,South Buganda,Wakiso District,HC II,0.358191,32.677042,349634,1178845
xMoBB3hrvwm,Kikambo Medical Centre HC III,South Buganda,Wakiso District,HC III,0.348822,32.646458,529543,1721698
lfCP5in3t6p,Kirinya (Bweyogerere) HC III,South Buganda,Wakiso District,HC III,0.331925,32.669087,359400,1337761
EcCH0Fk9lHR,Lords Medical Clinic,South Buganda,Wakiso District,HC II,0.375394,32.648976,482225,1535734
sokKY0XWigm,Luna Health Care Clinic HC II,South Buganda,Wakiso District,HC II,0.349573,32.64609,531827,1725595
uxOQ8aiwSFp,Marie Stopes Uganda Bweyogerere HC II,South Buganda,Wakiso District,HC II,0.352584,32.66409,421902,1394392
brBVgobTXKb,Ntimba Health Care Clinic HC II,South Buganda,Wakiso District,HC II,0.346342,32.647785,520146,1705703
Sg5yDPXP17q,Tobiah Medical Centre,South Buganda,Wakiso District,HC II,0.355334,32.659132,455166,1470325
ei0UeTsnCl9,Well Spring HC II,South Buganda,Wakiso District,HC II,0.359308,32.660285,448228,1439659
fUZtHlNKJR6,Entebbe General Clinic HC II,South Buganda,Wakiso District,HC II,0.067779,32.474362,148194,247433
ka4wo1bKTx6,6K HC II,South Buganda,Wakiso District,HC II,0.055041,32.463441,113467,223574
Dz5Q1LyHZuD,Bugonga Road Clinic HC II,South Buganda,Wakiso District,HC II,0.04021,32.467577,92319,205807
UKe7pmLlG6e,Cdc Laboratory Entebbe Clinic HC II,South Buganda,Wakiso District,HC II,0.43448,32.2726,19210,86751
nvrta4xHyuQ,Emmanuel Medical Centre HC IV,South Buganda,Wakiso District,HC IV,0.071653,32.481714,155742,260257
HF4h4LLuAxr,Entebbe Public Medical Centre HC II,South Buganda,Wakiso District,HC II,0.076979,32.478947,156000,267319
yApOnywci25,Entebbe Regional Referral Hospital,South Buganda,Wakiso District,RRH,0.063528,32.471981,139634,240570
s1VmGXPPQg5,Entebbe UVRI HC II,South Buganda,Wakiso District,HC II,0.071909,32.459945,129170,243095
XJR6YgkWSyU,Imc Entebbe HC II,South Buganda,Wakiso District,HC II,0.064546,32.474242,143992,243084
XjwZ7sS7pAB,Katabi HC III,South Buganda,Wakiso District,HC III,0.087311,32.475435,147252,282369
FMhE2V9s2bo,Katabi Military HC III,South Buganda,Wakiso District,HC III,0.081407,32.479354,155828,275709
J8tnvCpD9CD,Khalif Medical Clinic HC II,South Buganda,Wakiso District,HC II,0.078304,32.480491,157066,271305
yKnFg0zI7sP,Medical Research Center Clinic,South Buganda,Wakiso District,HC II,0.059281,32.471267,131660,234430
o1JJ1FlWiHX,Mukisa Medical Clinic HC II,South Buganda,Wakiso District,HC II,0.079369,32.451249,116844,245355
ttcMJ7FNnU0,St. Marys Medical Services Clinic,South Buganda,Wakiso District,Clinic,0.062592,32.472034,138252,239371
TXw7G3pIJE0,State House HC IV,South Buganda,Wakiso District,HC IV,0.069995,32.464024,134650,243815
tf5lSUl7OmO,TASO Entebbe Special Clinic,South Buganda,Wakiso District,Clinic,0.057966,32.478553,136516,236746
UTFnHPJ5egY,Univic HC II,South Buganda,Wakiso District,HC II,0.062471,32.474179,140707,240408
frq8L51tfEO,Kazuri HC II,South Buganda,Wakiso District,HC II,0.076646,32.47963,156396,267414
MeFxWKBORKq,Kigungu HC III,South Buganda,Wakiso District,HC III,0.032325,32.436433,61460,159020
GXm2FPnZqfB,Kitooro HC III,South Buganda,Wakiso District,HC III,0.058797,32.461536,117426,226864
GJfUMdAjiYm,Lutamaguzi HC II,South Buganda,Wakiso District,HC II,0.036115,32.430988,60634,158059
Jh3kGSaSmyM,Sanyu HC II,South Buganda,Wakiso District,HC II,0.057503,32.463033,117290,226351
Wz4TMx3wVtl,St. Johns Clinic,South Buganda,Wakiso District,HC II,0.062854,32.45658,117115,228046
xxAS6Y0PckH,St. Luis HC II,South Buganda,Wakiso District,HC II,0.061124,32.458262,116722,227246
d5RaViSn8pK,Victoria Medical Services HC IV,South Buganda,Wakiso District,HC IV,0.055116,32.464618,114991,224491
NPqktls2rGs,Aurelia HC II,South Buganda,Wakiso District,HC II,0.029579,32.435476,55802,151071
rQPl84cEAuM,Brother Hermans HC III,South Buganda,Wakiso District,HC III,0.02847,32.436956,55572,150801
bRcXa26c4de,Good Luck Medical Clinic HC II,South Buganda,Wakiso District,HC II,0.071018,32.452354,119383,234679
GhJsaRnJrrS,Trinity Medical Clinic (Gombe) HC II,South Buganda,Wakiso District,HC II,0.397707,32.61428,508225,1739228
l8JCkd3nqOV,Ttikalu HC III,South Buganda,Wakiso District,HC III,0.543927,32.503975,35360,181180
OdisbvWKxC8,Gombe (Wakiso) HC II,South Buganda,Wakiso District,HC II,0.513026,32.482016,40658,194226
a7DOzX5lSym,Jokasy Medical Centre,South Buganda,Wakiso District,Clinic,0.464991,32.522502,118128,557416
oCqkp79fHNG,Kugumikiriza Domicilliary Clinic HC III,South Buganda,Wakiso District,HC III,0.458235,32.527551,136552,679724
kENm07BclW8,Life Care Centre HC II,South Buganda,Wakiso District,HC II,0.480648,32.494366,80170,312063
E2IJ8h2nDxh,Matuga HC III,South Buganda,Wakiso District,HC III,0.453929,32.530309,148298,764567
WUXaIJTpB0U,Migadde HC II,South Buganda,Wakiso District,HC II,0.524343,32.52237,39871,224095
HwBycddoX4u,Ssanyu Clinic Gombe HC II,South Buganda,Wakiso District,HC II,0.47938,32.495324,82576,321147
XENDuDFXbmG,St. Andrew Domiciliary Clinic HC III,South Buganda,Wakiso District,HC III,0.455089,32.532603,146520,756346
jck4O6qawtb,St. Anthony Clinic (Gombe) HC II,South Buganda,Wakiso District,HC II,0.503225,32.546007,54901,325691
HjzykPuM6w3,St. Gerald Medical Centre HC II,South Buganda,Wakiso District,HC II,0.505558,32.480797,43496,198062
nva9N2wTX3Q,St. Jude Domicilliary Clinic HC III,South Buganda,Wakiso District,HC III,0.505001,32.531329,60394,284095
t73T90haBPk,Angels Of Hope Medical Clinic HC II,South Buganda,Wakiso District,HC II,0.467995,32.519469,112034,502083
GGRDAkF9pAr,Bengret Medical Centre HC III,South Buganda,Wakiso District,HC III,0.462947,32.525873,123806,602561
ZfeSAG5qWfD,Bujulizi Medical Clinic,South Buganda,Wakiso District,HC II,0.462947,32.525873,123806,602561
FfON4dnRpbT,St. Mary's  Domicilliary Clinic HC III,South Buganda,Wakiso District,HC III,0.460198,32.528763,131900,656488
aq5a4s4nH5n,Buwambo HC IV,South Buganda,Wakiso District,HC IV,0.501512,32.546093,58000,334334
K4INVux46tW,Beka Clinic HC II,South Buganda,Wakiso District,HC II,0.206539,32.534535,194207,884970
Ae5glj2M9zf,Buddukiro Dom Clinic HC III,South Buganda,Wakiso District,HC III,0.179421,32.549911,136039,578266
ThNAIRU2TiF,Bwebajja Prison Marine HC II,South Buganda,Wakiso District,HC II,0.162869,32.538828,115287,456577
qOBFPZf26tw,Clinic Africa Medical Centre HC II,South Buganda,Wakiso District,HC II,0.209842,32.539892,221331,964979
SFN4aFGxuGb,Joint Medical Clinic HC II,South Buganda,Wakiso District,HC II,0.397835,32.470822,147082,905704
WKqRwWbwjaA,Kajjansi Clays HC II,South Buganda,Wakiso District,HC II,0.199712,32.518646,131773,702948
DPRgzXMkh9U,Kajjansi HC IV,South Buganda,Wakiso District,HC IV,0.207385,32.538531,207993,917512
xP3soJOFnN5,Mwesigwa Medical Clinic HC II,South Buganda,Wakiso District,HC II,0.209259,32.540474,220738,957741
bmQmfGiYGAM,Nakawuka HC III,South Buganda,Wakiso District,HC III,0.39806,32.471074,147484,907318
aCDGd4r7ALx,Namulundu Medical Centre HC IV,South Buganda,Wakiso District,HC IV,0.183338,32.537318,132470,596177
F1E6OZRWxDc,Nsaggu HC II,South Buganda,Wakiso District,HC II,0.219831,32.488125,80052,698516
nZ4lV0HX6Cs,Savanah Domicilliary Clinic HC III,South Buganda,Wakiso District,HC III,0.14978,32.545422,110730,385779
FTCzvShNywk,Serenity Centre HC III,South Buganda,Wakiso District,HC III,0.167112,32.538291,116788,479945
YaiKUhyiVX9,St. Marys Clinic HC II,South Buganda,Wakiso District,HC II,0.209279,32.541842,224878,963861
h5QCalZ5mav,Uganda Clays Clinic HC II,South Buganda,Wakiso District,HC II,0.2117,32.540339,230366,998395
emaUawGxpyF,Uphill Medical Centre,South Buganda,Wakiso District,HC II,0.199435,32.516642,125945,688227
E7Fd431JM2E,Webajja Prison Marine HC II,South Buganda,Wakiso District,HC II,0.162869,32.538828,115287,456577
vV7C6Z6nEbZ,Kasoozo HC II,South Buganda,Wakiso District,HC III,0.40232,32.307205,17933,105060
hWLhvMRml0f,Lubbe HC II,South Buganda,Wakiso District,HC II,0.470808,32.356853,35671,130090
LKxm4CmrYYh,Luwunga Barracks HC III,South Buganda,Wakiso District,HC III,0.40422400000000003,32.40499,58411,242272
xWyOAKbJQ1q,Magoggo HC II,South Buganda,Wakiso District,HC II,0.432291,32.313518,24599,115673
TKpSl9J25U1,Nadangira HC III,South Buganda,Wakiso District,HC III,0.414784,32.384051,53630,175029
O3FdvltAUSh,Nampunge HC II,South Buganda,Wakiso District,HC II,0.476274,32.325188,29231,113757
cLnJlZo5COI,Sentema HC II,South Buganda,Wakiso District,HC II,0.370516,32.418575,46273,383133
HwS2kw2skOQ,Sentema Prisons HC II,South Buganda,Wakiso District,HC II,0.369683,32.417397,45479,376053
IrIouAaiMk2,Jordan Medical Clinic (Kakiri) HC II,South Buganda,Wakiso District,HC II,0.353088,32.552598,883150,2347859
EAr7pVCRxF3,Kakiri HC III,South Buganda,Wakiso District,HC III,0.419882,32.389996,55039,185275
AwJGEBq8qhZ,Maranatha Medical Clinic HC II,South Buganda,Wakiso District,HC II,0.419129,32.391787,55250,190236
MyZ0zBaYc2Z,Medik Hospital,South Buganda,Wakiso District,General Hospital,0.425514,32.391663,55498,184216
SRwkShZ6Bfc,Nursha Clinic,South Buganda,Wakiso District,HC II,0.423207,32.39146,55441,185661
ERCm1t3IymL,Ray Of Hope Medical Centre HC II,South Buganda,Wakiso District,HC II,0.420613,32.391554,55304,188277
B1Oc8R7DkXk,Sango Medical Centre HC II,South Buganda,Wakiso District,HC II,0.419298,32.411776,62529,230832
nY3MrUB8NbF,Sos Herman Gmeiner HC II,South Buganda,Wakiso District,HC II,0.419669,32.390228,55059,186017
fj07oCB4Lau,St. James Medical Clinic HC II,South Buganda,Wakiso District,HC II,0.360759,32.508909,526082,1770844
YJ4JY0u0snU,Umar Bin Khatab Clinic HC II,South Buganda,Wakiso District,HC II,0.420037,32.397372,56686,201880
K56hypi6AUE,Francisca Medical Clinic HC III,South Buganda,Wakiso District,HC III,0.420545,32.393958,55751,194052
CLXz9RMPA60,Boots Medical Centre HC II,South Buganda,Wakiso District,HC II,0.419589,32.597334,342950,1504787
xsjIqNYjwMF,Capital Health Clinic HC III,South Buganda,Wakiso District,HC III,0.438447,32.603678,233289,1108966
yAtQPOJepli,Care Medical Centre HC II,South Buganda,Wakiso District,HC II,0.461923,32.621172,164287,630704
BVulRfStvvn,Faith Mulira Health Care Centre HC III,South Buganda,Wakiso District,HC III,0.419188,32.591239,351382,1539548
WY7fmUfJ48g,Hal-Pa General Clinic HC II,South Buganda,Wakiso District,HC II,0.381374,32.646125,466120,1532136
BtIXs83TAPF,Health Net Medical Clinic HC II,South Buganda,Wakiso District,HC II,0.45959,32.634106,166919,591834
CWamWxvYUWQ,Kabubbu HC IV,South Buganda,Wakiso District,HC IV,0.497287,32.656788,70774,282393
a4SedC8Ix2O,Kasangati HC IV,South Buganda,Wakiso District,HC IV,0.397737,32.471009,147808,909005
MQc8X7HMfF8,Lifeline Medical Centre HC III,South Buganda,Wakiso District,HC III,0.447338,32.612605,203733,913152
zgl8cvTUMji,Mirembe (Nangabo) HC III,South Buganda,Wakiso District,HC III,0.447343,32.613078,204002,910239
pdaF4v60S6s,Molly and Cathy Medical Clinic,South Buganda,Wakiso District,Clinic,0.445603,32.612492,210101,943021
k5IkJoVOOp0,Namalere HC II,South Buganda,Wakiso District,HC II,0.428046,32.554665,286031,1352632
tNGDmi0mS61,Namulonge Medical Centre HC II,South Buganda,Wakiso District,HC II,0.45067,32.610527,190291,868846
FcFLer9HiO6,Peoples Medical Centre Hospital,South Buganda,Wakiso District,General Hospital,0.446696,32.612257,205898,925969
lbC7VcrM9If,Pevans Clinic and Laboratory HC II,South Buganda,Wakiso District,HC II,0.433023,32.600582,258405,1222280
z3oqgznxuph,Saidina Abubakar Islamic Hospital,South Buganda,Wakiso District,HC IV,0.434935,32.534829,210953,1113968
HMCicIp4WIt,St. Anthony Medical Centre HC II,South Buganda,Wakiso District,HC II,0.467905,32.623301,151242,545331
ek4hFXeOtdO,Stroke Rehabilitation Centre,South Buganda,Wakiso District,HC II,0.424446,32.596346,304325,1415870
Ipvxi1nV5X4,Taqwa HC III,South Buganda,Wakiso District,HC III,0.435781,32.542963,216524,1152665
Tr9SwdDaZNB,Watubba HC III,South Buganda,Wakiso District,HC III,0.440631,32.539108,192589,1046871
oFderwcM9f1,Mirembe HC II,South Buganda,Wakiso District,HC II,-0.144453,31.8763,32464,73903
srSDFLCcrSi,Kasanje HC III,South Buganda,Wakiso District,HC III,0.151,32.39965,23674,92033
k2a3PCnnVdI,Buyege HC III,South Buganda,Wakiso District,HC III,0.142795,32.385361,21984,79544
nazC297xJqS,Joy Medical Centre Health Cenre II,South Buganda,Wakiso District,HC II,0.152775,32.399015,23702,91608
xCzPoUI3u5K,Kawuku Medical Centre HC III,South Buganda,Wakiso District,HC III,0.140516,32.535749,116665,344224
qLLYEE7sCnd,Kisubi Hospital,South Buganda,Wakiso District,General Hospital,0.122003,32.536401,126356,297529
ZppfQ4q1PFg,Kitala HC II,South Buganda,Wakiso District,HC II,0.111475,32.52188,144031,311666
mgOQH1jMP9m,M&M Medical Clinic HC II,South Buganda,Wakiso District,HC II,0.0839,32.549117,79880,251721
UfyI6Dcu3BJ,Mirembe Medical Care Clinic HC III,South Buganda,Wakiso District,HC III,0.139717,32.539065,115439,340300
NnCBsNdKT4X,Nalugala HC II,South Buganda,Wakiso District,HC II,0.081001,32.553884,60855,237653
JJeGYPlY54H,New Hope Health Care Clinic HC II,South Buganda,Wakiso District,HC II,0.220822,32.432033,34304,266641
O2R9fAl8Qsx,Persevere Domiciliary Clinic HC III,South Buganda,Wakiso District,HC III,0.090951,32.495575,157276,301137
yLsKrAKzrCy,Sos Children Village HC II,South Buganda,Wakiso District,HC II,0.088035,32.49492,160143,297346
gj5hXGqziSc,St. Luke Nkumba HC II,South Buganda,Wakiso District,HC II,0.069975,32.517032,112870,273637
Ol3Jup78Um5,Wagagai HC IV,South Buganda,Wakiso District,HC IV,0.060582,32.51252,99600,258096
gqBr1S7L6yG,Abaita Medical Centre Clinic,South Buganda,Wakiso District,HC II,0.092584,32.500519,153440,302567
mKWovs8yZBv,Cherish Medical Centre HC III,South Buganda,Wakiso District,HC III,0.076254,32.557176,43585,225111
RXmi5j74ovT,Corsu Rehabilitation Hospital,South Buganda,Wakiso District,General Hospital,0.13243,32.535155,119381,320828
zZq4Y0SCeV8,Maxi Health Medical Centre,South Buganda,Wakiso District,HC II,0.38409,32.650317,433636,1447183
afvG6pq13B1,Namugongo Fund For Special Children Clinic,South Buganda,Wakiso District,Clinic,0.383088,32.642703,472122,1566084
KruIIbHDSwb,Oasis Clinic,South Buganda,Wakiso District,HC II,0.352537,32.661185,440982,1443196
dSTp0q4Aefg,Rona Medical Clinic HC II,South Buganda,Wakiso District,HC II,0.3797,32.646326,473961,1543695
tO6R8mwmciu,Ronella Medical Centre HC III,South Buganda,Wakiso District,HC III,0.378548,32.625753,575213,1859808
hciTS8BI8Lx,St. Kizito Health Centre HC III,South Buganda,Wakiso District,HC III,0.475559,32.670375,75639,371264
jlRIthYDovm,Vision Medical Clinic,South Buganda,Wakiso District,HC II,0.349944,32.649763,511640,1650870
ODl6muHUdeG,Zia Angelina HC II,South Buganda,Wakiso District,HC II,0.387722,32.654185,398716,1368205
ndHgVd0HWsi,Vision Medical Clinic HC II,South Buganda,Wakiso District,HC II,0.301149,32.537864,710256,2291290
WTTSSdmtevw,Amazing Grace Clinic,South Buganda,Wakiso District,HC II,0.348317,32.650504,506877,1643028
he0wQ6rz9DT,Bensa Clinic HC II,South Buganda,Wakiso District,HC II,0.378532,32.625747,575316,1860087
LhvhW69hnlG,Childrens Clinic Nalya,South Buganda,Wakiso District,Clinic,0.372341,32.642144,528550,1669399
a43TDTTSs0d,Chris Medical Clinic (Kira) HC II,South Buganda,Wakiso District,HC II,0.362429,32.642823,545963,1724851
lB1uQbDa4Ip,Church Road Medical Centre,South Buganda,Wakiso District,HC II,0.340882,32.662292,423061,1446892
xkP5a32zch1,Gibmark Medical Centre HC II,South Buganda,Wakiso District,HC II,0.381435,32.646286,465042,1529150
IVEcKopiyCP,Good Life Clinic Najjera,South Buganda,Wakiso District,HC II,0.390425,32.626239,506511,1704386
gZDTquB7ETt,Good Samaritan Medical Clinic (Kira) HC II,South Buganda,Wakiso District,HC II,0.341021,32.645642,523432,1770437
mfPV8jsUnyy,Jjanda HC III,South Buganda,Wakiso District,HC III,0.408612,32.663873,242161,1063038
UIdMewJ4AXD,K.T Medical Clinic HC II,South Buganda,Wakiso District,HC IV,0.372083,32.675707,351513,1158828
a2ni5Mkycdn,Kimwanyi HC II,South Buganda,Wakiso District,HC II,0.467999,32.645678,128303,470209
I2O4ZRrmyQN,Kira HC IV,South Buganda,Wakiso District,HC IV,0.397974,32.640339,384987,1434107
z8DNf0gRTuF,Kisakye Medical Clinic Kyaliwajjala HC II,South Buganda,Wakiso District,HC II,0.380564,32.646948,466632,1526597
zh8lA0UMzuW,Lina Medical Clinic,South Buganda,Wakiso District,HC II,0.344917,32.661335,435352,1455789
NB95OIz0Ap4,Lydda Medical Services HC II,South Buganda,Wakiso District,HC II,0.368271,32.648926,503087,1582908
WXWk3uwBplM,Kyengera Treatment Centre HC III,South Buganda,Wakiso District,HC III,0.291707,32.499882,432205,1581576
n18cGXh89Bn,B.R.M Clinic HC II,South Buganda,Wakiso District,HC II,0.287043,32.518241,546133,1857837
zHXK0z9GZkA,Besusebba HC II,South Buganda,Wakiso District,HC II,0.286926,32.455184,196632,766031
dnBlbbDr5m1,Crane Services HC II,South Buganda,Wakiso District,HC II,0.292893,32.501736,447003,1626325
OERp3gZVfSx,Cure Medical Centre HC III,South Buganda,Wakiso District,HC III,0.297831,32.506684,492275,1759219
XEpxJwNwMoa,Diagnostic Medical Centre HC III,South Buganda,Wakiso District,HC III,0.26276,32.51258,381819,1490455
fxKzkGxfExA,Ebenezer Medical Centre HC III,South Buganda,Wakiso District,HC III,0.283672,32.45608,191424,766038
meezZf7AkPu,Fridauce and Ssekubwa Medical Centre HC II,South Buganda,Wakiso District,HC II,0.272947,32.467927,208317,902775
mkQ4Pdf5uDd,Global Trust Medical Centre HC III,South Buganda,Wakiso District,HC III,0.275671,32.51416,467831,1655405
ahEbGTTY508,Kikajjo Health Services & Lab HC III,South Buganda,Wakiso District,HC III,0.262673,32.510234,365328,1457508
TtPRr5VZ421,Kikajjo Maternity Centre HC III,South Buganda,Wakiso District,HC III,0.263124,32.511578,376998,1480419
E1YAlqzJhvz,Kitemu Medical Centre HC II,South Buganda,Wakiso District,HC II,0.273908,32.467099,206818,893410
avaBAqrl0Df,Kyengera HC III,South Buganda,Wakiso District,HC III,0.295379,32.498867,432865,1597200
adP0T5wGv6D,Kyengera Nursing Home Clinic,South Buganda,Wakiso District,HC II,0.292773,32.503091,456001,1649556
VpUx8ILzAVu,Lynda Michelle Medical Centre,South Buganda,Wakiso District,HC III,0.26669,32.483615,241232,1120466
EMfgaowpTjP,Margret Medical Centre HC III,South Buganda,Wakiso District,HC III,0.275097,32.513256,458190,1633782
zGGNbbYqslV,Mirembe Medical Clinic (Kyengera) HC II,South Buganda,Wakiso District,HC II,0.293361,32.499812,435193,1595940
MFE5BuJU8iH,Mukwano Health Centre HC II,South Buganda,Wakiso District,HC II,0.277228,32.490703,313193,1293852
db9VzQveTzE,Muvubuka Agunjuse HC II,South Buganda,Wakiso District,HC II,0.289537,32.454666,201212,768676
n8EFMWQJYip,Muzinda Katereke HC II,South Buganda,Wakiso District,HC II,0.294815,32.432943,134877,524699
ac7OhvMEosK,Nabbingo HC II,South Buganda,Wakiso District,HC II,0.290035,32.480169,310925,1205483
FY5UEoAetkp,Nabbingo Medical Centre,South Buganda,Wakiso District,HC II,0.27893,32.479107,264433,1116484
J9DKJpj7zyx,Nakasozi Domicilliary Clinic HC III,South Buganda,Wakiso District,HC III,0.26669,32.483615,241232,1120466
g6j8Vjpr0xY,Nakitokolo- Nsangi HC II,South Buganda,Wakiso District,HC II,0.294392,32.460742,235188,886056
rlENEk9miOU,Neon Medical Centre HC II,South Buganda,Wakiso District,HC II,0.291593,32.501437,442220,1608531
aFlGqyWRQfr,Nsangi HC III,South Buganda,Wakiso District,HC III,0.273281,32.458977,174398,768822
OJsZ242jotp,Nyange General Clinic HC III,South Buganda,Wakiso District,HC III,0.278871,32.474967,247818,1046188
UUInZdNQWNq,Royale Health Services HC III,South Buganda,Wakiso District,HC III,0.280158,32.489022,318077,1287874
I0y6o0a2elv,Safe Care Medical Centre HC III,South Buganda,Wakiso District,HC III,0.283176,32.514839,507727,1756824
WOy4v3J3z1F,Sparta Medical Services HC II,South Buganda,Wakiso District,HC II,0.264617,32.596327,685138,1761421
pizaDemgh1i,St. Calvin Clinic HC II,South Buganda,Wakiso District,HC II,0.287317,32.503344,441779,1600984
BcFndgxGn99,St. Luke Clinic Nsangi HC II,South Buganda,Wakiso District,HC II,0.292528,32.43713,146971,560145
a4XwnsiRLu1,Tefrey Medical Clinic HC II,South Buganda,Wakiso District,HC II,0.253954,32.505992,287064,1306777
UgEB1XnGMf7,Zam-Zam Medical Clinic (Kyengera),South Buganda,Wakiso District,HC II,0.275795,32.493218,320414,1322945
YeZ4r5RuqZk,Dezoli Ortho Care Clinic,South Buganda,Wakiso District,HC II,0.249475,32.591774,603731,1532616
kmHZjBhKJEo,Dianah Joy Medical Clinic HC II,South Buganda,Wakiso District,HC II,0.252587,32.603386,557716,1507052
QRueM6gGW4K,Ebenezer Community HC II,South Buganda,Wakiso District,HC II,0.255729,32.599924,604258,1582905
qz33RgYgkLa,Family Care Clinic (Massajja) HC II,South Buganda,Wakiso District,HC II,0.270385,32.565961,713847,1967121
aT0kHRzB9Co,Family Health Clinic (Masajja) HC II,South Buganda,Wakiso District,HC II,0.270972,32.578599,748368,1955119
qGOfTrxD1Ds,Ggangu Medical Centre HC II,South Buganda,Wakiso District,HC II,0.241775,32.591156,546308,1417026
TV4m5ykT0G0,Gods Will Medical Clinic,South Buganda,Wakiso District,HC II,0.26049,32.58851,695506,1735516
YneHreQZJVV,Good Health Medical Clinic HC III,South Buganda,Wakiso District,HC III,0.269871,32.579083,744229,1934157
NtBs2IfYztR,Green Medical Centre HC III,South Buganda,Wakiso District,HC III,0.26309,32.571766,693858,1836600
RADTqtjvhVC,Holy Family Clinic (Masajja) HC II,South Buganda,Wakiso District,HC II,0.236364,32.593065,491591,1329206
A0KeWapELXA,Ht Medical Clinic HC II,South Buganda,Wakiso District,HC II,0.258783,32.593556,665990,1677156
HUTu4enSK7E,Jordan Medical Centre (Masajja) HC II,South Buganda,Wakiso District,HC II,0.240287,32.593203,526590,1386224
RKLk7ZoxUHb,Alexas Medical Centre HC III,South Buganda,Wakiso District,HC III,0.233613,32.593979,461400,1284679
URiJPxAQMt2,Kibiri Medical Centre HC III,South Buganda,Wakiso District,HC III,0.236003,32.594115,484278,1319101
kNuUQjakycb,Kuteesa General Clinic HC II,South Buganda,Wakiso District,HC II,0.249385,32.592554,599968,1526941
AxiUAru5x46,Liberty Clinic (Massajja) HC II,South Buganda,Wakiso District,HC II,0.257557,32.596009,643497,1640431
mJNMvPENTyq,Life Trust Clinic,South Buganda,Wakiso District,HC II,0.260638,32.582913,701164,1763963
YcCOu3egHyJ,Masajja Dental Clinic,South Buganda,Wakiso District,HC II,0.268379,32.58158,739868,1900044
aZG2lfuAtrU,Masajja Kyabagu HC III,South Buganda,Wakiso District,HC III,0.262886,32.586768,712994,1785468
T0xNZTdfsmh,Masajja Nursing Home HC III,South Buganda,Wakiso District,HC III,0.268452,32.581492,740105,1901602
A4pdFqJLCLN,Perusi HC III,South Buganda,Wakiso District,HC III,0.270356,32.56524,711254,1966582
u772aqCHn0K,Pharm Care Clinic,South Buganda,Wakiso District,HC II,0.269973,32.566126,712450,1959565
Wv0A7XnUFP5,Senta Medicare HC IV,South Buganda,Wakiso District,HC IV,0.264629,32.566462,685683,1867717
LllAHzEk2zk,St. Apolo HC III,South Buganda,Wakiso District,HC III,0.267277,32.5703,712873,1908707
CRjHpbknh9x,St. Paul Family Care Clinic HC II,South Buganda,Wakiso District,HC II,0.248089,32.59138,594618,1513074
pvMhc7H31I2,Tripple B Medical Clinic,South Buganda,Wakiso District,HC II,0.256822,32.599674,613875,1602767
UHStBbuYePI,Bulamu Medical Centre HC III,South Buganda,Wakiso District,HC III,0.23532,32.59677,466566,1295716
MvR4FQy2B3N,Wakiso Kambugu HC II,South Buganda,Wakiso District,HC II,0.52466,32.419386,26434,110905
FqWVV6B3ZmB,Kyengeza HC II,South Buganda,Wakiso District,HC II,0.497075,32.320033,27640,98466
rjIpxD2fcZB,Busawamanze HC III,South Buganda,Wakiso District,HC III,0.537923,32.432848,26360,111306
BzFOI8BjIMz,Kiziba Catholic/Kiziba St. Ulrika HC III,South Buganda,Wakiso District,HC III,0.504822,32.367113,29326,112529
gCobOTnUj2H,Kiziba HC III,South Buganda,Wakiso District,HC III,0.506539,32.367028,29200,110735
KKGQeLdmpeT,Lugungudde HC II,South Buganda,Wakiso District,HC II,0.53486,32.3435,25024,96015
Hw8k5zor4Yy,Kanzize - Kyondo HC II,South Buganda,Wakiso District,HC II,0.556795,32.360095,21692,97042
PPycqcd3beA,Kwagala Medical Clinic (Mende) HC II,South Buganda,Wakiso District,HC II,0.408849,32.465573,121759,742786
e6jFDlEXatp,Maama Thereza Domicilliary Clinic HC III,South Buganda,Wakiso District,HC III,0.428476,32.448025,79751,421863
UkAhDd9JpYl,Mende HC III,South Buganda,Wakiso District,HC III,0.476474,32.450128,35540,262286
q7F5ospusPo,Nusha Medical Centre HC III,South Buganda,Wakiso District,HC III,0.423207,32.39146,55441,185661
glATi6zJti7,St. Paul Medical Centre Kakunyu HC II,South Buganda,Wakiso District,HC II,0.420943,32.461937,104922,591895
aV1BxN0b2cm,Wakiso Banda HC II,South Buganda,Wakiso District,HC II,0.432527,32.476755,109862,617253
O47np90Wlxj,Show Mercy Medical Clinic HC II,South Buganda,Wakiso District,HC II,0.436074,32.418046,60786,232878
tdbMP9y1wyF,Faith Health Care Centre HC III,South Buganda,Wakiso District,HC III,0.461504,32.410246,37821,188066
lAyJuyzL2Oj,Bulondo HC III,South Buganda,Wakiso District,HC III,0.460116,32.432051,36397,252391
kQeei91EB4G,Act Now Clinic HC II,South Buganda,Wakiso District,HC II,0.458866,32.455913,43267,339289
sDpwzg8daPO,Kifad Medical Clinic HC II,South Buganda,Wakiso District,HC II,0.418118,32.47614,131636,764649
HIlCMGJzJV2,Lina Medical Centre HC II,South Buganda,Wakiso District,HC II,0.400822,32.54581,565868,1667579
ws3l8HCEhHB,Community Health Plan Uganda,South Buganda,Wakiso District,HC II,0.378555,32.547381,776826,1969507
qTl2xmFM8UH,"Doctors Medical Clinic, Katooke HC II",South Buganda,Wakiso District,HC II,0.384793,32.539216,691873,1821841
zGDu7T0C7e9,Faith Memorial Medical Centre HC III,South Buganda,Wakiso District,HC III,0.356235,32.547701000000004,867349,2260600
qFakUoaVUWg,Family Hope Medical Centre (Nabweru) HC III,South Buganda,Wakiso District,HC III,0.384869,32.538702,688281,1816624
FjAgQM43MpO,Gary Holmes Hospital,South Buganda,Wakiso District,General Hospital,0.38793,32.551845,725212,1887164
aVhCsDupB9X,Grace Royal Clinic,South Buganda,Wakiso District,HC II,0.35904199999999997,32.5559,891901,2311046
RfaCkM6A2b9,Jinja Karoli HC II,South Buganda,Wakiso District,HC II,0.385334,32.546291,726671,1875328
oR7VphxqtxB,Jordan Medical Clinic,South Buganda,Wakiso District,HC II,0.353088,32.552598,883150,2347859
lMkYTKRycpz,Josiah Medical Clinic HC II,South Buganda,Wakiso District,HC II,0.396802,32.521517,489065,1518211
nxEObpnPhfG,Dembe Medical Centre HC II,South Buganda,Wakiso District,HC II,0.315347,32.527329,665605,2225029
avZWtMODscD,Kawanda HC III,South Buganda,Wakiso District,HC III,0.414884,32.532044,350465,1368985
n6uXSCmHfgW,Kawanda Medical Centre HC III,South Buganda,Wakiso District,HC III,0.416757,32.530101,327291,1325165
GxTht6Qgdjt,Maama Maria Maternity Centre HC III,South Buganda,Wakiso District,HC III,0.400372,32.548607,579168,1693663
IPXUK8AOVaw,Maganjo Family Care Clinic HC II,South Buganda,Wakiso District,HC II,0.393703,32.544157,644614,1752877
j3SOuTU78Xv,Maganjo HC II,South Buganda,Wakiso District,HC II,0.389037,32.549984,710305,1857680
EPCusVpmwjo,Mariam Medical Clinic,South Buganda,Wakiso District,HC II,0.354889,32.549504,874326,2295568
oUg36nTwhBR,Nassolo Wamala HC II,South Buganda,Wakiso District,HC III,0.379293,32.536506,701816,1858302
XmVCb2ZX8K5,Nessa Maternity Home HC III,South Buganda,Wakiso District,HC III,0.40196,32.545554,550167,1651459
wwZIuQZ33Hy,New Hope Clinic,South Buganda,Wakiso District,HC II,0.400856,32.54478,562419,1659914
SYL9VDK7zxW,Olivia Medical Clinic HC II,South Buganda,Wakiso District,HC II,0.383611,32.540554,707076,1846937
mFd7OclDwMg,Pearl Medical Centre & Nursing Home HC III,South Buganda,Wakiso District,HC III,0.386359,32.525378,586126,1678236
OYOiGUIYvs2,Pentagon Medical Clinic,South Buganda,Wakiso District,HC II,0.3729,32.543382,784901,2001453
v772ONpDE2s,Pro-Life Medical Clinic HC II,South Buganda,Wakiso District,HC II,0.394893,32.533767,583419,1654732
nOOPgGl7nOI,"Royal Medical Clinic, Katooke HC II",South Buganda,Wakiso District,HC II,0.383471,32.540835,709617,1850992
oCtP4qz97K8,Smile Dental Services,South Buganda,Wakiso District,HC II,0.383336,32.540918,710921,1853281
McJJwfFVdhu,St. Luke Medical Centre (Kazo) HC II,South Buganda,Wakiso District,HC II,0.356467,32.556169,891718,2343724
Hv42CGQ28yH,St. Phillips Medical Clinic HC III,South Buganda,Wakiso District,HC III,0.460492,32.530374,131707,659381
tZPlBHYaoU9,Tropical Orthocare Clinic HC II,South Buganda,Wakiso District,HC II,0.400807,32.543081,557674,1648422
EYs87cYWBsP,Zion Clinic Kazo,South Buganda,Wakiso District,HC II,0.363864,32.55274,877597,2220361
zmtsO4hfzOi,Joy Medical Clinic HC III,South Buganda,Wakiso District,HC III,0.343472,32.555466,867138,2459274
knAcurSqZWF,Nakitokolo Namayumba HC II,South Buganda,Wakiso District,HC III,0.51964,32.209771,24731,85053
WGf77pZY6CD,Kibujjo HC II,South Buganda,Wakiso District,HC II,0.44462,32.285,20621,92862
jM0QE9Wtu6L,Kitalya Prisons HC II,South Buganda,Wakiso District,HC II,0.437033,32.231569,18335,79127
gtjU0NiesCY,St. Joseph Clinic HC III,South Buganda,Wakiso District,HC III,0.467824,32.220485,17684,77241
QnyNG8TVb4y,Namayumba Epi Centre HC III,South Buganda,Wakiso District,HC III,0.537054,32.273855,19891,94282
m2ROGumujet,Namayumba HC IV,South Buganda,Wakiso District,HC IV,0.521443,32.266628,20605,94904
ziRKF2GJeEU,Kireka SDA HC III,South Buganda,Wakiso District,HC III,0.33625,32.643681,525456,1821508
OITLsd78oCi,LifeLink (Kyaliwajala) Hospital,South Buganda,Wakiso District,General Hospital,0.378727,32.645333,483786,1567576
bvEchqIHp7I,Quality Care Clinic (Kireka) HC II,South Buganda,Wakiso District,HC II,0.346483,32.648253,517760,1695596
apKBtjQsxfI,St. Anna Clinic Kireka,South Buganda,Wakiso District,HC II,0.343363,32.64573,526762,1760193
MXTRYmtJtlC,Kireka HC III,South Buganda,Wakiso District,HC III,0.346872,32.643293,543708,1795257
O1I43VpN6wC,Alpha Health Care Medical Clinic,South Buganda,Wakiso District,HC II,0.36199,32.643087,545139,1722414
CwotxUrFP6T,Children's  Clinic Kireka,South Buganda,Wakiso District,HC II,0.372341,32.642144,528550,1669399
y19hhLtQvvl,Jaro Hospital,South Buganda,Wakiso District,General Hospital,0.376576,32.652842,457814,1466071
NhWsNz3SWdY,Kireka Medical Clinic,South Buganda,Wakiso District,HC II,0.348275,32.650555,506557,1642192
iLJNBF80xLv,Gifted Hands Medical Clinic,South Buganda,Wakiso District,HC II,0.28139,32.602062,684525,2021335
J6yssMkroj2,Prime Medical Clinic HC II,South Buganda,Wakiso District,HC II,0.388766,32.65543,388730,1345642
HYSUuIkabEF,Good Shepherd Medical Clinic,South Buganda,Wakiso District,HC II,0.398873,32.482666,196092,1051588
ukQgL4w1YFj,Griella Medical Centre,South Buganda,Wakiso District,HC II,0.391773,32.528947,581116,1651220
URQ1AXcEsSP,Hannah Medical Clinic,South Buganda,Wakiso District,HC II,0.433513,32.525338,207015,1063420
Y2Sy4LLLweE,Imran Orthopaedic Clinic,South Buganda,Wakiso District,HC II,0.369212,32.553683,858619,2157552
hp0xVxO4UDE,Joda Clinic HC II,South Buganda,Wakiso District,HC II,0.356822,32.55279,885120,2308402
SfjWUhxhnsZ,Jojo Dental Clinic HC II,South Buganda,Wakiso District,HC II,0.367701,32.523994,643222,1859992
twLLRoXrJK4,Kavic Medical Centre,South Buganda,Wakiso District,HC II,0.394253,32.545901,644600,1758014
Xy68nw811b4,Kirabo General Clinic,South Buganda,Wakiso District,HC II,0.365319,32.531033,717703,1964934
QPnhOODCL2G,Kisakye Medical Clinic (Nansana) HC II,South Buganda,Wakiso District,HC II,0.358103,32.528248,716258,2021723
DglUstc0iGP,Kitibwa Medical Clinic,South Buganda,Wakiso District,HC II,0.367639,32.525579,658007,1877556
eOfvfLs052N,L & A Medical Centre,South Buganda,Wakiso District,HC II,0.37659,32.55075,805390,2028132
iLBk7UOu56E,Life Care Medical Centre (Kabumbi) HC II,South Buganda,Wakiso District,HC II,0.35063,32.526085,724152,2083760
QZ3oFe40q8F,Life Care Medical Centre HC III,South Buganda,Wakiso District,HC III,0.356768,32.533937,774168,2101863
Vk1tyyib3un,Madina Domicilliary Clinic HC III,South Buganda,Wakiso District,HC III,0.374931,32.547173,797174,2012942
kXaLnWCigFE,Mc Donald Medical Clinic,South Buganda,Wakiso District,HC II,0.427955,32.529916,241471,1173235
Jx5qVVAUvQs,Mukisa Clinic (Nansana) HC II,South Buganda,Wakiso District,HC II,0.381433,32.542592,732258,1889801
akpHXftD4yu,Nabweru HC III,South Buganda,Wakiso District,HC III,0.357215,32.54516,854915,2221214
VotCuLFg0Oh,Nansana HC II,South Buganda,Wakiso District,HC II,0.353286,32.534789,792512,2151958
uXVDL70pKQo,New Kampala Medical Centre HC II,South Buganda,Wakiso District,HC II,0.375362,32.549048,804584,2026633
mGxIsKvBQdr,Nihal Medical Clinic,South Buganda,Wakiso District,HC II,0.426565,32.527637,248351,1171452
dQprl8P1Uae,Nurture Africa Clinic,South Buganda,Wakiso District,HC III,0.366509,32.533531,736955,1979207
VU38mHWPYKo,Our Lady Of Fatima Dom Clinic HC III,South Buganda,Wakiso District,HC III,0.367821,32.521676,621538,1834314
NRnEMRdZ0rd,Panguzi Clinic,South Buganda,Wakiso District,HC II,0.368798,32.522443,625074,1831087
NRVPwkf8igo,Sebbi Medical Centre HC IV,South Buganda,Wakiso District,HC IV,0.355523,32.533197,771971,2108567
aLNlJqdyQdK,St. Joseph's  Health Clinic HC III,South Buganda,Wakiso District,HC III,0.385398,32.513452,497957,1575544
JcPgZTDw8X4,St. Jude Medical Clinic(Nansana),South Buganda,Wakiso District,HC II,0.396258,32.520469,485995,1515300
aYN6PpIj4bQ,Triam Medical Centre HC II,South Buganda,Wakiso District,HC II,0.367409,32.523803,642524,1861419
MC86TzhBlKl,URO Care Hospital,South Buganda,Wakiso District,General Hospital,0.353566,32.535366,796241,2155163
t15uLLkZzQR,Abigail Medical Centre HC II,South Buganda,Wakiso District,HC II,0.397711,32.471118,148188,910687
CSzg0bIBkCh,Ages Health Care HC II,South Buganda,Wakiso District,HC II,0.36795,32.523322,636156,1850006
QpOgpdLWcPv,Bethel Doctor's Clinic,South Buganda,Wakiso District,HC II,0.358026,32.528302,717066,2023269
EaoliyCc0O7,Community Hospital Lugoba HC IV,South Buganda,Wakiso District,HC IV,0.378555,32.547381,776826,1969507
yeDXYRbILNm,Diva Medical Centre,South Buganda,Wakiso District,HC II,0.378688,32.519952,571100,1703783
dBO29bDlh3R,Diva Medical Centre - Yesu Amala HC III,South Buganda,Wakiso District,HC III,0.378688,32.519952,571100,1703783
INtBz7pqEwk,Eco Care Clinic HC II,South Buganda,Wakiso District,HC II,0.367117,32.550377,857175,2152022
MERzfNQszzj,Expro Family Clinic HC III,South Buganda,Wakiso District,HC III,0.359117,32.536566,790587,2103244
p4QSmjklO4k,Family Medicare Clinic,South Buganda,Wakiso District,HC II,0.357544,32.530763,742171,2056829
GFG7FQ0abTx,Foh Medical Clinic HC III,South Buganda,Wakiso District,HC III,0.356578,32.534224,777401,2107364
HpUGo6SQJIS,Galaxy Medical Clinic HC II,South Buganda,Wakiso District,HC II,0.361576,32.533115,751527,2033806
MQcEeQxu6CM,Grace Medical Clinic (Ndejje) HC II,South Buganda,Wakiso District,HC II,0.236438,32.579722,512421,1379996
YTBLK7mhWSM,Abison Medical Clinic HC II,South Buganda,Wakiso District,HC II,0.238239,32.554788,443552,1475117
iFzI6EkzO6f,Atom Medical Centre HC II,South Buganda,Wakiso District,HC II,0.23022,32.54348,342156,1325802
BL7K7k0SrYh,Doctors Hospital Seguku Hospital,South Buganda,Wakiso District,General Hospital,0.232053,32.552162,388035,1371874
UNTbY4fTURQ,Lubowa Medical Centre (Ihk) HC III,South Buganda,Wakiso District,HC III,0.239596,32.555655,457616,1495406
FPUiq7usi9C,Interncom Health Care HC II,South Buganda,Wakiso District,HC II,0.247757,32.571272,589679,1581538
CVoWcUh5ZPP,Joint Clinical Research Center (JCRC) HC IV,South Buganda,Wakiso District,Clinic,0.243145,32.562128,513441,1535964
nS7m8RZLSNc,Kigo Main Prisons HC III,South Buganda,Wakiso District,HC III,0.199259,32.599071,156102,780459
Cmbq9SjsCCv,Kigo Womens Prisons HC II,South Buganda,Wakiso District,HC II,0.199259,32.599071,156102,780459
xLwJJhiMkkX,Lufuka Valley HC III,South Buganda,Wakiso District,HC III,0.259934,32.568049,662611,1789066
yznQYcViuVu,Mildmay Uganda Hospital,South Buganda,Wakiso District,General Hospital,0.226694,32.550447,345049,1279851
Y3gwNn2grxx,N.A.P Domicilliary Clinic HC III,South Buganda,Wakiso District,HC III,0.213961,32.543505,250348,1048851
aNt5WiVHx4G,Ndejje HC IV,South Buganda,Wakiso District,HC IV,0.235976,32.582193,509007,1363980
OSMYJiJi674,Roofings Limited Clinic HC II,South Buganda,Wakiso District,HC II,0.242166,32.55836,489159,1529953
HEy7SpfFqHb,Royal Domicilliary Clinic HC III,South Buganda,Wakiso District,HC III,0.24267,32.556636,485450,1539940
XyJT72vIq1c,SAS Clinic Lweza HC II,South Buganda,Wakiso District,HC II,0.225878,32.55353,351450,1267319
k5Nbz2uHuqP,Seguku HC II,South Buganda,Wakiso District,HC II,0.231323,32.548497,368808,1356106
FzK1K0WRsFW,St. Magdalene HC II,South Buganda,Wakiso District,HC II,0.218569,32.546532,283500,1135704
OoK7w9DGvaS,Bulenga Medical Centre HC II,South Buganda,Wakiso District,HC II,0.319262,32.510213,535434,1953747
dfbQ83xJOeg,Care Medical Centre (Wakiso) HC III,South Buganda,Wakiso District,HC III,0.352399,32.521252,671078,2006514
N6jFmwymdbb,Child in Need Institute HC III,South Buganda,Wakiso District,HC III,0.317983,32.511202,542882,1967249
gRh7kwZYH7E,Ciron Domicilliary Clinic HC III,South Buganda,Wakiso District,HC III,0.332337,32.483319,285827,1506890
g6Cf1H8Zde6,Doctors Medical Centre HC III,South Buganda,Wakiso District,HC III,0.320784,32.49852,424926,1749236
VCwniB3nDWm,Ernest Cook Medical Centre,South Buganda,Wakiso District,HC II,0.312957,32.504199,478979,1818225
r8bqaOn7bDb,Gganda Clinic HC III,South Buganda,Wakiso District,HC III,0.35226,32.522694,685829,2025390
x92MQf0pXXy,Giant Medical Clinic HC II,South Buganda,Wakiso District,HC II,0.327386,32.513462,584664,2024998
Jc8DWb2FrCO,Health First Centre Clinic HC II,South Buganda,Wakiso District,HC II,0.33345,32.487426,315131,1581149
HPJuxNomAHx,Jovans Clinic HC II,South Buganda,Wakiso District,HC II,0.347536,32.529594,760801,2154210
dKN7mTaGZXT,Anna Grace Medical Centre HC II,South Buganda,Wakiso District,HC II,0.35054,32.526029,723881,2084081
dsQJ8V4nITj,Kikaaya Health Centre HC II,South Buganda,Wakiso District,HC II,0.317063,32.505693,491364,1864580
eCyFK7Yp6W1,Kwagala Medical Centre (Wakiso) HC II,South Buganda,Wakiso District,HC II,0.354328,32.501606,463114,1732942
DKkXEo4zUy7,Kyebando Nursing Home HC III,South Buganda,Wakiso District,HC III,0.367123,32.513357,548075,1756891
ZacnUm9G3YO,Lynaset Health Care Services HC III,South Buganda,Wakiso District,HC III,0.326531,32.462698,198759,1115955
GVmDZ1Totlt,Makooba Health Care Clinic HC II,South Buganda,Wakiso District,HC II,0.32013200000000003,32.443956,150484,722185
eUBycmFo7x2,Margrets Care Clinic- Bulaga HC II,South Buganda,Wakiso District,HC II,0.331815,32.490689,345206,1636873
Qy4VLCSLmTP,Mupek Medical Clinic HC II,South Buganda,Wakiso District,HC II,0.320732,32.510185,537575,1957433
VQEzkkbWHar,Qudra Medical Centre HC II,South Buganda,Wakiso District,HC II,0.332358,32.489878,337515,1623297
TQgMGZdPRqg,Salaama Memorial Medical Centre HC IV,South Buganda,Wakiso District,HC IV,0.355914,32.521594,661759,1970125
aJBzaYw0bBh,Sanyu Clinic (Ssumbwe) HC II,South Buganda,Wakiso District,HC II,0.317996,32.480283,304123,1410169
IxSf2AYagr4,St. Clare Medical Centre HC II,South Buganda,Wakiso District,HC III,0.327537,32.499183,429429,1779739
xaDIF51g3DF,St. Clare Medical Clinic HC III,South Buganda,Wakiso District,HC III,0.327537,32.499183,429429,1779739
CH96hlCV5KG,St. Francis Domicilliary Clinic HC III,South Buganda,Wakiso District,HC III,0.361996,32.440283,86089,655057
VbAbdDmvZxx,St. James Medical Centre (Wakiso) HC II,South Buganda,Wakiso District,HC II,0.360759,32.508909,526082,1770844
kZg2QlWweeg,Vigorous Domicilliary Clinic HC III,South Buganda,Wakiso District,HC III,0.345077,32.47925,248764,1421439
a0plh70j00D,Wakiso EPI Centre HC III,South Buganda,Wakiso District,HC III,0.359915,32.468687,183513,1153222
alzSFDpdbba,Bbira Ngo HC II,South Buganda,Wakiso District,HC II,0.328442,32.498371,421180,1767046
EYV2hK2Y2Du,Anastasiass Mwebaza HC II,South Buganda,Wakiso District,HC II,0.389479,32.478145,201674,1074300
hBB4YXwtRKQ,Bm Medical Clinic,South Buganda,Wakiso District,HC II,0.409104,32.512261,330144,1258524
Vp2cfAQGNso,Kayunga Community Health Centre HC II,South Buganda,Wakiso District,HC II,0.388732,32.495005,311214,1327062
RK3lLDD7U84,Life Saving Medical Centre,South Buganda,Wakiso District,HC II,0.383816,32.555163,766081,1970441
Rmb9UqKtstd,M.K Domicilliary Clinic HC III,South Buganda,Wakiso District,HC III,0.397676,32.480641,189386,1037940
xIKbVT6n1wA,Meeting Point Wakiso HC II,South Buganda,Wakiso District,HC II,0.40968,32.485353,181318,957772
y2hTy5ujpNG,Naluvule Medical Centre HC IV,South Buganda,Wakiso District,HC IV,0.388095,32.505561,413471,1467852
IUHQ9V1rMhX,Spring Medicare HC IV,South Buganda,Wakiso District,HC IV,0.397258,32.486538,223864,1118486
sIVYV2H2ZZW,Ssenge Medical Clinic HC II,South Buganda,Wakiso District,HC II,0.400794,32.510704,381282,1359587
MXJR6f2bHrH,St. Marys Medical Services HC III,South Buganda,Wakiso District,HC III,0.397027,32.478436,180300,1015009
UTcf3vkubN9,Wakiso HC IV,South Buganda,Wakiso District,HC IV,0.397647,32.477929,176039,1002556
l5C1tkKf11K,Ongutoi HC III,Teso,Amuria District,HC III,1.885025,33.809318,12704,47167
IswqGyDbcgm,Abarilela HC III,Teso,Amuria District,HC III,1.959375,33.819117,12868,47936
VVGxBCCP2jE,Arute HC II,Teso,Amuria District,HC II,1.964619,33.76846,17645,57049
yZP0DwhrfR8,Abia (Amuria) HC II,Teso,Amuria District,HC II,1.979505,33.576355,11004,55180
lGdKcxEQz4E,Akeriau HC III,Teso,Amuria District,HC III,2.034833,33.389095,15226,64968
lFzxlKU9GDe,Amolo HC II,Teso,Amuria District,HC II,1.815684,33.83163,6478,31494
oRHreBW5Tyr,Amuria Hospital,Teso,Amuria District,General Hospital,2.032183,33.641305,19613,57860
FuaPeRISYBk,Kona Clinic Amuria,Teso,Amuria District,Clinic,2.030854,33.643379,19611,58160
ZoRb6AcV4MY,Amuria COU HC II,Teso,Amuria District,HC II,2.030162,33.641198,19515,58027
a8uXeqmtFD9,Ogolokwara (Ajaki) HC III,Teso,Amuria District,HC III,2.096278,33.704426,9396,47648
N8L6gKVGOCM,Amucu HC III,Teso,Amuria District,HC III,2.048383,33.676909,16901,60019
Sj7ljAIcmjq,Asamuk HC III,Teso,Amuria District,HC III,1.976105,33.701711,15786,63660
kwd5xyrWwvO,Amusus HC III,Teso,Amuria District,HC III,2.120307,33.56463,11183,49933
yGhoDGSeyLN,Amusus CBO HC II,Teso,Amuria District,HC II,2.074551,33.555091,13023,54598
FxdgLy07xN4,Morungatuny HC III,Teso,Amuria District,HC III,2.121616,33.508193,13298,50315
UiGav1NitiR,Abeko HC III,Teso,Amuria District,HC III,2.018092,33.544508,11398,60434
jcEuyATQbMK,St. Claire Orungo HC III,Teso,Amuria District,HC III,2.057732,33.472938,19740,59188
o7CJeTwDapk,Abeko CBO HC II,Teso,Amuria District,HC II,2.051418,33.514017,15688,58619
RUGDBdVZ6oS,Calvary Chapel HC II,Teso,Amuria District,HC II,1.976247,33.445152,13430,61010
dmsWl4MpI5p,Olwa HC II,Teso,Amuria District,HC II,2.173545,33.48525,11420,41410
M864p5iRGub,Adakun HC II,Teso,Amuria District,HC II,2.079925,33.431588,14336,62644
WmoemTft5Bj,Orungo HC III,Teso,Amuria District,HC III,2.041373,33.453412,18884,60981
AECp7SuwokS,St. Michael-Wera HC III,Teso,Amuria District,HC III,1.889955,33.752719,17112,52985
a4Cp1oW19Lo,Wera HC IV,Teso,Amuria District,HC IV,1.866535,33.753251,16560,49661
yV1l7X3U9ZG,Alere (Amuria) HC II,Teso,Amuria District,HC III,2.162817,33.648532,8410,40276
wz2IJXrulbx,Amilmil HC II,Teso,Amuria District,HC II,2.108147,33.600601,12893,48151
igQEGimwVo2,Akuoro HC III,Teso,Bukedea District,HC III,1.3278,34.109441,17406,72988
aNchHEjSnch,Bukedea Mission HC II,Teso,Bukedea District,HC II,1.372955,34.046047,24649,95357
aBYCE2FHh6g,St. Jude Maternity HC II,Teso,Bukedea District,HC II,1.34831,34.045019,25258,97171
tpIyT18ybqD,Bukedea HC IV,Teso,Bukedea District,HC IV,1.329195,34.042626,25380,96664
aowpXPkRtAt,Kabarwa HC III,Teso,Bukedea District,HC III,1.438868,34.128305,13794,51986
ak1yCSlQVYY,Kachumbala Ngo HC II,Teso,Bukedea District,HC II,1.208852,34.121275,39705,166417
CJfa9yR5Db5,St Martha Maternity Home,Teso,Bukedea District,HC II,1.211226,34.12186,39071,163235
BzFE9hikp6J,Kachumbala HC IV,Teso,Bukedea District,HC IV,1.226575,34.112239,33699,134139
Z7Y1y5YIxQd,Tajar HC III,Teso,Bukedea District,HC III,1.393452,34.239134,13610,61104
TnIUAczx1Hq,Holy Innocent HC III,Teso,Bukedea District,HC III,1.376536,34.218439,9405,65122
L9isDZQcpuo,Kidongole HC III,Teso,Bukedea District,HC III,1.260763,33.979844,29621,124613
c3oQmCqMbaF,Cross Emergency HC II,Teso,Bukedea District,HC III,1.225689,34.005758,31474,134907
OMNRrYcHxCn,Kolir HC III,Teso,Bukedea District,HC III,1.320616,34.165446,12699,63352
EdfrvsY7Giu,Malera HC III,Teso,Bukedea District,HC III,1.43512,34.050733,20528,84366
VEc0XL8e8Sa,Alwa HC III,Teso,Kaberamaido District,HC III,1.845953,33.170672,17175,77655
LvFBfRqhgKN,Abirabira HC II,Teso,Kaberamaido District,HC II,1.705733,33.213541,10682,46725
bOPLAeEND8r,Aperikira HC III,Teso,Kaberamaido District,HC III,1.766113,33.235287,15436,59899
PQfiDO16p19,Kaberamaido Hospital,Teso,Kaberamaido District,General Hospital,1.775829,33.163907,22002,69381
sKqfvslNASd,Kaberamaido Police HC II,Teso,Kaberamaido District,HC II,1.763816,33.152423,22215,69356
K4034C0ZnRg,Kaberamaido Prisons Clinic,Teso,Kaberamaido District,HC II,1.774451,33.164165,22032,69157
c9Xxah6b0Cy,Emmanuel Medical Services Clinic,Teso,Kaberamaido District,Clinic,1.764764,33.1592,22347,68439
dusS2wts7ax,Kaberamaido COU (Alem) HC II,Teso,Kaberamaido District,HC II,1.777828,33.156499,21973,70538
BWY57NKHPc0,Kaberamaido Catholic Mission HC III,Teso,Kaberamaido District,HC III,1.753629,33.155683,22304,67399
DTFOPqR4WLH,Murem HC II,Teso,Kaberamaido District,HC II,1.632069,33.118172,4205,26202
UMzvOsVEnNH,Kobulubulu HC III,Teso,Kaberamaido District,HC III,1.719468,33.125138,16679,63346
aaylU8AkVhF,Pakegido HC III,Teso,Kaberamaido District,HC III,1.703785,33.096861,15862,63318
x0OMMKUIxlF,Kaburepoli HC II,Teso,Kaberamaido District,HC II,1.613974,33.003302,11781,42331
vwu6GMD9Bcv,Kagaa Medical Centre HC II,Teso,Kaberamaido District,HC II,1.679717,33.014317,19491,62196
rPMkkecqjqx,Ochero HC III,Teso,Kaberamaido District,HC III,1.679949,33.012823,19511,62396
ZOAvFhJT2vI,Anyara HC III,Teso,Kalaki District,HC III,1.992899,33.323659,19857,76810
auhs8cHBTlW,Apapai HC III,Teso,Kalaki District,HC III,1.910347,33.392473,13433,65048
ffbrWjDoYrJ,Bululu COU HC II,Teso,Kalaki District,HC II,1.721257,33.294481,11868,46368
GRkqVpmzBgf,Bululu HC III,Teso,Kalaki District,HC III,1.723327,33.295211,12015,47165
cV6erj5W4Nh,Kakure HC III,Teso,Kalaki District,HC III,1.846534,33.39247,16401,62920
BvO9dRkpqen,Kalaki HC IV,Teso,Kalaki District,HC IV,1.819596,33.338571,18192,62361
JuLeapjBevh,Ochelakur HC II,Teso,Kalaki District,HC II,1.742384,33.372576,15062,45200
aQrkHdMfe12,Abalang HC II (Anyara Subcounty),Teso,Kalaki District,HC II,1.977426,33.286475,23525,80297
UdkpzjDtHXu,Lwala Hospital,Teso,Kalaki District,General Hospital,1.859604,33.278092,16710,70668
fDDXxmRq4qE,Maddona HC II,Teso,Kalaki District,HC II,1.918527,33.302732,24655,78297
xRGI9XPpYLG,Otuboi COU HC II,Teso,Kalaki District,HC II,1.928941,33.316946,25067,77385
qidhLTyAErV,Otuboi HC III,Teso,Kalaki District,HC III,1.924357,33.310384,25049,77975
arSaR3TWlZL,Ajeleik HC II,Teso,Kapelebyong District,HC II,2.044712,33.860162,11261,40726
m5bcdRygx9D,Angerepo HC II,Teso,Kapelebyong District,HC II,2.00388,33.858473,9389,45045
krIH36G6xhy,Acowa HC III,Teso,Kapelebyong District,HC III,2.072698,33.798931,15679,46533
R95ybrwz0Fz,Alito HC III,Teso,Kapelebyong District,HC III,2.290756,33.568773,4730,21245
cCHq8KlwI1c,Amaseniko HC II,Teso,Kapelebyong District,HC II,2.224693,33.800906,4765,22066
r6nCqqhhKQN,Nyada HC II,Teso,Kapelebyong District,HC II,2.185456,33.709598,9587,29186
bVlV8NMWfoE,Okoboi HC II,Teso,Kapelebyong District,HC II,2.288109,33.853268,2603,13266
GynTVP1Cc2t,St. Francis Acumet HC III,Teso,Kapelebyong District,HC III,2.182363,33.73326,9752,27086
YJz6q902UGT,Kapelebyong HC IV,Teso,Kapelebyong District,HC IV,2.275518,33.775939,7853,19820
rbxGtvw8E8X,Obalanga HC III,Teso,Kapelebyong District,HC III,2.202262,33.592743,12655,35679
b9epW1JQKWV,Aeket HC III,Teso,Kapelebyong District,HC III,2.326475,33.680761,5224,17242
EWb0gMfNpiq,Agonga HC II,Teso,Kapelebyong District,HC II,2.288782,33.663377,7502,21086
MWw3vC4RH99,Airabet HC II,Teso,Kapelebyong District,HC II,2.331897,33.770838,3808,15524
usd4FQttAvy,Akoboi HC III,Teso,Katakwi District,HC III,1.851399,33.949547,14253,52052
ayC0ZVq8bSp,St. Kevin Toroma HC III,Teso,Katakwi District,HC III,1.78071,33.967805,13575,41137
J2JiemiIQvD,Aakum HC II,Teso,Katakwi District,HC II,1.991107,34.084023,9626,22481
gQIMeHy1J7q,Kokorio HC II,Teso,Katakwi District,HC II,1.71077,33.934515,13025,36903
aEStYD0dNAF,Damasiko HC II,Teso,Katakwi District,HC II,1.71581,33.85781,9757,32269
uRzFsC6osk8,Kapujan HC III,Teso,Katakwi District,HC III,1.727826,33.904521,11974,37830
QdaoAlMf1Tz,Aliakamer HC III,Teso,Katakwi District,HC III,1.943179,33.932981,16683,56194
uMfcDfwxWR7,Katakwi COU Aliakamer HC II,Teso,Katakwi District,HC II,1.924043,33.939976,22502,56084
kWVEqgcD75e,Astu HC IV,Teso,Katakwi District,HC IV,1.920981,33.963004,25437,54172
l5XOgabZp4j,Katakwi Hospital,Teso,Katakwi District,General Hospital,1.918182,33.9616,25833,54168
BwG7tdA2QUw,Katakwi Joint Medical Clinic,Teso,Katakwi District,Clinic,1.913593,33.957995,26281,54250
entiI5xAKZs,Opeta HC II,Teso,Katakwi District,HC II,1.670878,34.115127,5308,22314
VZvZyX8jBB4,Magoro HC III,Teso,Katakwi District,HC III,1.730581,34.102058,11676,27967
HhXrRF3LWHT,Bisina HC II,Teso,Katakwi District,HC II,1.850585,34.067896,2644,20364
XHgTvnlWtW0,Ngariam HC III,Teso,Katakwi District,HC III,1.888264,34.136952,4937,13772
IRSPu9HXn42,Okoocho HC II,Teso,Katakwi District,HC II,2.127552,34.049024,2481,10771
VHA8sLMGFZd,Omodoi HC II,Teso,Katakwi District,HC II,1.815508,34.003018,7984,38566
fFMFDu21aWq,Aketa HC III,Teso,Katakwi District,HC III,2.112303,33.951325,2882,14440
Qii1Y1bj3Be,Ongongoja HC II,Teso,Katakwi District,HC II,2.201927,33.970115,5199,11966
MAvQEQLvOdl,Ngariam COU HC II,Teso,Katakwi District,HC II,1.951882,34.096376,6934,23849
gHgAmLu49BZ,Olilim HC II,Teso,Katakwi District,HC II,2.022121,34.116801,5356,18656
KDkEBufisia,Palam HC III,Teso,Katakwi District,HC III,1.968283,34.139166,5092,19768
K87qlHUOEaJ,School of Field Artilery and Air Defence HC III,Teso,Katakwi District,HC III,2.04468,34.147343,2117,15092
go8pa2yrjbk,Akurao HC II,Teso,Katakwi District,HC II,1.680263,33.952945,9635,31051
Vdrd1FtUOrc,Toroma HC IV,Teso,Katakwi District,HC IV,1.752234,33.957366,15227,43669
EEwBWZQ7Qre,Koritok HC III,Teso,Katakwi District,HC III,2.028371,33.984728,8502,26641
vGFHvU2m9uE,St. Anne Usuk HC III,Teso,Katakwi District,HC III,2.004356,33.965061,10869,34274
aOoSM1O7H9D,Atutur Hospital,Teso,Kumi District,General Hospital,1.410305,33.99138,30352,106875
l9hCccYpw87,Agaria HC II,Teso,Kumi District,HC II,1.347647,33.783666,20231,95431
VqqQ72EHluD,Kakures HC II,Teso,Kumi District,HC II,1.290422,33.906911,36023,128368
MexhLyMSilA,Kamaca HC III,Teso,Kumi District,HC III,1.329703,33.968077,28615,119144
Qof8ZRsB0Ms,Kanapa COU HC II,Teso,Kumi District,HC II,1.51348,34.029821,15564,77014
IWgKTCjoXFj,Kanyum COU HC II,Teso,Kumi District,HC II,1.358121,33.873939,29014,112699
aqG8bVVJdXW,Olimai HC III,Teso,Kumi District,HC III,1.362437,33.893703,29833,118263
al7HcOssdLZ,Kanyum HC III,Teso,Kumi District,HC III,1.38319,33.917182,26710,121572
m6M6uQwsQtD,Michoes Medical Centre HC IV,Teso,Kumi District,HC IV,1.385918,33.920974,26904,121685
euiuFSL4Sdb,Omatenga HC III,Teso,Kumi District,HC III,1.574582,33.916398,20994,83645
xWhC0f1NxE0,Mukongoro COU HC II,Teso,Kumi District,HC II,1.323759,33.888616,34948,119719
r56FE4iE6at,Mukongoro Community Health Services HC III,Teso,Kumi District,HC II,1.327217,33.889723,34340,119134
agLJLYLJNK6,Mukongoro HC III,Teso,Kumi District,HC III,1.323323,33.886471,34818,119864
f5IgUhday3g,Divine Medical Centre,Teso,Kumi District,HC II,1.487299,33.932771,42329,127187
ZFsnMSiOxfW,Dona Clinic HC II,Teso,Kumi District,HC II,1.490303,33.93367,42244,126360
yS5apSh4haE,Great Save Medicare Clinic HC II,Teso,Kumi District,HC II,1.488541,33.929232,42441,127764
GhxBlhZQKq6,Kumi Police HC II,Teso,Kumi District,HC II,1.488121,33.934425,42251,126611
fnl80NudU5x,Divine Medical Centre HC II,Teso,Kumi District,HC II,0.281635,32.593957,730881,2081853
D6wxWnyZ0vc,Agurut HC II,Teso,Kumi District,HC II,1.459615,33.89592,38016,135407
znAFKVaQBcc,Kumi University Clinic HC II,Teso,Kumi District,HC II,1.472872,33.862545,34924,136044
nTJpfeWnKQA,Nyero COU HC II,Teso,Kumi District,HC II,1.470978,33.867676,35232,136493
ehjI0b4szUT,Nyero HC III,Teso,Kumi District,HC III,1.473484,33.865156,35151,136242
IE1qzHTYuNp,Ogooma HC II,Teso,Kumi District,HC II,1.429954,33.819085,29155,117259
ahzk9fymop1,Kumi (Ongino) Hospital,Teso,Kumi District,General Hospital,1.527735,33.975644,24930,96570
AhLbPGoqf7F,Ongino General HC II,Teso,Kumi District,HC II,1.556337,34.005525,17837,64538
q7F4gAY5vLR,Oseera HC II,Teso,Kumi District,HC II,1.577532,33.961327,13364,67279
aUnXgTzSLvC,Ongino HC III,Teso,Kumi District,HC III,1.558021,34.008776,17339,62143
F72SmQgfKBf,Kumi Orthopaedic Centre Hospital,Teso,Kumi District,General Hospital,1.485408,33.946672,41617,123865
T7PV25xOz2Z,Kumi HC IV,Teso,Kumi District,HC IV,1.488043,33.93611,42166,126202
KbMOUjVK28j,Kumi Community and Imaging Centre HC II,Teso,Kumi District,HC II,1.48519,33.93581,42227,126963
NNs0qql3GJu,Midas Touch HC IV,Teso,Kumi District,HC IV,1.482266,33.942852,41921,125920
IfRYINCb1dC,Kumi Prison HC II,Teso,Kumi District,HC II,1.490674,33.939725,41945,124594
Kf1o8kvbbaS,Akide HC II,Teso,Kumi District,HC II,1.59691,34.043994,9578,37770
w81TXtlX3EM,Omiito HC II,Teso,Ngora District,HC II,1.633833,33.816281,18811,63858
pGfuON6s6cD,Kapir HC III,Teso,Ngora District,HC III,1.603366,33.78911,21119,72454
QDqSXZrFf6O,Atoot HC II,Teso,Ngora District,HC II,1.391318,33.778896,21309,96808
TTWscca1VOu,Kobwin HC III,Teso,Ngora District,HC III,1.397152,33.740768,22312,84554
d36gK81XRga,Opot HC II,Teso,Ngora District,HC II,1.387424,33.693435,16840,61938
c50gQsWftA9,Mukura HC III,Teso,Ngora District,HC III,1.58029,33.850851,29101,86457
nFMZAMrVcca,Asianut Medical Centre,Teso,Ngora District,HC II,1.571436,33.861302,30204,89562
X8l6y8IN4z9,Ajeluk HC III,Teso,Ngora District,HC III,1.545984,33.824926,25230,101203
S70E0FJrMtU,Agu HC III,Teso,Ngora District,HC III,1.470418,33.724094,20547,81689
O9q5mhryXaX,Ngora HC IV,Teso,Ngora District,HC IV,1.490431,33.806084,29119,108883
jo4ICrnpVWs,St. Anthony HC II,Teso,Ngora District,HC II,1.469226,33.76879,33165,96204
GLPEmICaqyp,Ngora District Maternity Unit HC III,Teso,Ngora District,HC III,1.477613,33.794247,33692,105823
MNhe4FaQw7v,Ngora Freda Carr Hospital,Teso,Ngora District,General Hospital,1.4772,33.793409,33752,105599
Otq7OSrseu8,Community Care Medical Services,Teso,Ngora District,HC II,1.454558,33.777727,34959,102620
sUtrRkuRSAm,Atiira HC III,Teso,Serere District,HC III,1.598887,33.513751,18865,71174
TjArzfw94wz,Atiira Medical Centre,Teso,Serere District,HC II,1.609057,33.523405,18878,72014
UJJPDoh3skp,Bugondo HC III,Teso,Serere District,HC III,1.617527,33.292982,8831,38223
qzSy84YdUkX,Apapai HC IV,Teso,Serere District,HC IV,1.52675,33.291506,15331,68589
FuXspRGeawu,Kadungulu HC III,Teso,Serere District,HC III,1.526707,33.217542,20293,52462
aoKmCk2WKgG,Kagwara HC III,Teso,Serere District,HC III,1.495268,33.142164,17891,35368
lwOFIJ6tbNa,Kamod HC II,Teso,Serere District,HC III,1.56804,33.365685,22009,66890
Hjtox3w6eZx,Kamusala HC II,Teso,Serere District,HC II,1.447414,33.57718,23053,91045
TawGPygknTa,Kateta HC III,Teso,Serere District,HC III,1.411498,33.520217,20991,71422
XNLtmr7pmjB,Kateta Moru HC II,Teso,Serere District,HC II,1.460849,33.50336,22694,93424
CeThdXtRHzx,Kateta Ngo HC II,Teso,Serere District,HC II,1.453443,33.495321,22520,89476
fcwlJwjS1IM,Jordan Medcare Centre,Teso,Serere District,HC II,1.422704,33.560901,19421,84721
XrQ7zl8YF0M,Kidetok Mission,Teso,Serere District,HC III,1.476592,33.419181,18746,80624
HtstkAl6IEl,Omagoro HC II,Teso,Serere District,HC II,1.532294,33.654287,17789,69015
qmIXnGwbmHP,Kyere Mission,Teso,Serere District,HC III,1.480051,33.601252,27225,87794
zm7m09FNPYA,Kyere HC III,Teso,Serere District,HC III,1.482273,33.599934,27754,88276
SSAwZ2qobSu,Lake Kyoga Falher Nursing Home,Teso,Serere District,HC II,1.41551,33.155152,3807,20229
aVQCbe80pl7,Aarapoo HC III,Teso,Serere District,HC III,1.425547,33.227761,12231,31930
L9235x9BWmp,Miria HC II,Teso,Serere District,HC II,1.497447,33.50154,25907,96512
ZSczOvaCJ29,Oburin HC II,Teso,Serere District,HC III,1.506353,33.51441,28600,97083
a3f7BmwY4kL,St. Martins Amakio,Teso,Serere District,HC III,1.534948,33.513487,22526,91014
xEN68HYkacl,Akoboi (Serere) HC II,Teso,Serere District,HC II,1.570777,33.419576,16865,75030
f8m6k3MjPsf,Pingire HC III,Teso,Serere District,HC III,1.459015,33.335412,18092,59761
mPtQJ1rZBOd,Kidetok HC III,Teso,Serere District,HC III,1.476592,33.419181,18746,80624
Age86DCA0c3,Doctor's  Clinic,Teso,Serere District,HC II,1.517961,33.460176,24127,87160
DXmJVAw33mJ,Serere HC IV,Teso,Serere District,HC IV,1.519555,33.459811,24141,86625
p0fJEq6m1ew,TASO Soroti Special Clinic,Teso,Soroti City,Clinic,1.716912,33.612965,92840,168640
pGYHofLkGpG,Community Clinic & Imaging Centre (Soroti) HC II,Teso,Soroti City,HC II,1.71914,33.617553,92115,168945
YS1I62rL00h,Eastern Division HC III,Teso,Soroti City,HC III,1.710452,33.628161,88766,168191
CxzGSxEbecK,Kichinjaji HC III,Teso,Soroti City,HC III,1.718842,33.628508,89297,168881
eOVudSriqIu,Madera Ngo HC II,Teso,Soroti City,HC II,1.742552,33.62633,82485,166484
bax9SirtC47,Marie Stopes Uganda Soroti HC II,Teso,Soroti City,HC II,1.716278,33.623771,90502,169073
RLHL2VeqWC2,Merryland HC II,Teso,Soroti City,HC II,1.717175,33.622712,90837,169103
VQZMi99oeXr,Moruapesur HC II,Teso,Soroti City,HC II,1.705534,33.629319,87270,167534
JVLdDfKIG38,Opuyo HC II,Teso,Soroti City,HC II,1.713454,33.657885,64970,161548
KEJ7kcBumFl,Princess Diana HC IV,Teso,Soroti City,HC IV,1.741843,33.616024,86457,165990
Caa5Y5lCTIf,Siloam Nursing Home HC III,Teso,Soroti City,HC III,1.705526,33.625638,88499,167990
grL9e4xnmOo,Soroti Islamic HC III,Teso,Soroti City,HC III,1.730679,33.614251,92426,167888
xn5R1XsfrWg,Soroti Main Prisons HC III,Teso,Soroti City,HC III,1.723722,33.612976,93242,168358
lpwnkRUWyqg,Soroti Medical Chambers HC II,Teso,Soroti City,HC II,1.747017,33.616501,78741,164373
KYMxfFztCFl,Soroti Police HC III,Teso,Soroti City,HC III,1.711262,33.616715,91576,168748
Nnms2rd2gpC,Soroti Regional Referral Hospital,Teso,Soroti City,RRH,1.715773,33.614077,92550,168738
aOUFGE58SZA,St. Peters Ngo HC II,Teso,Soroti City,HC II,1.718773,33.616302,92347,168877
UhJgr2Abb0p,Uganda Cares HC II,Teso,Soroti City,HC II,1.715773,33.614077,92550,168738
aUpdwfofY85,Arapai HC II,Teso,Soroti City,HC II,1.784437,33.618648,28227,146612
p0gQCb29YsS,AIDS Information Centre (Soroti) HC II,Teso,Soroti City,Clinic,1.718563,33.607451,93625,167888
OOTHJd11Kqy,Bethesda (Soroti) Hospital,Teso,Soroti City,General Hospital,1.697382,33.598433,86381,165844
gK4rD5EuRjU,Destiny Clinic HC II,Teso,Soroti City,HC II,1.721785,33.602348,94061,166815
fUDxHsru0le,Soroti Baptist HC III,Teso,Soroti City,HC III,1.709817,33.605395,92421,167586
cY2kQBkzz17,Soroti HC III,Teso,Soroti City,HC III,1.730844,33.596218,92003,164781
HOnIGbyX0cw,Soroti Medical Associates Nursing Home HC III,Teso,Soroti City,HC III,1.719578,33.605228,93858,167489
guuZmIbnlXl,Teso Safe Motherhood HC III,Teso,Soroti City,HC III,1.712148,33.601239,92746,166856
abcJcH3EO75,Western Division HC III,Teso,Soroti City,HC III,1.71527,33.597696,92850,165990
GFBJGI57TkV,Beacon Medical Center HC II,Teso,Soroti City,HC II,1.700957,33.614234,89160,168127
fV3WgwSenHR,Arabaka HC II,Teso,Soroti District,HC II,1.83256,33.658765,16680,63991
CqefEf18FFW,Dakabela HC III,Teso,Soroti District,HC III,1.857446,33.626388,14290,57607
PCvI4E289K1,Agirigiroi HC II,Teso,Soroti District,HC II,1.932024,33.599959,10764,51111
v4Zgul4VlRC,Obule Cb HC II,Teso,Soroti District,HC II,1.631547,33.547527,20139,81266
AY24xwaz8Ml,Asuret HC III,Teso,Soroti District,HC III,1.625992,33.599474,23565,102557
t7m1vt8ZdgY,Aukot HC II,Teso,Soroti District,HC II,1.654791,33.681496,20864,116866
gqpItvve2Rk,Awaliwal HC II,Teso,Soroti District,HC II,1.808924,33.708836,12279,63700
WY3yVWM5gaL,Gweri HC III,Teso,Soroti District,HC III,1.718116,33.733279,16298,67913
a4070sNyyVO,Kamuda HC III,Teso,Soroti District,HC III,1.737233,33.503552,15303,73578
WqzecS4PTyV,Katine Ngo HC II,Teso,Soroti District,HC II,1.883919,33.470371,15945,60992
Wyvz7rsEBpd,Tiriri HC IV,Teso,Soroti District,HC IV,1.902384,33.45922,15603,59337
KabGzoH7k7H,Lalle HC II,Teso,Soroti District,HC II,1.676931,33.486569,10656,54038
PmFgAvnih83,Ocokican HC II,Teso,Soroti District,HC II,1.642419,33.501546,14345,62221
DEMEh3VEW72,Ojom HC II,Teso,Soroti District,HC II,1.838676,33.537175,15834,63686
pnAxdCHawgM,Mighty Care Medical Centre HC II,Teso,Soroti District,HC II,1.843075,33.572585,12414,67692
kkYUoOF74Eb,Tubur HC III,Teso,Soroti District,HC III,1.952608,33.520369,15744,54849
gAHM3KeZpCy,Tombwe HC II,Tooro,Bundibugyo District,HC III,0.642846,29.997983,58463,111051
tv8qMylVqWx,Bubukwanga HC III,Tooro,Bundibugyo District,HC III,0.768713,30.064458,37998,128720
aKxaxZSbzx9,Bukangama HC III,Tooro,Bundibugyo District,HC III,0.713879,30.099114,56049,150201
aHKM6JrvYM2,Bundibugyo Police HC II,Tooro,Bundibugyo District,HC II,0.711611,30.05965,62077,169926
J8JFj65yOB1,Family Health Care Clinic HC II,Tooro,Bundibugyo District,HC II,0.71265,30.06024,62161,169554
vhqSTH4VsL4,Gadafi Medical Centre HC II,Tooro,Bundibugyo District,HC II,0.700335,30.067944,57588,167656
VkNdAzkYGjh,Bundibugyo Hospital,Tooro,Bundibugyo District,General Hospital,0.702083,30.063756,59084,169608
Q2keh7obLFL,Bundingoma HC II,Tooro,Bundibugyo District,HC II,0.669895,29.96729,46509,100395
xJFdSkzMwm0,Burondo HC III,Tooro,Bundibugyo District,HC III,0.859303,30.173983,9442,40480
JplpqZql8xM,Bulyambwa HC II,Tooro,Bundibugyo District,HC II,0.686059,30.015163,59731,157948
xpfoySoqqeO,Busaru HC IV,Tooro,Bundibugyo District,HC IV,0.667609,30.04432,44801,165483
aP9QvjkEszN,Kayenje HC II,Tooro,Bundibugyo District,HC II,0.670551,30.044949,47529,167288
OoVeZj9sCqA,Miracle Medical Center HC II,Tooro,Bundibugyo District,HC II,0.631429,29.960848,29012,79958
U4VqFHT72Eu,Busunga HC II,Tooro,Bundibugyo District,HC III,0.635992,29.972165,39888,88493
EV2MoBNsOm6,Butama HC III,Tooro,Bundibugyo District,HC III,0.60865,29.996276,27534,83965
x8u9lpI2pUu,Bupomboli HC III,Tooro,Bundibugyo District,HC III,0.678044,30.06878,46900,161291
aySqIA0RRpH,Kisuba HC III,Tooro,Bundibugyo District,HC III,0.712047,30.00282,44857,151512
oyfr6zwE7bz,Kyondo (Bundibugyo) HC III,Tooro,Bundibugyo District,HC III,0.798085,30.187336,22827,75824
D63IKQOEOlL,Bundimulangya HC II,Tooro,Bundibugyo District,HC III,0.725338,30.103469,52486,147529
IwX731R1sVd,Busoru HC II,Tooro,Bundibugyo District,HC II,0.711192,29.980287,34464,131101
ELoK6BN0Tbo,Mirambi HC III,Tooro,Bundibugyo District,HC III,0.642799,30.019775,48366,130259
RWEo3tF0K1h,Mirambi HC III,Tooro,Bundibugyo District,HC III,-0.291803,31.633969,24134,106940
WQwefkSgLao,Ngamba HC II,Tooro,Bundibugyo District,HC II,0.766584,30.106522,38162,128220
m6EphK59CJo,Kikyo HC IV,Tooro,Bundibugyo District,HC IV,0.744994,30.123393,32746,140299
nOieZSj7iJC,Kasulenge HC II,Tooro,Bundibugyo District,HC II,0.660723,30.047656,37554,162023
w1COt9NZVMi,Ebenezer SDA HC III,Tooro,Bundibugyo District,HC III,0.797599,30.144719,21884,87783
FtUWKxVeXby,Ntandi HC III,Tooro,Bundibugyo District,HC III,0.800487,30.144772,21037,85410
ntpmcM5sv9V,Mantoroba HC II,Tooro,Bundibugyo District,HC II,0.800658,30.109067,23763,82941
Wtx8GzEga6v,Nyahuka HC IV,Tooro,Bundibugyo District,HC IV,0.672084,29.991514,59065,133730
ZqwV5PWv4Pt,Kanyamwirima Army HC III,Tooro,Bundibugyo District,HC III,0.741826,30.050087,56486,153133
ADYVLN5f9vF,Buhanda (Bundibugyo) HC III,Tooro,Bundibugyo District,HC III,0.733921,30.023872,46301,150419
D2qwnO0egnU,Kabahango HC III,Tooro,Bunyangabu District,HC III,0.590383,30.25479,39917,185581
EFJpt4v3Xc8,Kibota HC II,Tooro,Bunyangabu District,HC III,0.585308,30.170038,40389,135534
MhtEzCLIUho,Buheesi HC II,Tooro,Bunyangabu District,HC II,0.583353,30.206458,44494,161670
EBCRwGo5bqm,Rwagimba HC III,Tooro,Bunyangabu District,HC III,0.480011,30.107204,19081,101775
QhjzIx0abeY,Kabonero HC III,Tooro,Bunyangabu District,HC III,0.466805,30.162473,34952,144151
GRmNMvXH6gl,Kakinga HC III,Tooro,Bunyangabu District,HC III,0.396423,30.265335,28579,96098
VnB99XLWlfO,Katebwa Monument Site HC III,Tooro,Bunyangabu District,HC III,0.510052,30.127155,25587,106129
cvhndG0NLZe,Kasunganyanja HC III,Tooro,Bunyangabu District,HC III,0.424485,30.210975,44213,147709
NQz1Wu9svpv,Andre Medical Centre HC II,Tooro,Bunyangabu District,HC II,0.431083,30.201345,44043,152523
LMHH5FRz9wF,Light Medical Centre HC II,Tooro,Bunyangabu District,HC II,0.449753,30.194953,45142,152096
a3vnsnqyRdA,Mujunju HC II,Tooro,Bunyangabu District,HC II,0.470575,30.236508,36947,124309
CXKuwsSP3T2,Nightingale HC II,Tooro,Bunyangabu District,HC II,0.480138,30.194778,42838,137052
z3ldDiQ4JHT,Yerya HC III,Tooro,Bunyangabu District,HC III,0.485833,30.191615,42626,136749
egswmCc8ssL,Kibiito HC IV,Tooro,Bunyangabu District,HC IV,0.477608,30.19521,42684,137586
SW1kh5C3bUf,Editine International Medical Centre HC II,Tooro,Bunyangabu District,HC II,0.48076,30.197658,43183,136238
sZ9PPpo8ejT,Kahondo HC II,Tooro,Bunyangabu District,HC II,0.490987,30.22411,39400,127023
IthQ06bKLDY,Nyamiseke HC II,Tooro,Bunyangabu District,HC II,0.498993,30.255213,23933,114712
a0Tgsf83fGB,Kiyombya HC III,Tooro,Bunyangabu District,HC III,0.538428,30.230248,29009,139354
wju8bnyJDvb,Rambia HC III,Tooro,Bunyangabu District,HC III,0.565583,30.147222,33086,118952
fFVmtAq4KDs,Kibate HC III,Tooro,Bunyangabu District,HC III,0.55753,30.132567,28772,107861
puvssItt4Qv,Mitandi HC III,Tooro,Bunyangabu District,HC III,0.599512,30.14815,30113,121732
efN24flmJeb,Kisomoro HC III,Tooro,Bunyangabu District,HC III,0.53798,30.163362,38830,127560
aBoSV4asRji,Kicuucu HC II,Tooro,Bunyangabu District,HC II,0.50621,30.177208,40966,134082
wlhHvSaHqEy,Rubona Medical Centre HC II,Tooro,Bunyangabu District,HC II,0.55936,30.177815,43314,136314
cK771z6IUQW,Rubona HC II,Tooro,Bunyangabu District,HC III,0.560633,30.167922,40990,131536
Ty5rQ9SG6WZ,Sanyu Clinic (Rwimi TC),Tooro,Bunyangabu District,HC II,0.379688,30.217955,39511,124232
AEHNScf4j7E,Rwimi Prison HC III,Tooro,Bunyangabu District,HC III,0.367097,30.224275,33852,113911
jTmBjPxif9F,Trivest Medical Centre HC II,Tooro,Bunyangabu District,HC II,0.379997,30.215938,39819,125560
aHXEy4fCaPw,Rwimi HC III,Tooro,Bunyangabu District,HC III,0.38263200000000003,30.21596,41277,126508
MadCYv1HDhI,Vine Hospital,Tooro,Fort Portal City,General Hospital,0.654424,30.270149,91700,193839
Qlkl4NZqpFm,Ageteraine Nursing Home HC II,Tooro,Fort Portal City,HC II,0.65397,30.279202,88600,189513
SaEGZKTr3lt,Alpine Clinic HC II,Tooro,Fort Portal City,HC II,0.653918,30.278409,88940,189903
Dt6WipQhr4Q,Fort Portal Regional Referral Hospital,Tooro,Fort Portal City,RRH,0.655958,30.280566,87641,188605
v1CGz0UUI4x,Ibaale HC II,Tooro,Fort Portal City,HC II,0.621435,30.30405,56144,169787
gLhqifDs7hU,Kabarole COU Hospital,Tooro,Fort Portal City,General Hospital,0.649823,30.272578,91393,193347
JOGgj0LGTiW,Kagote HC III,Tooro,Fort Portal City,HC III,0.664919,30.274029,86856,190050
aO5NU9dvqqT,Kasusu HC III,Tooro,Fort Portal City,HC III,0.623565,30.255651,76366,204603
aVcdIF2qcWc,Kataraka HC IV,Tooro,Fort Portal City,HC IV,0.635559,30.295677,78852,179545
TSYQk88VWVI,Katojo Prisons HC III,Tooro,Fort Portal City,HC III,0.683251,30.257291,72309,187241
Jod4tzrdWrq,Kisakye Clinic (Fort Portal) HC II,Tooro,Fort Portal City,HC II,0.65753,30.255234,92444,198007
aYcUHBryDmo,Lillah Muslim HC II,Tooro,Fort Portal City,HC II,0.65956,30.27503,88842,190762
VQWekIHP4qP,Marie Stopes Uganda Fort Portal HC II,Tooro,Fort Portal City,HC II,0.654022,30.277098,89466,190558
Pf3v59iyqdM,Mucwa HC III,Tooro,Fort Portal City,HC III,0.639244,30.273084,88824,193898
Y3hpndpv6cR,Muhooti Barraccks HC III,Tooro,Fort Portal City,HC III,0.689745,30.256998,63686,183008
NbHdwbrEl5D,Police Clinic (Kabarole) HC III,Tooro,Fort Portal City,HC III,0.657422,30.284326,85759,186362
b22OjTlTlBw,Reproductive Health Uganda (Fort Portal) HC II,Tooro,Fort Portal City,HC II,0.661278,30.281052,85842,187420
KkhXqfAtuB1,Sarah Medical Centre HC II,Tooro,Fort Portal City,HC II,0.650433,30.272452,91417,193337
uiLzeURGsDn,Virika Hospital,Tooro,Fort Portal City,General Hospital,0.637679,30.268601,89279,196721
VWrdPPDI0XP,Maranatha HC III,Tooro,Fort Portal City,HC III,0.628872,30.249816,80910,206530
n8cJGH7q4QK,Bukuku HC IV,Tooro,Fort Portal City,HC IV,0.661787,30.178772,39884,160133
aOKbOOqOG6Y,Karambi (Kabarole) HC III,Tooro,Fort Portal City,HC III,0.639252,30.238753,81474,206380
rcKvTPPgRw3,Rubingo HC III,Tooro,Fort Portal City,HC II,0.598447,30.276754,43207,180506
kJ8zh4TpBav,Kiguma HC III,Tooro,Fort Portal City,HC III,0.646522,30.219017,62981,203693
nB9oHWXeRpp,Kihembo SDA HC II,Tooro,Fort Portal City,HC II,0.630126,30.254979,83560,204745
aQTBvjHZAw9,Kaswa HC III,Tooro,Kabarole District,HC III,0.642135,30.341781,29759,143352
wjEpE9NTDxg,Kiamara HC II,Tooro,Kabarole District,HC II,0.650476,30.360519,22367,122245
WFJMrCVfbYl,Kirere HC II,Tooro,Kabarole District,HC II,0.666895,30.336751,32735,148160
ao2zxSYuDqi,Mpanga Tea Estate HC II,Tooro,Kabarole District,HC II,0.649666,30.374875,20024,95876
a2uEOCNlnnx,Ngombe Orthodox HC II,Tooro,Kabarole District,HC II,0.653383,30.317998,57414,160945
ZAhGP8KMuzQ,Buzirasagama HC II,Tooro,Kabarole District,HC II,0.630103,30.337506,29977,143282
ayyVEfFN9v7,Kahangi HC II,Tooro,Kabarole District,HC II,0.705237,30.384981,17460,79769
WTUM2RKZQG7,Kitule HC II,Tooro,Kabarole District,HC III,0.760039,30.373692,16705,57642
v19MRLoaChf,Nyantaboma HC III,Tooro,Kabarole District,HC III,0.744283,30.298767,18583,92732
Nkq4sBVIoUd,Kabende HC III,Tooro,Kabarole District,HC III,0.867687,30.464416,14451,46802
GaS3yxqjv5Q,Kasessenge HC II,Tooro,Kabarole District,HC II,0.884815,30.438006,9818,33231
kSanP7rgdb2,Nyakitokoli HC II,Tooro,Kabarole District,HC III,0.686877,30.178975,36075,145184
lgY4lou7ebv,Iruhura COU HC III,Tooro,Kabarole District,HC III,0.463863,30.309928,13630,66043
t2B8bbXaxBm,Kasenda HC III,Tooro,Kabarole District,HC III,0.442543,30.278818,21306,99306
VhofFpidxI7,Kijura HC III,Tooro,Kabarole District,HC III,0.752829,30.40503,17483,60048
puXxeWK8WhK,Bwanika HC II,Tooro,Kabarole District,HC II,0.717404,30.240842,27834,159860
GlGBqdv4DH9,Kicwamba HC III,Tooro,Kabarole District,HC III,0.713255,30.201852,30356,145613
QF3ff0Cof9s,Kicwamba HC III,Tooro,Kabarole District,HC III,0.028824,30.387469,30080,98773
BsqCx1RBM4V,Toro Kahuna HC III,Tooro,Kabarole District,HC III,0.810234,30.415188,13130,45954
COvmH17foma,Nsorro HC II,Tooro,Kabarole District,HC II,0.811322,30.406383,13025,44116
MXms6SQUOrd,Alenda Medical Centre,Tooro,Kabarole District,HC II,0.595423,30.315366,27878,140391
nz0c3cd4fzo,Kiko HC III,Tooro,Kabarole District,HC III,0.592407,30.338328,19441,107196
OwDder9Wkwn,Nyabuswa HC III,Tooro,Kabarole District,HC III,0.629081,30.159068,30138,134841
Y3QzK6JqIXg,Mugusu HC III,Tooro,Kabarole District,HC III,0.61155,30.21273,48120,197478
NPsUXWauJwy,Nkuruba HC III,Tooro,Kabarole District,HC III,0.525177,30.30402,16793,74579
wZmGKn6TFVP,Rurama HC II,Tooro,Kabarole District,HC II,0.5415,30.324027,16786,65021
QEpV6yJSsCN,Kida Hospital,Tooro,Kabarole District,General Hospital,0.514799,30.289999,16802,84444
EMqMx1mnJdP,Kibale HC II,Tooro,Kabarole District,HC II,0.55823,30.35524,11114,56901
YzWi4kmieZt,Ruteete HC III,Tooro,Kabarole District,HC IV,0.553907,30.298777,21825,94068
NwDxtDrXwrQ,Kiko-James Finlays Clinic HC III,Tooro,Kabarole District,HC III,0.595073,30.337591,20105,112351
ZTD4Prfdw22,Kidubuli HC III,Tooro,Kabarole District,HC III,0.688019,30.306514,47524,160360
d3ugFJbENWb,Bigodi HC III,Tooro,Kamwenge District,HC III,0.402557,30.410933,13765,42374
wP6qm4MtWn2,Malere HC II,Tooro,Kamwenge District,HC II,0.40736,30.814836,22196,93525
jUJbnOcTaJS,Biguli Medical Centre,Tooro,Kamwenge District,HC II,0.336457,30.797632,22089,78614
Sg3h27N489f,Biguli HC III,Tooro,Kamwenge District,HC III,0.341263,30.795358,22305,80367
BttsyxGJcTm,Kabingo (Bihanga) HC III,Tooro,Kamwenge District,HC III,0.200382,30.585071,14951,57767
oa2Jc3fTgtD,Bunoga HC III,Tooro,Kamwenge District,HC III,0.403494,30.527815,16335,55955
VQqzXN2zkM8,Kyakarafa HC II,Tooro,Kamwenge District,HC II,0.372968,30.478035,15558,63568
iR4NuGQdNOq,Busiriba HC II,Tooro,Kamwenge District,HC II,0.396238,30.471783,13126,56704
a3HP4aNtOMO,Bwizi HC III,Tooro,Kamwenge District,HC III,0.389934,30.725975,23294,94116
H94XD2JNeOp,Ntonwa HC II,Tooro,Kamwenge District,HC II,0.438049,30.703649,21809,74210
HbRR9Kem65L,Kabambiro HC III,Tooro,Kamwenge District,HC III,0.155218,30.507901,19102,81649
JiXMZzyWhUb,Kabuga HC III,Tooro,Kamwenge District,HC III,0.211234,30.5374,15592,71481
aHymzNthjdX,Kiyagara HC II,Tooro,Kamwenge District,HC III,0.330289,30.497069,16439,71485
r4O4WMmqbS8,Ahumuza Winnie Consultants Clinic,Tooro,Kamwenge District,Clinic,0.260908,30.447303,15297,64367
UYH1MU9iHfL,St. Luke Medical Centre,Tooro,Kamwenge District,HC II,0.324201,30.44872,21038,61253
qMBXDpWSarC,Kyabenda HC III,Tooro,Kamwenge District,HC III,0.326372,30.44042,21607,59208
NCT8AArYeIp,Rugonjo Medical Centre HC II,Tooro,Kamwenge District,HC II,0.356439,30.426311,20852,54241
NTdFPOv8naB,Kiziba (Kamwenge) HC II,Tooro,Kamwenge District,HC II,0.253035,30.41461,12639,57097
HVF7bUyK9Oq,Nkongoro HC II,Tooro,Kamwenge District,HC II,0.172647,30.371015,12688,55978
mMZZQTjDPfj,Kimulikidongo HC II,Tooro,Kamwenge District,HC II,0.165541,30.481211,25712,81334
XuummkDfiEK,Padre Pio HC III,Tooro,Kamwenge District,HC IV,0.189765,30.455029,26482,75681
ACckadqFYV7,Kamwenge HC III,Tooro,Kamwenge District,HC III,0.180199,30.448362,26377,76528
Ad2soe0ZZLP,Kamwenge Medical Centre HC II,Tooro,Kamwenge District,HC II,0.183195,30.45345,26359,77164
KGqGBYXgnr0,Kamwenge Medical Clinic HC II,Tooro,Kamwenge District,HC II,0.180761,30.452627,26389,77560
Ys3uzgCoXf7,Bamwe Clinic,Tooro,Kamwenge District,HC II,0.232063,30.652776,14269,52083
fmOyV8pzi6m,Bisozi HC IV,Tooro,Kamwenge District,HC IV,0.285533,30.586517,16057,68453
MK4oguCqbYM,Bond Together Medical Centre HC II,Tooro,Kamwenge District,HC II,0.284962,30.567583,18260,62145
LsWyXw1R4V0,Mabale NGO HC II,Tooro,Kamwenge District,HC II,0.286228,30.56285,18583,61321
N0Qjh6Gg0iZ,Mahani HC II,Tooro,Kamwenge District,HC II,0.330244,30.696939,29156,92031
OA8BVTP9las,Mahega HC II,Tooro,Kamwenge District,HC II,0.293357,30.710024,21354,77461
JLLiG0uxMo2,Ntenungi HC II,Tooro,Kamwenge District,HC II,0.287305,30.659169,21185,78243
CK8TCNDBPNc,Rwamwanja HC III,Tooro,Kamwenge District,HC IV,0.340473,30.652545,32632,85916
IuEvYABA8eB,Kyempango HC III,Tooro,Kamwenge District,HC III,0.283908,30.680008,22393,74697
vzuVR6XQEFr,Kikurura HC III,Tooro,Kamwenge District,HC III,0.244681,30.679293,15026,56980
HXap310Pwnz,Rukunyu Hospital,Tooro,Kamwenge District,General Hospital,0.25816,30.449204,15326,65563
xvDC7X4Fs6o,Kibirizi HC II,Tooro,Kasese District,HC II,0.313848,30.08078,18412,83084
UUw0XSNRQqu,Kisamba HC II,Tooro,Kasese District,HC II,0.29954,30.067542,17073,80012
aSwcfLNBhx2,Maghoma HC II,Tooro,Kasese District,HC II,0.29318,30.084035,19783,90622
IB67tAj9WAO,Nyangonge HC II,Tooro,Kasese District,HC II,0.261103,30.065036,21453,120737
aDXqJo50tE6,Katooke HC II,Tooro,Kasese District,HC II,0.267559,30.096428,30439,114107
aKmOqqxiDuQ,Bugoye HC III,Tooro,Kasese District,HC III,0.301658,30.098497,20133,95543
NnsD6CDsZKx,Buhuhira HC II,Tooro,Kasese District,HC III,0.384475,30.125279,39342,118742
o4cJYAKyDZ7,Bughendero HCII,Tooro,Kasese District,HC II,0.396167,30.105916,36094,106222
atf1FkRg80J,Kilembe HC II,Tooro,Kasese District,HC II,0.198577,30.012532,31311,157447
fq4icBr2Q9P,Kilembe Mines Hospital,Tooro,Kasese District,General Hospital,0.194263,30.014284,33294,158649
NIY73zF93pM,Nyakimasa HC II,Tooro,Kasese District,HC III,0.053984,29.761121,110361,167392
QFbqwuBJ6kK,Bwesumbu HC II,Tooro,Kasese District,HC III,0.435766,30.137642,35495,134716
iJYEAsvfKhf,Kasangali HC II,Tooro,Kasese District,HC II,0.469728,30.12045,20676,120368
uP6aB3kBOdH,Kasese Hospital,Tooro,Kasese District,General Hospital,0.171558,30.067023,84859,160882
d8wJvZXLzrK,Afya Kamili HC III,Tooro,Kasese District,HC III,0.175544,30.077852,84849,160447
aMrVtjXDAOU,Bishop Masereka Christian Foundation HC IV,Tooro,Kasese District,HC IV,0.174553,30.078645,84525,159888
xrb8YK1knDK,Integreted Medical Services Kasese,Tooro,Kasese District,HC II,0.178134,30.079457,85374,160849
bvqfuXEH13c,Kasese Community Health Center HC III,Tooro,Kasese District,HC III,0.174553,30.078645,84525,159888
xjlzfFpQMEP,Kasese Police HC II,Tooro,Kasese District,HC II,0.181015,30.075256,86384,162568
c39yKQqyCK3,Katodoba UMSC HC III,Tooro,Kasese District,HC III,0.175227,30.076924000000002,84869,160555
aGxRIz1sJ3d,Kirembe HC II,Tooro,Kasese District,HC II,0.137548,30.044311,36950,138336
OMTL4FcwFul,Mt. Rwenzori MC HC III (Central Division),Tooro,Kasese District,HC III,0.175937,30.082963,84461,159105
hd8ZVWcybiP,Mubuku Clinic HC II,Tooro,Kasese District,HC II,0.176785,30.076375,85286,161168
J2rJdLgHbr5,Railway HC II,Tooro,Kasese District,HC III,0.155146,30.076994,75391,148904
ZhSuvqvWUin,St. Paul (Kasese) Hospital,Tooro,Kasese District,General Hospital,0.168803,30.074211,83356,158712
a2qHaeZjibn,Hiima Uci HC IV,Tooro,Kasese District,HC IV,0.29593,30.179062,27159,86736
D76MlGzidHn,Hima HC III,Tooro,Kasese District,HC III,0.299896,30.180541,26903,88356
FAjgEVpPiLO,Hima Star HC II,Tooro,Kasese District,HC II,0.297598,30.180074,27002,87152
lpNOI5JV4px,Kyanya SDA HC II,Tooro,Kasese District,HC II,0.33528,30.076181,18503,79396
MfrOih2CtcR,Rwenzori Mt. Services HC III,Tooro,Kasese District,HC III,0.330928,30.073615,18237,77397
fr6GkKfY2W7,Bikone HC II,Tooro,Kasese District,HC II,0.353834,30.072138,19273,82525
iac3b9RR3Qr,Ibanda (Bugoye) HC II,Tooro,Kasese District,HC II,0.32824,30.079007,18570,81192
at2r5D5668l,Buhungamuyagha HC II,Tooro,Kasese District,HC II,0.070576,29.758886,83798,159785
q4C8iOvwk7A,Ihandiro HC III,Tooro,Kasese District,HC III,0.089062,29.780877,34564,169247
edthEPGV3v4,Kikyo HC II,Tooro,Kasese District,HC II,0.082233,29.763943,51266,160079
jUKfBoACXvI,Bubothyo HC II,Tooro,Kasese District,HC II,0.062435,29.773658,80081,178535
DWFZOBH1pRV,Kyempara HC II,Tooro,Kasese District,HC III,2.45e-4,29.748002,63299,152133
d8PB5YdEJ4P,Kamukumbi HC II,Tooro,Kasese District,HC II,0.010612,29.742851,84971,147696
sVrJn8E1ypr,Kabatunda HC III,Tooro,Kasese District,HC III,0.425466,30.152734,41776,145880
j3kOByZMdZu,Kahokya HC II,Tooro,Kasese District,HC II,0.057814,29.957605,11563,71073
a8xSlfCfK8l,Karambi (Kasese) HC III,Tooro,Kasese District,HC III,0.062645,29.740919,92160,147753
arteeRlvbh7,Kisolholho HC II,Tooro,Kasese District,HC II,0.076937,29.737113,62267,143185
a3m0qvTckjd,Bikunya HC II,Tooro,Kasese District,HC II,0.073588,29.751393,78100,153332
XVWLWELsXtq,Kamasasa HC II,Tooro,Kasese District,HC II,0.051307,29.729979,91270,140761
XOOHZdLmPvN,Karusandara HC III,Tooro,Kasese District,HC III,0.212732,30.189934,10081,74637
aXspFLZSsut,Kanamba HC III,Tooro,Kasese District,HC III,0.225929,30.195477,8876,75297
n5XFXJQhdtb,Katwe (Kabatoro) HC III,Tooro,Kasese District,HC III,-0.140207,29.871274,13071,33096
dUTmAyJW63T,Kalibu HC III,Tooro,Kasese District,HC III,0.184039,29.995947,33463,142382
YGIoDeKaKA5,Kinyamaseke HC III,Tooro,Kasese District,HC III,0.002684,29.834538,41442,151200
svmZ7QK3nod,Kiburara HC II,Tooro,Kasese District,HC II,0.009936,29.895545,17538,96129
rjoadwzC16r,Give A Goat Africa HC III,Tooro,Kasese District,HC III,0.041253,29.903408,33308,102880
ddyKbsaL8AT,Kalingwe HC II,Tooro,Kasese District,HC II,0.092974,29.876803,39437,103324
fIF70rtNGDv,Nyabirongo HC IV,Tooro,Kasese District,HC IV,0.071067,29.885868,43160,105970
KhvLQSeeHZM,Kagando Hospital,Tooro,Kasese District,General Hospital,0.062141,29.897528,39569,102151
Qh9kLj8ETu6,St. Francis Of Assis-Kitabu HC III,Tooro,Kasese District,HC III,0.087969,29.974885,15449,79745
aDEsACuMGHZ,Kitholhu HC III,Tooro,Kasese District,HC III,0.091968,29.739339,33772,138354
Ca8lwHLatQa,Kiraro HC II,Tooro,Kasese District,HC II,0.12275,29.755656,17660,89183
hSxonAXpBbW,Kanyatsi HC II,Tooro,Kasese District,HC II,0.104647,29.740444,23282,126176
nBDPw7Qhd7r,Kasese 307 Bde UPDF (Kavera) HC III,Tooro,Kasese District,HC III,0.287038,30.20884,24024,67339
BRH5EkhM62G,Kihyo HC II,Tooro,Kasese District,HC II,0.353855,30.14018,25694,125422
An4WDnoSfY0,Kinyabwamba HC III,Tooro,Kasese District,HC III,0.32805,30.15244,22609,114122
RJ0MvKuvMtv,Ibuga Prison HC II,Tooro,Kasese District,HC II,0.326184,30.251846,11215,74359
uIyvgXNXHmG,Nkoko HC II,Tooro,Kasese District,HC II,0.244179,30.216546,9616,56793
q4GStVhMP0Z,Ibuga Refugee HC II,Tooro,Kasese District,HC II,0.321626,30.217395,20539,85409
OOJMUm6aMR4,Kitswamba HC III,Tooro,Kasese District,HC III,0.368915,30.168923,36212,134966
KSrm1cFNorS,Rwesande HC IV,Tooro,Kasese District,HC IV,0.392476,30.155275,44340,134720
ViVCNsxZYF4,Kabirizi Upper HC II,Tooro,Kasese District,HC II,0.072637,29.920429,33950,91457
MwpYp4lsw9D,Kyarumba Phc HC III,Tooro,Kasese District,HC III,0.126598,29.948268,24653,94850
zRoj2Cm4CHr,Kyarumba HC III,Tooro,Kasese District,HC III,0.125629,29.952828,25660,93350
aDb2aA9qRxt,Kyondo HC III,Tooro,Kasese District,HC III,0.096756,29.930813,28277,95163
WomG78iO5aF,Bwethe HC II,Tooro,Kasese District,HC II,0.128991,29.933092,20907,99379
XdQsGt0TQkA,Mweya HC II,Tooro,Kasese District,HC II,-0.142131,29.915697,9192,23902
PRZ4la65rsi,Busunga HC II,Tooro,Kasese District,HC II,0.003301,29.901849,12815,91978
uiiH4IURTuT,Kabirizi Lower HC II,Tooro,Kasese District,HC II,0.020736,29.932321,9776,72618
V3oWlkpBLx1,Kasenyi HC II,Tooro,Kasese District,HC II,-0.029251,30.143299,1596,5309
bhJFKwRg9fE,Hamukungu HC II,Tooro,Kasese District,HC II,0.014645,30.078935,2142,11312
mL4DefLYo1Z,Buthale HC II,Tooro,Kasese District,HC II,0.155966,29.981566,34236,107694
UshPWo8oKzc,Mahango HC III,Tooro,Kasese District,HC III,0.130212,29.989783,30332,97730
lGAhRBCmDzT,Mukathi HC III,Tooro,Kasese District,HC III,0.328051,30.122665,18324,109922
ajcmYoJ4qIl,Nyangorongo HC II,Tooro,Kasese District,HC II,0.365293,30.118326,29506,112430
dtVDXhCkmL8,Isule HC III,Tooro,Kasese District,HC III,0.360611,30.093147,24425,95928
Nre05wUvCJL,Maliba HC III,Tooro,Kasese District,HC III,0.333722,30.101236,19138,100500
qWz35RRtgYD,Mbunga HC II,Tooro,Kasese District,HC II,0.215807,30.016337,25563,151942
HjhLsl0DHSQ,Mubuku Kisojo HC II,Tooro,Kasese District,HC II,0.281972,30.114587,26690,98721
al3dwgwyMOl,Mubuku Prison HC II,Tooro,Kasese District,HC II,0.254747,30.134335,32566,117923
HLeMhK9q6Wm,Bwera Hospital,Tooro,Kasese District,General Hospital,0.034335,29.766107,106590,176930
DUIjxnnEApZ,Kasanga Phc HC III,Tooro,Kasese District,HC III,0.045484,29.776399,91499,187068
ZfQi879OeAI,Kyambogho Clinic HC III,Tooro,Kasese District,HC III,0.033285,29.752545,111255,161101
x9UQiPG3QAk,Kyambogho SDA Clinic HC III,Tooro,Kasese District,HC III,0.033285,29.752545,111255,161101
XL2ofb3VSUz,MBH Maternity Centre HC III,Tooro,Kasese District,HC III,0.037941,29.762117,111668,172654
JQppJoF6jC0,Mpondwe Moslem HC II,Tooro,Kasese District,HC II,0.034064,29.759395,110950,169627
JbyNRdK814R,Nyabugando HC III,Tooro,Kasese District,HC III,0.028709,29.740287,105496,145839
ytsBUQOxou7,Kibiri HC II,Tooro,Kasese District,HC II,0.110303,30.013848,18063,90619
KIxk9RDic7e,Nyamirami HC IV,Tooro,Kasese District,HC IV,0.093279,30.046129,7296,69233
lqrRTtqKqZn,Kahendero HC II,Tooro,Kasese District,HC II,0.056216,30.051663,4131,22303
KuCGJjeYQS4,Muhokya HC III,Tooro,Kasese District,HC III,0.093568,30.045655,7377,69832
Ka9xJMnirSH,Kabingo (Munkunyu) HC III,Tooro,Kasese District,HC III,-0.004275,29.835519,40473,139611
IcuUef7OC5T,Nyakabingo HC II,Tooro,Kasese District,HC II,0.167906,30.036895,62144,156375
hFgQuKoVTTW,Nyakatonzi HC II,Tooro,Kasese District,HC II,-0.045871,29.833386,28739,84089
Qo6Yl2KCs1f,Nyakatonzi Good Care Samaritan HC II,Tooro,Kasese District,HC II,-0.045135,29.834562,29238,84274
TnvJjgILYIg,Kasese Kayanja HC II Govt,Tooro,Kasese District,HC II,-0.081006,29.763312,4957,37168
QS4gdVLVfuN,Katholhu HC II,Tooro,Kasese District,HC II,-0.013069,29.772616,31177,163475
Kn6t9pxwTTv,Kayanzi HC II,Tooro,Kasese District,HC II,-0.086559,29.763281,4749,33701
adi1kexjGfB,Muhindi HC II,Tooro,Kasese District,HC II,0.045755,29.80917,44935,217738
X3ZIaE3ccDb,Mushenene HC III,Tooro,Kasese District,HC III,0.01358,29.796065,64365,190414
uAxurqxWYAe,Bukangara HC II,Tooro,Kasese District,HC II,-0.004492,29.81365,39185,161624
aW8cWfpUrpF,Prime Medical Centre HC III,Tooro,Kasese District,HC III,0.176906,30.08482,84561,158900
rUHkBmAX6tC,Alleluah Med. Centre HC III,Tooro,Kasese District,HC III,0.177211,30.090089,84167,157188
ZRSlOJrc5pi,Jaca Medical Centre HC III,Tooro,Kasese District,HC III,0.174746,30.083516,84068,158500
XI4OsjZYmtZ,Kasese Municipal Council HC III,Tooro,Kasese District,HC III,0.180458,30.078296,86067,161850
PryeJSoBxSs,Kyemihoko HC II,Tooro,Kasese District,HC II,0.258102,30.109203,35304,129650
B8NYlYZSA5v,Miriam Medical Centre HC III,Tooro,Kasese District,HC III,0.188423,30.091425,86335,161065
zQnrgvCtwnk,Mt. Rwenzori MC HC III (Nyamwamba Division),Tooro,Kasese District,HC III,0.175937,30.082963,84461,159105
VpPU5Bhp3Nj,Mubuku Irrigation HC II,Tooro,Kasese District,HC II,0.233055,30.118139,37833,153533
FMuDvIgW0wX,Paper Fig Foundation HC II,Tooro,Kasese District,HC II,0.206789,30.06802,75328,165306
ba1LabtE1fG,Rukoki GH,Tooro,Kasese District,General Hospital,0.205356,30.107571,70662,157584
EBSCVsdna0I,Saluti HC II,Tooro,Kasese District,HC II,0.179903,30.092107,84660,157595
s4FnxCrzMw6,St. Elizabeth HC III,Tooro,Kasese District,HC III,0.178002,30.082468,85091,159963
ZvInvD1GJbd,Kigoro/Kasika HC II,Tooro,Kasese District,HC II,0.234103,30.082377,39603,159242
htLnaavddQm,Bughalitsa HC II,Tooro,Kasese District,HC II,0.22847,30.031133,25288,155467
PO2hM0JUIn2,Buhaghura HC III,Tooro,Kasese District,HC III,0.228108,30.057703,31040,161647
j0fVmfuLbTi,St. Benadate Medical Centre,Tooro,Kitagwenda District,HC II,-0.034341000000000003,30.379793,29484,112318
anKAwt0gvmv,St. Mary Beatrace Medical Centre,Tooro,Kitagwenda District,HC II,-0.081849,30.36302,31503,106550
aklMmjueboD,Buhanda HC II,Tooro,Kitagwenda District,HC II,-0.064362,30.357549,31844,110217
PgnmZSSRbeL,Bukurungu HC II,Tooro,Kitagwenda District,HC II,-0.002109,30.302988,15616,77914
PjSakZGVHq5,Kicheche HC III,Tooro,Kitagwenda District,HC III,-0.095191,30.397769,29407,113008
FqfdpxkryfU,Kitagwenda Medical Centre,Tooro,Kitagwenda District,HC II,-0.09697,30.395944,29453,112253
xNphiHRcbCC,Kakasi HC II,Tooro,Kitagwenda District,HC II,-0.093245,30.330918,27488,98794
dim1yW6CLFU,Kakasi COU HC III,Tooro,Kitagwenda District,HC III,-0.100302,30.349549,26897,98910
i3bG7edqA5u,Kihumuro People's  Clinic,Tooro,Kitagwenda District,HC II,-0.099217,30.351802,27556,99748
btYQmvsgNkg,Kanara HC III,Tooro,Kitagwenda District,HC III,0.13196,30.381303,14738,70550
QC60UrkOD77,Lord's  Health Care Centre,Tooro,Kitagwenda District,HC II,0.005237,30.364648,30313,98407
m4v0O9ZQkak,Ntara Health Care Clinic,Tooro,Kitagwenda District,HC II,0.005237,30.364648,30313,98407
w73evLideQA,Ntara HC IV,Tooro,Kitagwenda District,HC IV,-0.001582,30.36165,30364,100251
ytXydLyucAl,Kyendangara Medical Centre,Tooro,Kitagwenda District,HC II,-0.104014,30.245631,15426,56679
S1tbgD2FoFD,Mahyoro HC III,Tooro,Kitagwenda District,HC III,-0.057023,30.257515,20645,56767
lK0TFtkF1iX,Good Hope NGO HC II,Tooro,Kitagwenda District,HC II,-0.056724,30.262393,22122,60015
yVYFwnN6Cnd,Abednego Medical Centre HC II,Tooro,Kitagwenda District,HC II,0.083031,30.42182,23932,90229
AtuoeL877RI,Nganiko Medical Centre HC II,Tooro,Kitagwenda District,HC II,0.047214,30.417322,25446,101665
aVLWD9zrowf,Nyabbani HC III,Tooro,Kitagwenda District,HC III,0.08915,30.398235,23166,82969
XuyO4YTaFOG,Rwenjaza HC II,Tooro,Kitagwenda District,HC II,0.124749,30.451682,20541,88883
SpjkBGXlDXd,Bugogo HC II,Tooro,Kyegegwa District,HC II,0.591716,31.207184,22921,74257
qyKtNN6rJVc,God's  Will Clinic HC II,Tooro,Kyegegwa District,HC II,0.621112,31.168027,18741,70131
a1H4RSyoXOj,Hapuuyo HC III,Tooro,Kyegegwa District,HC III,0.597931,31.066529,20336,69059
qSOGQ4OKB4V,St. Rapheal Clinic HC II,Tooro,Kyegegwa District,HC II,0.652443,31.147638,16284,62704
Fz5Ar828O0m,Wekomiire St. Thereza HC III,Tooro,Kyegegwa District,HC III,0.462232,31.041717,30680,95886
gsVKCXIlrRv,Unity Clinic,Tooro,Kyegegwa District,Clinic,2.317754,32.686526,25326,82416
spt8LCtDICN,Shash HC II,Tooro,Kyegegwa District,HC II,0.608515,30.954882,14935,74453
tf4YalWcqZK,Source of Life HC II,Tooro,Kyegegwa District,HC II,0.610598,30.955462,15106,73651
CKJ1pbnmJy5,Unity Clinic HC II,Tooro,Kyegegwa District,HC II,0.609665,30.95526,15035,74023
SbeNQXeGDyJ,Kakabara HC III,Tooro,Kyegegwa District,HC III,0.529535,30.955422,24429,79994
eW5633TN0Vm,Kasule HC III,Tooro,Kyegegwa District,HC III,0.52387,31.17423,24010,89919
wjKNsAJhzCF,Community Care Clinic HC II,Tooro,Kyegegwa District,HC II,0.318287,30.852679,21210,72332
ck9FaUIhQAl,Kazinga HC III,Tooro,Kyegegwa District,HC III,0.315902,30.863075,20887,72193
xQaVvNKF90F,Pearl Medical HC II,Tooro,Kyegegwa District,HC II,0.375007,30.874309,23321,92597
QwExpNHuSTt,Byamungu Diagnostic Nursing Home (Rwentuha) HC II,Tooro,Kyegegwa District,HC II,0.319103,30.852184,21358,72557
czyJDi9E4Y4,Kigambo HC III,Tooro,Kyegegwa District,HC III,0.674282,30.967725,20973,61705
frm9FSY7Syf,Bujubuli HC III,Tooro,Kyegegwa District,HC IV,0.35827,31.079737,37259,88770
NmZiWvRQ5nG,Mukondo HC II,Tooro,Kyegegwa District,HC II,0.337804,31.104557,27894,79798
o7YcEcb2B70,St. Thomas Medical Centre HC II,Tooro,Kyegegwa District,HC II,0.494068,31.048693,28274,88824
UYaX8GC650E,Casa Clinic HC II,Tooro,Kyegegwa District,HC II,0.487923,31.040402,28783,90333
xLXQrhFHr7A,Kyegegwa Hospital,Tooro,Kyegegwa District,General Hospital,0.484045,31.053292,29548,89966
ejl0uMalFn1,Migamba HC II,Tooro,Kyegegwa District,HC II,0.444198,30.883416,26449,91060
NPYmw0VgHRv,God Cares Clinic HC II,Tooro,Kyegegwa District,HC II,0.4186,30.871184,25973,93322
HERsSxXclI5,Migongwe HC II,Tooro,Kyegegwa District,HC II,0.548377,30.904145,23162,77208
Benovv4DP4c,Byamungu Diagnostic Nursing Home (Mpara) HC II,Tooro,Kyegegwa District,HC II,0.31908,30.85217,21353,72549
JheC5vPJb62,Mpara Town Medical Clinic HC II,Tooro,Kyegegwa District,HC II,0.377019,30.984271,22215,86456
s97mLA3ZUJN,St. Francis Medical Centre (Mpara) HC II,Tooro,Kyegegwa District,HC II,0.375767,30.983902,22097,86181
wisJV65CjPt,Mpara HC IV,Tooro,Kyegegwa District,HC IV,0.383139,30.984574,22813,87264
VYTPJMKfPsi,Kishagazi HC II,Tooro,Kyegegwa District,HC II,0.284862,31.04907,9724,53998
VBjI4Hefwrl,Allelua G HC II,Tooro,Kyegegwa District,HC II,0.271841,30.933557,14459,52966
aIMGuhKI9Kc,Karwenyi HC III,Tooro,Kyegegwa District,HC III,0.27279,30.934115,14547,53194
zGTxryelOUN,Ruhangire HC II,Tooro,Kyegegwa District,HC II,0.3211,30.919691,18057,73485
gmf45xa8PHw,Kataraza HC III,Tooro,Kyenjojo District,HC III,0.792984,30.832544,14798,69579
wmzTMo2sIKx,Kyakatara HC III,Tooro,Kyenjojo District,HC III,0.663344,30.429244,18565,73961
ajogQebjO0O,Mabale Tea Factory HC II,Tooro,Kyenjojo District,HC II,0.715518,30.461129,16708,69270
Q4awDHvi4b6,Munobwa-Hiima Tea Factory HC II,Tooro,Kyenjojo District,HC II,0.669397,30.42169,19007,74446
yWHTUO9adBP,Kagorogoro Dispensary HC II,Tooro,Kyenjojo District,HC II,0.672753,30.443352,19929,74190
a8ld81vad1S,Emmanuel Health Care Clinic HC II,Tooro,Kyenjojo District,HC II,0.644828,30.578777,21621,91782
aLF9fK0AtT7,Hope Again Medical Centre HC III,Tooro,Kyenjojo District,HC III,0.641595,30.575288,22092,92056
aYcV6yUPUF5,Villa Maria (Kaihura) HC II,Tooro,Kyenjojo District,HC II,0.642974,30.5845,20930,91253
Xdt1jdUOQm2,St. Adolf HC II,Tooro,Kyenjojo District,HC II,0.637326,30.534829,23747,83605
XRMXI2fhgoK,Butiiti HC III,Tooro,Kyenjojo District,HC III,0.652495,30.53222,23091,83010
sLg8XDLt89n,Butunduzi HC III,Tooro,Kyenjojo District,HC III,0.490508,30.837564,19802,84949
Px1ZyylviYI,St. Theresa Lisieux Rwibaale GH,Tooro,Kyenjojo District,General Hospital,0.558296,30.849421,19073,70353
PO3ArP7dZly,Myeri HC III,Tooro,Kyenjojo District,HC III,0.680894,30.703339,18977,75909
tFLhnRhIFUp,Kigumba Tea Factory HC II,Tooro,Kyenjojo District,HC II,0.677437,30.639449,18739,85945
ounetWmXUdw,Katooke HC III,Tooro,Kyenjojo District,HC III,0.741836,30.692408,22602,81418
sUuGsTZpCxT,Katooke Health Clinic HC II,Tooro,Kyenjojo District,HC II,0.735973,30.702243,23322,81697
SpyViTSJ4zk,Mukama Asiimwe Clinic HC II,Tooro,Kyenjojo District,HC II,0.737377,30.69926,23119,81607
TpH5i79H6ZJ,Katooke Clinic Centre HC II,Tooro,Kyenjojo District,HC II,0.73648,30.69965,23169,81542
g3vNw9kVF01,Bufunjo Medical Centre HC II,Tooro,Kyenjojo District,HC II,0.730529,30.824953,18783,67132
kp3Qt0wrsJu,St. Klaus HC III,Tooro,Kyenjojo District,HC III,0.737987,30.836673,18123,64918
W4WTbuj52ZD,Bufunjo HC III,Tooro,Kyenjojo District,HC III,0.731849,30.833999,18209,65591
YNwbgYdigm5,Kigaraale HC III,Tooro,Kyenjojo District,HC III,0.482846,30.605707,11874,50796
n7n89BxSgia,Kigoyera HC II,Tooro,Kyenjojo District,HC III,0.86318,30.530136,21474,67113
lAp1gLzugAb,Kyankaramata HC III,Tooro,Kyenjojo District,HC III,0.62821,30.782851,11160,59424
a2LroN27znu,Rwaitengya HC II,Tooro,Kyenjojo District,HC III,0.486363,30.685844,12699,60638
Xvlhtzq0LcX,Kisojo HC III,Tooro,Kyenjojo District,HC III,0.532648,30.726435,15009,61602
Ry3gGsM5ShR,Kitembe HC II,Tooro,Kyenjojo District,HC II,0.824066,30.543145,20640,71911
afJ1tepzpak,Mwenge Clinic HC III,Tooro,Kyenjojo District,HC III,0.77674,30.538936,18057,66289
LLjCLRuuOpp,Kyarusozi HC IV,Tooro,Kyenjojo District,HC IV,0.777297,30.561158,19546,69276
RHw7crtljAa,Kyembogo Holy Cross HC III,Tooro,Kyenjojo District,HC III,0.812426,30.574395,21487,71921
oFE3kMPAyJ7,Kasaba Medical Centre Clinic,Tooro,Kyenjojo District,Clinic,0.826721,30.597299,21101,70851
AWVMI80TOmA,St. Peters Medical Centre,Tooro,Kyenjojo District,Clinic,0.613866,30.643996,27832,77952
U7EJdvmBZpv,Doctors Clinic (Kyenjojo) HC II,Tooro,Kyenjojo District,HC II,0.66548,30.50387,21293,82198
DVWgXBCqWXD,Kyenjojo Hospital,Tooro,Kyenjojo District,General Hospital,0.613861,30.640158,27981,78626
aQ7USWbUHsH,Kyenjojo Police HC II,Tooro,Kyenjojo District,HC II,0.612572,30.6428,27870,77877
t1eFyUi3gA7,Mcfarland Memorial Medical Centre HC III,Tooro,Kyenjojo District,HC III,0.601656,30.619113,28470,80268
GTfZ3KEfuFb,Midas Torch HC IV,Tooro,Kyenjojo District,HC IV,0.60708,30.645593,27891,76389
YL64Ck2VvRC,Royal Doctors & Research Clinic HC II,Tooro,Kyenjojo District,HC II,0.613804,30.641231,27933,78416
pEi4KzFW4nv,St. Mary's  Katoosa HC II,Tooro,Kyenjojo District,HC II,0.638081,30.649371,27453,81701
ywL8fPxkbbT,The Potters Clinic HC II,Tooro,Kyenjojo District,HC II,0.612304,30.649351,27828,76848
aKSm5ISfFh7,Mabiira Polycare Clinic,Tooro,Kyenjojo District,Clinic,0.803285,30.746,24665,87626
HEvqMCVc5qD,St. Martins-Mabiira HC III,Tooro,Kyenjojo District,HC III,0.795767,30.747241,24671,87206
OXa6YSwJxEd,Nyankwanzi HC III,Tooro,Kyenjojo District,HC III,0.815455,30.734104,24416,87661
Dakg2qxUXlR,Mbale HC III,Tooro,Kyenjojo District,HC III,0.565314,30.530317,19821,62648
aU6065dnndu,Nyakarongo HC II,Tooro,Kyenjojo District,HC III,0.600391,30.525733,22468,75881
eOkoXVVoloS,St. Edwards (Kyenjojo) HC II,Tooro,Kyenjojo District,HC II,0.54205,30.64148,12273,64944
F2JcZqU3iQD,Nyamabuga HC III,Tooro,Kyenjojo District,HC III,0.708857,30.512412,17177,73675
SlTy2tz2HVD,Bweramule HC III,Tooro,Ntoroko District,HC III,0.969055,30.214273,1622,9157
tS7W7E9zJq3,Rwangara HC III,Tooro,Ntoroko District,HC III,1.124043,30.46867,5741,12049
KPdYR8oFFSw,Ntoroko HC III,Tooro,Ntoroko District,HC III,1.043726,30.530938,15078,35700
aHL2NoEwlHh,Stella Maris Ntoroko HC III,Tooro,Ntoroko District,HC III,1.049206,30.53471,14373,34881
afwQY9JMGN4,Ntoroko Medical Centre HC III,Tooro,Ntoroko District,HC III,0.788126,30.225953,23783,69361
A6P3WOAXDru,Karugutu HC IV,Tooro,Ntoroko District,HC IV,0.79191,30.22713,23123,66651
Oluz9KryEyt,Bimc HC II,Tooro,Ntoroko District,HC II,0.789625,30.227422,23368,68038
twhZX5lqQqe,Musandama HC II,Tooro,Ntoroko District,HC II,0.739708,30.196045,24278,115926
wVQqiOrorr6,Rwebisengo HC IV,Tooro,Ntoroko District,HC IV,1.05694,30.272895,5996,11559
fsf02ePFxZP,Rwebisengo Maternal Child Center (Rmcc) HC II,Tooro,Ntoroko District,HC II,1.044557,30.269942,5165,10890
NLHu9YS4pW3,Divine HC II,Tooro,Ntoroko District,HC II,1.045572,30.270235,5224,10945
nluAOPgAJfN,Discovery Medical Center,West Nile,Adjumani District,HC II,3.376201,31.790506,57965,97841
hvtKTUxWNrt,Adjumani Hospital,West Nile,Adjumani District,General Hospital,3.375206,31.793414,58456,98206
aoqEF4fUP18,Adjumani Mission HC III,West Nile,Adjumani District,HC III,3.376785,31.781813,56822,97094
mZWFol2c0sc,Adjumani Police HC II,West Nile,Adjumani District,HC II,3.379369,31.792768,57224,97009
ulySYf4TNaX,Anzoa Medical Bureau HC III,West Nile,Adjumani District,HC III,3.380414,31.789321,56600,96566
D0UZnEzE4Am,Kristo Medical and Diagnostic Centre Adjumani,West Nile,Adjumani District,HC II,3.378186,31.79291,57589,97355
cA5gjRGc1aF,St. Joseph's  Clinic Adjumani,West Nile,Adjumani District,HC II,3.378109,31.789565,57333,97260
TPbpO1shn32,Victoria Medical Clinic,West Nile,Adjumani District,HC II,3.384551,31.791501,55308,95333
wns9cdnRqOs,Viena Medical Centre Adjumani,West Nile,Adjumani District,HC II,3.379704,31.790364,56920,96826
SydoosT4IoO,Openzinzi HC III,West Nile,Adjumani District,HC III,3.335754,31.751337,24853,95335
xjvcw4ygnRy,Obilokongo HC II,West Nile,Adjumani District,HC II,3.264697,31.728185,7846,31254
UTC3IbJUl4K,Adjumani Prisons HC II,West Nile,Adjumani District,HC II,3.333565,31.746943,21542,93772
yWr81raAy6g,Ogolo HC II,West Nile,Adjumani District,HC II,3.552023,31.984918,5173,20313
N5esn50m6Il,Arinyapi HC III,West Nile,Adjumani District,HC III,3.471248,32.007955,5039,24263
zX0wfeEc8th,Elegu HC II,West Nile,Adjumani District,HC II,3.510806,32.010001,4453,25087
VHssBVWOVqQ,Magburu HC II,West Nile,Adjumani District,HC II,3.367214,31.673155,7548,27395
Ou84k4CKFRi,Opejo HC II,West Nile,Adjumani District,HC II,3.431564,31.684235,4634,21419
a8NfqlGUC18,Agojo HC II,West Nile,Adjumani District,HC II,3.424348,31.72346,5838,57085
Y0XE9vH5Oeg,Ciforo HC III,West Nile,Adjumani District,HC III,3.356026,31.711123,13243,72366
O4KQDQzBA9s,Elema HC II,West Nile,Adjumani District,HC II,3.477747,31.900637,12793,30981
RHkry0Pxk7e,Nyumanzi HC III,West Nile,Adjumani District,HC III,3.45352,31.9461,12057,38122
ngXa86YfOBc,Pagirinya 2 HC III,West Nile,Adjumani District,HC III,3.387818,32.014766,6417,23145
hmL6fXhBwaS,Pagirinya HC III,West Nile,Adjumani District,HC III,3.369677,32.002667,7268,23797
EP9BtvXaTsa,Ajugopi HC II,West Nile,Adjumani District,HC II,3.445677,31.911185,17176,39893
Krxa01FAxdW,Dzaipi HC III,West Nile,Adjumani District,HC III,3.393125,31.955134,11644,41584
UBVFS5BQ6Jx,Aliwara HC II,West Nile,Adjumani District,HC II,3.158023,31.823025,4524,14527
a9ai8OVQ4ET,Mungula HC IV,West Nile,Adjumani District,HC IV,3.189944,31.794854,4765,18604
BAl377s28jZ,Zoka HC II,West Nile,Adjumani District,HC II,3.140301,31.720472,1626,8329
OLccBxRpUXk,Ajeri HC II,West Nile,Adjumani District,HC II,3.173207,31.760114,3732,13626
x14PIFWlmxx,Kureku HC II,West Nile,Adjumani District,HC II,3.308566,31.801848,17405,99434
BSrrPPLiBZo,Ofua (Ofua) HC III,West Nile,Adjumani District,HC III,3.255684,31.785926,10387,34557
GLzzJWQkpk1,Uderu HC II,West Nile,Adjumani District,HC II,3.425457,31.840876,5844,87605
COA705FeCbj,Alere HC II,West Nile,Adjumani District,HC II,3.460085,31.757706,4595,30734
F4phb7m6hiz,Arra HC II,West Nile,Adjumani District,HC II,3.522728,31.801886,9428,23295
qSb1CxxiAGH,Pachara HC II,West Nile,Adjumani District,HC II,3.452305,31.796353,4222,53504
V8su3RPXsiK,Robidire HC III,West Nile,Adjumani District,HC III,3.440735,31.751833,5027,55986
FMgSYqDsfT6,Lewa HC II,West Nile,Adjumani District,HC II,3.294071,31.905182,6333,34821
DID38FOFn2W,Ayilo I HC III,West Nile,Adjumani District,HC III,3.288025,31.942616,5555,21376
OsXGo2furEb,Olia HC II,West Nile,Adjumani District,HC II,3.364908,31.906206,15765,54954
ytpNGyNQyIv,Maryland Kocoa HC III,West Nile,Adjumani District,HC III,3.365362,31.819928,58663,100932
k2QmjF7hYgF,Ayilo II HC II,West Nile,Adjumani District,HC II,3.257384,31.954158,4803,16060
atv0z4e9m8B,Bira HC III,West Nile,Adjumani District,HC III,3.315318,31.872078,11777,59901
LhNgo4n9Wi9,Pakele HC III,West Nile,Adjumani District,HC III,3.356835,31.855281,25412,98840
ERjm7RCCUZG,Maaji C HC II,West Nile,Adjumani District,HC II,3.212367,31.651412,1330,8006
Lq5bORbEZDi,Maaji A HC II,West Nile,Adjumani District,HC II,3.264686,31.614675,1798,13766
Mq6H4E2PlH7,Ukusijoni HC III,West Nile,Adjumani District,HC III,3.28179,31.683882,3560,23395
zSzd5o81wtt,Maaji B HC II,West Nile,Adjumani District,HC II,3.247269,31.654167,1746,11149
x1hIfQqbZdF,Ayiri HC III,West Nile,Adjumani District,HC III,3.193251,31.661017,1276,7139
i9Ss18ciDf0,Executive Medical Health Centre II,West Nile,Arua City,HC II,3.005196,30.911379,188263,308283
ANnUPrQGwTy,Life Care Hospital,West Nile,Arua City,General Hospital,3.005768,30.911944,188975,308629
pXcZqab74kh,Marie Stopes Uganda Arua HC II,West Nile,Arua City,HC II,3.024273,30.909576,197000,320386
at7TFoSqMKi,Masjid Noor HC III,West Nile,Arua City,HC III,3.036499,30.913568,189657,329561
MNEyAOnw48J,Memorial Clinic & Medical Diagnostic Laboratory,West Nile,Arua City,Clinic,3.018718,30.914586,196584,316615
YVS15JTYOsK,Nelton Clinic,West Nile,Arua City,Clinic,3.025069,30.908796,196802,320955
pFL4tcF7H7u,Pioneer Hospital,West Nile,Arua City,General Hospital,3.017612,30.914715,196444,315941
z6TMsBir3xW,Premier Medical Clinic,West Nile,Arua City,Clinic,3.023195,30.910623,197056,319678
UkGJSgdIoqH,Reproductive Health Uganda (Arua) HC II,West Nile,Arua City,HC II,3.015259,30.913138,195992,314592
WggT6i6Q5kH,River Oli HC IV,West Nile,Arua City,HC IV,3.030325,30.907059,194351,325244
a8HZJttEnAD,Uganda Military HC II,West Nile,Arua City,HC II,3.017027,30.909318,196606,315655
bqQsImNX0KT,Zam Zam Clinic,West Nile,Arua City,Clinic,3.021529,30.910906,196924,318607
XpJak3aZzRX,AIDS Information Centre (Arua) Special Clinic,West Nile,Arua City,Clinic,3.007204,30.908837,191215,309368
KA7zSU5VV0V,Arua Main Prisons HC III,West Nile,Arua City,HC III,3.017539,30.908104,196555,315924
DaPDIhbB1Cn,Arua Medical and Radiology Centre,West Nile,Arua City,Clinic,3.023218,30.910473,197043,319692
GoUl8ozX4OU,Arua Military HC II,West Nile,Arua City,HC II,3.017027,30.909318,196606,315655
Oib4aFmRmve,Arua Police HC III,West Nile,Arua City,HC III,3.017161,30.911341,196637,315829
COkk5tXY293,Arua Radiology HC II,West Nile,Arua City,HC II,3.023214,30.910437,197038,319689
THGKB3lHEUx,Arua Regional Referral Hospital,West Nile,Arua City,RRH,3.01977,30.912,196802,317443
ehLvmn4LE3z,Companion Clinic,West Nile,Arua City,Clinic,3.024921,30.915087,197440,320495
M4Slun1AWpx,Oreku HC II,West Nile,Arua City,HC II,3.062946,30.928892,127261,329886
H7pcxkjHX8T,Adumi HC IV,West Nile,Arua City,HC IV,3.038492,30.833436,42893,254100
l268ov5GFsR,Aroi HC III,West Nile,Arua City,HC III,3.110663,30.897041,47606,249364
Ae8zVsIuHFC,Ayivuni HC III,West Nile,Arua City,HC III,3.096753,30.826019,38185,135095
sJUxokN1Svo,Ediofe HC III,West Nile,Arua City,HC III,3.012562,30.896127,191141,311122
f4yLtyMDUxW,Giligili Prison HC II,West Nile,Arua City,HC II,2.99716,30.888766,149822,297038
J9mMA1UlERg,Micu HC II,West Nile,Arua City,HC II,3.113412,30.863441,47966,181637
YHVFO0gdcBy,Munguci HC III,West Nile,Arua City,HC III,3.027977,30.913079,196308,323036
rDs6PUlloSm,Muni University Medical HC II,West Nile,Arua City,HC II,2.998118,30.92613,163995,300239
jgS1yAtN6HR,Oje Mission HC III,West Nile,Arua City,HC III,3.049431,30.812021,35200,140339
b8XUrI7irw7,Oluko Solidale HC III,West Nile,Arua City,HC III,3.014734,30.977378,38495,269884
dZRCLuC8sry,Ombidriondrea HC III,West Nile,Arua City,HC III,3.068543,30.965903,51394,283300
aM3UfhNrS2W,Orivu HC III,West Nile,Arua City,HC III,3.027376,30.985864,32213,263928
MHiJvIzpJ05,Pajulu HC III,West Nile,Arua City,HC III,2.99747,30.870984,95796,286907
FrRkgbgnLde,Rhema Hospital,West Nile,Arua City,General Hospital,2.993307,30.913549,158756,299783
h3Vg6HpRGmB,Riki HC III,West Nile,Arua City,HC III,3.019149,31.036609,13930,71409
GXbLbRkXwiG,St. Assumpta HC III,West Nile,Arua City,HC III,3.017819,30.898632,193975,315163
P60kYT5R9o0,Tropical Medical Centre HC II,West Nile,Arua City,HC II,3.039605,30.887963,169074,331579
apgOmUgDNge,Ajia HC III,West Nile,Arua District,HC III,2.916292,31.027038,11543,42366
r8AJDcUr8oO,Ayayia HC II,West Nile,Arua District,HC II,2.974454,31.087227,4304,29674
pFEBNrLpegZ,Bondo Military HC III,West Nile,Arua District,HC III,2.817498,30.989072,17278,54901
aLKBDY8KNaI,Bondo HC III,West Nile,Arua District,HC IV,2.828137,30.995906,17089,53222
FYGQP2EBKuP,Lazebu HC II,West Nile,Arua District,HC II,2.726194,30.928564,14761,56235
wacjVEN6pwD,Logiri HC III,West Nile,Arua District,HC III,2.732731,30.852609,18191,47907
M7xUX14enRA,Anyavu HC II,West Nile,Arua District,HC II,2.674565,30.86062,19052,68660
avzSINkwOx8,Kuluva Hospital,West Nile,Arua District,General Hospital,2.945911,30.933686,36187,188870
EBlM7SeLR4c,Opia HC III,West Nile,Arua District,HC III,2.822106,30.901687,16342,51933
pMSBcFRbW7W,Vurra HC III,West Nile,Arua District,HC III,2.907487,30.88126,19742,73810
gSxv8y8vQ4H,Gborokolongo HC III,West Nile,Koboko District,HC III,3.42925,31.063889,33082,137256
URmGWanfgpn,Dranya HC III,West Nile,Koboko District,HC III,3.367821,30.959675,50476,168281
CyZwgWizfmy,Kuluba HC III,West Nile,Koboko District,HC III,3.505875,30.942302,22818,84775
CwYdhzM9BRY,Pamodo HC III,West Nile,Koboko District,HC III,3.58599,31.012187,10714,47739
mMZD31O698s,Ayipe HC III,West Nile,Koboko District,HC III,3.554429,30.920662,23962,53130
ATo2Nmy2Y1Y,Lurujo HC III,West Nile,Koboko District,HC III,3.358356,31.012765,32209,185867
aileSfY6owN,Pijoke HC III,West Nile,Koboko District,HC III,3.388296,31.091248,34994,139082
cacYqraIAeB,Lobule HC III,West Nile,Koboko District,HC III,3.389489,31.023811,38635,190617
w3iNq6lLoEp,Chakulia HC III,West Nile,Koboko District,HC III,3.59729,31.059942,10137,49596
arcJgFPVh0M,Ludara HC III,West Nile,Koboko District,HC III,3.519181,31.002003,18915,79452
hyhZ0XTCMZI,Bamure HC III,West Nile,Koboko District,HC III,3.493158,31.077651,17076,90348
Nz32J3zs8Cq,Dricile HC III,West Nile,Koboko District,HC III,3.470093,30.97888,34927,154335
krZXXQ5cUvP,Koboko Medical Centre,West Nile,Koboko District,Clinic,3.415655,30.961559,91684,159051
v5lh2VHSAYz,Koboko Army Barracks HC II,West Nile,Koboko District,HC II,3.415144,30.966566,93033,162644
aXGjPN0urzK,Koboko Mission HC III,West Nile,Koboko District,HC III,3.420307,30.955278,89401,153426
KSQ9mCLvRMA,Oraba HC III,West Nile,Koboko District,HC III,3.535949,30.889306,19760,42353
c6COehpSddG,Carlos Medical Centre,West Nile,Koboko District,Clinic,3.411582,30.960726,91404,159352
Mfxa52fh9Fc,Koboko Police Barracks HC II,West Nile,Koboko District,HC II,3.408222,30.959569,91013,159317
A65RNcqCzVl,Pioneer Medical Centre Clinic,West Nile,Koboko District,Clinic,3.406341,30.958105,90452,158621
JAPYJGfV0VY,Koboko Hospital,West Nile,Koboko District,General Hospital,3.409141,30.959704,91067,159189
Sqe5p3lgH0c,Global Clinic,West Nile,Koboko District,Clinic,3.412819,30.959005,90883,157750
YelOAeRskJ0,Rhema Medical Centre Clinic,West Nile,Koboko District,Clinic,2.416644,30.986544,54352,114068
C60vXdHWL6Q,Rhema Medical Centre,West Nile,Koboko District,Clinic,3.4118,30.958092,90582,157296
FKuNaclJDeD,Anyiribu PNFP HC III,West Nile,Madi-Okollo District,HC III,2.559921,31.113664,12390,60205
ppjhr0L8daE,Ewanga HC III,West Nile,Madi-Okollo District,HC III,3.177602,31.464883,8361,34409
cP60sZpyWCs,Odraka HC II,West Nile,Madi-Okollo District,HC II,2.832807,31.122005,2972,15574
amS3L4P6obf,Inde HC III,West Nile,Madi-Okollo District,HC III,2.882218,31.213443,3887,15377
gkUm0zE8vDx,Offaka HC III,West Nile,Madi-Okollo District,HC III,2.636746,31.029955,13367,35131
avy7joRGT2x,Ogoko HC II,West Nile,Madi-Okollo District,HC II,2.914504,31.333607,3417,21194
a9YZv6zCYxO,Oyima HC III,West Nile,Madi-Okollo District,HC III,2.683818,31.247132,1702,11677
J030lvmEXQ2,Akino HC II,West Nile,Madi-Okollo District,HC II,2.731202,31.187148,3780,13659
gR6hAZ1p9oi,Okollo HC III,West Nile,Madi-Okollo District,HC III,2.655242,31.147516,7679,19854
b583xiTbJgi,Pawor HC III,West Nile,Madi-Okollo District,HC III,2.795322,31.338066,7849,23974
rwogm4xx92W,Gbulukuatuni HC II,West Nile,Madi-Okollo District,HC II,3.004767,31.221553,10627,29709
ccY5TpGvBqo,Rhino Camp HC IV,West Nile,Madi-Okollo District,HC IV,2.97304,31.39733,8223,22420
IuVsQCPk19T,Olujobo HC III,West Nile,Madi-Okollo District,HC III,3.070753,31.405644,13165,32075
f2Whd5ubYn8,Olivu HC II,West Nile,Madi-Okollo District,HC II,3.017258,31.406621,11279,28365
PJAn1P5SMrd,Ocea HC II,West Nile,Madi-Okollo District,HC II,3.073658,31.282193,8162,28703
H5qRrAmreYp,St. Luke Katiyi HC III,West Nile,Madi-Okollo District,HC III,2.756158,31.06519,8968,30267
kgOqliqXue5,St. Jude Uleppi HC II,West Nile,Madi-Okollo District,HC II,2.786077,31.029477,13295,40594
MSs48kYSaCz,Uleppi HC III,West Nile,Madi-Okollo District,HC III,2.774642,31.037638,11526,38995
dqVrBFvJg3n,Oluvu HC III,West Nile,Maracha District,HC III,3.197609,30.874019,36658,129300
uqk1XgbxpCg,Yivu Abea HC III,West Nile,Maracha District,HC III,3.2408960000000002,30.975813,42802,156263
hmtamfsQMPU,Curube HC III,West Nile,Maracha District,HC III,3.130825,30.923691,42737,183313
x4EXo9kapwP,Liko HC II,West Nile,Maracha District,HC III,3.286669,30.887969,30076,99334
ubW4E9HsKKB,Maracha HC IV,West Nile,Maracha District,HC IV,3.276043,30.952657,40372,146190
acTilIN9qRy,Nyadri HC III,West Nile,Maracha District,HC III,3.2129,30.94929,45256,154831
arpYxB8jsNy,St. Josephs Maracha Hospital,West Nile,Maracha District,General Hospital,3.236245,30.921588,43791,149459
o5I1o1YMVxP,Eliofe HC III,West Nile,Maracha District,HC III,3.147103,30.840811,35215,120041
iIrDj4WIA6O,Kijomoro HC III,West Nile,Maracha District,HC III,3.16737,30.911574,38317,164306
bq8JZONb0MA,Oleba HC III,West Nile,Maracha District,HC III,3.297588,30.928049,36024,121948
S26rammWZ0Y,Kamaka HC III,West Nile,Maracha District,HC III,3.244151,30.859073,26181,96185
NzNtDRq3o75,Ovujo HC III,West Nile,Maracha District,HC III,3.228055,30.912047,41852,146905
oexw63IOiAD,Ajikoro HC III,West Nile,Maracha District,HC III,3.336347,30.914749,26412,108886
UM89r9fnGi3,O'Dupiri HC II,West Nile,Maracha District,HC III,3.287079,31.059582,38381,134756
uVzb26lWq53,Tara HC III,West Nile,Maracha District,HC III,3.309816,31.033589,33151,135571
OCCcAD4aYgs,Wadra HC III,West Nile,Maracha District,HC III,3.25746,31.007794,38709,150295
EYFKJlJa6Mp,Loinya HC III,West Nile,Maracha District,HC III,3.289196,30.980041,35198,143005
slmQFUjMcfA,Amanipi HC II,West Nile,Maracha District,HC II,3.311214,30.980058,29246,141048
N84R8qFmHNF,Ramogi HC II,West Nile,Moyo District,HC II,3.645984,31.748637,22673,43107
WHVbek1utH5,Lama HC III,West Nile,Moyo District,HC III,3.613527,31.746918,11022,42898
MbcT4a29kOV,Opiro HC II,West Nile,Moyo District,HC II,3.669935,31.740535,21927,43465
lj4kXX1WxcL,Paanjala HC II,West Nile,Moyo District,HC II,3.566803,31.950461,4911,16011
n9CWDh0DfU7,Arra (Moyo) HC II,West Nile,Moyo District,HC II,3.61376,31.91033,4364,16283
Dpv2z5tBsQK,Dufile HC III,West Nile,Moyo District,HC III,3.569074,31.924325,4847,18251
biQmsTGoRmT,Gbalala HC II,West Nile,Moyo District,HC II,3.556382,31.777462,7998,25445
yGBkMoiQXWX,Panyanga HC II,West Nile,Moyo District,HC II,3.569316,31.88709,5068,25156
X00gYQ3tjMD,Laropi HC III,West Nile,Moyo District,HC III,3.574889,31.83081,10342,29357
RrrjJE4SdLj,Munu HC II,West Nile,Moyo District,HC II,3.560496,31.583299,5826,18766
aFLv0Mbd84E,Gwere HC II,West Nile,Moyo District,HC II,3.584461,31.556192,8171,24383
btRLfMJVynr,Cohwe HC II,West Nile,Moyo District,HC II,3.586884,31.614757,7534,16896
Lw8YR0FJdCr,Lefori HC III,West Nile,Moyo District,HC III,3.584737,31.58389,7875,20170
LxIzdSisWRN,Gbari HC III,West Nile,Moyo District,HC III,3.779164,31.807761,2183,7720
VZjIOTAddHZ,Goopi HC II,West Nile,Moyo District,HC II,3.697788,31.771484,8361,41376
FyN79so0muD,Kweyo HC II,West Nile,Moyo District,HC II,3.711035,31.787047,6465,34099
aoYoN1wkWDw,Metu HC III,West Nile,Moyo District,HC III,3.668143,31.791812,13909,41943
MQ5ynJIzkbh,Fr. Bilbao HC III,West Nile,Moyo District,HC III,3.671864,31.789153,13353,41964
jV5UvqIn4DU,Erepi HC II,West Nile,Moyo District,HC II,3.651719,31.765409,22794,43592
FQETWwqB2VJ,Eria HC III,West Nile,Moyo District,HC III,3.631161,31.656745,4254,34016
gJJhhRiJvSi,Logoba HC III,West Nile,Moyo District,HC III,3.684452,31.700301,14810,34666
EZA6XG2Eqra,Moyo Mission HC IV,West Nile,Moyo District,HC IV,3.65725,31.713163,21027,38718
iNLsVN6SOQg,309 Brigade Military Moyo HC III,West Nile,Moyo District,HC III,3.667496,31.712858,20318,38263
aEvCseBkEDr,Afoji HC II,West Nile,Moyo District,HC II,3.698026,31.683867,5789,28937
HWKAq88M3aX,Moyo Hospital,West Nile,Moyo District,General Hospital,3.6578,31.727922,22072,42068
iEcyFdCOqes,Moyo Police HC II,West Nile,Moyo District,HC II,3.654745,31.720813,21560,40630
dOatQ3gu3nG,Nile Medical Centre Clinic,West Nile,Moyo District,Clinic,3.375818,31.789893,58019,97928
fDG4tav7Yh1,Norvis Medical Centre Clinic,West Nile,Moyo District,Clinic,3.655275,31.722476,21701,40970
rsoaevqYuDJ,St. Dominic Clinic,West Nile,Moyo District,Clinic,3.652895,31.723643,21728,41178
F8yBwdNB8LA,Aim Medical Centre Clinic,West Nile,Moyo District,Clinic,3.65495,31.723545,21777,41185
jLzgzQoTP73,Besia HC III,West Nile,Moyo District,HC III,3.648667,31.718233,21143,40044
r7ps4KEp5W9,Eremi HC III,West Nile,Moyo District,HC III,3.645738,31.811745,13508,40958
cqExOqLOqNY,Ori HC II,West Nile,Moyo District,HC II,3.635757,31.79077,13186,44944
ZubUtSX9erU,Abeso HC II,West Nile,Moyo District,HC II,3.670264,31.869899,3832,22333
EEDxS26updx,Aya HC III,West Nile,Moyo District,HC III,3.673757,31.827427,10012,27196
lbSFdOKlt9g,Showers Foundation Health Centre HC III,West Nile,Nebbi District,HC III,2.47025,31.108585,49091,113507
ZQGEaiVBKkA,Pagwata HC II,West Nile,Nebbi District,HC II,2.302362,31.158992,30123,97048
zJxJF8dOBan,Kituna HC II,West Nile,Nebbi District,HC II,2.309407,31.253883,18611,81477
pkhPSHZSnr3,Akworo HC II,West Nile,Nebbi District,HC III,3.349988,32.469562,1039,5778
gBiYU9OJgsv,Akworo HC III,West Nile,Nebbi District,HC III,2.24383,31.220802,17749,66192
t8rivYmnWIo,Paminya HC III,West Nile,Nebbi District,HC III,2.440133,31.129083,26659,124960
Kv8JwHsq4hU,Nebbi Police Station HC II,West Nile,Nebbi District,HC II,2.478237,31.087833,50349,107698
iEdI13kUo0h,Nebbi Hospital,West Nile,Nebbi District,General Hospital,2.477155,31.085179,49902,108383
X8wfR21inSS,Orussi HC III,West Nile,Nebbi District,HC III,2.324822,31.105754,35543,81213
stZgyEm9xer,Abongo HC II,West Nile,Nebbi District,HC II,2.289139,31.123211,24504,69252
a57EGOXkq38,Erussi HC II,West Nile,Nebbi District,HC II,2.324679,31.10166,34085,78315
T2ENFWE19Bu,Jupanziri HC III,West Nile,Nebbi District,HC III,2.367373,31.060563,17116,96090
F3VE0gdRXu1,Goli HC IV,West Nile,Nebbi District,HC IV,2.388488,31.028415,23079,102288
ON7Uan6hmYG,Jupangira HC II,West Nile,Nebbi District,HC II,2.410566,31.036825,32239,122721
a6UyqE2Tgjx,Kucwiny HC III,West Nile,Nebbi District,HC III,2.546934,31.230383,11873,34870
bBWKdgjioMZ,Kikobe HC II,West Nile,Nebbi District,HC II,2.637378,31.292646,3641,18014
apYhAqPQauy,Pamaka HC II,West Nile,Nebbi District,HC III,2.376972,31.117712,28046,109671
TFZkGWDDyXX,Oweko HC II,West Nile,Nebbi District,HC II,2.42,31.101222,25760,123208
OgnUw0a7ORO,Kalowang HC III,West Nile,Nebbi District,HC III,2.551364,31.049175,11130,67051
TrwFZhU2ntF,Koch HC II,West Nile,Nebbi District,HC II,2.532661,31.13598,17918,83603
K7Do3WBvmLa,Angal Hospital,West Nile,Nebbi District,General Hospital,2.408469,31.193847,25081,86578
g4MQbbN4oR6,Nyaravur HC III,West Nile,Nebbi District,HC III,2.436743,31.2098,23927,73914
eKAZwpYo3r5,Padwot Midyere HC III,West Nile,Nebbi District,HC III,2.510843,31.200178,15189,60040
JNKTABj7P6e,Ossi HC II,West Nile,Nebbi District,HC II,2.364717,31.225712,20856,85937
xYbII9uvF5o,Parombo HC III,West Nile,Nebbi District,HC III,2.300267,31.20266,32133,91558
atvpY5SsE88,Indilinga HC II,West Nile,Obongi District,HC II,3.220037,31.531183,13539,27978
fJv2JKq0AN2,Malanga HC II,West Nile,Obongi District,HC II,3.204273,31.486137,12702,36473
AZRfSZ46cbp,Aliba HC III,West Nile,Obongi District,HC III,3.193599,31.526565,11686,27622
sxlgEAB9P4Q,Lomunga HC II,West Nile,Obongi District,HC II,3.353558,31.558531,1773,8021
uWNqP5eslWZ,Maduga HC II,West Nile,Obongi District,HC II,3.277834,31.551619,5720,19280
nnsjzfriRM4,Liwa HC II,West Nile,Obongi District,HC II,3.253045,31.498487,8415,33579
X5ebRy9YPbR,Itula HC III,West Nile,Obongi District,HC III,3.40631,31.61002,2197,11086
r6rK4PRzzKv,Belameling HC II,West Nile,Obongi District,HC II,3.476317,31.611097,2527,9858
b73ibKZriwG,Belle HC III,West Nile,Obongi District,HC III,3.409759,31.540687,917,6250
PPZBwMBfzri,Idiwa HC III,West Nile,Obongi District,HC III,3.422148,31.567059,1353,6706
FDGxZvsSQrY,Kali HC II,West Nile,Obongi District,HC II,3.471273,31.566838,1184,8061
bqKNwCoEgpx,Luru HC III,West Nile,Obongi District,HC III,3.434834,31.583273,1957,7551
YqG4113ITqB,Palorinya Health Post,West Nile,Obongi District,HC II,3.507051,31.661538,3278,11904
fMi3knJS4IC,Waka HC II,West Nile,Obongi District,HC II,3.389748,31.523041,1113,7130
nrLW9kL9BT2,Obongi HC IV,West Nile,Obongi District,HC IV,3.241445,31.551299,9482,24335
ZxrAPP6eP96,Iboa HC II,West Nile,Obongi District,HC II,3.539736,31.741411,2404,20197
aQnmwOGxGcK,Palorinya HC III,West Nile,Obongi District,HC III,3.485078,31.654848,3756,12296
n1UMkPo5vzH,Ibakwe HC II,West Nile,Obongi District,HC II,3.511123,31.698471,3275,12759
KLEPRYA9Nge,Alwi HC III,West Nile,Pakwach District,HC III,2.463611,31.353929,9109,30583
a4v12JJXmvL,Nyariegi HC II,West Nile,Pakwach District,HC II,2.415185,31.307434,6777,34598
FxbMnY6pZMs,Fualwonga HC II,West Nile,Pakwach District,HC II,2.553269,31.325418,6939,34353
LdgVQTS79eI,Dei HC II,West Nile,Pakwach District,HC II,2.189992,31.279543,10167,34955
QCIc9nkR12h,Mukale HC II,West Nile,Pakwach District,HC II,2.348827,31.40892,8887,27918
S9QduX5GY1K,Panyigoro HC III,West Nile,Pakwach District,HC III,2.385659,31.443453,14435,41303
u07WxpOOqef,Paroketo HC II,West Nile,Pakwach District,HC II,2.447733,31.459921,38233,75173
a1DNpYv02JK,Pakwach Mission HC III,West Nile,Pakwach District,HC III,2.461555,31.488284,43239,70084
IaHYdNY0WWI,Amor HC II,West Nile,Pakwach District,HC II,2.472699,31.507316,37721,64254
aerv5mQOjdW,Noah's  Medical Clinic,West Nile,Pakwach District,Clinic,2.462068,31.497635,40842,67309
R11qcaG5pbk,Pakwach HC IV,West Nile,Pakwach District,HC IV,2.460134,31.503265,38925,65712
YcMgrtcbVpk,Panyimur HC III,West Nile,Pakwach District,HC III,2.249743,31.317061,18019,47894
Ea3Z8ofIGDw,Pakia HC III,West Nile,Pakwach District,HC III,2.522784,31.443619,18937,71004
Ewwd9R5nnVh,Pacego HC II,West Nile,Pakwach District,HC II,2.5028,31.462347,25112,74355
agyqaxyaM8E,Boro HC II,West Nile,Pakwach District,HC II,2.328472,31.363144,7192,25761
aBicVbbaQ8B,Pokwero HC III,West Nile,Pakwach District,HC III,2.555905,31.417726,18634,41592
xR0VrzoNjYi,Ragem Prisons HC II,West Nile,Pakwach District,HC II,2.708391,31.369366,13764,32884
Zp7cZPbKZvL,Ragem HC II,West Nile,Pakwach District,HC II,2.651742,31.393731,6656,33611
J7qBBJtiajQ,Pachora HC II,West Nile,Pakwach District,HC II,2.710283,31.437168,12172,29972
txKvpnoo0Xd,Wadelai HC III,West Nile,Pakwach District,HC III,2.721889,31.392209,17862,32804
KoFsKTrBNe7,Ogua HC II,West Nile,Terego District,HC II,3.141252,31.023579,30257,125566
ATNyHq3aINr,Burua HCII,West Nile,Terego District,HC II,3.184117,31.004477,37085,148008
hz9MxBxLw0r,Kumuyo HC II,West Nile,Terego District,HC II,3.22295,31.016765,36306,156809
v6DcAuQeoeA,Cilio HC III,West Nile,Terego District,HC III,3.197726,31.030887,37002,141853
p5VSwDHxeI1,Tuku HC II,West Nile,Terego District,HC II,3.108831,31.027454,26432,115573
E9FHg5HyYzC,St. Francis (Ocodri) HC III,West Nile,Terego District,HC III,3.073961,31.067074,19490,72056
v2tWEdWlFN8,Nicu HC II,West Nile,Terego District,HC II,3.050644,31.13029,8924,37707
h8cD5a0viO8,Itia HC II,West Nile,Terego District,HC II,3.173237,30.976356,35355,157465
i1htH9vJSlc,Oriajini Hospital,West Nile,Terego District,General Hospital,3.100194,30.967942,45171,199016
DVPFLWaZInR,Wandi HC III,West Nile,Terego District,HC III,3.109704,30.991098,40244,143025
QF2BTAZ1r3Z,Aripea HC III,West Nile,Terego District,HC III,3.173025,31.041071,36265,121080
M1mMjZQziEs,Obofia HC II,West Nile,Terego District,HC II,3.201489,31.085219,33880,115066
W4x9W2Teonj,Ocia HC III,West Nile,Terego District,HC III,3.188601,31.207749,4890,31015
ehmgxZaocae,Omugo HC IV,West Nile,Terego District,HC IV,3.276416,31.114868,32510,120390
khBn8N5fIw8,Ndaapi HC II,West Nile,Terego District,HC II,3.220162,31.152498,17957,76786
F7LKQNLd8M6,Siripi HC III,West Nile,Terego District,HC III,3.161859,31.272591,3206,20887
ipOBsWpJ0U7,Yinga HC III,West Nile,Terego District,HC III,3.260941,31.241943,13420,54510
DDbLsI5S91i,Imvepi HC II,West Nile,Terego District,HC II,3.234165,31.281737,7195,32604
gohwVnGiMuE,Odupi HC III,West Nile,Terego District,HC III,3.296852,31.175973,22630,106320
lh4zqCHzHIM,Otumbari St. Lawrence HC III,West Nile,Terego District,HC III,3.265811,31.148817,25585,98913
r7tydjevuu8,Andelizu HC II,West Nile,Terego District,HC II,3.158339,31.110486,18180,75920
VUB4COm63ZQ,Bileafe HC III,West Nile,Terego District,HC III,3.103399,31.08463,17073,71056
tCyqZmtVPLI,Ofua (Uriama) HC III,West Nile,Terego District,HC III,3.120588,31.158994,5568,34233
adctmXQVM9M,Apo HC III,West Nile,Yumbe District,HC III,3.501025,31.268513,71885,199560
C7aRTKKbxEP,Dramba HC III,West Nile,Yumbe District,HC III,3.320495,31.088598,31057,133082
bG7y4zk3kPI,Pajama HC II,West Nile,Yumbe District,HC II,3.317938,31.065829,31273,131730
Ri4OIko6Faf,Gichara HC II,West Nile,Yumbe District,HC II,3.480949,31.112853,17759,121523
MkD1c6jagfl,Matuma HC III,West Nile,Yumbe District,HC III,3.520456,31.105511,19639,75762
H7B1Pk6eZoE,Tuliki HC II,West Nile,Yumbe District,HC II,3.524772,31.196264,16278,160762
jPxLo6hF2rI,Okubani Health Centre HC III,West Nile,Yumbe District,HC III,3.226237,31.413615,16038,36183
qf3PsPmID7d,Okuyo HC II,West Nile,Yumbe District,HC II,3.309044,31.332305,11327,51425
hcm0msXFRQJ,Ariwa HC III,West Nile,Yumbe District,HC III,3.242601,31.394933,16241,35520
mXVB3V7ft4h,Ayivu Health Centre HC III,West Nile,Yumbe District,HC III,3.247495,31.368187,13653,36998
pTXQvDDIWzP,Ikafe HC II,West Nile,Yumbe District,HC II,3.298538,31.345061,10934,43819
KOEmIGNgghC,Swinga Health Centre HC III,West Nile,Yumbe District,HC III,3.530969,31.373313,20469,94979
e1kEs6glxbT,Barakala HC III,West Nile,Yumbe District,HC III,3.489838,31.338855,38968,147881
X9VdFPaGsLW,Iyete Health Centre HC III,West Nile,Yumbe District,HC III,3.461477,31.362148,30152,117795
BCZsCRvBWTa,Aliapi HC II,West Nile,Yumbe District,HC II,3.425882,31.255788,83637,245586
n5SQNdlBw2w,Mongoyo HC II,West Nile,Yumbe District,HC II,3.346621,31.125796,31044,134718
yMnNUBDNr21,Kei HC III,West Nile,Yumbe District,HC III,3.614475,31.118381,12475,49512
wTVVhT1zOWS,Kerwa HC III,West Nile,Yumbe District,HC III,3.683484,31.291709,17651,54557
KEvML4KzriI,Goboro HC III,West Nile,Yumbe District,HC III,3.636749,31.452858,6604,31951
aBge6oBIpUv,Lopke HC II,West Nile,Yumbe District,HC II,3.552185,31.547263,4950,25893
eagCoWlLIhR,Kochi HC III,West Nile,Yumbe District,HC III,3.562879,31.443493,21010,59106
jiKuvEHVanR,Kulikulinga HC III,West Nile,Yumbe District,HC III,3.343948,31.246999,34661,117800
axmLtifg8dz,Yoyo HC III,West Nile,Yumbe District,HC III,3.388307,31.361784,16293,69359
s4pFdzmNfgg,Luzira Health Centre HC III,West Nile,Yumbe District,HC III,3.395082,31.347667,18107,89053
Vz3PDTnces1,Komgbe Health Centre HC III,West Nile,Yumbe District,HC III,3.394573,31.387608,14845,52727
oI0aTdidBhm,Jomorogo Health Centre HC III,West Nile,Yumbe District,HC III,3.401023,31.328606,21801,119278
iGpx6a24zp9,Kuru Medical Clinic,West Nile,Yumbe District,Clinic,3.43974,31.184799,71984,225767
MUxAV5pwDbk,Yumbe Regional Referral Hospital,West Nile,Yumbe District,RRH,3.439449,31.187653,73824,228131
nKfY0cXcAxt,Lobe HC II,West Nile,Yumbe District,HC II,3.564656,31.124894,22120,61757
P5GTK5hmugt,Lodonga HC IV,West Nile,Yumbe District,HC IV,3.415826,31.117017,38467,152440
Hudt7sgd2Gu,Koro Health Centre HC III,West Nile,Yumbe District,HC III,3.520927,31.334772,28888,119920
Ky0NwC20tvu,Ombachi HC II,West Nile,Yumbe District,HC II,3.526767,31.318943,28595,127259
Wg6ycEfsEjW,Yayari Health Centre HC III,West Nile,Yumbe District,HC III,3.529663,31.352495,21869,102891
A4g2J49bMOr,Alnoor HC II,West Nile,Yumbe District,HC II,3.537018,31.255518,25005,148195
Lcmjm7r98bi,Mocha HC III,West Nile,Yumbe District,HC III,3.573303,31.225682,17123,75062
H8IwuI5HbgB,Midigo HC IV,West Nile,Yumbe District,HC IV,3.610164,31.233728,19628,58115
RnXpcMWI5Zu,Abiriamajo HC II,West Nile,Yumbe District,HC II,3.379967,31.296439,30024,127364
ehEbzOMz7VS,Moli HC II,West Nile,Yumbe District,HC II,3.411779,31.228964,65404,244328
uJsMZskR0yC,Bangatuti Health Centre HC III,West Nile,Yumbe District,HC III,3.372913,31.307898,23653,106612
Ocd7H11HC0z,Yangani Health Centre HC III,West Nile,Yumbe District,HC III,3.33534,31.29858,16224,85656
AvoeVkEx8BO,Bolomoni Health Centre HC III,West Nile,Yumbe District,HC III,3.287311,31.309996,10625,50567
B7dqCVCMV5l,Ambelechu HC II,West Nile,Yumbe District,HC II,3.366659,31.187476,34444,168543
JbCOhUCNMdN,Igamara Health Centre HC III,West Nile,Yumbe District,HC III,3.31145,31.250194,22624,88292
i8bLQB8OE5I,Twajiji Health Centre HC III,West Nile,Yumbe District,HC III,3.458112,31.413787,21187,75718
dHp8jtq8Q6v,Bidibidi Health Centre HC III,West Nile,Yumbe District,HC III,3.487419,31.398765,25685,95274
PCEYU4GNDtV,Locomgbo HC II,West Nile,Yumbe District,HC II,3.484594,31.44427,21981,66218
K30ou0RFGNK,Rhema Medical Clinic,West Nile,Yumbe District,Clinic,3.467043,31.245235,107691,240568
k8HLe4uciRP,Umoja Clinic,West Nile,Yumbe District,Clinic,3.464996,31.247887,108270,241983
Gs4nX12jUeA,Yumbe HC IV,West Nile,Yumbe District,HC IV,3.468734,31.246028,106693,239671
bPlo2inHdcn,Yumbe Medical Clinic,West Nile,Yumbe District,Clinic,3.465726,31.246586,108136,241451
MBn7aFC3OAv,Yumbe Police HC II,West Nile,Yumbe District,HC II,3.469621,31.246205,106192,239146
rCCM3GeRU4G,New Life (Yumbe) Clinic,West Nile,Yumbe District,Clinic,3.464429,31.247936,108466,242292
M85HoV8pnUM,Pakadha HC III,West Nile,Zombo District,HC III,2.392464,30.920134,30719,100919
XikHv88zzDn,Ayaka HC II,West Nile,Zombo District,HC II,2.449967,30.822588,18160,64177
V3MblSOicMQ,Amwonyo HC III,West Nile,Zombo District,HC III,2.470757,30.789041,19954,50784
apEUhKfLxjY,Alangi HC III,West Nile,Zombo District,HC III,2.58395,30.808772,19956,70146
mdd2qwn2jWm,Ther-Uru HC II,West Nile,Zombo District,HC II,2.600466,30.991367,9393,52978
MoaAG8Ngtzz,Atyak HC III,West Nile,Zombo District,HC III,2.653571,30.927049,13710,67944
aTH1dUHop5k,Jangokoro HC III,West Nile,Zombo District,HC III,2.409163,30.895718,30552,99939
aoc8dFcHiqR,Kango HC III,West Nile,Zombo District,HC III,2.644259,30.844964,21353,73251
H5hAGwZHpUb,Holy Family Hospital Nyapea,West Nile,Zombo District,General Hospital,2.461757,30.948452,27139,126754
a8tT39ATFdn,Padea HC II,West Nile,Zombo District,HC II,2.368024,30.905835,22759,62909
eZC9Ddr4KIy,Otheko HC III,West Nile,Zombo District,HC III,2.482745,31.024048,17029,133660
P1F2OCX6d3t,Paidha HC III,West Nile,Zombo District,HC III,2.416301,30.981139,54731,114455
vFo5oNkc7Nn,Agiermach HC III,West Nile,Zombo District,HC III,2.574651,30.86324,24723,98501
Q2JZnH5wQT0,Warr Islamic HC II,West Nile,Zombo District,HC II,2.600001,30.889021,28597,87124
H9PD4tw7GUE,Warr HC IV,West Nile,Zombo District,HC IV,2.597594,30.890031,28785,87854
Wk8yKMCUZOk,Zeu HC III,West Nile,Zombo District,HC III,2.509509,30.80324,21206,69091
tuYjF238GTf,Zumbo HC III,West Nile,Zombo District,HC III,2.509493,30.912001,27258,92108
aDLMbFOe62I,Atyenda HC II,West Nile,Zombo District,HC II,2.492205,30.867371,26053,94075
