facility_code,facility_name,admin1,admin2,facility_type,latitude,longitude,pop_5km,pop_10km
1835,Namatindi Rural Health Centre,Western,Kalabo,Health Centre,-14.44888262,22.76034052,478,1531
1815,Kaluwe Rural Health Centre,Western,Sikongo,Health Centre,-14.501655,22.134218,521,1864
2564,Mankhaka  Health Post,Eastern,Lundazi,Health Post,-12.28888333,33.17441667,35746,65754
4084,Chisu Health Post,Western,Mwandi,Health Post,-17.264517,24.383903,248,934
4157,Chienge District Hospital,Luapula,Chienge,1st Level Hospital,-8.65494,29.16818,11722,25350
1337,Nanzhila Rural Health Centre,Southern,Itezhi-Tezhi,Health Centre,-16.095959,26.08017,408,1749
3467,Lealui Rural Health Centre,Western,Mongu,Health Centre,-15.23853,23.024347,1842,9311
3662,Zubeda Clinic,Lusaka,Kafue,Diagnostic centre,-15.7726,28.18208,41094,64974
1830,Katondo Urban Health Centre,Central,Kabwe,Health Centre,-14.45656559,28.471535,88514,175419
2503,Mutanda Rural Health Centre,North-Western,Kalumbila,Health Centre,-12.422681,26.220345,1365,5378
3283,Hamatuba Health Post,Southern,Gwembe,Health Post,-16.77294134,28.06408955,415,2133
3237,Lumbe Nanyenzu Health Post,Western,Senanga,Health Post,-16.105277,23.298611,13107,21070
1901,Kawaza Rural Health Post,Eastern,Katete,Health Post,-14.256272,32.164201,8283,30653
2817,Katuta Rural Health Centre,Luapula,Mwense,Health Centre,-10.7849,28.5906,498,2051
3240,Choma Health Post,Muchinga,Mafinga,Health Post,-10.3632,33.40582,2554,9267
4020,Mpidi Health Centre,North-Western,Zambezi,Health Centre,-14.159019734304,23.316753999023,1054,5157
4126,Chingola Surgery Limited,Copperbelt,Chingola,General clinic,-12.32313,25.520052,456,2156
1772,Makia Health Post,Western,Sikongo,Health Post,-14.700629,22.368515,416,1546
1805,Lutwi Health Post,Western,Kalabo,Health Post,-14.54194624,22.27855835,296,1199
4225,Multi Care Hospital,Lusaka,Lusaka,1st Level Hospital,-15.4436461,28.315525,507302,1858566
3668,First Fruits Health Centre,Lusaka,Lusaka,General clinic,-15.4556412,28.2919459,574763,1751855
3658,Village of Hope Health Center,Lusaka,Chongwe,General clinic,-15.3149,28.68143,18427,32856
2509,Shilenda Rural Health Centre,North-Western,Kalumbila,Health Centre,-12.392532,25.767549,590,3126
1664,Limulunga Stage II Rural Health Centre,Western,Limulunga,Health Centre,-15.13463,23.14575,13713,26621
2629,Kamitonte Rural Health Centre,North-Western,Solwezi,Health Centre,-12.002304,26.415867,5051,24252
1097,Situlu Health Post,Western,Mwandi,Health Post,-17.276812,25.017909,226,1149
3981,Lubilo Health Post,North-Western,Mufumbwe,Health Post,-13.184307,24.907225,652,2584
2004,Bwanunkha Rural Health Centre,Eastern,Chadiza,Health Centre,-13.934065,32.576443,5601,19040
2566,Shimulala Health Post,Copperbelt,Chingola,Health Post,-12.494461896503,27.810874970703,35657,165508
2403,Tinna Medical Centre,Copperbelt,Kitwe,Health Centre,-12.79542,28.20821,249474,523729
2904,Mushika Health Post,Northern,Lunte,Health Post,-9.960946,30.747583,4980,17192
2557,Konkola Health Post,Copperbelt,Chililabombwe,Health Post,-12.29901243,27.75720412,21062,49362
2893,Kawama Rural Health Centre,Luapula,Mwense,Health Centre,-10.084,28.63336,7564,19623
3481,Lubwa Rural Health Centre,Muchinga,Chinsali,Health Centre,-10.591334,32.006834,5589,25794
2280,Misaka Health Post,Copperbelt,Luanshya,Health Post,-13.029763,28.453016,25008,61404
3092,Fikombo Health Post,Luapula,Chembe,Health Post,-11.911045667437,28.645105057526,4662,21439
3605,Chembe Rural Health Centre,Luapula,Chembe,Health Centre,-11.967709543184,28.745475279713,18373,33827
1281,Hamapande Rural Health Centre,Southern,Monze,Health Centre,-16.30163888,27.12485061,1115,4365
3530,Mayanga Health Post,Northern,Mbala,Health Post,-8.786396,31.390706,7214,43299
4226,City Dental Clinic,Lusaka,Lusaka,General clinic,-15.4067,28.29598,743764,2505271
4317,WHB Medical Centre,Lusaka,Lusaka,General clinic,-15.392212,28.308881,748639,2433967
1817,Kafulamase Health Post,Central,Kabwe,Health Post,-14.484307,28.512841,12590,108132
1447,Lui River Rural Health Centre,Western,Senanga,Health Centre,-15.7598,23.5246,347,1761
3578,Kamisamba Health Post,North-Western,Kabompo,Health Post,-13.989471,23.617306,1060,4766
3148,Miteta Health Post,Copperbelt,Chililabombwe,Health Post,-12.389875,27.763988,5702,63241
1311,Silowana Rural Health Centre,Western,Sioma,Health Centre,-16.195841,23.159877,3326,10880
3865,Twingi Health Post,Luapula,Samfya,Health Post,-11.7484399,29.5073267,1610,6306
1469,Kaanzwa Rural Health centre,Southern,Itezhi-Tezhi,Health Centre,-15.656098,26.107979,1631,5549
3492,Kampinda Rural Health Centre,Northern,Nsama,Health Centre,-8.766667,29.766667,1016,3061
1720,Mwenyi Health Post,Western,Sikongo,Health Post,-14.944999,22.569107,1528,4830
2218,Chondwe Health Post,Copperbelt,Masaiti,Health Post,-13.3096,28.760481,2802,13026
2724,Ndoba Rural Health Center,Luapula,Mansa,Health Centre,-11.2667,29.5236,4360,14205
2896,Kampamba Health Post,Northern,Mungwi,Health Post,-10.022273,31.925295,2469,7503
3635,Mukangala Health Centre,North-Western,Ikelenge,Health Centre,-11.4287,24.3314,1488,4075
3815,Mwaiseni Urban Health Center,Copperbelt,Kitwe,Health Centre,-12.82212,28.24862,205783,504929
3917,Rufunsa Rural Health Center,Lusaka,Rufunsa,Health Centre,-15.3459,29.23904,636,2339
1840,Pollen Urban Health Centre,Central,Kabwe,Health Centre,-14.4412,28.4628,119112,179317
3055,Puta Rural Health Centre,Luapula,Chienge,Health Centre,-8.68798,29.14746,11171,23801
2561,Muchinshi Rural Health Centre,Copperbelt,Chingola,Health Centre,-12.493740468216,27.542937245117,2260,7051
2116,Mfulabunga Rural Health Centre,Copperbelt,Mpongwe,Health Centre,-13.495047,28.032383,4144,17110
3962,Kimikanga Rural Health Center,North-Western,Kalumbila,Health Centre,-12.690429,26.039575,637,2369
2273,Chawama Health Post,Copperbelt,Luanshya,Health Post,-13.048616,28.415878,16910,80323
1737,Mwanawina Rural Health Centre,Western,Limulunga,Health Centre,-14.863283,23.176759,459,2084
4065,Nyambi 2 Rural Health Centre,Western,Luampa,Health Centre,-15.54,24.7282,486,1718
1752,Luoke West Rural Health Centre,Western,Sikongo,Health Centre,-14.800023,22.453162,902,2664
1810,Nyaala Health Post,Western,Mitete,Health Post,-14.526549,23.085825,583,2349
3389,Kamwanya Health Post,Muchinga,Mpika,Health Post,-11.822758,31.466343,42037,73979
1616,Kabeleka Health Post,Lusaka,Chongwe,Health Post,-15.2329,28.3318,4010,70446
3604,Kasomalwela Rural Health Centre,Luapula,Chembe,Health Centre,-11.933406361839,28.917021281242,3597,11421
1823,Chinambi Rural Health Centre,Eastern,Nyimba,Health Centre,-14.4688603,30.6703981,823,2831
1277,Sitoti Rural Health Centre,Western,Sioma,Health Centre,-16.315384,23.269387,6818,22166
2103,Mnoro Rural Health Centre,Eastern,Chipangali,Health Centre,-13.52566768,32.64685486,9801,49472
3929,Movu Health Post,Muchinga,Nakonde,Health Post,-9.28448,32.55526,1905,7994
4188,Chilwa Health Post,Copperbelt,Lufwanyama,Health Post,-13.292242,27.793354,593,2662
3099,KCM Nkana Clinic,Copperbelt,Kitwe,Health Centre,-12.830468,28.210147,212399,536274
3614,Sichilima Health Post,Eastern,Lusangazi,Health Post,-14.075221,31.431835,8179,22813
1596,Human Service Trust Hospice,Lusaka,Chilanga,Health Post,-15.271542,28.111248,3250,15575
1515,Mabua Health Post,Western,Sikongo,Health Post,-15.424428,22.319421,711,2357
2551,Ipafu Rural Health Centre,Copperbelt,Chingola,Health Centre,-12.310501,27.410431,815,3071
3598,Kalasakando Health Post,Luapula,Chembe,Health Post,-11.81806,29.594564,2784,9536
1032,Siawaza Health Post,Southern,Sinazongwe,Health Post,-17.724263,26.939946,3094,9742
3968,Mumbezhi Zambia National Service Rural Health Centre,North-Western,Kalumbila,Health Centre,-13.96572,23.705749,696,3550
4281,Marie Stopes Family Health Centre,Lusaka,Lusaka,General clinic,-15.412045,28.352424,405081,1646067
2543,Lumwana East Rural Health Centre,North-Western,Kalumbila,Health Centre,-12.322024,25.656354,1364,5199
2249,Section 23 Urban Health Centre,Copperbelt,Luanshya,Health Centre,-13.104369,28.325151,19918,55681
1365,Mainza Health Post,Southern,Mazabuka,Health Post,-16.002554,27.607172,7089,16042
4053,Katunda Rural Health Centre,Western,Luampa,Health Centre,-14.8326,24.1803,649,2765
1741,Simaa Health Post,Western,Limulunga,Health Post,-14.853566,23.621625,437,1905
2308,Ndola Girls Health Post,Copperbelt,Ndola,Health Post,-12.973875,28.517707,14036,120607
2662,Kapata Rural Health Center,Luapula,Samfya,Health Centre,-11.6757,29.7068,1508,5600
3425,Nakonde Hospital Affiliated Health Center,Muchinga,Nakonde,Health Centre,-9.35125,32.704282,20453,103164
3464,Kalela health post,Muchinga,Chinsali,Health Post,-9.905446,32.261227,714,2972
2925,Sampa Health Post,Northern,Mungwi,Health Post,-9.797837,31.726568,1990,6785
3100,Chinan Urban Health Centre,Copperbelt,Ndola,Health Centre,-12.968815,28.64669,185591,464824
2145,Mbenjele Health Post,Eastern,Chipangali,Health Post,-13.36671009,32.48235969,2101,8661
1719,N'uma Health Post,Western,Kalabo,Health Post,-14.95324712,22.81407513,533,2175
3596,Ndakala Health Post,Northern,Mungwi,Health Post,-9.674444,31.875321,1711,5842
1704,Kalabo District Hospital,Western,Kalabo,1st Level Hospital,-14.99331544,22.68077004,3047,6975
2302,Masala Main Urban Health Centre,Copperbelt,Ndola,Health Centre,-12.990383,28.639,213245,468326
1194,Lyabangu Health Post,Western,Sioma,Health Post,-16.639403,23.247001,408,1477
4356,Wellspring Specialty Clinic,Lusaka,Lusaka,General clinic,-15.388164,28.318405,694596,2299571
3574,Tuyu Rural Health Center,Central,Luano,Health Centre,-14.329855,29.228526,381,1793
2241,Kamirenda Urban Health Centre,Copperbelt,Luanshya,Health Centre,-13.12319,28.430482,56768,107933
4227,Clear Vision Clinic,Lusaka,Lusaka,General clinic,-15.4393,28.36059,285623,1226673
3895,Makeni Villa Health Post,Lusaka,Lusaka,Health Post,-15.4441389,28.2267026,454197,1523802
1735,Nyengo Rural Health Centre,Western,Sikongo,Health Centre,-14.873811,22.193084,686,2736
3559,Maveve Health Post,North-Western,Kabompo,Health Post,-13.989471,23.617306,1060,4766
2696,Samfya District Hospital,Luapula,Samfya,1st Level Hospital,-11.3688,29.5537,10537,25110
3359,Salamo Heath Post,Muchinga,Lavushi Manda,Health Post,-11.59557,30.223647,492,1946
2237,Chaisa Urban Health Centre,Copperbelt,Luanshya,Health Centre,-13.127906,28.363955,26565,101688
1601,Mphuka Rural Health Centre,Lusaka,Luangwa,Health Centre,-15.264482,30.215528,995,3200
3394,Mwika Rural Health Centre,Muchinga,Shiwang'andu,Health Centre,-10.524981,31.719197,2668,8182
1136,Rural Resettlement Health Post,Southern,Kalomo,Health Post,-16.99009971,26.27798385,1236,5367
3581,Nansenga Health Centre,Southern,Itezhi-Tezhi,Health Centre,-15.10242757581,27.13793625,6682,25519
4373,Mtizwa Rural Health Post,Eastern,Chipata,Health Post,-13.770822,32.505402,5710,26368
4185,Chimoto Health Post,Copperbelt,Lufwanyama,Health Post,-12.915085,27.934615,2234,10802
2385,Mpelembe Secondary School Health post,Copperbelt,Kitwe,Health Post,-12.8198,28.25225,198091,500262
1627,Namundale Health Post,Western,Kalabo,Health Post,-15.21169303,22.75079838,5089,13960
2377,Kalulushi General Hospital,Copperbelt,Kalulushi,2nd Level Hospital,-12.833538,28.100348,39015,128716
1784,Katoya Health Post,Western,Kaoma,Health Post,-14.639665,25.018912,575,2238
1903,Lunyati Rural Health Centre,Western,Kaoma,Health Centre,-14.246854,24.903537,1133,4435
2818,Kanyelele Rural Health Centre,Eastern,Chama,Health Centre,-10.7675,33.4677,2693,6517
1491,Mukukutu Health Post,Western,Nalolo,Health Post,-15.5004,23.21983,2692,12326
3602,Chipete Rural Health Centre,Luapula,Chembe,Health Centre,-11.84541,28.5007,3425,10783
1856,Natuseko Urban Health Centre,Central,Kabwe,Health Centre,-14.4049,28.4602,91316,178416
4318,Zatulate Health Centre,Lusaka,Lusaka,Health Centre,-15.3896056,28.334156,584704,2062234
3928,Mipulya Health Post,Muchinga,Nakonde,Health Post,-9.185051,32.413733,2620,11780
1941,Chilenga Health Post,Eastern,Chadiza,Health Post,-14.117011,32.368438,5650,27560
2290,Masala New Urban Health Centre,Copperbelt,Ndola,Health Centre,-13.002217,28.6377,206131,454589
3398,Mukwikile Health Post,Muchinga,Shiwang'andu,Health Post,-11.348453,31.772355,1106,3568
4078,Nangweshi Rural Health Centre,Western,Sioma,Health Centre,-16.3841,23.3173,8190,22199
2944,Makasa Rural Health Centre,Northern,Mungwi,Health Centre,-9.674432,31.875198,1711,5841
1850,Mukobeko Township Urban Health Centre,Central,Kabwe,Health Centre,-14.4212,28.4095,70152,172321
2712,Mibenge Rural Health Center,Luapula,Mansa,Health Centre,-11.3015,29.4032,7750,26672
4184,Chisanina Health Post,Copperbelt,Lufwanyama,Health Post,-13.073116,27.755142,509,2120
3593,Chilombwa Health Post,Northern,Mungwi,Health Post,-10.447249,31.526644,539,2530
2774,Lubwe Hospital Affiliated Health Centre,Luapula,Chifunabuli,Health Centre,-11.118781,29.646143,4376,10781
2278,Kaloko Urban Health Centre,Copperbelt,Ndola,Health Centre,-13.036583,28.634983,151084,360399
3051,Kalembwe Rural Health Centre,Luapula,Chienge,Health Centre,-8.78253,29.11778,7518,20596
1657,Lulan'unyi Health Post,Western,Sikongo,Health Post,-15.152138,22.302706,555,2482
3149,Katonte Health Post,Copperbelt,Masaiti,Health Post,-13.473684,28.979948,1681,6548
2840,Chinsali District Hospital,Muchinga,Chinsali,1st Level Hospital,-10.560953,32.071436,18935,30415
1768,Mimpongo Health Post,Western,Nkeyema,Health Post,-14.714879,25.102358,735,3190
2226,Thomson District Hospital,Copperbelt,Luanshya,1st Level Hospital,-13.139583,28.430339,62753,102235
1793,Lombe Lombe Health Post,Western,Nkeyema,Health Post,-14.59685,25.416719,350,1264
1278,Konkola Rural Health Centre,Southern,Mazabuka,Health Centre,-16.308933,28.020512,1700,6744
3122,Kafinda Health Post,Central,Chitambo,Health Post,-12.60823,30.392827,1189,3625
4359,Prime Dental and Aesthetics Clinic,Lusaka,Lusaka,General clinic,-15.5156339,28.2704524,291818,892248
4425,Mum's Care Hospital - Woodlands,Lusaka,Lusaka,1st Level Hospital,-15.443912,28.3455577,351597,1422143
4163,Milulu Health Post,Luapula,Milenge,Health Post,-12.15,29.4486,2154,7227
1560,Mandombe Rural Health Centre,Lusaka,Luangwa,Health Centre,-15.345801,30.222895,495,2431
1242,Chikuni Mission Hospital,Southern,Monze,1st Level Hospital,-16.42944092,27.54549047,4854,19095
2260,Diambombola Rural Health Centre,North-Western,Manyinga,Health Centre,-13.07722,24.09764,1124,3658
3933,Chingoyo Health Post,Northern,Kaputa,Health Post,-8.496858,30.030606,1426,5991
2348,Chavuma Urban Health Centre,Copperbelt,Kitwe,Health Centre,-12.883983,28.316967000000002,54806,185302
3070,Lambwe Chikwama Health Post,Luapula,Chienge,Health Post,-8.428,29.37938,3026,7772
1893,Kapirimphika Health Post,Eastern,Chadiza,Health Post,-14.276922,32.415922,2840,11279
2505,Mwase Lundazi   Rural Health Centre,Eastern,Lundazi,Health Centre,-12.41912,33.21541,5716,27100
4057,Mbale Health Post,Western,Luampa,Health Post,-14.7202,24.3604,598,2782
4070,Lutembwe Health Post,Western,Mitete,Health Post,-13.976463,22.631351,334,1223
3411,Chozi Rural Health Centre,Muchinga,Nakonde,Health Centre,-9.328949,32.315999,3345,11829
4062,Namando Health Post,Western,Luampa,Health Post,-15.2018,24.6382,414,1679
4044,Nyachikayi Health Post,North-Western,Zambezi,Health Post,-14.401235716673,27.2697721875,345,1367
1722,Liundu Health Post,Western,Sikongo,Health Post,-14.941342,22.173109,739,3573
1861,Lishuwa Rural Health Centre,Western,Lukulu,Health Centre,-14.390859,23.502512,649,2504
3405,Nabwalya Rural Health Centre,Muchinga,Mpika,Health Centre,-12.4179,31.9736,66,270
1913,Sinda Rural Health Centre,Eastern,Sinda,Health Centre,-14.21665,31.764611,36255,63414
4360,Elite Dental Clinic - Cosmopolitan,Lusaka,Lusaka,Dental clinic,-15.38548,28.313505,750402,2327683
4229,Comfort Hospital,Lusaka,Lusaka,1st Level Hospital,-15.4034,28.30141,734512,2507814
3437,Nzoche Health Post,Muchinga,Isoka,Health Post,-9.7423,33.209,2556,7022
2971,John Chivuta Health Post,Northern,Senga Hill,Health Post,-9.526221,31.583799,675,2939
2761,Mundubi Rural Health Centre,Luapula,Chifunabuli,Health Centre,-11.17525,29.573962,3499,14036
1466,Shimabala Health Post,Lusaka,Kafue,Health Post,-15.67292,28.2395,7284,34889
1695,Libonda Rural Health Centre,Western,Kalabo,Health Centre,-15.008999,22.949631,430,1956
2352,Chikumbi Rural Health Center,Copperbelt,Masaiti,Health Centre,-12.871667,28.653083,21230,152318
3410,Ntantumbila Rural Health Center,Muchinga,Nakonde,Health Centre,-9.205351,32.283502,2881,9763
4112,Kafubu Block Health Post,Copperbelt,Ndola,Health Post,-13.124087,28.569221,9118,39674
3165,Mlera Rural Health Centre,Eastern,Sinda,Health Centre,-14.348157,31.524362,6726,20225
1341,Mambolomoka Rural Health Centre,Western,Shang'ombo,Health Centre,-16.0871,22.133593,392,1604
2812,Sitwe Rural Health Centre,Eastern,Chama,Health Centre,-10.83238658,33.18878132,889,3043
1459,Lueti Rural Health Centre,Western,Sikongo,Health Centre,-15.706304,22.389053,781,2329
2470,Nyangwe Rural Health Centre,Eastern,Lundazi,Health Centre,-12.550379,33.213321,4474,14101
1150,Nantale Health Post,Southern,Kalomo,Health Post,-16.87991477,26.60601399,1422,5764
3342,Mulanshi Rural Health Centre,Northern,Kasama,Health Centre,-9.91294,30.70296,4494,15517
3233,Namakando Health Post,Western,Mitete,Health Post,-14.577061,22.974975,565,2141
1482,Chisankane Rural Health Centre,Lusaka,Kafue,Health Centre,-15.562,28.3696,3231,84352
1167,Mulobezi Rural Health Centre,Western,Mulobezi,Health Centre,-16.7721,25.1695,919,2786
2550,Nchanga I Urban Health Centre,Copperbelt,Chingola,Health Centre,-12.311452,27.520467,696,3348
1917,Chanida Rural Health Centre,Eastern,Chadiza,Health Centre,-14.212848,32.298308,8741,31009
4280,Lusaka Dental Surgery,Lusaka,Lusaka,Dental clinic,-15.4034772,28.3014156,734032,2507692
3417,Chitamba Health Post,Muchinga,Nakonde,Health Post,-9.366261,32.610019,2936,14228
2691,Kasoma Bangweulu Health Post,Luapula,Samfya,Health Post,-11.3888,29.56828,9280,23357
2124,Nguvu Rural Health Centre,North-Western,Chavuma,Health Centre,-13.446612,22.048861,498,1317
3597,Kundamfumu Rural Health Center,Luapula,Chembe,Health Centre,-11.545767066775,28.754106470203,8952,30171
2512,Kakumba  Health Post,Eastern,Lundazi,Health Post,-12.39112,33.15667,8046,33961
3606,Chibale Health Post,Eastern,Lusangazi,Health Post,-14.019142,31.459822,7271,28639
2545,Chimfunshi Rural Health Centre,Copperbelt,Chililabombwe,Health Centre,-12.31723,27.633513,2275,7567
1628,Lwahumba Health Post,Western,Sikongo,Health Post,-15.210539,22.374851,532,2104
3025,Chisanzu Health Post,Northern,Senga Hill,Health Post,-9.122323,31.80387,3258,11744
3455,Nyalugwe Rural Health Centre,Eastern,Nyimba,Health Centre,-14.73961316,30.36518191,511,2061
1568,Sikushi Health Post,Western,Sikongo,Health Post,-15.327339,22.418099,522,2261
3738,Shamputa Health post,Central,Kapiri-Mposhi,Health Post,-14.046943,27.873249,1069,3917
3298,Tug-Argan Urban Health Centre,Copperbelt,Ndola,Health Centre,-13.08660333,28.75756667,15998,75481
2732,Mbabala Rural Health Centre,Luapula,Chifunabuli,Health Centre,-11.222423,29.802072,1911,2497
2393,Chembe Health Post,Copperbelt,Kalulushi,Health Post,-12.80393733,27.98731333,5730,21118
4017,Chinyingi Rural Health Centre,North-Western,Zambezi,Health Centre,-13.63378160234,23.60033859375,275,1199
1421,Kaabo Rural Health Post,Southern,Chikankata,Health Post,-15.8323106,28.106273,1820,24011
2250,Kambowa Rural Health Center,Copperbelt,Masaiti,Health Centre,-13.10365,28.800733,7901,29600
4362,Mwembeshi Secondary Health Post,Lusaka,Chilanga,Health Post,-15.417577,28.107404,23909,89106
4283,Medaid Health Care Limited,Lusaka,Lusaka,General clinic,-15.420393938787,28.3244596875,514544,2106650
2673,Njipi Rural Health Center,Luapula,Samfya,Health Centre,-11.5254,29.7173,1324,7171
3314,Mulumbi Rural Health Center,Luapula,Milenge,Health Centre,-11.55589,29.16306,898,4688
3812,Miseshi Urban Health Center,Copperbelt,Kitwe,Health Centre,-12.47896,28.11456,1785,11658
1819,Mulalila Health Post,Western,Kaoma,Health Post,-14.479259,24.984521,745,2509
2591,Prisons Urban Health Centre,North-Western,Solwezi,Health Centre,-12.185296,26.3942587,52651,94419
2065,Magwero Rural Health Centre,Eastern,Chipata,Health Centre,-13.6554,32.7752,7325,28226
3921,Aluni Health Post,Muchinga,Kanchibiya,Health Post,-11.805999273585,31.203564301758,915,3496
4043,Matondo Health Post,North-Western,Zambezi,Health Post,-13.505625868406,23.2268034375,1212,5256
1562,Salunda Health Post,Western,Kalabo,Health Post,-15.34196949,22.74350872,1335,7327
1674,Chitope Rural Health Centre,Lusaka,Luangwa,Health Centre,-15.111326,30.13461,1072,4877
2525,Lubengele Urban Health Centre,Copperbelt,Chililabombwe,Health Centre,-12.357133,27.817592,50207,92404
1906,Chitakata A Health Post,Central,Kabwe,Health Post,-14.243184,28.418062,1615,7668
1526,Sihole Rural Health Centre,Western,Kalabo,Health Centre,-15.40170859,22.83036807,3436,9956
1232,Sikumbi Rural Health Centre,Western,Senanga,Health Centre,-16.4695,23.4567,2782,10468
3424,Nakonde District Hospital,Muchinga,Nakonde,1st Level Hospital,-9.35125,32.704282,20453,103164
1347,Hachipilika Rural Health Center,Southern,Chirundu,Health Centre,-16.069315,28.492496,1866,5584
2205,Fiwale Rural Health Center,Copperbelt,Masaiti,Health Centre,-13.205167,28.71715,2607,12763
3214,Masuba Health Post,Northern,Kasama,Health Post,-9.852227,31.068797,3555,18121
3458,Bwalya Mponda Rural Health Center,Luapula,Lunga,Health Centre,-11.544752,30.324691,547,2078
3587,Kaundula Rural Health Center,Central,Luano,Health Centre,-14.1931,29.661169,209,1112
3554,Mapapa Rural Health Post,Central,Luano,Health Post,-13.625659,29.382485,15196,26468
3619,Namakombwe Health Post,Western,Mulobezi,Health Post,-16.5339,25.0135,313,1405
2613,Musele Rural Health Centre,North-Western,Kalumbila,Health Centre,-12.142564,25.393266,1106,3566
1644,Kasenga Health Post,Lusaka,Chongwe,Health Post,-15.1829,28.4853,2513,10604
3441,Mulonga health post,Muchinga,Kanchibiya,Health Post,-11.411281,30.572668,1127,4620
1003,Mulauli Health Post,Western,Mulobezi,Health Post,-16.949374,25.15954,333,1443
2219,Franco Urban Health Centre,Copperbelt,Luanshya,Health Centre,-13.162467,28.465088,30003,90441
1490,Ndoka Health Post,Western,Kalabo,Health Post,-15.50481478,22.91307248,3044,9189
1377,Kapululira Rural Health Centre,Southern,Chirundu,Health Centre,-15.9677,28.8348,4413,20491
3510,Nomai Health Post,Western,Mongu,Health Post,-15.346614,23.242219,2435,12407
2707,Chinkobo Health Post,Muchinga,Kanchibiya,Health Post,-11.336733,30.672204,667,4039
2614,Muzabula Health Post,North-Western,Solwezi,Health Post,-12.1320823,26.3668127,22919,101758
2372,Wusakile Mine Hospital,Copperbelt,Kitwe,2nd Level Hospital,-12.84321,28.21255,194721,510448
4284,Muyombe District Hospital,Muchinga,Mafinga,1st Level Hospital,-10.5844,33.46676,4688,12059
1418,Luubwe Rural Health Centre,Southern,Itezhi-Tezhi,Health Centre,-15.835857,26.283417,1809,5618
2358,Chamboli J Clinic (Mopani),Copperbelt,Kitwe,Health Centre,-12.85885,28.22517,180409,461459
2671,Chipako Rural Health Center,Luapula,Samfya,Health Centre,-11.5425,29.6722,1573,6631
3670,Good News Clinic,Northern,Mpulungu,Health Post,-8.75985,31.113575,11460,18616
3726,Chishinka Health centre,Central,Kapiri-Mposhi,Health Centre,-14.311952,29.083352,1818,5445
3777,Upper Lusemfwa  Health Post,Central,Mkushi,Health Post,-13.475264,29.449102,1128,4606
1449,Nitrogen Chemicals of Zambia,Lusaka,Kafue,Diagnostic centre,-15.744565,28.164204,39275,59883
3731,Kaswende Health post,Central,Kapiri-Mposhi,Health Post,-14.436011,27.996126,1360,5072
4231,Victoria Hospital,Lusaka,Lusaka,1st Level Hospital,-15.386152,28.322457,671900,2227432
3376,Milima Rural Health Centre,Northern,Kasama,Health Centre,-9.91287,31.22953,28042,56720
1009,Victoria Falls Urban Health Centre,Southern,Livingstone,Health Centre,-17.9303,25.87018,12978,89148
1363,Hakunkula Rural Health Centre,Southern,Monze,Health Centre,-16.01934393,27.56220784,4282,14321
1457,Lukolongo Health Post,Lusaka,Kafue,Health Post,-15.718205,28.255011,6369,40633
2983,Katutwa Health Post,Northern,Mporokoso,Health Post,-9.4420166,30.4071496,859,3079
3299,Kapesa Health post,Luapula,Mwansabombwe,Health Post,-10.047333,28.75903,4200,21188
3436,Lualizi Health Post,Muchinga,Isoka,Health Post,-10.26774,32.75785,1873,6125
3801,Lubansa Health Post,Copperbelt,Chililabombwe,Health Post,-12.340515,27.915224,6336,57397
2228,Roan Antelope Referral Hospital,Copperbelt,Luanshya,2nd Level Hospital,-13.13633,28.387226,50509,103925
2435,Misenga Health Post,Copperbelt,Kalulushi,Health Post,-12.71512323,27.98809198,3131,24305
2356,Kamano Health Post,North-Western,Kalumbila,Health Post,-12.865283,26.039372,613,2195
3232,Lubelele Health Post,Western,Mitete,Health Post,-14.308569,22.966572,368,1540
3263,Ukumwi B Rural Health Centre,Eastern,Lusangazi,Health Centre,-13.05139,31.04741,489,1870
3650,Neelkante Health Post,Copperbelt,Masaiti,General clinic,-12.975397,28.726488,45845,242809
3775,Tazara Rural Health Post,Central,Mkushi,Health Post,-13.6366777,29.403148,15155,26709
4021,Mukandankunda Health Centre,North-Western,Zambezi,Health Centre,-13.975188865815,25.40209640625,325,1261
2685,Kabinga Rural Health Centre,Muchinga,Kanchibiya,Health Centre,-11.443168,30.616589,768,3400
2876,Kalikeka Health Post,Northern,Mungwi,Health Post,-10.217307,31.842331,945,3531
3383,Tazara Health Post,Muchinga,Mpika,Health Post,-13.63699,29.403656,15131,26704
1520,State House Clinic,Lusaka,Lusaka,Health Centre,-15.41596,28.31568,576709,2309382
4653,Gilbert Mukobola Rural Health Post,Copperbelt,Lufwanyama,Health Post,-13.423,27.4518,181,830
1250,Mbeta Health Post,Western,Sioma,Health Post,-16.391579,23.37139,4568,16569
1215,State Ranch Health Post,Western,Shang'ombo,Health Post,-16.5318,22.455048,407,1678
3117,Ntapwila Health Post,Central,Chibombo,Health Post,-15.192444,28.157168,2774,16926
2392,Matebo B Rural Health Centre,North-Western,Kalumbila,Health Centre,-12.808358,25.798164,472,1621
2667,Mapoma Rural Health Centre,Muchinga,Kanchibiya,Health Centre,-11.622334,30.602419,1123,3994
4102,Makeni Rural Health Post,Central,Chisamba,Health Post,-14.832308,28.445034,1087,4941
3213,Muchenja Health Post,Northern,Kaputa,Health Post,-8.376042,29.895897,5056,13348
3439,Msima Health Post,Eastern,Nyimba,Health Post,-14.6387787,30.9463517,1591,6642
1514,Malata Health Post,Lusaka,Lusaka,Health Post,-15.424572,28.356458,347189,1457526
2645,Luchembe Health Post,Muchinga,Kanchibiya,Health Post,-11.812104,31.262397,1191,6278
2751,Chama District Hospital,Eastern,Chama,1st Level Hospital,-11.2008,33.1504,11350,20137
2734,Shoti Health Post,Luapula,Mansa,Health Post,-11.2221,29.04947,9925,42144
1937,Sikunduko Rural Health Centre,Western,Mitete,Health Centre,-14.1341,22.4334,307,1269
1782,Shibanga Rural Health Centre,Western,Kaoma,Health Centre,-14.6518,24.0849,450,2112
3847,Triple S (CHAI) Health Post,Copperbelt,Mufulira,Health Post,-12.555975,28.115217,2982,29614
2880,Mungwi  Baptist Urban Health Centre,Northern,Mungwi,Health Centre,-10.174606,31.363276,4595,12056
3807,East of Garnatone Health Post,Copperbelt,Kitwe,Health Post,-12.7346,28.1941,139100,353104
3854,ZNS Rural Health Centre,Eastern,Nyimba,Health Centre,-14.4690258,30.8784232,1300,5677
4030,Nyilamba Health Post,North-Western,Zambezi,Health Post,-14.165178167583,23.323105469971,1123,5219
1162,Kabula 2 Health Post,Western,Sioma,Health Post,-16.800264,23.555275,619,2705
3485,Buunga Health Post,Southern,Itezhi-Tezhi,Health Post,-15.694910967355,26.289242402344,968,3835
4089,Nakatwelenge Health Post,Western,Nalolo,Health Post,-16.118526479071,23.16706527832,2813,10309
3802,Milyashi East Health Post,Copperbelt,Chililabombwe,Health Post,-12.419161,27.965029,2563,16221
2483,Mufulira Clinic 9 Urban Health Centre,Copperbelt,Mufulira,Health Centre,-12.518233,28.200467,28916,107295
4086,Muweswa Health Post,Western,Senanga,Health Post,-16.067,23.817,128,530
2486,Maheba D Rural Health Centre,North-Western,Kalumbila,Health Centre,-12.498071,25.923487,1342,4598
2729,Masaba Health Post,Luapula,Mansa,Health Post,-11.23848,28.78011,8587,42381
3482,Kalwala Health Post,Muchinga,Chinsali,Health Post,-10.595298,32.140807,3853,22832
2220,Mikomfwa Health Centre,Copperbelt,Luanshya,Health Centre,-13.153867,28.420378,61156,96006
2723,Chisongo  Health Post,Luapula,Mansa,Health Post,-11.26865,29.1082,12344,40546
2148,Rukuzye Rural Health Centre,Eastern,Chipangali,Health Centre,-13.35486017,32.81376162,8578,29816
3549,Musanya Health Post,Muchinga,Chinsali,Health Post,-10.36125,32.398781,1090,3229
3465,Chunga rural health centre,Muchinga,Chinsali,Health Centre,-9.8155973952689,32.517372462891,1619,4800
1891,Luembe Rural Health Centre,Eastern,Nyimba,Health Centre,-14.2955966,30.5492007,696,2623
2827,Mutwewankoko Health Post,Luapula,Mansa,Health Post,-10.6961,28.92482,2176,7190
3526,Namusheshe Health Post,Western,Mongu,Health Post,-15.059995828742,22.98510421875,614,2629
3588,Tulemane Urban Health Centre,Northern,Mbala,Health Centre,-8.839547,31.355503,31443,49495
2195,Chipangali Rural Health Centre,Eastern,Chipangali,Health Centre,-13.24895591,32.81561863,5474,21131
1263,Mulonga Rural Health Centre,Western,Shang'ombo,Health Centre,-16.3641,22.579397,806,2641
4058,Mbanyutu Rural Health Centre,Western,Luampa,Health Centre,-14.9539,24.3448,2680,8354
1086,Nakowa Rural Health Centre,Southern,Zimba,Health Centre,-17.31589156,26.19292973,3519,9788
3323,Kafwanka Health Post,Luapula,Milenge,Health Post,-11.6869,29.48194,1808,6051
2905,Nseluka Rural Health Centre,Northern,Mungwi,Health Centre,-9.933505,31.254675,21223,54417
2747,Central Urban Health Centre,Luapula,Mansa,Health Centre,-11.2034,28.887,103006,146953
3798,Shabasonje Rural Health Center,Central,Shibuyunji,Health Centre,-15.4672,27.7674,4254,14167
1589,Mongu District Hospital,Western,Mongu,1st Level Hospital,-15.288731,23.158385,48878,72846
3093,Mahululo Health Post,Southern,Livingstone,Health Post,-17.74115,25.99462,1719,8821
1493,Makeni Urban Health centre,Lusaka,Lusaka,Health Centre,-15.4813,28.185199,48372,649961
1130,Kalomo District Hospital,Southern,Kalomo,1st Level Hospital,-17.0306195,26.4774449,15590,25946
3863,Mantapala Health Post,Luapula,Nchelenge,Health Post,-9.4744329683965,28.813179627686,5195,20608
1390,Chisakila Health Post,Lusaka,Kafue,Health Post,-15.910175,28.687273,998,4701
3219,Nachintyombwe Health Post,Southern,Mazabuka,Health Post,-16.1505655,27.8877425,3131,15303
1932,Chafulu Rural Health Centre,Eastern,Sinda,Health Centre,-14.160349,31.795201,7860,50885
1924,Kakulunda Rural Health Centre,Western,Mitete,Health Centre,-14.1835,23.1671,666,3526
3563,Kavungu Health Post,North-Western,Kabompo,Health Post,-13.59672,24.206385,6386,13863
3808,Kamakonde Urban Health Center,Copperbelt,Kitwe,Health Centre,-12.82997,28.1452,54349,345638
3816,Wusakile GRZ Urban Health Center,Copperbelt,Kitwe,Health Centre,-12.51108,28.13182,2651,26132
3838,Mukuba  Chantete Heatlh Post,Copperbelt,Mufulira,Health Post,-12.726773,28.350773,5318,27400
3265,Chainda Urban Health Centre,Lusaka,Lusaka,Health Centre,-15.386588,28.405251,223073,714756
2109,Kapara Rural Health Centre,Eastern,Chipangali,Health Centre,-13.514,32.519,9036,39438
3544,Chisenga Health Post,Northern,Mbala,Health Post,-9.041337,31.605587,3407,13181
1800,Mayukwayukwa Rural Health Centre,Western,Kaoma,Health Centre,-14.5512,24.1842,1693,5657
2872,Kapamba Rural Health Centre,Luapula,Mwense,Health Centre,-10.2506,28.751,4917,20272
1894,Lukena Rural Health Centre,Western,Kalabo,Health Centre,-14.27668256,22.10595034,254,1044
1393,Chiawa Rural Health Centre,Lusaka,Kafue,Health Centre,-15.896128,29.04299,882,3963
4268,L.J. Eye Clinic,Lusaka,Lusaka,Eye clinic,-15.404763,28.29961,736706,2508193
3852,Roma Health Post,Copperbelt,Ndola,Health Post,-13.099372,28.547103,9377,56054
2151,Mtenguleni Health Post,Eastern,Kasenengwa,Health Post,-13.746591,32.460015,10668,28560
2808,Chilila Health Post,Luapula,Mansa,Health Post,-10.864269,28.791791,3266,9833
3047,Kasakalawe Health Post,Northern,Mpulungu,Health Post,-8.792065,31.0832882,9109,20398
2064,Katimba Rural Health Centre,Southern,Monze,Health Centre,-13.65827404,27.33908853,502,1868
1943,Chindeza Rural Health Centre,Eastern,Sinda,Health Centre,-14.114734,31.782097,3998,21657
2821,Kasaba Hospital Affiliated Health Centre,Luapula,Chifunabuli,Health Centre,-10.754841364905,29.734840766865,3415,11795
2890,Kapolyo Rural Health Centre,Northern,Mungwi,Health Centre,-10.112711,31.734388,1677,5654
1475,Chipapa Rural Health Centre,Lusaka,Kafue,Health Centre,-15.6335,28.2608,14189,77846
3814,Mulenga Urban Health Center,Copperbelt,Kitwe,Health Centre,-12.86451,28.20727,148699,435579
1481,Mulalika Health Post,Lusaka,Chongwe,Health Post,-15.562075,28.807637,1432,6039
1749,Kaaba Rural Health Centre,Western,Kaoma,Health Centre,-14.82377,23.70155,567,2033
1645,Munyeu Health Post,Lusaka,Chilanga,Health Post,-15.4184,28.09736,23329,75992
4052,Inkunikila Health Post,Western,Luampa,Health Post,-15.7643,25.0548,375,1442
2529,Kasompe Urban Health Centre,Copperbelt,Chingola,Health Centre,-12.353152,27.533831,742,4019
3207,Yosamu Health Post,Muchinga,Shiwang'andu,Health Post,-10.9608,32.03215,1878,4714
3823,Kansamfu Health Post,Copperbelt,Masaiti,Health Post,-13.200776,28.864334,3572,11776
3920,Nachisungu Health Post,Muchinga,Isoka,Health Post,-9.78146,32.87674,794,3424
2081,Kapata Urban Health Centre,Eastern,Chipata,Health Centre,-13.6247,32.6423,112512,179003
4233,Wellspring Speciality Hospital,Lusaka,Lusaka,1st Level Hospital,-15.388164,28.318405,694596,2299571
4271,Hillview Health Care,Lusaka,Lusaka,Health Centre,-15.339399,28.271439,724378,1664766
2692,Matenda Health Post,Luapula,Mansa,Health Post,-11.381652,28.870619,9379,33765
1151,Kazimaulu Rural Health Centre,Southern,Pemba,Health Centre,-16.85536468,27.50491602,440,2070
1745,Namilangi Rural Health Centre,Western,Nkeyema,Health Centre,-14.839033,25.052179,1740,6525
3817,Bangwe Health Post,Copperbelt,Masaiti,Health Post,-13.205237,28.80832,4063,14015
3952,Ndole  Health Post,Northern,Nsama,Health Post,-8.51385,30.46764,3851,8619
2738,Mndalanga Health Post,Eastern,Chama,Health Post,-11.21143557,33.15870861,11758,20456
3061,Kabyolwe Health Post,Northern,Mpulungu,Health Post,-8.575964,30.731858,1760,5017
1307,Mbila Rural Health Centre,Southern,Itezhi-Tezhi,Health Centre,-16.196212,26.312256,1106,4324
2966,Mole Health Post,Northern,Mporokoso,Health Post,-9.54295333,29.954935,753,2735
3930,Mukumbe Health Post,Muchinga,Nakonde,Health Post,-9.6375997012551,32.925103850293,1357,5831
4708,Mulungushi health Post,Luapula,Milenge,Health Post,-11.76278,29.2686,177,642
1385,Ngoma Rural Health Centre,Southern,Itezhi-Tezhi,Health Centre,-15.932279,25.957947,1767,4966
1239,Rusangu Rural Health Centre,Southern,Monze,Health Centre,-16.44040434,27.53396644,5555,19460
2508,Lushishi Health Post,Copperbelt,Chingola,Health Post,-12.394839,27.490813,1139,5453
2898,Katilungu Health Post,Northern,Mungwi,Health Post,-10.015032,31.314142,3446,19353
2681,Malamba Health Post,Luapula,Mansa,Health Post,-11.47652,28.7928,7690,26562
4323,Phil Opticians Cross Roads,Lusaka,Lusaka,Eye clinic,-15.4355259,28.3549649,329960,1370339
2449,Kansoka Rural Health Centre,Copperbelt,Lufwanyama,Health Centre,-12.63074,27.70263,1538,6693
3728,Chambulumina Health Post,Central,Kapiri-Mposhi,Health Post,-13.929978,28.785434,3043,18464
3708,Kapiri Urban Health Center,Central,Kapiri-Mposhi,Health Centre,-13.966391,28.676859,37214,56135
4365,Medicare Opticians - Munali Mall,Lusaka,Lusaka,Eye clinic,-15.405263,28.288368,779290,2495689
2638,Maheba H Rural Health Centre,North-Western,Kalumbila,Health Centre,-11.910771,25.850085,240,1115
2651,Kabongo Rural Health Center,Luapula,Samfya,Health Centre,-11.756,29.5079,1602,6306
3611,Satellite 30 Rural Health Centre,Eastern,Lusangazi,Health Centre,-13.915571,31.700436,10850,38805
3697,Makuzu Rural Health Post,Southern,Itezhi-Tezhi,Health Post,-15.979373461864,26.105736390381,663,2816
3818,Masaiti Boarding Health Post,Copperbelt,Masaiti,Health Post,-13.285353,28.417769,4138,13927
1492,Chilenje  First Level Hospital,Lusaka,Lusaka,1st Level Hospital,-15.4896,28.33782,206030,876566
1669,Ikabako Health Post,Western,Limulunga,Health Post,-15.121787,23.323951,949,4144
1590,Mutamino Health Post,Lusaka,Chongwe,Health Post,-15.288347,28.543301,3475,29905
2577,Mutenda Rural Health Centre,Copperbelt,Chingola,Health Centre,-12.427876844629001,27.415411625855,2088,6701
4093,Chitapo Health Post,Muchinga,Mafinga,Health Post,-10.3502,33.29291,1844,7985
3547,Katanga Health Post,Muchinga,Mafinga,Health Post,-10.7062,33.46819,2338,8171
3056,Chisanza Rural Health Centre,Northern,Mpulungu,Health Centre,-8.6772133,31.1954545,1431,7583
3494,Nsama Rural Health Centre,Northern,Nsama,Health Centre,-8.89217,29.9486,2084,5889
2798,Shikamushile Rural Health Centre,Luapula,Chifunabuli,Health Centre,-10.973631,29.694935,4135,13510
4094,Itontela Health Post,Muchinga,Mafinga,Health Post,-10.2114,33.30174,4936,13979
3168,Marian Health Post,Lusaka,Chilanga,Health Post,-15.4169,28.11487,25172,112425
1361,Mtendere Mission Hospital,Southern,Chirundu,2nd Level Hospital,-16.022035,28.824525,14034,21777
1597,Kapopo Health Post,Central,Chibombo,Health Post,-15.269304,28.194286,7575,109389
4426,Pharco Life Medical Centre,Lusaka,Lusaka,Health Centre,-15.408595,28.288699,758071,2488722
4277,Lusaka Adventist Dental Services,Lusaka,Lusaka,Dental clinic,-15.4224592,28.2954503,661906,2375140
4366,Great North Road Academy Rehabilitation Centre,Lusaka,Lusaka,Rehabilitation centre,-15.4032536,28.3034574,723683,2501958
3893,Dove Medical Clinic,Lusaka,Lusaka,General clinic,-15.392041,28.2859527,878293,2451102
1005,Chinsanka Rural Health Center,Luapula,Samfya,Health Centre,-11.5638,29.79642,1636,5235
1360,Chikani Rural Health Post,Southern,Chikankata,Health Post,-16.0245446,28.298968,463,1810
2676,Kalyongo Rural Health Center,Luapula,Mansa,Health Centre,-11.5056,28.4011,2181,7393
3649,Planned Parenthood Health Centre,Copperbelt,Kitwe,Health Centre,-12.8076143,28.209946,244904,533840
4075,Kalenge Health Post,Western,Sioma,Health Post,-16.2872,23.18275,2478,13017
1803,Mayukwayukwa 2 Rural Health Centre,Western,Kaoma,Health Centre,-14.5503,24.1342,916,4015
4042,Kayimba Health Post,North-Western,Zambezi,Health Post,-13.91854461667,22.983730927734,342,1403
4095,Sichitambule Health Post,Muchinga,Mafinga,Health Post,-10.3302,33.12018,1503,6195
3333,Mwando Health Post,Northern,Lupososhi,Health Post,-10.816316,29.874585,2387,8993
3991,Kashima West Health Post,North-Western,Mufumbwe,Health Post,-13.217024526839,24.578121796875,1250,4079
3102,Mery Berg Urban Health Centre,Copperbelt,Ndola,Health Centre,-12.961842,28.633822,183996,453513
3610,Ukwimi A Rural Health Centre,Eastern,Lusangazi,Health Centre,-13.891538,31.649426,10927,37571
2947,Kalonda Health Post,Northern,Mpulungu,Health Post,-9.6484,30.974515,1938,6172
4377,Kamanengu Health Post,North-Western,Mwinilunga,Health Post,-11.586063,24.762272,1811,6348
3239,Senanga Urban Health Centre,Western,Senanga,Health Centre,-16.117824,23.296017,12883,21213
1484,Nalolo Rural Health Centre,Western,Nalolo,Health Centre,-15.534,23.1051,449,3055
1326,Chipepo Health Centre,Southern,Chirundu,Health Centre,-16.1343,28.834,1605,6938
1498,Mwalumina Rural Health Center,Lusaka,Chongwe,Health Centre,-15.4552,28.8576,937,4861
1635,Ilundu Namataa Health Post,Western,Limulunga,Health Post,-15.20360992,23.3739968,1352,5344
2713,Kakoma Rural Health Center,North-Western,Mwinilunga,Health Centre,-11.296436,25.208859,1314,4119
3799,Shacele Health Post,Central,Shibuyunji,Health Post,-15.357285,27.607828,2730,11260
3715,Nkole Rural Health Centre,Central,Kapiri-Mposhi,Health Centre,-13.7656,28.8074,1925,7627
3877,John Howard Health Post,Lusaka,Lusaka,Health Post,-15.445963,28.293805,599909,1948038
3486,Masemu Urban Clinic,Southern,Itezhi-Tezhi,Health Centre,-15.739970623834,26.033005610733,4276,7365
3710,Lunsemfwa Health centre,Central,Kapiri-Mposhi,Health Centre,-14.506755,29.122547,799,3022
4375,TAZAMA Chinsali Pump station Clinic,Muchinga,Chinsali,First-aid stations,-10.663375,32.113114,2295,8470
3517,Namengo Health Post,Western,Mongu,Health Post,-15.73833,23.820769,526,1974
1313,Lusitu Rural Health Centre,Southern,Chirundu,Health Centre,-16.1834,28.7502,2508,8828
2554,Zokwe Health Post,Eastern,Lumezi,Health Post,-12.307496,32.324227,1889,5673
3330,Mutondo Health Post,Northern,Lupososhi,Health Post,-10.674941,29.74042,1956,7612
2842,Mambilima Mission Hospital,Luapula,Mwense,1st Level Hospital,-10.5173,28.6501,2867,7730
2909,Chimba Rural Health Centre,Northern,Mungwi,Health Centre,-9.892802,31.536705,3790,9479
3472,Kama Rural Health Centre,Western,Mongu,Health Centre,-15.34417,22.9325,2125,8642
1006,Nkungu Health Post,Luapula,Samfya,Health Post,-11.4658,29.4809,8211,30180
3164,Chikalawa Rural Health Centre,Eastern,Sinda,Health Centre,-14.488769,31.629905,4286,13829
4104,Chingola Correctional Health Post,Copperbelt,Chingola,Health Post,-12.325851,27.511863,667,3372
3845,St leo Health Post,Copperbelt,Mufulira,Health Post,-12.586368,28.436806,2098,8588
3988,Shukwe Health Post,North-Western,Mufumbwe,Health Post,-13.136022,25.15755,924,2832
4103,Africa Medicare Services Limited,Copperbelt,Chingola,Health Centre,-12.324687,27.52053,681,3494
3776,Twatasha Rural Health Post,Central,Mkushi,Health Post,-13.805722,29.463847,2665,9625
3770,Nkolonga Health Post,Central,Mkushi,Health Post,-13.589762,29.578668,3026,11121
4581,Kanchinchi  Health Post,Luapula,Mwense,Health Post,-10.846925,28.740641,1530,6937
4279,Medicare Opticians Limited,Lusaka,Lusaka,Eye clinic,-15.405263,28.288368,779290,2495689
1561,Lukona Rural Health Centre,Western,Kalabo,Health Centre,-15.34516067,22.74247476,1268,7161
4322,Phil Opticians Cosmopolitan,Lusaka,Lusaka,Eye clinic,-15.4560164,28.2695663,625666,1727378
1149,Kalonda Rural Helath Centre,Southern,Kalomo,Health Centre,-16.88512039,26.69774026,1510,7223
3652,Dangote Private Clinic,Copperbelt,Masaiti,General clinic,-13.031031,28.773926,15943,101035
4018,Zambezi Hospital Affiliated Health Centre,North-Western,Zambezi,Health Centre,-13.544346868895,23.133419648438,4525,10295
1064,Matoya Rural Health Centre,Western,Mwandi,Health Centre,-17.442942,24.64,1784,4989
3673,MedProf Medical Centre,Southern,Livingstone,Health Centre,-17.875599,25.85486,96135,163316
2957,Maule Health Post,Northern,Senga Hill,Health Post,-9.588304,31.150301,2553,11046
1092,Masese Rural Health Centre,Western,Mwandi,Health Centre,-17.2847,24.64,465,1910
3147,PPZ Health Post,Copperbelt,Chililabombwe,Health Post,-12.348814,27.832408,52082,93735
1911,Chanjoka Health Post,Eastern,Sinda,Health Post,-14.221599,31.907233,3887,17641
4049,Nyawanda Health Post,North-Western,Zambezi,Health Post,-13.667,22.517,362,1576
2334,Mahatma Gandhi Urban Health Centre,Copperbelt,Ndola,Health Centre,-12.940067,28.654667,131660,402121
2603,Northern Re-Settlement Rural Health Centre,North-Western,Kalumbila,Health Centre,-12.166665,25.442397,859,3813
1485,Mitwi Health Post,Western,Kalabo,Health Post,-15.5339767,22.67001339,502,2170
2616,Mapamba Rural Health Centre,Eastern,Chama,Health Centre,-12.1196,32.4367,764,2931
1736,Nkeyema Rural Health Centre,Western,Nkeyema,Health Centre,-14.869777,25.37993,2454,7062
1325,Luyaba Rural Health Centre,Southern,Monze,Health Centre,-16.13441175,27.37172708,5614,19408
1506,UTH Cancer Diseases Hospital,Lusaka,Lusaka,3rd Level Hospital,-15.433826,28.312777,541510,2071052
1516,ZAF Twinpalm ( 71) Rural Health Center,Lusaka,Chongwe,Health Centre,-15.423476,28.404863,143841,696577
1583,Ngwerere Main Rural Health,Lusaka,Chongwe,Health Centre,-15.3055,28.3181,203705,1077985
3238,Mutwa Health Post,Western,Senanga,Health Post,-16.612008,23.864102,490,1581
4286,OMS.OM Medical Services,Lusaka,Lusaka,General clinic,-15.399211200615,28.280514375,841056,2457608
2611,Fwaka Rural Health Center,Luapula,Samfya,Health Centre,-12.1431,29.4365,2236,7216
3312,Lwela Rural Health Center,Luapula,Milenge,Health Centre,-11.4358,29.1175,2445,12261
4025,Chinyama Litapi Health Centre,North-Western,Zambezi,Health Centre,-13.569712383847,22.389095917969,623,2069
1905,Kagoro Rural Health Centre,Eastern,Katete,Health Centre,-14.2435,32.07099,7579,29680
1465,Sishekanu Health Post,Western,Kalabo,Health Post,-15.67770711,22.57652391,438,1633
4152,Chishinki Health Post,Luapula,Chipili,Health Post,-10.730217,29.117755,1316,5450
2748,Mansa General Hospital,Luapula,Mansa,2nd Level Hospital,-11.2029,28.8948,105006,147625
2820,Kasaba Mission Hospital,Luapula,Chifunabuli,1st Level Hospital,-10.75504,29.734308,3430,11815
2891,Chitoshi Rural Health Centre,Northern,Lunte,Health Centre,-10.109737,30.192419,1667,5454
3415,Katyetye Health Post,Muchinga,Isoka,Health Post,-10.07892,32.575645,2311,15175
1304,Jamba Rural Health Centre,Southern,Chirundu,Health Centre,-16.2003,28.5676,3174,9393
3326,Kalaba Health Post,Northern,Lupososhi,Health Post,-10.625413,29.60914,1693,6362
2855,Mwense District Hospital,Luapula,Mwense,1st Level Hospital,-10.3837,28.7054,14241,32259
4153,Kamami Health Post,Luapula,Chipili,Health Post,-10.47732,29.04798,1142,3497
1950,Kafunkha Health Post,Eastern,Katete,Health Post,-14.0868,31.94838,5077,29793
1661,Kankumba Rural Health Center,Lusaka,Rufunsa,Health Centre,-15.14353098,29.9296838,537,1989
3171,CBTO Health Post,Lusaka,Lusaka,Health Post,-15.3721,28.3521,530194,1593917
3556,Ndungo Health Centre,North-Western,Kabompo,Health Centre,-13.68179,24.297579,542,3387
3844,Rural Reconstruction Health Post,Copperbelt,Mufulira,Health Post,-12.606216,28.393566,2765,15013
3983,Miluji Health Post,North-Western,Mufumbwe,Health Post,-14.23393,24.76731,313,1370
1522,TMS Hospital,Lusaka,Lusaka,1st Level Hospital,-15.41384,28.35343,393540,1611534
2347,St Joseph Rural Health Centre,Copperbelt,Lufwanyama,Health Centre,-12.89157,28.01325,4267,30492
3769,Nambo Health Post,Central,Mkushi,Health Post,-13.624537,29.768178,1523,6081
4376,Kapasa Makasa University Clinic,Muchinga,Chinsali,First-aid stations,-10.608907,32.216689,1778,6587
4414,Absolute Health Medical Centre,Northern,Kasama,General clinic,-10.20289,31.20221,78468,120431
4048,Kangulunga Health Post,North-Western,Zambezi,Health Post,-13.700168342825,22.363003388672,523,2076
2825,Zesco Musonda Rural Health Centre,Luapula,Mwense,Health Centre,-10.71139,28.80819,3093,7562
3054,Mikose Health Post,Northern,Nsama,Health Post,-8.69718167,29.8559533,774,3167
2639,Kanzala Rural Health Centre,North-Western,Kalumbila,Health Centre,-11.887548,25.256936,559,2219
2858,Kabongo Health Post,Luapula,Chipili,Health Post,-10.36598,29.05517,547,2276
2073,Msekera Rural Health Centre,Eastern,Chipata,Health Centre,-13.64,32.5582,28480,138751
3227,Luena Camp Hospital,Western,Kaoma,Health Centre,-14.841,24.808,14265,28074
1528,National Heart Hospital,Lusaka,Chongwe,3rd Level Hospital,-15.39785,28.38408,320000,1041752
4127,Ndoki Rural Health Centre,Northern,Luwingu,Health Centre,-10.5128,30.3621,1400,5360
1702,Liumba Rural Health Centre,Western,Kalabo,Health Centre,-14.99609536,22.46244836,1043,4023
2475,Lumezi Hospital Affiliated Hlth Centre,Eastern,Lumezi,Health Centre,-12.541642,33.037652,7649,20432
2746,Buntungwa Urban Health Center,Luapula,Mansa,Health Centre,-11.2034,28.8763,97090,145329
1621,Mungule Rural Health Centre,Central,Chibombo,Health Centre,-15.2184,28.1561,3653,18302
3640,Chisanga  Rural Health Center,Central,Mkushi,Health Centre,-13.588111,28.900789,1846,7124
4105,Chingola Dental/Eye Clinic,Copperbelt,Chingola,Eye clinic,-12.322422,27.515432,672,3376
3706,Kakulu Health Post,Central,Kapiri-Mposhi,Health Post,-14.0886,28.5972,2552,9347
4324,Phil Opticians Nkwazi Road,Lusaka,Lusaka,Eye clinic,-15.4190192,28.2804414,725774,2392840
4289,M M I Steel Mill Clinic,Lusaka,Lusaka,General clinic,-15.4368124,28.2351192,547458,1721519
2060,Namseche Rural Health Centre,Eastern,Chipata,Health Centre,-13.6726,32.6416,77762,174904
1163,Hajamba  Health Post,Southern,Pemba,Health Post,-16.79442748,27.49665231,396,2136
3004,Kakusu Health Post,Northern,Mpulungu,Health Post,-9.330014,31.059883,2315,7616
1394,Kaleya Urban Clinic,Southern,Mazabuka,Health Centre,-15.891727,27.678114,10580,52051
3228,Mangango HAHC (St. Joseph),Western,Kaoma,Health Centre,-14.657,24.511,1645,4923
2823,Chipili Rural Health Centre,Luapula,Chipili,Health Centre,-10.7258,29.0896,1652,5631
1746,Lumei Health Post,Western,Kalabo,Health Post,-14.8355602,22.56566622,506,2246
3851,Misaka Health Post (Ndola),Copperbelt,Ndola,Health Post,-12.923449,28.529928,18304,161111
3150,Lumano Health Post,Copperbelt,Masaiti,Health Post,-13.143183,28.695478,4896,34132
1792,Ngulwana Health Post,Western,Lukulu,Health Post,-14.603638,23.125516,429,2190
2021,Chitokoloki Mission Hospital,North-Western,Zambezi,1st Level Hospital,-13.651178410074,23.07418425293,753,3843
2937,Luatula Health Post,Luapula,Kawambwa,Health Post,-9.734728,29.080238,3195,20368
1973,Nyembe Rural Health Centre,Eastern,Katete,Health Centre,-14.032502,31.954356,4532,34991
1576,Mt. Makulu Health Post,Lusaka,Chilanga,Health Post,-15.322879,28.24148,308229,1280099
3306,Kabange Rural Health Center,Luapula,Milenge,Health Centre,-11.44169,28.99806,1416,9275
3977,Kaminzekenzeke Health Centre,North-Western,Mufumbwe,Health Centre,-13.73625,25.548555,421,1400
4449,Tena Ultrasound Diagnostic Service,North-Western,Solwezi,Diagnostic centre,-12.186614,26.398374,52776,94362
1634,Kayosha Rural Health Centre,Central,Chibombo,Health Centre,-15.2037,28.2374,10799,44930
3584,Masasabi Rural health Post,Southern,Itezhi-Tezhi,Health Post,-15.612263693203,26.25903,425,2090
1535, Chaisa Urban Health Centre,Lusaka,Lusaka,Health Centre,-15.38441,28.282861,938182,2362491
3694,Katonga Health Post,Central,Chitambo,Health Post,-12.293872,29.992134,653,2416
1539,George Urban Health Centre,Lusaka,Lusaka,Health Centre,-15.379271,28.238473,753769,1915088
4097,Mushukula Health Post,Western,Kalabo,Health Post,-14.3761963,22.15097508,285,1185
3740,Katukwe Health post,Central,Kapiri-Mposhi,Health Post,-13.952411,28.060298,857,3466
2478,Mufulira Clinic 3 Urban Health Centre,Copperbelt,Mufulira,Health Centre,-12.537767,28.22325,62268,125349
2897,Chitimukulu Rural Health Centre,Northern,Mungwi,Health Centre,-10.0188737,31.616153,2586,7856
1866,Nyanje Hospital Affiliated Health Centre,Eastern,Sinda,Health Centre,-14.380935,31.796251,6447,22177
3286,Kalelezyi Health Post,Southern,Gwembe,Health Post,-16.60617571,28.13708444,1636,6382
2051,Mwami Wellness Health Centre,Eastern,Chipata,Health Centre,-13.715,32.81,6316,24339
2440,Chikomeni Rural Health Centre,Eastern,Lumezi,Health Centre,-12.691037,32.874721,3317,9743
1858,Ngimbu Rural Health Centre,Western,Lukulu,Health Centre,-14.392683,23.326454,2960,13184
2859,Mweshi Health Post,Luapula,Mwense,Health Post,-10.3593,28.69426,15326,34984
1876,Tapo Rural Health Centre,Western,Kalabo,Health Centre,-14.35321307,22.05826786,446,1408
2686,Kanyama Rural Health Center,North-Western,Mwinilunga,Health Centre,-11.43879,24.749033,1127,3451
3976,Kalengwa Health Centre,North-Western,Mufumbwe,Health Centre,-13.463229,25.002089,970,2577
4378,Nyamikanda Health Post,North-Western,Mwinilunga,Health Post,-11.401536,24.64442,368,1571
4442,Matongo,Luapula,Lunga,Health Post,-11.418807,30.201638,524,2083
1297,Chikankata Mission Hospital,Southern,Chikankata,2nd Level Hospital,-16.229237,28.1446943,4097,9930
4154,Kansonta Health Post,Luapula,Chipili,Health Post,-10.42703,29.38535,370,2118
4131,Kasonde Kombo Kombo Health Post,Northern,Luwingu,Health Post,-10.755273,30.233049,3215,10065
1638,Chipeso Rural Health Centre,Central,Chibombo,Health Centre,-15.1963,27.9972,1977,7037
4287,Mutti Medical Services Limited,Lusaka,Lusaka,General clinic,-15.420393938787,28.3244596875,514544,2106650
4235,UNICOHS University Hospital,Lusaka,Lusaka,1st Level Hospital,-15.365443,28.226363,547329,1647404
2784,Chishi Rural Health Centre,Luapula,Chifunabuli,Health Centre,-11.086601,29.847539,1126,1546
2469,Mufulira Clinic 6 Urban Health Centre,Copperbelt,Mufulira,Health Centre,-12.550667,28.2364,84200,130214
1849,Kapungwe Health Post,Eastern,Sinda,Health Post,-14.42123,31.528502,4773,18387
1927,Kamilende Rural Health Centre,Western,Lukulu,Health Centre,-14.178486,23.399228,1470,4338
1546,Chipata First Level Hospital,Lusaka,Lusaka,1st Level Hospital,-15.370545,28.294369,943431,2201483
1367,Keyana Rural Health Centre,Western,Shang'ombo,Health Centre,-15.99180588,22.544603,308,1361
2499,Chanyalubwe Health Post,Eastern,Lumezi,Health Post,-12.43293,32.917366,3999,10931
2421,Muyashi Rural Health Centre,North-Western,Kalumbila,Health Centre,-12.763917,26.017262,920,2724
3212,Kambole Chansa Health Post,Northern,Kaputa,Health Post,-8.490066,29.671653,7948,17687
3625,Sahandu Health Post,North-Western,Ikelenge,Health Post,-11.1123,24.141,3231,13332
2923,Kawambwa District Hospital,Luapula,Kawambwa,1st Level Hospital,-9.799652,29.074812,14410,24792
4236,Kapumfi Health Post,Muchinga,Kanchibiya,Health Post,-11.4228,30.3952,1349,4609
1529,Kampekete Rural Health Center,Lusaka,Chongwe,Health Centre,-15.3911,28.7625,2462,13650
1629,Civic Center Urban Health Centre,Lusaka,Lusaka,Health Centre,-15.2094,28.330106,3210,35205
3972,Jivundu Health Post,North-Western,Mufumbwe,Health Post,-13.103146,24.690597,484,1908
4071,Mambungo Health Post,Western,Mitete,Health Post,-14.004,22.798,434,1674
4441,Chafye,Luapula,Lunga,Health Post,-11.548483,30.323875,544,2067
4121,Luampa Mission Hospital,Western,Luampa,1st Level Hospital,-15.057099,24.443092,1717,5485
1190,Chifusa Rural Health Centre,Southern,Kalomo,Health Centre,-16.66636731,26.77060029,1426,5801
4155,Mimbulu Health Post,Luapula,Chipili,Health Post,-10.40888,29.29951,515,2076
1681,Kamaila Health Post,Central,Chibombo,Health Post,-15.096204,28.309429,2369,12327
4288,Orbit Health Care Services Limited,Lusaka,Lusaka,General clinic,-15.414877,28.29246,710343,2461729
2799,Chilubi Mainland District Hospital,Northern,Chilubi,1st Level Hospital,-10.970912,30.103231,2812,10102
2967,Levi Health Post,Northern,Mporokoso,Health Post,-9.54143,29.4888,1446,5079
4045,Sakayi Health Post,North-Western,Zambezi,Health Post,-13.953865604568,23.182858125,764,3253
4282,Mafinga District Hospital,Muchinga,Mafinga,1st Level Hospital,-10.2288,33.36006,3889,13774
1412,Itufa Rural Health Centre,Western,Senanga,Health Centre,-15.855,23.3074,1765,4672
1578,ZASTI Rural Health Centre,Lusaka,Chongwe,Health Centre,-15.3185,28.4419,27248,191083
2684,Mabo Health Post,Luapula,Mansa,Health Post,-11.45562,28.43203,3745,10794
3067,Katwatwa Health Post,Northern,Nsama,Health Post,-8.46091,30.19385,2038,6637
1199,Lumbe Health Post,Western,Sesheke,Health Post,-16.5949,24.90911,376,1539
2011,Mushiwe ZFDS Health Post,Copperbelt,Mpongwe,Health Post,-13.8749,28.0353,617,2702
2190,Kasamba Rural Health Centre,North-Western,Manyinga,Health Centre,-13.258993,24.498095,1412,4844
2430,Itimpi Urban Health Center,Copperbelt,Kitwe,Health Centre,-12.738783,28.169967,123893,329454
2919,Mushota Rural Health Center,Luapula,Kawambwa,Health Centre,-9.815693,29.390685,3675,10861
4440,Mweshi,Luapula,Lunga,Health Post,-9.570958,28.77821,6056,23896
2824,Chibondo Rural Health Centre,Luapula,Mwense,Health Centre,-10.7176,28.6694,1548,3458
2910,Ntembo Health post,Luapula,Kawambwa,Health Post,-9.877165,29.367874,2269,9028
1229,Siabunkululu Rural Health Centre,Southern,Kalomo,Health Centre,-16.47612124,26.66718646,4058,13634
3986,Musonweji Health Post,North-Western,Mufumbwe,Health Post,-13.730403,25.015337,685,2267
1049,Mwandi Mission Hospital,Western,Mwandi,1st Level Hospital,-17.5099,24.8169,5215,7746
1699,Muntemba Rural Health Centre,Central,Chibombo,Health Centre,-15.003658,27.829093,1748,6608
3683,Mwachisompola First Level Hospital,Central,Chibombo,1st Level Hospital,-14.906274,27.9921,5796,21507
4237,St John Paul II Orthopedic Mission Hospital,Lusaka,Lusaka,1st Level Hospital,-15.450736,28.266678,652022,1814992
4054,Luampa Hospital Affiliated Health Centre,Western,Luampa,Health Centre,-15.057,24.4433,1717,5485
2899,Chimpili Rural Health Centre,Luapula,Kawambwa,Health Centre,-10.01342,29.898571,731,2568
1982,Kampamule Health Post,Eastern,Sinda,Health Post,-14.01548,31.614341,4150,22314
2674,Nsweta Health post,North-Western,Mwinilunga,Health Post,-11.524021,24.831563,851,3501
1555,Chunga Sub-Centre Health Post,Lusaka,Lusaka,Health Post,-15.357811,28.252011,795013,1848156
2013,Mushipashi Rural Health Centre,Copperbelt,Mpongwe,Health Centre,-13.866931,27.887589,925,3644
3804,Malubeni Health Post,Copperbelt,Chililabombwe,Health Post,-12.328769,27.640812,2129,7970
2030,Mwami Hospital Affiliated Health Centre,Eastern,Chipata,Health Centre,-13.8046,32.7594,9388,28898
2837,Muyombe Rural Health Centre,Muchinga,Mafinga,Health Centre,-10.57722,33.44962,4822,12187
2153,Kafulafuta GRZ  Rural Health Center,Copperbelt,Masaiti,Health Centre,-13.334633,28.568433,803,4245
4435,Dimpos,Luapula,Mansa,Health Centre,-11.1996503,28.8908086,103083,146371
1144,Silumbu Rural Health Centre,Western,Sesheke,Health Centre,-16.9211,23.87183,646,2600
3091,Moonga Health Post,Southern,Siavonga,Health Post,-16.33312,28.2844,2514,9654
3010,Vundoka Health Post,Northern,Senga Hill,Health Post,-9.273459,31.772004,1190,5424
2022,Chisanga  Health Post,Copperbelt,Mpongwe,Health Post,-13.832014,27.836629,1249,4361
4240,Lokomwila Health Post,Muchinga,Kanchibiya,Health Post,-11.3927,30.4552,1542,5891
1871,Mitete Rural Health Centre,Western,Mitete,Health Centre,-14.3672,23.0856,603,2944
4380,Mulumbwa Mini Hospital,Southern,Monze,Health Centre,-16.1719,27.2718,2089,10333
3641,Fiwila Rural Health Center,Central,Mkushi,Health Centre,-13.9709,29.606,2050,6296
4583,Tente Health Post,Luapula,Mwense,Health Post,-10.234254,28.725244,5139,24448
4446,Chamulimba Rural Health Post,Lusaka,Rufunsa,Health Post,-15.33759,28.894642,1071,4799
3881,Malcom Marcopolo Mini Hospital,Lusaka,Chilanga,Health Centre,-15.4641,28.22281,336234,1258892
4239,Forest Park Specialised Hospital,Lusaka,Lusaka,1st Level Hospital,-15.408823,28.278502,785286,2446978
1952,Nyaluwiro Health Post,Eastern,Sinda,Health Post,-14.084589,31.492287,6524,23551
4108,Chamakubi Health  Post,Copperbelt,Chingola,Health Post,-12.271141,27.261535,298,1691
2777,Mofu Rural Health Centre,Northern,Chilubi,Health Centre,-11.109305,30.358137,1672,6102
1374,Situnga Health Post,Western,Senanga,Health Post,-15.85,23.3,1857,4706
2620,Chibwika Rural Health Centre,North-Western,Mwinilunga,Health Centre,-12.072787,24.302923,1294,3767
2884,Mukonshi Rural Health Centre,Luapula,Chipili,Health Centre,-10.1334,29.1509,1172,3568
2169,Mukosho Health Post,North-Western,Manyinga,Health Post,-13.29895,24.21956,1819,6797
2624,Katandano Zambia National Service Rural Health Centre,North-Western,Solwezi,Health Centre,-12.038687,26.466944,6440,40103
1564,ZAF Lusaka (Base) Rural Health Centre,Lusaka,Chongwe,Health Centre,-15.336329,28.437163,35496,290987
2658,Katuyola Rural Health Center,North-Western,Mwinilunga,Health Centre,-11.716382,24.547529,1514,5811
3647,Faith Baptist (Kakolo) Clinic,Copperbelt,Kitwe,Health Centre,-12.8068958,28.3213329,14714,219308
3656,Alwima Medical Center,Lusaka,Chongwe,Health Centre,-15.3529,28.54451,13918,40614
4436,Twaileta Min Hospital,Luapula,Chienge,1st Level Hospital,-8.5256,29.0106,7993,21470
3400,Chibamba Health Post,Muchinga,Shiwang'andu,Health Post,-10.565108,31.82828,2429,7308
2726,Mansa District Hospital,Luapula,Mansa,1st Level Hospital,-11.259779,28.89542,36973,147715
1349,Litambya Rural Health Centre,Western,Senanga,Health Centre,-16.067,23.3052,9898,19968
1480,Muoyo Rural Health Centre,Western,Nalolo,Health Centre,-15.5723,23.2545,3308,8631
3282,Gulumunyanga Health Post,Southern,Gwembe,Health Post,-16.69252165,28.01313931,1078,4583
1350,Malundu Rural Health Centre,Southern,Monze,Health Centre,-16.06604685,27.28091989,5124,20858
2491,Murundu Rural Health Centre,Copperbelt,Mufulira,Health Centre,-12.483522,28.316832,9752,43556
2012,Champhande Rural Health Centre,Eastern,Chipata,Health Centre,-13.8719,32.5245,4749,20296
4325,Phil Opticians Twin Palm,Lusaka,Lusaka,Eye clinic,-15.3884143,28.393847,277703,872789
2900,Mununshi Rural Health Centre,Luapula,Mwense,Health Centre,-10.0099,28.69,10034,25292
3235,Lui-Namabunga Health Post,Western,Senanga,Health Post,-16.017371,23.482323,1257,3717
2279,Mwase-Mphangwe Old Rural Health Centre,Eastern,Lumezi,Health Centre,-13.031322,32.94126,3500,7535
2031,Kalweo Rural Health Centre,Copperbelt,Mpongwe,Health Centre,-13.802631,28.644532,3153,13371
1575,ZNS Chongwe Clinic,Lusaka,Chongwe,Health Centre,-15.323045,28.710062,15450,30720
2883,Mulekatembo Rural Health Centre,Muchinga,Mafinga,Health Centre,-10.13870171,33.33674577,4123,12053
3041,Mupandi Health Post,Northern,Nsama,Health Post,-8.8943514,29.4770716,1585,5280
2058,Kashitu Rural Health Center,Copperbelt,Masaiti,Health Centre,-13.675967,28.658617,2311,8492
2127,Chinondo Rural Health Center,Copperbelt,Masaiti,Health Centre,-13.436867,28.519617,857,4545
2878,Musungu Rural Health Center,Luapula,Kawambwa,Health Centre,-10.194319,29.707545,1252,5099
3982,Matushi Health Centre,North-Western,Mufumbwe,Health Centre,-13.509321,24.278523,3221,11977
3242,Kasama Urban Health Centre,Northern,Kasama,Health Centre,-10.21407,31.1751,74092,117683
2571,Kapijimpanga Rural Health Centre,North-Western,Solwezi,Health Centre,-12.2595956,26.5189657,2995,15239
3195,Mwenekombe Health Post,Muchinga,Isoka,Health Post,-9.97633,32.84688,514,2426
1044,Makunka Rural Health Centre,Southern,Kazungula,Health Centre,-17.5334,25.6361,955,3301
3305,Mbereshi Mission Hospital Affiliated Health Centre,Luapula,Mwansabombwe,Health Centre,-9.753039,28.796572,11951,37287
1922,Chiwuyu Rural Health Centre,Eastern,Sinda,Health Centre,-14.195225,31.831259,8170,50041
1332,Senanga General Hospital,Western,Senanga,2nd Level Hospital,-16.146,23.146,3094,9838
2074,Ipumbu Rural Health Centre,Copperbelt,Mpongwe,Health Centre,-13.63776405,27.84502029,1806,8097
1701,Twalumba Rural Health Centre,Central,Chibombo,Health Centre,-14.9973,28.1396,16025,32925
1102,Masempela Rural Health Centre,Southern,Kalomo,Health Centre,-17.25224809,26.93642358,1340,6790
1581,ZNS Airport Rural Health Centre,Lusaka,Chongwe,Health Centre,-15.307966,28.440925,24542,145256
1795,Kabilamwandi Health Post,Western,Kaoma,Health Post,-14.589764,23.977341,495,2107
2657,Minyanya Rural Health Center,North-Western,Mwinilunga,Health Centre,-11.723905,24.804897,922,3890
2932,Kabalenge Rural Health Center,Luapula,Nchelenge,Health Centre,-9.77021,28.86173,7353,25834
2977,Kabanda Rural Health Center,Luapula,Kawambwa,Health Centre,-9.480134,29.588465,1453,4532
3392,Kapisha Health Post,Muchinga,Shiwang'andu,Health Post,-11.184927,31.597433,437,1811
4019,Chilenga RuralHealth Centre,North-Western,Zambezi,Health Centre,-14.039146789938,23.73217453125,664,2331
4098,Lukulu District Hospital,Western,Lukulu,1st Level Hospital,-14.2444,23.1535,912,4350
2915,Filipo Health Post,Northern,Lunte,Health Post,-9.852365,30.747583,3157,11215
1299,Nampeyo Rural Health Centre,Southern,Monze,Health Centre,-16.2186191,27.65910013,7582,24173
3016,Munyele Health Post,Northern,Nsama,Health Post,-9.175756,30.172033,558,2183
1851,Matambazi Rural Health Centre,Eastern,Sinda,Health Centre,-14.420845,31.619376,4978,20268
3304,Mbereshi Mission Hospital,Luapula,Mwansabombwe,1st Level Hospital,-9.75308,28.796407,11947,37284
1108,Sikweya Health Post,Southern,Kalomo,Health Post,-17.18205007,26.6990133,1250,5647
2511,Luwi Mission Hospital,North-Western,Mwinilunga,2nd Level Hospital,-12.391262,24.943367,1328,4409
1219,Pemba Main Rural Health Centre,Southern,Pemba,Health Centre,-16.52023905,27.36507948,15710,27763
3800,Sichobo Rural Health Center,Central,Shibuyunji,Health Centre,-15.4716,27.7745,4116,14286
3114,Mukashichimbwe Health Post,Central,Chibombo,Health Post,-14.86609,27.332913,1599,6666
4447,Chainama Staff/Student Clinic,Lusaka,Lusaka,General clinic,-15.3898,28.3553,506475,1641294
4379,A-T Dental Surgery Limited,Lusaka,Lusaka,Dental clinic,-15.3869967,28.3395941,576509,1946804
2654,Mwinilunga District Hospital,North-Western,Mwinilunga,1st Level Hospital,-11.738009,24.43008,6585,13052
2941,Musambeshi Health Post,Luapula,Kawambwa,Health Post,-9.701134,29.359571,1072,5499
3276,Munyumbwe Rural Health Centre,Southern,Gwembe,Health Centre,-16.64636189,27.77724674,8027,15924
1429,Sinungu Rural Health Centre,Western,Nalolo,Health Centre,-15.8044,23.034300000000002,1566,5549
2961,Chabilikila Rural Health Center,Luapula,Nchelenge,Health Centre,-9.54871,28.73623,7749,24207
3013,Kafutuma Rural Health Center,Luapula,Nchelenge,Health Centre,-9.24168,28.80732,9028,29631
4113,Mwenye Health Post,Copperbelt,Ndola,Health Post,-13.003976,28.590587,107871,385378
1726,Mwanambuyu Rural Health Centre,Western,Kaoma,Health Centre,-14.92028,24.02038,814,3075
3269,Gwembe District Hospital,Southern,Gwembe,1st Level Hospital,-16.49753356,27.60086887,3537,10240
3931,Mwanga Health Post,Muchinga,Nakonde,Health Post,-9.308936,32.35361,3902,14215
3632,Ikelenge Rural Health Centre,North-Western,Ikelenge,Health Centre,-11.2401,24.2728,3347,10422
2598,Kazembe Rural Health Centre,Eastern,Lumezi,Health Centre,-12.175297,32.563558,516,2066
3861,Ntoto Health Post,Luapula,Nchelenge,Health Post,-9.2317127060029,28.807858125,8652,27813
1910,Kasimba Rural Health Centre,Western,Kaoma,Health Centre,-14.234,24.966,1991,5008
2596,Saint Johns Medical Center,North-Western,Solwezi,Health Centre,-12.180471,26.423964,47646,98992
3247,Khuli-khuli Health Post,Eastern,Chasefu,Health Post,-11.5516,33.038,1006,3811
3271,Siabbamba Health Post,Southern,Gwembe,Health Post,-16.88182073,27.66177982,1091,4147
4457,Mwanamuzya Health Post,Southern,Siavonga,Health Post,-16.1936,28.2113,1414,6761
2338,Sote Health Post,Central,Serenje,Health Post,-12.935485,30.726086,1091,3958
1591,Kanyama First Level  hospital,Lusaka,Lusaka,1st Level Hospital,-15.283,28.2513,57373,640387
4209,Chimanga Health Centre,Lusaka,Lusaka,Health Centre,-15.4235753,28.3071378,595131,2298565
4448,Packijax Medical Centre,Lusaka,Lusaka,Health Centre,-15.453295,28.264671,635476,1760005
3853,Chimbofuma Health Post,Copperbelt,Mpongwe,Health Post,-13.648431,27.548483,723,2915
1600,Kasisi Rural Health Center,Lusaka,Chongwe,Health Centre,-15.2671,28.4728,7132,41099
2097,Chilese Rural Health Center,Copperbelt,Masaiti,Health Centre,-13.555567,28.671717,2016,7852
2292,Chingi Health Post,North-Western,Chavuma,Health Post,-13.001979,22.726269,3442,10924
3006,Kashikishi Hospital Affiliated Health Center,Luapula,Nchelenge,Health Centre,-9.31805,28.74944,29921,43789
4119,Mpola  Rural Health Post,North-Western,Ikelenge,Health Post,-11.1456,24.1631,6551,15848
4120,Katooka Health Post,North-Western,Ikelenge,Health Post,-11.273,24.2211,2352,10572
1781,Mangango Mission Hospital,Western,Kaoma,1st Level Hospital,-14.6446,24.463836,1369,4371
3922,Chambeshi Health Post,Muchinga,Kanchibiya,Health Post,-10.993575775809,31.11498703125,2135,6412
2369,Chasera Health Post,Eastern,Lumezi,Health Post,-12.849368,32.168201,1078,3686
4118,Munyumbwe Level 1 Hospital,Southern,Gwembe,1st Level Hospital,-15.456396,28.252125,562847,1637104
3059,Kapembwa Health Post,Northern,Mpulungu,Health Post,-8.617938,30.839833,597,2339
4241,Kapaso Health Post,Muchinga,Kanchibiya,Health Post,-11.3658,30.33333,1132,3996
2130,Butikili Health Post,Copperbelt,Mpongwe,Health Post,-13.426881,28.384305,2708,11778
1245,Mwanamwalye Rural Health Centre,Western,Senanga,Health Centre,-16.4075,24.0092,131,502
3206,Shiwang`andu Urban Health Centre,Muchinga,Shiwang'andu,Health Centre,-11.2222,31.82748,1893,4844
2593,Solwezi General Hospital,North-Western,Solwezi,2nd Level Hospital,-12.182919,26.421593,48171,97512
1253,Ngundi Health Post,Western,Senanga,Health Post,-16.0313,23.454,1451,4061
3795,Mukulaikwa Rural Health Center,Central,Shibuyunji,Health Centre,-15.2671,27.7176,6874,18029
3027,Kasumpa Health Post,Luapula,Nchelenge,Health Post,-9.10994,28.798,0,4167
1959,St. Francis Mission Hospital,Eastern,Katete,2nd Level Hospital,-14.06451,32.015472,34144,64494
4036,Mukenge Health Post,North-Western,Zambezi,Health Post,-13.526989957442,23.1389128125,4246,10353
3475,Lwatembo Health Post,Western,Mongu,Health Post,-15.260104,23.806276,464,2254
2523,Sandangombe Health Post,North-Western,Solwezi,Health Post,-12.3666067,26.3576318,3595,10184
2635,Chitungu Rural Health Centre,North-Western,Kalumbila,Health Centre,-11.950442,25.39926,1334,4297
1503,Kataba Rural Health Centre,Western,Nalolo,Health Centre,-15.4464,23.3343,786,4668
2006,Chimtende Rural Health Centre,Eastern,Katete,Health Centre,-13.9284,31.89202,3972,15690
1223,Choompa  Health Post,Southern,Pemba,Health Post,-16.5024749,27.49093786,3311,17751
1754,Kaoma District Hospital,Western,Kaoma,1st Level Hospital,-14.805248,24.798082,17665,28188
2136,Michinka Health Post,Copperbelt,Masaiti,Health Post,-13.414461,28.619352,1457,8099
2187,Kasamba Rural Health Centre,Copperbelt,Mpongwe,Health Centre,-13.262418,28.2618,994,4210
2901,Muyembe Rural Health Center,Luapula,Kawambwa,Health Centre,-9.992027,29.117268,2017,6238
2928,Kawambwa Hospital Affiliated Health Center,Luapula,Kawambwa,Health Centre,-9.79327,29.076635,14355,24613
1454,Kafue General Hospital,Lusaka,Kafue,2nd Level Hospital,-15.7346,28.17,36754,60036
4213,University of Zambia Clinic,Lusaka,Lusaka,Health Centre,-15.431438,28.30825,568177,2155357
1609,Namanongo Rural Health Post,Lusaka,Rufunsa,Health Post,-15.25141,29.07958,1274,4452
3064,Lunchinda Rural Health Centre,Luapula,Chienge,Health Centre,-8.50739,28.991,8622,23255
3636,Sachibondu  Rural Health Cenhtre,North-Western,Ikelenge,Health Centre,-11.5209,24.4645,1049,3812
4125,Chilenga Health Centre,North-Western,Zambezi,Health Centre,-13.761867846903,23.46850265625,1107,3304
3580,Mayankwa Rural Health Centre,Western,Lukulu,Health Centre,-14.434758,23.861663,1427,6179
2574,Mitukutuku Rural Health Centre,North-Western,Solwezi,Health Centre,-12.2481686,26.338734,4734,38602
1211,Sibalumbi Health Post,Southern,Pemba,Health Post,-16.55377492,27.45360796,2974,18961
1620,Maano Health Post,Lusaka,Chilanga,Health Post,-15.220353,27.510567000000002,2460,11369
1751,Kaoma Urban Health Centre,Western,Kaoma,Health Centre,-14.80513,24.79811,17654,28185
1181,Maziba Health Post,Western,Senanga,Health Post,-16.704788,23.664184,5382,12760
3527,Musipazi Rural Health Centre,Northern,Mbala,Health Centre,-8.681789,31.385084,3016,11245
2528,Kamsaro Health Post,Eastern,Lumezi,Health Post,-12.353461,33.033917,6662,22034
1428,Shembwe Health Post,Southern,Mazabuka,Health Post,-15.82088,27.65132,4842,30598
1983,Kwenje Health Post,Eastern,Katete,Health Post,-14.0142,31.5055,7070,26233
1468,Litoya Rural Health Centre,Western,Nalolo,Health Centre,-15.6581,23.3407,1172,3904
1613,Kanemela Health Post,Lusaka,Luangwa,Health Post,-15.244726,30.221261,1128,3270
1007,Katanshya Rural Health center,Luapula,Samfya,Health Centre,-11.4545,29.7216,2559,7480
3629,Yambeji  Rural Health Post,North-Western,Ikelenge,Health Post,-11.1753,24.1721,7054,16957
3772,Nshinso Rural Health Center,Central,Mkushi,Health Centre,-13.7752746,29.8195208,1009,3822
2042,Chipungo Rural Health Centre,Eastern,Chipata,Health Centre,-13.7569,32.4856,8673,28278
3631,Kawota  Hospital Affiliated Health   Centre,North-Western,Ikelenge,Health Centre,-11.1763,24.1883,7002,17323
4128,Chikoyi Peri Urban Health Centre,Northern,Luwingu,Health Centre,-10.2697,29.9279,5483,12994
4454,Kanyemba,Luapula,Mwense,Health Post,-10.399526,28.663311,9093,25391
3435,Kampumbu Rural Health Centre,Muchinga,Isoka,Health Centre,-10.2535,33.0048,2279,7261
3621,Salujinga  Rural Health Centre,North-Western,Ikelenge,Health Centre,-10.9684,24.12311,782,2758
1128,Lutwa Health Post,Southern,Sinazongwe,Health Post,-17.03736568,27.60037039,1960,5378
4455,Zambia Army Health Post,Southern,Choma,Health Post,-16.7972784,27.0033044,90086,127404
3839,Mupambe Health Post,Copperbelt,Mufulira,Health Post,-12.540023,28.273207,57736,126894
1425,Itebe Rural Health Centre,Southern,Mazabuka,Health Centre,-15.829102,27.551229,1938,7673
1979,Kamphambe Rural Health Centre,Eastern,Katete,Health Centre,-14.023,32.15866,4581,23493
1142,Siamuleya Rural Health Centre,Southern,Pemba,Health Centre,-16.949855,27.32786667,1416,5603
2579,Kakombe Rural Health Centre,North-Western,Solwezi,Health Centre,-12.2271461,26.6878972,1671,5957
2929,Shibwalya Kapila Rural Health Centre,Northern,Lunte,Health Centre,-9.786871,30.800516,1393,5779
1254,Nalwashi Rural Health Centre,Western,Sioma,Health Centre,-16.3837,23.1007,1034,4099
1734,Kahare Rural Health Centre,Western,Nkeyema,Health Centre,-14.875053,25.193777,3642,10734
2149,St Theresa Mission Hospital,Copperbelt,Mpongwe,1st Level Hospital,-13.3539437,28.4194136,6632,14755
2176,Mupapa Rural Health Center,Copperbelt,Masaiti,Health Centre,-13.29145,28.700883,2583,11381
3433,Shem Rural Health Centre,Muchinga,Nakonde,Health Centre,-9.528235,32.901878,1836,7345
3623,Muzeya Rural Health  Post,North-Western,Ikelenge,Health Post,-11.0559,24.17568,1593,6432
4291,Baba Medical Centre,Lusaka,Lusaka,General clinic,-15.399211200615,28.25854171875,858332,2263749
4547,Health Esprit,Lusaka,Lusaka,Physiotherapy,-15.4106732,28.3851706,272705,1012641
4060,Mwandasengo Health Post,Western,Luampa,Health Post,-14.9211,24.4711,1422,5579
4490,Lupende,Luapula,Mansa,Health Post,-11.13135,29.202807,1799,7345
3253,Boyole Health Post,Eastern,Chasefu,Health Post,-12.11295,33.08224,3878,17535
2128,Kanyenda Rural Health Centre,Copperbelt,Mpongwe,Health Centre,-13.4349534,28.2378302,2561,9158
1388,Musangu Health Post,Southern,Mazabuka,Health Post,-15.92190687,28.03526438,3712,21211
1960,Chadiza District Hospital,Eastern,Chadiza,1st Level Hospital,-14.061831,32.422264,11311,28559
1118,Nyawa Rural Health Centre,Southern,Kazungula,Health Centre,-17.1013,25.539,272,1254
1743,Kasabi Rural Health Centre,Western,Kaoma,Health Centre,-14.8613,23.76552,615,2171
1028,Namatama Health Post,Southern,Livingstone,Health Post,-17.824226,25.886759,79464,159090
4130,Ipusukilo Rural Health Centre,Northern,Luwingu,Health Centre,-10.378908,29.88385,2734,8459
1105,Lusu Mission Health Post,Western,Sesheke,Health Post,-17.2127,24.09247,1576,4366
2879,Pecha Health Post,Northern,Lunte,Health Post,-10.192192,30.285852,1174,4663
4129,Fikonkonta Health Post,Northern,Luwingu,Health Post,-10.459943,30.143689,1605,5893
3427,Mayembe Health Post,Muchinga,Nakonde,Health Post,-9.550752,32.743538,1739,7388
1633,Mwembeshi Rural Health,Lusaka,Chilanga,Health Centre,-15.204461,27.555786,3051,11386
3765,Mulundu  Health Post,Central,Mkushi,Health Post,-13.613961,29.4097721,15408,26508
2213,Fungulwe Rural Health Centre,Copperbelt,Lufwanyama,Health Centre,-13.098084,28.09539,3977,9343
4216,Mutti-Kabelenga Health Services Limited Hospital,Lusaka,Lusaka,1st Level Hospital,-15.4084425,28.2925516,746478,2497096
4292,Optimal Medical and Wellness Centre,Lusaka,Lusaka,General clinic,-15.38407,28.311666,772301,2329826
4417,Nvumabaranda Rural Health Centre,North-Western,Kalumbila,Health Centre,-12.4776,26.407469,913,4421
3622,Kamafumbu Rural Health Post,North-Western,Ikelenge,Health Post,-11.0517,24.05679,1513,5000
2954,Vincent Bulaya Health Post,Northern,Lunte,Health Post,-9.603284,30.550945,909,3386
3457,Albaraka Health Post,Lusaka,Chilanga,Health Post,-15.3762,28.19042,203311,1104885
2221,Allessandras Urban Health Centre,Copperbelt,Luanshya,Health Centre,-13.150921,28.443364,55729,98394
2083,Nyakatokoli Health Post,Eastern,Mambwe,Health Post,-13.618033,32.078172,1881,6522
1195,Mulele Health Post,Western,Sioma,Health Post,-16.626006,23.115026,440,1695
2104,Bwembelelo Health Post,Copperbelt,Mpongwe,Health Post,-13.5251147,28.2279806,3418,14387
1419,Nega Nega Rural Health Centre,Southern,Mazabuka,Health Centre,-15.83524,28.02313,4751,12967
3418,Chilolwa Rural Health Centre,Muchinga,Nakonde,Health Centre,-9.571427,32.624834,2161,8819
3320,Chipundu Health post,Luapula,Milenge,Health Post,-12.23583,29.44194,655,1692
1191,Simooya Health Post,Southern,Pemba,Health Post,-16.65039965,27.18419233,1153,5127
1085,Mukusi Sawmills Rural Health Centre,Western,Sesheke,Health Centre,-17.3165,24.16153,2354,6105
4158,Kabitaka Merrybegg Clinic,North-Western,Solwezi,Health Centre,-12.18929,26.47641,15234,68912
1124,Namwianga Mission Hospital,Southern,Kalomo,1st Level Hospital,-17.06437703,26.48691159,11132,25252
2018,Chikando Rural Health Centre,Eastern,Chipata,Health Centre,-13.8386,32.4592,4633,23119
3601,Kasanga Health Post,Luapula,Chembe,Health Post,-11.5114939,28.4434,3228,10307
3760,Malubila Health Post,Central,Mkushi,Health Post,-13.658297,29.895443,716,2651
4459,Chimwemwe UCZ Health Post,Lusaka,Lusaka,Health Post,-15.3530973,28.2948824,883742,1907049
4293,Optique Clinic,Lusaka,Lusaka,General clinic,-15.42018,28.3433,428206,1762256
2781,Chibuye Rural Health Centre,Luapula,Chifunabuli,Health Centre,-11.106474,29.437628,5185,16310
1083,Zimba Hospital Affiliated Health Centre,Southern,Zimba,Health Centre,-17.31779214,26.20393022,3613,9846
1410,Mbayamusuma Rural Health Centre,Southern,Mazabuka,Health Centre,-15.856368,27.7547,49564,73788
1248,Sianyoolo Rural Health Centre,Southern,Siavonga,Health Centre,-16.234,28.1819,2834,8243
3250,Lunzi Rural Health Centre,Eastern,Chasefu,Health Centre,-11.69562,33.23124,4028,13894
4132,Nsanja Health Post,Northern,Luwingu,Health Post,-10.356728,29.96659,2447,9279
4242,Kanchibiya Resettlement Health Post,Muchinga,Kanchibiya,Health Post,-11.7062619,31.207733,679,3117
1058,Katima Mulilo Urban Clinic,Western,Sesheke,Health Centre,-17.4712,24.24279,6432,13279
2625,Kyakufuma Rural Health Centre,North-Western,Solwezi,Health Centre,-12.0362924,26.4007701,10262,43792
3412,Ndingindi Health Post,Muchinga,Nakonde,Health Post,-9.865795,32.499842,1014,4114
2998,Kambobe Health Post,Northern,Mporokoso,Health Post,-9.358616,30.2305553,1512,6351
1354,North Star Alliance Wellness Centre,Southern,Chirundu,First-aid stations,-16.033863,28.844357,12910,20357
2594,Solwezi Hospital Affiliated Health Centre,North-Western,Solwezi,Health Centre,-12.182919,26.421593,48171,97512
1647,Mondengwa Mini Hospital,Lusaka,Chilanga,Health Centre,-15.170237,28.023249,1755,6816
1603,Mwanjuni Health Post,Central,Chibombo,Health Post,-15.26092,28.26873,36617,313863
4387,Sinazeze Hills Mini Hospital,Southern,Sinazongwe,Health Centre,-17.133948,27.424226,6606,18057
3758,ZNS Luanshimba Rural Health Centre,Central,Mkushi,Health Centre,-13.709087,29.586333,2484,9957
3762,Mikunku Health Center,Central,Mkushi,Health Centre,-13.7908914,29.043297,3043,10606
2229,Chikabuke Rural Health Centre,Copperbelt,Lufwanyama,Health Centre,-12.95708,28.14627,10846,63652
4495,Nippon Health Clinic,Lusaka,Lusaka,Health Centre,-15.463397,28.2518329,510135,1521090
4458,Lusaka Adventist Clinic,Lusaka,Lusaka,General clinic,-15.339104,28.297042,705562,1688772
1673,Mangelengele Health Post,Lusaka,Luangwa,Health Post,-15.113436,30.105208,845,4084
1400,Chuula Clinic,Southern,Mazabuka,Health Post,-15.870351,27.688514,17892,63951
2067,Machiya Rural Health Centre,Copperbelt,Mpongwe,Health Centre,-13.6466,27.6149,1533,4687
2608,Kimasala Urban Health Centre,North-Western,Solwezi,Health Centre,-12.1513958,26.3861115,45444,108957
3543,Mutwizi Health Post,Northern,Mbala,Health Post,-9.03328,31.235097,1118,5529
4388,Chipata Central Hospital,Eastern,Chipata,3rd Level Hospital,-13.6483,32.6418,119922,178382
4133,Menga Health Post,Northern,Luwingu,Health Post,-10.192942,30.124466,1882,6611
2212,Dengwe Rural Health Centre,North-Western,Kasempa,Health Centre,-13.1849,25.5002,189,809
3979,Kikonge Health Post,North-Western,Mufumbwe,Health Post,-13.110048027006,25.215328828125,687,2396
4243,Kabula Mwiko Health Post,Muchinga,Kanchibiya,Health Post,-11.1657171,31.2744461,1701,4887
1659,Shikabeta Rural Health Center,Lusaka,Rufunsa,Health Centre,-15.14570776,29.39560448,855,2947
2242,Kawama Urban Health Centre,Copperbelt,Luanshya,Health Centre,-13.12128,28.310029,14540,44673
3366,Northern Formation Clinic,Northern,Kasama,Health Centre,-10.21963,31.16868,68222,114775
3672,MerryBegg Health Services,North-Western,Kalumbila,Health Centre,-12.222336,25.411986,831,3237
3809,Kitwe Eye Hospital,Copperbelt,Kitwe,3rd Level Hospital,-12.8141343,28.2105088,236768,540723
3858,Chamubobo Health Post,Eastern,Mambwe,Health Post,-13.697327,32.048188,1373,7834
3525,Liande Health Post,Western,Mongu,Health Post,-15.744946,23.665245,615,2031
2072,Chipata Health Care Private,Eastern,Chipata,Health Centre,-13.6402,32.6469,120307,177667
4493,Untold Global Heal-IT Laboratories and Medical Centre,Lusaka,Lusaka,Health Centre,-15.4079481,28.3085003,665206,2461104
4460,Garden Site 3 Community Health Post,Lusaka,Lusaka,Health Post,-15.3769912,28.2964428,911297,2304059
4278,Makeni Islamic Health Centre,Lusaka,Lusaka,Health Centre,-15.4582123,28.2531654,555669,1612067
2244,New Town Urban Health Centre,Copperbelt,Luanshya,Health Centre,-13.114644,28.404553,50723,112303
3949,Kasunga Health Post,Northern,Mbala,Health Post,-8.926539,31.670332,2740,9666
4134,Tungati Rural Health Centre,Northern,Luwingu,Health Centre,-10.550516,29.9857,2803,9217
2604,Mbonge Rural Health Centre,North-Western,Solwezi,Health Centre,-12.1657971,26.4843642,11077,72799
1237,Nabutezi Rural Health Centre,Southern,Siavonga,Health Centre,-16.2731,28.323,1482,7114
4088,Mande Health Post,Western,Nalolo,Health Post,-15.901712494789,23.259762421875,873,4203
1874,Esther Lungu Rural Health Centre,Eastern,Petauke,Health Centre,-14.362866,31.314898,2411,11990
1988,Undi Rural Health Centre,Eastern,Katete,Health Centre,-13.998327,32.05611,7941,49691
2181,Kabele Health Post,North-Western,Kasempa,Health Post,-13.2755,25.501,155,635
3848,Kanfinsa Health Post,Copperbelt,Ndola,Health Post,-12.882115,28.497843,17377,60655
3254,Phikamalaza Rural Health Centre,Eastern,Chasefu,Health Centre,-12.1252,33.13278,4858,20735
1212,Pemba Sub Health Post,Southern,Pemba,Health Post,-16.53859923,27.39857649,12398,27610
2040,Luswishi Health Post (Mpongwe),Copperbelt,Mpongwe,Health Post,-13.7593,28.274,700,3046
2350,Luangwa Urban Health Center,Copperbelt,Kitwe,Health Centre,-12.875867,28.2502,130398,390638
2351,SOS Kitwe Health Center,Copperbelt,Kitwe,Health Centre,-12.87485,28.24663,136411,396904
3562,Kalunga Health Centre,North-Western,Kabompo,Health Centre,-13.388204,23.776054,881,3100
4135,Shimumbi Rural Health Centre,Northern,Luwingu,Health Centre,-10.703401,30.400859,1021,4471
3827,Ishitwe Health Post,Copperbelt,Masaiti,Health Post,-13.49515,28.881816,2071,7285
3754,Kakushi Health Post,Central,Mkushi,Health Post,-13.80316,29.630947,1852,7485
2178,Mukinge Mission Hospital,North-Western,Kasempa,2nd Level Hospital,-13.2851,25.5118,154,656
2599,Jiwundu Rural Health Centre,North-Western,Kalumbila,Health Centre,-12.173774,25.580638,1082,4186
3372,Location Urban Health Centre,Northern,Kasama,Health Centre,-10.22214,31.18488,78983,116534
2580,Zangamenu Urban Health Centre,North-Western,Solwezi,Health Centre,-12.2071686,26.4234103,33717,84435
2034,Luamabwe Rural Health Centre,Copperbelt,Mpongwe,Health Centre,-13.785298,28.504753,731,3376
2028,Lupande Health Post,Eastern,Katete,Health Post,-13.807671,31.893362,2243,10870
1040,Kanyanga Health Post,Southern,Zimba,Health Post,-17.60645789,26.45349788,1643,7067
3307,Lungo Mukuta Rural Health Center,Luapula,Milenge,Health Centre,-11.50194,29.07797,193,2305
4496,Sitapa Health Post,Western,Sikongo,Health Post,-15.225553,22.400282,495,2147
2276,Indeni Urban Health Centre,Copperbelt,Ndola,Health Centre,-13.03795107,28.67858684,123894,334956
3616,Makale Health Post,Eastern,Lusangazi,Health Post,-14.016579,31.536867,7429,24108
3524,Lewanika Urban Clinic,Western,Mongu,Health Centre,-15.265026,23.137206,58989,74315
1878,Miinga Hospital Affiliated Health Centre,Eastern,Petauke,Health Centre,-14.352282,31.152002,1960,6391
2357,St Clara Health Post,Copperbelt,Lufwanyama,Health Post,-12.8617122,27.682172,1374,4403
2623,Kivuku Health Post,North-Western,Solwezi,Health Post,-12.04677,26.07238,334,1541
2285,Mushili Urban Health Centre,Copperbelt,Ndola,Health Centre,-13.016917,28.62305,172555,412085
3620,Kamyanga Health Post,Northern,Mbala,Health Post,-8.650583,31.300784,2576,9231
3752,Chitina Health Post,Central,Mkushi,Health Post,-13.655397,29.11309,1550,7555
4351,Dr. Wang Surgery,Lusaka,Lusaka,General clinic,-15.3875238,28.3228052,662184,2234502
3109,Mum's Care Hospital - HQ,Lusaka,Lusaka,1st Level Hospital,-15.441212,28.294821,608419,2043274
4340,OM Medical Services (Dialysis Centre),Lusaka,Lusaka,General clinic,-15.42255,28.319037,532694,2169553
2854,Luminu Rural Health Centre,Luapula,Chipili,Health Centre,-10.3842,29.159300000000002,817,2935
1065,Zambezi Rural Health Centre,Western,Sesheke,Health Centre,-17.4404,24.3777,820,6534
4244,Chipi Health Post,Muchinga,Kanchibiya,Health Post,-11.483483,30.405924,862,3713
2364,Kalengwa South Health Post,Copperbelt,Kalulushi,Health Post,-12.853502,28.078771,28348,81326
4137,Laurent Chita Health Post,Northern,Luwingu,Health Post,-10.289924,30.214474,1602,5562
4136,Luwingu District Hospital,Northern,Luwingu,1st Level Hospital,-10.254673,29.924269,5479,12830
3169,Chaminuka Health Post,Lusaka,Chongwe,Health Post,-15.2545,28.31422,14425,225196
1786,Mankhungwe Health Post,Eastern,Petauke,Health Post,-14.636424,31.11327,3591,11243
2268,Chavuma mission HAHC,North-Western,Chavuma,1st Level Hospital,-13.059024,22.734083,6558,16050
4497,Chitanda Lumamba,Central,Chibombo,1st Level Hospital,-14.63887,27.59458,2091,6475
1540,Matero First Level Hospital,Lusaka,Lusaka,1st Level Hospital,-15.372929,28.264467,945034,2109511
2373,Kalulushi Main Urban Health Centre,Copperbelt,Kalulushi,Health Centre,-12.839887,28.100777,39803,126511
3373,Chisanga Urban Health Centre,Northern,Kasama,Health Centre,-10.24539,31.19603,55114,108324
1036,Simalundu Rural Health Centre,Southern,Zimba,Health Centre,-17.65951098,26.55187031,1387,5564
4138,Luena Rural Health Centre,Northern,Luwingu,Health Centre,-10.651842,30.207757,2567,8347
3426,Kalungu Rural Health Centre,Muchinga,Isoka,Health Centre,-9.6859,32.7048,1284,4975
3989,Kalongelo Health Post,North-Western,Mufumbwe,Health Post,-13.692109,25.554193,390,1477
4463,Mukalashi,Central,Chibombo,Health Centre,-14.619461,28.181913,2795,10922
3764,Momboshi  Health Post,Central,Mkushi,Health Post,-13.902273,29.586072,1435,6287
3173,Chipeketi Rural Health Post,Lusaka,Rufunsa,Health Post,-15.1945,29.90112,307,1457
1559, Tiny Tim & Friends Health Centre,Lusaka,Lusaka,Health Centre,-15.3487,28.3567,355208,1306196
4245,Crown Dental Clinic,Lusaka,Lusaka,Dental clinic,-15.453846,28.266216,635008,1756462
3033,Chileshya Rural Health Centre,Northern,Senga Hill,Health Centre,-9.019715,31.895079,2186,8897
3196,Sansamwenje Health Post,Muchinga,Isoka,Health Post,-9.78799,32.74736,1602,5114
1794,Mwanjawanthu Rural Health Centre,Eastern,Petauke,Health Centre,-14.591661,31.375937,4965,13739
2261,Sanjongo Health Post,North-Western,Chavuma,Health Post,-13.076276,22.669166,4344,12450
3039,Ntembo Health Post,Northern,Senga Hill,Health Post,-8.934097,31.898917,1212,4458
3713,Mulungushi Power Health post,Central,Kapiri-Mposhi,Health Post,-14.730464,28.844439,1064,3340
1035,Mapatizya Rural Health Centre,Southern,Zimba,Health Centre,-17.6935431,26.86411866,3923,11259
2014,Mwinuna Rural Health Centre,Copperbelt,Mpongwe,Health Centre,-13.860419,27.836332,1124,3964
3536,Special Forces Clinic,Northern,Mbala,Health Post,-8.885757,31.277183,4933,31509
2168,Chisengu Health Post,Eastern,Mambwe,Health Post,-13.299644,32.218849,2977,8615
3898,Chawama First Level  Hospital,Lusaka,Lusaka,1st Level Hospital,-15.4287,28.2898,661481,2286975
4124,Lubinga Health Post,North-Western,Kalumbila,Health Post,-11.913301,25.684726,476,1874
2381,Carewell Medical Centre,Copperbelt,Kitwe,Health Centre,-12.8251,28.21188,223300,541712
4139,Bulambo Health Post,Northern,Luwingu,Health Post,-10.4429,30.142239,1643,5808
1171,Shampande Urban Health Centre,Southern,Choma,Health Centre,-16.75203291,26.96318918,19188,114961
2286,Mansansa Health Post,Copperbelt,Luanshya,Health Post,-13.013764,28.492868,19291,76476
1991,Sasu Rural Health Centre,Eastern,Lusangazi,Health Centre,-13.979674,31.30045,6170,22066
3669,Ndaula Mini Hospital,Eastern,Sinda,Health Centre,-14.320215,31.8889282,5504,19525
3725,Kafinda Health post,Central,Kapiri-Mposhi,Health Post,-14.131558,29.027576,1366,5099
2293,Ndeke Urban Health Centre (Ndola),Copperbelt,Ndola,Health Centre,-13.001883,28.656367,204468,444146
4285,Nakonga Clinic,Lusaka,Lusaka,General clinic,-15.483929183107,28.280514375,429386,1291708
4261,Eye-Co Opticians Clinic,Lusaka,Lusaka,Eye clinic,-15.4172654,28.281578,730781,2412911
2255,Chikanji Health Post,North-Western,Chavuma,Health Post,-13.078058,22.713919,5723,15643
1183,Chiyumbabeenzu  Health Post,Southern,Pemba,Health Post,-16.69072167,27.40435,1109,5528
1641,Zambia Army  Apollo Rural Health (L85),Lusaka,Chilanga,Health Centre,-15.185574,28.065961,1834,7630
2666,Lwawu Rural Health Center,North-Western,Mwinilunga,Health Centre,-11.623935,24.062011,3357,8458
1993,Jifumpa Rural Health Centre,North-Western,Kasempa,Health Centre,-13.967753,26.319746,756,2443
1189,Naluja Rural Health Centre,Southern,Kalomo,Health Centre,-16.66651282,26.55407544,3781,11437
4247,Chibwa Health Post,Muchinga,Kanchibiya,Health Post,-11.5255,31.1445,635,2997
3880,Mtengo Health Post,Lusaka,Chilanga,Health Post,-15.5389,28.23451,182554,494123
2796,Lundu Rural Health Centre,Eastern,Chama,Health Centre,-10.9923,32.3835,388,1288
1921,Chamandala Health Post,Eastern,Chadiza,Health Post,-14.196895,32.385246,5298,22117
1605,Janeiro Health Post,Lusaka,Luangwa,Health Post,-15.252985,30.182306,747,3088
3927,Ituntu Health Post,Muchinga,Nakonde,Health Post,-9.6241,32.9214,1338,5847
3341,Misengo Rural Health Centre,Northern,Kasama,Health Centre,-9.91287,30.70284,4492,15510
2301,Northern Command Military Hospital,Copperbelt,Ndola,1st Level Hospital,-12.99124224,28.65381509,204949,461215
2159,St Kalemba Rural Health centre,North-Western,Manyinga,Health Centre,-13.31455,24.28575,2762,9132
2209,Lukolwe RHC,North-Western,Chavuma,Health Centre,-13.19568,22.681353,1345,4021
2383,Beatrice Memorial Medical Centre,Copperbelt,Kitwe,Health Centre,-12.82032,28.21177,230302,543569
3357,Mwamba Rural Health Centre,Northern,Kasama,Health Centre,-10.10094,31.06143,3910,17859
3703,Chibwe Health Centre,Central,Kapiri-Mposhi,Health Centre,-14.315959,28.709746,2356,10252
4246,Dr Yang Surgery,Lusaka,Lusaka,General clinic,-15.4452244,28.3511156,314884,1306206
3533,Mbala (Chulungoma) Urban Clinic,Northern,Mbala,Health Centre,-8.864431,31.385244,26834,48836
3555,Kayombo Health Centre,North-Western,Kabompo,Health Centre,-13.308398,24.070395,1642,4163
4215,TAZARA Mununga Quarry Clinic,Muchinga,Lavushi Manda,First-aid stations,-12.672333,31.020447,269,830
4498,Muyembe Health POst,Northern,Lunte,Health Post,-10.10169,30.06146,724,3570
3925,Mwenda Chabe Health Post,Muchinga,Lavushi Manda,Health Post,-12.84162,30.345184,1005,3816
2309,Telnor Urban Health Centre,Copperbelt,Ndola,Health Centre,-12.97272466,28.64710372,192467,467118
3519,Imwiko Health Post,Western,Mongu,Health Post,-15.272172,23.151014,57442,74227
3579,Kasheke Health Post (Lukulu),Western,Lukulu,Health Post,-14.1147,23.2316,1144,4136
3313,Changwe Lungo  Health post,Luapula,Milenge,Health Post,-12.33694,29.16139,118,339
1166,Njase Rural Health Centre,Southern,Choma,Health Centre,-16.77996255,26.99124618,73670,125881
2112,Kamiza Rural Health Centre,Eastern,Katete,Health Centre,-13.5022,32.062,824,4755
3018,Nsokolo Rural Health Centre,Northern,Senga Hill,Health Centre,-9.16935,31.832681,1905,8087
2140,Loloma Hospital Affiliated Health Centre,North-Western,Manyinga,Health Centre,-13.39525,24.31496,7294,16885
2201,Shivuma Health Post,North-Western,Kasempa,Health Post,-13.2102,25.5632,168,689
2113,Malama Rural Health Centre,Eastern,Mambwe,Health Centre,-13.5014,31.5663,5958,18694
3243,Kashinka Rural Health,Northern,Kasama,Health Post,-10.44641,30.47559,496,2511
3309,Chibende Health post,Luapula,Milenge,Health Post,-11.56181,29.10833,166,1850
3528,Kuluzi (Kaseshya) Health Post,Northern,Mbala,Health Post,-8.690588,31.48384,2629,8629
3684,Mwelebi Health Post,Central,Chibombo,Health Post,-14.880098,27.599729,1622,6217
3460,Kasoma Lunga Rural Health Center,Luapula,Lunga,Health Centre,-11.41699,30.143098,523,2171
3496,Kabulamema Health Centre,North-Western,Kabompo,Health Centre,-13.850858,24.013441,584,1902
3661,ZNS Kafue Rural Health Centre,Lusaka,Kafue,Health Centre,-15.6993,28.222,8645,53315
4141,Namukolo Peri Urban Health Centre,Northern,Luwingu,Health Centre,-10.254673,29.924269,5479,12830
4142,Malekani Health Post.,Northern,Luwingu,Health Post,-10.5960398,30.0241903,2423,8908
4464,Game Health Post,Southern,Siavonga,Health Post,-16.5297408,28.7250846,16629,23107
4499,Mulukuma Health Post,Northern,Lunte,Health Post,-10.10813,30.30365,809,3716
3514,Namushakende Rural Health Centre,Western,Mongu,Health Centre,-15.445298,23.21748,5148,14831
2402,Kameme Health Post,Copperbelt,Kalulushi,Health Post,-12.79832822,28.05824,11273,63727
3337,Lubushi Rural Health Centre,Northern,Kasama,Health Centre,-10.25867,30.46617,1849,6197
2133,Mphomwa Rural Health Centre,Eastern,Mambwe,Health Centre,-13.418238,32.318517,2247,8852
1476,Nasilimwe Rural Health Centre,Western,Nalolo,Health Centre,-15.6077,22.9682,2451,7201
2565,Nkulumazhimba Rural Health Centre,North-Western,Kalumbila,Health Centre,-12.286652,25.810046,4561,14499
3343,Mumbi Mukulu Health Post,Northern,Kasama,Health Post,-11.00431,30.77392,494,2349
2670,Ntambu Sachitolu Health Post,North-Western,Mwinilunga,Health Post,-11.565899,24.133667,1530,5170
1534,Amoro Health Post,Lusaka,Luangwa,Health Post,-15.38494,30.2073,348,1800
1280,Sejamba Health Post,Western,Mulobezi,Health Post,-16.3032,25.0039,310,1172
2390,Progress Medical Center,Copperbelt,Kitwe,1st Level Hospital,-12.80951,28.22521,256105,532291
3484,Chishila Health Post,Southern,Itezhi-Tezhi,Health Post,-15.6669386061,26.443673268584998,1124,5358
2349,Nkana Health Post,Copperbelt,Lufwanyama,Health Post,-12.87923,28.09089,23951,89542
4466,Defence School of Health Sciences Clinic,Lusaka,Lusaka,Health Centre,-15.3823639,28.2779735,958529,2310524
4248,Diamond Dental Surgery Limited,Lusaka,Lusaka,General clinic,-15.428749,28.289802,661318,2286163
3955,Mwenda Health Post,North-Western,Zambezi,Health Post,-13.801880452352,22.842281953125,457,1729
4122,Katombi Health Post,North-Western,Manyinga,Health Post,-13.5711076,24.4411774,496,2252
3140,Mukopa Health Post,Central,Serenje,Health Post,-13.742707,30.163424,285,1105
4500,Kabosha Health Post,Northern,Lunte,Health Post,-9.4819,30.6892,720,3033
4143,Mfungwe Health Post,Northern,Luwingu,Health Post,-10.659786,30.024099,2290,8168
2317,Daghamskhoeld Health Post,Copperbelt,Ndola,Health Post,-12.96912114,28.59667861,136916,416301
3980,Lalafuta Health Post,North-Western,Mufumbwe,Health Post,-14.159808,24.878872,478,2423
1315,Ntambo Health Post,Southern,Monze,Health Post,-16.17638581,27.65055419,4328,19154
1471,Banamwaze Rural Health Centre,Southern,Itezhi-Tezhi,Health Centre,-15.627004504447,26.580991555542,633,2738
1828,Mtumbata Health Post,Eastern,Petauke,Health Post,-14.458265,31.161183,1611,8209
3338,Mwelushi Health Post,Muchinga,Lavushi Manda,Health Post,-12.54799,30.292159,698,3060
1324,Chikanzaya Rural Health Center,Southern,Chirundu,Health Centre,-16.135567000000002,28.463027,1067,4337
2412,Mindolo 1 Urban Health Center,Copperbelt,Kitwe,Health Centre,-12.78605,28.175133,145909,495222
4123,Manyinga Mini Hospital,North-Western,Manyinga,Health Centre,-13.39732,24.38149,4872,15556
1738,Malambanyama Rural Health Centre,Central,Chibombo,Health Centre,-14.8625,27.7025,2565,8658
3462,Chipoka Health Post,Northern,Mbala,Health Post,-9.092321,31.765027,3878,13147
1592,Namabanga Health Post,Central,Mumbwa,Health Post,-15.28093,27.18197,1351,6146
4115,Chipundu Rural Health Center,Central,Chitambo,Health Centre,-12.3055,30.301,442,1792
4300,Smile Dental Clinic - Rhodespark,Lusaka,Lusaka,Dental clinic,-15.41247,28.304986,661507,2457726
4002,St Dorothy Rural Health Centre,North-Western,Mushindano,Health Centre,-12.3422,27.0667,1017,2784
3965,Maheba G Rural Health Centre,North-Western,Kalumbila,Health Centre,-12.546981,25.888778,1127,3782
3665,Risch Medical Centre,Lusaka,Lusaka,General clinic,-15.428495,28.214517,392705,1473715
3014,John Chikomangombe Health Post,Northern,Senga Hill,Health Post,-9.239784,32.062296,812,3586
1868,Chisonso Health Post,Eastern,Petauke,Health Post,-14.379806,31.285939,2796,10162
3992,Kamazovu Health Post,North-Western,Mufumbwe,Health Post,-13.012032,24.038018,1110,3182
3885,Kasenga B Health Post,Lusaka,Chongwe,Health Post,-15.3192,28.43208,28716,237121
3698,Nachishila Health Post,Southern,Itezhi-Tezhi,Health Post,-16.037042610851,26.068829194336,496,2174
2609,Kabwela Rural Health Centre,North-Western,Solwezi,Health Centre,-12.1441607,26.4632636,19545,96146
1427,Kafue Mission Rural Health Centre,Lusaka,Kafue,Health Centre,-15.8242,28.24112,14295,43709
3365,Lukupa Rural Health Centre,Northern,Kasama,Health Centre,-10.12836,31.16508,7830,66456
2325,Dola Hill Urban Health Centre,Copperbelt,Ndola,Health Centre,-12.956417,28.589883,127599,385255
3566,Chifuwe South Health Post,North-Western,Kabompo,Health Post,-13.68179,24.297579,542,3387
3274,Sinafala Rural Health Centre,Southern,Gwembe,Health Centre,-16.82522864,27.75039825,2301,7735
3872,Chipungu Rural Health Centre,Luapula,Chienge,Health Centre,-8.543545,29.027535,7278,19075
2459,Kankolonkolo Rural Health Centre,North-Western,Kasempa,Health Centre,-12.5859,26.011,385,1943
1139,Simukanka Health Post,Southern,Choma,Health Post,-16.97757794,26.86205909,3119,13320
2995,Kapufi Health Post,Northern,Senga Hill,Health Post,-9.370793,31.772351,1396,5471
1249,Macha Mission Hospital,Southern,Choma,2nd Level Hospital,-16.39207179,26.79035543,2094,6310
1814,Itumbwe Health Post,Central,Chibombo,Health Post,-14.36652,27.15969,293,1235
3748,Chalata Rural Health Center,Central,Mkushi,Health Centre,-13.5508694,29.6831542,4075,11729
3878,John Howard Discover Health Post,Lusaka,Lusaka,Health Post,-15.445963,28.293805,599909,1948038
4392,Chibuyu Health Post,Southern,Mazabuka,Health Post,-15.621084876016,29.709438691406,329,1009
3011,Kilwa Island Rural Health Center,Luapula,Nchelenge,Health Centre,-9.2715,28.40812,3249,6688
3589,Siavonga Secondary School Health Post,Southern,Siavonga,Health Post,-16.315477,28.420127,3650,10151
1831,Kasanda Urban Health Centre,Central,Kabwe,Health Centre,-14.4554,28.426,94552,174765
3941,St. Fidelis (Chilubula) Mission Hospital,Northern,Kasama,1st Level Hospital,-10.00654,30.87493,3446,14972
3870,Kalande Health Post,Luapula,Chienge,Health Post,-9.057733,29.112929,5890,26634
2990,Mpande Rural Health Centre,Northern,Senga Hill,Health Centre,-9.397233,31.684851,1306,5017
2513,Mutanda Research Rural Health Centre,North-Western,Kalumbila,Health Centre,-12.390915,26.258845,2072,7282
1463,Nanjuca Rural Health Centre,Western,Nalolo,Health Centre,-15.6821,23.2341,1418,4790
1113,Lipaneno Health Post,Western,Sioma,Health Post,-17.13549,22.797899,125,474
1441,Kafue East Health Post,Lusaka,Kafue,Health Post,-15.764943,28.198023,40893,65635
4393,Nachipoma health post,Southern,Mazabuka,Health Post,-15.936942,27.541905,2124,10481
3512,Luandui Rural Health Centre,Western,Mongu,Health Centre,-15.442858,23.526808,961,3762
1131,Kalobolelwa Rural Health Centre,Western,Sesheke,Health Centre,-17.0297,23.97927,1579,4274
2332,Kalewa Garrison Camp Urban Health Centre,Copperbelt,Ndola,Health Centre,-12.94681333,28.63448167,167292,425342
2416,Morning Rise Surgery,Copperbelt,Kitwe,Health Centre,-12.7767,28.23369,216612,480270
2984,Kambwali Rural Health Center,Luapula,Nchelenge,Health Centre,-9.43187,28.74144,7335,25440
1707,Bulungu Urban Clinic,Central,Mumbwa,Health Centre,-14.98482,27.05986,19139,30033
4467,JB CASFORT CLINIC,Lusaka,Lusaka,General clinic,-15.339104,28.297042,705562,1688772
4394,Mbiya Health Post,Southern,Mazabuka,Health Post,-15.940008,27.623155,4192,17868
4249,Dazzling Dental and Medicare Clinic,Lusaka,Lusaka,General clinic,-15.404113,28.3102495,675422,2456678
4165,Chilebe Urban Health Centre,Copperbelt,Mufulira,Health Centre,-12.540064,28.241783,75181,128158
1098,Masuku Mines Terminal Rural Health Centre,Southern,Choma,Health Centre,-17.27264574,27.10455467,4298,12445
1762,Kachele Health Post,Central,Chisamba,Health Post,-14.765936,28.192223,1144,6173
1558,Luangwa District Hospital,Lusaka,Luangwa,1st Level Hospital,-15.354193,30.225596,478,2349
1187,Kasima Health Post,Western,Mulobezi,Health Post,-16.677937,25.164086,495,1831
3935,Kasonde Chisuna Health Post,Northern,Kasama,Health Post,-10.28287,31.04698,874,4179
2137,Chikowa Rural Health Centre,Eastern,Mambwe,Health Centre,-13.408992,32.086199,1779,6195
1292,Mapanza Rural Health Centre,Southern,Choma,Health Centre,-16.25376707,26.90576786,1485,5277
3868,Kalobwa Health Post,Luapula,Chienge,Health Post,-8.8899375,29.3684375,769,3863
1857,Ngungu Urban Health Centre,Central,Kabwe,Health Centre,-14.392926,28.392926,20319,137564
2568,Njoka Health Post,Eastern,Lumezi,Health Post,-12.269169,32.934707,1630,7728
1115,Magumwi Health Post,Western,Mwandi,Health Post,-17.11465,25.090019,365,1503
2424,Village of Hope Urban Health Centre,Copperbelt,Kitwe,Health Centre,-12.75129,28.19154,174296,414134
2963,Chisenga Island Rural Health,Luapula,Nchelenge,Health Centre,-9.54508,28.60317,2681,10441
4395,Mazabuka central medical clinic,Southern,Mazabuka,Health Centre,-15.8624941,27.766817,46351,73252
3999,Kasapa Mini Hospital,North-Western,Mushindano,Health Centre,-12.2011,27.25,472,1732
3118,Kawama Health Post,Central,Chisamba,Health Post,-14.490598,28.598699,1524,9240
2210,Chibobo Health Post,Central,Serenje,Health Post,-13.193715,30.061856,1307,5608
4005,Kamisenga Rural Health Centre,North-Western,Mushindano,Health Centre,-12.269142,26.814463,785,2657
4301,Peerless Health Services Limited Clinic,Lusaka,Lusaka,General clinic,-15.43739,28.2973534,606289,2110736
4302,South Point Clinic -Woodlands,Lusaka,Lusaka,General clinic,-15.453041,28.351982,285420,1169319
4469,Greenleaf Clinic,North-Western,Solwezi,Health Centre,-12.159984,26.424,46824,110457
2581,Solwezi TT College Urban Health Centre,North-Western,Solwezi,Health Centre,-12.2037808,26.4078267,41077,87002
4251,Chendapanshi Health Post,Muchinga,Kanchibiya,Health Post,-11.5275,30.543967,641,3127
1970,Watopa Rural Health Centre,Western,Lukulu,Health Centre,-14.039157,23.631639,1077,3960
4396,Kabanje Rural Health Post,Southern,Mazabuka,Health Post,-15.93995,27.623022,4191,17861
2106,Kanjibiji Rural Health Centre,North-Western,Kasempa,Health Centre,-13.516753,25.940825,1131,4150
3072,Lambwe Chomba Rural Health Centre,Luapula,Chienge,Health Centre,-8.41114,29.59925,6962,19428
2434,Cosetco Health Post,Copperbelt,Kitwe,Health Post,-12.720217,28.152133,69113,241221
1169,Mwanambao Health Post,Western,Sioma,Health Post,-16.756147,23.294919,198,768
3943,Nshindaila Health Post,Northern,Lupososhi,Health Post,-10.549334,29.543279,1059,4269
1496,Juflona Clinic,Lusaka,Kafue,Diagnostic centre,-15.4625,28.1118,13337,80282
1739,Chisamba Ranch Health Post,Central,Chisamba,Health Post,-14.861771,28.191088,1601,7962
2986,Chikwanda Health Post,Northern,Senga Hill,Health Post,-9.412163,31.521004,1508,5455
3170,Ndapula Health Post,Lusaka,Chongwe,Health Post,-15.5515,28.81608,1360,5876
1148,Mushukula Rural Health Centre,Western,Mwandi,Health Centre,-16.886642,24.529431,375,1335
1348,Kaunga-Lueti Rural Health Centre,Western,Nalolo,Health Centre,-16.0687,23.0253,1730,5086
2999,Chozi  Tazara Rural Health Centre,Northern,Senga Hill,Health Centre,-9.353947,32.043667,1390,6324
4024,Kucheka Health Post,North-Western,Zambezi,Health Post,-13.782541882203,22.893780366211,635,2123
1753,Chamakubi Health Post,Central,Chibombo,Health Post,-14.79995,27.642026,1648,6801
1682,Nambala Rural Health Centre,Central,Mumbwa,Health Centre,-15.09511,27.0236,2758,11550
2284,Kabundi Rural Health Centre,Central,Serenje,Health Centre,-13.0179,30.0207,1635,5971
2263,Kanona Health Post,Central,Serenje,Health Post,-13.071918,30.628165,2948,7834
1660,Katondwe Mission Hospital,Lusaka,Luangwa,1st Level Hospital,-15.144761,30.14503,946,4435
2802,Miponda Rural Health Centre,Luapula,Chifunabuli,Health Centre,-10.94076,29.547457,4549,16047
3230,Nyango Health Centre,Western,Kaoma,Health Centre,-14.575,24.599,653,2270
2585,Weighbridge Urban Health Centre,North-Western,Solwezi,Health Centre,-12.1922547,26.4499923,28737,85229
3205,Malekani Health Post,Muchinga,Shiwang'andu,Health Post,-10.9839,31.55339,239,1031
2583,Wisdom Health Post,North-Western,Solwezi,Health Post,-12.1972844,26.3597182,32433,80192
4330,Zambia Breweries Staff Clinic,Lusaka,Lusaka,General clinic,-15.3929361,28.2475767,836912,2105395
1179,Sichili Rural Health Centre,Western,Mulobezi,Health Centre,-16.7066,24.953,736,2241
2192,Mfuwe International  Airport  Clinic,Eastern,Mambwe,Health Centre,-13.255629,31.930561,3971,11895
2443,Fitanda Health Post,Copperbelt,Kalulushi,Health Post,-12.646949,27.997711,13672,54490
2968,Chomba Health Post,Northern,Senga Hill,Health Post,-9.536598,31.288244,2061,10285
2087,Mufwashi Health Post,North-Western,Kasempa,Health Post,-13.603801,26.078436,587,2134
2406,Riverside Urban Health Center,Copperbelt,Kitwe,Health Centre,-12.79215,28.23987,219814,498828
4035,Mukong'u Health Post,North-Western,Zambezi,Health Post,-14.465073250825,22.91918625,489,1884
2047,Mbulumunene Health post,North-Western,Kasempa,Health Post,-13.743595,25.96018,506,1893
2605,Chiwoma Rural Health Centre,North-Western,Mwinilunga,Health Centre,-12.162332,24.905685,898,2821
1709,Chisamba Rural Health Centre,Central,Chisamba,Health Centre,-14.9834,28.3772,10148,20346
2270,Kalela Health Post,Central,Serenje,Health Post,-13.055451,30.766734,1719,5640
4014,Mushindamo Rural Health Centre,North-Western,Mushindano,Health Centre,-11.8574,27.1194,1087,4305
3903,Lilayi Urban Health Centre,Lusaka,Lusaka,Health Centre,-15.5396,28.2859,186809,576019
4252,Digital Optical Limited,Lusaka,Lusaka,General clinic,-15.4172653,28.281219,731702,2411259
4303,South Point Clinic - Avondale,Lusaka,Lusaka,General clinic,-15.3750142,28.3843485,315950,1005079
3509,Mulambwa Urban Health Centre,Western,Mongu,Health Centre,-15.276048,23.129728,54173,72968
2797,Chaba Rural Health Centre,Northern,Chilubi,Health Centre,-10.979023,30.085477,2470,9066
3229,Mangango ZNS Rural Health Centre,Western,Kaoma,Health Centre,-14.615,24.411,794,3198
3098,Plantsite Chambishi Health Post,Copperbelt,Kalulushi,Health Post,-12.659561,28.057495,34581,67826
2587,Kazomba Urban Health Centre,North-Western,Solwezi,Health Centre,-12.1889281,26.3767794,44930,89156
3019,Sikalembe Health Post,Northern,Senga Hill,Health Post,-9.164018,32.047158,1250,5449
3382,Michael Chilufya Sata Hospital,Muchinga,Mpika,1st Level Hospital,-11.82293,31.370931,16135,67589
3329,Lufubu Health Post,Northern,Lupososhi,Health Post,-10.32726,29.6897,1860,6200
2642,Kaonda Rural Health Centre,Muchinga,Kanchibiya,Health Centre,-11.844404,30.7443,760,2651
3506,Lukalanya Rural Health Centre,Western,Mongu,Health Centre,-15.274718,23.717128,673,2910
1157,Zambia National Service Rural Health Centre,Southern,Choma,Health Centre,-16.80876352,26.90164405,8429,96113
3995,Wishimanga Health Post,North-Western,Mufumbwe,Health Post,-13.120747776974,24.704464570313,485,2108
3143,Nabobwa Health Post,Central,Serenje,Health Post,-12.622549,30.071823,466,1812
1285,Zambia College of Agriculture Rural Health Centre,Southern,Monze,Health Centre,-16.28666702,27.51821986,32498,67095
1455,Itezhi Tezhi District Hospital,Southern,Itezhi-Tezhi,1st Level Hospital,-15.736358,26.022695,3969,7116
3912,Lusaka Central Prison Health Centre,Lusaka,Lusaka,Health Centre,-15.43121,28.308517,567150,2157160
2527,Kisalala Rural Health Centre,North-Western,Solwezi,Health Centre,-12.353611,26.5323147,1667,6460
1268,Namoomba Rural Health Centre,Southern,Siavonga,Health Centre,-16.345332,28.83702,792,3091
4397,Kaonga Mini Hospital,Southern,Mazabuka,Health Centre,-15.861803,27.767337,46413,73193
4328,Progressive Opticians,Lusaka,Lusaka,Eye clinic,-15.4045146,28.2963274,755327,2510498
4253,CIDRZ Central Laboratory,Lusaka,Lusaka,Specimen Collection centre,-15.4064697,28.3303516,534970,2127248
4254,Double Six Opticians,Lusaka,Lusaka,Eye clinic,-15.4207011,28.2806481,718117,2375322
4305,Specialty Emergency Services,Lusaka,Lusaka,General clinic,-15.439875,28.325033,472266,1810745
2659,ZCA Rural Health Centre,Muchinga,Mpika,Health Centre,-11.7049,31.4555,5605,16252
2203,Lupiya Health Post,Copperbelt,Masaiti,Health Post,-13.2085,28.2021,845,4476
3529,Zombe Health Post,Northern,Mbala,Health Post,-8.734226,31.429955,4424,14757
1446,Maseele Rural Health Centre,Southern,Namwala,Health Centre,-15.76056613,26.41885774,4392,10516
1168,Batoka Rural Health Centre,Southern,Choma,Health Centre,-16.76868842,27.25040959,10162,17944
2453,Lukoshi Rural Health Centre,Copperbelt,Kalulushi,Health Centre,-12.617545,28.143778,9415,74103
3203,ZNS Mpika Rural Health Centre,Muchinga,Mpika,Health Centre,-11.965072,31.330157,2630,12804
1293,Moobola Rural Health Centre,Southern,Namwala,Health Centre,-16.24738819,26.69721781,1550,5656
3217,Kawe Health Post,Northern,Mpulungu,Health Post,-8.7122,31.19967,1706,10312
3990,Lumwe Health Post,North-Western,Mufumbwe,Health Post,-13.270563,24.624712,592,2852
2054,Lusandwa South Health Post,Eastern,Mambwe,Health Post,-13.705069,31.799158,553,2755
3503,Liyoyelo Urban Health Centre (Mongu),Western,Mongu,Health Centre,-15.241075,23.144397,54261,76316
4144,Misambula Health Post,Northern,Luwingu,Health Post,-10.3303,30.145,1092,5248
3984,Munyambala Health Centre,North-Western,Mufumbwe,Health Centre,-13.359773,24.862351,469,1686
4398,Siangweemu Health Post,Southern,Chirundu,Health Post,-15.975637,28.663232,2633,9678
4145,Mwingilila Health Post,Northern,Luwingu,Health Post,-10.4026,30.1027,1442,5763
4146,Njoko Health Post,Northern,Luwingu,Health Post,-10.732002,30.546156,894,3416
3476,Sibongo Health Post,Western,Mongu,Health Post,-15.506845,23.984653,245,812
2553,Tom-Ilunga Rural Health Centre,North-Western,Mwinilunga,Health Centre,-12.309292,25.111793,1272,3872
4156,Kabisonga Mini Hospital,North-Western,Kasempa,Health Centre,-13.2916,25.5342,161,700
2211,Masase Health Post,Central,Serenje,Health Centre,-13.193566,31.076757,689,2875
2197,Serenje Urban Clinic,Central,Serenje,Health Centre,-13.2343,30.2352,8870,19136
1965,West Five Rural Health Centre,Western,Lukulu,Health Centre,-14.047933,24.634647,307,1187
4150,Nalolo District Hospital,Western,Nalolo,1st Level Hospital,-15.32,23.06,1588,25355
3285,Nyanga Chaamwe Rural Health Centre,Southern,Gwembe,Health Centre,-16.47498846,28.09447336,3901,13206
2688,Chikakala Health Post,Muchinga,Kanchibiya,Health Post,-11.406606,31.236157,2411,7446
1272,Mabombo Health Post,Southern,Kalomo,Health Post,-16.33481195,26.4325189,3360,11792
4255,Chakopo Health Post,Muchinga,Kanchibiya,Health Post,-11.7872,31.06934,724,2543
1172,Bbilili Rural Health Centre,Southern,Kalomo,Health Centre,-16.74927573,26.234204,3937,14713
3450,Kalingindi Health Post,Eastern,Nyimba,Health Post,-14.57585,30.70157,1049,3908
3500,Mabumbu Rural Health Centre,Western,Mongu,Health Centre,-15.175911,23.154077,11276,49249
1209,Mbabala Rural Health Centre,Southern,Choma,Health Centre,-16.56323499,26.95693159,2527,7003
4308,Phil Labs,Lusaka,Lusaka,Diagnostic centre,-15.409461,28.30701,666275,2465038
4031,Chizozu Rural  Health Centre,North-Western,Zambezi,Health Centre,-13.911213168888,23.677242890625,1767,6454
4038,Muswiza Heath Post,North-Western,Zambezi,Health Post,-14.230913178673,23.007076875,456,1942
4399,Zalaunga Health Post,Southern,Chirundu,Health Post,-15.955104,28.709809,1679,7840
2803,Kandolo Health Post,Luapula,Chifunabuli,Health Post,-10.914075,29.426482,2455,9429
1929,Lunga Health Post,Eastern,Katete,Health Post,-14.1751,32.1244,10298,37475
2462,Kamuchanga Urban Health Centre,Copperbelt,Mufulira,Health Centre,-12.5669,28.239267,86857,133508
1440,Kantengwa Rural Health Centre,Southern,Namwala,Health Centre,-15.7713046,26.87763367,1850,7248
2752,Mbati Rural Health Centre,Muchinga,Kanchibiya,Health Centre,-11.195612,30.754257,473,1932
3513,Ndau Rural Health Centre,Western,Mongu,Health Centre,-15.420531,22.958814,1602,7389
2805,Mano Rural Health Centre,Luapula,Mansa,Health Centre,-10.8911,29.009,1772,6186
3689,Mapepala Rural Health Center,Central,Chitambo,Health Centre,-12.6989,30.1371,750,2591
1264,Habulile Rural Health Centre,Southern,Kalomo,Health Centre,-16.35875288,26.52104898,4421,15482
2822,Kasuba Rural Health Centre,Luapula,Chifunabuli,Health Centre,-10.745997,29.626705,3257,11512
3973,Mufumbwe Hospital Affiliated Health Centre,North-Western,Mufumbwe,Health Centre,-13.145953,25.033426,1122,3423
1067,Maondo Health Post,Western,Sesheke,Health Post,-17.4222,24.53951,667,2675
2948,Changala Health Post,Northern,Mungwi,Health Post,-9.64206,31.664722,932,3414
3445,Chifukuzi Health Post,Eastern,Nyimba,Health Post,-14.33557,30.73127,289,1355
1401,Kasenga Rural Health Centre,Southern,Namwala,Health Centre,-15.86835338,26.80701228,2679,9371
1523,Pearl of Health,Lusaka,Lusaka,1st Level Hospital,-15.41023,28.29399,730625,2492617
2786,Mwenechipeta Health Post,Eastern,Chama,Health Post,-11.08350113,32.38393376,263,1101
3680,Harper Ann Rural Health Centre,Central,Chibombo,Health Centre,-15.26926837,27.81366153,4954,16548
2090,Chisomo Rural Health Centre,Central,Serenje,Health Centre,-13.5918,30.6682,611,1931
2299,Mpingozi Health Post,Eastern,Lumezi,Health Post,-12.991979,32.967208,2538,6623
3975,Kabipupu Rural Health Centre,North-Western,Mufumbwe,Health Centre,-13.689416,24.976663,878,2468
2482,Mufulira Clinic 7 Urban Health Centre,Copperbelt,Mufulira,Health Centre,-12.518233,28.200467,28916,107295
1384,Makalo Health Post,Southern,Namwala,Health Post,-15.93453806,26.72601937,1341,5652
3112,ZNS Chisamba Rural Health Centre,Central,Chibombo,Health Centre,-14.977,28.372,10086,20056
2146,Mulilima Rural Health Centre,Central,Serenje,Health Centre,-13.3659,29.916,1066,4091
3111,Chilochabalenje Health Post,Central,Chibombo,Health Post,-15.137844,27.922165,1995,6656
4197,Advance Diagnostic Centre Limited,Lusaka,Lusaka,Diagnostic centre,-15.4085,28.29496,737189,2499510
4223,Medcross Hospital,Lusaka,Lusaka,1st Level Hospital,-15.403975,28.372737,359538,1247607
3924,Mutitima Health Post,Muchinga,Shiwang'andu,Health Post,-10.8272,31.69485,655,2223
1146,Sanembo Health Post,Western,Mulobezi,Health Post,-16.891167,24.852233,254,1025
1008,Nsongwe Health Post,Southern,Livingstone,Health Post,-17.948593,25.891875,10877,34706
2769,Kapofu Health Post,Northern,Chilubi,Health Post,-11.1258,29.5659,4738,18244
3471,Burton Urban Health Centre,Western,Mongu,Health Centre,-15.1601,23.0858,2708,24936
3685,Sr Lucy O'brien Memorial Rural Health Centre,Central,Chibombo,Health Centre,-14.8351,27.935085,3832,14693
3953,Kawama Health Post,North-Western,Mufumbwe,Health Post,-13.091675,25.134047,715,2647
1201,Bulyambeba  Health Post,Southern,Kalomo,Health Post,-16.59113298,26.42677537,3740,13077
1240,Bwina Rural Health Centre,Western,Mulobezi,Health Centre,-16.44005,24.957023,617,1946
2485,Luansobe Rural Health Centre,Copperbelt,Mufulira,Health Centre,-12.50735,28.186717,16310,77642
2834,Chifunda Health Post,Muchinga,Mafinga,Health Post,-10.58814,33.53667,2072,9388
2452,Lunsala Health Post,North-Western,Kalumbila,Health Post,-12.618002,26.12355,878,2850
2754,Kateshi Health Post,Northern,Chilubi,Health Post,-11.1853,30.3631,1356,5598
4148,Mucheleka Health Post,Northern,Luwingu,Health Post,-10.2151,30.1145,1875,6866
1218,Nawinda Rural Health Centre,Western,Mulobezi,Health Centre,-16.5214,24.4845,183,668
4476,Lunungu Health Post,Southern,Kazungula,Health Post,-16.857,25.2346,435,1915
1774,Makoka Rural Health Centre,Central,Chibombo,Health Centre,-14.685667,27.777646,1335,5353
3705,Chipepo Health centre,Central,Kapiri-Mposhi,Health Centre,-14.112734,28.103695,1495,5134
4217,Leza Wa Lukundo Medical Centre,Lusaka,Lusaka,General clinic,-15.403975,28.372737,359538,1247607
2807,Chengo Mini Hospital,Luapula,Mansa,Health Centre,-10.882833,28.8745533,1944,9299
4015,Chitokoloki Hospital Affiliated Health Centre,North-Western,Zambezi,Health Centre,-13.835219048265,23.202084199219,2139,5093
3957,Kamukanda Health Post,North-Western,Ikelenge,Health Post,-11.283,24.267,2196,8534
3523,Looma Health Post,Western,Mongu,Health Post,-15.176219,23.705554,1343,5587
2772,Sumbu Health Post,Luapula,Mansa,Health Post,-11.1216,28.5329,2668,8054
4166,PPZ Grace Health Post,Copperbelt,Chililabombwe,Health Post,-12.4278,27.8,9352,73207
1026,Hillcrest Health Post,Southern,Livingstone,Health Post,-17.8346,25.8567,125553,161902
2839,Chinsali General Hospital,Muchinga,Chinsali,2nd Level Hospital,-10.649631,32.128553,2962,9612
1532,Levy Mwanawasa Hospital,Lusaka,Lusaka,3rd Level Hospital,-15.385919,28.352694,530296,1678664
2863,Chanama Health Post,Muchinga,Mafinga,Health Post,-10.29979,33.24258,2335,8688
4194,Kakeki Health Post,North-Western,Zambezi,Health Post,-13.23726539904,23.538658515244,627,2332
2342,Chitambo District Hospital,Central,Chitambo,1st Level Hospital,-12.9153,30.6363,2029,5805
4200,Beit Cure Hospital,Lusaka,Lusaka,1st Level Hospital,-15.404,28.37274,359416,1247478
2762,Minsenga Health Post,Luapula,Mansa,Health Post,-11.1647,28.5234,2572,11112
3637,Lwakela Health Post,North-Western,Ikelenge,Health Post,-11.5221,24.4084,1498,4449
1203,Mayasanino Health Post,Southern,Pemba,Health Post,-16.58320122,27.54445422,1673,6871
1323,Kazunikalila Health Post,Southern,Namwala,Health Post,-16.13767927,26.64303292,1485,5757
3720,Kawama Health Centre,Central,Kapiri-Mposhi,Health Centre,-13.987783,28.689575,30914,52406
3125,Mateyo Kakumbi Health Post,Central,Chitambo,Health Post,-12.874989,30.565875,966,4576
2248,Chakoloma Health Post,Eastern,Chipangali,Health Post,-13.1045146,32.83396544,1031,5829
1787,Kafwikamo Health Post,Central,Mumbwa,Health Post,-14.632158,26.918916,599,2412
4257,DC Memorial Clinic,Lusaka,Lusaka,General clinic,-15.441574517042,28.25854171875,667843,1924794
4199,Ameer Medical Clinic,Lusaka,Lusaka,General clinic,-15.420393938787,28.21459640625,418552,1524581
3733,Matilyo Health post,Central,Kapiri-Mposhi,Health Post,-13.976917,28.673397,33826,54534
2737,Kawena Health Post,Northern,Chilubi,Health Post,-11.217459,30.017197,2911,9708
1477,Mikango Camp Rural Health Center,Lusaka,Chongwe,Health Centre,-15.6037,28.505766,761,4417
2092,Chipembere Health Centre,Eastern,Kasenengwa,Health Centre,-13.5887,32.24199,2568,10888
2515,Azatiza Health Centre,Copperbelt,Chililabombwe,Health Centre,-12.38023705,27.8451522,54187,81761
3582,Mutenda Health Post,Southern,Itezhi-Tezhi,Health Post,-15.485914345475,26.103848115234,857,3268
1289,Monze Mission Hospital,Southern,Monze,2nd Level Hospital,-16.27446622,27.4817865,50065,66894
4258,Chalabesa Rural Health Centre,Muchinga,Kanchibiya,Health Centre,-11.375679,31.013443,1693,5134
4092,Suu Health Post,Western,Nalolo,Health Post,-15.792106921712,22.785941162109,326,1447
3633,Mwininyilamba  Health Post,North-Western,Ikelenge,Health Post,-11.2474,24.18006,3338,13778
2466,Mushingashi Health Post,North-Western,Kalumbila,Health Post,-12.553233,26.255538,686,2974
2202,Masumba Rural Health Centre,Eastern,Mambwe,Health Centre,-13.209024,31.944931,5066,12814
4406,Kasiya Mission Hospital,Southern,Pemba,1st Level Hospital,-16.52859027,27.27362512,3083,16874
3634,Keumba Health Post,North-Western,Ikelenge,Health Post,-11.299,24.2211,1730,8361
4032,Lunkunyi Health Post,North-Western,Zambezi,Health Post,-13.218497216636,23.013935283451,1433,4412
1378,Mapungu Health Post,Western,Nalolo,Health Post,-15.9589,23.16211,1606,5073
2186,Chanyumbu Health Post,Eastern,Chipangali,Health Post,-13.26811514,32.5675289,2209,9902
1551,Bwafwano Health Centre,Lusaka,Lusaka,Health Centre,-15.3674,28.323684,734470,1978129
4478,Petra Medical Centre,Lusaka,Lusaka,Health Centre,-15.4199264,28.2456613,695900,2044627
3867,Chundu Health Post,Luapula,Samfya,Health Post,-11.344903,29.5452,10289,24384
2975,Mukolwe Rural Health Centre,Northern,Lunte,Health Centre,-9.496758,30.577019,1302,4237
1256,Chilala Zonal Health Centre,Southern,Kalomo,Health Centre,-16.37843342,26.64562678,3512,12922
1957,Chibolya Health Centre,Eastern,Katete,Health Centre,-14.0662,32.047764,43714,67035
2520,Plant site 1,Copperbelt,Chililabombwe,Health Centre,-12.367262,27.817423,50754,87641
2978,Chanundu Heath Post,Northern,Mungwi,Health Post,-9.462148,32.167837,1313,6112
2439,Lumwana Hospital Affiliated Health Centre,North-Western,Kalumbila,Health Centre,-12.69836,25.839861,314,1331
1356,Ichila Rural Health Centre,Southern,Namwala,Health Centre,-16.03144656,26.67136065,921,4100
1305,Chikombola Rural Health Centre,Southern,Chikankata,Health Centre,-16.1990617,28.2027729,1715,7398
2143,Mafuta Rural Health Centre,Eastern,Chipangali,Health Centre,-13.37183489,32.73093785,5457,22123
3190,Figolo Health Post,Muchinga,Isoka,Health Post,-10.1565,33.04839,1278,4976
2745,Moloshi Rural Health Centre,Luapula,Mansa,Health Centre,-11.2045,29.4551,3711,15832
1018,Libuyu Urban Health Centre,Southern,Livingstone,Health Centre,-17.8537,25.8836,102166,164469
2063,Khoza Health Post,Eastern,Kasenengwa,Health Post,-13.6604,32.22535,3255,13351
1940,Lupando Health Post,Eastern,Katete,Health Post,-14.117361,31.921659,4384,18204
1391,Kaywala Rural Health Centre,Western,Mulobezi,Health Centre,-15.9034,24.9034,190,770
3053,Mpulungu Urban Health Centre,Northern,Mpulungu,Health Centre,-8.7629671,31.114189,11776,19014
1769,ZNS Kalenda Rural Health Centre,Central,Mumbwa,Health Centre,-14.71322,26.88608,1080,3420
4479,Sparkle Dental Clinic and Wellness Centre,Lusaka,Lusaka,Dental clinic,-15.4124117,28.3050295,661575,2457982
4211,Mtendere Urban Health Centre,Lusaka,Lusaka,Health Centre,-15.4014,28.3575,440549,1591934
2152,Chinunda Rural Health Centre,Eastern,Chipangali,Health Centre,-13.33495334,32.65405852,4751,16439
1274,Chibozu Health Post,Southern,Monze,Health Post,-16.32818403,27.26006127,1385,5886
3630,Kalene  Mission Hospital,North-Western,Ikelenge,1st Level Hospital,-11.1763,24.1883,7002,17323
1342,Kabanga Rural Health Post,Southern,Namwala,Health Post,-16.08210771,27.03130522,3381,11087
2521,Konkola Health Centre 4,Copperbelt,Chililabombwe,Health Centre,-12.366833,27.819683,51599,87492
3008,Kabuta Rural Health Center,Luapula,Nchelenge,Health Centre,-9.1728625350281,28.848591905518,10158,26175
3789,Peddy Lashima Rrddy (PLR) Health Post,Central,Serenje,Health Post,-13.045494,30.42343,3513,10195
3191,Kantenshya Health Post,Muchinga,Isoka,Health Post,-10.0789,32.57574,2313,15198
2740,Musaika Health Post,Luapula,Mansa,Health Post,-11.21,29.1458,5779,24908
3224,Natebe Health Post,Southern,Livingstone,Health Post,-17.8376392,25.8377363,116570,160600
3862,Chilongo Health Post,Luapula,Nchelenge,Health Post,-9.3533480756106009,28.813351289063,6674,48498
1389,Moobe Rural Health Centre,Southern,Chikankata,Health Centre,-15.9206922,28.3616669,1456,5912
2532,Lulamba Urban Health Centre,Copperbelt,Chingola,Health Centre,-12.343049,27.505213,721,3592
2121,Mkanda Rural Health Centre,Eastern,Chipangali,Health Centre,-13.47217804,32.80586994,7816,23785
1017,Nakatindi Health Centre,Southern,Livingstone,Health Centre,-17.85509,25.817862,82744,157901
3028,Kefulwa Health Post,Luapula,Nchelenge,Health Post,-9.0468503827436,29.051938424072,12559,30026
3628,Kasanga  Health Post,North-Western,Ikelenge,Health Post,-11.1212,24.1641,4495,14470
1333,Nameembo Rural Health Centre,Southern,Chikankata,Health Centre,-16.0998325,28.1216842,1192,8323
1825,Mpusu Rural Health Center,Central,Mumbwa,Health Centre,-14.4608,27.06094,306,1309
4173,Magandanyama Health Post,Central,Kabwe,Health Post,-14.457575,28.406933,62276,164262
1521,Kabwata Urban Health Centre,Lusaka,Lusaka,Health Centre,-15.41512,28.27947,746471,2418396
4259,Dr Wu Surgery,Lusaka,Lusaka,General clinic,-15.4462559,28.3235666,458691,1717039
2976,Chiwala Rural Health Centre,Northern,Mporokoso,Health Centre,-9.489093,29.674063,1109,3822
2134,Kasenga Rural Health Centre,Eastern,Chipangali,Health Centre,-13.41795896,32.80721769,9077,30715
3829,Katuba Rural Health Centre,Copperbelt,Masaiti,Health Centre,-12.8899375,24.3684375,385,1807
1030,Simonga Health Post,Southern,Livingstone,Health Post,-17.805617,25.716516,4604,16107
4096,Temwani Health Post,Muchinga,Mafinga,Health Post,-10.4866,33.44502,2718,10686
1013,Chreso Ministries Urban Health Centre,Southern,Livingstone,Health Centre,-17.862861,25.849961,116731,164194
2540,Chiwempala Urban Health Centre,Copperbelt,Chingola,Health Centre,-12.325501,27.503601,651,3277
1409,Nakambala Urban Health Centre,Southern,Mazabuka,Health Centre,-15.857555,27.758322,49059,73734
4202,Braceline Center for Orthodontics and Oral Implantology,Lusaka,Lusaka,General clinic,-15.3547,28.28176,923769,1921121
1027,St. Joseph's Hospice,Southern,Livingstone,Hospice,-17.833556,25.884706,91990,161105
1024,Boma Urban Health Centre,Southern,Livingstone,Health Centre,-17.8444,25.8506,130318,163109
3177,Bilabila Health Post,Eastern,Chama,Health Post,-10.561252,32.92723,648,2481
3048,Muswilo Health Post,Northern,Mpulungu,Health Post,-8.789584,31.262983,3808,18215
1012,Dambwa Site & Service Health Post,Southern,Livingstone,Health Post,-17.86793,25.838662,99602,162125
1022,Maramba Urban Health Centre,Southern,Livingstone,Health Centre,-17.8475,25.8719,118672,164721
3226,Kaoma HAHC (Mulamba Clinic),Western,Kaoma,Health Centre,-14.79,24.799,15256,27471
1954,Chipungu Rural  Health Centre,Eastern,Lusangazi,Health Centre,-14.079348,31.273873,6793,25990
4201,Chiundaponde Mini Hospital,Muchinga,Lavushi Manda,Health Centre,-12.14269,30.343648,414,1520
4306,PearliWhyte Dental Solutions,Lusaka,Lusaka,General clinic,-15.4166289,28.3083213,619301,2388414
1711,Mumbwa District Hospital,Central,Mumbwa,1st Level Hospital,-14.9676,27.0509,16861,28695
3474,Nalikwanda Stage II Rural Health Centre,Western,Mongu,Health Centre,-15.482978,23.656053,1892,5259
4408,Chinyonga Health Post,Muchinga,Isoka,Health Post,-10.0947,32.4146,1110,4765
1004,Chinweshiba Health Post,Luapula,Samfya,Health Post,-11.34334,29.35537,8514,32901
1015,Mahatma Gandhi Urban Health Centre,Southern,Livingstone,Health Centre,-17.8588,25.8425,117085,163442
1029,Kafwambila Rural Health Centre,Southern,Sinazongwe,Health Centre,-17.82334692,27.04583902,1365,4423
1043,Mukuni Rural Health Centre,Southern,Kazungula,Health Centre,-17.5346,25.7972,1035,3988
1075,Katapazi Health Post,Southern,Kazungula,Health Post,-17.36386,26.08763,2035,7468
1016,Sepo Urban Health Centre,Southern,Livingstone,Health Centre,-17.884325,25.85789,75491,161268
1068,Muzya Rural Health Centre,Southern,Zimba,Health Centre,-17.42172649,26.27506155,1722,7035
1078,Sikaneka Rural Health Centre,Southern,Sinazongwe,Health Centre,-17.35513675,26.93991406,2604,8486
1037,Dengeza Health Post,Southern,Sinazongwe,Health Post,-17.64465179,27.11364711,2219,6838
1048,Siamafumba Rural Health Centre,Southern,Zimba,Health Centre,-17.51251131,26.60263988,1828,7742
1033,Chalimongela Health Post,Southern,Zimba,Health Post,-17.71371347,26.70778213,1519,6087
1023,Dental Urban Health Centre,Southern,Livingstone,Dental clinic,-17.8453,25.8574,129876,163881
1055,Sesheke Urban Clinic,Western,Sesheke,Health Centre,-17.4766,24.28413,7777,12382
1010,Musokotwane Health Post,Southern,Kazungula,Health Post,-17.9216,25.9785,4088,15158
1077,Maamba Hospital Affiliated Health Centre,Southern,Sinazongwe,Health Centre,-17.35846361,27.23092142,28615,43483
1071,Luyaba Rural Health Centre,Southern,Zimba,Health Centre,-17.38977509,26.64390204,2367,9541
1062,Siatwinda Rural Health Centre,Southern,Sinazongwe,Health Centre,-17.45569264,27.3841157,1099,4191
1031,Sekute Health Post,Southern,Kazungula,Health Post,-17.7774,25.6095,2389,7227
1021,DALICE Urban Health Centre,Southern,Livingstone,Health Centre,-17.8486,25.8308,107769,160725
1047,Ngwezi Rural Health Centre,Southern,Kazungula,Health Centre,-17.5138,25.3925,618,2493
4611,OPTICAL EXPRESS LTD,Central,Kabwe,Optic Clinics,-14.4285061,28.451357,130026,180061
1019,Mosi-oa-Tunya Urban Health Centre,Southern,Livingstone,Health Centre,-17.8534,25.8588,126691,165209
1038,Maunga Health Post,Southern,Kazungula,Health Post,-17.6088,25.8435,1713,8021
1084,Zimba Mission Hospital,Southern,Zimba,1st Level Hospital,-17.31763461,26.20399892,3612,9844
1892,Mnthipa Rural Health Center,Eastern,Katete,Health Centre,-14.28373333,32.2569,6355,23101
1095,Yeta District Hospital,Western,Sesheke,1st Level Hospital,-17.2836,24.1745,1587,5323
1082,Siakasipa Health Post,Southern,Kazungula,Health Post,-17.32669,25.5599,485,1860
1079,Mwela Health Post,Southern,Sinazongwe,Health Post,-17.34083315,27.28180845,14505,40959
1056,Kazungula District Hospital,Southern,Kazungula,1st Level Hospital,-17.4755,25.1694,785,3659
1117,Sikachapa Health Post,Southern,Kazungula,Health Post,-17.1089,25.4917,292,1335
1052,Manyemunyemu Health Post,Southern,Kazungula,Health Post,-17.4942,26.2034,874,4942
1080,Muuka Health Post,Southern,Sinazongwe,Health Post,-17.34082351,27.27231016,17584,42528
1111,Mazaba Health Post,Western,Sesheke,Health Post,-17.153,24.25639,205,862
1116,Siasikabole Health Post,Southern,Choma,Health Post,-17.11431432,27.04324868,3424,12579
1066,Mambova Rural Health Centre,Southern,Kazungula,Health Centre,-17.4391,25.1161,509,2155
1096,Simango Rural Health Centre,Southern,Kazungula,Health Centre,-17.28,25.5629,380,1544
1074,Sons of Thunder Health Post,Southern,Kazungula,Health Post,-17.3821,25.5392,603,2245
1106,Masuku Rural Health Centre,Southern,Choma,Health Centre,-17.20507038,27.11436988,4045,12931
1063,Siansowa Rural Health Centre,Southern,Sinazongwe,Health Centre,-17.4531722,26.82156008,2930,11370
1076,Maamba General Hospital,Southern,Sinazongwe,2nd Level Hospital,-17.35893697,27.23055705,28598,43466
4409,Renaisense Enterprises Limited,Lusaka,Lusaka,General clinic,-15.4126663,28.3396327,467817,1901318
4367,Health Shield Clinic Mandahill,Lusaka,Lusaka,General clinic,-15.3525,28.3073,806308,1876653
1087,Kanchele Zonal Health Centre,Southern,Kalomo,Health Centre,-17.30284834,26.77915326,2972,10624
1110,Dimbwe Zonal Health Centre,Southern,Kalomo,Health Centre,-17.15538401,26.92060861,1331,6605
1126,Nakempa Rural Health Centre,Southern,Choma,Health Centre,-17.04509857,26.91378482,2677,10585
1081,Sikaunzwe Rural Health Centre,Southern,Kazungula,Health Centre,-17.3361,25.1345,277,1335
2287,Poleline (Baluba) Health Post,Copperbelt,Luanshya,Health Post,-13.008452,28.446436,22346,55189
1156,Choma Hospital Affiliated Health Centre,Southern,Choma,Health Centre,-16.80909481,26.9705132,96027,126697
1099,Munkolo Rural Health Centre,Southern,Kalomo,Health Centre,-17.26868651,26.1275561,1581,7435
1101,Sinazongwe Rural Health Centre,Southern,Sinazongwe,Health Centre,-17.26407059,27.40573933,5701,17854
1153,Sibanyati Rural Health Centre,Southern,Choma,Health Centre,-16.82752243,26.80149615,3488,14154
1123,Simakutu Rural Health Centre,Southern,Choma,Health Centre,-17.06749518,27.00352826,4079,13701
1129,Kalomo Urban Clinic,Southern,Kalomo,Health Centre,-17.03088303,26.47717995,15591,25944
1107,GVDC  Rural Health Centre,Southern,Sinazongwe,Health Centre,-17.19922337,27.47699984,7063,19264
1127,Kauwe Rural Health Centre,Southern,Kazungula,Health Centre,-17.0394,26.0913,458,1939
1094,Kabuyu Rural Health Centre,Southern,Kazungula,Health Centre,-17.2837,25.5951,384,1611
1140,Sikalongo Rural Health Centre,Southern,Choma,Health Centre,-16.96727599,27.23305034,1778,7490
1090,Kariba Health Post,Southern,Sinazongwe,Health Post,-17.287072,27.407887,4332,14843
1138,Chiyabi Rural Health Centre,Southern,Sinazongwe,Health Centre,-16.97861352,27.66162409,1127,3561
1072,Chidi Health Post,Southern,Zimba,Health Post,-17.38976478,26.64396222,2367,9543
1091,Sipatunyana Rural Heath Centre,Southern,Kalomo,Health Centre,-17.28661192,26.56135554,1451,6523
1103,Mayoba Health Post,Southern,Kalomo,Health Post,-17.22769385,26.26921294,2388,8043
1133,Mawaya Zonal Health Centre,Southern,Kalomo,Health Centre,-17.02082613,26.48232551,15401,25938
1135,Nazilongo Health Post,Southern,Kalomo,Health Post,-16.99382865,26.74655629,2654,10398
1154,Siachitema Zonal Health Centre,Southern,Kalomo,Health Centre,-16.81821711,26.70506286,2027,7520
4203,Chainda South Health Centre,Lusaka,Lusaka,Health Centre,-15.3903,28.35695,496642,1607936
1134,Simeno Health Post,Southern,Choma,Health Post,-17.0158816,27.09783859,3018,13281
1182,Luampungu Health Post,Western,Sesheke,Health Post,-16.7018,24.25579,145,610
1152,Mochipapa Rural Health Centre,Southern,Choma,Health Centre,-16.83940474,27.07836449,7739,59159
1161,Choma Secondary School Health Post,Southern,Choma,Health Post,-16.80304526,26.95791721,87368,125217
1119,Sinanjola Health Post,Southern,Sinazongwe,Health Post,-17.09358415,27.55133525,2648,7903
1137,Choonga Rural Health Centre,Southern,Kalomo,Health Centre,-16.98923205,26.49606764,11366,24831
1184,Pangwe Rural Health Centre,Southern,Choma,Health Centre,-16.68475217,26.86360018,1614,8828
1158,Choma General Hospital,Southern,Choma,2nd Level Hospital,-16.8081068,26.97233459,96678,126798
1226,Dambwe Health Post,Southern,Siavonga,Health Post,-16.401702,28.285368,5221,15285
1180,Sichili Mission Hospital,Western,Mulobezi,1st Level Hospital,-16.7066,24.953,736,2241
1132,Mukwela Rural Health Centre,Southern,Kalomo,Health Centre,-17.02806612,26.6561205,2833,10015
1159,Railway Surgery Urban Health Centre,Southern,Choma,Health Centre,-16.80801489,26.98323727,98328,127454
1160,Popota Rural Health Centre,Southern,Choma,Health Centre,-16.80789155,26.98339652,98333,127461
1228,Nalituba Health Post,Southern,Choma,Health Post,-16.47882222,26.86269762,938,4726
1186,Muzoka  Rural Health Centre,Southern,Pemba,Health Centre,-16.67889389,27.31463391,1969,7455
1170,Harmony Health Post,Southern,Choma,Health Post,-16.75326891,27.10382645,3290,18926
1175,Ndondi Health Post,Southern,Pemba,Health Post,-16.73208114,27.39067063,992,4654
1177,Lupuka Health Post,Western,Shang'ombo,Health Post,-16.7123,22.436296,320,1096
1121,Moonde Health Post,Southern,Kalomo,Health Post,-17.076,26.7982906,1897,6901
1143,Siankope Rural Health Centre,Southern,Choma,Health Centre,-16.9226802,27.06219077,5087,20740
1145,Mabuyu Health Post,Southern,Kalomo,Health Post,-16.90211982,26.35963423,2500,9412
1155,Prisons Urban Health Centre,Southern,Choma,Health Centre,-16.81132729,26.97125643,95828,126792
1214,Munyama Rural Health Centre,Southern,Siavonga,Health Centre,-16.32062,28.26336,2078,8189
2637,Kambishi Rural Health Center,North-Western,Kalumbila,Health Centre,-11.910771,25.479546,925,3835
1625,Paramilitary Health Post,Lusaka,Chilanga,Health Post,-15.213635,27.510567000000002,2720,11767
1216,Kasiya  Rural Health Centre,Southern,Pemba,Health Centre,-16.52859027,27.27362512,3083,16874
1207,Sipuma Rural Health Centre,Western,Shang'ombo,Health Centre,-16.5704,22.260999,182,796
1208,Kanchomba  Rural Health Centre,Southern,Pemba,Health Centre,-16.56467806,27.49804202,2454,9562
2052,Madzimawe Rural Health Centre,Eastern,Kasenengwa,Health Centre,-13.7108647,32.41160167,6213,28349
1198,Demu Health Post,Southern,Pemba,Health Post,-16.60052196,27.38726466,3294,18220
1188,Nameto Rural Health Centre,Southern,Kalomo,Health Centre,-16.67374814,26.35676519,2981,11915
1225,Mbanda Rural Health Centre,Western,Shang'ombo,Health Centre,-16.4835,22.846864,435,1699
1061,Katombora Health Post,Southern,Kazungula,Health Post,-17.4599,25.2359,666,3278
1197,Chilundu Health Post,Southern,Pemba,Health Post,-16.60223108,27.30253753,2177,11230
1165,Moyo Rural Health Centre,Southern,Pemba,Health Centre,-16.7923778,27.41775662,601,2835
1176,Mubanga Rural Health Centre,Southern,Kalomo,Health Centre,-16.7317731,26.46493005,1166,5608
1173,Mulobezi Hospital Affiliated Centre,Western,Mulobezi,Health Centre,-16.742472,24.982787,635,2218
1196,Zambian Helpers Society Hospital,Lusaka,Chilanga,Health Centre,-15.6234,28.25501,18322,109345
1200,Munyeke Health Post,Southern,Kalomo,Health Post,-16.59447715,26.66490884,3990,12490
1204,Kasukwe Helath Post,Southern,Kalomo,Health Post,-16.574024,26.57230667,3868,16170
1222,Kariba Urban Health Centre,Southern,Siavonga,Health Centre,-16.508773,28.747284,17833,24710
1241,Chisekesi Rural Health Centre,Southern,Monze,Health Centre,-16.43893872,27.47761893,7474,21126
1206,Nakalombwe Health Post,Southern,Kalomo,Health Post,-16.57257599,26.20153528,4241,15846
1265,Mangunza Rural Health Centre,Southern,Choma,Health Centre,-16.35732151,27.03820344,1442,4829
4329,Tokyo Opticians Lusaka,Lusaka,Lusaka,Eye clinic,-15.4165525,28.2813829,734717,2417450
1235,Kaale Rural Health Centre,Western,Sesheke,Health Centre,-16.4635,23.42569,4132,11978
1262,Chipembele Health Post,Southern,Monze,Health Post,-16.3643812,27.6063047,2595,12298
1238,Siamatika Health Post,Southern,Siavonga,Health Post,-16.453273,28.65342,1670,9184
1230,Mulongalwiri Health Post,Southern,Monze,Health Post,-16.47502251,27.59747311,3875,11949
1260,Nalube Health Post,Southern,Choma,Health Post,-16.37355625,26.9443024,1317,5590
4176,Benaka Private Clinic,Northern,Mbala,Health Post,-8.839494,31.365975,31594,49454
1236,Kabuyu Health Post,Southern,Siavonga,Health Post,-16.273992,28.1212,1809,8229
2025,Kamboma Health Post,Eastern,Kasenengwa,Health Post,-13.818032,32.305368,6405,26931
1243,Charles Lwangwa Rural Health Centre,Southern,Monze,Health Centre,-16.42326799,27.55455282,4538,18674
1246,Matua Rural Health Centre,Southern,Siavonga,Health Centre,-16.2424,28.4156,2315,8605
1210,Kamwanu Rural Health Centre,Southern,Choma,Health Centre,-16.55673021,26.77399797,920,5466
1252,Dambilo Health Post,Southern,Siavonga,Health Post,-16.2314,28.2318,1202,5709
1217,Munyama  Health Post,Southern,Pemba,Health Post,-16.2943,27.81,1331,8732
1205,Nkandanzovu Zonal Health Centre,Southern,Kalomo,Health Centre,-16.57278453,26.20162362,4243,15851
1234,Mikata Health Post,Southern,Kalomo,Health Post,-16.46464553,26.34668478,2416,10289
1251,Macha Mission Hospital Affiliated Health Centre,Southern,Choma,Health Centre,-16.39113645,26.79140333,2091,6296
1244,Nalutanda Health Post,Southern,Monze,Health Post,-16.41833281,27.02898921,1270,4937
1284,Mulumbwa Health Post,Southern,Monze,Health Post,-16.28943097,27.67074066,5037,19332
1273,Muntanga Health Post,Southern,Siavonga,Health Post,-16.331261,28.490958,1678,8690
1296,Chikankata Hospital Affiliated Health Centre,Southern,Chikankata,Health Centre,-16.2299411,28.1450268,4066,9892
1286,Chalokwa Health Post,Southern,Siavonga,Health Post,-16.2797197,28.8287913,824,3316
1308,Hamangaba Rural Health Centre,Southern,Monze,Health Centre,-16.19603788,27.26475178,1487,7955
1283,Manungu Urban Health Centre,Southern,Monze,Health Centre,-16.29315261,27.19440632,1178,4730
1295,Muchila Rural Health Centre,Southern,Namwala,Health Centre,-16.2350339,26.59739127,1510,6404
1247,Bbombo Health Post,Southern,Monze,Health Post,-16.39661309,27.15304255,1592,6005
1282,Siwelewele Health Post,Western,Shang'ombo,Health Post,-16.2963,22.318688,524,1981
1294,Bbwantu Health Post,Southern,Monze,Health Post,-16.23686561,27.78902792,4428,17776
1306,Njolamwanza Rural Health Centre,Southern,Monze,Health Centre,-16.198139,27.71357554,6017,22956
1271,Chilalantambo Health Post,Southern,Choma,Health Post,-16.33595055,26.89270986,1380,5501
1266,Siatontola Rural Health Centre,Southern,Monze,Health Centre,-16.35038184,27.25258436,1364,6172
1291,Simaubi Rural Health Centre,Southern,Choma,Health Centre,-16.25823413,26.82970745,922,4488
1309,Kanundwa Rural Health Centre,Southern,Monze,Health Centre,-16.19281395,27.33858177,3428,14178
1258,Nteme Health Post,Southern,Monze,Health Post,-16.37614851,27.39923766,3438,14858
1270,Nadongo Health Post,Southern,Monze,Health Post,-16.34042025,27.55283386,3868,35389
1259,Moomba Rural Health Centre,Southern,Kazungula,Health Centre,-16.375,25.1967,164,635
1267,St. Marys Health Post,Southern,Monze,Health Post,-16.35038184,27.42195119,4117,41069
1279,Kabanze Rural Health Centre,Southern,Choma,Health Centre,-16.3034032,26.74292592,1126,5795
1300,Hapiku Rural Health Post,Southern,Chikankata,Health Post,-16.2148172,28.2913416,930,3536
1346,Maweleya Health Post,Western,Shang'ombo,Health Post,-16.0709,22.819122,352,1406
1345,Chitongo Health Post,Southern,Mazabuka,Health Post,-16.071632,26.969885,3265,12510
1344,Mahiba Health Post,Southern,Monze,Health Post,-16.08153501,27.35376525,6380,21958
1331,Lumbembe Health Post,Southern,Chirundu,Health Post,-16.110981,28.722355,3108,11425
1312,Chivuna Rural Health Centre,Southern,Mazabuka,Health Centre,-16.183604,27.822622,4914,16863
1298,MGM (Ceres) Health Post,Southern,Mazabuka,Health Post,-16.225519,27.890184,4790,14793
4331,Mist Medical Care,Lusaka,Lusaka,General clinic,-15.399211200615,28.2365690625,738091,1958274
4205,Kabanana Health Post,Lusaka,Lusaka,Health Post,-15.35252,28.307301,806446,1876966
1783,Bombwe Health Post,Central,Chisamba,Health Post,-14.649272,28.687998,1079,4477
1302,Nalukwale Health Post,Southern,Namwala,Health Post,-16.21358063,26.40549087,1415,5366
1340,Sikoongo Rural Health Centre,Southern,Chirundu,Health Centre,-16.087977,28.698744,2964,11721
1317,Nabbanda Health Post,Southern,Chirundu,Health Post,-16.165471,28.660401,2441,9381
1328,Nakamboma Rural Health Centre,Southern,Namwala,Health Centre,-16.12461125,26.97702074,2928,12157
1338,Musuma Health Post,Southern,Mazabuka,Health Post,-16.090103,27.739159,2532,10387
1318,Manyana Health Post,Southern,Mazabuka,Health Post,-16.15641628,27.74063064,4152,17310
1334,Bweengwa Rural Health Centre,Southern,Monze,Health Centre,-16.09850636,27.13127593,2221,10232
1322,Hanjalika Health Centre,Southern,Mazabuka,Health Centre,-16.139231,27.808343,3441,14200
1978,Sindemisale Rural Health Centre,Eastern,Vubwi,Health Centre,-14.028441,33.060323,3419,8825
1319,Mooya Health Post,Southern,Monze,Health Post,-16.15639017,27.38368135,5320,18344
1316,Maunga Health Post,Southern,Chirundu,Health Post,-16.171316,28.458731,900,4739
1330,Itapa Health Post,Southern,Namwala,Health Post,-16.11770167,26.52875556,1313,5133
1314,Teranova Farm Rural Health Centre,Southern,Chikankata,Health Centre,-16.1797474,27.9904761,4258,15682
1327,Ibbwemunyama Rural Health Centre,Southern,Chirundu,Health Centre,-16.1338,28.5341,1583,7104
1329,Munyumabisi Health Post,Southern,Monze,Health Post,-16.12006805,27.45555508,3080,13763
1373,Banakaila Rural Health Centre,Southern,Monze,Health Centre,-15.9780235,27.32711687,5396,16219
1355,Mukuyu Rural Health Centre,Southern,Mazabuka,Health Centre,-16.03165,27.624362,6202,15666
1366,Magoye Rural Health Centre,Southern,Mazabuka,Health Centre,-16.0017,27.6041,7069,15981
1335,Ndema Health Post,Southern,Namwala,Health Post,-16.09762135,26.75638877,1721,6815
1383,Munenga Rural Health Centre,Southern,Mazabuka,Health Centre,-15.937546,27.57949,3583,14061
1368,Dimba Health Post,Southern,Mazabuka,Health Post,-15.989678,27.907148,2723,10725
1364,Chibende Health Post,Southern,Chirundu,Health Post,-16.0175,28.7842,5890,23193
1357,Kangila Health Post,Southern,Mazabuka,Health Post,-16.03039982,27.77556037,1441,7107
1414,Lungwe Health Post,Southern,Mazabuka,Health Post,-15.84750149,27.57256699,2331,9398
1371,Mandondo Health Post,Southern,Namwala,Health Post,-15.98240095,26.9594485,2335,10566
1387,Kambale Rural Health Centre,Lusaka,Kafue,Health Centre,-15.92556,28.86967,3677,11227
1376,Moonzwe Rural Health Centre,Southern,Monze,Health Centre,-15.97082198,27.86200647,2383,10247
1369,Kalama Rural Health Centre,Southern,Mazabuka,Health Centre,-15.988062,27.637576,6253,16202
1382,Chalimbana Health Post,Southern,Mazabuka,Health Post,-15.94063796,27.59286787,3885,15226
3209,Luntomfwe Health Post,Northern,Kaputa,Health Post,-9.069335,29.137154,5136,21941
1370,Naluama Rural Health Centre,Southern,Chikankata,Health Centre,-15.9833328,28.1560361,3829,19427
1381,Chikupi Rural Health Centre,Lusaka,Kafue,Health Centre,-15.945076,26.153463,717,3053
1343,Moomba Health Post,Southern,Namwala,Health Post,-16.08197951,27.03112367,3375,11092
1336,Simwaambwa Rural Health Post,Southern,Chikankata,Health Post,-16.0975897,28.4187796,662,2976
1358,Mubuyu Rural Health Post,Southern,Chikankata,Health Post,-16.0257473,28.0724091,6151,17309
1362,Mtendere Mission HAHC,Southern,Chirundu,Health Centre,-16.022035,28.824525,14034,21777
1375,Chilileka East Rural Health Post,Southern,Chikankata,Health Post,-15.9711596,28.4137988,769,2708
4218,TAZAMA Kalonje Pump Station Clinic,Muchinga,Lavushi Manda,First-aid stations,-12.606865,31.008012,246,763
1399,Kascol Urban Health Centre,Southern,Mazabuka,Health Centre,-15.87703528,27.6975905,20988,66614
1407,Munjile Rural Health Centre,Southern,Mazabuka,Health Centre,-15.86102,27.749206,48987,73948
1415,Nchole Health Post,Southern,Namwala,Health Post,-15.83931867,26.67552084,1539,6218
1396,Victoria Private Hospital,Southern,Mazabuka,1st Level Hospital,-15.884628,27.7717971,32627,71167
1426,Delta Health Post,Southern,Mazabuka,Health Post,-15.82463452,28.02792717,4700,12502
1353,Chitongo Rural Health Centre,Southern,Namwala,Health Centre,-16.03728066,26.93697419,3580,12079
1406,Musikili Health Post,Southern,Mazabuka,Health Post,-15.861306,27.637975,5628,28159
1416,Nkabika Urban Health Centre,Southern,Mazabuka,Health Centre,-15.838512,27.767618,46044,71687
1125,Sinamalima Rural Health Centre,Southern,Sinazongwe,Health Centre,-17.06129899,27.33068014,1275,5281
1411,Mazabuka Prisons Health Post,Southern,Mazabuka,Health Post,-15.85524718,27.73424385,46999,73867
1386,Ngabo Health Post,Southern,Namwala,Health Post,-15.9297561,26.57862503,1028,4096
1405,Kaonga Urban Health Centre,Southern,Mazabuka,Health Centre,-15.861803,27.767337,46413,73193
1424,Zambia Sugar Hospital,Southern,Mazabuka,1st Level Hospital,-15.831378,27.77983,36435,68933
1420,Riverside Farm Rural Health Centre,Southern,Chikankata,Health Centre,-15.835043,28.2630374,11659,30571
1431,Cheeba Rural Health Centre,Southern,Chikankata,Health Centre,-15.7886221,28.3449836,1071,7096
1398,Nansenga Rural Health Centre,Southern,Chikankata,Health Centre,-15.877151,28.2007893,5577,27895
1417,Research Station Urban Health Centre,Southern,Mazabuka,Health Centre,-15.8382697,27.72470926,38948,72705
1397,Nanduba Rural Health Post,Southern,Chikankata,Health Post,-15.8799443,28.2925385,5413,18348
1413,Chikonkomene Rural Health Centre,Southern,Chikankata,Health Centre,-15.8537664,28.465645,1896,4500
1452,Shifa Shikoswe Health Centre,Lusaka,Kafue,Health Centre,-15.744728,28.165258,39604,60070
1464,Busangu Health Post,Southern,Namwala,Health Post,-15.68163928,26.74372179,1553,5358
1430,Liangati Health Post,Western,Senanga,Health Post,-15.8,23.3,1758,4769
1437,Nanga Rural Health Centre,Southern,Mazabuka,Health Centre,-15.775891,27.918372,2420,9152
1443,Mtendere Health Post,Lusaka,Kafue,Health Post,-15.764575,28.169134,41410,62893
1450,Namwala District Hospital,Southern,Namwala,1st Level Hospital,-15.7520481,26.44312344,4446,10768
1436,Baambwe Rural Health Centre,Southern,Namwala,Health Centre,-15.77663277,26.51765775,2364,10065
2895,Chanshi Health Post,Luapula,Mwense,Health Post,-10.05954,28.6731,10249,26073
1444,Shimungalu Health Post,Southern,Mazabuka,Health Post,-15.76124352,27.82454089,2174,14912
1434,Nanga Farm PLC Health Centre,Southern,Mazabuka,Health Centre,-15.78096408,27.9267208,2625,9497
1122,Malabali Health Post,Southern,Sinazongwe,Health Post,-17.07230443,27.33964719,1463,6496
1451,Kabweza Health Post,Lusaka,Kafue,Health Post,-15.746561,28.231522,14940,63271
1438,Namwala Hospital Affiliated Health Centre,Southern,Namwala,Health Centre,-15.7756582,26.50217864,2632,10591
1445,Siyowi Health Post,Southern,Mazabuka,Health Post,-15.76124352,27.82454089,2174,14912
1461,Mungu Health Post,Lusaka,Kafue,Health Post,-15.6986,28.12078,4490,39609
1025,Siampondo Health Post,Southern,Sinazongwe,Health Post,-17.84340809,27.01639121,1151,4548
1462,Liliachi Rural Health Centre,Western,Nalolo,Health Centre,-15.6838,23.0338,2159,6169
1456,Chikoka Health Post,Lusaka,Kafue,Health Post,-15.7293,28.109233,7382,44483
1392,Basanga Rural Health Centre,Southern,Itezhi-Tezhi,Health Centre,-15.9001,26.0894,1021,3984
1408,Hillside Urban Health Center,Southern,Mazabuka,Health Centre,-15.860939,27.765864,46998,73336
1432,Manyonyo Rural Health Post,Southern,Chikankata,Health Post,-15.7844375,28.0606875,2097,14738
1470,Old Kabweza Health Post,Lusaka,Kafue,Health Post,-15.6558,28.4949,582,2428
2132,Mnukwa Rural Health Centre,Eastern,Chipangali,Health Centre,-13.41867273,32.60501774,4522,17279
1255,Namaila Rural Health Centre,Southern,Mazabuka,Health Centre,-16.38013,28.039995,1185,5212
1104,Nanyati Rural Health Centre,Southern,Kazungula,Health Centre,-17.2171,25.3967,283,1386
1525,Viva Med Hospital,Lusaka,Lusaka,1st Level Hospital,-15.40656,28.30018,723029,2503014
1489,Mahopo Health Post,Lusaka,Lusaka,Health Post,-15.50567,28.340856,99321,708486
1472,Mpanshya (St. Luke) Mission Hospital,Lusaka,Rufunsa,1st Level Hospital,-15.63925908,29.43340349,598,2297
1478,Katoba Rural Health Center,Lusaka,Chongwe,Health Centre,-15.6034,28.7383,2081,6932
3781,Kitumba Correctional Farm Health Post,Central,Mumbwa,Health Post,-14.694009,27.289424,779,3377
1479,Luangwa Bridge Rural Health Post,Lusaka,Rufunsa,Health Post,-15.58253948,30.13291612,349,1122
1448,Mulamba Rural Health Post,Lusaka,Rufunsa,Health Post,-15.75864772,29.2635875,289,1288
4204,Bread of Life Health Services Clinic,Lusaka,Lusaka,General clinic,-15.3985,28.35234,475107,1711454
1505,Mwachilele Rural Health Post,Lusaka,Rufunsa,Health Post,-15.437477,28.944769,649,2491
1527,Garden Health Post,Lusaka,Lusaka,Health Post,-15.398623,28.293523,804548,2508666
4262,Family Medical Clinic,Lusaka,Lusaka,General clinic,-15.418276,28.280147,729771,2398025
4484,MaxCare Hospital,Lusaka,Lusaka,1st Level Hospital,-15.453487642124,28.343685761719,328725,1286868
1486,Kaunga Health Post,Lusaka,Luangwa,Health Post,-15.51647,30.112405,242,1063
1487,Majolu Clinic,Southern,Chikankata,Health Centre,-15.51,28.15,13703,150673
1488,Lwimba Rural Health Center,Lusaka,Chongwe,Health Centre,-15.5064,28.8176,1774,6618
1497,Mobile Medical Services,Lusaka,Lusaka,Mobile clinic,-15.4569,28.38051,139714,776677
1500,Palabana Rural Health Center,Lusaka,Chongwe,Health Centre,-15.4476,28.535,4066,21434
1542,Feira Health Post,Lusaka,Luangwa,Health Post,-15.371969,30.23445,496,2335
1547,Paradise Health Post,Lusaka,Lusaka,Health Post,-15.370475,28.239535,736942,1865608
1543,Mandevu Urban Health Centre,Lusaka,Lusaka,Health Centre,-15.3716,28.288501,969403,2209606
1549,Kamanga Health Post,Western,Mulobezi,Health Post,-15.369663,28.372412,385275,1186303
1511,Lusaka Trust Hospital,Lusaka,Lusaka,1st Level Hospital,-15.429459,29.31977,196,881
1548,Chimwemwe Health Post,Lusaka,Lusaka,Health Post,-15.370229,28.232163,645648,1767611
1537,Matero Main Urban Health Centre,Lusaka,Lusaka,Health Centre,-15.381661,28.263715,936048,2203056
1519,Fairview Hospital,Lusaka,Lusaka,1st Level Hospital,-15.41684,28.29549,688367,2445276
2023,Kwenje Rural Health Centre,Eastern,Kasenengwa,Health Centre,-13.8299476,32.23551893,7886,31146
1512,Care For Business (CFB),Lusaka,Lusaka,1st Level Hospital,-15.42908,28.28246,681764,2266994
1517,Sikanze Hospital,Lusaka,Lusaka,1st Level Hospital,-15.42331,28.30319,618539,2331997
1518,Hill Top Hospital,Lusaka,Lusaka,1st Level Hospital,-15.4192,28.3573,356797,1488356
1622,Myooye Rural Health Centre,Central,Mumbwa,Health Centre,-15.21834,27.34286,3935,15460
1494,Lunsemfwa Rural Health Post,Lusaka,Rufunsa,Health Post,-15.47776724,29.37547309,189,816
1524,Nalubanda Rural Health Centre,Central,Mumbwa,Health Centre,-15.4072,27.0726,1730,6307
1502,Bauleni Urban Health Centre,Lusaka,Lusaka,Health Centre,-15.44681,28.373583,194934,963980
1509,St Johns Medical Centre,Lusaka,Lusaka,Health Centre,-15.4304,28.25431,693599,2046383
1508,University Teaching Hospital - Women and Newborn,Lusaka,Lusaka,3rd Level Hospital,-15.428749,28.289802,661318,2286163
1513,UTH Children's Hospital,Lusaka,Lusaka,3rd Level Hospital,-15.4323292,28.3136848,539559,2086633
1531,Chainama Hills College Hospital,Lusaka,Lusaka,3rd Level Hospital,-15.389494,28.355623,505799,1633574
1566,Balmora Health Post,Lusaka,Chilanga,Health Post,-15.334483,28.112225,7632,49555
1574,Neri Clinic,Lusaka,Chilanga,Health Post,-15.32418,28.143417,7531,126809
1584,ZNS LDB Health Post,Lusaka,Chilanga,Health Post,-15.305323,28.141666,4732,63428
1552,Ng'ombe Urban Health Centre,Lusaka,Lusaka,Health Centre,-15.3674,28.323684,734470,1978129
1585,Ngwerere Health Post,Lusaka,Chongwe,Health Post,-15.2965,28.3833,19734,391632
1588,Shiyala Health Post,Lusaka,Chongwe,Health Post,-15.289236,28.671184,11649,30317
1567,Chilanga Hospice,Lusaka,Chilanga,Health Centre,-15.330748,28.160913999999998,12258,317907
1565,Chilanga Urban Health Centre,Lusaka,Chilanga,Health Centre,-15.335146,28.161691,14764,358657
1557,Fumbelo Health Post,Lusaka,Lusaka,Health Post,-15.3542,28.2889,915351,1922255
1233,Kaanja Rural Health Centre,Western,Sioma,Health Centre,-16.4667,23.384,4303,12850
1550,Tengama Health Post,Lusaka,Rufunsa,Health Post,-15.368837,29.026749,619,2726
1554,Mapungu Rural Health Centre,Western,Kalabo,Health Centre,-15.35946441,22.54506349,871,3607
1290,Kabanga Rural Health Post,Southern,Choma,Health Post,-16.26484451,26.94709308,1377,5263
3129,Kawama Urban Health Centre (Kabwe),Central,Kabwe,Health Centre,-14.419726,28.428244,101699,177019
1599,Kanakantapa Rural Health Centre,Central,Chisamba,Health Centre,-15.1427,28.598192,1114,5449
1563,Chazanga Urban Health Centre,Lusaka,Lusaka,Health Centre,-15.3394,28.2861,737671,1691670
1571,Chongwe Rural Health Centre,Lusaka,Chongwe,Health Centre,-15.3252,28.6795,18998,33799
1556,Coptic Hospital,Lusaka,Lusaka,1st Level Hospital,-15.3567,28.30268,864496,1958583
1672,Munyeta Rural Health Post,Lusaka,Rufunsa,Health Post,-15.115009,28.920984,594,2341
1544,Ngombe Health Post,Lusaka,Lusaka,Health Post,-15.3716,28.2885,969407,2209604
4485,Dr. Watson Dental Clinic,Lusaka,Lusaka,Dental clinic,-15.44951668,28.35467209,280619,1183592
1572,Waterfalls Rural Health Center,Lusaka,Chongwe,Health Centre,-15.325,28.4871,22100,69847
4177,Kafankumba Health Center,Copperbelt,Luanshya,Health Centre,-13.044447,28.455478,24886,70641
1619,Chifundo Rural Health Centre,Lusaka,Rufunsa,Health Centre,-15.22133072,28.49185106,3210,14658
1961,Vulamkoko Rural Health Centre,Eastern,Katete,Health Centre,-14.0617,31.5103,7136,25223
1742,Mwantaya Health Post,Central,Chisamba,Health Post,-14.851143,28.7367,678,2725
1617,Mboshya Rural Health Centre,Central,Chibombo,Health Centre,-15.231,27.8693,2382,10620
2727,Kamfutu Health Post,Eastern,Chama,Health Post,-11.251603,33.358813,674,2900
1595,Kapete Health Post,Lusaka,Chongwe,Health Post,-15.274726,28.716095,3579,24984
1656,Yuka Mission Hospital,Western,Kalabo,1st Level Hospital,-15.15390704,22.85572911,2192,7538
1586,Makeni GRZ Health Centre,Lusaka,Chilanga,Health Centre,-15.290853,28.103815,3512,19221
1587,Ellensdale Health Post,Lusaka,Chongwe,Health Post,-15.289918,28.37521,18401,369270
1598,Kanakantapa Rural Health,Lusaka,Chongwe,Health Centre,-15.2676,28.6463,4331,27852
1640,Kapila Health Post,Central,Chibombo,Health Post,-15.188929,28.28046,7059,37833
1608,Chisomo Hospital,Lusaka,Lusaka,1st Level Hospital,-15.2516,28.1227,3374,13749
1654,Nakanjoli Rural Health Centre,Central,Mumbwa,Health Centre,-15.15773,26.75242,710,2940
1652,Luili Rural Health Centre,Central,Mumbwa,Health Centre,-15.1566,27.1873,6782,23002
1607,New Soweto Health Post,Lusaka,Lusaka,Health Post,-15.2517,28.1619,4528,27288
1604,Kanyama West Health Centre,Lusaka,Lusaka,Health Centre,-15.2535,28.1403,3792,16766
1593,Micheal Chilufya Sata Health Post (Soweto),Lusaka,Lusaka,Health Post,-15.277,28.1531,3848,33982
1606,Chiyembekezo Clinic,Lusaka,Lusaka,General clinic,-15.4368124,28.2351192,547458,1721519
1614,Chiyota Rural Health Centre,Lusaka,Rufunsa,Health Centre,-15.24422111,28.838841,1520,6014
1626,Mt. Eugenia Rural Hospital,Lusaka,Chilanga,1st Level Hospital,-15.212869,28.075882,2040,8908
1630,ZNS BB Health Post,Lusaka,Chilanga,Health Post,-15.20485,28.093687,2094,9338
1631,Mpango Rural Health Center,Lusaka,Chongwe,Health Centre,-15.2047,28.7566,1164,6099
1643,ZNS Sopelo Health Post,Lusaka,Chilanga,Health Post,-15.184615,28.04349,1931,7091
1624,Kapoche Health Post,Lusaka,Luangwa,Health Post,-15.21432,30.214537,1161,3371
1668,Mwapula Health Post,Central,Chisamba,Health Post,-15.122524,28.751804,1267,4258
1639,Mwembeshi Prisons Health Post,Lusaka,Chilanga,Health Post,-15.3327,27.94842,6886,19094
1658,Kaongeta Health Post,Western,Limulunga,Health Post,-15.147482,23.626729,1229,5255
1651,Rutech Health Post,Lusaka,Rufunsa,Health Post,-15.16176639,29.13102299,581,2645
1057,Kazungula Health Post,Southern,Kazungula,Health Post,-17.4755,25.1694,785,3659
1663,Malundu Health Post,Central,Chibombo,Health Post,-15.137809,27.987642,1467,6698
1655,Miulwe Health Post,Western,Limulunga,Health Post,-15.157392,23.438054,1120,4064
2447,Chambishi Mine Urban Health Centre,Copperbelt,Kalulushi,Health Centre,-12.637506,28.062651,34478,62327
1676,Buleya Health Post,Western,Kalabo,Health Post,-15.1079085,22.70345333,3543,10932
1693,Lungobe Rural Health Centre,Central,Mumbwa,Health Centre,-15.01577,26.82165,1324,4211
1667,Lutale Rural Health Centre,Central,Mumbwa,Health Centre,-15.12603,26.88773,1215,4638
1649,Chitemalesa Rural Health Post,Lusaka,Rufunsa,Health Post,-15.16405,28.544376,1514,7341
1713,Nalusanga Health Post,Central,Mumbwa,Health Post,-14.975861,26.712677,684,2636
1632,Chilimba Rural Health Post,Lusaka,Rufunsa,Health Post,-15.20456673,29.14204749,969,3598
1670,Kanyongoloka Rural Health Post,Lusaka,Rufunsa,Health Post,-15.12163019,29.13151979,443,1805
1636,Kazemba Rural Health Post,Lusaka,Rufunsa,Health Post,-15.20238974,28.49486375,2652,12192
4264,IOM Clinic,Lusaka,Lusaka,General clinic,-15.4154677,28.2773267,749775,2404357
1646,Nyangwena Rural Health Center,Lusaka,Rufunsa,Health Centre,-15.17175171,28.48437159,2535,9820
1653,Chinyunyu Rural Health Center,Lusaka,Rufunsa,Health Centre,-15.15816,28.59885,1229,5950
3552,Nambuluma Police Rural Health Centre,Muchinga,Chinsali,Health Centre,-10.628816,32.15532,3251,10145
1730,Maloba Health Post,Western,Nkeyema,Health Post,-14.895658,24.970086,1049,5052
1675,Nang'oko Health Post,Western,Limulunga,Health Post,-15.11079,23.16273,12556,22647
1689,Nangula Rural Health Centre,Western,Limulunga,Health Centre,-15.034528,23.424333,644,2761
1696,Lubemba Health Post,Central,Mumbwa,Health Post,-15.00835,27.04602,18594,30177
1763,Lifwambula Rural Health Centre,Central,Chisamba,Health Centre,-14.764418,28.575786,1555,5471
3491,Mwewe Rural Health Centre,Northern,Nsama,Health Centre,-8.63946,29.97633,1380,4760
1732,Nkeyema Zonal Rural Health Centre,Western,Nkeyema,Health Centre,-14.8505,25.12602,2789,8825
1684,Ikwichi Rural Health Centre,Western,Limulunga,Health Centre,-15.079888,23.190587,3623,18683
1662,Namitome Rural Health Centre,Western,Limulunga,Health Centre,-15.139049,23.222429,2336,20045
1680,Malala Health Post,Western,Limulunga,Health Post,-15.0968785,23.669425,2251,7538
1687,Njonjolo Rural Health Centre,Western,Nkeyema,Health Centre,-15.036068,25.252554,818,2951
1691,Lukwipa Rural Health Center,Lusaka,Rufunsa,Health Centre,-15.02174,29.53893,760,3005
1694,Kasheke Health Post,Western,Limulunga,Health Post,-15.009271,23.560779,790,3643
1728,Mwachisompola Rural Health Centre,Central,Chibombo,Health Centre,-14.9057,27.992,5805,21530
1499,Makeni UNHCR Health Post,Lusaka,Lusaka,Health Post,-15.450826,28.244307,553144,1656120
1725,Kabwanga Rural Health Centre,Central,Mumbwa,Health Centre,-14.91878,27.02801,2231,19333
1700,Chiwena Rural Health Centre,Central,Mumbwa,Health Centre,-14.9842,27.2667,3055,11550
1685,Chimunsanya Rural Health Post,Lusaka,Rufunsa,Health Post,-15.0502,29.3426,378,1744
1677,Nyampande Rural Health Post,Lusaka,Rufunsa,Health Post,-15.103063,29.1911176,445,1846
2431,Garnatone Urban Health Center,Copperbelt,Kitwe,Health Centre,-12.736767,28.173167,125597,328770
1775,Chikonkomene Health Post,Central,Chisamba,Health Post,-14.6798,28.5504,2193,9117
1750,Kandende Rural Health Centre,Western,Nkeyema,Health Centre,-14.814507,25.217194,2525,9226
1756,Liteta District Hospital,Central,Chisamba,1st Level Hospital,-14.7804,28.0628,5598,17580
1723,Chipembi Rural Health Centre,Central,Chisamba,Health Centre,-14.9327,28.6424,1601,7445
1706,Luoke East Health Post,Western,Kalabo,Health Post,-14.98483456,22.61247636,1839,6895
1764,Likapai Health Post,Western,Lukulu,Health Post,-14.751763,23.041877,595,2397
1717,Ushaa Rural Health Centre,Western,Limulunga,Health Centre,-14.955939,23.285714,1108,3874
1747,Longe Health Post,Western,Kaoma,Health Post,-14.828603,24.885535,3850,21927
1708,Namweti Health Post,Western,Kalabo,Health Post,-14.984617,22.61312408,1851,6899
1748,Kakanda Health Post,Western,Nkeyema,Health Post,-14.8269,24.96329,1949,7096
1765,Mushwala Health Post,Western,Kaoma,Health Post,-14.750991,24.223803,668,2442
1698,Yuka MCH/OPD Rural Health Centre,Western,Kalabo,Health Centre,-15.00740341,22.69506036,2949,7413
3153,Eden Health Post,Copperbelt,Masaiti,Health Post,-13.336807,28.627397,1416,8219
1705,Liumena Rural Health Centre,Western,Sikongo,Health Centre,-14.988484,22.325512,1533,5052
1718,Ndanda Rural Health Centre,Western,Limulunga,Health Centre,-14.953753,23.766267,622,3208
1703,Liyoyelo Rural Health Centre,Western,Kalabo,Health Centre,-14.99332042,22.68070838,3047,6976
1759,Mishulundu Health Post,Western,Kalabo,Health Post,-14.7767392,22.80964723,796,2702
1776,Malombe Rural Health Centre,Central,Chisamba,Health Centre,-14.67853,28.18873,2507,10714
1710,Mumbwa Correctional Facility Health Post,Central,Mumbwa,Health Post,-14.982343,27.060939,18961,29941
4265,Golden Tooth Dental Solutions,Lusaka,Lusaka,Dental clinic,-15.40699,28.307921,674487,2468754
2575,Kankonzhi Rural Health Centre,North-Western,Kalumbila,Health Centre,-12.243607,25.231594,1136,4267
1771,Kalwelwe Health Centre,Central,Kabwe,Health Post,-14.70831257,28.3492459,1656,6247
1801,Lukau Health Post,Western,Lukulu,Health Post,-14.551116,23.333486,1084,3571
1773,Iloke Rural Health Centre,Western,Limulunga,Health Centre,-14.696026,23.632156,527,1898
1809,Kawaya Health Post,Western,Lukulu,Health Post,-14.532076,23.228381,1080,4343
1755,Kacholola Rural Health Centre,Eastern,Nyimba,Health Centre,-14.7822817,30.576575,595,2192
1808,Lyalala Health Post,Western,Lukulu,Health Post,-14.532287,23.589533,678,2330
1816,Luangazi Health Post,Eastern,Nyimba,Health Post,-14.4974308,30.748729,997,4355
1744,Wenela Rural Health Centre,Western,Kalabo,Health Centre,-14.84083575,22.8076445,558,2105
1760,Sitoya Rural Health Centre,Western,Limulunga,Health Centre,-14.772882,23.47976,406,1587
1818,Kasosolo Health Post,Central,Chisamba,Health Post,-14.483692,28.729684,1266,5605
1791,Kalima Health Post,Central,Kabwe,Health Post,-14.604285,28.46033,2091,11157
1796,Mbanga Rural Health Centre,Western,Lukulu,Health Centre,-14.584526,23.22725,705,2982
1811,Kangomba Health Post,Central,Kabwe,Health Post,-14.5265,28.409300000000002,5004,66603
1766,Kalwalo Health Post,Western,Kaoma,Health Post,-14.746624,23.902136,644,2161
1799,Muswishi Rural Health Centre,Central,Chisamba,Health Centre,-14.5564,28.6626,1793,7082
2764,Kapompwa Health Post,Luapula,Mansa,Health Post,-11.16,28.5245,2527,10807
1813,Kamakuti Health Post,Central,Kabwe,Health Post,-14.512387,28.482606,7924,91729
1740,Situlu 1 Health Post,Western,Sikongo,Health Post,-14.856636,22.019137,762,2031
2731,Chansa Health Post,Luapula,Mansa,Health Post,-11.22514,28.5141,4113,14285
1807,Kaindu Rural Health Centre,Central,Mumbwa,Health Centre,-14.53315,26.91966,629,1872
4207,Ministry Of Health HQ Clinic,Lusaka,Lusaka,General clinic,-15.415126,28.318584,562725,2273180
2427,Kawama Kitwe Urban Health Center,Copperbelt,Kitwe,Health Centre,-12.7433,28.202833,162338,395000
1999,Mbande Health Post,Eastern,Vubwi,Health Post,-13.954869,32.872885,3356,13845
1863,Makupu B Health Post,Central,Kabwe,Health Post,-14.387716,28.321953,2710,19702
1842,Mahatma Ghandhi Memorial Urban Health Centre,Central,Kabwe,Health Centre,-14.435732,28.461578,124310,180014
1789,Chaka Health Post,Eastern,Petauke,Health Post,-14.61174,31.258431,3417,10235
1812,Kaselo Health Post,Eastern,Petauke,Health Post,-14.516833,31.169791,2127,10421
1780,Lukoko Health Post,Western,Kalabo,Health Post,-14.65510295,22.39177726,312,1285
1848,Maela Health Post,Eastern,Sinda,Health Post,-14.425571,31.896467,2710,9986
1822,Mtilizi Health Post,Eastern,Nyimba,Health Post,-14.4732411,31.0469376,4012,12485
1853,Bwacha Urban Health Centre,Central,Kabwe,Health Centre,-14.408,28.4405,95288,178086
1862,Lubosi Health Post,Western,Lukulu,Health Post,-14.387728,23.251033,8446,17554
2730,Kambombo Rural Health Centre,Eastern,Chama,Health Centre,-11.23350104,33.06688153,2088,14311
1843,Ongolwe Health Post,Eastern,Petauke,Health Post,-14.435577,31.269822,2480,10080
1847,Kashamba Health Post,Western,Lukulu,Health Post,-14.425991,24.109404,1288,4026
1832,Chreso Ministries Health Post,Central,Kabwe,Health Post,-14.45278192,28.44617478,111695,177396
1837,Makululu Urban Health Centre,Central,Kabwe,Health Centre,-14.445601,28.413659,82236,173285
1860,Luvuzi Rural Health Centre,Western,Lukulu,Health Centre,-14.39151,23.816158,1385,4900
1826,Chowa Urban Health Centre,Central,Kabwe,Health Centre,-14.4595,28.4434,100996,175783
1804,Mtukuzi Rural Health Centre,Eastern,Petauke,Health Centre,-14.547922,31.522576,2969,10721
1788,Manyane Rural Health Centre,Eastern,Petauke,Health Centre,-14.616913,31.195934,2976,11304
1859,Chimphanje Rural Health Centre,Eastern,Nyimba,Health Centre,-14.3924811,31.0458423,1536,6169
1827,Chowa Forest Health Post,Central,Kabwe,Health Post,-14.459492,28.443322,100994,175782
4266,KG Dental Surgery,Lusaka,Lusaka,Dental clinic,-15.3869998,28.3181526,702761,2291610
1877,Mngona Health Post,Eastern,Sinda,Health Post,-14.352405,31.855194,5697,22016
1869,Lubosi Urban Health Centre,Western,Lukulu,Health Centre,-14.378682,23.239265,8446,17481
1821,Vizimumba Health Post,Eastern,Nyimba,Health Post,-14.4750436,30.9981375,2641,11310
1845,Mtilizi Rural Health Centre,Eastern,Nyimba,Health Centre,-14.4330862,30.8991348,1276,4699
1824,Munga Health Post,Central,Kabwe,Health Post,-14.467673,28.234815,3605,13095
1881,Luanchuma Health Post,Western,Lukulu,Health Post,-14.349744,23.298084,2469,15142
1883,Mtandaza Rural Health Centre,Eastern,Sinda,Health Centre,-14.343436,31.970779,4254,16042
1875,Chalubilo Rural Health Centre,Eastern,Nyimba,Health Centre,-14.3710044,30.5953486,651,2375
1359,Mazabuka General Hospital,Southern,Mazabuka,2nd Level Hospital,-16.02571936,27.54794398,3182,13312
1885,Namayula Health Post,Western,Lukulu,Health Post,-14.340953,23.233833,5607,16434
1865,Kondwelani Rural Health Centre,Eastern,Sinda,Health Centre,-14.385999,31.925823,3494,13175
1839,Mkopeka Rural Health Centre,Eastern,Nyimba,Health Centre,-14.4412197,31.0219645,2099,9760
1886,Kanjiwa Rural Health Centre,Eastern,Sinda,Health Centre,-14.33936,31.608529,5486,25992
1855,Mulongo Health Post,Western,Lukulu,Health Post,-14.407531,23.229295,7644,16901
1852,Makupu A Health Post,Central,Kabwe,Health Post,-14.4161,28.310374,2538,18390
1895,Katema Health Post,Eastern,Sinda,Health Post,-14.270779,31.866881,5078,24581
1880,Kakula Health Post,Eastern,Katete,Health Post,-14.3502,32.07375,4342,13927
1899,Petauke Urban Health centre,Eastern,Petauke,Health Centre,-14.258856,31.327676,13096,25507
1884,Kalindawalo Rural Health Centre,Eastern,Petauke,Health Centre,-14.34098,31.380395,2330,11964
1897,Chilasa Rural Health Centre,Eastern,Sinda,Health Centre,-14.266596,31.949523,3816,17827
1879,Miinga Mission Hospital,Eastern,Petauke,1st Level Hospital,-14.352189,31.152179,1964,6394
1887,Kalindawalo General Hospital,Eastern,Petauke,2nd Level Hospital,-14.299783,31.399383,2937,17048
4267,Guardian Medical Centre,Lusaka,Lusaka,General clinic,-15.354693,28.281764,923720,1921016
1854,Nakoli Urban Health Centre,Central,Kabwe,Health Centre,-14.4077,28.4495,98104,178713
1889,Merwe Rural Health Centre,Eastern,Petauke,Health Centre,-14.297854,31.187372,1809,14374
1930,Kabvumo Health Post,Eastern,Chadiza,Health Post,-14.173731,32.471508,3347,13940
1919,Luamphaande Rural Health Centre,Eastern,Petauke,Health Centre,-14.209568,31.471345,1553,9671
1898,Prisons Health Post,Eastern,Petauke,Health Post,-14.259786,31.339544,13175,23456
1912,Mkumbuzi Rural Health Centre,Eastern,Chadiza,Health Centre,-14.221113,32.506997,2060,8086
1039,Sinde Health Post,Southern,Kazungula,Health Post,-17.6088,25.8435,1713,8021
1888,Chanida Border Health post,Eastern,Chadiza,Health Post,-14.299108,32.350378,3409,13381
1914,Tafelansoni Rural Health Centre,Eastern,Chadiza,Health Centre,-14.216442,32.431752,3912,15733
1915,Simakumba Rural Health Centre,Western,Lukulu,Health Centre,-14.21592,23.32391,1683,5858
1909,Chimunsi Rural Health Centre,Eastern,Sinda,Health Centre,-14.236329,31.564534,5078,21377
1916,Chipanje Health Post,Eastern,Vubwi,Health Post,-14.213,32.5159,2003,8172
1904,Chimtengo Health Post,Eastern,Sinda,Health Post,-14.244401,31.629036,7185,31243
1939,Seya Health Post,Eastern,Sinda,Health Post,-14.128552000000001,31.705766,5482,26086
2026,Matemba Health Post,Eastern,Vubwi,Health Post,-13.815393,32.879711,11095,18915
1920,Zuze Health Post,Eastern,Petauke,Health Post,-14.206857,31.325242,5874,28472
1257,Moomba Rural Health Centre,Southern,Monze,Health Centre,-16.37749448,27.47496279,5351,33237
1890,Kabvumbe Health Post,Eastern,Petauke,Health Post,-14.297759,31.47243,2219,14522
1923,Mzime Rural Health Centre,Eastern,Katete,Health Centre,-14.184576,32.007571,5415,25024
3489,Nsumbu Rural Health Centre,Northern,Nsama,Health Centre,-8.5139515478344,30.467703994409,3850,8623
4175,Moveland Health Post,Copperbelt,Luanshya,Health Post,-13.12128,28.310029,14540,44673
1944,Mng'omba Rural Health Centre,Eastern,Sinda,Health Centre,-14.114725,31.573059,4763,20601
1977,Songeya Health post,Eastern,Vubwi,Health Post,-14.03035,32.47394,6471,25505
4312,Saka Surgery,Lusaka,Lusaka,General clinic,-15.399211200615,28.280514375,841056,2457608
1948,Katete Boma Health Centre,Eastern,Katete,Health Centre,-14.091233,32.06461,34321,69694
1953,Kalimeta Health Post,Eastern,Katete,Health Post,-14.0829,32.15919,4743,29240
1942,Chanjobvu Rural Health Centre,Eastern,Sinda,Health Centre,-14.11634,31.645503,5157,21517
1974,Vubwi District Hospital,Eastern,Vubwi,1st Level Hospital,-14.031611,32.850641,5024,12959
1949,Miti Rural Health Centre,Eastern,Chadiza,Health Centre,-14.087435,32.626096,3239,11180
1963,Mwandafisi Health Post,Eastern,Katete,Health Post,-14.05323333,32.22787778,4215,18215
1962,Kasamba Rural Health Centre,Eastern,Sinda,Health Centre,-14.059376,31.704003,4175,17145
1945,Naviruli Health post,Eastern,Chadiza,Health Post,-14.113915,32.320341,5396,23653
1956,Nsadzu Rural Health Centre,Eastern,Chadiza,Health Centre,-14.070344,32.339169,6569,25565
1971,Chikoma Rural Health Centre,Eastern,Vubwi,Health Centre,-14.037233,32.85456,5081,12843
1969,Mphangwe Health Post,Eastern,Katete,Health Post,-14.041242,32.06431,33866,64516
1955,Nsadzu Mental Rehabilitation Centre,Eastern,Chadiza,Rehabilitation centre,-14.0729,32.3393,6565,25583
1975,Chitawe Rural Health Centre,Eastern,Sinda,Health Centre,-14.031496,31.66024,4401,18587
1958,Chadiza Rural Health Centre,Eastern,Chadiza,Health Centre,-14.065167,32.439442,11018,27246
1964,Mwaziputa Health Post,Eastern,Katete,Health Post,-14.052,32.4549,10556,26393
1931,Mthunya Rural Health Centre,Eastern,Sinda,Health Centre,-14.165779,31.647597,6300,27822
3820,Mukolwe Health Post,Copperbelt,Masaiti,Health Post,-13.183981,28.597958,3561,16617
4178,ZCCF Health Center,Copperbelt,Luanshya,Health Centre,-13.1320671,28.4150385,63653,105763
1985,Dongwe Rural Health Centre,Western,Lukulu,Health Centre,-14.002803,23.922658,654,2367
1946,Katiula Health Post,Eastern,Katete,Health Post,-14.10683056,32.25763,4864,21232
1998,Kamakechi Rural Health Centre,North-Western,Kasempa,Health Centre,-13.95677,26.192061,716,2348
1918,Nyamphande Rural Health Centre,Eastern,Lusangazi,Health Centre,-14.211104,31.214005,12414,30525
2010,Mukunashi Rural Health Centre,North-Western,Kasempa,Health Centre,-13.875934,25.878402,714,1993
2009,Mzunza Health Post,Eastern,Katete,Health Post,-13.876779,31.981685,3121,12842
1966,Mlawe Health Post,Eastern,Vubwi,Health Post,-14.04341,32.96604,3309,10053
1981,Mtaya Health Post,Eastern,Chadiza,Health Post,-14.015549,32.65541,2034,9445
1967,Maumba Health Post,Eastern,Vubwi,Health Post,-14.042128,32.842375,4872,12390
1990,Mzigawa Health Post,Eastern,Vubwi,Health Post,-13.9843863,32.8615056,3811,13362
2000,Kayola Health Post,Southern,Monze,Health Post,-13.94805227,29.81949862,1294,4785
2008,Katambo Health Post,Eastern,Chipata,Health Post,-13.8795,32.7976,3344,16095
3442,Chinsimbwe Rural Health Centre,Eastern,Nyimba,Health Centre,-14.0503,30.9755,349,2769
1992,Ngoma Health Post,North-Western,Kasempa,Health Post,-13.971049,26.210411,721,2332
1994,Mlanga Health Post,Eastern,Chipata,Health Post,-13.9645,32.71,1480,7345
1980,Chanjowe Health Post,Eastern,Chadiza,Health Post,-14.017067,32.429504,7199,27821
2016,Lukweta Health Post,Eastern,Katete,Health Post,-13.846412,31.932082,3032,12402
2597,Sailunga Rural Health Centre,North-Western,Mwinilunga,Health Centre,-12.17994,24.906777,906,2930
2017,Matunga Health Post,Eastern,Katete,Health Post,-13.84223611,32.15532,9308,30909
2003,Chankhonzi Rural Health Post,Eastern,Chipata,Health Post,-13.9427,32.4429,4710,20908
1989,Zemba Rural Health Centre,Eastern,Chadiza,Health Centre,-13.994487,32.296273,5160,23042
2001,ZNS Chiwoko Rural Health Centre,Eastern,Kasenengwa,Health Centre,-13.947,32.178,6372,23549
2053,Katandala Rural Health Centre,Eastern,Chipata,Health Centre,-13.7099,32.7669,12310,39117
2002,Mchenjeza Rural Health Centre,Eastern,Vubwi,Health Centre,-13.943001,32.846748,2974,12782
1972,Msokosela Health Post,Eastern,Chadiza,Health Post,-14.037037,32.559443,2744,14384
2029,Makwe Health Post,Eastern,Chipata,Health Post,-13.8056,32.6523,6673,25935
2015,Jerusalem Rural Health Centre,Eastern,Chipata,Health Centre,-13.85,32.6074,6352,21253
2020,Kamulaza Rural Health Centre,Eastern,Kasenengwa,Health Centre,-13.83758354,32.3758581,7143,27135
2038,Kaumba Health Post,Southern,Monze,Health Post,-13.77545286,29.89549264,847,3240
2050,Kadama Health Post,Eastern,Kasenengwa,Health Post,-13.71613468,32.19143699,3501,18042
2044,Kayeka Health Post,Eastern,Chipata,Health Post,-13.7501,32.6729,7796,54861
2039,Chikungu Health Post,Eastern,Kasenengwa,Health Post,-13.76499941,32.25694397,5307,22844
2027,Mwami Mission Hospital,Eastern,Chipata,1st Level Hospital,-13.8079,32.7649,8827,28291
2048,Chinyaku Health Post,Eastern,Chipata,Health Post,-13.72178707,32.56393395,5605,38983
2037,Magobo Health Post,Eastern,Katete,Health Post,-13.7826,32.1643,9911,28249
2045,Kamuwawa Health Post,Eastern,Mambwe,Health Post,-13.747547,31.842909,583,5044
2049,Kasenengwa Rural Health Centre,Eastern,Kasenengwa,Health Centre,-13.71766831,32.32256178,4532,19844
1873,Mpima Dairy Rural Health Centre,Central,Kabwe,Health Centre,-14.363107,28.577807,3744,22780
2019,Mwasauka Health Post,Eastern,Chipata,Health Post,-13.8386,32.5468,4774,20576
2032,Makungwa Health Post,Eastern,Chipata,Health Post,-13.7978,32.4161,8648,28899
2679,Pondo Rural Health Centre,Eastern,Chama,Health Centre,-11.4838,32.639,352,1483
2043,Samuel Rural Health Centre,Eastern,Kasenengwa,Health Centre,-13.75578347,32.12895988,6567,21842
3477,Mwalule Health Post,Muchinga,Chinsali,Health Post,-10.15561,32.209449,1688,5099
2041,St Benedict Rural Health Centre,Eastern,Chipata,Health Centre,-13.7588,32.6044,5120,27044
1925,Sinalo Health Post,Eastern,Chadiza,Health Post,-14.181455,32.304884,7686,28635
2057,Madzimoyo Rural Health Centre,Eastern,Chipata,Health Centre,-13.6931,32.5014,7260,34926
2066,Chipata District Hospital,Eastern,Chipata,1st Level Hospital,-13.64999633,32.58392338,43910,171111
2077,Ejis Professional Medical Centre,Eastern,Chipata,Health Centre,-13.6346,32.64,122210,179083
2036,Feni Health Post,Eastern,Chipata,Health Post,-13.7849,32.7429,11256,32461
4369,Sunbird Optician Levy,Lusaka,Lusaka,Eye clinic,-15.4287,28.2898,661481,2286975
2078,Motala clinic and diagnostic Health centre,Eastern,Chipata,Diagnostic centre,-13.634,32.6414,121343,178864
2075,Katondo Health Post,Eastern,Kasenengwa,Health Post,-13.63752217,32.37604957,4872,18034
2079,Chizenje Rural Health Centre,Eastern,Kasenengwa,Health Centre,-13.62882797,32.30755325,4481,16070
2084,Walela Health Post,Eastern,Chipata,Health Post,-13.6173,32.6247,104385,182879
2076,Chinjala Health Post,Eastern,Kasenengwa,Health Post,-13.63555726,32.48404553,5836,32614
2062,Mchini Health Post,Eastern,Chipata,Health Post,-13.66132,32.6556,93285,174211
2095,Mikata Rural Health Centre,Copperbelt,Mpongwe,Health Centre,-13.559053,28.346343,2209,8341
2088,Msoro Rural Health Centre,Eastern,Mambwe,Health Centre,-13.593145,31.88576,1682,5041
1997,Madzaela Health Post,Eastern,Chadiza,Health Post,-13.957069,32.365213,5365,23100
2069,Altaf Memorial Hosptal,Eastern,Chipata,Health Centre,-13.6418,32.6466,120433,177755
2071,Chipata Health Centre,Eastern,Chipata,Health Centre,-13.64076,32.64058,123404,178765
2089,Lunkhwakwa Urban Health Centre,Eastern,Chipata,Health Centre,-13.592,32.6172,65321,169488
4187,Kambilombilo Health Post,Copperbelt,Lufwanyama,Health Post,-12.931185,27.046846,745,2379
2118,Mshawa Rural Health Centre,Eastern,Chipangali,Health Centre,-13.48857001,32.71586384,6700,24373
2158,Kachikenge Health Post,North-Western,Manyinga,Health Post,-13.31455,24.28575,2762,9132
2122,Kalombe Rural Health Centre,North-Western,Kasempa,Health Centre,-13.4573,25.8675,4362,8801
2703,Tembwe Rural Health Centre,Eastern,Chama,Health Centre,-11.3506,32.887,798,2880
2108,Kaseba Health Post,Central,Serenje,Health Post,-13.5152,30.3588,734,2633
2056,Dambe Health Post,Eastern,Chipata,Health Post,-13.6938,32.8014,7588,23518
2068,Eastern Comand military clinic,Eastern,Chipata,Health Centre,-13.6449,32.6061,94103,178699
2096,Gondar Urban Health Centre,Eastern,Chipata,Health Centre,-13.557,32.59304,21920,109055
4208,ZNS Chamba Valley Health Centre,Lusaka,Lusaka,Health Centre,-15.3601654,28.3460945,520967,1570948
2117,Maako Health Post,North-Western,Kasempa,Health Post,-13.48951,26.464194,191,724
2139,Loloma Mission Hospital,North-Western,Manyinga,1st Level Hospital,-13.3953,24.31496,7296,16886
2105,Chipesa Health Post,Copperbelt,Mpongwe,Health Post,-13.51964,28.11742,7860,23386
1422,Kaleya Sugar PLC Clinic,Southern,Mazabuka,Health Post,-15.831856,27.733445,40288,72368
1046,Simwatachela Rural Health Centre,Southern,Zimba,Health Centre,-17.53003684,26.76019735,4648,14080
2094,Chiparamba Rural Health Centre,Eastern,Kasenengwa,Health Centre,-13.56980947,32.48110794,6845,31114
2110,Kabutwitwi Health Post,North-Western,Kasempa,Health Post,-13.510851,25.8388,2130,8137
2115,Chifuwe North Health Post,North-Western,Manyinga,Health Post,-13.498284,24.466081,667,3256
2119,Silangwa Health Post,Copperbelt,Masaiti,Health Post,-13.483355,28.799663,2470,7830
2107,Kantenda Health Post,North-Western,Kasempa,Health Post,-13.516753,25.940825,1131,4150
2111,Mpongwe Mission Hospital,Copperbelt,Mpongwe,1st Level Hospital,-13.510842,28.156239,7007,19599
2126,Tamanda Rural Health Centre,Eastern,Chipangali,Health Centre,-13.44047096,32.88239029,4066,16696
2100,Kayiwale Health Centre,Eastern,Chipata,Health Centre,-13.54217,32.6452,12423,80014
2125,Miengwe Rural Health Center,Copperbelt,Masaiti,Health Centre,-13.44245,28.734983,2977,12290
2154,Masaiti Boma Rural Health Center,Copperbelt,Masaiti,Health Centre,-13.31965,28.409183,6114,14613
2710,Kafuula Health Post,Luapula,Mansa,Health Post,-11.30714,29.36527,9601,28688
2156,Ncheka Health Post,Eastern,Mambwe,Health Post,-13.316768,31.924938,1371,6730
2163,Vizenge Rural Health Centre,Eastern,Chipangali,Health Centre,-13.30951593,32.88237323,7956,24269
2157,Mundanya Health Post,North-Western,Manyinga,Health Post,-13.3146,24.28575,2765,9137
2131,Chipako Health Post,Eastern,Mambwe,Health Post,-13.4224,31.9265,853,3362
2179,Mwita  Health Post,Eastern,Chipangali,Health Post,-13.28438735,32.80385454,5351,24140
2161,Lubofu Rural Health Centre,North-Western,Kasempa,Health Centre,-13.3129,25.5204,162,702
2191,Masaiti Council Rural Health Centre,Copperbelt,Masaiti,Health Centre,-13.255733,28.403383,3531,19194
2162,73 Independence Urban Health Centre,Copperbelt,Luanshya,Health Centre,-13.30962,28.413149,5184,14183
2170,Kizhiba Health Post,North-Western,Kasempa,Health Post,-13.2959,25.5156,156,674
3063,Chibanga Health Post,Northern,Nsama,Health Post,-8.5160881,30.4750069,3641,8576
2160,Kawanda Health Post,North-Western,Manyinga,Health Post,-13.31444,24.4305,2086,6524
2138,Chibuli Health Post,Copperbelt,Mpongwe,Health Post,-13.395357,28.335737,2902,11505
2150,Nyoka Rural Health Centre,North-Western,Kasempa,Health Centre,-13.353794,26.605063,298,1041
2141,Nyamaluma Rural Health Post,Eastern,Mambwe,Health Post,-13.3844,31.6073,1860,6959
2142,Mishikishi Rural Health Center,Copperbelt,Masaiti,Health Centre,-13.383867,28.674433,4204,11399
2165,Kamoto Hospital Affilliated Health Centre,Eastern,Mambwe,Health Centre,-13.300425,32.112584,4781,11717
2167,Chiteve Health Post,North-Western,Manyinga,Health Post,-13.29968,24.38649,1940,6702
2199,Malcom Moffat  Health Post,Central,Serenje,Health Post,-13.2205,30.24,8516,19490
3449,Nyimba Urban Health Centre,Eastern,Nyimba,Health Centre,-14.55581,30.81448,2892,7900
2233,Bhatt surgery,Copperbelt,Luanshya,Health Centre,-13.13141,28.421921,62906,105597
2184,Lunga Rural Health Centre,North-Western,Kasempa,Health Centre,-13.273,25.4959,155,630
1936,Zingalume Health Post,Eastern,Chadiza,Health Post,-14.136497,32.439737,5040,22852
2182,Janyauki Health Post,North-Western,Kasempa,Health Post,-13.2744,25.4956,155,631
2180,Kalusha Health Post,North-Western,Kasempa,Health Post,-13.2758,25.5009,155,635
2189,Kelongwa Rural Health Centre,North-Western,Kasempa,Health Centre,-13.2613,25.4827,155,627
2196,Serenje District Hospital,Central,Serenje,1st Level Hospital,-13.2354,30.2342,8872,19088
2198,Zambia Compound Health Post,Central,Serenje,Health Post,-13.228804,30.216993,8374,18834
2147,Chamoto Health Post,Eastern,Chipangali,Health Post,-13.35834665,32.61901023,4287,15411
4334,Living Hope clinic,Lusaka,Lusaka,General clinic,-15.404134,28.294806,763984,2510767
4079,Sioma Rural Health Centre,Western,Sioma,Health Centre,-16.366134,23.302146,9658,23429
2204,Kamifungo Health Post,Copperbelt,Masaiti,Health Post,-13.208467,28.202117,845,4477
2183,Kasempa Urban Health Centre,North-Western,Kasempa,Health Centre,-13.273,25.5132,156,646
2224,Zamefa Clinic,Copperbelt,Luanshya,Health Centre,-13.14444,28.415353,64393,100497
2232,Changila Health Post,Luapula,Mansa,Health Post,-13.133897,27.849332,502,2509
2206,Miputu Health Post,Copperbelt,Masaiti,Health Post,-13.203386,28.284194,1175,7507
2175,Jumbe Rural Health Centre,Eastern,Mambwe,Health Centre,-13.291786,32.084081,4678,11585
2185,Kapole Rural Health Post,Eastern,Mambwe,Health Post,-13.2702,31.988,3019,11130
2193,Kafulafuta Mission Rural Health Center,Copperbelt,Masaiti,Health Centre,-13.252683,28.324367,1234,8270
2194,Dwankhozi Rural Health Post,Eastern,Chipangali,Health Post,-13.25215879,32.89640023,6319,17520
2215,Malaika Urban Health Centre,Copperbelt,Luanshya,Health Centre,-13.180466,28.411051,34733,86988
4189,Lumwana Health Post,Copperbelt,Lufwanyama,Health Post,-12.951085,27.238102,694,2403
2223,Nsefu Rural Health Centre,Eastern,Mambwe,Health Centre,-13.147579,31.896932,3619,13829
2277,Kasongo Health Post,Copperbelt,Luanshya,Health Post,-13.037305,28.523061,15046,104711
2251,Mpatamatu Section 26 Urban Health Centre,Copperbelt,Luanshya,Health Centre,-13.098552,28.310742,17815,42964
2214,Nkhanyu Health Post,Eastern,Lumezi,Health Post,-13.181886,32.944923,1849,6462
2264,Fisenge Urban Health Centre,Copperbelt,Luanshya,Health Centre,-13.0685597,28.465088,20421,89346
2240,Kapenda Health Post,Copperbelt,Luanshya,Health Post,-13.123568,28.482129,18032,99277
2236,Kambuya Health Post,North-Western,Chavuma,Health Post,-13.127968,22.548508000000002,554,2348
4099,Mulumbu Health Post,Western,Lukulu,Health Post,-14.3533,23.3043,2331,14690
2200,Lumpampa Health Post,Central,Serenje,Health Post,-13.211634,30.130866,2320,10402
2217,Miswema Health Post,Central,Serenje,Health Post,-13.174151,30.653611,825,3650
2243,Chivombo Rural Health Centre,North-Western,Chavuma,Health Centre,-13.116221,22.920623,1164,3991
2238,Kampelembe Health Post,Copperbelt,Luanshya,Health Post,-13.126571,28.245252,2053,18964
2257,Kapupulu Health Post,Copperbelt,Luanshya,Health Post,-13.077924,28.403335,18023,110188
2227,Main Urban Health Centre,Copperbelt,Luanshya,Health Centre,-13.139246,28.419366,64569,102712
2239,Lumpuma Rural Health Centre,Copperbelt,Lufwanyama,Health Centre,-13.12569,27.9119,933,3095
2272,Sewe Health Post,North-Western,Chavuma,Health Post,-13.048726,22.694667,6178,14203
2225,Kafubu Block Health Centre,Copperbelt,Luanshya,Health Centre,-13.143239,28.416361,64540,101064
2230,Kasims Medical Centre,Copperbelt,Luanshya,Health Centre,-13.13521,28.403342,62661,104820
2253,Kavu 1st Level Hospital (St Dominics Hospital),Copperbelt,Ndola,1st Level Hospital,-13.089917,28.659967,24292,181492
4190,Kansanta Health Post,Copperbelt,Lufwanyama,Health Post,-12.575275,27.474311,1386,4826
2304,Luansongwa Rural Health Centre,North-Western,Manyinga,Health Centre,-12.98319,24.23798,1232,3762
2314,Ndola Central Hospital,Copperbelt,Ndola,3rd Level Hospital,-12.97018895,28.6336707,195731,462964
2258,Lingundu Health Post,North-Western,Chavuma,Health Post,-13.07724,22.777177,4987,14269
2312,Bank of Zambia Urban Health Centre,Copperbelt,Ndola,Health Centre,-12.97083,28.64974167,185813,465594
2306,Kamensopanshi Health Post,Copperbelt,Ndola,Health Post,-12.97892654,28.49407032,13112,75506
2246,Kakumbi Rural Health Centre,Eastern,Mambwe,Health Centre,-13.111081,31.8069,4840,10913
2245,Mphawa  Rural Health Centre,Eastern,Chipangali,Health Centre,-13.1112,32.3649,365,1733
2265,Nyatanda Health Post,North-Western,Chavuma,Health Post,-13.063754,22.322733,426,1434
2271,Mailo Rural Health Centre,Central,Serenje,Health Centre,-13.0542,30.9027,1012,3501
2252,Kamakanga Rural Health Centre,Copperbelt,Lufwanyama,Health Centre,-13.098084,28.09539,3977,9343
2262,Chiyeke Rural Health Centre,North-Western,Chavuma,Health Centre,-13.073477,22.734292,5901,16276
1051,Mandia Health Post,Southern,Kazungula,Health Post,-17.5009,25.3277,614,2842
2303,TDRC Urban Health Centre,Copperbelt,Ndola,Health Centre,-12.988867,28.587517,101645,401510
2266,Lipinda Health Post,North-Western,Chavuma,Health Post,-13.063754,22.322733,426,1434
2254,Madziatuwa Rural Heath Centre,Eastern,Chipangali,Health Centre,-13.08621699,32.69763613,1507,5652
2259,Kakhoma Health Post,North-Western,Chavuma,Health Post,-13.07724,22.777177,4987,14269
2269,Chavuma District Hospital Affiliated Health Post,North-Western,Chavuma,1st Level Hospital,-13.059024,22.734083,6558,16050
2281,Mbalango Health Post,North-Western,Chavuma,Health Post,-13.027599,22.938129,381,1728
2322,Kopa Urban Health Centre,Copperbelt,Ndola,Health Centre,-12.96697183,28.63843184,189510,462257
2298,Twapia Urban Health Centre,Copperbelt,Ndola,Health Centre,-12.99260644,28.59013096,108941,404216
2288,Lubuto Urban Health Centre,Copperbelt,Ndola,Health Centre,-13.00752626,28.6158029,171633,430456
2329,Chiminwa Health Post,Copperbelt,Kitwe,Health Post,-12.953192,28.352733,8710,59610
2305,Ndola Lime Urban Health Centre,Copperbelt,Ndola,Health Centre,-12.9821935,28.70203435,88114,359168
2291,Kamakuku Rural Health Centre,North-Western,Kasempa,Health Centre,-13.0022,25.4033,603,2107
2300,Itawa Urban Health Centre,Copperbelt,Ndola,Health Centre,-12.99137919,28.65091324,207840,463229
2296,Maposa Mini Hospital,Copperbelt,Luanshya,Health Centre,-12.999148,28.395572,9816,44944
2324,Bulaya Rural Health Centre,Copperbelt,Lufwanyama,Health Centre,-12.95708,28.14627,10846,63652
2297,Chantete Rural Health Centre,Copperbelt,Lufwanyama,Health Centre,-12.99904,28.04505,1442,6840
4335,Medicare Trust Clinic,Lusaka,Lusaka,General clinic,-15.420393938787,28.30248703125,635225,2379709
2715,Kasanse Health Post,Luapula,Mansa,Health Post,-11.28791,29.56365,3025,14723
2310,Njelemani Rural Health Center,Copperbelt,Masaiti,Health Centre,-12.971783,28.734717,36249,203263
2318,Railway Surgery Urban Health Centre,Central,Kabwe,Health Centre,-12.969,28.6404,191604,464645
2319,Railway Surgery Urban Health Centre,Copperbelt,Ndola,Health Centre,-12.968983,28.640383,191587,464627
2331,ZNS Kitwe Camp Rural Health Centre,Copperbelt,Kitwe,Health Centre,-12.94791,28.21623,29725,133713
2778,Mutiti Rural Health Center,Luapula,Mansa,Health Centre,-11.1066,28.951,3949,24619
2339,Kakolo Rural Health Centre,Copperbelt,Kitwe,Health Centre,-12.927446,28.337466,23079,95790
2370,Kalulushi Government Urban Health Centre,Copperbelt,Kalulushi,Health Centre,-12.848666,28.099099,38037,116603
2340,Chipokota Mayamba Urban Health Centre,Copperbelt,Ndola,Health Centre,-12.925783,28.6057,137124,316645
2101,Likawe Health Post,Eastern,Vubwi,Health Post,-13.54124,32.56647,17377,58420
2335,Kansheshi Prison Urban Health Centre,Copperbelt,Ndola,Health Centre,-12.939317,28.621567,164176,393466
2345,Mwase-Mphangwe Schemes Rural Health Centre,Eastern,Lumezi,Health Centre,-12.895416,32.903238,850,3585
2361,Kaniki Urban Health Centre,Copperbelt,Ndola,Health Centre,-12.856317,28.526017,22761,66947
2336,Nkhwazi Urban Health Centre,Copperbelt,Ndola,Health Centre,-12.937517,28.63885,157849,396890
2378,Sinozam Friendship Hospital,Copperbelt,Kitwe,2nd Level Hospital,-12.82825,28.20423,202116,538906
2368,Kite Rural Health Centre,Copperbelt,Kalulushi,Health Centre,-12.849952,27.8753,2615,10380
2389,Mawlaick ZCCF Kitwe Camp Clinic,Copperbelt,Kitwe,Health Centre,-12.81017,28.2221,256082,534411
2363,Shimukunami Rural Health Centre,Copperbelt,Lufwanyama,Health Centre,-12.85389,27.67679,1379,4333
2346,St Marys First Level Hospital,Copperbelt,Lufwanyama,1st Level Hospital,-12.89405,27.37049,697,2677
4212,National Assembly of Zambia Clinic,Lusaka,Lusaka,Health Centre,-15.3922718,28.3090371,747175,2433156
2380,Springs of Life Medical Centre,Copperbelt,Kitwe,Health Centre,-12.82557,28.21514,227383,540688
2330,Arthur Davison Children's Hospital,Copperbelt,Ndola,3rd Level Hospital,-12.94800022,28.64721196,155323,430082
2354,Zamtan Urban Health Center,Copperbelt,Kitwe,Health Centre,-12.867147,28.283783,89020,348702
2355,Kamfinsa Urban Health Center,Copperbelt,Kitwe,Health Centre,-12.867142,28.333558,39458,155688
2365,Mwekera Rural Health Center,Copperbelt,Kitwe,Health Centre,-12.852983,28.353733,24681,99185
2374,Wusakile D4 Mopani Clinic,Copperbelt,Kitwe,Health Centre,-12.839083,28.20715,193122,520345
2379,Natwange Mopani Clinic,Copperbelt,Kitwe,Health Centre,-12.82714,28.23689,224143,517400
2414,Buchi Small Chest Urban Health Centre,Copperbelt,Kitwe,Health Centre,-12.783617,28.200398,233670,509400
2413,Kitwe College of Education Health post,Copperbelt,Kitwe,Health Post,-12.783863,28.192817,212042,507664
2024,Intanda Health Post,Copperbelt,Mpongwe,Health Post,-13.829106,28.261104,546,2466
4183,Chipese Health Post,Copperbelt,Lufwanyama,Health Post,-13.178795,27.505416,372,1646
2360,Chamboli GRZ Urban Health Centre,Copperbelt,Kitwe,Health Centre,-12.8571,28.22744,183220,466605
2207,Chilabula Health Centre,Copperbelt,Luanshya,Health Centre,-13.200742,28.370768,6802,61208
2367,Ndeke Urban Health Center,Copperbelt,Kitwe,Health Centre,-12.851533,28.235717,187297,477116
2376,Ndeke Village Health Center,Copperbelt,Kitwe,Health Centre,-12.8365,28.2476,192540,490312
2384,Kitwe District Police Health Centre,Copperbelt,Kitwe,Health Centre,-12.820047,28.20476,212916,543066
2386,City Square Council Clinic,Copperbelt,Kitwe,Health Centre,-12.8191,28.207433,221741,543573
2387,Company Clinic,Copperbelt,Kitwe,Health Centre,-12.817383,28.207433,224113,542891
2321,Mibenge Health Post,Copperbelt,Lufwanyama,Health Post,-12.9682,27.91049,1990,6352
2362,Mushingashi Rural Health Centre,Copperbelt,Lufwanyama,Health Centre,-12.8552,27.07476,554,1901
4309,Rapha Medical Centre,Lusaka,Lusaka,General clinic,-15.4065639,28.3703176,359132,1286672
2397,Hillview Medical center parklands,Copperbelt,Kitwe,Health Centre,-12.80245,28.22095,260155,526143
2409,Dr. Dilobar's Childrens clinic,Copperbelt,Kitwe,Health Centre,-12.79005,28.23113,240824,506325
2411,Kamitondo Urban Health Center,Copperbelt,Kitwe,Health Centre,-12.787983,28.209833,252515,515845
4411,Cimy Clinic,North-Western,Solwezi,General clinic,-12.176693,26.409366,54151,101194
2432,Mwanya Rural Health Centre,Eastern,Lumezi,Health Centre,-12.733641,32.246313,932,3820
2436,Nkulumashiba Health Post,Copperbelt,Luanshya,Health Post,-12.712549,27.701246,737,3625
1120,Nabukowa Health Post,Southern,Sinazongwe,Health Post,-17.08016548,27.27235492,793,4413
2401,Ndaiwala Rural Health Centre,Eastern,Lumezi,Health Centre,-12.798715,32.933676,1278,4808
2404,Kano Dental Clinic,Copperbelt,Kitwe,Health Centre,-12.7952,28.20822,249590,523555
2315,Peter Singogo Police Urban Health Centre,Copperbelt,Ndola,Health Centre,-12.96945,28.625017,192713,455820
2425,Mayawu Health Post,North-Western,Manyinga,Health Post,-12.74858,24.26159,1551,5013
2422,Chiwembashi Health Post,Copperbelt,Kalulushi,Health Post,-12.757846,27.891744,1564,8229
2005,Chinkhombe Rural Health Centre,Eastern,Katete,Health Centre,-13.9319,31.97663,2955,13763
2441,Luongo Health Post,Copperbelt,Kitwe,Health Post,-12.686322,28.15183,35414,164111
2433,Mulaushi Health Post,Central,Chitambo,Health Post,-12.72665,30.411708,654,2664
2391,Occupational Health Clinic,Copperbelt,Kitwe,Health Centre,-12.808583,28.205433,230801,535050
2395,Royal Medical Center,Copperbelt,Kitwe,Health Centre,-12.80306,28.22077,260123,526826
2396,CBU Urban Health Center,Copperbelt,Kitwe,Health Centre,-12.80305,28.23705,238094,516927
2405,Mindolo 2 Mopani Clinic,Copperbelt,Kitwe,Health Centre,-12.79345,28.18342,170114,517584
2418,Bulangililo Urban Health Center,Copperbelt,Kitwe,Health Centre,-12.76945,28.224083,217556,469791
4337,Metropolis Health Care Zambia Limited,Lusaka,Lusaka,General clinic,-15.4210969,28.2998747,646049,2381121
2419,Chimwemwe Urban Health Center,Copperbelt,Kitwe,Health Centre,-12.769417,28.201033,217082,474865
2420,Kwacha Urban Health Center,Copperbelt,Kitwe,Health Centre,-12.767412,28.234123,196015,456653
2481,Butondo Urban Health Centre,Copperbelt,Mufulira,Health Centre,-12.51875,28.201617,29901,108653
4310,Reliance Dental Services,Lusaka,Lusaka,General clinic,-15.411202,28.352135,409920,1658269
1829,Muchicha Health Post,Western,Kalabo,Health Post,-14.45746313,22.75707587,485,1530
2426,Chisangwa Health Post,Copperbelt,Kalulushi,Health Post,-12.746417,27.737212,929,4020
2457,Kansuswa Rural Health Centre,Copperbelt,Mufulira,Health Centre,-12.592267,28.204967,43111,128527
2472,Mufulira Clinic 2 Urban Health Centre,Copperbelt,Mufulira,Health Centre,-12.542233,28.222217,67301,126571
2465,Chibolya Urban Health Centre,Copperbelt,Mufulira,Health Centre,-12.556533,28.25365,84515,131107
2456,Kazonde Health Post,Eastern,Lumezi,Health Post,-12.609852,32.97894,2384,9638
2471,Kanzenzi Health Post,North-Western,Mwinilunga,Health Post,-12.546937,24.200943,590,1957
2442,Mwimba Health Post,Eastern,Lumezi,Health Post,-12.657114,32.940695,2837,9529
1727,Mulinga Health Post,Western,Kalabo,Health Post,-14.91602731,22.77567891,672,2386
2480,Nthitimila  Health Post,Eastern,Lundazi,Health Post,-12.52403333,33.1082,8670,25744
2479,Mufulira Clinic 1 Urban Health Centre,Copperbelt,Mufulira,Health Centre,-12.53419,28.233522,63333,125645
2417,Ipusukilo Urban Health Center,Copperbelt,Kitwe,Health Centre,-12.774033,28.241233,190635,464955
2423,Twatasha Urban Health Center,Copperbelt,Kitwe,Health Centre,-12.75708,28.19114,184782,432028
2445,1 Commando Urban Health Centre,Copperbelt,Ndola,Health Centre,-12.64033831,32.56347656,387,1730
2450,Sitwe Health Post,Eastern,Chama,Health Post,-12.627406,28.058417,31826,58551
2463,Kawama West Health centre,Copperbelt,Mufulira,Health Centre,-12.566852,28.217233,72564,131199
4573,Shimwalota Health Post,Northern,Mpulungu,Health Post,-9.67363,30.768987,1556,5512
2461,Twatasha Urban Health Centre,Copperbelt,Mufulira,Health Centre,-12.570633,28.267033,73529,129458
2516,Umi  Health Post,Eastern,Lundazi,Health Post,-12.37328333,33.46953333,7174,23149
2484,Mufulira Clinic 5 Urban Health Centre,Copperbelt,Mufulira,Health Centre,-12.517595,28.21716,36770,115112
2504,Mapopo Health Post,North-Western,Solwezi,Health Post,-12.420844,26.520081,1235,4901
2451,Sitwe Health Post,Copperbelt,Kalulushi,Health Post,-12.62734,28.058314,31805,58530
2647,Nyangombe Bible School Health Centre,North-Western,Mwinilunga,Health Centre,-11.802873,24.539672,902,4550
2496,Kataba Health Post,Eastern,Lumezi,Health Post,-12.455896,32.411024,1447,5681
2489,Tundula Health Post,North-Western,Kalumbila,Health Post,-12.488682,26.19483,1145,3862
2517,Kapichila Rural Health Centre,Eastern,Lundazi,Health Centre,-12.3731,33.2745,7010,33311
2464,Katube Health Post,Eastern,Lumezi,Health Post,-12.5571858,32.9227465,1645,7750
4186,Nchakwa Health Post,Copperbelt,Lufwanyama,Health Post,-12.944164,27.163414,637,2159
3833,Kasaria Health  Post,Copperbelt,Mufulira,Health Post,-12.653625,28.387385,4173,16174
2476,Lumezi Mission Hospital,Eastern,Lumezi,1st Level Hospital,-12.541642,33.037652,7649,20432
1054,Mulimambango Rural Health Centre,Western,Sesheke,Health Centre,-17.4833,24.31699,5981,10580
2494,Wamafwa Rural Health Centre,North-Western,Kalumbila,Health Centre,-12.464406,24.981321,1110,3596
2507,Chovwe Rural Health Centre,North-Western,Kalumbila,Health Centre,-12.397059,25.065129,955,3554
2514,Maheba A Rural Health Centre,North-Western,Kalumbila,Health Centre,-12.385696,26.12355,1202,3907
2506,Ng'onga Rural Health Centre,Eastern,Lundazi,Health Centre,-12.40688333,33.33726667,10260,30279
2510,Ntambu Hospital Affiliated Health Centre,North-Western,Mwinilunga,Health Centre,-12.391415,24.94332,1328,4409
2586,Kimiteto Rural Health Centre,North-Western,Solwezi,Health Centre,-12.1896425,26.340873,23499,72678
2473,Ronald Ross General Hospital,Copperbelt,Mufulira,2nd Level Hospital,-12.542117,28.23825,77521,128190
4339,National Milling Clinic,Lusaka,Lusaka,General clinic,-15.519929,28.2950485,186580,835394
4368,Kapwepwe Health Post,Lusaka,Lusaka,Health Post,-15.3798,28.23867,757195,1920990
2518,Kakoso Level 1 Hospital,Copperbelt,Chililabombwe,1st Level Hospital,-12.370633,27.853133,53928,81984
2519,Konkola Health Centre 5,Copperbelt,Chililabombwe,Health Centre,-12.3705,27.819683,51499,85943
2488,Mkomba  Health Post,Eastern,Lundazi,Health Post,-12.48914,33.36456,5089,17974
2497,Maheba B Rural Health Centre,North-Western,Kalumbila,Health Centre,-12.437393,25.929761,1670,6489
2495,Fitobaula Health Post,Copperbelt,Chililabombwe,Health Post,-12.455922,27.867882,12303,152441
2524,Kananga Health Post,North-Western,Kalumbila,Health Post,-12.362279,25.951899,2946,8816
2541,Kings Trust Health Post,Copperbelt,Chingola,Health Post,-12.324102,27.542061,833,4016
2500,Zumwanda Rural Health Centre,Eastern,Lumezi,Health Centre,-12.425734,33.050814,4190,21486
2366,Chibuluma Urban Health Centre,Copperbelt,Kalulushi,Health Centre,-12.85161893,28.13713367,47074,254906
2539,Shinegene Rural Health Centre,North-Western,Kalumbila,Health Centre,-12.328348,25.342514,532,2369
2547,Kabundi East Urban Health Centre,Copperbelt,Chingola,Health Centre,-12.313947,27.533044,766,3678
2522,Konkola Mine Hospital,Copperbelt,Chililabombwe,2nd Level Hospital,-12.36683,27.817305,50714,87846
2531,Plant site 3,Copperbelt,Chililabombwe,Health Centre,-12.35058,27.81682,47867,96145
2533,Lulamba Health Post,Copperbelt,Chingola,Health Post,-12.342652,27.505773,718,3588
2537,Kawama Health Post,Copperbelt,Chingola,Health Post,-12.330902,27.413231,1008,3902
2544,Luano Kapisha Health Centre,Copperbelt,Chingola,Health Centre,-12.321302,27.542631,843,4016
4341,Pearl Of Health Clinic- Avondale,Lusaka,Lusaka,General clinic,-15.3754094,28.3852608,311523,991469
4272,Link Mediclinic,Lusaka,Lusaka,General clinic,-15.42788,28.34143,424425,1715255
2563,Lundazi  Urban Health Centre,Eastern,Lundazi,Health Centre,-12.28903333,33.16796667,35641,65751
2526,Musenga Health Post,Copperbelt,Chingola,Health Post,-12.354607,27.574032,1018,5034
2584,Chikwa Medic,North-Western,Solwezi,Health Centre,-12.193016,26.410665,47823,92128
2560,Kalilo Rural Health Centre,Copperbelt,Chingola,Health Centre,-12.293002,27.460131,543,2579
2569,Mchereka  Health Post,Eastern,Lundazi,Health Post,-12.2684,33.1023,8365,56456
2570,Holy Family Rural Health Centre,North-Western,Kalumbila,Health Centre,-12.260753,25.598208,1858,5766
2552,Chijemu  Health Post,Eastern,Lundazi,Health Post,-12.30956667,33.23745,11698,62607
2573,Kazozu Rural Health Centre,North-Western,Mwinilunga,Health Centre,-12.253683,24.909991,942,3278
2555,Kyabankaka Health Post,North-Western,Kalumbila,Health Post,-12.303447,26.275338,2091,8455
2556,Kyanyika (ZFDS W8) Rural Health Centre,North-Western,Kalumbila,Health Centre,-12.303447,25.684787,1852,5978
2343,Kawama (Ndola) Urban Health Centre,Copperbelt,Ndola,Health Centre,-12.90845,28.617567,117394,259220
4180,Mafuta Health Post,Copperbelt,Lufwanyama,Health Post,-12.990193,27.441427,657,2915
2562,Lundazi District Hospital,Eastern,Lundazi,1st Level Hospital,-12.28903333,33.16796667,35641,65751
2576,Lukwizizi Health Post,Eastern,Lundazi,Health Post,-12.2387,32.99008,3017,12534
1806,Chitwa Rural Health Centre,Western,Kaoma,Health Centre,-14.5342,24.9241,872,2899
2558,Chiwe  Health Post,Eastern,Lundazi,Health Post,-12.296838,33.313828,9778,27193
2530,Konkola Health Centre 1,Copperbelt,Chililabombwe,Health Centre,-12.35065,27.81736,48205,96059
2567,Elunyaweni  Urban Health Centre,Eastern,Lundazi,Health Centre,-12.28333333,33.17496667,35566,65428
2622,Kamala Health Post,North-Western,Kalumbila,Health Post,-12.054915,25.774303,1165,3443
2628,Kasela Health Post,Eastern,Chama,Health Post,-12.00579,32.704735,393,1664
2631,Mulenga Rural Health Centre,North-Western,Solwezi,Health Centre,-11.9988617,26.2755083,2021,7078
4371,M M Integral Steel Mills Staff Clinic,Lusaka,Lusaka,General clinic,-15.411778,28.264421,792810,2321938
2610,Chikunyu Health Post,Luapula,Samfya,Health Post,-12.1431,29.4365,2236,7216
2678,Musaba Health Post,Luapula,Mansa,Health Post,-11.49594,29.44437,7317,31265
2617,Chisasa Rural Health Centre,North-Western,Kalumbila,Health Centre,-12.11164,25.495485,1312,4362
2619,Mukumbi Rural Health Centre,North-Western,Kalumbila,Health Centre,-12.086583,25.769619,1353,3914
2626,Mangala (ZFDS W9) Rural Health Centre,North-Western,Kalumbila,Health Centre,-12.014802,25.859451,531,2057
2602,Kandundu Urban Health Centre,North-Western,Solwezi,Health Centre,-12.16934,26.40164,54877,104698
1303,Mujika Health Post,Southern,Monze,Health Post,-16.20762897,27.16141499,1170,5130
2655,Musangila Rural Health Center,North-Western,Mwinilunga,Health Centre,-11.735628,24.253646,1110,4119
2601,Solwezi Airport Clinic UHC,North-Western,Solwezi,Health Post,-12.170774,26.367665,41812,93135
2630,Kamapanda Rural Health Centre,North-Western,Mwinilunga,Health Centre,-12.001118,24.058658,1140,3392
2612,Mulisha Health Post,Luapula,Samfya,Health Post,-12.1431,29.5514,1723,6681
1185,Sankandi Health Post,Western,Sioma,Health Post,-16.680146,23.585124,7052,15789
2607,Mushitala Urban Health Centre,North-Western,Solwezi,Health Centre,-12.1543506,26.4233385,44577,112186
2282,Madando Health Post,Copperbelt,Ndola,Health Post,-13.025553,28.587786,86246,314266
2621,Kanyikezhi Health Post,North-Western,Mwinilunga,Health Post,-12.072061,25.168366,395,1435
2606,Merrybegg Kansanshi Hospital,North-Western,Solwezi,General clinic,-12.156899,26.420507,47141,111778
2634,Kasanka Rural Health Center,Luapula,Samfya,Health Centre,-11.9674,29.5075,3848,11202
2668,Fulaza Rural Health Centre,Eastern,Chama,Health Centre,-11.6004,32.534,418,1360
2454,Musakashi Health Post,Copperbelt,Kalulushi,Health Post,-12.616309,28.000058,13268,56705
2652,Kampemba Health Post,North-Western,Mwinilunga,Health Post,-11.752994,24.389831,4810,12566
2646,Kalengelenge (ZFDS W5) Rural Health Centre,North-Western,Kalumbila,Health Centre,-11.810896,25.697605,539,1556
4372,Medical Clinic Centre and Dental,Lusaka,Lusaka,Health Centre,-15.462752932706,28.280514375,570984,1621717
2661,Sakapoti Health Post,North-Western,Mwinilunga,Health Post,-11.68647,24.039675,2917,7926
2721,Mufuma  Health Post,Luapula,Mansa,Health Post,-11.27551,29.51552,4531,16146
2650,Nyangombe Rural Health Centre,North-Western,Mwinilunga,Health Centre,-11.761636,24.616436,1232,5156
2677,Mano Health Post,Luapula,Samfya,Health Post,-11.4962,29.55193,4611,17283
2672,Kapichilasenga Rural Health Centre,Eastern,Chama,Health Centre,-11.541,32.8844,704,2720
2660,Chigoma Rural Health Centre,Eastern,Chama,Health Centre,-11.687,32.7011,629,2600
2728,Sande Health Post,Luapula,Mansa,Health Post,-11.25082,28.78011,8694,41825
2722,Kale Health Post,Luapula,Mansa,Health Post,-11.2719,29.20156,8521,30407
2644,Kalasa Mukoso Rural Health Center,Luapula,Samfya,Health Centre,-11.8174,29.5079,1742,6778
2663,Kawiko Health Post,North-Western,Mwinilunga,Health Post,-11.671326,24.415333,2540,10352
2664,Ninge Rural Health Center,Luapula,Samfya,Health Centre,-11.6579,29.6235,2048,7536
2665,Kapata East 1 Rural Health Center,Luapula,Samfya,Health Centre,-11.6359,29.7365,1616,5288
2669,Kapundu Rural Health Center,North-Western,Mwinilunga,Health Centre,-11.586063,24.762272,1811,6348
2675,Chimembe Rural Health Center,Luapula,Samfya,Health Centre,-11.5187,29.785,1776,7106
2682,Nsonga Rural Health Center,Luapula,Mansa,Health Centre,-11.4584,29.2698,7825,30317
2683,Mpanta Rural Health Center,Luapula,Samfya,Health Centre,-11.4567,29.81842,2133,6455
2725,Mabumba Rural Health Center,Luapula,Mansa,Health Centre,-11.2598,29.0522,12969,45898
2733,Fibale Health Post,Luapula,Mansa,Health Post,-11.22223,28.86435,72386,146721
2714,Musesha  Health Post,Luapula,Mansa,Health Post,-11.2916,28.4977,5374,15851
2711,Mupita Health Post,Luapula,Mansa,Health Post,-11.3056,29.10203,10612,40508
2704,Kapisha Health post,Luapula,Mansa,Health Post,-11.34577,29.3088,7516,32117
4100,Sancta Maria CTC Clinic,Western,Lukulu,Health Centre,-14.2243,23.1413,779,3478
2693,Mashimi  Health Post,Luapula,Mansa,Health Post,-11.37983,29.38138,7740,35281
2758,Mayuka Rural Health Centre,Northern,Chilubi,Health Centre,-11.1802,30.382,1285,5477
2689,James Health Post,Luapula,Mansa,Health Post,-11.404329,29.277694,5607,27342
2749,Nsumbu Rural Health Centre (Chilubi),Northern,Chilubi,Health Centre,-11.202314,30.081854,3198,9709
2709,Sepe Health Post,Luapula,Mansa,Health Post,-11.32242,29.5507,6687,20738
2757,Fube Health Post,Northern,Chilubi,Health Post,-11.1802,30.2559,1563,5425
2719,Tayali Health Post,Luapula,Mansa,Health Post,-11.27841,28.9296,15158,117981
2718,Chikwa Rural Health Centre,Eastern,Chama,Health Centre,-11.28320641,32.24995703,121,496
2274,Kamisamba Health Post,North-Western,Chavuma,Health Post,-13.043556,22.816671,2979,10311
2701,Musaila Rural Health Center,Luapula,Mansa,Health Centre,-11.35456,29.48879,8946,35776
2708,Kansenga Rural Health Center,Luapula,Mansa,Health Centre,-11.32263,29.18279,9877,35253
2716,Katangwe Rural Health Center,Luapula,Mansa,Health Centre,-11.2854,28.9734,12033,64017
2717,Muwanguni Rural Health Center,Luapula,Mansa,Health Centre,-11.2842,28.8682,17679,101465
2720,Lubende Rural Health Center,Luapula,Mansa,Health Centre,-11.27701,29.28531,7886,27107
2760,Senama Hospital,Luapula,Mansa,1st Level Hospital,-11.1733,28.8843,66810,136737
2736,Mphyanakunda Rural Health Centre,Eastern,Chama,Health Centre,-11.2175,32.8004,1172,4302
2771,Kampalala Health Post,Luapula,Mansa,Health Post,-11.125011,28.886842,9302,77089
2815,Chitunkubwe Health Post,Northern,Chilubi,Health Post,-10.811135,30.034968,2944,10210
2743,Namwandwe Health Post,Luapula,Mansa,Health Post,-11.20609,28.91951,92503,149720
2801,Mwewa Health Post,Luapula,Chifunabuli,Health Post,-10.941712,29.64412,4268,17375
2775,Chilubi Rural Health Centre,Northern,Chilubi,Health Centre,-11.117143,29.947737,2583,7265
2759,Mwalala Rural Health Centre,Eastern,Chama,Health Centre,-11.174231,32.904985,1149,4244
2768,Santa Maria Mission Hospital,Northern,Chilubi,1st Level Hospital,-11.127802,30.017,2850,9976
2756,Kapalakonje Health Post,Eastern,Chama,Health Post,-11.1802743,33.08467173,2706,15459
2776,Chimfula Health Post,Luapula,Mansa,Health Post,-11.11448,29.04599,2407,10572
2813,Chifwenge Rural Health Centre,Northern,Chilubi,Health Centre,-10.830977,30.149775,2875,10882
2773,Lubwe Mission Hospital,Luapula,Chifunabuli,1st Level Hospital,-11.11938,29.645436,4393,10827
2755,Matelo Health Post,Luapula,Mansa,Health Post,-11.18485,28.71671,6058,20266
2783,Mule Health Post,Northern,Chilubi,Health Post,-11.0902,29.5436,4086,18568
2648,Manga Mission Health Post,Eastern,Chama,Health Post,-11.78781755,32.87049553,702,2973
2735,Mantumbusa Rural Health Center,Luapula,Mansa,Health Centre,-11.2213,28.9693,26537,126332
2742,Kabunda Rural Health Center,Luapula,Mansa,Health Centre,-11.2068,28.7894,6821,59081
2744,Monga Health Post,Luapula,Mansa,Health Post,-11.2057,29.1094,8374,26853
2765,Mwela Health Post,Luapula,Mansa,Health Post,-11.154,29.016,3864,25174
2767,Paul Mambilima Rural Health Center,Luapula,Mansa,Health Centre,-11.1347,28.5528,3135,10441
2921,Munkanta Rural Health Center,Luapula,Kawambwa,Health Centre,-9.804861,29.051037,13583,24516
2810,Matipa Rural Health Centre,Northern,Chilubi,Health Centre,-10.853893,30.301169,2884,9936
2843,Zumbe Health Post,Muchinga,Mafinga,Health Post,-10.50427,33.29759,1228,5031
2830,Chisheta Rural Health Centre,Luapula,Chipili,Health Centre,-10.6504,28.9092,1122,5609
2816,Sashi Health Post,Luapula,Chifunabuli,Health Post,-10.792761,29.5879,3142,12055
2792,Kapilingizya Health Post,Eastern,Chama,Health Post,-11.051993,33.048161,834,3161
2804,Nambale Rural Health Centre,Luapula,Chifunabuli,Health Centre,-10.905513,29.781368,3950,12103
2779,Kasamba health Post,Luapula,Mansa,Health Post,-11.1051,28.5954,2168,8287
2785,Kasansa health Post,Northern,Chilubi,Health Post,-11.0851,30.1727,1512,5885
2838,Kaoma Makasa Rural Health Centre,Luapula,Chipili,Health Centre,-10.5622,29.3134,516,2277
2698,Buli Rural Health Centre,Eastern,Chama,Health Centre,-11.36599362,33.08382531,1290,4865
2844,Chibale Rural Health Centre,Central,Serenje,Health Centre,-13.5922,30.1476,509,1844
2846,Mwenda Rural Health Centre,Luapula,Chipili,Health Centre,-10.475,29.1763,1189,3655
2811,Mubili Health Post,Northern,Chilubi,Health Post,-10.835481,30.468726,1326,5254
2782,Kapampa Health Post,Northern,Chilubi,Health Post,-11.0942,29.5521,4179,19199
2850,Mukabi Health Post,Luapula,Chipili,Health Post,-10.41414,28.90999,606,2537
2857,Musele Health Post,Luapula,Chipili,Health Post,-10.37521,29.35272,537,2231
2690,Fimpulu  Rural Health Center,Luapula,Mansa,Health Centre,-11.4041,28.823,8014,30616
2788,Chisembe Rural  Health Center,Luapula,Mansa,Health Centre,-11.0731,28.9062,5702,18365
2790,Kalaba Rural Health Center,Luapula,Mansa,Health Centre,-11.0695,29.1541,1337,6075
2800,ZNS Luamfumu Health Centre,Luapula,Mansa,Health Centre,-10.9432,28.81086,3842,11757
2687,Lukali Health Post,Luapula,Mansa,Health Post,-11.406743,29.09496,3401,17006
2870,Mukanga Health Post,Luapula,Chipili,Health Post,-10.2597,29.18525,542,2224
2428,Ichimpe Rural Health Centre,Copperbelt,Kalulushi,Health Centre,-12.741034,28.12527,44221,222522
2851,Mupeta Rural Health Centre,Luapula,Chipili,Health Centre,-10.4051,29.0094,708,2859
2867,Kalundu Rural Health Centre,Luapula,Chipili,Health Centre,-10.2859,29.3836,805,2729
2873,Musangu Rural Health Centre,Luapula,Mwense,Health Centre,-10.2343,28.6343,8017,23536
2841,Mpupo Health Post,Northern,Chilubi,Health Post,-10.5349,30.1033,1509,6411
2829,Chilubanama Rural Health Centre,Eastern,Chama,Health Centre,-10.6856,32.3697,492,1754
2862,Lubunda Rural Health Centre,Luapula,Mwense,Health Centre,-10.3067,28.6707,12551,31904
2835,Mulilo Rural Health Centre,Eastern,Chama,Health Centre,-10.58361749,33.0332412,459,1881
4182,Luswishi Health Post,Copperbelt,Lufwanyama,Health Post,-12.93725,27.3142001,796,2699
2828,Mwense Rural Health Centre,Luapula,Mwense,Health Centre,-10.69241,28.7151,1205,4962
2832,Mutipula Rural Health Centre,Luapula,Chipili,Health Centre,-10.6002,28.9834,1354,4754
2847,Kashiba Rural Health Centre,Luapula,Mwense,Health Centre,-10.4418,28.6538,3916,18084
2865,Loto Health Post,Luapula,Mwense,Health Post,-10.29352,28.7271712,8140,30889
2836,Chikonta Health Post,Eastern,Chama,Health Post,-10.58286864,33.10021453,326,1380
2848,Lwabwe Health Post,Northern,Kasama,Health Post,-10.441189,31.214329,560,2259
2860,Lupososhi Rural Health Centre,Luapula,Chipili,Health Centre,-10.3503,29.4716,1392,4666
2877,Mpalapata Health Post,Northern,Lunte,Health Post,-10.203693,30.360274,1089,4050
2831,Kabila Health Post,Luapula,Mwense,Health Post,-10.6337,28.69582,964,3472
2892,Kota Health Post,Luapula,Kawambwa,Health Post,-10.092697,29.642937,550,2186
4181,Funda Health Post,Copperbelt,Lufwanyama,Health Post,-13.0417,27.470689,871,2760
2903,Mukupa Kaoma Rural Health Centre,Northern,Lunte,Health Centre,-9.974025,30.446646,1533,4869
2924,Shikalaba Health Post,Luapula,Kawambwa,Health Post,-9.799634,29.226713,2227,9903
2913,Chibelushi Health Post,Northern,Lunte,Health Post,-9.862143,30.872719,1229,5766
2908,Mananya Health Post,Northern,Lunte,Health Post,-9.900189,30.560249,1082,5165
3172,Lubwa Health Post,Lusaka,Lusaka,Health Post,-15.410932,28.351522,413616,1673248
2889,Mulenga Mapesa Health Post,Northern,Lunte,Health Post,-10.116154,30.40055,635,2883
2885,Ndasa Rural Health Centre,Northern,Mungwi,Health Centre,-10.122865,31.988025,1276,4471
2864,Musalango Health Post,Luapula,Chipili,Health Post,-10.2987,28.91347,507,1722
2894,Ngulula Health Post,Northern,Mungwi,Health Post,-10.063678,31.349828,2241,9794
2902,Chimfuntu Health Post,Luapula,Kawambwa,Health Post,-9.991926,29.117167,2016,6240
2866,Mabula Health Post,Northern,Mungwi,Health Post,-10.292877,31.334232,683,5191
2869,Mulilo Kafyama Health Post,Northern,Mungwi,Health Post,-10.261659,31.643665,1436,5492
2917,Matende Health Post,Luapula,Kawambwa,Health Post,-9.827218,28.972955,2758,14035
2881,Lukwesa Rural Health Centre,Luapula,Mwense,Health Centre,-10.1668,28.6335,6870,20011
2868,Mubende Rural Health Centre,Luapula,Mwense,Health Centre,-10.2836,28.7674,4935,19865
2098,Kaloko Rural Health Center,Copperbelt,Masaiti,Health Centre,-13.551667,28.52185,1146,5467
2882,Mungw District Hospital,Northern,Mungwi,1st Level Hospital,-10.158677,31.366859,4537,11914
2907,Chitondo Rural Health Center,Luapula,Kawambwa,Health Centre,-9.909552,29.278863,1457,6210
2911,Zakeyo Health Post,Luapula,Kawambwa,Health Post,-9.875373,29.091624,3074,17819
2912,Chibote Rural Health Center,Luapula,Kawambwa,Health Centre,-9.863731,29.54703,1682,6167
2914,Nkandababa Health Post,Northern,Lunte,Health Post,-9.860018,29.999371,513,1975
2970,Kunkuta Health Post,Northern,Senga Hill,Health Post,-9.52756,31.642,890,3449
2945,Sambala Health Post,Northern,Lunte,Health Post,-9.659871,30.669502,1140,4375
2916,Kaseke Health Post,Northern,Mungwi,Health Post,-9.832993,31.728274,1838,6473
2969,Chewe Health Post,Northern,Lunte,Health Post,-9.529821,30.256674,1064,4050
2938,Moseni Health Post,Northern,Lunte,Health Post,-9.728134,31.079886,1080,8497
2918,Peleti Rural Health Centre,Northern,Mungwi,Health Centre,-9.824598,31.861142,1366,4923
2943,Mambwe Health Post,Luapula,Kawambwa,Health Post,-9.674708,29.623053,819,2961
2959,Iyanda Health Post,Northern,Senga Hill,Health Post,-9.574424,31.194165,3782,12552
2946,Kopeka Rural Health Centre,Northern,Mpulungu,Health Centre,-9.6519166,30.8573885,1640,5831
2960,Nondo Rural Health Centre,Northern,Senga Hill,Health Centre,-9.551953,31.205574,3961,13884
2972,Bweupe Health Post,Northern,Mporokoso,Health Post,-9.525071,29.564625,1271,4422
2936,Buyaka Health Post,Luapula,Kawambwa,Health Post,-9.735776,29.403998,1747,7588
2934,Tapa Health Post,Northern,Lunte,Health Post,-9.747245,30.494101,664,2501
4348,Valleyview Medical Centre,Lusaka,Lusaka,General clinic,-15.4038613,28.3727163,360126,1248335
4274,Lusaka Eye Hospital,Lusaka,Lusaka,1st Level Hospital,-15.522995,28.302133,153405,783995
2933,Kapatu Rural Health Centre,Northern,Lunte,Health Centre,-9.750162,30.733467,1641,5588
2920,Lusambo Rural Health Center,Luapula,Kawambwa,Health Centre,-9.815554,29.126845,6382,23043
2926,Kabila Rural Health Center,Luapula,Kawambwa,Health Centre,-9.796823,29.311141,2866,10140
2931,Chama Rural Health Center,Luapula,Kawambwa,Health Centre,-9.77658,29.424575,2818,9265
2935,Kawambwa Tea Rural Health Center,Luapula,Kawambwa,Health Centre,-9.744996,29.276412,2508,7959
2949,Mufwaya Rural Health Center,Luapula,Kawambwa,Health Centre,-9.636744,29.043265,1370,4856
2962,Chimpempe Rural Health Center,Luapula,Kawambwa,Health Centre,-9.546322,29.437648,1564,4794
2991,Tanzuka Health Post,Northern,Senga Hill,Health Post,-9.385129,31.899065,1805,6728
2996,Senga District Hospital,Northern,Senga Hill,1st Level Hospital,-9.363195,31.250655,6468,17565
2974,Mwiluzi Health Post,Northern,Senga Hill,Health Post,-9.496868,31.288429,2598,12348
3000,Chishamwamba Rural Health Centre,Northern,Mporokoso,Health Centre,-9.352342,30.0191748,1490,7596
3003,Chindo Health Post,Northern,Senga Hill,Health Post,-9.341588,31.524359,1564,6121
2987,Sumbi Health Post,Northern,Senga Hill,Health Post,-9.406541,32.100054,1854,7789
3015,Sementi Health Post,Northern,Senga Hill,Health Post,-9.233008,31.451454,2040,8106
3009,Njalamimba Rural Health Centre,Northern,Mporokoso,Health Centre,-9.291146,29.916649,942,3398
2973,Chalabesa Health Post,Northern,Mporokoso,Health Post,-9.523272,29.996903,756,3079
2951,Rosa Rural Health Centre,Northern,Mungwi,Health Centre,-9.633758,31.360043,865,4023
2989,Senga Rural Health Centre,Northern,Senga Hill,Health Centre,-9.400334,31.119159,2173,10671
2993,Mwenyi Health Post,Northern,Senga Hill,Health Post,-9.379358,31.330609,2444,11669
2988,Mukunta Health Post,Northern,Senga Hill,Health Post,-9.402666,31.727259,1257,5247
3001,Matanga Health Post,Northern,Senga Hill,Health Post,-9.347816,31.950513,1565,6448
2955,Kalulu Rural Health Centre,Northern,Mungwi,Health Centre,-9.602363,31.991933,1771,6664
2965,Kapambwe Health Post,Luapula,Nchelenge,Health Post,-9.54319,28.70613,6997,22974
2940,Kapako Health Post,Luapula,Kawambwa,Health Post,-9.716462,29.204975,1439,6617
2956,Kanengo Rural Health Center,Luapula,Kawambwa,Health Centre,-9.59362,29.346248,575,2936
2979,Kayambi Mission Rural Health Centre,Northern,Mungwi,Health Centre,-9.457445,31.997825,4544,11708
3002,Nchelenge Rural Health Center,Luapula,Nchelenge,Health Centre,-9.34557,28.74654,28987,44570
3038,Nsangu Health Post,Northern,Mpulungu,Health Post,-8.95241,30.515569,480,1990
2992,Mporokoso District Hospital,Northern,Mporokoso,1st Level Hospital,-9.380686,30.1026992,6238,12329
3024,Munkombwe Health Post,Luapula,Nchelenge,Health Post,-9.1345,29.1304,7559,18971
3167,Khuyu Health Post,Eastern,Chasefu,Health Post,-11.969886,32.982462,1945,9103
2981,Mulwe Health Post,Luapula,Nchelenge,Health Post,-9.45609,28.74654,7261,23515
3046,Kaizya Health Post,Northern,Mpulungu,Health Post,-8.802993,31.125610000000002,13026,24777
3023,Kalaba Rural Health Centre,Northern,Kaputa,Health Centre,-9.1352,29.2214,3528,13620
3007,Lushiba Health Post,Luapula,Nchelenge,Health Post,-9.3159,28.74533,29162,43009
3035,Vyamba Rural Health Centre,Northern,Mpulungu,Health Centre,-8.992847,31.065595,3292,10784
3030,Mukotwe Health Post,Northern,Nsama,Health Post,-9.0978375,30.109593,555,2272
3032,Kafwimbi Health Post,Northern,Kaputa,Health Post,-9.032642,29.382922,2742,8403
2997,Kasansala Health Post,Northern,Mpulungu,Health Post,-9.360247,31.132735,2509,11239
2046,Ntemwa Rural Health Centre,North-Western,Kasempa,Health Centre,-13.747462,26.124629,383,1361
2994,Township Rural Health Centre,Northern,Mporokoso,Health Centre,-9.379336,30.122756,6416,12343
3050,Mpulungu District Hospital,Northern,Mpulungu,1st Level Hospital,-8.7857895,31.132871,13899,23269
3012,Chinakila Rural Health Centre,Northern,Mpulungu,Health Centre,-9.263897,30.910592,2304,6864
3020,Senka Rural Health Centre,Northern,Senga Hill,Health Centre,-9.164018,32.047158,1250,5449
3042,Kasongole Rural Health Centre,Northern,Kaputa,Health Post,-8.8876,29.4758,1685,5187
2985,Kanyembo Rural Health Center,Luapula,Nchelenge,Health Centre,-9.43187,28.74144,7335,25440
3021,Mambwe Rural Halth Centre,Northern,Senga Hill,Health Centre,-9.136624,31.620899,4845,15382
3029,Kapako Health post,Luapula,Chienge,Health Post,-9.10525,29.0741,5805,26920
3034,Chibote Health post,Northern,Mpulungu,Health Post,-9.005923,30.8639498,781,3081
3045,Isoko Health Post,Northern,Mpulungu,Health Centre,-8.8254846,31.1987825,5294,23921
3066,Kaputa District Hospital,Northern,Kaputa,1st Level Hospital,-8.4704,29.664217,8889,19895
3062,Mwabu Rural Health Centre,Luapula,Chienge,Health Centre,-8.56964,29.08694,7578,18474
3022,Nkosha Health Post,Northern,Kaputa,Health Post,-9.136485,29.224528,3432,13332
3089,Namumu Health Post,Southern,Siavonga,Health Post,-16.51462,28.71117,15267,23990
3090,Siamwiinga Health Post,Southern,Siavonga,Health Post,-16.1502,28.3101,534,2321
3088,Fishing Camps Health Post,Southern,Siavonga,Health Post,-16.324,28.4122,3209,9941
3044,Chitimbwa Rural Health Centre,Northern,Mpulungu,Health Centre,-8.8462489,30.8485344,1255,4287
3087,Dibbwi Health Post,Southern,Siavonga,Health Post,-16.2553,28.224522,1010,6405
3086,Zesco Clinic,Southern,Siavonga,Health Centre,-16.3118,28.4133,3867,10072
3043,Mukunta Rural Health Centre,Luapula,Chienge,Health Centre,-8.88593,29.08356,10819,25057
3040,Kalongola Health Post,Northern,Mpulungu,Health Post,-8.9260746,30.6203783,816,2995
3082,Providence Medical Centre,Central,Kabwe,General clinic,-14.420017,28.445996,120331,179658
3076,Fibale Private Clinic,Central,Kabwe,General clinic,-14.457919,28.448594,103479,176308
3080,Mukuni Private Clinic,Central,Kabwe,General clinic,-14.420017,28.445996,120331,179658
3037,Sambula Rural Health Centre,Luapula,Chienge,Health Centre,-8.97155,29.0552,9026,28392
3058,Chitili Health Post,Northern,Mpulungu,Health Post,-8.64177,31.202973,2554,6619
3068,Kapepula Health Post,Northern,Kaputa,Health Post,-8.46089,30.091685,2092,6685
2086,Mpungu Rural Health Centre,North-Western,Kasempa,Health Centre,-13.603816,26.078401,587,2134
3146,Misaka Health Post,Copperbelt,Kitwe,Health Post,-12.85171,28.40213,9783,56870
2371,Kalulushi Township Urban Health Centre,Copperbelt,Kalulushi,Health Centre,-12.846162,28.098109,38003,115406
3116,Namununga Health Post,Central,Chibombo,Health Post,-15.10411,28.8473,652,2898
3069,Chocha Health Post,Northern,Kaputa,Health Post,-8.437961,29.785174,3742,12707
3124,Katikulula Health Post,Central,Chitambo,Health Post,-12.79584,30.54757,661,3316
3120,Momboshi Health post,Central,Chisamba,Health Post,-13.917895,29.440405,4310,15571
3078,Kabwe Medical Centre(Stripes medical),Central,Kabwe,General clinic,-14.420017,28.445996,120331,179658
3083,Ranchhod Hospice,Central,Kabwe,Hospice,-14.457919,28.448594,103479,176308
3142,Silver Land Health Post,Central,Serenje,Health Post,-13.054932,29.876026,850,3194
3119,Liteta Hospital Affiliated Health Centre,Central,Chisamba,Health Centre,-14.780654,28.06302,5587,17564
3138,Kashishi Health Post,Central,Serenje,Health Post,-12.984542,30.238925,1200,4511
3126,Chankalamo Health Post,Central,Kabwe,Health Post,-14.599407,28.458746,2092,11448
3110,Kabelenga Family Hospital,Lusaka,Lusaka,Health Centre,-15.451375,28.287039,607760,1844381
3160,ZFDS Medical Centre Urban Health Centre,Copperbelt,Ndola,Health Centre,-12.942421,28.63915,160977,414814
3187,Manthepa Health Post,Eastern,Chama,Health Post,-10.926288,33.151425,908,3086
3188,Mwila Health Post,Eastern,Chama,Health Post,-11.277003,32.437503,442,1444
3182,Kabanjila Health Post,Eastern,Chama,Health Post,-10.561252,32.92723,648,2481
2173,Njenga Rural Health Centre,North-Western,Kasempa,Health Centre,-13.2952,25.4255,150,619
3179,Chinji Health Post,Eastern,Chama,Health Post,-10.397222,32.740067,399,2115
3108,Lilayi Family Clinic,Lusaka,Chilanga,General clinic,-15.5251,28.25892,267575,722463
3151,Masaiti District Hospital,Copperbelt,Masaiti,1st Level Hospital,-13.334209,28.687268,3314,11636
3158,Misundu Health Post,Copperbelt,Ndola,Health Post,-12.890913,28.639865,59221,213970
3183,Kalasa Health Post,Eastern,Chama,Health Post,-12.123309,32.422781,765,2968
3155,Chimbala Health Post,Copperbelt,Ndola,Health Post,-13.073045,28.745694,22482,107342
3159,Mwange A Health Post,Copperbelt,Ndola,Health Post,-13.07456,28.629567,36652,239115
3154,Mukuba  B Health Post,Copperbelt,Mufulira,Health Post,-12.685984,28.342099,3555,21403
3186,Kambwili Health Post,Eastern,Chama,Health Post,-11.090465,33.151378,1305,5088
3181,Dungulungu Health Post,Eastern,Chama,Health Post,-11.174166,32.904863,1150,4244
3184,Kalovya Health Post,Eastern,Chama,Health Post,-11.174166,32.904863,1150,4244
3163,Umodzi Health Post,Eastern,Katete,Health Post,-13.981178,32.223331,5601,23089
3174,Lubalashi Rural Health Post,Lusaka,Rufunsa,Health Post,-14.9636,29.83132,473,1851
3176,Ndubulula Rural Health Post,Lusaka,Rufunsa,Health Post,-15.24525,29.16209,1177,4062
3667,Lusungu Clinic,Lusaka,Lusaka,General clinic,-15.423286,28.28169,704992,2346490
4275,Lusaka South Medical Center,Lusaka,Lusaka,General clinic,-15.4724487,28.3060812,437770,1380902
3107,Zesco- Clinic,Lusaka,Lusaka,General clinic,-15.420393938787,28.25854171875,743815,2206362
3201,Mufubushi Health Post,Muchinga,Mpika,Health Post,-12.1105,31.24362,2005,7355
3221,Kasiya Health Post,Southern,Livingstone,Health Post,-17.7234,25.89328,4977,19934
3178,Chimpamba Health Post,Eastern,Chama,Health Post,-11.583814,32.50321,314,1127
3222,Mbita Health Post,Southern,Livingstone,Health Post,-17.842013,25.87602,111130,163496
3192,Kapililonga Health Post,Muchinga,Isoka,Health Post,-9.9935,32.69976,2160,6635
3208,Kasepa Health Post,Northern,Kaputa,Health Post,-9.102994,29.340401,2277,8326
3231,Kashamu Health Post,Western,Kaoma,Health Post,-14.949442,24.883049,718,3538
3200,Kazembe Health Post,Muchinga,Mpika,Health Post,-12.3178,31.72101,45,212
3234,Lutaba Health Post,Western,Mwandi,Health Post,-17.1152,24.445,173,779
3211,Chipili Health Post,Northern,Kaputa,Health Post,-8.534098,29.671653,2501,13756
3210,Kasungwe Health Post,Northern,Kaputa,Health Post,-8.409226,29.697316,3661,18602
2394,Chati Rural Health Centre,Copperbelt,Kalulushi,Health Centre,-12.803822,27.804595,1633,6681
3202,St Odilia Rural Health Center,Muchinga,Mpika,Health Centre,-11.6198,31.76097,586,1811
3223,Mulala Health Post,Southern,Livingstone,Health Post,-17.872296,25.891976,68483,161486
3218,Mululwe Health Post,Northern,Mpulungu,Health Post,-9.066421,30.93424,958,4131
3220,Chileleko Health Post,Southern,Livingstone,Health Post,-17.839222,25.830889,107462,159707
3198,Chibansa Rural Health Centre,Muchinga,Mpika,Health Centre,-11.9066,31.43653,9068,63742
3216,Ntumpa Health Post,Northern,Kasama,Health Post,-10.50983,30.95161,694,2496
3257,Manyi Health Post,Eastern,Chasefu,Health Post,-12.17069,33.14049,5892,25229
3241,Chituta Health Post,Northern,Mpulungu,Health Post,-8.774195,31.185897,4461,24071
3236,Lui-Wanyau Health Post,Western,Senanga,Health Post,-16.189155,23.401847,1331,6148
3225,Sakubita Health Post,Southern,Livingstone,Health Post,-17.841546,25.861262,127204,163383
3266,Siavonga District Hospital,Southern,Siavonga,1st Level Hospital,-16.3218,28.4233,3289,10078
3273,Sompani Health Post,Southern,Gwembe,Health Post,-16.74341465,27.74142575,2525,10241
3270,Gwembe Hospital Affiliated Health Centre,Southern,Gwembe,Health Centre,-16.49869833,27.60200461,3521,10025
3245,Mtwalo Rural Health Centre,Eastern,Chasefu,Health Centre,-11.5346,33.15184,1244,5702
3256,Kamzoole Health Post,Eastern,Chasefu,Health Post,-12.15,33.155,5220,23101
3272,Ntanga Health post,Southern,Gwembe,Health Post,-16.881796,27.661788,1091,4147
3258,Lusuntha Rural Health Centre,Eastern,Chasefu,Health Centre,-12.244821,33.307947,7467,22969
3259,Munyukwa Rural Health Centre,Eastern,Chasefu,Health Centre,-12.293,32.594,531,2204
3249,Mungulube Rural Health Center,Luapula,Samfya,Health Centre,-11.6054,29.4422,4566,16364
3255,Mushili Rural Health Center,Luapula,Samfya,Health Centre,-12.1403,29.5514,1777,6871
3264,Vision Care Optitians,Eastern,Chipata,Eye clinic,-13.641815,32.6465,120490,177778
3268,Chisanga Health Post,Southern,Gwembe,Health Post,-16.93137764,27.58698952,1072,3935
3280,Nazikuye Health Post,Southern,Gwembe,Health Post,-16.437295,27.925288,1224,6284
3289,Chainda Rural Health Center,Lusaka,Chongwe,Health Centre,-15.3233,28.6059,7634,39015
3310,Kuyafya Health Post,Luapula,Milenge,Health Post,-11.56181,29.10833,166,1850
3293,Bimbe Health Post,Lusaka,Chongwe,Health Post,-15.3864,28.7023,6433,30055
4276,Lusaka SDA Clinic,Lusaka,Lusaka,General clinic,-15.422592,28.29540503,661542,2373321
3295,Chipunka Rural Health Centre,Luapula,Mwansabombwe,Health Centre,-10.018891,28.703606,10387,26336
3346,Chiombo Rural Health Centre,Northern,Kasama,Health Post,-10.35578,30.81249,1103,5534
3281,Bbondo Rural Health Centre,Southern,Gwembe,Health Centre,-16.49712317,27.98883808,3315,11536
3308,Moffat Health Post,Luapula,Milenge,Health Post,-11.50194,29.07797,193,2305
2653,Mwinilunga Hospital Affiliated Health Centre,North-Western,Mwinilunga,Health Centre,-11.73883,24.42997,6590,13056
3302,Mukamba Rural Health Centre,Luapula,Mwansabombwe,Health Centre,-9.74861,28.766308,10975,34735
2407,Chembe North Health Post,Copperbelt,Kalulushi,Health Post,-12.79151167,27.996865,4233,22817
3277,Chabbobboma Rural Health Centre,Southern,Gwembe,Health Centre,-16.77204674,27.83350389,3608,9595
3311,Milambo Health Post,Luapula,Milenge,Health Post,-11.80944,29.11528,429,1338
3287,Chikumbi Health Post,Lusaka,Chongwe,Health Post,-15.2329,28.3318,4010,70446
3296,Salanga Rural Health Centre,Luapula,Mwansabombwe,Health Centre,-9.96227,28.73066,6223,21475
3279,Makuyu Health Post,Southern,Gwembe,Health Post,-16.59600517,27.88731144,4825,14403
3297,Katotoma Health post,Luapula,Mwansabombwe,Health Post,-9.896415,28.737622000000002,3663,20799
3284,Luumbo Rural Health Centre,Southern,Gwembe,Health Centre,-16.47500217,28.09444319,3901,13204
3300,Kazembe Rural Health Centre,Luapula,Mwansabombwe,Health Centre,-9.81998,28.761424,11301,27047
3317,Shitambuli Health Post,Luapula,Milenge,Health Post,-12.356651,29.2812,143,500
3388,Lukaka Rural Health Centre,Muchinga,Shiwang'andu,Health Centre,-11.244687,31.461681,463,1772
3334,Nsombo Rural Health Centre,Northern,Lupososhi,Health Centre,-10.815032,29.939923,2953,9345
3335,Kapilya Rural Health Centre,Muchinga,Lavushi Manda,Health Centre,-12.2397,30.3135,460,1760
3393,Kaluba Health Post,Muchinga,Mpika,Health Post,-11.804804,31.671228,112,420
1683,ZAF Mumbwa Rural Health Centre,Central,Mumbwa,Health Centre,-15.08547,27.17973,13314,27448
3741,Chembe Rural Health Center,Central,Luano,Health Centre,-14.857675,29.395201,390,1414
3369,Kasonde Mutokwa Health Post,Northern,Kasama,Health Post,-9.7916773,31.17679,10193,29923
3332,Lundu Health Post,Northern,Lupososhi,Health Post,-10.737738,29.815483,1610,7529
3327,Mumba Health Post,Northern,Lupososhi,Health Post,-10.338264,29.615874,1340,5437
3360,Chanda Mukulu Health post,Northern,Kasama,Health Post,-10.82018,31.12687,1251,3906
3370,Kasama Health Post,Northern,Kasama,Health Post,-10.2118,31.18134,77496,118994
3340,Munkonge Rural Health Centre,Northern,Kasama,Health Centre,-10.30457,30.68464,1527,7596
3349,Mwasha Health Post,Northern,Kasama,Health Post,-10.41703,30.90136,392,1884
3316,Lukolongo Health post,Northern,Lupososhi,Health Post,-10.973664,29.260485,1080,4677
3319,Kapalala Rural Health Center,Luapula,Milenge,Health Centre,-12.385539608761,29.4367453125,419,1150
3322,Sokontwe Rural Health Center,Luapula,Milenge,Health Centre,-12.30639,29.45111,344,1249
3328,Chungu Rural Heath Centre,Northern,Lupososhi,Health Centre,-10.595951,29.63842,1765,6256
3331,Mapulanga Rural Health Centre,Northern,Lupososhi,Health Centre,-10.513258,29.812872,976,4358
3348,ZNS Chishimba (Kasama) Rural Health,Northern,Kasama,Health Centre,-10.00654,30.87493,3446,14972
3350,Chilubula Hospital Affiliated Clinic,Northern,Kasama,Health Centre,-10.1409,30.94868,6941,20457
3351,Lukashi ( Selu ) Health Post,Northern,Kasama,Health Post,-9.93602,30.99806,3284,11884
3363,Kasama Police Clinic,Northern,Kasama,Health Centre,-10.21313,31.16499,64746,115392
3379,Kabanda Rural Health Centre,Muchinga,Shiwang'andu,Health Centre,-10.851314,31.284907,494,2072
3362,Lukashya Rural Health Centre,Northern,Kasama,Health Centre,-10.12805,31.16489,7778,65761
3385,Mumbi Mfumu Health Post,Northern,Kasama,Health Post,-10.49924,31.4501,380,1547
3399,Ilondola Rural Health Centre,Muchinga,Shiwang'andu,Health Centre,-10.717536,31.801067,1134,3799
3377,Misamfu Rural Health Centre,Northern,Kasama,Health Centre,-10.169,31.23043,28597,109932
3401,Konja Rural Health Centre,Muchinga,Shiwang'andu,Health Centre,-10.908646,31.855564,565,2264
3324,East 7 Rural Health Center,Luapula,Milenge,Health Centre,-12.41611,29.48556,428,802
3368,Kasakula Rural Health Centre,Northern,Kasama,Health Centre,-10.21407,31.1751,74092,117683
3396,Lwanya Health Post,Muchinga,Shiwang'andu,Health Post,-11.433551,31.738039,1710,4439
3371,Kateshi Rural Health Centre,Northern,Kasama,Health Centre,-10.22223,31.18472,78915,116491
3358,Mulobola Rural Health Centre,Northern,Kasama,Health Centre,-10.64111,31.08091,509,2324
3408,Mulanga Rural Health Centre,Muchinga,Shiwang'andu,Health Centre,-10.991575,32.150408,940,3182
3402,Philip Health Post,Muchinga,Shiwang'andu,Health Post,-11.117039,31.908201,515,2031
3384,Sele Health Post,Muchinga,Shiwang'andu,Health Post,-10.841505,31.408878,859,2594
2559,Konkola Health Centre 2,Copperbelt,Chililabombwe,Health Centre,-12.29610268,27.75974556,21998,49317
3094,ZAF Urban Health Centre,Southern,Livingstone,Health Centre,-17.84159,25.85375,130190,162863
3352,Ngoma Health post,Northern,Kasama,Health Post,-9.93602,30.99806,3284,11884
3375,Mulenga Hills Urban Health Centre,Northern,Kasama,Health Centre,-10.2115,31.20814,79108,118689
3387,TZR Residential Urban Health Centre,Muchinga,Mpika,Health Centre,-11.7049,31.4555,5605,16252
3390,Chikwanda Health Post,Muchinga,Mpika,Health Post,-11.732576,31.472887,7127,22251
3422,Iwula Health Post,Muchinga,Nakonde,Health Post,-9.482923,32.66074,4438,13895
3414,Kafwimbi Rural Health Centre,Muchinga,Isoka,Health Centre,-10.1721,32.5568,4996,29470
3409,Mukalizi  Health Post,Muchinga,Nakonde,Health Post,-9.133934,32.190179,2036,6358
3416,Waitwika Rural Health Centre,Muchinga,Nakonde,Health Centre,-9.450261,32.588399,3881,12716
3434,Mwenechanka Rural Health Centre,Muchinga,Nakonde,Health Centre,-9.712008,32.959273,1443,5234
3397,Kalimba Health Post,Muchinga,Mpika,Health Post,-12.207835,31.74098,54,203
3404,Chaya Health Post,Muchinga,Mpika,Health Post,-12.546543,31.968102,83,331
3431,Nyela Health Post,Muchinga,Nakonde,Health Post,-9.43097,32.838003,3182,12352
3364,Tazara Urban Health Centre,Northern,Kasama,Health Centre,-13.957,28.6807,39902,56978
4220,Grandma Olipa Phiri Memorial Hospital,Lusaka,Lusaka,1st Level Hospital,-15.420393938787,28.30248703125,635225,2379709
3407,Matumbo Rural Health Centre,Muchinga,Shiwang'andu,Health Centre,-10.963254,32.033567,1886,4715
3480,Mundu Rural Health Centre,Muchinga,Chinsali,Health Centre,-10.326931,32.24982,2338,5630
3479,Cheswa Health Post,Muchinga,Chinsali,Health Post,-10.284742,32.132656,736,3016
3095,Livingstone Central Hospital,Southern,Livingstone,3rd Level Hospital,-17.84159,25.85375,130190,162863
3421,Kantongo Health Post,Muchinga,Nakonde,Health Post,-9.48682,32.634572,4791,13589
3406,Lufila Rural Health Centre,Muchinga,Mpika,Health Centre,-11.3232,32.0195,107,742
3420,Kasoka Rural Health Centre,Muchinga,Isoka,Health Centre,-10.1548,32.6345,24631,40729
3423,Mwenzo Rural Health Center,Muchinga,Nakonde,Health Centre,-9.328845,32.688055,11156,98816
3428,Nakonde Urban Health Center,Muchinga,Nakonde,Health Centre,-9.32862,32.754239,78605,102331
3459,Kalima Nkonde Rural Health Center,Luapula,Lunga,Health Centre,-9.558922,28.73872,7963,24382
3461,Nsalushi Rural Health Center,Luapula,Lunga,Health Centre,-11.55027,30.223329,416,1928
3470,Prison Urban health Centre,Western,Mongu,Health Centre,-15.265479,23.143609,59436,74565
3466,Nalwei Rural Health Centre,Western,Mongu,Health Centre,-15.076558,23.905751,1405,4587
3505,Kalundwana Rural Health Centre,Western,Mongu,Health Centre,-15.244016,23.403123,1272,5228
3507,Lukweta Rural Health Centre,Western,Mongu,Health Centre,-15.579913,23.829089,398,1483
3447,Nyimba District Hospital,Eastern,Nyimba,1st Level Hospital,-14.542537,30.831132,2962,7960
3448,Mawanda Health Post,Eastern,Nyimba,Health Post,-14.551901,30.873449,2864,8794
3495,Kakoma Health Post,Northern,Nsama,Health Post,-8.98735,29.71619,600,1990
3478,Nkweto Health Post,Muchinga,Chinsali,Health Post,-10.254284,32.300092,1010,4392
3446,Chipembe Rural Health Centre,Eastern,Nyimba,Health Centre,-14.50397,31.01704,4416,13233
3443,Mwape Rural Health Centre,Eastern,Nyimba,Health Centre,-14.1174,30.8336,702,2398
3444,Misebe Health Post,Eastern,Nyimba,Health Post,-14.130578999999999,30.987012,306,3201
3520,Nakato Health Post,Western,Mongu,Health Post,-15.27,23.31306,1916,7371
3463,Kalisha Health Post,Muchinga,Chinsali,Health Post,-10.100549000000001,32.192987,1295,5506
3490,Chishela Rural Health Centre,Northern,Nsama,Health Centre,-8.55744,30.216348,1557,5304
3355,Mpumba Rural Health Centre,Muchinga,Lavushi Manda,Health Centre,-12.37033,31.0154,103,622
3483,Nkula Health Post,Muchinga,Chinsali,Health Post,-10.644039,31.943848,1969,8885
3451,Chininkhu Health Post,Eastern,Nyimba,Health Post,-14.584518,30.986382,2573,11107
1070,Chimonselo Health Post,Southern,Sinazongwe,Health Post,-17.39516507,27.26341076,7795,41087
3440,St. Josephs Rural Health Centre,Eastern,Nyimba,Health Centre,-14.8980628,30.3947891,922,2700
3453,Hofmeyr Rural Health Centre,Eastern,Nyimba,Health Centre,-14.6665,30.84677,1519,6407
3454,Mchimadzi Health Post,Eastern,Nyimba,Health Post,-14.72188,30.76264,1222,4019
3488,Kapisha (Nsama) Health Post,Northern,Nsama,Health Post,-8.40152,30.46155,646,2237
3511,Sefula Stage II Rural Health Centre,Western,Mongu,Health Centre,-15.38407,23.186057,5652,16143
3493,Kashikishi  Health Post,Northern,Nsama,Health Post,-8.87607,29.6687,357,1357
3532,Kawimbe Rural Health Centre,Northern,Mbala,Health Centre,-8.82948,31.527,4006,11916
3504,Mweeke Health Post,Western,Mongu,Health Post,-15.242243,23.33141,1826,6535
3502,Nasange Health Post,Western,Mongu,Health Post,-15.22722,23.65639,643,3074
3508,Ilute Health Post,Western,Mongu,Health Post,-15.27608,23.163404,54086,73988
3572,Mufuli Wanjamba Health Post,North-Western,Kabompo,Health Post,-13.989471,23.617306,1060,4766
3497,Kalwilo North Health Post,North-Western,Kabompo,Health Post,-13.428063999999999,23.694492,791,2921
3521,Kashembe Health Post,Western,Mongu,Health Post,-15.32898,23.170962,6927,61246
3516,Litawa Rural Health Centre,Western,Mongu,Health Centre,-15.662397,23.59362,968,3154
3499,Simulumbe Rural Health Centre,Western,Mongu,Health Centre,-15.159402,23.554348,824,3610
3535,Mulefu Health Post,Northern,Mbala,Health Post,-8.884503,31.46765,3905,18440
3189,Zebe Health Post,Eastern,Chama,Health Post,-11.872573,32.575904,707,2438
3531,Kalekwa Health Post,Northern,Mbala,Health Post,-8.788411,31.557931,2733,8242
3487,Bushinga Health Post,Southern,Itezhi-Tezhi,Health Post,-15.599863723781,26.076725617676,1764,4800
3498,Dikolonga'Health Post,North-Western,Kabompo,Health Post,-13.087695,23.62293,447,1810
3534,ZAF Samora Machel Clinic,Northern,Mbala,Health Centre,-8.861711,31.335121,27260,48768
3537,Mwamba Health Centre,Northern,Mbala,Health Centre,-8.897143,31.612741,2047,7764
2856,kalyamani Health Post,Muchinga,Mafinga,Health Post,-10.37572,33.49801,2450,8524
3539,Luka Health Post,Northern,Mbala,Health Post,-8.937614,31.552846,1966,9043
3557,Mbulundu Health Post,North-Western,Kabompo,Health Post,-13.308398,24.070395,1642,4163
4412,Progress Medical Centre,North-Western,Solwezi,General clinic,-12.17675,26.423035,49009,101504
3569,Kabompo Hospital Affiliated Health Centre,North-Western,Kabompo,Health Centre,-13.595595,24.204406,6352,13865
3594,Chisanga Ponde Health Post,Northern,Mungwi,Health Post,-9.844865,31.351684,1890,9760
3550,Chilunda Health Post,Muchinga,Chinsali,Health Post,-9.94615,32.436991,750,2959
3558,Litoya Health Post,North-Western,Kabompo,Health Post,-13.534691,24.37255,1417,7394
3591,Chizilika Health post,Southern,Siavonga,Health Post,-16.23,28.47,2063,9799
3568,Kabompo District Hospital,North-Western,Kabompo,1st Level Hospital,-13.595595,24.204406,6352,13865
3546,Masamba Rural Health Centre,Northern,Mbala,Health Centre,-9.148992,31.370535,2937,8805
3538,ZNS Mbala Health Centre,Northern,Mbala,Health Centre,-8.930165,31.272625,3226,16572
3541,Isofu Rural Health Centre,Northern,Mbala,Health Centre,-8.994292,31.788689,3189,12892
4221,Cardinal Adams  Hospital,Lusaka,Lusaka,1st Level Hospital,-15.4088,28.2785,785428,2447032
3573,Chikupili Rural Health Center,Central,Luano,Health Centre,-14.0773,29.2426,415,2147
3575,Old Mkushi Rural Health Center,Central,Luano,Health Centre,-14.3675,29.3648,473,1659
3545,Kamuzwazi Rural Health Centre,Northern,Mbala,Health Centre,-9.122392,31.575403,4938,15022
3560,Chikonkwelo Health Centre,North-Western,Kabompo,Health Centre,-13.308398,24.070395,1642,4163
3561,Katendwa Health Post,North-Western,Kabompo,Health Post,-13.388204,23.776054,881,3100
3567,Nkulwashi  Health Centre,North-Western,Kabompo,Health Centre,-13.658936,24.088881,1254,4581
3571,Mumbeji Health Centre,North-Western,Kabompo,Health Centre,-13.989471,23.617306,1060,4766
3592,Kariba border Health Post,Southern,Siavonga,Health Post,-16.509,28.74713,17884,24699
3600,Lukola Rural Health Center,Luapula,Chembe,Health Centre,-11.76293047364,28.741493240356,8909,25333
3617,Mawanda Rural Health Centre,Eastern,Lusangazi,Health Centre,-13.824542,31.663263,8413,32654
3615,Sandwe Rural Health Centre,Eastern,Lusangazi,Health Centre,-13.969409,31.604343,6200,26287
1351,Mweemba Health Post,Southern,Mazabuka,Health Post,-16.05751566,27.70039215,2299,10664
1041,Muziyo Health Post,Southern,Sinazongwe,Health Post,-17.57317536,27.18421879,2196,6918
3654,Home of Compassion Hospital,Luapula,Mansa,1st Level Hospital,-11.196364200355,28.903570664215,102573,146534
1261,Hanzala Rural Health Centre,Southern,Mazabuka,Health Centre,-16.370888,28.055963,1066,5078
3612,Satellite 18 Rural Health Centre,Eastern,Lusangazi,Health Centre,-15.427887,28.313252,547664,2166987
2344,Mindolo Training Farms Urban Health Centre,Copperbelt,Kalulushi,Health Centre,-12.897384,28.126894,25000,137891
3469,Mutalaeti Health Post,Western,Mongu,Health Post,-15.238434,22.870837,2319,9296
3608,Riverside Health Post,Eastern,Lusangazi,Health Post,-13.906821,31.631304,10493,34872
3675,Royal Professional Medical Services,Southern,Livingstone,Health Centre,-17.852351,25.856405,128128,164845
3576,Kanyesha Rural Health Center,Central,Luano,Health Centre,-14.857982,29.395109,390,1414
3638,Pumpa Health Post,Northern,Mbala,Health Post,-8.992814,31.602629,3239,11328
3585,Busa  Health Post,Central,Luano,Health Post,-14.069289,29.151814,441,2148
3577,Chimika Rural Health Center,Central,Luano,Health Centre,-14.7601,29.1238,213,892
4222,Chreso Ministries Health Centre,Lusaka,Lusaka,Health Centre,-15.3892,28.35605,504526,1623632
2852,Chifulo Health Post,Northern,Mungwi,Health Post,-10.390401,31.643964,1110,4614
3607,Chikowa Health Post,Eastern,Lusangazi,Health Post,-13.981865,31.591467,5578,24876
3651,Idream Health Post,Copperbelt,Masaiti,Health Post,-13.12615,28.705889,8270,51993
3659,Green Balm of Gilead Clinic,Southern,Chirundu,Health Centre,-16.028757,28.847955,12790,20316
3660,Sebry Clinic,Southern,Chirundu,Health Centre,-16.025643,28.852416,12474,20212
3679,Kabanga Health Post,Southern,Itezhi-Tezhi,Health Post,-15.520320796773,26.698483125,433,1790
1938,Kafumbwe Rural Health Centre,Eastern,Katete,Health Centre,-14.13,32.1414,7828,38368
3613,Mwanika Rural Health Centre,Eastern,Lusangazi,Health Centre,-13.954126,31.76344,8933,28067
3185,Kambowe Health Post,Eastern,Chama,Health Post,-10.561252,32.92723,648,2481
2114,Muzeyi Rural Health Centre,Eastern,Chipangali,Health Centre,-13.50103134,32.44930923,9528,26236
3648,Kitwe Vocation Training College Health Centre,Copperbelt,Kitwe,Health Centre,-12.762,28.1942,195830,449261
3653,Bethasida Medical Centre,Eastern,Katete,Health Centre,-14.064974,32.439641,11014,27234
3674,Mukuni Medical,Southern,Livingstone,Health Post,-17.832313,25.853605,124172,161417
3676,Shafiq Urban Health Centre,Southern,Livingstone,Health Centre,-17.839009,25.866851,120794,162949
4313,Tender Care Clinic,Lusaka,Lusaka,General clinic,-15.441603,28.300596,584109,2013441
3796,Mwembezhi Rural Health Center,Central,Shibuyunji,Health Centre,-15.3837,27.7835,3084,14220
3688,Gibson Rural Health Center,Central,Chitambo,Health Centre,-12.200411,30.132229,436,1692
3644,Olivine Clinic,Central,Serenje,Health Centre,-13.23908,30.23499,8879,18973
3645,Mine Clinic,Central,Shibuyunji,Health Centre,-15.4431,27.8245,4221,17828
3709,Luanshimba Rural Health Centre,Central,Kapiri-Mposhi,Health Centre,-14.2241,28.5716,5788,15325
3686,Chalilo Rural Health Center,Central,Chitambo,Health Centre,-12.4623,30.3518,1176,3677
3642,Lesa Wesu Private  Private Clinic,Central,Mkushi,Health Post,-13.947951,29.397891,7104,17312
3664,Shalom Health Post,Lusaka,Lusaka,Health Post,-15.431678,28.220011,434161,1539820
3666,Premium Medical Services Limited (Maternity),Lusaka,Lusaka,Health Centre,-15.4049475,28.277176,811801,2444163
3693,Yorum Mwanje Rural Health Center,Central,Chitambo,Health Centre,-12.80262,30.326575,631,2804
3699,Kabwe Central Hospital,Central,Kabwe,3rd Level Hospital,-14.43489489,28.42955557,113875,177337
3700,Lot40 Health Post,Central,Kabwe,Health Post,-14.650498,28.42341,1862,7814
1109,Ngweze Health Post,Western,Sesheke,Health Post,-17.172,23.73369,92,383
3677,Sun Bird Optician,Southern,Livingstone,Optic Clinics,-17.846433,25.856782,130043,164052
3735,Kabwale Health Post,Central,Kapiri-Mposhi,Health Post,-13.941221,28.528295,1304,6049
3723,Lunchu B Health Post,Central,Kapiri-Mposhi,Health Post,-14.001077,28.884376,2135,8284
3724,Chapusha Health Post,Central,Kapiri-Mposhi,Health Post,-14.053728,28.180303,995,4072
3797,Nampundwe Rural Health Center,Central,Shibuyunji,Health Centre,-15.5034,27.9233,12867,26861
3687,Chitambo Hospital Affiliated Health Center,Central,Chitambo,Health Centre,-12.9016,30.6335,1948,5650
3755,Kasalamakanga Health Post,Central,Mkushi,Health Post,-13.604936,29.494278,3068,16198
3702,Chankomo Rural Health Center,Central,Kapiri-Mposhi,Health Centre,-13.9025,29.0477,2071,8463
3727,Lukomba Health Post,Central,Kapiri-Mposhi,Health Post,-13.878115,28.900078,5197,14081
3749,Changilo Health Post,Central,Mkushi,Health Post,-13.5508694,29.68315442,4075,11729
3744,Mboroma Rural Health Center,Central,Luano,Health Centre,-14.1174,30.1224,933,2986
3761,Matuku  Health Post,Central,Mkushi,Health Post,-13.8556798,29.4499497,3022,11219
3712,Mukonchi Rural Health Center,Central,Kapiri-Mposhi,Health Centre,-14.2633,28.8183,5608,14581
3739,Kapandwe Health Post,Central,Kapiri-Mposhi,Health Post,-14.576878,28.214499,2875,12692
3716,St. Pauls Rural Health Centre,Central,Kapiri-Mposhi,Health Centre,-14.3335,28.6195,3093,13447
3737,Kabaka Health Post,Central,Kapiri-Mposhi,Health Post,-13.937063,28.477956,1139,4261
3729,Likumbi Health Post,Central,Kapiri-Mposhi,Health Post,-14.386598,28.943493,3735,9922
3180,Chitukula Health Post,Eastern,Chama,Health Post,-11.44049,33.043872,865,3432
1093,Sinakasikili Health Post,Southern,Sinazongwe,Health Post,-17.28375457,27.33963747,3906,17425
3753,Kabengeshi Health Post,Central,Mkushi,Health Post,-13.7949511,29.537548,2036,8400
3757,Katuba Health post,Central,Mkushi,Health Post,-13.6769744,29.2633883,2598,9748
3732,Renoato Health Post,Central,Kapiri-Mposhi,Health Post,-13.709782,28.66832,3235,9343
3736,Kato Health Post,Central,Kapiri-Mposhi,Health Post,-14.308311,28.15282,1443,5616
2129,Lihukwa Health Post,North-Western,Chavuma,Health Post,-13.42945,22.748009,394,1443
3767,ZNS Munsakamba Rural Health Centre,Central,Mkushi,Health Centre,-13.6355,29.6059,3116,11092
3742,Chingombe Mission Rural Health Center,Central,Luano,Health Centre,-14.4195,29.9703,478,1739
3786,Nsengwa Health Post,Central,Ngabwe,Health Post,-13.8848,27.7347,769,3070
3759,Lilanda Health post,Central,Mkushi,Health Post,-13.619183,29.388554,15423,26526
3790,Kampumbu Rural Health Post,Central,Serenje,Health Post,-10.3084416,33.079714,1978,7258
3778,Upper Musofu Healt Post,Central,Mkushi,Health Post,-13.5139,29.0413,1711,6346
3794,Masiteki Health Post,Central,Shibuyunji,Health Post,-15.419462,27.893547,5233,23537
3792,Kapyanga Rural Health Center,Central,Shibuyunji,Health Centre,-15.026,27.5672,1512,6058
3791,Chabota Health Post,Central,Shibuyunji,Health Post,-15.224222,27.55324,2617,10708
3787,Chibuyesaili Health Post,Central,Serenje,Health Post,-12.955053,30.840667,368,1628
3785,Ngabwe Rural Health Center,Central,Ngabwe,Health Centre,-14.0835,27.2505,790,2968
3782,Chilwa Island Rural Health Center,Central,Ngabwe,Health Centre,-14.2011,27.6509,908,2923
3784,Mumbachala Rural Health Center,Central,Ngabwe,Health Centre,-14.098929,27.417494,1638,5193
3734,Ilungu Health Post,Central,Kapiri-Mposhi,Health Post,-14.663938,28.901759,970,3646
3722,Chitaba Rural Health Centre,Central,Kapiri-Mposhi,Health Centre,-14.061811,28.345259,1044,4156
3805,Chilobwe Health Center,Copperbelt,Kitwe,Health Centre,-12.95247,28.1778,23316,91777
3810,Lubambe Medical and Wellness Services,Copperbelt,Kitwe,Health Centre,-12.7989955333,28.2251003434,257083,520748
3834,Kasombo Health Post,Copperbelt,Mufulira,Health Post,-12.449217,28.276757,5232,31785
1014,Linda Urban Health Centre,Southern,Livingstone,Health Centre,-17.8623,25.868,115350,165485
3843,Olasho  Health Post,Copperbelt,Mufulira,Health Post,-12.482528,28.371956,5531,20933
3824,Mbotwa Health Post,Copperbelt,Masaiti,Health Post,-13.354769,28.791614,2892,11921
3835,Minambe Health Post,Copperbelt,Mufulira,Health Post,-12.503735,28.281309,15562,104607
3842,Ngambi Health Post,Copperbelt,Mufulira,Health Post,-12.464315,28.114739,1577,9363
3832,Kafironda Health Post,Copperbelt,Mufulira,Health Post,-12.628563,28.183386,17547,91478
3157,Kantolomba  Health Post,Copperbelt,Ndola,Health Post,-13.009587,28.600389,132075,395773
3849,Katondo Health Centre,Copperbelt,Ndola,Health Centre,-13.022145,28.697934,113146,335779
1088,Sinjembela Rural Health Centre,Western,Sioma,Health Centre,-17.301,23.0222,238,678
3825,Kaunga Health Post,Copperbelt,Masaiti,Health Post,-13.3102,28.74886,2679,13118
3831,Chiwele Health  Post,Copperbelt,Mufulira,Health Post,-12.541392,28.35504,3787,42514
1573,Mt. Makulu Urban Health Centre,Lusaka,Chilanga,Health Centre,-15.32419,28.143416,7533,126841
3381,Chilonga OPD Urban Health Post,Muchinga,Mpika,Health Post,-12.0173,31.3337,3784,11447
3819,Matipa Health Post,Copperbelt,Masaiti,Health Post,-13.468077,28.673796,3418,10625
3821,Mpulabushi Health Post,Copperbelt,Masaiti,Health Post,-13.373673,28.900366000000002,1697,6803
3841,Muya  Health Post,Copperbelt,Mufulira,Health Post,-12.437659,28.209163,2579,18256
3846,Taung-Up Health Centre,Copperbelt,Mufulira,Health Centre,-12.566951,28.260346,79855,131146
4345,Trade Kings Staff Clinic,Lusaka,Lusaka,General clinic,-15.4185935,28.2706048,748131,2335343
3874,Mbaso Health Post,Luapula,Mansa,Health Post,-11.2134,28.7773,7204,40027
3866,Makasa Health Post,Luapula,Samfya,Health Post,-11.345098,29.53616,10856,26117
3875,Mwanda Health Post,Luapula,Mansa,Health Post,-11.2024,28.8662,84937,143076
3864,Chisakana Health Post,Luapula,Samfya,Health Post,-11.840905,29.501391,1635,6915
3106,Zesco Urban Health Centre,Copperbelt,Ndola,Health Centre,-12.99503,28.637474,211785,464363
3869,Lukata Health Post,Luapula,Chienge,Health Post,-9.010687,29.037571,11844,28484
1114,Buleyamalima Rural Health Centre,Southern,Sinazongwe,Health Centre,-17.1240152,27.53607105,2862,9453
3856,Nyimba Mwana Health Post,Eastern,Petauke,Health Post,-14.611738,31.258612,3415,10238
1060,Zuka Health Post,Southern,Sinazongwe,Health Post,-17.464879,27.348591,2140,6514
3859,St. Pauls Mission Hospital,Luapula,Nchelenge,1st Level Hospital,-9.306017,28.740398,26052,41821
3860,Mantapala Rural Health Center,Luapula,Nchelenge,Health Centre,-9.506149,28.881709,2720,10673
3873,Mansa Correctional Facilitty,Luapula,Mansa,Health Post,-11.2034,28.8663,85392,143370
3879,Victoria Health Centre,Lusaka,Chilanga,Health Centre,-15.5479,28.27284,193586,478326
3882,Chiliyabale Health Post,Lusaka,Chongwe,Health Post,-15.4521,28.78022,2646,9315
3886,Chelstone Zonal Health Centre,Lusaka,Lusaka,Health Centre,-15.3702,28.39038,272434,905069
3891,Airport Health Centre,Lusaka,Lusaka,Health Centre,-15.3255,28.44659,29138,200879
3892,St Agness Urban Health Centre,Lusaka,Lusaka,Health Centre,-15.41465,28.383879,260060,1024136
3894,Kanyama Self Help Health Post,Lusaka,Lusaka,Health Post,-15.436577,28.241576,596553,1812705
3911,Kamulanga Health Post,Lusaka,Lusaka,Health Post,-15.479855,28.305062,396067,1274135
3901,Kamwala South Health Post,Lusaka,Lusaka,Health Post,-15.445963,28.293805,599909,1948038
4315,Phil Opticians- East Park,Lusaka,Lusaka,Eye clinic,-15.3915356,28.3209411,655617,2289594
3876,Linda Health Post,Lusaka,Lusaka,Health Post,-15.529173,28.234799,206723,586690
3934,Hilltop Private Hospital,Northern,Kasama,1st Level Hospital,-10.19617,31.19078,75201,120878
3303,Kapale  Health post,Luapula,Mwansabombwe,Health Post,-9.817256,28.779578,11115,29636
3919,Ng’ anjo Bazimu Health Post,Eastern,Chama,Health Post,-11.284727,32.990079,794,3768
3932,Chimpatika Health Post,Northern,Kaputa,Health Post,-8.933792,29.438737,1930,6487
1610,Lewanika Referral Hospital,Western,Mongu,2nd Level Hospital,-15.26542,23.137881,58988,74315
3937,Monica Health Post,Northern,Kasama,Health Post,-10.224691,30.916059,2018,8229
4316,Bethel Infirmarry Clinic,Lusaka,Lusaka,General clinic,-15.325512,28.32588,366239,1382508
3948,Chalele Health Post,Northern,Mbala,Health Post,-9.298432,31.396641,1610,7068
4037,Kalwilo Health Post,North-Western,Zambezi,Health Post,-13.9018818993,22.661007539063,234,981
3913,State Lodge Urban Health Centre,Lusaka,Lusaka,Health Centre,-15.448,28.4406,21225,259813
3907,Nipa Health Post,Lusaka,Lusaka,Health Post,-15.419,28.2907,695467,2422405
3916,Bundabunda Rural Health Post,Lusaka,Rufunsa,Health Post,-15.264995,29.03062,1324,4532
4295,Rong Zeng Surgery,Lusaka,Lusaka,General clinic,-15.4053901,28.2885417,777955,2496003
3910,Bank of Zambia Clinic,Lusaka,Lusaka,General clinic,-12.971418,28.649748,186990,465914
3906,Evelyn Hone Health Post,Lusaka,Lusaka,Health Post,-15.41635,28.290279,710077,2447136
3904,Railway Health Centre,Lusaka,Lusaka,Health Centre,-15.411278,28.282975,758843,2459628
3902,Kuku Health Post,Lusaka,Lusaka,Health Post,-15.448245,28.279664,640932,1900302
3899,Freedom Urban Health Centre,Lusaka,Lusaka,Health Centre,-15.53627,28.271422,230870,605001
3998,Mututubanya Health Post,North-Western,Mushindano,Health Post,-11.91872,27.175357,581,2636
3964,Maheba F Rural Health Centre,North-Western,Kalumbila,Health Centre,-12.5172,25.956,882,3656
3897,Salvation Army Health Post,Lusaka,Lusaka,Health Post,-15.4368124,28.2351192,547458,1721519
3896,Garden House Health Post,Lusaka,Lusaka,Health Post,-15.4208427,28.2240228,513691,1685641
4224,Medland Hospital,Lusaka,Lusaka,1st Level Hospital,-15.402335,28.306381,711083,2486851
3946,Mbala General Hospital,Northern,Mbala,2nd Level Hospital,-8.845666,31.364378,31706,49509
4016,Dipalata Rural Health Centre,North-Western,Zambezi,Health Centre,-13.313263296231,23.365505830078,1068,4495
4022,Nyakulenga Rural Health Centre,North-Western,Zambezi,Health Centre,-13.16220490601,23.583859101563,446,2004
3942,Mpasa Health Post,Northern,Lupososhi,Health Post,-11.000081,29.351719,1216,5975
3950,Iyendwe Rural Health Centre,Northern,Mpulungu,Health Centre,-8.648573,30.703393,1643,6051
3951,Chibwensolo Health Post,Northern,Nsama,Health Post,-8.41652,30.45645,758,3426
3987,Nyansonso  Rural Health Post,North-Western,Mufumbwe,Health Post,-12.986244,25.584052,462,1584
3993,Kalende  Rural Health  Post,North-Western,Mufumbwe,Health Post,-13.004033,24.059052,1146,3209
4028,Kasesi Health Post,North-Western,Zambezi,Health Post,-13.609590835835,23.130501405029,2308,8176
4050,Shangombo District  Hospital,Western,Shang'ombo,1st Level Hospital,-16.319421,22.11197,685,1584
4090,Siloloti Health Post,Western,Nalolo,Health Post,-15.577872602432,23.010510102539,1519,6136
4633,Njabalombe Rural Health Center,Southern,Zimba,Health Centre,-17.512075191516,26.60287265625,1831,7754
4013,Kipushi Health Post,North-Western,Mushindano,Health Post,-11.7668,27.1812,5778,13255
4010,Kilumba Rural Health Centre,North-Western,Mushindano,Health Centre,-11.966612,26.904466,681,1873
4006,Mapunga Rural Health Centre,North-Western,Mushindano,Health Centre,-12.931,26.8515,648,2037
3997,Luamfula Zambia Flying Doctor Service Rural Health Centre,North-Western,Mushindano,Health Centre,-12.2215,27.4955,432,2347
3969,Musangezhi  Health Post,North-Western,Kalumbila,Health Post,-12.30116,25.16363,1001,3889
3967,Mukilawantambo Health Post,North-Western,Kalumbila,Health Post,-12.147831,25.383858,1087,3515
3961,Kamiba Health Post,North-Western,Kalumbila,Health Post,-12.243407,26.248555,980,7816
3959,Kakaindu Health Centre,North-Western,Kalumbila,Health Centre,-12.329861,25.875702,5254,14935
3958,Jagaimo Rural Health Centre,North-Western,Kalumbila,Health Centre,-12.4292,25.9345,1822,6761
4067,Nalulembwe Health Post,Western,Kaoma,Health Post,-14.72,24.086,414,1917
4063,Nkenga Rural Health Centre,Western,Luampa,Health Centre,-14.8864,24.2631,1062,4501
2845,Chibale Rural Health Centre,Eastern,Chama,Health Centre,-10.4905,32.7861,940,2743
2871,Thendele Rural Health Centre,Muchinga,Mafinga,Health Centre,-10.25673,33.37266,3488,12748
4023,Mize Health Centre,North-Western,Zambezi,Health Centre,-13.54105082203,23.076857224731,3608,9126
4033,Lwatembu East Health Post,North-Western,Zambezi,Health Post,-13.650989948124,23.315868870049002,701,2986
4039,Kakoto Health Post,North-Western,Zambezi,Health Post,-13.889884,23.02904953125,330,1390
4040,Chiseji Health Post,North-Western,Zambezi,Health Post,-13.783208756117,23.55639328125,850,3754
1442,Phil Opticians Limited,Lusaka,Kafue,Eye clinic,-15.76488,28.19324,42251,65411
2231,Section 3 Urban Health Centre,Copperbelt,Luanshya,Health Centre,-13.134423,28.379457,41039,103889
2780,Bukotelo Health Post,Northern,Chilubi,Health Post,-11.1013,30.0355,1852,7779
3590,Kabbila health Post,Southern,Siavonga,Health Post,-16.45724,28.732335,5115,27056
1666,Nangoma Mission Hospital,Central,Mumbwa,1st Level Hospital,-15.12745,27.36229,7831,21832
3123,Reuben Health Post,Central,Chitambo,Health Post,-12.44262,29.9472,662,2504
4012,Luamala Rural Health Centre,North-Western,Mushindano,Health Centre,-12.2048,26.7762,781,3081
4011,Kishela Health Post,North-Western,Mushindano,Health Post,-11.994932,26.605009,1975,5307
4009,Israel Health Post,North-Western,Mushindano,Health Post,-12.046762,26.651851,1292,5450
4008,Kalomboshi Health Post,North-Western,Mushindano,Health Post,-12.959492,26.577524,352,1494
4007,Mujimanzovu Rural Health Centre,North-Western,Mushindano,Health Centre,-12.7903,26.5197,290,932
4004,Kichikwe Rural Heath Centre,North-Western,Mushindano,Health Centre,-12.349885,27.221908,729,2656
4001,Shafilundu Health Post,North-Western,Mushindano,Health Post,-12.307734,26.991194,818,2813
4000,Kanuma Rural Health Centre,North-Western,Mushindano,Health Centre,-12.3505,26.939,637,2243
4059,Mulwa Health Post,Western,Luampa,Health Post,-15.1711,24.1803,455,2089
4055,Lububa Health Post,Western,Luampa,Health Post,-15.0396,24.0528,976,4082
1926,Chindwale Health Post,Eastern,Katete,Health Post,-14.1807,32.0117,5692,26717
4080,Kaluundu Health Post,Western,Mwandi,Health Post,-16.4902,24.3412,90,420
4064,Nyambi 1 Rural Health Centre,Western,Luampa,Health Centre,-15.4225,24.7335,515,1802
4061,Nakayembe Rural Health Centre,Western,Luampa,Health Centre,-15.2975,24.2572,565,1912
4069,Kafwasonyi Health Post,Western,Kaoma,Health Post,-14.726,24.737,1085,7915
4083,Sankolonga Health Post,Western,Mwandi,Health Post,-17.1602,24.5347,242,922
3803,Fikolongo Health Post,Copperbelt,Chililabombwe,Health Post,-12.457121,27.909872,7005,115680
4087,Malombe Health Post,Western,Nalolo,Health Post,-16.181513328717,22.864254609375,291,1183
1069,Sinankumbi Health Post,Southern,Sinazongwe,Health Post,-17.40468934,27.53200466,97,344
4072,Manjolo Health Post,Western,Mitete,Health Post,-14.279544,23.087421,606,2708
4073,Mataba Health Post,Western,Mitete,Health Post,-14.520803,22.893272,673,2115
4074,Mbangweta Health Post,Western,Mitete,Health Post,-14.706958,22.98439,584,2137
3806,Community Development College Health Post,Copperbelt,Kitwe,Health Post,-12.87863,28.26253,110820,365713
3344,Chilongoshi Rural Health Centre,Northern,Kasama,Health Centre,-9.98657,30.8005,5223,15642
1536,Muunga Rural Health Centre,Southern,Itezhi-Tezhi,Health Centre,-15.352065526867,26.958389444336,1225,4247
3097,Prison Urban Health Centre,Southern,Livingstone,Health Centre,-17.84984,25.86503,124814,165058
1227,Mpango Health Post,Southern,Siavonga,Health Post,-16.2858,28.3158,1586,7449
1474,Estate Urban Health Centre,Lusaka,Kafue,Health Centre,-15.63356,28.159927,3559,24375
1882,Chataika Rural Health Centre,Eastern,Sinda,Health Centre,-14.344921,31.683319,6091,25325
1838,Chililalila Health Post,Central,Kabwe,Health Post,-14.443485,28.354945,7714,86062
1395,Mata Rural Health Centre,Western,Senanga,Health Centre,-16.1333,24.1333,173,611
2643,Lumwana West Rural Health Centre,North-Western,Mwinilunga,Health Centre,-11.821103,25.130206,968,3065
2035,Muchindushi Health Post,Copperbelt,Mpongwe,Health Post,-13.78494,28.141957,621,2593
3468,Kaande Health Post,Western,Mongu,Health Post,-15.243624,23.247098,2934,26721
3564,kamashila Health Post,North-Western,Kabompo,Health Post,-13.534691,24.37255,1417,7394
4082,Lwazamba Health Post,Western,Mwandi,Health Post,-17.0001,24.412,186,782
2806,Mwansakombe Rural Health Centre,Luapula,Chifunabuli,Health Centre,-10.888488,29.661224,4570,16969
1533,Twatasha Health Post,Lusaka,Lusaka,Health Post,-15.38566,28.245958,829880,2050216
3049,Makola Health Post,Northern,Mpulungu,Health Post,-8.78625,31.261421,3680,17168
3096,Dambwa North Health Post,Southern,Livingstone,Health Post,-17.84857,25.840865,122188,162641
1900,Petauke Medical Centre,Eastern,Petauke,Health Centre,-14.256618,31.325759,12880,26157
3215,Misambo Health Post,Northern,Kasama,Health Post,-10.082007,31.176338,5029,27213
2770,Musumali Health Post,Luapula,Mansa,Health Post,-11.1253,28.534300000000002,2733,8496
1089,Njoko Malomo Mission Health Post,Western,Sesheke,Health Post,-17.2947,24.20933,1042,4320
2927,Ngoli Rural Health Centre,Northern,Mungwi,Health Centre,-9.796045,31.175598,10788,31287
2289,Chiwala Health Post,Copperbelt,Masaiti,Health Post,-13.0056,28.71945,73536,288311
3452,Ndake Health Post,Eastern,Nyimba,Health Post,-14.61186,30.88543,1957,8424
1000,Kangololo Health Post,Copperbelt,Mpongwe,Health Post,-13.451345,27.522752,214,962
3031,Kabole Rural Health Centre,Luapula,Chienge,Health Centre,-9.04352,29.04714,12876,29763
1867,Nyanje Mission Hospital,Eastern,Sinda,1st Level Hospital,-14.380532,31.796719,6448,22201
4420,Mwinuna Mini Hospital,Central,Ngabwe,Health Centre,-13.80628,27.40545,669,2740
1761,Shimukuni Rural Health Centre,Central,Chibombo,Health Centre,-14.7674,27.903,2135,8604
3380,Chilonga Mission Hospital,Muchinga,Mpika,2nd Level Hospital,-12.0173,31.3337,3784,11447
2600,Zambia Compound Urban Health Centre,North-Western,Solwezi,Health Centre,-12.1720514,26.3884095,52374,99999
2595,Chisengisengi Rural Health Centre,North-Western,Mwinilunga,Health Centre,-12.180731,24.907967,907,2935
1269,Namilongwe Health Post,Southern,Monze,Health Post,-16.34172949,27.31964554,2015,7710
1339,Kasompa Health Post,Western,Mulobezi,Health Post,-16.088697,24.435554,159,602
1453,Maala Rural Health Centre,Southern,Namwala,Health Centre,-15.74452295,26.75468054,1976,6895
2091,Luankuni Health Post,Copperbelt,Mpongwe,Health Post,-13.591633,28.409642,2329,7477
3345,Mbusa Rural Health Centre,Northern,Kasama,Health Centre,-10.90003,30.80486,793,3070
2906,Nachisitu Rural Health Centre,Muchinga,Mafinga,Health Centre,-9.91044,33.23811,937,4361
1020,Police Urban Health Centre,Southern,Livingstone,Health Centre,-17.8489,25.8611,127622,164761
3473,Natonga Health Post,Western,Mongu,Health Post,-15.455453,23.771874,568,2834
1724,Siluwe Health Post,Western,Kalabo,Health Post,-14.92209636,22.64392405,850,5041
2438,Lumwana District Hospital,North-Western,Kalumbila,1st Level Hospital,-12.69836,25.839861,314,1331
2590,Solwezi Urban Health Centre,North-Western,Solwezi,Health Centre,-12.1872623,26.3976121,52489,93969
2375,Mkasanga Health Post,Eastern,Lumezi,Health Post,-12.83821,32.025585,1348,3682
2814,Chimanda Rural Health Centre,Luapula,Chifunabuli,Health Centre,-10.821696,29.485972,2274,9224
2235,Luanshya Mine Hospital,Copperbelt,Luanshya,1st Level Hospital,-13.129207,28.405794,61027,107177
1213,Manchamvwa Lakeshore Health Post,Southern,Siavonga,Health Post,-16.32,28.2128,1467,6393
1688,Sikongo Rural Health Centre,Western,Sikongo,Health Centre,-15.034774,22.154174,1796,4992
1287,Monze Urban Health Centre,Southern,Monze,Health Centre,-16.27667321,27.47483237,49426,66789
3542,Kaka Rural Health Centre,Northern,Mbala,Health Centre,-9.014049,31.665771,3853,12818
1995,John Rural Health Centre,Eastern,Chadiza,Health Centre,-13.960643,32.478173,5645,20800
3522,Katongo Health Post,Western,Mongu,Health Post,-15.292016,23.147767,47776,72317
2618,Kainamfumu Health Post,North-Western,Solwezi,Health Post,-12.0919508,26.5639346,2334,12669
2256,Kalombo Health Post,North-Western,Chavuma,Health Post,-13.078013,22.804526,4204,11452
4167,Kamuchanga Health Post,Copperbelt,Chingola,Health Post,-12.304979,27.570008,1294,4857
1460,Lubanda Rural Health Centre,Southern,Itezhi-Tezhi,Health Centre,-15.702375,26.371307,1354,6920
3321,Milenge District Hospital,Luapula,Milenge,1st Level Hospital,-12.37,29.4425,384,1209
2699,Mupofwe Health Post,Luapula,Mansa,Health Post,-11.3618,29.12459,7153,28680
3193,Mpandwa Health Post,Muchinga,Isoka,Health Post,-10.3294,32.95846,1365,4688
2809,Chikuwe Health Post,Luapula,Chifunabuli,Health Post,-10.859683,29.795387,4129,13058
3395,Shiwang'andu Rural Health Centre,Muchinga,Shiwang'andu,Health Centre,-11.205952,31.73425,989,3803
2166,Kamoto Mission Hospital,Eastern,Mambwe,1st Level Hospital,-13.300425,32.112584,4781,11717
2171,Mukema Health Post,North-Western,Kasempa,Health Post,-13.2958,25.5206,157,682
3871,Kanyangala Health Post,Luapula,Chienge,Health Post,-8.840034,29.100127,9381,23598
2501,Chitungulu Rural Health Centre,Eastern,Lumezi,Health Centre,-12.424309,32.28733,3435,8908
1553,Kavalamanja Rural Health Centre,Lusaka,Luangwa,Health Centre,-15.365345,30.154695,242,1205
1872,Bruneli Health Post,Central,Kabwe,Health Post,-14.367,28.632452,2986,10786
2216,Kabamba Rural Health Centre,Central,Serenje,Health Centre,-13.1801,30.3574,4134,11375
3113,Mayota Health Post,Central,Chibombo,Health Post,-14.986745,27.596636,1098,5424
3793,Kayanga Health Post,Central,Shibuyunji,Health Post,-15.15197,27.4451,6156,19675
3900,Kamwala Urban Health Centre,Lusaka,Lusaka,Health Centre,-15.4277,28.2886,668617,2302453
4228,Teba Care Hospital,Lusaka,Lusaka,1st Level Hospital,-15.385127,28.306188,808268,2383836
4041,Kawelele Health Post,North-Western,Zambezi,Health Post,-13.899130689722,22.671327600391,232,972
2592,Zambia Army Clinic,North-Western,Solwezi,Health Centre,-12.183553,26.406609,53268,96794
2123,St Anthony Rural Health Centre,Copperbelt,Mpongwe,Health Centre,-13.452039,27.933529,2194,8522
2144,Lyobeka Health Post,Copperbelt,Mpongwe,Health Post,-13.367655,28.409408,6670,14784
2641,Chifunda Rural Health Centre,Eastern,Chama,Health Centre,-11.8705,32.572,704,2409
2502,Katuba Health Post,Copperbelt,Chingola,Health Post,-12.4243,27.56259,1159,5564
1380,Namankubaula Health Post,Southern,Namwala,Health Post,-15.94921817,26.49704866,949,3341
2267,Nselauke Rural Health Centre,North-Western,Kasempa,Health Centre,-13.0616,25.5215,377,1558
3251,Khulamayembe Health Post,Eastern,Chasefu,Health Post,-11.72168,33.24354,4156,14405
3609,Refugee Health Post,Eastern,Lusangazi,Health Post,-13.824542,31.663263,8413,32654
3339,Chiunda Ponde Rural Health Centre,Muchinga,Lavushi Manda,Health Centre,-12.14269,30.343648,414,1520
4056,Lui Rural Health Centre,Western,Luampa,Health Centre,-15.0225,24.1511,1998,5331
2849,Wenella Health Post,Muchinga,Mafinga,Health Post,-10.42596,33.43439,2587,9212
1050,Mwandi Rural Health Centre,Western,Mwandi,Health Centre,-17.5099,24.8169,5215,7746
2741,Chama Hospital Affiliated Health Centre,Eastern,Chama,Health Centre,-11.2076,33.154,11693,20352
3353,Musa Rural Health Centre,Northern,Kasama,Health Centre,-10.305698,31.211912,4484,36037
1112,Sinazeze Rural Health Centre,Southern,Sinazongwe,Health Centre,-17.14670559,27.15642063,2048,8103
1402,Kabulamwanda Rural Health Centre,Southern,Namwala,Health Centre,-15.86694254,26.87359745,3461,10514
1778,Mulungushi Agro Rural Health Centre,Central,Chisamba,Health Centre,-14.6605,28.802,539,2953
2455,Mibila Rural Health Centre,Copperbelt,Lufwanyama,Health Centre,-12.61163,27.55051,852,4168
4294,Our Lady's Hospice,Lusaka,Lusaka,Health Centre,-15.4020835,28.3398518,504368,1959460
2649,Kopa Rural Health Centre,Muchinga,Kanchibiya,Health Centre,-11.774027,30.835715,721,2733
2763,Fiyongoli Health Post,Luapula,Mansa,Health Post,-11.16232,28.90287,46930,133428
1011,Army School of Ordinance Clinic,Southern,Livingstone,Health Centre,-17.87241,25.853439,102357,163711
3515,Lulambo Health Post,Western,Mongu,Health Post,-15.476999,22.958734,1509,7736
1671,Tuuwa Rural Health Centre,Western,Sikongo,Health Centre,-15.120734,22.258637,669,2949
3565,Samununga Health Post,North-Western,Kabompo,Health Post,-13.609419,24.152669,3342,11532
2399,Matebo A Rural Health Centre,North-Western,Kalumbila,Health Centre,-12.800658,25.920701,501,2102
2578,Nyasowe Rural Health Centre,North-Western,Kalumbila,Health Centre,-12.229964,25.528405,951,3806
3830,14 Miles Health Post,Copperbelt,Mufulira,Health Post,-12.677409,28.412825,4854,18042
2536,Ndungu  Health Post,Copperbelt,Chingola,Health Post,-12.332847,27.494511,679,3340
3315,Chibaye Health Post,Northern,Lupososhi,Health Post,-10.723496,29.234558,2286,6431
2705,Mikula Health Post,Luapula,Mansa,Health Post,-11.34213,28.92452,8537,40639
3551,Chinsali Hospital Affiliated Health Centre,Muchinga,Chinsali,Health Centre,-10.55242,32.066587,19152,30142
2460,Kamuchanga District Hospital,Copperbelt,Mufulira,1st Level Hospital,-12.57275,28.240617,84732,133804
1797,Kasavasa Rural Health Centre,Central,Kabwe,Health Centre,-14.577604,28.377963,3587,15641
3156,Hillcrest Urban Health Centre,Copperbelt,Ndola,Health Centre,-12.986522,28.612569,178266,451774
3540,Mwenda Health post,Northern,Mbala,Health Post,-8.955416,31.180429,3011,12747
2964,Shikulumusonda Health Post,Northern,Senga Hill,Health Post,-9.543574,31.076653,1908,6895
2887,Mulila Health Post,Northern,Lunte,Health Post,-10.119752,30.545993,601,3076
3963,Kyansununu Health Post,North-Western,Kalumbila,Health Post,-12.243974,26.308449,3683,24799
3057,Kabwe Rural Health Centre,Luapula,Chienge,Health Centre,-8.6526,29.1672,11508,25367
3432,Kaombwe Health Post,Muchinga,Nakonde,Health Post,-9.45701,32.88218,2515,9078
2787,Mpepo Rural Health Centre,Muchinga,Kanchibiya,Health Centre,-11.080519,31.11676,1165,4419
4027,Kamakala Health Post,North-Western,Zambezi,Health Post,-14.039146789938,23.68822921875,853,3016
1310,Mumbula Health Post,Western,Senanga,Health Post,-16.188861,24.094692,151,586
1221,Chaanga Rural Health Centre,Southern,Siavonga,Health Centre,-16.164,28.2456,817,3708
2448,Twaiteka Zambia Compound Health Post,Copperbelt,Kalulushi,Health Post,-12.631186,28.075798,31477,64544
2408,Buchi Main Urban Health Centre,Copperbelt,Kitwe,Health Centre,-12.790383,28.20525,244918,519392
3017,Kavumbo Health Post,Northern,Senga Hill,Health Post,-9.170587,31.568879,4054,13223
1379,Mugoto Rural Health Centre,Southern,Mazabuka,Health Centre,-15.951397,28.128074,11295,24566
3826,Masangano Health Post,Copperbelt,Masaiti,Health Post,-13.245888,28.683468,3223,10176
2952,Chitotela Health Post,Luapula,Kawambwa,Health Post,-9.624743,29.455877,1777,5537
1276,Sibukali Rural Health Centre,Western,Senanga,Health Centre,-16.146,23.146,3094,9838
1320,Nalocha Health Post,Southern,Monze,Health Post,-16.14957299,27.86115135,3391,15018
1984,Makwenda Health Post,Eastern,Katete,Health Post,-14.00724,31.90586,3785,14926
3974,Kabanda   Rural Health Centre,North-Western,Mufumbwe,Health Centre,-13.643963,25.421236,377,1366
1678,Salondo Health Post,Western,Limulunga,Health Post,-15.101052,22.964211,583,2674
1770,Namaloba Health Post,Western,Kaoma,Health Post,-14.708,24.809,1677,9232
4034,Lwitadi Health Post,North-Western,Zambezi,Health Post,-13.889884,23.2268034375,1536,4656
2468,Mumena Rural Health Centre,North-Western,Kalumbila,Health Centre,-12.551147,26.152648,1070,3320
1602,John Laign Health Post,Lusaka,Lusaka,Health Post,-15.2638,28.155,4121,26433
4107,Fipuya Health Post,Copperbelt,Chingola,Health Post,-12.353922,27.492631,807,3816
2172,Kivuku Rural Health Centre,North-Western,Kasempa,Health Centre,-13.2955,25.5208,157,682
2853,Mumba Rural Health Centre,Northern,Mungwi,Health Centre,-10.387948,31.832296,1004,3378
3036,Mukupa Katandula Rural Health Centre,Northern,Kaputa,Health Centre,-8.9909,29.4576,2296,7529
3996,Mufumbwe District Hospital,North-Western,Mufumbwe,1st Level Hospital,-13.088647131312,25.0725065625,635,3024
2275,Kaimbwe Health Post,North-Western,Kasempa,Health Post,-13.0412,25.5909,355,1537
4109,Chimfunshi Health Post,Copperbelt,Chingola,Health Post,-12.22016,27.284955,564,2022
2316,Sathya Sai Urban Health Centre,Copperbelt,Ndola,Health Centre,-12.96945,28.625017,192713,455820
2033,Kasamanda Rural Health Centre,Eastern,Mambwe,Health Centre,-13.78744,31.954073,2743,9323
2474,Buteko Urban Health Centre,Copperbelt,Mufulira,Health Centre,-12.54185,28.243217,77822,128670
2444,Lulamba Health Post,Copperbelt,Kalulushi,Health Post,-12.646195,28.067878,35519,67873
4091,Sipungu Health Post,Western,Nalolo,Health Post,-15.839628171847,22.806576386719,337,1475
1435,Mabanga Health Post,Southern,Mazabuka,Health Post,-15.78033424,27.8448576,2569,17891
1692,Mutondo Rural Health Centre,Western,Kaoma,Health Centre,-14.71915,24.61014,1093,4767
3850,Mackenzie Health Post,Copperbelt,Ndola,Health Post,-12.990072,28.666886,182808,446847
2429,Denovan Health Post,Copperbelt,Kalulushi,Health Post,-12.73928716,28.05297719,5687,52752
3501,Mawawa Rural Health Centre,Western,Mongu,Health Centre,-15.179857,23.239928,1994,15674
3275,Lukonde Rural Health Centre,Southern,Gwembe,Health Centre,-16.58985885,27.76136463,3750,14492
3811,Luto Health Post,Copperbelt,Kitwe,Health Post,-12.79394,28.20727,247997,522669
3837,Mufulira Teachers Training College Health Post,Copperbelt,Mufulira,Health Post,-12.563906,28.232381,85421,132983
4640,Lunde Health Post,Luapula,Nchelenge,Health Post,-9.6183006597101,28.80486209753,5908,23698
4047,Muyembe Health Post,North-Western,Zambezi,Health Post,-13.541676657226,22.932232514648,285,1337
1404,Kafue Gorge Hospital,Southern,Chikankata,1st Level Hospital,-15.8657558,28.446142300000002,1779,4608
4106,Chingola Municipal Council Urban Health Centre,Copperbelt,Chingola,Health Centre,-12.324062,27.515686,672,3402
2886,Malole Rural Health Centre,Northern,Mungwi,Health Centre,-10.122008,31.571633,2804,8940
1577,Sinyawagora Rural Health Centre,Lusaka,Luangwa,Health Centre,-15.32149,30.122847,242,1177
2794,Nthonkho Rural Health Centre,Eastern,Chama,Health Centre,-11.0195,33.037,716,2759
2861,Kankomba Health Post,Luapula,Mwense,Health Post,-10.33712,28.67911,11634,35255
2793,Nshungu Health Post,Luapula,Chifunabuli,Health Post,-11.046933,29.645484,3134,14182
2188,Chipanda Health Post,North-Western,Manyinga,Health Post,-13.2618455,24.4981991,1410,4857
4046,Kayenge Health Post,North-Western,Zambezi,Health Post,-13.318608775751,22.087658540039,224,885
1541,Luangwa Boma Rural Health Centre,Lusaka,Luangwa,Health Centre,-15.372611,30.242889,544,2504
1820,Mumbi Rural Health Centre,Eastern,Petauke,Health Centre,-14.479107,31.310488,4699,13566
1650,Luangwa High School Rural Health Centre,Lusaka,Luangwa,Health Centre,-15.1635,30.16249,1002,4192
3026,Katele Health Post,Northern,Nsama,Health Post,-9.1105067,30.3530593,521,1719
2789,Chilubi Island District Hospital,Northern,Chilubi,1st Level Hospital,-11.0714,29.5639,3905,17349
2546,Nchanga South Referral Hospital,Copperbelt,Chingola,2nd Level Hospital,-12.315784,27.515667,671,3298
3152,Saka Health Post,Copperbelt,Masaiti,Health Post,-13.248389,28.507027,1213,10347
1721,Maimwene Health Post,Central,Mumbwa,Health Post,-14.94187,27.20267,2396,10363
1712,Mumbwa Medical Centre,Central,Mumbwa,General clinic,-14.97618,27.053087,18179,29326
3717,Waya Rural Health Centre,Central,Kapiri-Mposhi,Health Centre,-14.3516,28.004,2323,6441
2874,Wiya Health Post,Muchinga,Mafinga,Health Post,-10.22807247,33.45775528,2177,8900
3624,Muweji Health Post,North-Western,Ikelenge,Health Post,-11.1012,24.2055,2940,12806
1538,Chitukuko Health post,Lusaka,Lusaka,Health Post,-15.37966,28.23105,670628,1808598
1193,Jembo Rural Health Centre,Southern,Pemba,Health Centre,-16.64402044,27.47526906,1838,6591
4051,Afumba Rural Health Centre,Western,Luampa,Health Centre,-15.6537,24.9384,440,1647
2102,Zambezi District Hospital,North-Western,Zambezi,1st Level Hospital,-13.542953407327,23.110696898842,4582,10089
2294,Kabushi Urban Health Centre,Copperbelt,Ndola,Health Centre,-13.000883,28.623567,194958,451712
3994,Shungulu Health Post,North-Western,Mufumbwe,Health Post,-13.035136766639,25.435055390625,692,2220
3626,Jimbe Rural Health Centre,North-Western,Ikelenge,Health Centre,-11.1129,24.03715,1640,4719
2549,Nchanga III Urban Health Centre,Copperbelt,Chingola,Health Centre,-12.311547,27.524911,721,3449
1779,Kuuli Rural Health Centre,Western,Kalabo,Health Centre,-14.65555396,22.85644943,671,2411
2222,Mikomfwa Urban Clinic,Copperbelt,Luanshya,Health Centre,-13.148776,28.425239,62812,98386
1202,Kasikili Rural Health Centre,Southern,Pemba,Health Centre,-16.58320122,27.54445422,1673,6871
1174,Mutomena Rural Health Centre,Western,Sioma,Health Centre,-16.7344,23.1073,399,1380
3325,Katuta Rural Health centre,Northern,Lupososhi,Health Centre,-10.726889,29.50939,1652,6943
1594,Shakumbila Health Post,Central,Mumbwa,Health Post,-15.27529,27.39554,2770,10999
4101,Nyimba Medical Centre,Eastern,Nyimba,Health Post,-14.473242,31.046857,4011,12485
1224,Singwamba Rural Health Centre,Southern,Kazungula,Health Centre,-16.499,25.5566,224,824
3290,Chongwe District hospital,Lusaka,Chongwe,1st Level Hospital,-15.325105,28.679815,18984,33757
2208,Chilanga Health Post,Eastern,Mambwe,Health Post,-13.198088,31.832397,2808,12949
2059,Chisapa Health Post,Copperbelt,Mpongwe,Health Post,-13.673443,28.504234,1017,4859
3367,Nkolemfumu Rural Health  Centre,Northern,Kasama,Health Centre,-10.57789,31.17322,1171,3375
1403,Kafue Gorge Hospital Affiliated Health Centre,Southern,Chikankata,Health Centre,-15.8657558,28.446142300000002,1779,4608
1569,Airport Urban Health Centre,Southern,Livingstone,Health Centre,-17.836516,25.813279,74118,155763
1220,Kalemu Health Post,Southern,Kalomo,Health Post,-16.51871966,26.49613202,3879,15836
3413,Ilola Health Post,Muchinga,Nakonde,Health Post,-9.331845,32.509419,1992,8708
1321,Mantoolo Health Post,Southern,Namwala,Health Post,-16.13926252,26.39494945,1208,4525
2939,Chimbola Health Post,Northern,Mungwi,Health Post,-9.71889,31.498725,726,2997
2615,Kazhiba Rural Health Centre,North-Western,Solwezi,Health Centre,-12.1235125,26.2956768,3744,28868
1147,Liwandamo Health Post,Western,Sioma,Health Post,-16.888337,22.997151,412,1189
1433,Nangongwe OPD/Maternity Health Centre,Lusaka,Kafue,Health Centre,-15.7822,28.1819,36141,65344
1467,Chanyanya Rural Health Centre,Lusaka,Kafue,Health Centre,-15.6705917,28.019175099999998,1920,6701
1073,Silolo Health Post,Western,Sesheke,Health Post,-17.3848,24.16854,2306,7776
3828,Mobe Health Post,Copperbelt,Masaiti,Health Post,-13.557141,28.792216,799,5779
1665,Nangoma Hospital Affiliated Health Centre,Central,Mumbwa,Health Centre,-15.12745,27.36229,7831,21832
1790,Matonje Health Post,Eastern,Petauke,Health Post,-14.61094,31.089779,4466,12863
3429,Katozi  Health Post,Muchinga,Nakonde,Health Post,-9.327056,32.776276,74110,99439
3065,Kapala Health Post,Northern,Kaputa,Health Post,-8.490377,29.899106,2424,8080
3518,Siwa Health Post,Western,Mongu,Health Post,-15.291102,23.290008,1901,8229
2311,Mukutuma Rural Health Centre,Copperbelt,Lufwanyama,Health Centre,-12.97141,27.81722,1340,4616
2833,Chalwe Health Post,Luapula,Mwense,Health Post,-10.59619,28.69,1492,4441
2070,Seraphy Dental Clinic,Eastern,Chipata,Dental clinic,-13.6418,32.6483,119349,177347
2353,Chibote Health Post,Copperbelt,Kalulushi,Health Post,-12.8676759,28.14030757,43751,235715
1178,Habbanyuka Health Post,Southern,Pemba,Health Post,-16.70766737,27.59991459,666,3085
1934,Mbinga Health Post,Eastern,Katete,Health Post,-14.145467,32.14486,8285,35582
4486,Chibunze Health Post,Southern,Namwala,Health Post,-15.706611,26.590385,1240,5401
3548,Mulilansolo Rural Health Centre,Muchinga,Chinsali,Health Centre,-10.094592,32.316089,2624,6899
2135,Kasenga Rural Health Centre,Muchinga,Mpika,Health Centre,-12.1188,31.17262,1765,6146
2582,Kimputubwanga Health Post,North-Western,Solwezi,Health Post,-12.2032493,26.5821089,2921,12102
2093,Nampamba Rural Health Centre,Copperbelt,Mpongwe,Health Centre,-13.573922,28.074715,7808,19243
1928,Mindola Rural Health Centre,Eastern,Katete,Health Centre,-14.175973,32.14203,9565,35949
3971,Boma  Rural Health Centre,North-Western,Mufumbwe,Health Centre,-13.140745,25.007082,1154,3406
3005,Chikunta Health Post,Northern,Senga Hill,Health Post,-9.32536,31.709303,1445,5500
2490,Sikatengwa Health Post,Eastern,Lumezi,Health Post,-12.485869,33.070586,6571,24769
1731,Nangili Health Post,Western,Limulunga,Health Post,-14.881037,23.074142,647,2421
3671,Bumi clinic Health Post,North-Western,Kalumbila,Health Post,-12.258439,25.918289,3393,12825
3318,Mumanse Health Post,Luapula,Milenge,Health Post,-11.59528,29.37906,5401,20638
1802,Winda Rural Health Centre,Western,Kaoma,Health Centre,-14.558,23.746,578,2073
1301,Nadezwe Rural Health Centre,Southern,Chikankata,Health Centre,-16.214087,28.0628281,3573,14211
2359,Lufwanyama District Hospital,Copperbelt,Lufwanyama,1st Level Hospital,-12.857384,27.635854,1377,4122
1697,Mulungushi Rural Health Centre,Central,Mumbwa,Health Centre,-14.7309,28.8447,1068,3340
3267,Siavonga Hospital Affiliated Health Centre,Southern,Siavonga,Health Centre,-16.3218,28.4233,3289,10078
1100,Neongelo Health Post,Western,Sesheke,Health Post,-17.2641,24.13008,1862,5278
2283,Chikongolo Health Post,North-Western,Chavuma,Health Post,-13.019072,22.842797,1173,6020
2795,Mwenge Health Post,Northern,Chilubi,Health Post,-11.0149,30.1113,2022,7978
1841,Chisenjere Rural Health Centre,Eastern,Petauke,Health Centre,-14.435764,31.385369,1914,13019
3430,Ibrahim Health Post,Muchinga,Nakonde,Health Post,-9.347812,32.80853,19158,89840
2323,Northern Breweries Urban Health Centre,Copperbelt,Ndola,Health Centre,-12.95879833,28.6503,163716,451730
2492,Kapongolo Health Post,Eastern,Lumezi,Health Post,-12.482358,32.963132,2639,12432
3627,Kayipaka Rural Health Centre,North-Western,Ikelenge,Health Centre,-11.1193,24.27065,2392,9965
3822,Munkulungwe  Health Post,Copperbelt,Masaiti,Health Post,-13.107678,28.754496,12288,53668
2542,Nchanga Urban Health Centre,Copperbelt,Chingola,Health Centre,-12.322407,27.513821,669,3351
1372,Lubombo Rural Health Centre,Southern,Mazabuka,Health Centre,-15.981653,27.973294,2722,13818
3071,Kaputa Rural Health Centre,Northern,Kaputa,Health Centre,-8.4168,29.8717,5306,16112
1192,Michelo Health Post,Southern,Pemba,Health Post,-16.650003,27.54715,1245,4918
1834,Kabwe Women Newborn Children Hospital,Central,Kabwe,2nd Level Hospital,-14.44892384,28.43863137,114966,177452
1864,Sitaka Rural Health Centre,Western,Lukulu,Health Centre,-14.387342,23.965716,4964,10697
1996,ZNS Mtetezi Rural Health Centre,Eastern,Katete,Health Centre,-13.958947,32.157448,5541,21836
2177,Mutaba Rural Health Center,Copperbelt,Masaiti,Health Centre,-13.29115,28.823,3760,12459
2398,Kashinakazhi Rural Health Centre,North-Western,Manyinga,Health Centre,-12.80073,24.26258,1579,5296
2410,Kitwe Teaching Hospital,Copperbelt,Kitwe,3rd Level Hospital,-12.78802,28.20686,247844,516242
2477,Malcom Watson Hospital,Copperbelt,Mufulira,2nd Level Hospital,-12.540483,28.242917,75890,128379
2656,Mabo Kunda Rural Health Center,Luapula,Samfya,Health Centre,-11.7356,29.6196,1794,7663
2791,Chichile Health post,Northern,Chilubi,Health Post,-11.0542,30.1253,1528,6231
2942,Toka Toka Health Post,Luapula,Nchelenge,Health Post,-9.69129,28.75708,7828,31283
3294,Chalimbana Rural Health,Lusaka,Chongwe,Health Centre,-15.3864,28.7023,6433,30055
3374,College (Namulundu) Health Centre,Northern,Kasama,Health Centre,-10.2251,31.2055,78126,115740
3583,Itumbi Health Post,Southern,Itezhi-Tezhi,Health Post,-15.523628807251,26.048916474609,937,3432
3646,Chande Medical Center,Copperbelt,Kitwe,Health Centre,-12.848943,28.232225,193010,486746
3884,Palabana Childrens Village Health Post,Lusaka,Chongwe,Health Post,-15.4909,28.5456,3891,13856
3918,Kawama health post,Muchinga,Kanchibiya,Health Post,-11.373489235318,30.867794648438,851,3715
3985,Mushima Health Centre,North-Western,Mufumbwe,Health Centre,-13.589295,25.500261,410,1467
4026,Kanyilaba Health Post,North-Western,Zambezi,Health Post,-13.625773898534,23.177364960938,1444,6291
4029,Lwatembu West Health Post,North-Western,Zambezi,Health Post,-13.666810509678,23.179081574707,1140,4215
4151,Humkel Private Medical Centre,North-Western,Solwezi,Health Centre,-12.1832913,26.3946128,53269,95447
4481,Womb Care Clinic,North-Western,Solwezi,Health Centre,-12.1617,26.42462,47080,109671
4507,clinic of hope,Southern,Monze,Health Centre,-16.271813,27.480267,49737,66873
3199,Chitulika Mini Hospital,Muchinga,Mpika,Health Centre,-11.8329,31.43778,53239,77872
4502,Highridge Wellness Centre,Central,Kabwe,Others,-14.44303297,28.45474189,122806,179020
2697,Samfya stage 2 Urban Health Center,Luapula,Samfya,Health Centre,-11.3686,29.5526,10620,25329
4503,Luangwa Wellness Centre,Central,Kabwe,Others,-14.427805742253,28.436275616913,121376,178449
4510,Kafue Gorge  Lower Clinic,Southern,Chikankata,Health Post,-15.8949,28.5358,883,4048
4513,Nvumabaranda Hospital,North-Western,Solwezi,Health Centre,-12.1944,26.44205,32336,86859
4386,Matambo Health Post,Southern,Sinazongwe,Health Post,-17.5194483,27.2411993,1573,7805
4512,Nachisenga Health Post,Southern,Itezhi-Tezhi,Health Post,-15.686131281593,26.020506516724,1147,6741
4518,Nyamutuma Health Post,Eastern,Sinda,Health Post,-14.299788,31.803315,6924,36265
4511,Nantanga Health Post,Southern,Itezhi-Tezhi,Health Post,-15.420393938787,26.698483125,505,2038
1968,Chikuse Rural Health Centre,Eastern,Lusangazi,Health Centre,-14.041924,31.355381,6677,25152
1935,Kakwiya Rural Health Centre,Eastern,Lusangazi,Health Centre,-14.140691,31.197111,8997,32823
1896,Matonga Health Post,Eastern,Lusangazi,Health Post,-14.267417,31.2175816,7131,21845
1947,Misolo Health Post,Eastern,Lusangazi,Health Post,-14.091984,31.177627,6897,26782
1976,Mkonda Health Post,Eastern,Lusangazi,Health Post,-14.030647,31.187795,5454,20120
1933,Nyamphondolo Rural Health Centre,Eastern,Lusangazi,Health Centre,-14.151545,31.299589,6636,23253
3618,Msanzala Rural Health Centre,Eastern,Petauke,Health Centre,-13.891538,31.649426,10927,37571
4508,DEVIN MEDICAL CENTRE,Central,Kabwe,General clinic,-14.4285061,28.451357,130026,180061
4524,Zambia Army Chinsali,Muchinga,Chinsali,First-aid stations,-10.573752,32.08275,17469,30533
4540,Antu Omwe,Central,Chibombo,Health Centre,-15.206871,28.14614,3131,14041
4488,Masompe Health Post,Southern,Namwala,Health Post,-16.180254,26.897107,2022,8439
4574,Chipote Health Post,Northern,Mpulungu,Health Post,-8.6816446,30.6232929,1532,5749
4528,Kumenso Eye Clinic,Lusaka,Lusaka,Health Centre,-15.443063695107,28.357075349121,290729,1238710
4456,Mwapona health Post,Southern,Choma,Health Post,-16.8190463,26.9978751,96087,127367
4527,Kalaba Mini Hospital,Northern,Kaputa,Health Centre,-8.432691,29.880173,4882,15267
4526,Nsumbu District Hospital,Northern,Nsama,1st Level Hospital,-8.513951548,30.46770399,3850,8623
4530,Chamkoma Health Post,Eastern,Lumezi,Health Post,-12.547032,32.856804,950,4926
4531,Yakobe Health Post,Eastern,Lumezi,Health Post,-12.851227,32.001514,1134,3455
4533,Healing Care Medical Centre,Southern,Mazabuka,Health Centre,-15.867279,27.7453967,46993,73928
4076,Liumbo Health Post,Western,Sioma,Health Post,-16.285447,23.113077,1179,5098
4475,Bunsanga Health Post,Southern,Kazungula,Health Post,-17.1645,25.5608,322,1267
4473,Nguba Rural Health Post,Southern,Kazungula,Health Post,-16.5486,26.0307,1150,4685
4474,Katondo,Southern,Kazungula,Health Post,-16.5508,26.1515,3610,13143
4544,Chikonzya Rural Health Centre,Southern,Kazungula,Health Post,-17.3100316,26.0021364,1280,4566
4487,Makaba Health Post,Southern,Namwala,Health Post,-16.096241,26.859859,3057,11165
4556,Samukenya Health Post,Western,Kaoma,Health Post,-14.412326,23.988053,4223,10338
4522,Msoro Mini Hospital,Eastern,Mambwe,Health Centre,-13.569712383847,31.617611542969,2861,16688
4563,Kaputi Rural Health Post,Central,Chisamba,Health Post,-14.997578,28.613618,1768,7258
4523,Mambwe District Hospital,Eastern,Mambwe,1st Level Hospital,-13.2427728,31.9484657,4574,12436
4553,Sizuka Health Post,Western,Sesheke,Health Post,-17.453717,24.245236,7072,13866
4559,Mbuyu Health Post,Western,Senanga,Health Post,-16.3928,23.3655,5126,17122
4554,Lusu East Health Post,Western,Sesheke,Health Post,-17.20719,24.10496,1477,4347
4549,Mulundu Health Post,Western,Kaoma,Health Post,-14.983107,23.880888,765,3832
4555,Lilonga Health Post,Western,Sesheke,Health Post,-17.20282,24.181061,490,2783
4560,Kapema Health Post,Luapula,Nchelenge,Health Post,-9.2005347453892,29.278210297852,2273,7812
4552,Chilombo Health Post,Western,Kaoma,Health Post,-14.767955,24.782572,9378,24698
4179,Chifulube Health Post,Copperbelt,Luanshya,Health Post,-13.185273,28.466867,15115,77066
4471,SDA Health Centre,Copperbelt,Luanshya,Health Centre,-13.10349,28.33152,21195,62800
4546,Chikwanda  Health Post,Northern,Mporokoso,Health Post,-9.38543,29.54315,685,2663
4558,Minyoi Health Post,Western,Kaoma,Health Post,-14.5503,24.1342,916,4015
4545,Sondwa Health Post,Northern,Mpulungu,Health Post,-8.746943,31.142103,9667,18827
4548,Naliele Health Post,Western,Kaoma,Health Post,-14.809564,24.750928,7110,25668
4551,Kapili Health Post,Western,Kaoma,Health Post,-14.583268,24.293864,1533,5086
4557,Likolomani Health Post,Western,Kaoma,Health Post,-14.796442,23.821733,461,1935
4561,Shikapande Health Post,Luapula,Nchelenge,Health Post,-9.3357322026281,28.774899140625,28613,47769
4472,Premium Medical Services,Copperbelt,Luanshya,Health Centre,-13.1378548,28.4228598,64126,103073
4569,New Beginnings Nursing Home,Lusaka,Lusaka,Rehabilitation centre,-15.4176767,28.3589681,353950,1465616
3603,Chembe Mini-Hospital,Luapula,Chembe,Health Centre,-11.943487213262,28.750335816383,20959,39904
4562,Shimpundu Health Post,Luapula,Nchelenge,Health Post,-9.2151073956854,28.821762696533,9290,27819
4567,Milongo Health Post,Muchinga,Isoka,Health Post,-10.1555,32.3924,828,4192
4077,Nangweshi Mini Hospital,Western,Sioma,Health Centre,-16.422103,23.0304353,588,2554
4564,Berthel,Central,Chisamba,Health Centre,-15.223901,28.272199,19118,65664
3945,Katuta Mini Hospital,Northern,Lupososhi,Health Centre,-10.442,29.2947,563,2241
3391,Chilanga Mini Hospital,Muchinga,Shiwang'andu,Health Centre,-10.863147,31.51001,527,1880
3938,Munkonge Mini Hospital,Northern,Kasama,Health Centre,-10.30457,30.68464,1527,7596
3085,Lealui Mini Hospital,Western,Mongu,Health Centre,-15.227785,23.019499,1773,7859
4068,Kazabami Mini Hospital,Western,Kaoma,Health Centre,-14.457,23.86,1186,5157
4565,Sunview Opticians,Lusaka,Lusaka,Optic Clinics,-15.4323292,28.3136848,539559,2086633
4568,FriendCare Medical Centre,Lusaka,Lusaka,2nd Level Hospital,-15.400829,28.3017111,747914,2507757
4570,Fine Health Diagnostic and Medical Centre,Lusaka,Lusaka,Health Centre,-15.3798465,28.2384638,755220,1918520
3944,Chungu Mini Hospital,Northern,Lupososhi,Health Centre,-10.596267,29.638249,1767,6259
4413,Nyakulenga Mini Hospital,North-Western,Zambezi,Health Centre,-13.3026261,23.5221422,532,2486
1733,Munkuye mini Hospital,Western,Nkeyema,Health Centre,-14.87681,25.19688,3635,10740
4161,Mukubwe mini Hospital,Central,Ngabwe,Health Centre,-13.898478,27.74686,786,3007
4566,Anthu Omwe Health Centre,Central,Chibombo,Health Centre,-15.292602873337,28.240688935547,63309,767640
1637,Tubalange Health Centre,Lusaka,Chilanga,Health Centre,-15.201494,28.110391,2325,9836
4427,Kashiba Mini Hospital,Luapula,Mwense,Health Centre,-10.442681,28.666011,4152,19689
4111,Nsheketeni mini Hospital,Eastern,Sinda,Health Centre,-14.220591,31.68298,12115,59006
1908,Mize Mini Hospital,North-Western,Zambezi,Health Centre,-13.543098,23.06597,2861,8623
2958,Chisembe Mini Hospital,Luapula,Kawambwa,Health Centre,-9.58252,29.235137,338,1599
2950,Katungulu Mini Hospital,Luapula,Kawambwa,Health Centre,-9.633885,29.165301,694,2859
2055,Kagunda Mini Hospital,Eastern,Chipata,Health Centre,-13.70394,32.60537,11193,133205
2930,Ntulo Mini Hospital,Luapula,Kawambwa,Health Centre,-9.78216,29.065524,13986,24244
4450,Chikosa Mini Hospital,Northern,Mporokoso,Health Centre,-9.37476,30.121937,6463,12344
2694,Chalabesa Mini Hospital,Muchinga,Kanchibiya,Health Centre,-11.375679,31.013443,1693,5134
3166,Mkwama Mini Hospital,Eastern,Petauke,Health Centre,-14.144936,31.352342,1310,15393
3923,Kopa Mini Hospital,Muchinga,Kanchibiya,Health Centre,-11.747,30.7928,815,3240
4110,Chawama Mini Hospital,Copperbelt,Chingola,Health Centre,-12.33296,27.50263,679,3393
4451,Chitimukulu Min Hospital,Northern,Mungwi,Health Centre,-10.0188737,31.616153,2586,7856
3161,Munkumpu Mini Hospital,Copperbelt,Mpongwe,Health Centre,-13.826271,27.837375,1258,4465
4452,Ngoli Min Hospital,Northern,Mungwi,Health Centre,-9.796045,31.175598,10788,31287
4164,Kawama East Mini Hospital,Copperbelt,Mufulira,Health Centre,-12.58718,28.26916,62340,125795
4453,Chimbola Min Hospital,Northern,Mungwi,Health Centre,-9.71889,31.498725,726,2997
4383,Kanongesha Mini Hospital,North-Western,Mwinilunga,Health Centre,-11.667194,24.080249,3350,9175
4385,Chisengisengi Mini Hospital,North-Western,Mwinilunga,Health Centre,-12.189029,24.902126,893,2970
4214,Misisi Mini  Women and Newborn Hospital,Lusaka,Lusaka,Health Centre,-15.4339028,28.2822945,666605,2185112
2493,St Francis Rural Health Centre,North-Western,Solwezi,Health Centre,-12.47977,26.5045692,1128,3947
4389,Dambwa Central Mini Hospital,Southern,Livingstone,Health Centre,-17.85641,25.846051,122329,163960
4461,Luchembe Mini Hospital,Muchinga,Kanchibiya,Health Centre,-11.816080890969,31.3127409375,2867,18909
2633,Chasefu Mini Hospital,Eastern,Chasefu,Health Centre,-11.97986,33.12153,7592,27901
2247,Section 25 Mini Hospital,Copperbelt,Luanshya,Health Centre,-13.109757,28.317822,17674,49815
4462,Mpepo Mini Hospital,Muchinga,Kanchibiya,Health Centre,-11.034015674686,31.082028046875,2358,6502
3678,Arthur Wina Memorial Hospital,Western,Nalolo,Health Centre,-15.69292782432,23.278988496094,1747,5007
4147,Chipalo  Mini Hospital,Northern,Luwingu,Health Centre,-10.1331,29.5757,577,2156
4149,Tungati Mini Hospital,Northern,Luwingu,Health Centre,-10.3513,30.0043,2188,8017
4081,Lutaba Mini Hospital,Western,Mwandi,Health Centre,-17.199334,24.748628,317,1187
4407,Habulile Mini Hospital,Southern,Kalomo,Health Centre,-16.21325288,26.31164898,1062,4143
1059,Katima Mulilo Mini Hospital,Western,Sesheke,Health Centre,-17.4701,24.224,4530,12873
3655,Royal Palm Hospital,Lusaka,Chilanga,Health Centre,-15.4338,28.2091,331609,1351614
1951,Katete Boma Mini Hospital,Eastern,Katete,Health Centre,-14.0864871,32.0500392,40907,68896
1612,Nakachenje Health Centre,Lusaka,Chilanga,Health Centre,-15.245176,28.033986,1883,8403
2061,Chipata Trades Mini Hospital,Eastern,Chipata,Health Centre,-13.66643,32.6759,70423,165040
4410,Kasenga Mini Hospital,Eastern,Chipangali,Health Centre,-13.2516932,32.4836594,864,4523
2307,Hilltop Hospital,Copperbelt,Ndola,Health Centre,-12.97742292,28.63947401,205441,469223
2446,Chambishi Government Mini Hopsital,Copperbelt,Kalulushi,Health Centre,-12.640124,28.062666,34912,63336
2702,Lofoyi Mini Hospital,Luapula,Mansa,Health Centre,-11.3539,28.46557,4543,14698
2627,Kaishe mini Hospital,Luapula,Samfya,Health Centre,-12.0111,29.3631,218,2037
4494,Phoenix Health Investments (PHI),Lusaka,Lusaka,Health Centre,-15.3853998,28.3609128,483472,1505268
2640,Kasongo Mini Hospital,Luapula,Mansa,Health Centre,-11.87595,28.875905,5137,18820
2680,Kosamu Mini Hospital,Luapula,Mansa,Health Centre,-11.47701,28.42783,3394,10098
2706,Chikonshi Mini Hospital,Luapula,Mansa,Health Centre,-11.33804,28.65928,8032,29173
2700,Nachibili Mini Hospital,Luapula,Mansa,Health Centre,-11.359794,29.441953,10749,34169
2753,Kapanda Mini Hospital,Luapula,Mansa,Health Centre,-11.19062,28.84608,44074,132134
2819,Chisunka Mini Hospital,Luapula,Mansa,Health Centre,-10.7596,28.8255,3083,9877
2922,Titus Mukupo Mini Hopital,Luapula,Kawambwa,Health Centre,-9.804582,29.380574,3488,10824
2953,48 Marine (Kala) Camp Hospital,Luapula,Kawambwa,Health Centre,-9.612765,29.005963,1355,4593
2980,Kayambi Mini Hospital,Northern,Mungwi,Health Centre,-9.457445,31.997825,4544,11708
3204,Kalalantekwe Mini Hospital,Muchinga,Shiwang'andu,Health Centre,-11.2082,31.82696,1866,4753
3361,Chanda Mukulu Mini Hospital,Northern,Kasama,Health Centre,-10.82016,31.12687,1251,3906
3595,Mukuka Mfumu Mini Hosp,Northern,Mungwi,Health Centre,-10.261659,31.643665,1436,5492
3855,Nkhwewakwewa Mini Hospital,Eastern,Petauke,Health Centre,-14.277525,31.33554,12858,23501
3936,Milima Mini Hospital,Northern,Kasama,Health Centre,-9.91287,31.22953,28042,56720
3939,Mwamba Mini Hospital,Northern,Kasama,Health Centre,-10.10094,31.06143,3910,17859
3940,Nkolemfumu Mini Hospital,Northern,Kasama,Health Centre,-10.57789,31.17322,1171,3375
4066,Namapombwe Mini Hospital,Western,Luampa,Health Centre,-14.8107,24.2631,655,2844
1164,Moyo Mini Hospital,Southern,Pemba,Health Centre,-16.7923778,27.41775662,601,2835
1501,Bauleni Mini Hospital,Lusaka,Lusaka,Health Centre,-15.44709,28.38516,140349,819844
3378,Kabanda Mini Hospital,Muchinga,Shiwang'andu,Health Centre,-10.851314,31.284907,494,2072
3128,Katondo Mini Hospital,Central,Kabwe,Health Centre,-14.433663,28.44375,129823,179136
3696,Mwimbula Mini Hospital,Central,Chitambo,Health Centre,-12.854833,30.397685,1400,4825
4516,Mwasemphangwe Mini Hospital,Eastern,Lumezi,Health Centre,-13.042458,32.95535,3176,7064
4514,Chitindi Mini Hospital,Eastern,Lusangazi,Health Centre,-14.0633269,31.4494702,8819,25155
4515,Kaumbwe Mini Hospital,Eastern,Petauke,Health Centre,-14.230913178673,31.268795625,9958,36938
4541,Chitanda Lumamba Adventist Hospital,Central,Chibombo,Health Centre,-14.63874,27.5945,2090,6473
4532,Kazembe Mini Hospital,Eastern,Lumezi,Health Centre,-12.17435,32.563265,517,2071
3681,Kanwanjiba Health Post,Central,Chibombo,Health Post,-15.144088,27.815422,1492,6349
1714,Kaparu Rural Health Centre,Central,Chibombo,Health Centre,-14.9739,27.7538,1578,6846
1729,Keembe Rural Health Centre,Central,Chibombo,Health Centre,-14.9024,27.7802,2428,9232
4572,Nkulunga Health Post,Luapula,Chifunabuli,Health Post,-11.08037,29.553728,3942,17877
1777,Chibombo Rural Health Centre,Central,Chibombo,Health Centre,-14.6637,28.076,7243,19039
1758,Chikobo Rural Health Centre,Central,Chibombo,Health Centre,-14.7773,28.0547,5744,17729
1785,Chitanda Rural Health Centre,Central,Chibombo,Health Centre,-14.6371,27.5931,2074,6449
1716,Golden Valley Rural Health Centre,Central,Chibombo,Health Centre,-14.9692,28.0935,6095,27850
1798,Ipongo Rural Health Centre,Central,Chibombo,Health Centre,-14.5667,27.2833,623,2283
1648,Kabangalala Rural Health Centre,Central,Chibombo,Health Centre,-15.1689,27.7288,1634,8640
3682,Musopelo Health Post,Central,Chibombo,Health Post,-15.26248,28.08471,2307,12152
1504,Muchabi Rural Health Centre,Central,Mumbwa,Health Centre,-15.44325,27.27868,2396,7677
1582,Naluyanda Rural Health Centre,Central,Chibombo,Health Centre,-15.3073,28.1985,22622,562953
1615,Namayani Health Post,Central,Chibombo,Health Post,-15.243198,27.947411,1631,9797
1580,Shifwankula Health Post,Central,Chibombo,Health Post,-15.311601,28.25897,270970,1223661
1767,Kamilambo Rural Health Centre,Central,Mumbwa,Health Centre,-14.73805,27.13233,757,3164
4575,Chipita Health Post,Luapula,Mwansabombwe,Health Post,-9.7884625,28.7526128,10695,30226
3763,Miloso Health Post,Central,Mkushi,Health Post,-13.797465,29.546231,1991,8155
4193,Mela Medical Centre,Central,Kabwe,General clinic,-14.43825,28.457267,125776,179624
1836,Nkhrumah Teachers College Health Post,Central,Kabwe,Health Post,-14.4465,28.4668,108461,178166
3721,TAZARA Health centre,Central,Kapiri-Mposhi,Health Centre,-13.956991,28.680638,39903,56979
3756,Kasokota Health Post,Central,Mkushi,Health Post,-13.7050466,29.1701779,3585,10682
2085,Mkushi District Hospital,Central,Mkushi,1st Level Hospital,-13.6167,29.3953,15520,26568
3768,Musofu Rural Health Center,Central,Mkushi,Health Centre,-13.911213168888,29.1154753125,2339,8146
2082,Nkolonga Farm Clinic,Central,Mkushi,Health Post,-13.621869,29.607668,3363,11484
3771,Nkumbi Rural Health Center,Central,Mkushi,Health Centre,-13.747072,29.070343,3179,11153
1679,Kapepe Health Post,Central,Mumbwa,Health Post,-15.09796,26.66819,537,2089
1715,Kashinka Health Post,Central,Mumbwa,Health Post,-14.9726,26.98691,2446,23011
4577,Liseli Health Post,Western,Sesheke,Health Post,-17.259894,24.156208,1535,5041
1530,Keezwa Rural Health Centre,Central,Mumbwa,Health Centre,-15.3837,27.452,2727,9787
3751,Chibefwe Rural Health Center,Central,Mkushi,Health Centre,-13.6168,29.3952,15520,26569
1686,Chunga Rural Health Centre,Central,Mumbwa,Health Centre,-15.042,26.0018,629,2077
4162,Kapiri Mposhi District Hospital,Central,Kapiri-Mposhi,1st Level Hospital,-13.9666,28.6771,37141,56110
3766,Mulungwe Rural Health Centre,Central,Mkushi,Health Centre,-13.91834,29.812673,1495,5016
3704,Chilumba Rural Health Center,Central,Kapiri-Mposhi,Health Centre,-14.3965,28.1938,1783,7749
2099,Kunda Lumwanshya Health Post,Central,Serenje,Health Post,-13.550832,30.274058,423,1819
2155,Lusiwasi Health Post,Central,Serenje,Health Post,-13.3169,31.0175,854,2473
2120,Nchimishi Rural Health Centre,Central,Serenje,Health Centre,-13.4783,29.9958,565,2124
2538,Kawama Health Post (Chililabombwe),Copperbelt,Chililabombwe,Health Post,-12.329629,27.858463,30042,89573
3701,Nyama Health Post,Central,Kabwe,Health Post,-14.63720482,28.35119321,2161,9125
2437,Chinemu Rural Health Centre,Copperbelt,Lufwanyama,Health Centre,-12.70342,27.49615,747,2770
2341,Kapilamikwa Health Post,Copperbelt,Lufwanyama,Health Post,-12.92493,27.51445,932,3327
2400,Mbalango Health Post,Copperbelt,Lufwanyama,Health Post,-12.79942,27.540673,665,2814
2467,Milopa Health Post,Copperbelt,Lufwanyama,Health Post,-12.551894,27.664935,2515,8868
2174,Mukumbo Rural Health Centre,Copperbelt,Lufwanyama,Health Centre,-13.29483,28.07933,1147,4067
4578,Simungoma Rural Health Centre,Western,Mwandi,Health Centre,-17.407305,24.681605,2515,5643
2458,Mutundu Rural Health Centre,Copperbelt,Mufulira,Health Centre,-12.589317,28.350667,5206,44792
4579,Lusinina Rural Health Post,Western,Mwandi,Health Post,-17.168825,24.508743,217,882
4580,Kabansa Health Post,Central,Serenje,Health Post,-13.46543,30.990179,152,551
3836,Mufulira Prisons Health Post,Copperbelt,Mufulira,Health Post,-12.56759,28.229181,83117,133073
3840,Mupena Health Post,Copperbelt,Mufulira,Health Post,-12.551273,28.39975,2042,11819
3599,Mwami Health Post,Luapula,Chembe,Health Post,-11.705559,28.440887,3632,9914
2007,Chiswa Health Post,Eastern,Chipata,Health Post,-13.9157,32.3046,8007,28529
3691,Muchinka Rural Health Center,Central,Chitambo,Health Centre,-12.9374,30.4401,1920,7200
1690,Shimbizhi Health Post,Central,Mumbwa,Health Post,-15.025688,27.100944,9061,34156
4598,Max Clinic - Mandevu,Lusaka,Lusaka,Health Centre,-15.3515874,28.3027841,828688,1875213
4576,Seesa Health Post,Luapula,Mwansabombwe,Health Post,-9.976006,28.718057,8382,22247
1579,Naluvwi Health Post,Central,Mumbwa,Health Post,-15.3071,26.9411,711,3281
3690,Mpelembe Rural Health Center,Central,Chitambo,Health Centre,-12.3515,30.1515,667,2439
4582,Sesa Health Post,Luapula,Mwense,Health Post,-10.134622,28.775687,3252,11526
3074,Blossom Surgery Clinic,Central,Kabwe,General clinic,-14.457919,28.448594,103479,176308
3141,Ndabala Health Post,Central,Serenje,Health Post,-13.471516,29.816272,1342,4423
3695,Katikulula Mini Hospital,Central,Chitambo,Health Centre,-12.879444,30.499011,1130,4794
3115,Mulonda Health Post,Central,Chibombo,Health Post,-14.815563,27.832319,1830,9562
3714,Mulungushi University Health Centre,Central,Kapiri-Mposhi,Health Centre,-14.2934,28.5597,5201,18217
1439,Railway GRZ Urban Health Centre,Lusaka,Kafue,Health Centre,-15.7695,28.1737,41363,63991
3788,Kamena Health Post,Central,Serenje,Health Post,-13.455358,30.394287,882,2805
3773,Nyenje Health Post,Central,Mkushi,Health Post,-14.131048,29.578023,832,3069
3745,Mboshya Rural Health Center,Central,Luano,Health Centre,-15.231,27.8693,2382,10620
3743,Masansa Min Hospital,Central,Luano,Health Centre,-13.945,29.387,7189,17509
3747,Liteta Health Post,Central,Luano,Health Post,-14.887323,29.071805,207,854
3718,Ndeke Urban Health center,Central,Kapiri-Mposhi,Health Centre,-14.5624,29.0056,1252,4475
3707,Kampumba Rural Health Centre,Central,Kapiri-Mposhi,Health Centre,-14.5624,29.0056,1252,4475
3692,Nakatambo Health Post,Central,Chitambo,Health Post,-12.787249,30.744388,322,1582
3643,Tusekelemo Private Clinic,Central,Mkushi,Health Centre,-13.6277,29.3937,15454,26691
3553,Mkushi Coppermine Rural Health Center,Central,Luano,Health Centre,-13.9544,29.1488,1797,6537
3145,Masunga Health Post,Central,Serenje,Health Post,-12.822454,29.89206,498,1936
4592,Dr. Javias Medical Center Limited,Lusaka,Lusaka,Health Centre,-15.4143247,28.292616,712720,2466092
4588,Mungule Mini Hospital,Central,Chibombo,1st Level Hospital,-15.224718,28.176959,4520,30741
4593,Pemba Mini Hospital,Southern,Pemba,Health Centre,-16.5203219,27.3652797,15715,27767
4599,HITECH Diagnostic Limited,Lusaka,Lusaka,Diagnostic centre,-15.3515874,28.3027841,828688,1875213
2826,Musonda Rural Health Centre,Luapula,Mwense,Health Centre,-10.7068,28.8049,2936,7313
1483,Nachitete Health Centre,Lusaka,Chongwe,Health Centre,-15.551219,28.481511,2162,13677
3456,Mwembeshi Open Air Correctional Facility,Lusaka,Chilanga,Health Post,-15.4165,28.12195,26888,148778
4597,Chifubu District Hospital,Copperbelt,Ndola,1st Level Hospital,-12.910426,28.601739,112508,259661
3947,Katito Health Post,Northern,Mbala,Health Post,-9.061009,31.35838,3158,13669
4602,Lunzua Health Post,Northern,Mbala,Health Post,-9.009728,31.398523,7181,16941
3175,Chaola Rural Health Post,Lusaka,Rufunsa,Health Post,-15.1082,29.72387,1207,3908
4603,Max Clinic - Matero,Lusaka,Lusaka,Health Centre,-15.3739465,28.2648745,948104,2124271
4607,SHAYNEZ OPTICAL CENTRE LTD,Lusaka,Lusaka,Optic Clinics,-15.4044355,28.2866242,789612,2491072
4304,P J'S Primary Medical Centre,Lusaka,Lusaka,General clinic,-15.40834,28.29238,747688,2497144
4591,New Life Medical Centre,Lusaka,Lusaka,Health Centre,-15.4377168,28.3121423,538648,2006725
1473,Mpanshya Hospital Affiliated Health Centre,Lusaka,Rufunsa,Health Centre,-15.63925908,29.43340349,598,2297
1510,University Teaching Hospital - Eye,Lusaka,Lusaka,3rd Level Hospital,-15.430214,28.31263,547288,2135252
4480,Mwembeshi Remand Correctional Facility,Lusaka,Chilanga,Health Centre,-15.327877,27.93114,6420,18110
4234,Critic Care Clinic,Lusaka,Lusaka,General clinic,-15.405218,28.299606,734068,2507220
4606,Healing Touch Clinic Limited,Lusaka,Lusaka,Health Centre,-15.3889662,28.2800116,915569,2392333
4601,ClearView Opticians Limited,Lusaka,Lusaka,Optic Clinics,-15.4181355,28.2824304,724439,2409591
4206,Kalikiliki Health Post,Lusaka,Lusaka,Health Post,-15.406108,28.36912,366642,1313988
3889,Kalingalinga Health Centre,Lusaka,Lusaka,Health Centre,-15.4058,28.3293,542713,2151626
4003,Kang'wena Health Post,North-Western,Mushindano,Health Post,-12.379762,27.321803,1639,4429
3966,Morris Rowe Health Post,North-Western,Kalumbila,Health Post,-11.939294,25.347456,929,3258
4085,Walawala Health Post,Western,Sesheke,Health Post,-16.777199,24.009229,258,983
4614,Optic Zone Opticians,Lusaka,Lusaka,Optic Clinics,-15.4297858,28.2810944,682959,2250635
4613,Sanjeevani Healthcare Ltd,Lusaka,Lusaka,Health Centre,-15.4068221,28.3033688,703555,2494796
1288,El Shalom Private Clinic,Southern,Monze,Health Centre,-16.27446628,27.4817869,50065,66894
1495,Charles J Nyirenda Hospital,Lusaka,Lusaka,1st Level Hospital,-15.4770543,28.328042,322034,1125998
3663,Circle of Hope VCT & ART Centre,Lusaka,Lusaka,Health Post,-15.4545,28.25207,575115,1668877
4219,Care For You Medical Clinic Limited,Lusaka,Lusaka,General clinic,-15.402893,28.312213,668570,2437931
4610,Palisa Medical Center,Lusaka,Lusaka,Health Centre,-15.43642,28.3337527,441747,1738542
4615,PPAZ Clinic,Southern,Choma,Health Post,-16.811063,26.97386,96664,126953
4616,Olive Medi Clinic,Southern,Choma,Health Centre,-16.80705034,26.9845109,98334,127507
4609,Oaklands Clinic,Lusaka,Lusaka,Health Centre,-15.4452241,28.2938125,601933,1963017
4263,Hope in Christ Clinic,Lusaka,Lusaka,General clinic,-15.354693,28.281764,923720,1921016
4270,Lusaka IVF Fertility Clinic,Lusaka,Lusaka,Fertility clinic,-15.431288,28.318987,515250,2037658
4338,National Breweries Clinic,Lusaka,Lusaka,General clinic,-15.3942134,28.2728381,892240,2385225
4492,Dental Training School,Lusaka,Lusaka,3rd Level Hospital,-15.4023141,28.2814985,816908,2467632
4269,Good Esthetics Dental,Lusaka,Lusaka,Dental clinic,-15.402993,28.305805,711006,2490326
4260,Elite Dental Care Clinic,Lusaka,Lusaka,Dental clinic,-15.38548,28.313505,750402,2327683
4332,Premium Medical Services Limited,Lusaka,Lusaka,General clinic,-15.4233353,28.2882911,685540,2364224
4623,Nchelenge District Hospital,Luapula,Nchelenge,1st Level Hospital,-9.3737408,28.7473724,16021,44479
4327,Premium Medical Services Limited (Ambulance),Lusaka,Lusaka,Ambulance,-15.4233353,28.2882911,685540,2364224
4622,Pendleton Children's Clinic,Lusaka,Lusaka,General clinic,-15.3985542,28.3030432,753640,2499929
4667,Lukangaba Health Post,Luapula,Mansa,Health Post,-11.056217,29.099321,1603,6759
4663,Oldpath Baptist Clinic,Copperbelt,Lufwanyama,Health Post,-13.059652,28.106256,3207,9862
4668,Yamba Yamba Health Post,Luapula,Mansa,Health Post,-10.937682,29.078985,1944,6627
4674,Nyakolwe Health Post,Eastern,Nyimba,Health Post,-14.12785,30.693138,696,2661
4238,Crossroads Medical Centre,Lusaka,Lusaka,General clinic,-15.431907,28.25883,700213,2073096
4504,ABACUS MEDICAL SERVICES,Lusaka,Lusaka,Health Centre,-15.5114488,28.2601389,305996,930092
4230,Copper Clinic,Lusaka,Lusaka,General clinic,-15.400524,28.291997,797728,2508036
4273,Healfast Medical Centre - Chawama,Lusaka,Lusaka,General clinic,-15.3875238,28.3228052,662184,2234502
4571,Royal Hospital Limited,Lusaka,Lusaka,3rd Level Hospital,-15.4104764,28.3097045,643407,2438273
4297,Ruth Kaluluma Memorial Medical Centre,Lusaka,Lusaka,General clinic,-15.4883912,28.2439821,330444,1185341
4600,Carepeak Specialist Clinic,Lusaka,Lusaka,Health Centre,-15.4092891,28.2966719,725170,2496835
4483,Great North Academy Rehab Centre,Lusaka,Lusaka,Health Centre,-15.465473,28.349428,267483,1016003
4342,Planned Parenthood Association (PPAZ) Clinic- Lusaka,Lusaka,Lusaka,General clinic,-15.415495,28.2925402,706823,2456918
4632,ALPINE HEALTH CENTRE,Lusaka,Lusaka,Health Centre,-15.4574023,28.3169714,450273,1575875
4617,BAKWETU DENTAL CARE,North-Western,Solwezi,Dental clinic,-12.188056,26.422669,45516,94292
4626,Chamboli Level 1 Hospital,Copperbelt,Kitwe,1st Level Hospital,-12.856581,28.2288427,183787,467576
4629,TWIN PALMS CLINIC AND ARTHRITIS CARE CENTRE,Lusaka,Lusaka,General clinic,-15.4253094,28.3462203,403206,1652160
4631,Kakikasa Health Post,North-Western,Mufumbwe,Health Post,-13.168256,25.01074,1071,3278
4628,WOODLANDS SPECIALIST CLINIC AND WELLNESS,Lusaka,Lusaka,Health Centre,-15.4407298,28.3462528,361004,1459988
4634,Hillbengrace Medical Centre,Copperbelt,Kitwe,Health Centre,-12.826991,28.215737,225759,539389
4630,Mars Clinic - Olympia,Lusaka,Lusaka,General clinic,-15.4073584,28.2993011,723136,2501578
2415,Mindolo Ecumenical Fellowship Health Post,Copperbelt,Kitwe,Health Post,-12.77959,28.18377,181545,491869
4652,Kashininkisha Rural Health Post,Copperbelt,Lufwanyama,Health Post,-12.5342,27.3445,407,2323
4646,Trinity Care Medical Centre,Copperbelt,Kitwe,Health Centre,-12.830109,28.211126,214552,536621
4645,Crown Dental Clinic - Munali,Lusaka,Lusaka,Dental clinic,-15.3721458,28.3451577,577342,1722818
4644,Extend Care and Consultancy Ltd,Lusaka,Lusaka,Health Centre,-15.4283498,28.3558155,342589,1432826
2337,Nalwange Family Clinic,Copperbelt,Ndola,Health Centre,-12.93662839,28.61359051,155443,372391
4637,Kalulushi Healthlane Medical Centre,Copperbelt,Kalulushi,Health Centre,-12.8302491,28.0858085,31345,93948
4307,St. Clare Mission Clinic,Lusaka,Lusaka,General clinic,-15.46921,28.22249,306056,1208867
4642,Sunbright Medical Consultancy,Copperbelt,Mufulira,Health Centre,-12.5464692,28.2544155,79558,130171
4643,Mulema Sampa Health Post,Northern,Mungwi,Health Post,-10.475542,31.723639,2590,8184
4648,SRA medical centre,Copperbelt,Ndola,Health Centre,-12.972294,28.631439,198651,463358
4647,Health view,Copperbelt,Ndola,Health Centre,-12.966568,28.639562,188125,462212
4670,Venus Centre,Lusaka,Lusaka,Health Centre,-15.4373653,28.3584132,304633,1286241
4363,Covenant Dental Solutions Limited,Lusaka,Lusaka,Dental clinic,-15.4023159,28.284002,810132,2480346
4660,Bivumba  Memorial Clinic,Lusaka,Lusaka,General clinic,-15.436058,28.341385,405135,1615337
4669,Luame Health Post,Luapula,Samfya,Health Post,-11.9474372,29.4813895,2918,9196
4661,Kagem Mine Clinic,Copperbelt,Lufwanyama,Health Post,-13.089771,28.128418,4664,10159
4662,Grizzly Mine Clinic,Copperbelt,Lufwanyama,Health Post,-13.097837,28.107128,4352,9778
4665,Zambia Air Force Hospital,Lusaka,Lusaka,1st Level Hospital,-15.4117341,28.3253011,540278,2186304
4673,Mauluzhi Rural Health Post,Southern,Itezhi-Tezhi,Health Post,-15.383788230898,26.882783070831,746,3244
4666,South Point Clinic - Manda Hill,Lusaka,Lusaka,Health Centre,-15.3941081,28.3122806,713859,2413760
4672,Mosi-Ou-Tunya Private Clinic and Diagnostic Centre,Southern,Livingstone,General clinic,-17.83761756688,25.842423931389,122497,161147
4675,Sunview Medical Centre,Southern,Itezhi-Tezhi,Others,-15.734094741046,26.030924216537,4160,7327
4659,Claradens Dental Clinic,Lusaka,Lusaka,Dental clinic,-15.3580098,28.3614691,388430,1306097
4671,Langiza Chikondi Clinic,Lusaka,Lusaka,Fertility clinic,-15.3860901,28.361757,476572,1489896
4677,Chinthimbe Health Post,Eastern,Lumezi,Health Post,-12.198287,32.610333,393,1683
4658,Fishikwa Health Post,Luapula,Milenge,Health Post,-11.61402,29.13252,217,1069
4657,Kansansa Rural Health Post,Northern,Luwingu,Health Post,-10.511111,29.996635,2398,8244
4688,Sancho Medical Services Limited,Lusaka,Lusaka,General clinic,-15.3460031,28.328805,567641,1626114
3570,Enock Kavindele Mini Hospital,North-Western,Kabompo,Health Centre,-13.57382,24.24074,5843,14613
4696,Kanyikochi Health Post,North-Western,Mwinilunga,Health Post,-11.758514,24.95393,633,2436
4694,Matonchi Health Post,North-Western,Mwinilunga,Health Post,-11.880177,24.36358,1112,4280
1870,Mutaa Health Post,Western,Kalabo,Health Post,-14.37631963,28.15097508,1337,6337
4690,Mnendwe,Eastern,Sinda,Health Post,-14.27732,31.73216,10443,61366
2487,Nkana East Urban Health Center,Copperbelt,Kitwe,Health Centre,-12.82278,28.22952,238006,531336
3711,Mpunde Rural Health Center,Central,Kapiri-Mposhi,Health Centre,-14.20937,28.22747,2095,6809
1907,Chitakata B Health Post,Central,Kabwe,Health Post,-14.0487,28.34675,964,3949
2080,Munkumpu Rural Health Centre,Copperbelt,Mpongwe,Health Centre,-13.5888,27.81493,2188,7761
3730,Mutaba Rural Health Centre,Central,Kapiri-Mposhi,Health Centre,-13.87218,28.666,9245,34769
3278,Chipepo Rural Health Centre,Southern,Gwembe,Health Centre,-15.91445,28.80409,1222,7819
3783,Mukubwe Rural Health Center,Central,Ngabwe,Health Centre,-13.89831,27.74686,786,3008
3301,Pembe Health post,Luapula,Mwansabombwe,Health Post,-9.856113,28.765692,9527,23229
2548,Nchanga North Referral Hospital,Copperbelt,Chingola,2nd Level Hospital,-12.52441,27.86037,137835,224325
1423,Mugurameno Health Post,Lusaka,Kafue,Health Post,-15.8316,29.1077,493,1930
3291,Chitipa Health post,Luapula,Mwansabombwe,Health Post,-9.612673,29.005875,1354,4592
1618,Kazimva Rural Health Center,Lusaka,Chilanga,Health Post,-15.3748,28.201,301910,1282075
3890,Kaunda Square Health Centre,Lusaka,Lusaka,Health Centre,-15.37256,28.3513,537056,1613217
1570, Health Shield Medical Services,Lusaka,Lusaka,General clinic,-15.35252,28.307301,806446,1876966
1611,Kris Katumba Health Post,Lusaka,Chilanga,Health Post,-15.41721,28.1167,25559,120167
1623,Sekelela Health Post,Lusaka,Chilanga,Health Post,-15.36502,28.134576,15070,208899
1642,ZNS Safari Health Post,Lusaka,Chilanga,Health Post,-15.37211,28.18836,176794,1050101
3356,Lubunga Rural Health Centre,Muchinga,Lavushi Manda,Health Centre,-12.8003,31.0175,161,614
3347,Lukulu Rural Health Centre,Muchinga,Lavushi Manda,Health Centre,-12.826092120976,30.86901620636,120,464
3336,Muwele Rural Health Centre,Muchinga,Lavushi Manda,Health Centre,-11.9843,30.3673,590,1987
2632,Mabonga Health Post,Muchinga,Lavushi Manda,Health Post,-11.9843,30.3673,590,1987
3386,Mpika Urban Health Center,Muchinga,Mpika,Health Centre,-11.836696062237,31.454503265047,48102,76100
3194,Muyeleka Health Post,Muchinga,Isoka,Health Post,-10.156803620347,33.048707841768,1281,4990
3419,Isoka District Hospital,Muchinga,Isoka,1st Level Hospital,-10.1619,32.62945,24115,40725
2888,Mweniwisi Health Post,Muchinga,Mafinga,Health Post,-10.085308424038,33.144683431244,1356,4330
2875,Kasama General Hospital,Northern,Kasama,2nd Level Hospital,-10.21087,31.18133,77286,119178
4736,Kazimomwe Health Post,Eastern,Chipata,Health Post,-13.835398,32.423941,5358,25773
4689,Champhala Health Post,Eastern,Sinda,Health Post,-14.160349,31.795201,7860,50885
4722,Sanket Diagnostics Laboratory,North-Western,Solwezi,Diagnostic centre,-12.188248,26.422508,45508,94195
2589,Hill Top Private Hospital,North-Western,Solwezi,1st Level Hospital,-12.187405,26.412263,50237,94979
4742,Lundazi Correctional Health Post,Eastern,Lundazi,Health Post,-13.133897,27.849331,502,2509
4753,Lundazi Township Health Centre,Eastern,Lundazi,Health Centre,-12.28903333,33.16796667,35641,65751
4739,Katope Health Post,Eastern,Lumezi,Health Post,-12.32861,32.921003,1443,7447
4754,Sikalaye Health Post,Southern,Zimba,Health Post,-17.354255,26.922376,3078,9063
4766,Chiwoko Health Post,Eastern,Kasenengwa,Health Post,-13.889884,31.35668625,4576,17949
4767,Chinunda Heath Post,Eastern,Kasenengwa,Health Post,-13.692274,32.242523,3509,15819
4756,Kamukeza Health Post,Southern,Zimba,Health Post,-17.354255,26.922376,3078,9063
4770,Mkowe Health Post,Eastern,Kasenengwa,Health Post,-13.493056,32.38142,5005,19567
4769,Kanzutu  Health Post,Eastern,Kasenengwa,Health Post,-13.679028,32.386018,5008,21597
4768,Kawawa Health Post,Eastern,Kasenengwa,Health Post,-13.37408,32.2414,1701,7408
4779,Chimasuko,Eastern,Katete,Health Post,-14.078108,31.990611,12767,60956
4771,Shamombo Health Post,Eastern,Kasenengwa,Health Post,-13.7740618,32.3446281,5038,26382
4783,Kalola,Central,Chibombo,Health Post,-15.001739,27.922892,1430,7388
4683,AeroMED kenneth Kaunda,Copperbelt,Ndola,Health Centre,-12.984443,28.658695,193958,462010
4794,21 miles health post,Copperbelt,Ndola,Health Post,-12.752498,28.468417,12769,29295
4781,Waseka,Eastern,Katete,Health Post,-14.132328,31.877533,4827,18009
4791,Mwala Health Post,Eastern,Chadiza,Health Post,-13.978426,32.513052,5832,19668
4785,Chinkumba Health Post,Muchinga,Shiwang'andu,Health Post,-10.8703883,32.0357567,997,3828
4784,Muchenje,Central,Chibombo,Health Post,-15.209183,28.034161,2082,7481
4780,Mkale,Eastern,Katete,Health Post,-14.0847946,32.0382856,41130,68008
4796,Chifubu health Center,Copperbelt,Ndola,Health Centre,-12.939613,28.6097,153881,378270
4799,Chiteba Mini Hospital,Eastern,Chama,Health Centre,-11.213019752,32.532037192,256,1146
4782,Mbang'ombe,Eastern,Katete,Health Post,-14.0480916,32.0430801,38024,64750
4798,Kapachi,Eastern,Chadiza,Health Post,-14.05094,32.4968572,4962,22820
4800,Ngala,Eastern,Chadiza,Health Post,-14.0878,32.670694,2965,10049
4802,Mchima,Eastern,Vubwi,Health Post,-13.573754,32.51206,7273,48021
4805,Kapekesa,Eastern,Chasefu,Health Post,-12.233251,33.183117,11215,57935
4711,Eastern Province Air Defence Centre Sick quarters,Eastern,Chipata,Health Post,-13.6445104,32.6447001,120660,178135
4801,Nsole  Health Post,Eastern,Vubwi,Health Post,-13.535297,32.513067,9073,40809
4804,Chibangu,Eastern,Chasefu,Health Post,-11.817703,33.288097,4048,12917
4810,Munkwanga,Luapula,Chifunabuli,Health Post,-10.963653979835,29.473387824768,3163,12583
4809,Mweshilungu,Luapula,Chifunabuli,Health Centre,-11.171378540221,29.497667034393,5817,18486
4813,Mbesuma Health Post,Muchinga,Chinsali,Health Post,-10.01813,32.17265,1986,8268
4815,Kalense Health Post,Northern,Kasama,Health Post,-10.166181,31.04483,3530,18226
4797,Zaf Peter Zuze Clinic,Copperbelt,Ndola,Health Centre,-12.988987,28.658756,197262,458809
4816,Kashitu Health Post,Northern,Chilubi,Health Post,-11.11860550163,29.979661599426,3083,8427
4806,Chambuzi,Eastern,Chasefu,Health Post,-11.9220966,33.0943734,8003,23695
4814,Chinsali Correctional Clinic,Muchinga,Chinsali,Others,-10.54746,32.070238,19191,29805
4824,Sowy HUB Dental Clinic,Northern,Kasama,Dental clinic,-10.2212,31.12694,19639,94420
4807,Chibaye Rural Health Post,Muchinga,Mpika,Health Post,-11.689451,31.328765,2398,7740
4831,Chapemba Health Post,Muchinga,Isoka,Health Post,-9.893226,32.67611,1033,4711
4823,Little Flour Mother & Child Urban Clinic,Northern,Kasama,General clinic,-10.2212,31.12694,19639,94420
3926,Mukungule Mini Hospital,Muchinga,Mpika,Health Centre,-11.5908,31.921,118,465
3403,Mukungule Rural Health Centre,Muchinga,Mpika,Health Centre,-11.5908,31.921,118,465
4820,Chimfwembe Health Post,Northern,Chilubi,Health Post,-11.11860550163,29.979661599426,3083,8427
4834,Nteko Health Post,Muchinga,Nakonde,Health Post,-9.286764,32.442449,4526,13557
4826,Musenga Mini Hospital,Northern,Kasama,Health Centre,-10.1910847,31.1675057,60238,117927
4833,Nachipeta Health Post,Muchinga,Nakonde,Health Post,-9.244272,32.362,4419,14647
4837,Munkwanga Health Post,Luapula,Chifunabuli,Health Post,-10.96431657822,29.472960130005,3148,12539
4821,Mumanalupando Health Post,Northern,Kasama,Health Post,-10.23653,30.58333,2699,9053
4840,Chiyambi,Eastern,Chadiza,Health Post,-13.99602,32.45705,5620,25722
4822,ZAF Kasama Urban Health Centre,Northern,Kasama,Health Centre,-10.21057,31.16661,66325,116486
4825,Chitulika Health Post,Muchinga,Mpika,Health Post,-11.832738,31.438401,53032,77822
4760,SCHOOL OF MILITARY POLICE CLINIC (EMMASDALE),Lusaka,Lusaka,Health Post,-15.3936032,28.283476,874123,2448952
4850,Chibinda health post,Luapula,Mansa,Health Post,-11.192866,29.251347,2414,10159
4851,Mutukeni Health Post,Luapula,Mansa,Health Post,-11.20968,29.165226,4000,22772
4835,Mpika District Hospital,Muchinga,Mpika,1st Level Hospital,-11.83898,31.457226,47307,75689
4838,Mubamba Health Post,Luapula,Nchelenge,Health Post,-9.3668187468317,28.739896312981,18088,43508
