facility_code,facility_name,admin1,admin2,facility_type,latitude,longitude,pop_5km,pop_10km
MC010002,A+A,Centrals West Zone,NA,Clinic,-13.797421,33.885631,24159,135043
BT240003,A.C Opticals,South East Zone,NA,Clinic,-15.8,35.03,378545,916767
BT240005,Akwezeke Pvt,South East Zone,NA,Clinic,-15.84,35.09,195600,619779
BT240006,Abowa,South East Zone,NA,Clinic,-15.84,35.09,195600,619779
LL040007,ABC Clinic,Centrals West Zone,NA,Hospital,-13.96816,33.74129,165694,1149037
LL040010,Achikondi,Centrals West Zone,NA,Dispensary,-13.95473,33.7793,360302,1228732
LL040011,Adventist Health Centre,Centrals West Zone,NA,Hospital,-13.95473,33.7793,360302,1228732
LL040012,Adventist,Centrals West Zone,NA,Health Centre,-13.95473,33.7793,360302,1228732
LL040013,Africa Leaf Clinic Kanengo,Centrals West Zone,NA,Clinic,-13.8898,33.80487,178692,592211
ZA230014,AHI,South West Zone,NA,Clinic,-15.38361,35.3223,124734,200368
ZA230015,Airwing,South West Zone,NA,Clinic,-15.38876,35.38508,74887,222672
LL040016,Airwing,Centrals West Zone,NA,Dispensary,-13.96162,33.69679,84687,595151
NT120017,Akalole Clinic,Centrals West Zone,NA,Clinic,-14.511149,34.460536,11858,33337
CR260018,Akasale,South East Zone,NA,Hospital,-15.7594487,35.1148531,111643,520231
NK100019,Alinafe,Central East Zone,NA,Hospital,-13.38789,34.24292,15899,49493
MC190020,Alinafe,South West Zone,NA,Clinic,-14.79853,35.44326,22699,65402
MG200021,Alinafe Private Clinic,South West Zone,NA,Clinic,-14.4790606,35.2574859,80930,131864
MC010022,Alinafe Private Clinic,Centrals West Zone,NA,Clinic,-13.83069,33.04117,38722,103973
LL040023,Alliance one Clinic,Centrals West Zone,NA,Clinic,-13.89571,33.80108,232264,626667
CK270024,Alumenda Estate Clinic,South East Zone,NA,Clinic,-15.3947344,34.653817,14103,39961
CK270025,Alumenda,South East Zone,NA,Health Centre,-16.403467,34.885647,24492,74373
TH310026,Amalika,South East Zone,NA,Dispensary,-15.99203,35.03183,47613,163596
BT240028,AMECA (Chilaweni),South East Zone,NA,Clinic,-15.703336,35.04442,89867,523720
KU070030,Anchor Farm,Central East Zone,NA,Health Centre,-13.41,33.39,17093,51907
KU070031,Anchor Health Centre,Central East Zone,NA,Health Centre,-13.414103,33.39074,17006,51973
BT240032,Aquid Lifeline Clinic,South East Zone,NA,Clinic,-15.62217,35.05604,32841,118371
LL040033,Area 18,Centrals West Zone,NA,Health Centre,-13.94131,33.78051,358397,1083725
LL040034,Area 18 Medi clinic,Centrals West Zone,NA,Clinic,-13.94454,33.77083,359003,1129328
LL040035,Area 24 Private Clinic,Centrals West Zone,NA,Clinic,-14.0205,33.79967,580296,955518
LL040036,Banja la mtsogolo,Centrals West Zone,NA,Unclassified,-13.89488,33.76206,307975,628644
LL040037,Area 25,Centrals West Zone,NA,Health Centre,-13.89272,33.77465,303693,627404
LL040038,Area 30 clinic,Centrals West Zone,NA,Clinic,-13.9279,33.78419,350551,884239
LL040039,Area 36 Living Waters,Centrals West Zone,NA,Dispensary,-14.0119727,33.7787036,560438,1051244
LK180040,Army,North Zone,NA,Dispensary,-12.08098,34.731191,5500,6526
BT240041,Chitekwe,South East Zone,NA,Health Centre,-15.84,35.09,195600,619779
SA090042,Asante Private Clinic,Central East Zone,NA,Clinic,-13.77065,34.44174,69211,126933
NT080043,Asimec,Central East Zone,NA,Clinic,-13.3587,33.91619,29648,74922
KB050044,Chakunyanja,North Zone,NA,Clinic,-11.61,34.3,23303,53583
MG200045,As-slam clinic,South West Zone,NA,Clinic,-14.54537,35.19221,20574,72815
KA150046,Atupele,North Zone,NA,Hospital,-9.73682,33.83744,24578,73449
BT240048,Auction Holdings Clinic,South East Zone,NA,Clinic,-15.81195,35.06417,322837,856195
MZ160049,Auction,North Zone,NA,Clinic,-11.46341,34.02053,180848,224219
LL040050,Auction Holdings Clinic,Centrals West Zone,NA,Dispensary,-13.89089,33.79952,223761,609112
BT240051,Ayali Private Clinic,South East Zone,NA,Clinic,-15.66,35.02,44489,206996
BK170052,Balaka Banja La Mtsogolo clinic,South West Zone,NA,Clinic,-14.98876,34.95557,59459,113205
BK170053,Balaka District Hospital,South West Zone,NA,District Hospital,-14.98498,34.94959,59640,115475
BK170054,Dream Clinic,South West Zone,NA,Clinic,-15.00322,34.95248,58701,110970
BK170055,Balaka Private Clinic,South West Zone,NA,Clinic,-14.98339,34.9617,59137,112252
LL040057,Maziko,Centrals West Zone,NA,Clinic,-14.00507,33.81629,578345,936472
BT240059,Bangwe,South East Zone,NA,Health Centre,-15.823832,35.080477,245466,725672
KB050060,BLM,North Zone,NA,Clinic,-11.609069999999999,34.29899,23580,53814
BT240061,Banja Care Clinic,South East Zone,NA,Clinic,-16.01,35.49,42624,140389
CP060062,Banja la Mtsogolo,North Zone,NA,Clinic,-15.3890539,35.320048,124129,201212
SA090064,Baptist health centre,Central East Zone,NA,Health Centre,-13.73887,34.59749,24587,40406
NT120065,Bayani,Centrals West Zone,NA,Health Post,-15.1729008,34.6966684,5247,28644
LL040066,Baylor,Centrals West Zone,NA,Clinic,-13.977985,33.786847,454229,1185628
DE030067,BB Clinic,Centrals West Zone,NA,Clinic,-14.3874968,34.3291278,27890,70536
BT240068,Beit Cure,South East Zone,NA,Hospital,-15.80354,35.01753,365473,893029
CK270069,Bereu,South East Zone,NA,Dispensary,-16.15199,34.85376,15381,61870
CK270070,Bello,South East Zone,NA,Dispensary,-16.26044,34.86844,37007,67424
BT240071,Belton Kapyepye Memorial Clini,South East Zone,NA,Clinic,-15.80869,34.99434,250955,786060
DE030072,Bembeke,Centrals West Zone,NA,Health Centre,-14.35825,34.42432,22446,65498
NK100073,Chipatala cha boma,Central East Zone,NA,Health Centre,-13.36846,34.27404,20945,45021
BT240074,Kachale,South East Zone,NA,Clinic,-15.78018,35.07352,283569,869970
TH310075,Bethesda,South East Zone,NA,Clinic,-16.01,35.31,52048,171188
NK100076,Bethsaida,Central East Zone,NA,Clinic,-12.846881,34.245704,18145,54992
LL040077,Bethsaida,Centrals West Zone,NA,Hospital,-13.93387,33.79202,322895,975530
BT240078,BKM PVT Clinic,South East Zone,NA,Clinic,-15.78826,35.00554,402767,848095
CR260079,Bilal islamic,South East Zone,NA,Hospital,-15.7414865,35.1304713,50850,352294
NT120080,Bilila,Centrals West Zone,NA,Health Centre,-14.82489,34.85134,16298,75275
NT120081,Biliwiri,Centrals West Zone,NA,Health Centre,-14.817,34.638306,37005,83822
MG200082,Billy Riordan clinic,South West Zone,NA,Clinic,-14.0319916,34.8402186,12028,23799
ZA230083,Bimbi,South West Zone,NA,Health Centre,-15.30876,35.4794,29252,102836
BT240084,Blantyre Adventist Hospital,South East Zone,NA,Hospital,-15.7824,35.0031,398872,819140
BT240085,City assembly,South East Zone,NA,Clinic,-15.8,35.04,378315,924914
BT240087,Blantyre Dream Project (Mandala),South East Zone,NA,Health Centre,-15.79182,35.01273,394559,877350
BT240088,Makadam Pvt Clinic,South East Zone,NA,Clinic,-15.786933,35.007778,405504,855087
BT240089,Blantyre Water Board - Mudi,South East Zone,NA,Clinic,-15.7953,35.03811,370902,923075
LL040091,Blessings,Centrals West Zone,NA,Hospital,-13.79099,33.81707,50370,148785
SA090092,Bliss,Central East Zone,NA,Dispensary,-13.78929,34.46206,70193,125634
TH310093,Banja la mtsogolo,South East Zone,NA,Clinic,-15.93133,35.08213,56712,212931
LL040094,Banja la mtsogolo,Centrals West Zone,NA,Clinic,-13.99646,33.77897,564742,1133376
LL040095,Kawale Banja la mtsogolo,Centrals West Zone,NA,Clinic,-13.9915,33.79514,594681,1125455
MC190096,Banja la Mtsongolo,South West Zone,NA,Clinic,-15.0694,35.22766,41209,82663
BT240097,BLM Lunzu,South East Zone,NA,Clinic,-15.65114,35.02028,42086,164575
MC010098,BLM,Centrals West Zone,NA,Clinic,-13.79508,32.89221,34596,64475
CR260099,Midima BLM,South East Zone,NA,Dispensary,-15.83121,35.08006,236658,702430
DA020100,Banja la Mtsogolo,Central East Zone,NA,Clinic,-13.53197,33.73802,42779,119783
MZ160101,BLM,North Zone,NA,Clinic,-11.89882,33.59402,38705,62697
MZ160102,BLM,North Zone,NA,Clinic,-11.45612,34.01638,186512,226462
NT120103,Ntcheu BLM,Centrals West Zone,NA,Clinic,-14.81394,34.63512,37069,83321
BT240104,Banja Lamtsogolo,South East Zone,NA,Clinic,-15.8,35,323462,829227
BT240105,BLM Zingwangwa Clinic,South East Zone,NA,Clinic,-15.81847,35.01171,251970,848275
MU210106,Bloomfield,South West Zone,NA,Dispensary,-16.057405,35.673299,46144,106217
RU140107,Bolero hospital,North Zone,NA,Hospital,-10.97843,33.74342,19139,47398
MU210108,Bondo health center,South West Zone,NA,Health Centre,-16.04267,35.61388,35570,109216
LL040109,Boulos,Centrals West Zone,NA,Clinic,-13.98821,33.76929,481561,1175379
DE030110,Bowa,Centrals West Zone,NA,Clinic,-14.3102,34.65581,16217,43554
DA020111,Bowe,Central East Zone,NA,Health Centre,-13.27878,33.68392,16365,61863
DE030112,Brothers Private Clinic,Centrals West Zone,NA,Clinic,-14.397146,34.327339,25367,64501
KU070113,Bua,Central East Zone,NA,Health Centre,-13.29403,33.53859,26069,78228
NK100114,Bua,Central East Zone,NA,Health Centre,-12.7967,34.20971,14387,39027
KB050115,Bula,North Zone,NA,Health Centre,-11.22268,34.12324,1564,7264
MZ160116,Bulala,North Zone,NA,Health Centre,-11.6781,33.44798,9515,33817
LL040118,Buli,Centrals West Zone,NA,Health Post,-13.919059,33.705512,99560,516333
LL040119,Bunda campus,Centrals West Zone,NA,Health Centre,-14.18038,33.77554,38068,156541
TH310121,Research,South East Zone,NA,Health Centre,-15.93981,35.02633,40286,180762
LL040122,Bottom,Centrals West Zone,NA,District Hospital,-13.99164,33.77561,531164,1159979
NT120123,Bwanje,Centrals West Zone,NA,Health Centre,-14.64857,34.77445,21340,65736
MZ160124,Bwengu,North Zone,NA,Health Centre,-11.06356,33.91646,14553,57601
LL040125,Bwese,Centrals West Zone,NA,Clinic,-14.223459,33.942495,28961,122873
MZ160126,Care Medical,North Zone,NA,Clinic,-15.0721589,35.2327018,39920,80625
KA150128,Care,North Zone,NA,Clinic,-9.9394464,33.9229215,66312,102044
BT240129,SOBO,South East Zone,NA,Clinic,-15.79,35.03,356108,913896
LL040130,Sobo,Centrals West Zone,NA,Clinic,-13.90107,33.79697,278002,658069
LL040131,CCK Health,Centrals West Zone,NA,Dispensary,-13.98302,33.75233,373965,1185840
NK100132,Central 3 clinic,Central East Zone,NA,Clinic,-12.5033,34.1308,31487,53182
BT240133,Railways Private Clinic,South East Zone,NA,Clinic,-15.81536,35.0633,312681,836249
MC010135,Alinafe,Centrals West Zone,NA,Clinic,-13.51775,32.95893,24805,64990
BT240136,Chabvala,South East Zone,NA,Health Centre,-15.83372,34.83461,6152,24507
LL040137,Chadza,Centrals West Zone,NA,Health Centre,-14.14715,33.84167,37565,156535
MZ160138,Chagoma,North Zone,NA,Health Post,-11.214085,33.807507,10159,40682
SA090139,Tembwe,Central East Zone,NA,Health Centre,-13.88028,34.36721,10594,34861
DA020140,Chakhaza,Central East Zone,NA,Health Centre,-13.44421,33.64676,24117,95031
CK270141,Chama,South East Zone,NA,Clinic,-16.264938,34.868513,37549,68738
KU070142,Vision,Central East Zone,NA,Dispensary,-12.924306,33.776861,13727,53204
MC190143,Chamba,South West Zone,NA,Dispensary,-15.20234,35.42137,33791,100958
ZA230144,Chamba,South West Zone,NA,Health Centre,-15.46571,35.51662,31127,112954
MU210145,Chambe Health Centre,South West Zone,NA,Health Centre,-16.071315,35.482338,48358,152191
CP060146,Chambo,North Zone,NA,Health Centre,-9.94361,33.39795,4461,10717
NT120147,Champiti,Centrals West Zone,NA,Health Centre,-14.90241,34.73185,17934,67021
KU070148,Chamwabvi,Central East Zone,NA,Health Centre,-13.10757,33.68528,11433,45141
ZA230149,Chanco clinic,South West Zone,NA,Clinic,-15.38533,35.33213,129137,203849
CK270150,Chang'ambika,South East Zone,NA,Health Centre,-15.80301,34.30928,9853,31792
ZA230151,Changalume,South West Zone,NA,Health Centre,-15.3896,35.21184,22892,86994
TH310152,Changata,South East Zone,NA,Health Centre,-16.078196,35.061008,43046,151227
DA020153,Chankhungu,Central East Zone,NA,Health Centre,-13.76492,34.01471,19135,74487
CK270154,Erapecha,South East Zone,NA,Clinic,-16.26044,34.86844,37007,67424
CK270155,Mkadana,South East Zone,NA,Clinic,-16.00551,34.48567,14183,25639
CK270157,Chipwaila Health Centre,South East Zone,NA,Health Centre,-16.39842,34.77572,11553,50042
ZA230158,Charity Fellium Private Maternity Clinic,South West Zone,NA,Clinic,-15.38527,35.36156,112248,214781
MC190159,Chapusa,South West Zone,NA,Health Post,-14.94175,35.613673,28185,88202
ZA230160,chavula,South West Zone,NA,Clinic,-15.41083,35.32392,114163,213948
TH310161,Chawone,South East Zone,NA,Dispensary,-16.078196,35.061008,43046,151227
MC010162,Chawezi private clinic,Centrals West Zone,NA,Clinic,-13.827426,33.044326,39139,104543
CP060163,Chendo,North Zone,NA,Health Post,-9.882464,33.410688,5029,15683
KB050164,Chesamu,North Zone,NA,Health Centre,-11.85422,34.01836,1477,8190
LL040165,Chagogo,Centrals West Zone,NA,Clinic,-14.07277,33.83195,78842,641346
DA020166,Chezi Mission Hospital,Central East Zone,NA,Hospital,-13.65,34.04,18232,75000
MZ160167,Chiwanja Pvt,North Zone,NA,Clinic,-11.4509801,34.0117584,190399,228324
MU210168,Chibathi,South West Zone,NA,Health Post,-16.0712505,35.4823584,48387,152211
BT240169,Chichiri ESCOM Clinic,South East Zone,NA,Clinic,-15.79342,35.02444,362344,908289
BT240170,Chichiri Prison Clinic,South East Zone,NA,Clinic,-15.80577,35.03242,361165,913785
NK100171,Chididi,Central East Zone,NA,Health Centre,-13.08573,34.31474,17944,50603
NS300172,Chididi,South East Zone,NA,Health Centre,-16.91495,35.17333,7332,53451
BK170173,chiendausiku,South West Zone,NA,Health Centre,-15.01855,35.07653,14092,58868
NT120174,Chifundo private clinic,Centrals West Zone,NA,Clinic,-14.819312,34.647228,38165,86534
BT240175,Chifundo private clinic,South East Zone,NA,Clinic,-15.77562,34.98003,218164,680393
NE290176,Chifunga Health center,South East Zone,NA,Health Centre,-15.59825,34.69892,2976,13518
BT240177,Chogeli clinic,South East Zone,NA,Clinic,-15.841674,35.044006,270375,731969
NT120178,Chigodi,Centrals West Zone,NA,Health Centre,-14.49194,34.54126,16387,59754
LL040179,Chabisika,Centrals West Zone,NA,Clinic,-13.8803,33.76018,255363,546651
BT240180,Chigumula Clinic,South East Zone,NA,Clinic,-15.89,35.06,62520,445915
KA150181,Chihepusha,North Zone,NA,Health Post,-10.332331,34.110642,14410,42155
NT120182,Chikande,Centrals West Zone,NA,Clinic,-14.77261,34.90768,14556,65657
MZ160184,Chikangawa,North Zone,NA,Health Centre,-11.843327,33.8007455,5815,15419
MG200185,Chikole,South West Zone,NA,Clinic,-14.422,35.38427,14878,59218
NT120186,Chikowa,Centrals West Zone,NA,Health Centre,-14.959023,34.720362,11685,45406
BT240187,Chikowa,South East Zone,NA,Health Centre,-15.67133,34.87172,23378,61179
LL040188,Chizu,Centrals West Zone,NA,Health Centre,-13.72929,33.45821,21791,93881
MU210189,chikuli,South West Zone,NA,Dispensary,-16.052873,35.645496,35797,113027
KU070190,chikumbutso,Central East Zone,NA,Clinic,-13.06516,33.43482,22436,113260
DE030191,Chikuse,Centrals West Zone,NA,Health Centre,-14.15069,34.31881,18338,74191
KA150192,Chikutu,North Zone,NA,Health Post,-9.774048,33.734621,1487,10839
CK270193,Chikwawa,South East Zone,NA,District Hospital,-16.0234699,34.79346,27221,66358
MC190194,Chikweo,South West Zone,NA,Health Centre,-14.7655,35.66691,27785,100061
KB050195,Chikwina,North Zone,NA,Health Centre,-11.39694,34.16973,5519,12225
DE030196,Chilamba,Centrals West Zone,NA,Clinic,-14.356998,34.235692,17443,70160
KB050197,Chilambwe,North Zone,NA,Health Centre,-11.69114,34.31617,13863,40098
BT240198,Chilani,South East Zone,NA,Health Centre,-15.82874,35.00677,235100,806100
NK100199,Chilani,Central East Zone,NA,Clinic,-12.730911,34.170489,13242,30880
LL040200,Child Legacy (Mkanga),Centrals West Zone,NA,Health Centre,-14.0685264,33.472115,26100,109628
BT240202,Chileka,South East Zone,NA,Health Centre,-15.682466,34.970663,30413,247029
LL040203,Chileka,Centrals West Zone,NA,Health Centre,-14.02102,33.38544,34511,114789
BT240204,Malamulo,South East Zone,NA,Health Centre,-15.65986,34.92904,27165,98451
TH310205,Chilengo,South East Zone,NA,Dispensary,-16.136105,35.015899,33122,128673
LL040206,Chilewani,Centrals West Zone,NA,Clinic,-13.90729,33.75061,349171,645341
BT240207,Chirimba,South East Zone,NA,Health Centre,-15.746368,35.022984,337367,705742
RU140208,Chilinda clinic,North Zone,NA,Health Post,-10.59101,33.80605,1,38
LL040209,Chilinde,Centrals West Zone,NA,Clinic,-13.99587,33.81026,596047,1048675
MU210210,chilingwe,South West Zone,NA,Dispensary,-16.004056,35.648588,26952,73732
MG200211,Chilipa,South West Zone,NA,Health Centre,-14.6996,34.9732,18139,61045
ZA230212,Chilipa,South West Zone,NA,Health Centre,-15.32447,35.11715,16560,63431
BT240213,Chilobwe Private Clinic,South East Zone,NA,Clinic,-15.83305,35.00742,236896,784552
LL040214,Chilobwe,Centrals West Zone,NA,Health Centre,-13.85467,33.37439,22704,96954
BT240215,Chilomoni pvt clinic,South East Zone,NA,Clinic,-15.77435,34.98145,225380,689276
BT240216,Chilomoni,South East Zone,NA,Health Centre,-15.77128,34.98156,226081,686975
MG200218,Chilonga,South West Zone,NA,Health Centre,-14.4672204,34.8711754,8073,29964
MZ160219,Chilukwa,North Zone,NA,Health Post,-11.286936,33.821297,7379,34788
KA150220,Chilumba Barracks,North Zone,NA,Health Centre,-10.39021,34.20897,10949,46542
KA150221,Jetty,North Zone,NA,Hospital,-10.43199,34.25193,19892,40670
TH310222,Chimaliro Health Centre,South East Zone,NA,Health Centre,-15.97706,35.18162,54827,169758
LL040223,Ali,Centrals West Zone,NA,Clinic,-13.78326,33.81586,50335,141472
BK170224,Chimatiro,South West Zone,NA,Dispensary,-14.962681,35.023092,16059,106586
LL040225,Chitekwere,Centrals West Zone,NA,Health Centre,-13.9358,34.12567,21193,68062
MC190226,Chimbira,South West Zone,NA,Health Post,-14.601369,35.805155,5436,22870
BT240227,Chimembe,South East Zone,NA,Health Centre,-15.77733,34.88548,11674,105890
DE030228,Chimoto,Centrals West Zone,NA,Health Centre,-14.44268,34.01021,25725,75670
MZ160229,Chimukusa,North Zone,NA,Clinic,-11.91,33.59,38594,63680
TH310230,Chimvu,South East Zone,NA,Health Centre,-15.94198,35.12308,59131,193317
LL040231,Chimwala Health Centre,Centrals West Zone,NA,Clinic,-14.05121,33.79419,335530,872627
MC010232,Chimwankango,Centrals West Zone,NA,Dispensary,-13.40461,32.99357,5441,30157
CR260233,Chimwawa,South East Zone,NA,Health Centre,-15.909166,35.258729,32506,149076
KU070234,Chimwemwe,Central East Zone,NA,Clinic,-12.5670818,33.5113505,22259,63174
ZA230235,Maseko,South West Zone,NA,Dispensary,-15.3816,35.35584,113705,212116
NS300236,Ching'oma,South East Zone,NA,Health Post,-16.999306,35.109333,10000,27007
TH310237,Chingadzi Hospital,South East Zone,NA,Hospital,-15.91842,35.20595,45941,170376
ZA230238,Chingale,South West Zone,NA,Health Centre,-15.39694,35.1808,18335,75161
NT080239,Chinguluwe,Central East Zone,NA,Health Centre,-13.2614988,33.868625,14235,56385
SA090240,Chinguluwe,Central East Zone,NA,Health Centre,-13.66454,34.38503,10265,47704
ZA230241,Chinguma,South West Zone,NA,Health Post,-15.230167,35.800284,1053,1656
BT240242,Chinjobvu clinic,South East Zone,NA,Clinic,-15.73676,35.0192,288092,657433
DA020243,Chinkhwiri,Central East Zone,NA,Health Centre,-13.38557,33.72106,20837,80225
CP060245,Chinsasu,North Zone,NA,Clinic,-9.68485,33.41856,6060,31639
KB050246,Chintheche,North Zone,NA,Hospital,-11.82719,34.16836,17341,40334
NT080247,Chinthembwe,Central East Zone,NA,Health Centre,-13.43326,33.97527,14087,59345
KU070248,Chinyama,Central East Zone,NA,Health Centre,-12.974524,33.797009,13241,54958
MU210249,Chinyama Health Centre,South West Zone,NA,Health Centre,-16.1565351,35.3409743,17910,81675
NT120250,Chiole,Centrals West Zone,NA,Dispensary,-14.79743,34.64265,39133,90557
MC010251,Chioshya,Centrals West Zone,NA,Health Centre,-13.79586,33.17534,23547,78104
TH310252,Chipho,South East Zone,NA,Health Centre,-16.171528,35.110222,41263,141742
DE030253,Chiphwanya,Centrals West Zone,NA,Health Centre,-14.0848458,34.2583098,27893,82911
ZA230254,Chipini,South West Zone,NA,Health Centre,-15.39007,35.09531,15814,63930
SA090255,Chipoka,Central East Zone,NA,Health Centre,-13.98973,34.51545,15941,55037
MC190256,Chipolonga,South West Zone,NA,Clinic,-14.855441,35.685485,28177,94404
MG200257,Chiponde,South West Zone,NA,Dispensary,-14.373385,35.60143,25689,60566
KU070258,Chipulumutso,Central East Zone,NA,Clinic,-13.30101,33.52806,26688,76621
MC010259,Chipumi,Centrals West Zone,NA,Health Centre,-13.62519,33.08151,18495,66720
CP060260,Chipwera,North Zone,NA,Health Post,-9.773001,33.522856,3116,16109
CR260261,Chiradzulu District Hospital,South East Zone,NA,District Hospital,-15.7107196,35.1742529,33905,160596
PH220263,Chiringa,South West Zone,NA,Clinic,-15.7724,35.769676,22305,64788
PH220264,Chiringa CHAM,South West Zone,NA,Health Centre,-15.765692,35.761923,21522,74166
LL040265,Lilongwe private clinic,Centrals West Zone,NA,Clinic,-13.93877,33.7921,322989,1037895
KB050266,Chisala,North Zone,NA,Health Centre,-11.6064929,34.2540704,27498,60766
MU210267,chisambo,South West Zone,NA,Clinic,-16.03822,35.70899,36674,90481
CP060268,Chisenga,North Zone,NA,Health Post,-9.974946,33.389664,4309,12057
DA020269,chisepo,Central East Zone,NA,Health Centre,-13.63492,33.47017,20079,83878
RU140271,Chisimuka,North Zone,NA,Health Centre,-10.76924,33.55751,8140,20288
KU070272,Chinsinga,Central East Zone,NA,Health Centre,-12.622028,33.326917,11409,34706
MU210273,Chisitu,South West Zone,NA,Health Centre,-16.0009921,35.4330321,49123,160585
TH310274,Chisoka Health centre,South East Zone,NA,Health Centre,-15.94181,35.20879,48856,177833
NK100275,Chisomo,Central East Zone,NA,Clinic,-12.627012,34.169701,13872,28270
TH310276,Chisomo Dental Clinic.,South East Zone,NA,Clinic,-16.01,35.31,52048,171188
DE030277,Chisomo,Centrals West Zone,NA,Clinic,-14.384728,34.319712,28944,70140
MC190279,Chisuwi,South West Zone,NA,Health Post,-14.968767,35.45754,24433,79535
SA090280,Chitala,Central East Zone,NA,Health Centre,-13.67161,34.27174,16913,63469
BT240281,Gombwa,South East Zone,NA,Hospital,-15.81293,35.02274,301456,883250
LL040282,Chitedze,Centrals West Zone,NA,Health Centre,-13.97684,33.64529,35750,278638
PH220283,Chitekesa,South West Zone,NA,Health Centre,-15.5521738,35.611432,28159,88235
BT240284,Chitekwe Arthur D. Arthur Gar,South East Zone,NA,Clinic,-15.83626,35.09193,193901,628394
LL040285,Chitekwele,Centrals West Zone,NA,Health Post,-13.968615,34.096079,32918,98512
CR260286,Chitera,South East Zone,NA,Health Centre,-15.60646,35.12306,28442,117671
MC010287,Chitete,Centrals West Zone,NA,Clinic,-13.54479,33.17579,26493,64433
TH310289,chithebe dispensary,South East Zone,NA,Dispensary,-16.00218,35.01294,43692,150801
KB050290,Chitheka,North Zone,NA,Health Centre,-11.6080989,34.3016984,22752,52830
CK270291,Chithumba Health Centre,South East Zone,NA,Health Centre,-15.80369,34.47629,12655,46198
RU140292,Chitimba,North Zone,NA,Health Centre,-10.59808,34.17026,8104,25582
CP060293,Chitipa,North Zone,NA,District Hospital,-9.70159,33.2659,39538,58158
DE030294,Chitowo,Centrals West Zone,NA,Health Centre,-14.22584,34.03961,29250,115631
MC190295,Chitundu,South West Zone,NA,Health Post,-14.915042,35.650339,23715,89392
MG200296,Chiumbangame,South West Zone,NA,Dispensary,-14.31739,35.55721,16625,67939
MG200297,Chiunda,South West Zone,NA,Clinic,-14.7778842,35.4392003,22792,65652
LL040298,Chiunjiza,Centrals West Zone,NA,Health Centre,-14.24322,33.4013,334,7711
LL040299,Chiwamba,Centrals West Zone,NA,Health Centre,-13.8571,33.92926,29337,106680
NT120300,Kanandi Private Clinic,Centrals West Zone,NA,Clinic,-14.7772,34.56924,12186,60025
LL040301,Chiwe,Centrals West Zone,NA,Health Centre,-13.90738,33.39862,24189,94728
CP060302,Chiweta,North Zone,NA,Health Post,-9.646359,33.246835,8136,55014
LL040303,Chiwoza,Centrals West Zone,NA,Health Centre,-14.13,33.72,35297,146033
KA150304,Chiza,North Zone,NA,Clinic,-10.4556943,34.2099356,28293,58968
DE030305,Vizimba Clinic,Centrals West Zone,NA,Clinic,-14.37657,34.33303,30843,77033
DA020306,Chizolowondo,Central East Zone,NA,Health Centre,-13.46336,33.51328,11322,53479
KB050307,St. Marys,North Zone,NA,Clinic,-12.03,34.62,102,102
MZ160308,Chololo,North Zone,NA,Health Post,-11.014233,33.972657,11898,37571
MZ160309,Choma,North Zone,NA,Health Centre,-11.31318,33.99327,5207,25146
KB050310,Chombe,North Zone,NA,Dispensary,-11.64771,34.21214,14490,55935
MU210311,Chonde,South West Zone,NA,Hospital,-15.99708,35.32333,48483,167175
LL040312,Chonde,Centrals West Zone,NA,Clinic,-13.99455,33.80908,591883,1063261
DE030313,Chongoni,Centrals West Zone,NA,Dispensary,-14.31971,34.26677,14920,72518
KU070314,Chulu,Central East Zone,NA,Health Centre,-12.82192,33.30816,10115,27996
LL040315,City Health Assembly,Centrals West Zone,NA,Clinic,-13.98931,33.77082,495446,1171011
LL040316,City centre Clinic,Centrals West Zone,NA,Health Post,-13.95666,33.7839,362307,1232215
ZA230317,Manicipality,South West Zone,NA,Clinic,-15.39072,35.32416,127251,202779
ZA230318,Barracks,South West Zone,NA,Hospital,-15.39094,35.30534,98236,196856
BT240320,Come Again,South East Zone,NA,Unclassified,-15.790118,35.085924,224531,803792
BK170321,Andiamo,South West Zone,NA,Health Centre,-15.00318,34.95244,58703,110987
ZA230322,Mpinganjira,South West Zone,NA,Clinic,-15.32402,35.39372,37045,154845
KB050324,Cumnock,North Zone,NA,Clinic,-11.52705,34.08482,5290,59860
LL040325,Deayang,Centrals West Zone,NA,Hospital,-13.87684,33.80867,116835,498142
BT240326,Dalirani Private Clinic,South East Zone,NA,Clinic,-15.82529,35.08039,244245,719524
DA020327,Dalitso,Central East Zone,NA,Clinic,-13.42237,33.60932,30657,83352
RU140329,Livingstonia,North Zone,NA,Clinic,-10.6036335,34.1109092,8375,21318
LL040330,David Livingston,Centrals West Zone,NA,Health Post,-13.98173,33.78813,495228,1173378
BT240331,Steve Gamgata,South East Zone,NA,Dispensary,-15.41515933,34.59599327,11956,40089
DE030333,Banja la mtsogolo,Centrals West Zone,NA,Clinic,-14.37625,34.33035,30846,76684
DE030334,Dedza District Hospital,Centrals West Zone,NA,District Hospital,-14.38596,34.33547,28647,72903
DE030335,Dedza Private Clinic,Centrals West Zone,NA,Unclassified,-14.386667,34.34323,28648,73690
MU210336,Demule,South West Zone,NA,Health Post,-15.9629283,35.4800095,32865,118331
NK100338,Destiny,Central East Zone,NA,Clinic,-12.508526700000001,34.1120499,26712,54757
LL040339,Diamphwe,Centrals West Zone,NA,Health Centre,-14.13232,34.08124,30840,122514
LL040340,Dickson,Centrals West Zone,NA,Health Centre,-14.26626,33.65885,25179,82885
LL040341,Discovery clinic,Centrals West Zone,NA,Clinic,-13.95818,33.79159,347198,1213149
NT120344,Tambala,Centrals West Zone,NA,Health Centre,-14.929733,34.598272,13918,26269
CK270345,Dolo,South East Zone,NA,Health Centre,-16.55349,34.92423,18870,64042
ZA230347,Ginisi,South West Zone,NA,Hospital,-15.28099,35.39935,37938,114851
LL040348,Dopa,Centrals West Zone,NA,Clinic,-13.88647,33.75712,282172,581491
NT120349,Doviko,Centrals West Zone,NA,Dispensary,-15.0822,34.59094,13393,35534
DA020350,Dowa DHO,Central East Zone,NA,District Hospital,-13.65432,33.93625,24178,85407
MZ160351,Dowela,North Zone,NA,Clinic,-11.8988046,33.5940851,38701,62680
LL040352,Ghumra,Centrals West Zone,NA,Clinic,-13.98907,33.77412,505737,1170258
BT240353,Chilemba,South East Zone,NA,Clinic,-15.7864,35.0008,389733,817646
BT240354,Dr. Dzinyemba,South East Zone,NA,Clinic,-15.78609,35.00663,405284,848488
LL040355,Lorgat,Centrals West Zone,NA,Clinic,-13.99049,33.77638,526424,1163662
MZ160357,Dr. Msachi,North Zone,NA,Clinic,-11.457783,34.0171355,185626,226020
BT240358,Dr. Kidys,South East Zone,NA,Hospital,-15.78662,35.00755,405570,853552
BT240359,kampondeni,South East Zone,NA,Hospital,-15.81641,35.06629,300944,814746
NK100360,Dwambazi,Central East Zone,NA,Hospital,-12.23405,33.99194,13141,27379
NK100361,Banja lamtsogolo,Central East Zone,NA,Clinic,-12.50975,34.1121,26556,54632
NK100362,Cane growers Clinic,Central East Zone,NA,Clinic,-12.52114,34.1191,25459,53462
KU070363,Dwangwa,Central East Zone,NA,Dispensary,-12.88142,33.4537,10195,44368
LL040364,Dzabwa,Centrals West Zone,NA,Health Post,-14.101941,33.568143,23628,106851
LL040365,Kapombeza,Centrals West Zone,NA,Health Centre,-14.24936,33.44469,995,10833
DA020366,Dzaleka,Central East Zone,NA,Health Centre,-13.66168,33.87042,33451,99910
MU210367,Dzenje,South West Zone,NA,Health Centre,-16.1170073,35.4056002,22829,100963
LL040368,ku mission,Centrals West Zone,NA,Health Centre,-13.87598,33.74689,216284,511262
TH310369,DiDi,South East Zone,NA,Health Centre,-16.06096,34.98999,38482,136545
TH310370,Dzimbiri Health Post,South East Zone,NA,Health Post,-16.10202,34.99722,37528,134263
DE030371,Dzindevu,Centrals West Zone,NA,Health Centre,-14.20004,34.35998,17787,60693
BT240373,Dziwe,South East Zone,NA,Health Centre,-15.56369,34.88038,9415,42185
NT120374,Dzonzi Mvai,Centrals West Zone,NA,Dispensary,-14.94827,34.64306,9803,36706
DA020375,Dzoole,Central East Zone,NA,Health Centre,-13.58537,33.66156,23267,100974
NT120376,Dzunje,Centrals West Zone,NA,Health Centre,-14.80787,34.73608,21627,87848
BT240377,Ebenezer private clinic,South East Zone,NA,Clinic,-15.746697,35.020051,343104,704844
MZ160378,Edingeni,North Zone,NA,Hospital,-12.04072,33.31295,8981,23471
MZ160379,Ehehleni,North Zone,NA,Dispensary,-12.2621,33.58912,9091,39008
NT120380,EKARI,Centrals West Zone,NA,Clinic,-14.81,34.63,36969,82324
MU210381,Ekhamuno,South West Zone,NA,Health Post,-16.0675917,35.46262,45966,155176
MZ160382,Ekwaiweni,North Zone,NA,Dispensary,-11.42309,33.89766,12348,80232
MZ160383,Ekwendeni near Market,North Zone,NA,Hospital,-11.37156,33.88342,22840,54564
BT240384,El_ Barakah Private clinic,South East Zone,NA,Clinic,-15.68337,34.96584,28542,240561
MU210385,Eldorado,South West Zone,NA,Clinic,-16.06679,35.6139,37605,117269
BT240386,Elim Private Clinic,South East Zone,NA,Clinic,-15.8188,35.01231,252255,848787
CP060387,Elizabeth Glazer Private Clinic,North Zone,NA,Clinic,-9.7,33.27,40118,59392
MZ160388,Embangweni,North Zone,NA,Hospital,-12.136617,33.4766982,15201,45651
MZ160389,Emfeni,North Zone,NA,Health Centre,-12.59406,33.60976,11643,45770
MZ160390,Emsizini,North Zone,NA,Health Centre,-11.44435,33.82485,10795,43872
MZ160391,Endindeni,North Zone,NA,Health Centre,-11.75818,33.5561,6729,31268
MZ160392,Engucwini,North Zone,NA,Health Centre,-11.19761,33.82314,12244,42672
MZ160393,Enukweni,North Zone,NA,Health Centre,-11.18005,33.88592,17924,44374
LL040394,Escom,Centrals West Zone,NA,Clinic,-13.99195,33.77192,519364,1160610
MZ160395,Escom,North Zone,NA,Clinic,-11.4629863,34.0228251,179683,223701
MU210396,esparanza,South West Zone,NA,Clinic,-16.03395,35.50475,45736,144096
MZ160397,Euthini,North Zone,NA,Hospital,-11.4583127,33.4195575,16230,47987
NK100399,F and M Private Clinic,Central East Zone,NA,Clinic,-13.084364,34.304863,17913,51372
CP060400,Family Choice Private Clinic,North Zone,NA,Clinic,-9.7016717,33.2702792,40015,59351
BT240401,Family Health clinic,South East Zone,NA,Clinic,-15.802603,35.051349,384174,926827
LL040402,Family healthcare Private clinic,Centrals West Zone,NA,Clinic,-13.98652,33.79807,551238,1141294
DA020403,FPAM,Central East Zone,NA,Dispensary,-13.65834,33.93289,24523,87030
NT120405,FPAM,Centrals West Zone,NA,Clinic,-14.80935,34.62561,36325,80462
NT080406,Fancy Private Clinic,Central East Zone,NA,Clinic,-13.35325,33.9191,29092,72838
MC010407,Fanuel,Centrals West Zone,NA,Dispensary,-13.304354,33.036303,2282,11160
MU210409,Fomo,South West Zone,NA,Clinic,-16.00603,35.48167,45349,142739
LL040410,Fpam,Centrals West Zone,NA,Health Post,-11.4026067,34.0020121,91822,227244
LL040411,Kawale FPAM,Centrals West Zone,NA,Clinic,-13.99076,33.79949,587266,1117394
DA020412,Mtengowanthenga,Central East Zone,NA,Hospital,-13.6714609,33.7762569,24916,109081
KA150413,Fulirwa,North Zone,NA,Health Centre,-10.44772,34.11211,9555,34673
CK270414,Gaga,South East Zone,NA,Health Centre,-15.80678,34.36487,15067,48104
LL040415,Kachi,Centrals West Zone,NA,Clinic,-13.94267,33.77807,360144,1103766
NT120416,Ganya,Centrals West Zone,NA,Health Centre,-14.60964,34.61808,22332,67535
BT240417,Gateway Dispensary,South East Zone,NA,Dispensary,-15.804572,35.017828,358752,892411
BT240418,Gatrad Mahomed I,South East Zone,NA,Hospital,-15.78707,35.00625,404495,848929
MC190419,Gawanani,South West Zone,NA,Health Centre,-15.2238,35.20293,15279,51546
LL040420,Gika Clinic,Centrals West Zone,NA,Clinic,-13.8965,33.76435,312847,632027
BT240422,Girach,South East Zone,NA,Hospital,-15.78721,35.00488,402829,842759
MU210423,Glenorchy,South West Zone,NA,Clinic,-15.9833,35.48386,38197,126400
BT240424,GM Opticals,South East Zone,NA,Clinic,-15,35,43122,107503
LL040425,Gobede,Centrals West Zone,NA,Clinic,-14.13588,33.94554,35534,141807
KU070427,chione,Central East Zone,NA,Clinic,-12.6993823,33.4917704,18192,58505
KU070428,Gogode,Central East Zone,NA,Dispensary,-12.88773,33.56134,9925,37298
CK270429,Gola,South East Zone,NA,Health Centre,-15.883962,34.299339,3645,14297
DE030430,Golomoti,Centrals West Zone,NA,Health Centre,-14.41303,34.60092,24602,56686
TH310431,Gombe,South East Zone,NA,Health Centre,-16.37,35.23,28034,89206
KA150432,Kasangamale,North Zone,NA,Health Post,-10.402957,34.134781,8892,45630
LL040433,Good Health,Centrals West Zone,NA,Dispensary,-13.94332,33.82,169205,1021308
LL040434,Good Hope,Centrals West Zone,NA,Dispensary,-13.92069634,33.74781132,360998,709943
TH310435,Gotha Dispensary,South East Zone,NA,Dispensary,-16.09239,35.19011,27157,138150
TH310436,Gotha Estate Clinic,South East Zone,NA,Clinic,-15.77213,35.76965,22293,64895
NT120437,Gowa,Centrals West Zone,NA,Health Centre,-14.69906,34.59001,18114,72863
MZ160438,Gowoka,North Zone,NA,Health Post,-11.518401,33.626397,6793,32191
CK270439,Grecious,South East Zone,NA,Clinic,-16.26,34.87,37822,67225
MC010441,Gumba,Centrals West Zone,NA,Dispensary,-13.42125,33.11137,11164,42646
LL040442,Gwaza,Centrals West Zone,NA,Clinic,-14.00656,33.76453,505971,1070192
ZA230443,H Parker,South West Zone,NA,Health Centre,-15.29912,35.36092,24558,116675
MG200444,H.M.C Private Clinic,South West Zone,NA,Clinic,-14.22,35.03,14931,29951
TH310445,Ntambanyama,South East Zone,NA,Health Centre,-16.12668,35.08457,39586,149821
KA150446,Bundi,North Zone,NA,Dispensary,-10.48876,34.16939,21497,56284
BT240447,Hasco Clinic,South East Zone,NA,Clinic,-15.77738,35.00621,388233,817095
BT240448,Healing Hearts,South East Zone,NA,Clinic,-15.709567,35.071315,84795,504700
BT240449,Henred,South East Zone,NA,Clinic,-15.78901,35.03458,353085,917895
TH310450,Hiwa Clinic,South East Zone,NA,Clinic,-15.92686,35.08661,56167,232469
LL040451,Dr Hiwa,Centrals West Zone,NA,Clinic,-13.97345,33.77328,403554,1220729
MZ160452,Hoho,North Zone,NA,Health Centre,-12.27815,33.6864,7695,27706
PH220453,Banja loyera,South West Zone,NA,Hospital,-15.8247969,35.6190439,38152,103238
CK270455,Hope,South East Zone,NA,Dispensary,-16.106218,34.832659,22506,83140
LL040457,Area 36 private clinic,Centrals West Zone,NA,Dispensary,-14.01825,33.77906,535626,1018810
ZA230458,Hunger,South West Zone,NA,Clinic,-15.500005,35.470979,31015,119085
CK270459,Hunger Clinic,South East Zone,NA,Health Centre,-16.27045,34.86368,36252,70214
MG200460,Iba dispensery,South West Zone,NA,Clinic,-14.2427791,35.3944457,10263,41686
CP060461,Ifumbo,North Zone,NA,Health Centre,-9.60436,33.40495,8028,21901
CP060462,Ighughu,North Zone,NA,Health Post,-9.673396,33.496793,8464,23015
KU070464,Internals,Central East Zone,NA,Clinic,-12.92744,33.79616,15382,57181
KA150465,Iponga,North Zone,NA,Health Centre,-9.6462311,33.8126995,11260,35300
MC010466,ITES,Centrals West Zone,NA,Clinic,-13.7951,32.89124,34458,64133
CP060467,Itulo,North Zone,NA,Clinic,-9.6780572,33.595689,4541,17047
CP060468,Iyela,North Zone,NA,Clinic,-9.686101,33.294537,40163,65669
MG200469,Jalasi,South West Zone,NA,Clinic,-14.3628546,35.4426129,29672,78087
RU140470,Jalawe,North Zone,NA,Health Centre,-10.73052,34.16172,8841,20625
MZ160471,Jenda,North Zone,NA,Health Centre,-12.35206,33.54755,16564,41277
TH310472,Jeofia Private Clinic,South East Zone,NA,Clinic,-16.00758,35.30825,51797,171481
BT240473,Medicare,South East Zone,NA,Clinic,-15.78671,35.00799,405701,855480
LL040474,Jti Leaf Clinic,Centrals West Zone,NA,Dispensary,-13.8898,33.80487,178692,592211
CP060476,Joy Private Clinic,North Zone,NA,Clinic,-9.7046383,33.2749897,40134,60424
MC010477,Jumpha,Centrals West Zone,NA,Clinic,-13.92459,33.22757,23056,80139
LL040478,Kabota,Centrals West Zone,NA,Clinic,-13.87567,33.75477,227350,517992
LL040479,Kabudula,Centrals West Zone,NA,Hospital,-13.81972,33.44838,27497,98834
MZ160480,Kabuwa,North Zone,NA,Health Centre,-12.51726,34.07395,20635,47342
MZ160481,Kabwafu,North Zone,NA,Health Centre,-11.30869,33.52556,4276,23234
LL040482,Kachepa,Centrals West Zone,NA,Clinic,-14.00913,33.81687,574032,914897
LL040483,kachere,Centrals West Zone,NA,Clinic,-14.00511,33.81734,569825,925020
KB050484,Kachere,North Zone,NA,Health Centre,-11.606664,34.2536593,27419,60836
BT240485,Kachere Rehabilitation,South East Zone,NA,Hospital,-15.80339,35.01819,366853,894489
DE030487,Kachindamoto,Centrals West Zone,NA,Health Post,-14.2143955,34.5529965,25551,68912
MG200488,Kadango,South West Zone,NA,Clinic,-14.060711,35.186208,11413,24909
TH310489,Kadango Private Clinic.,South East Zone,NA,Clinic,-16.00683,35.31009,51427,171131
BT240490,Kadidi,South East Zone,NA,Health Centre,-15.66083,35.02212,44627,212168
DE030491,Kafere,Centrals West Zone,NA,Health Centre,-14.43168,33.71746,14856,37648
LL040492,Kafodya,Centrals West Zone,NA,Clinic,-14.0154,33.78389,570608,1033447
MZ160493,Kafukule,North Zone,NA,Health Centre,-11.4575,33.63395,10376,31796
MC010494,Kaigwazanga,Centrals West Zone,NA,Health Centre,-13.62678,32.92836,14618,47979
CK270495,Kakoma,South East Zone,NA,Health Centre,-16.09819,34.62398,16579,33657
NS300496,Kalemba,South East Zone,NA,Health Centre,-16.57572,35.11207,25125,60754
BK170497,Kalembo,South West Zone,NA,Health Centre,-14.84268,35.17081,31139,77270
KU070498,Kalikene,Central East Zone,NA,Clinic,-13.0389,33.48138,73075,114752
MZ160499,Kalikumbi,North Zone,NA,Health Centre,-12.2038,33.33352,8914,30640
NT120500,Kalimanjira,Centrals West Zone,NA,Health Centre,-14.866774,34.90896,20603,73512
PH220502,Kalinde,South West Zone,NA,Health Centre,-15.67212,35.728338,30970,107252
CP060503,Near Kalira school,North Zone,NA,Health Post,-9.575143,33.312223,6749,30942
TH310504,Luchenza Private clinic,South East Zone,NA,Clinic,-16.00796,35.30939,51691,171288
NT120505,Kaloga,Centrals West Zone,NA,Clinic,-14.90706,34.58044,12656,25729
BT240506,Kalong - Limbe,South East Zone,NA,Hospital,-15.80902,35.05916,359135,897478
DE030507,Kalulu,Centrals West Zone,NA,Health Centre,-13.99695,34.19753,11175,63972
KU070509,Kaluluma,Central East Zone,NA,Hospital,-12.57759,33.51859,21773,63803
LL040510,Tachira,Centrals West Zone,NA,Clinic,-14.01916,33.72849,218160,928963
MZ160511,Kamanda,North Zone,NA,Health Post,-11.149343,34.032283,518,4852
NK100512,Hossana clinic,Central East Zone,NA,Clinic,-12.92861,34.28305,42713,70612
LL040513,Kamatenda pvt clinic,Centrals West Zone,NA,Clinic,-14.00752,33.82203,526770,880241
LL040514,Kambanizithe,Centrals West Zone,NA,Health Post,-14.354443,33.710991,19811,77621
MU210515,Kambenje,South West Zone,NA,Health Centre,-15.85308,35.56394,28381,90758
NT120516,Kambilonjo,Centrals West Zone,NA,Clinic,-14.935073,34.589779,12358,24793
LL040517,Kambiya,Centrals West Zone,NA,Clinic,-13.82433,33.44662,27275,99621
KU070518,Kamboni,Central East Zone,NA,Health Centre,-13.30759,33.18189,5570,25183
CP060519,Kameme,North Zone,NA,Health Centre,-9.54425,33.13134,7163,23043
LL040520,Kims,Centrals West Zone,NA,Clinic,-13.99003,33.77382,512863,1167110
NT120521,Kampanje,Centrals West Zone,NA,Health Centre,-14.59947,34.58684,21506,57344
NS300522,Kamphata,South East Zone,NA,Health Post,-17.0468,35.21658,19973,54489
LL040523,Kamphoni,Centrals West Zone,NA,Health Post,-14.31496,33.634283,18408,56922
LL040524,Kampini,Centrals West Zone,NA,Health Post,-14.29642,33.783076,34039,118775
NT080525,Kamsonga,Central East Zone,NA,Health Centre,-13.2745621,33.7993437,16862,66184
MZ160526,Kamteteka,North Zone,NA,Health Centre,-11.83649,33.35892,10199,31429
KU070527,Kamuzu Academy clinic,Central East Zone,NA,Clinic,-13.02938,33.68843,13059,41032
LL040528,Kamuzu Barracks,Centrals West Zone,NA,Hospital,-13.98131,33.82105,430643,1000473
LL040529,Central,Centrals West Zone,NA,Central Hospital,-13.97639,33.78512,435580,1193622
MZ160530,Kamwe,North Zone,NA,Health Centre,-11.10265,33.78911,7449,33612
MU210531,Kamwendo,South West Zone,NA,Health Post,-15.674962,35.476907,21690,87917
DE030532,Mdeza,Centrals West Zone,NA,Dispensary,-13.487476,33.92326,15446,70981
KB050533,Kande,North Zone,NA,Health Centre,-11.93641,34.10944,13673,35179
NT120534,Kandeu,Centrals West Zone,NA,Health Centre,-14.60262,34.61621,21778,67542
LL040535,Kanengo Tobacco and Processors Clinic,Centrals West Zone,NA,Clinic,-13.902,33.80639,214900,654489
LL040536,Kang'oma,Centrals West Zone,NA,Health Centre,-13.97817,33.88219,34405,544039
NT080537,Songeya,Central East Zone,NA,Health Centre,-13.37046,34.07048,17287,52034
BT240539,Kanjedza Medical Clinic,South East Zone,NA,Clinic,-15.81,35.05,377324,912866
BT240540,Kanjeza Police dispensary,South East Zone,NA,Dispensary,-15.815721,35.048525,340224,888870
BK170541,Kankao,South West Zone,NA,Health Centre,-15.05425,34.92264,15739,94249
DE030542,Kanyama,Centrals West Zone,NA,Health Centre,-14.24015,34.32356,23263,70933
CP060543,Kanyenjere,North Zone,NA,Health Post,-9.762793,33.417264,8330,32668
DE030544,Kanyerere,Centrals West Zone,NA,Health Post,-13.966356,34.226041,6647,36060
MG200545,Stuka Private Clinic,South West Zone,NA,Clinic,-14.48245,35.26128,81060,131317
DE030546,Kanyezi,Centrals West Zone,NA,Health Centre,-14.31391,33.95303,31723,110803
DA020547,Kanyika,Central East Zone,NA,Clinic,-13.54849,33.7421,44328,119810
NS300548,Kanyimbi,South East Zone,NA,Health Post,-16.69453,34.967,2013,5691
MZ160549,Kanyunya,North Zone,NA,Clinic,-12.35,33.55,16807,41739
NK100550,Kaongozi,Central East Zone,NA,Dispensary,-12.43665,34.04998,10876,42695
MZ160552,Kapangamawe,North Zone,NA,Health Post,-11.449527,33.680755,7906,34993
KU070553,Kapelula,Central East Zone,NA,Health Centre,-12.87767,33.87086,18152,54886
CP060554,Kapenda,North Zone,NA,Health Centre,-9.49394,33.24911,6865,22584
BT240556,Kapeni Dream Centre,South East Zone,NA,Clinic,-15.62,35.01,37104,116809
NT120557,Kapeni,Centrals West Zone,NA,Clinic,-15.00511,34.77059,14198,45175
DE030558,Kapesi,Centrals West Zone,NA,Clinic,-14.393757,34.325533,26438,66156
SA090559,Mission,Central East Zone,NA,Health Centre,-13.76222,34.38418,29898,109632
DE030560,Kaphuka,Centrals West Zone,NA,Health Centre,-14.16013,34.19001,24981,94687
CK270561,Egenco Clinic,South East Zone,NA,Clinic,-15.894817,34.757519,2933,12494
NK100562,Kapiri,Central East Zone,NA,Health Centre,-13.21616,34.31136,23068,57137
MG200563,Kapire,South West Zone,NA,Clinic,-14.7858459,34.9994469,16732,63635
MC010564,Our Lady of Mount Carmel,Centrals West Zone,NA,Hospital,-15.556,35.8193,19189,40423
CP060565,Kapoka,North Zone,NA,Health Post,-9.780792,33.453954,7706,24859
KA150566,Kibwe,North Zone,NA,Hospital,-9.76756,33.87466,31699,81766
DA020567,kaputalambwe,Central East Zone,NA,Health Post,-13.7653091,33.898449,21424,115980
KU070568,Kapyanga,Central East Zone,NA,Health Centre,-12.82384,33.78842,8363,30301
KA150569,BLM,North Zone,NA,Clinic,-9.9402745,33.9242761,65443,101560
KA150570,Chaboma,North Zone,NA,District Hospital,-9.95545,33.91113,65057,103489
CP060571,Karopa,North Zone,NA,Health Post,-10.216613,33.650444,4220,17638
KU070572,Kasalika,Central East Zone,NA,Health Centre,-13.03985,33.49866,71720,113046
KU070573,Kasalika Private Clinic,Central East Zone,NA,Clinic,-13.03522,33.49927,71376,112253
BT240574,Kasamba Private Clinic,South East Zone,NA,Clinic,-15.84,35.09,195600,619779
RU140575,Kasambala,North Zone,NA,Clinic,-10.77593,34.03908,6814,17929
NK100576,Kasasa,Central East Zone,NA,Clinic,-12.53753,34.11818,18605,51945
TH310577,Kasembereka Dispensary,South East Zone,NA,Dispensary,-16.12131,35.09902,36981,149625
DA020578,Kasese,Central East Zone,NA,Health Centre,-13.33338,33.57629,17320,83698
CP060579,Kaseye,North Zone,NA,Hospital,-9.6665615,33.3740432,8538,37560
DE030580,Kasina,Centrals West Zone,NA,Health Centre,-14.143,34.13183,30212,116270
NT120581,Kasinje,Centrals West Zone,NA,Health Centre,-14.52315,34.67642,23035,57547
CK270582,kasinthula,South East Zone,NA,Dispensary,-16.07416,34.81651,29183,85676
NK100583,Seventh day,Central East Zone,NA,Health Centre,-12.30938,34.0343,11058,30328
LL040584,ZMK medical centre,Centrals West Zone,NA,Clinic,-13.97668,33.7513,315330,1202864
KA150585,Kasoba,North Zone,NA,Health Centre,-9.87355,33.86972,24709,106362
RU140586,Kasonkhwe clinic,North Zone,NA,Health Post,-10.733449,34.0789,4407,21467
KU070587,BLM,Central East Zone,NA,Clinic,-13.04309,33.47858,73514,115545
KU070588,Kasungu,Central East Zone,NA,District Hospital,-13.03579,33.48041,72696,114360
KU070590,Kasungu Prison clinic,Central East Zone,NA,Clinic,-13.02095,33.45716,55697,113501
MZ160591,Kaswavipindi,North Zone,NA,Clinic,-11.9006108,33.5944116,38640,62587
SA090592,katawa,Central East Zone,NA,Dispensary,-13.71314,34.31801,14075,64596
LL040593,Katchale,Centrals West Zone,NA,Health Centre,-14.2836,33.90782,28191,111180
MG200594,Katema,South West Zone,NA,Health Centre,-14.5257587,35.0373813,15575,35905
SA090595,Katemela,Central East Zone,NA,Clinic,-13.78493,34.45888,70459,125587
MZ160596,Mission,North Zone,NA,Hospital,-12.34592,33.61421,13925,40950
NK100597,Katimbira,Central East Zone,NA,Health Centre,-12.7571482,34.2177405,12939,37116
KA150598,Katiri,North Zone,NA,Dispensary,-10.0693605,33.8813089,1505,14422
MC010599,Katope,Centrals West Zone,NA,Health Post,-11.074251,34.007405,1962,21061
RU140600,Katowo,North Zone,NA,Hospital,-10.81278,33.52222,15387,29607
NT120601,Katsekera,Centrals West Zone,NA,Health Centre,-15.03336,34.64072,13378,36368
MG200602,Katuli,South West Zone,NA,Health Centre,-14.17962,35.44476,16905,36198
MC010603,Katutula(sawala),Centrals West Zone,NA,Health Post,-13.440388,32.904728,7059,30857
DE030604,Kaundu,Centrals West Zone,NA,Health Centre,-14.29368,34.62839,14583,53296
CP060605,Kavukuku,North Zone,NA,Health Post,-10.275083,33.571761,7430,17988
KB050606,Kavuzi,North Zone,NA,Clinic,-11.67441,34.08166,10283,27759
KB050609,Kawalazi,North Zone,NA,Clinic,-11.64406,34.10983,8927,31543
LL040610,Kawale,Centrals West Zone,NA,Health Centre,-13.99175,33.79757,597155,1117277
LL040611,Kawale clinic,Centrals West Zone,NA,Clinic,-13.99034,33.79717,585128,1125821
KU070612,Kawamba,Central East Zone,NA,Health Centre,-13.29575,33.3393,6997,29411
MZ160613,Kaweche,North Zone,NA,Health Centre,-11.340511,33.8662969,20484,49897
MC190614,Nanyumbu,South West Zone,NA,Dispensary,-14.85468,35.57198,29416,112790
KA150615,Kayelekela,North Zone,NA,Dispensary,-9.970284,33.688526,1847,4778
DA020616,Kayembe,Central East Zone,NA,Health Centre,-13.64256,33.58301,25923,108907
MG200617,Tulame,South West Zone,NA,Clinic,-14.69346,35.17977,18857,46373
MC010618,Kazyozyo,Centrals West Zone,NA,Health Centre,-13.57544,32.86387,8765,36652
LL040620,Khama,Centrals West Zone,NA,Clinic,-14.00916,33.81686,574084,914907
MU210621,Khamalathu,South West Zone,NA,Clinic,-16.10652,35.34491,36673,131771
LL040622,kharodia,Centrals West Zone,NA,Clinic,-13.98924,33.77741,519241,1167111
MU210623,Khaya,South West Zone,NA,Clinic,-15.9890738,35.3945997,40332,171321
CK270624,Khokhwa,South East Zone,NA,Health Post,-16.526844,34.846862,12307,61741
KU070625,Khola,Central East Zone,NA,Health Centre,-13.34447,33.31649,8316,35683
SA090626,Khombedza,Central East Zone,NA,Health Centre,-13.59695,34.31111,27068,82711
KB050627,Nkondowe,North Zone,NA,Health Centre,-11.07281,34.21939,2555,5716
MU210628,Khongoloni,South West Zone,NA,Dispensary,-16.134032,35.530613,28606,79365
LL040629,Khongoni,Centrals West Zone,NA,Health Centre,-13.77451,33.36761,24346,87902
MC190630,Twapochele,South West Zone,NA,Clinic,-14.99535,35.49268,30591,96848
TH310631,Khonjeni health centre,South East Zone,NA,Health Centre,-16.09692,35.27129,40534,147469
MZ160632,Khosolo,North Zone,NA,Health Centre,-12.4402,33.79133,9361,26405
BT240633,"Khuoge, Dane",South East Zone,NA,Clinic,-15.76708,35.07471,274083,825532
NT080634,Iwawe,Central East Zone,NA,Health Centre,-13.43192,33.83367,23203,91255
MG200636,Koche hospital,South West Zone,NA,Hospital,-14.3333683,35.1434685,26343,51739
MC010637,Kochilira,Centrals West Zone,NA,Hospital,-13.78239,33.04385,22935,101162
CP060638,Kopakopa,North Zone,NA,Health Post,-10.138347,33.702798,4687,10472
BT240639,Kotecha Clinic,South East Zone,NA,Clinic,-15.7895,35.08616,223114,801947
KU070640,Mziza,Central East Zone,NA,Health Centre,-13.27941,33.50405,21374,74601
CK270641,Kubalalika,South East Zone,NA,Clinic,-15.90796,34.39405,9524,26639
MG200642,Kukalanga,South West Zone,NA,Health Centre,-14.6373449,35.1800722,12682,36930
TH310643,Kumadzi,South East Zone,NA,Dispensary,-16.1003,35.28876,42324,148894
KU070645,Kumchenga,Central East Zone,NA,Clinic,-12.574862,33.5142678,22017,63879
MW280646,Kunenekude,South East Zone,NA,Health Centre,-15.46467,34.49142,13618,38085
KA150647,Kwambukwa,North Zone,NA,Clinic,-9.94049,33.92423,65442,101559
NT120648,Kwataine,Centrals West Zone,NA,Clinic,-14.839701,34.711143,24333,94145
BK170649,Kwitanda,South West Zone,NA,Clinic,-15.06495,35.093,14041,55861
MG200650,L.M.J Private Clinic,South West Zone,NA,Clinic,-14.29,35.1,20432,49684
BT240651,Lafarge Cement Clinic,South East Zone,NA,Clinic,-15.79231,35.02812,358503,913061
NT120652,Lake View Health Centre,Centrals West Zone,NA,Health Centre,-14.64251,34.55371,13231,53179
ZA230653,Chilombo,South West Zone,NA,Health Centre,-15.4841,35.337,32235,174598
MU210654,Lauderdale,South West Zone,NA,Clinic,-16.04331,35.53515,34928,140882
LL040655,Lemwe health center,Centrals West Zone,NA,Health Centre,-13.89,33.34,25058,95128
ZA230659,Lifelane,South West Zone,NA,Clinic,-15.387836,35.318089,122342,200340
SA090660,Lifeline health centre,Central East Zone,NA,Health Centre,-14.09219,34.54437,22303,43842
MC190661,Lifune,South West Zone,NA,Clinic,-14.69513,35.70615,14411,67836
KU070662,Lifupa,Central East Zone,NA,Clinic,-13.048889,33.146944,8,14
SA090663,Lifuwu,Central East Zone,NA,Health Centre,-13.67915,34.58878,6478,28614
LL040664,Lighthouse,Centrals West Zone,NA,Dispensary,-13.97639,33.78512,435580,1193622
NE290665,ligowe health centre,South East Zone,NA,Health Centre,-15.47368,34.65182,10138,40495
MU210666,Likanga,South West Zone,NA,Clinic,-16.08306,35.58609,35203,115060
ZA230667,Likangala,South West Zone,NA,Health Centre,-15.42787,35.54461,31418,90463
MC190668,Likhonyowa,South West Zone,NA,Health Post,-14.959359,35.790527,9603,27722
LK180669,Chipyera,North Zone,NA,Hospital,-12.0650755,34.73657,6526,6526
NT120670,Likudzi,Centrals West Zone,NA,Clinic,-15.11015,34.82945,6187,25642
LL040671,Ku Mission,Centrals West Zone,NA,Hospital,-14.02683,33.70886,164799,633464
LL040672,Cha City pa ma kesha,Centrals West Zone,NA,Clinic,-14.01331,33.73171,242125,969602
LL040674,City assembly,Centrals West Zone,NA,Clinic,-13.98972,33.77049,497643,1169593
LL040675,Lilongwe Health Clinic - Limbe Muslim,Centrals West Zone,NA,Dispensary,-13.96642,33.76625,342886,1244274
BT240677,Diagnostics,South East Zone,NA,Clinic,-15.81863,35.05639,323328,841650
BT240678,Limbe,South East Zone,NA,Clinic,-15.816967,35.051775,335588,872574
BT240679,Limbe Home Based Care,South East Zone,NA,Clinic,-15.81714,35.05187,334534,870908
BT240680,Limbe Leaf Clinic,South East Zone,NA,Clinic,-15.81361,35.07035,294933,815077
LL040681,Limbe Leaf Private Clinic,Centrals West Zone,NA,Clinic,-13.89319,33.80263,210398,613448
BT240682,limbe Medical Clinic,South East Zone,NA,Clinic,-15.81,35.06,350824,888399
BT240685,LMJ Diagnostic centre,South East Zone,NA,Clinic,-15.82,35.06,307707,816930
BT240686,Limbe Muslim Jamat - Habiba Mussa Clinic,South East Zone,NA,Dispensary,-15.3882832,35.3135438,112770,198974
BT240687,Limbe Muslim Jamat - Kachere,South East Zone,NA,Clinic,-15.81,35.06,350824,888399
BT240688,LMJ,South East Zone,NA,Clinic,-15.81,35.06,350824,888399
BT240689,Limbe Muslim Jamat Limbe,South East Zone,NA,Clinic,-15.82,35.06,307707,816930
BT240690,Hajira,South East Zone,NA,Clinic,-15.78,35.07,284489,898341
MU210693,Limbuli,South West Zone,NA,Clinic,-16.05504,35.72129,40346,78251
LL040694,Lingadzi pvt,Centrals West Zone,NA,Clinic,-13.97384,33.76003,353659,1222330
MU210695,Lingalawe,South West Zone,NA,Clinic,-16.00946,35.48489,44779,143021
KU070696,Linyagwa Health Centre,Central East Zone,NA,Health Centre,-13.14379,33.3005,4663,17267
NT120697,Tachila,Centrals West Zone,NA,Clinic,-14.65106,34.5566,13709,55419
BT240698,Lilangwe,South East Zone,NA,Health Centre,-15.52963,35.02973,25096,82954
KU070699,Lisa,Central East Zone,NA,Clinic,-13.43941,33.39342,17628,52686
NE290700,Lisungwi Community Hospital,South East Zone,NA,Hospital,-15.3954489,34.6531105,14168,40014
KB050701,Liuzi,North Zone,NA,Health Centre,-12.18971,34.01572,8407,20646
RU140702,Khondowe,North Zone,NA,Hospital,-10.60467,34.1109,8406,21358
KU070703,Livwezi,Central East Zone,NA,Health Centre,-12.893461,33.678996,10658,34331
NK100704,St Anne's,Central East Zone,NA,Health Centre,-12.62054,34.16538,13672,27410
MG200705,Chili kumtima,South West Zone,NA,Clinic,-15.06782,35.22473,41899,83809
MC190706,Chilikumtima,South West Zone,NA,Dispensary,-15.06782,35.22473,41899,83809
NT120707,Lizulu,Centrals West Zone,NA,Health Centre,-14.51775,34.46547,12134,32500
DE030708,Lobi,Centrals West Zone,NA,Health Centre,-14.39034,34.07182,28168,107522
KU070709,Lodjwa,Central East Zone,NA,Dispensary,-12.41898,33.52947,9125,27580
MC010711,Ludzi Community hospital,Centrals West Zone,NA,Hospital,-13.75862,32.99271,21786,86963
CP060712,Lufita,North Zone,NA,Health Post,-9.713421,33.356036,12399,63892
KA150713,Lughano,North Zone,NA,Clinic,-9.9386275,33.9212449,67390,102655
MG200714,Lugola,South West Zone,NA,Health Centre,-13.9617583,35.14273,10237,19497
MU210715,Lujeri Health Centre,South West Zone,NA,Health Centre,-15.987206,35.416687,43207,162764
MG200716,Lukoloma,South West Zone,NA,Clinic,-13.834763,35.103171,9952,21609
MG200717,Lulanga,South West Zone,NA,Health Centre,-13.68744,34.91742,15000,39135
NS300718,Lulwe mission,South East Zone,NA,Health Centre,-17.08765,35.11415,7928,21450
LL040719,Chinkhuti,Centrals West Zone,NA,Health Centre,-13.77074,33.80477,52315,133164
LL040720,Lumbadzi Masm,Centrals West Zone,NA,Clinic,-13.75818,33.81183,55058,127955
TH310721,Mdziwika Clinic,South East Zone,NA,Clinic,-15.92153,35.08464,54192,257965
BT240722,Mitsidi,South East Zone,NA,Health Centre,-15.77702,34.96873,175715,593412
BT240723,Lundu,South East Zone,NA,Health Centre,-15.42185,35.01294,20221,69035
ZA230724,Lungazi,South West Zone,NA,Health Post,-15.418725,35.846034,1259,1702
BT240725,Lungu Private Clinic,South East Zone,NA,Clinic,-15.82999,35.07883,241626,709851
MG200726,Lungwena,South West Zone,NA,Health Centre,-14.24501,35.24804,19182,33614
MZ160727,Lunjika,North Zone,NA,Health Centre,-11.71429859,33.6857335,9364,30087
NK100728,Lupachi,Central East Zone,NA,Health Post,-12.318585,33.779585,2388,11603
KA150729,Lupaso,North Zone,NA,Health Post,-9.930017,33.853121,23854,105488
KA150730,Lupembe,North Zone,NA,Health Centre,-10.4889233,34.16902,21436,56147
RU140731,Dukuduku,North Zone,NA,Health Centre,-10.72638,34.04408,6144,19187
MZ160732,Lusangazi,North Zone,NA,Dispensary,-11.49979,33.94291,10786,154829
LK180733,Lusungu,North Zone,NA,Clinic,-12.064708,34.740964,6526,6526
MZ160735,Luviri,North Zone,NA,Health Post,-12.2033,33.665772,7435,23316
MZ160736,Luvwere,North Zone,NA,Dispensary,-11.3889883,33.6728017,6019,26002
MG200737,Luwalika,South West Zone,NA,Health Centre,-14.23797,35.46952,13871,52265
NE290738,Luwani Health Centre,South East Zone,NA,Health Centre,-15.3955218,34.6531907,14172,40018
MU210739,Luwannje Health Post,South West Zone,NA,Health Post,-15.9872824,35.4166259,43205,162822
MZ160740,Luwawa,North Zone,NA,Health Centre,-12.11337,33.71943,1034,6738
MZ160741,LUWEREZI,North Zone,NA,Health Centre,-12.48825,33.64119,13583,36974
RU140742,Luwuchi,North Zone,NA,Health Centre,-10.68353,34.19353,6358,17639
MZ160743,Luzi Near M1 Road,North Zone,NA,Health Centre,-10.99681,33.95583,14368,42194
KB050744,Lwazi Health Centre,North Zone,NA,Health Centre,-11.51864,34.15115,12442,31598
KA150745,Lwezga,North Zone,NA,Health Centre,-9.9548558,33.9116481,65339,103473
SA090746,M & M,Central East Zone,NA,Clinic,-13.77024,34.43795,69079,126901
ZA230747,M'mambo,South West Zone,NA,Health Centre,-15.26264,35.15945,13653,61786
MZ160748,Mabiri,North Zone,NA,Health Centre,-12.2459011,33.4298413,12239,45793
CK270749,Chinyanje,South East Zone,NA,Clinic,-16.0430261,34.7991556,30452,72939
MU210750,Machado,South West Zone,NA,Clinic,-16.02668,35.50529,42515,139308
NT120751,Matchereza,Centrals West Zone,NA,Health Post,-15.20665,34.84761,7397,24578
MC190752,ku District,South West Zone,NA,District Hospital,-15.06229,35.2263,42235,84996
MC190753,Machinga Boma,South West Zone,NA,Health Centre,-15.1773,35.29565,14035,49479
MC190754,Machinga Private Clinic,South West Zone,NA,Clinic,-14.87401,35.52903,32866,99881
ZA230755,Joyce Banda,South West Zone,NA,Health Centre,-15.23666,35.41707,33312,119555
LL040759,Macro,Centrals West Zone,NA,Clinic,-13.99819,33.776,561004,1125979
MZ160760,Macro,North Zone,NA,Clinic,-11.4649,34.00439,181398,228162
MC190761,Madalitso Clinic,South West Zone,NA,Clinic,-14.99319,35.49219,30319,96767
MC010762,Madalitso,Centrals West Zone,NA,Clinic,-13.42256,33.11103,11276,42610
SA090763,Madalitso,Central East Zone,NA,Clinic,-13.78414,34.45409,70943,125968
MG200764,Madalitso Pvt Clinic,South West Zone,NA,Dispensary,-14.1067221,34.9154986,16513,41167
MZ160765,Madede,North Zone,NA,Health Centre,-11.53894,33.29456,6913,20999
BT240766,Madinah social services - Ndirande,South East Zone,NA,Clinic,-15.77621,35.03847,347973,905571
MZ160768,Madise,North Zone,NA,Health Post,-11.263586,33.780672,8014,29043
DA020769,madisi,Central East Zone,NA,Hospital,-13.40712,33.60813,30557,83439
BT240770,Madziabango,South East Zone,NA,Health Centre,-15.9678,34.90825,14611,74765
ZA230771,Maera,South West Zone,NA,Health Centre,-15.50987,35.1315,16579,75125
CK270772,mafale,South East Zone,NA,Dispensary,-16.286443,34.838562,32873,69772
SA090773,MAFCO,Central East Zone,NA,Health Centre,-13.78419,34.60338,15482,50741
TH310774,Mafisi,South East Zone,NA,Clinic,-16.06805,35.25101,39447,169874
KU070775,Mafumphizi,Central East Zone,NA,Health Post,-12.708423,33.437599,11592,57090
NE290776,Magaleta,South East Zone,NA,Health Centre,-15.3951395,34.6539354,14131,39989
MG200777,Maganga,South West Zone,NA,Dispensary,-13.6673082,34.8498272,7633,23344
SA090778,Maganga,Central East Zone,NA,Health Centre,-13.84681,34.5591,23474,69777
ZA230779,Magomero,South West Zone,NA,Health Centre,-15.56147,35.26101,37497,137056
TH310780,Mangunda,South East Zone,NA,Health Centre,-16.02884,35.26166,48318,177922
CP060781,Mahowe,North Zone,NA,Health Centre,-10.183192,33.690349,4801,13064
CK270783,Fema,South East Zone,NA,Clinic,-16.26676,35.06284,25628,97417
MG200786,Makanjira,South West Zone,NA,Health Centre,-13.7152548,35.0473141,20596,43181
TH310787,Makapwa Health Centre,South East Zone,NA,Health Centre,-16.18199,35.27984,26973,100006
BT240788,Makata,South East Zone,NA,Health Centre,-15.62996,35.07964,30413,126497
NS300789,Makhanga,South East Zone,NA,Health Centre,-16.33721,35.09671,18416,74215
BT240790,Makhetha health centre,South East Zone,NA,Health Centre,-15.62996,35.07964,30413,126497
CK270791,Makhwira,South East Zone,NA,Health Centre,-16.19483,35.01065,23111,99364
SA090792,Makiyoni,Central East Zone,NA,Health Centre,-13.58599,34.197,18463,61124
BK170793,Maku private Clinic,South West Zone,NA,Clinic,-14.98521,34.94269,59522,116200
TH310794,Makungwa,South East Zone,NA,Health Centre,-15.901417,34.9625479,37312,181918
ZA230795,Mwakwapala,South West Zone,NA,Health Centre,-15.36938,35.4506,32694,157398
BT240796,Promedence,South East Zone,NA,Clinic,-15.75017,35.0805,219255,643683
TH310798,Dispensory,South East Zone,NA,Clinic,-16.19476,35.10564,44653,142924
MG200800,Malawi Army Marine,South West Zone,NA,Dispensary,-14.073,34.91684,14291,38506
NT080801,Malambo,Central East Zone,NA,Health Centre,-13.21307,33.76244,14732,60359
BT240802,Malamulo day Amina,South East Zone,NA,Clinic,-15.80361,35.07471,277317,845959
TH310803,Malamulo Mission Hospital,South East Zone,NA,Hospital,-16.17155,35.11011,41273,141776
CR260804,Malavi,South East Zone,NA,Dispensary,-15.83686,35.14867,52095,332642
BT240806,Polytechnic,South East Zone,NA,Clinic,-15.80207,35.02718,378393,911589
MG200807,Maldeco Fisheries Clinic,South West Zone,NA,Clinic,-14.3335,35.1492,24982,51500
MG200808,Malembo,South West Zone,NA,Health Centre,-14.236395,34.8251595,11240,30494
LL040809,Malembo health centre,Centrals West Zone,NA,Health Centre,-13.62006,33.41507,21172,75139
MG200810,Maleta,South West Zone,NA,Health Post,-13.92942,35.26355,2910,4797
MC010811,Malewa,Centrals West Zone,NA,Health Post,-13.432241,33.030532,9023,40189
MZ160812,Malidade,North Zone,NA,Health Centre,-11.22926,33.49989,6372,18847
MC190813,Kumalinga moyo,South West Zone,NA,Health Centre,-14.87031,35.5294,33384,100545
LL040814,Malingunde,Centrals West Zone,NA,Health Centre,-14.16887,33.6397,28273,103335
LL040816,Umoyo,Centrals West Zone,NA,Clinic,-14.00077,33.78337,603700,1106233
MG200817,Malombe,South West Zone,NA,Health Centre,-14.6305,35.34912,9254,39389
NT080818,Malomo,Central East Zone,NA,Health Centre,-13.14861,33.83927,18408,56272
NK100819,Malowa,Central East Zone,NA,Health Centre,-13.1816,34.25165,12884,51181
MG200820,Malukula,South West Zone,NA,Health Centre,-14.4435236,35.3559647,22781,71113
KA150821,Malungo,North Zone,NA,Health Post,-9.886358,33.905859,27402,113094
LL040822,Maluwa,Centrals West Zone,NA,Health Centre,-14.26287,33.87364,26840,122508
MG200824,Mama khadija,South West Zone,NA,Clinic,-14.3705396,35.4941945,29439,83211
DA020825,Mamoyo,Central East Zone,NA,Clinic,-13.53532,33.73979,42995,120154
KA150826,Mhone,North Zone,NA,Clinic,-9.9400195,33.924482,65355,101512
MC190827,Mangamba,South West Zone,NA,Health Centre,-14.79145,35.43652,23123,61905
MG200828,Mangochi Banja la mtsogolo,South West Zone,NA,Clinic,-14.48185,35.26157,80943,131534
MG200829,Mangochi district hospital,South West Zone,NA,District Hospital,-14.4817417,35.2645629,80408,132135
CK270830,Mangulenje Health Centre,South East Zone,NA,Health Centre,-16.10534,34.9157,20432,98124
NT120831,Manjawira,Centrals West Zone,NA,Health Centre,-15.00254,34.85709,14957,74889
LL040832,Manjolo,Centrals West Zone,NA,Clinic,-13.99252,33.772,522794,1158219
MZ160833,Kalanga,North Zone,NA,Health Centre,-11.2279004,33.4584974,6787,15698
MZ160834,Manyamula,North Zone,NA,Health Centre,-11.94005,33.43945,12230,49829
NK100835,Manzunga,Central East Zone,NA,Clinic,-12.509885,34.111282,26485,54609
DE030836,Maonde,Centrals West Zone,NA,Health Centre,-14.4057,34.11592,26988,78237
MG200837,Maoni,South West Zone,NA,Health Post,-14.51126,34.997467,11949,34609
TH310839,Mapanga Maternity,South East Zone,NA,Health Centre,-16.03764,35.01675,45256,149815
CK270840,Maperera,South East Zone,NA,Health Centre,-16.10534,34.9157,20432,98124
BT240841,Mapeto,South East Zone,NA,Clinic,-15.79,35.03,356108,913896
MZ160842,Mary Mount,North Zone,NA,Clinic,-11.44262,34.03582,169402,222569
CK270843,Masache,South East Zone,NA,Clinic,-16.27028,34.87344,40328,69741
NT120844,Masasa,Centrals West Zone,NA,Clinic,-14.4334,34.42243,11539,43003
MG200845,Mase,South West Zone,NA,Health Centre,-14.5804702,35.3641221,23451,44353
NS300846,Masenjere,South East Zone,NA,Health Centre,-16.33721,35.09671,18416,74215
LL040847,Masida,Centrals West Zone,NA,Clinic,-13.99477,33.81085,583775,1048264
BT240848,Masm Medi - Limbe,South East Zone,NA,Clinic,-15.812582,35.055045,356800,892747
MZ160849,MASM,North Zone,NA,Clinic,-11.4715261,33.9949023,160428,228824
LL040850,Area 12 Masm clinic,Centrals West Zone,NA,Hospital,-13.9319,33.81007,240598,934945
ZA230851,Masm,South West Zone,NA,Clinic,-15.37823,35.331592,123988,203104
SA090852,Matabwa,Central East Zone,NA,Dispensary,-13.72862,34.61536,21078,34675
NT120853,Matanda,Centrals West Zone,NA,Health Centre,-15.10516,34.66845,11116,44770
NE290854,Matandani Health Centre,South East Zone,NA,Health Centre,-15.33071,34.65321,10277,36664
LL040855,Matapira,Centrals West Zone,NA,Health Centre,-14.01108,33.97509,27537,109959
ZA230856,Matawale,South West Zone,NA,Health Centre,-15.39029,35.35958,118546,215179
NT120857,Matchereza,Centrals West Zone,NA,Clinic,-15.20675,34.8479,7469,24597
DA020858,Matekenya,Central East Zone,NA,Health Centre,-13.564647,34.047714,12429,51236
NK100860,Matiki,Central East Zone,NA,Health Centre,-12.49874,34.15464,24854,49275
ZA230861,Matiya,South West Zone,NA,Health Centre,-15.53371,35.5478,30235,108404
NE290862,Matope Health Centre,South East Zone,NA,Health Centre,-15.3537,34.94732,17365,47840
MZ160863,Matuli,North Zone,NA,Health Centre,-11.48513,33.89613,9095,42763
DE030864,Matumba,Centrals West Zone,NA,Health Centre,-14.37283,33.90594,24790,89165
KB050865,Kambuni,North Zone,NA,Health Centre,-11.73518,34.23514,14955,42283
LL040866,Maula Prison,Centrals West Zone,NA,Clinic,-13.97,33.77,371044,1236376
CR260867,Mauwa,South East Zone,NA,Health Centre,-15.65283,35.2498,36521,139531
ZA230868,Mayaka,South West Zone,NA,Health Centre,-15.57355,35.3728,35173,127130
DE030869,Mayani,Centrals West Zone,NA,Health Centre,-14.09697,34.24281,28743,92438
LL040870,Maziko Private,Centrals West Zone,NA,Clinic,-14.004942,33.8163,578257,937012
DA020871,MBA-Esita,Central East Zone,NA,Clinic,-13.28282,33.68994,16602,61693
LL040872,Mbabvi,Centrals West Zone,NA,Health Centre,-13.92808,33.67087,33410,331462
MZ160873,Mbalachanda,North Zone,NA,Health Centre,-11.35738,33.37133,8272,28278
MG200874,Mbalama,South West Zone,NA,Clinic,-14.71435,35.49846,15229,85971
TH310875,Mbalanguzi Heallth Post,South East Zone,NA,Health Post,-16.250872,35.166657,40571,141222
KU070876,Mbalunji,Central East Zone,NA,Clinic,-12.81406,33.4339,13425,51938
LL040877,Mbang'ombe 2,Centrals West Zone,NA,Health Centre,-14.16945,33.37942,10889,38555
LL040878,Mbang'ombe 1,Centrals West Zone,NA,Health Centre,-13.73673,33.71382,26695,114316
MC190879,Mbanira,South West Zone,NA,Health Post,-14.975262,35.598659,26642,81835
MZ160880,Mbawemi,North Zone,NA,Clinic,-11.892919,33.593268,38821,62928
BT240881,Mbayani health Centre,South East Zone,NA,Clinic,-15.775577,35.000875,377235,785344
BT240882,Mbayani Health Care Clinic,South East Zone,NA,Clinic,-15.765541,35.004675,348273,769960
NS300883,Mbenje,South East Zone,NA,Health Centre,-16.99464,35.22079,25049,71459
BK170884,Mbera,South West Zone,NA,Health Centre,-14.91088,35.05326,18379,61746
DA020885,Mbingwa,Central East Zone,NA,Health Centre,-13.54425,33.51485,18677,66427
MU210886,kwaMbiza,South West Zone,NA,Health Centre,-16.0928127,35.3461829,40358,143887
TH310887,Mboma,South East Zone,NA,Unclassified,-15,35,43122,107503
MC190888,Mbonechera,South West Zone,NA,Dispensary,-14.88932,35.47818,21608,87953
CR260889,Mbulumbuzi,South East Zone,NA,Health Centre,-15.63834,35.15687,34949,131184
TH310890,Germa Private clinic,South East Zone,NA,Clinic,-15.88722,35.06443,70661,447232
LL040892,Mbwatalika,Centrals West Zone,NA,Health Centre,-14.00387,33.5507,31783,121434
NS300893,Mchacha James,South East Zone,NA,Health Post,-16.76255,35.04739,2996,5650
RU140894,Mchenga,North Zone,NA,Clinic,-10.69957,34.14036,6486,22801
KU070895,Mchenga Private Clinic,Central East Zone,NA,Clinic,-12.575035,33.514531,22003,63880
TH310896,Mchima,South East Zone,NA,Health Post,-16.11388,35.14018,35607,136180
CP060897,Mchina,North Zone,NA,Health Post,-10.309487,33.711544,1859,14151
MC010898,Mchinji,Centrals West Zone,NA,District Hospital,-13.80273,32.88716,33615,60657
SA090899,Mchoka,Central East Zone,NA,Health Centre,-13.92593,34.48984,29079,64667
BT240900,Mdeka,South East Zone,NA,Health Centre,-15.46769,34.94236,18918,66830
DE030901,Mdeza,Centrals West Zone,NA,Clinic,-14.2351461,33.967781,29099,117483
KU070902,Mdunga,Central East Zone,NA,Health Centre,-12.9931,33.8519,16373,51762
LL040903,Masm,Centrals West Zone,NA,Clinic,-13.96471,33.77771,361559,1246998
BT240904,City Health Clinic,South East Zone,NA,Clinic,-15.79648,35.00797,384438,866322
MG200906,Melbooh,South West Zone,NA,Clinic,-14.36,35.17,26346,49637
BT240907,Merit Clinic,South East Zone,NA,Clinic,-15.77927,35.04387,338219,917449
CK270909,Mfera,South East Zone,NA,Health Centre,-16.06818,34.86724,30640,92996
DE030910,Mganja,Centrals West Zone,NA,Health Centre,-14.42048,34.52305,9733,63064
MZ160911,Mgoza,North Zone,NA,Health Post,-12.67329,33.831326,6957,18298
MZ160912,Mhalaunda,North Zone,NA,Health Centre,-12.05118,33.46656,12759,40987
RU140914,Mhuju Rural Hospital,North Zone,NA,Hospital,-10.86685,33.99765,11982,32272
TH310916,Mianga Clinic,South East Zone,NA,Clinic,-16.09883,35.07553,39894,150832
RU140917,Kwa Gwamba,North Zone,NA,Clinic,-11.02,33.78,13610,62921
PH220920,Migowi,South West Zone,NA,Health Centre,-15.71922,35.68542,38510,126366
TH310922,Mikolongwe,South East Zone,NA,Health Centre,-15.90149,35.18367,45852,176827
DE030923,Mikondo,Centrals West Zone,NA,Health Centre,-14.44767,33.93951,17667,56214
TH310924,Mikundi,South East Zone,NA,Dispensary,-16.018751,35.125457,14758,166437
MC010925,Mikundi Health Centre,Centrals West Zone,NA,Health Centre,-13.70751,33.13821,19646,74965
ZA230926,Mikuyu,South West Zone,NA,Clinic,-15.41764,35.41968,29228,198472
CR260929,Milepa,South East Zone,NA,Health Centre,-15.68713,35.31818,33013,123785
MU210930,Milonde,South West Zone,NA,Health Centre,-16.1024462,35.4782637,34411,125124
MU210931,Mimosa,South West Zone,NA,Health Centre,-16.08574,35.61263,30252,107261
LL040932,Ming'ongo,Centrals West Zone,NA,Health Centre,-14.07479,33.44838,22363,109567
MU210933,Minimini,South West Zone,NA,Clinic,-16.05676,35.58444,32649,119162
NS300936,Bwangu,South East Zone,NA,Health Post,-16.76255,35.04739,2996,5650
MU210937,Misanjo,South West Zone,NA,Health Post,-16.0882744,35.4762189,41676,143053
CK270939,Misomali Health Centre,South East Zone,NA,Health Centre,-16.03775,34.5372,10150,28450
CP060941,Misuku,North Zone,NA,Health Centre,-9.67977,33.52076,8546,21769
TH310942,Mitengo Health Centre,South East Zone,NA,Health Centre,-16.11123,35.24591,36536,131671
CK270943,Mitondo,South East Zone,NA,Health Post,-16.26884,35.05789,24678,92250
ZA230944,Mitondo,South West Zone,NA,Dispensary,-15.5261,35.48619,30603,111302
LL040945,Mitundu,Centrals West Zone,NA,Hospital,-14.24776,33.77465,47929,140476
DE030946,Mjini,Centrals West Zone,NA,Health Centre,-14.044388,34.238785,19422,74024
MC010947,Mkanda,Centrals West Zone,NA,Health Centre,-13.5146,32.96085,24889,64573
NS300948,Mkango,South East Zone,NA,Clinic,-16.82472,35.30408,12682,26361
LL040949,Mphatso,Centrals West Zone,NA,Clinic,-14.03877,33.71063,165279,573363
KU070950,Mkhota,Central East Zone,NA,Health Centre,-13.56651,33.34348,13293,56983
NT080951,Mkhuzi,Central East Zone,NA,Health Centre,-13.3665599,33.7767254,18915,79446
PH220952,Mkhwayi,South West Zone,NA,Health Centre,-15.61457,35.62787,21969,98913
NK100953,Chisomo Pvt Clinic,Central East Zone,NA,Clinic,-12.50588,34.11234,27006,55035
MZ160954,Mkoma,North Zone,NA,Health Centre,-12.61235,33.7824,8913,26003
MG200955,Mkoma Kamanga Private Clinic,South West Zone,NA,Clinic,-14.08,34.92,13846,34943
MU210956,Nkomaula health centre,South West Zone,NA,Health Centre,-15.7211,35.36672,21783,98660
MG200957,Mkumba,South West Zone,NA,Clinic,-14.5946,35.52517,18610,59412
BT240958,L and A,South East Zone,NA,Clinic,-15.77528,35.04706,339745,915513
MC190959,Mkwepere,South West Zone,NA,Health Centre,-14.60286,35.63635,13407,62416
LL040960,Mkwinda,Centrals West Zone,NA,Health Post,-14.177537,33.748205,35115,148107
LL040961,Mlale,Centrals West Zone,NA,Hospital,-14.23011,33.75658,48698,145492
BT240962,Mlambe,South East Zone,NA,Hospital,-15.64466,35.01733,40953,137726
NT120963,Mlanda,Centrals West Zone,NA,Health Centre,-14.47886,34.45988,13794,42048
DE030964,Mlangali,Centrals West Zone,NA,Health Centre,-14.41322,34.27274,13363,53619
NT120965,Mlangeni,Centrals West Zone,NA,Clinic,-14.67662,34.53672,11471,39953
KA150966,Mlare,North Zone,NA,Health Centre,-10.173157,34.0358777,10309,20046
CP060967,Mulembe,North Zone,NA,Health Centre,-10.061782,33.377912,4646,8255
LL040968,Mlodza Seventhday Clinic,Centrals West Zone,NA,Clinic,-14.007222,33.8175,569623,914946
LL040969,Mlolera clinic,Centrals West Zone,NA,Clinic,-13.95102,33.76703,347955,1197592
NS300970,Mlolo,South East Zone,NA,Health Post,-16.41959,35.1525,22876,61911
MC190971,Mlomba,South West Zone,NA,Dispensary,-15.01903,35.47708,26922,91149
RU140972,Mlowe,North Zone,NA,Health Centre,-10.76429,34.19488,6416,17340
NT120973,Muluma,Centrals West Zone,NA,Dispensary,-14.71894,34.6355,24280,86027
NT080974,Mndinda,Central East Zone,NA,Health Centre,-13.2474,34.05675,9155,39352
LL040975,Ngwangwa,Centrals West Zone,NA,Health Post,-13.842277,33.684124,31540,206149
KU070976,Mnyanja,Central East Zone,NA,Health Centre,-12.722316,33.485857,19625,58094
LL040977,Ministry of Health Clinic,Centrals West Zone,NA,Clinic,-13.94628,33.78859,342383,1132988
TH310978,Molere,South East Zone,NA,Health Centre,-16.21758,35.13552,42089,143507
MC190979,Molipa,South West Zone,NA,Health Post,-15.051421,35.390936,11589,44998
DA020980,Mondwe,Central East Zone,NA,Health Post,-13.49199,33.443872,11861,57011
BT240981,Monekera,South East Zone,NA,Clinic,-15.835334,35.008318,238332,772499
MG200982,Monkey bay Community Hospital,South West Zone,NA,Hospital,-14.0846593,34.9107539,13931,38146
MW280983,MOTAL-ENGIL 301CLINIC,South East Zone,NA,Dispensary,-15.92823,35.07786,54170,229252
NE290984,Mota - Engil Zalewa Clinic,South East Zone,NA,Clinic,-15.41426,34.82429,11697,46606
MZ160986,Moyale,North Zone,NA,Health Centre,-11.4597562,34.0383107,151266,220014
BT240987,Moyo,South East Zone,NA,Clinic,-15.65374,35.02013,42621,175980
MZ160988,Moyo Uwemi,North Zone,NA,Clinic,-12.36,33.55,16723,40129
MU210989,kwa Gunde,South West Zone,NA,Health Centre,-16.1439048,35.5250625,21741,67623
CP060990,Mpale,North Zone,NA,Clinic,-10.1869,33.54168,4416,12123
NK100991,Mpamantha,Central East Zone,NA,Health Centre,-13.06926,34.25224,7669,43110
KB050992,Mpamba,North Zone,NA,Health Centre,-11.54697,34.19727,14546,45201
PH220993,Mpasa,South West Zone,NA,Health Centre,-15.7578844,35.611432,36493,149194
KU070994,Mpasadzi,Central East Zone,NA,Health Centre,-12.583194,33.381861,10859,41309
KA150995,Mpata,North Zone,NA,Health Centre,-9.96062,33.81525,9345,41291
CP060997,Mpemba,North Zone,NA,Health Post,-10.134558,33.521683,3822,11649
BT240998,Mpemba,South East Zone,NA,Health Centre,-15.87385,34.9523,38358,264459
KU070999,Mpepa,Central East Zone,NA,Clinic,-12.621965,33.326557,11376,34604
CK271000,Mphate,South East Zone,NA,Clinic,-16.0416555,34.7937221,29190,70984
DE031001,Mphathi,Centrals West Zone,NA,Health Centre,-14.45516,34.07683,16459,61120
NT121003,Mphepozinayi,Centrals West Zone,NA,Dispensary,-14.73586,34.66115,22811,99302
MZ161004,Mpherembe,North Zone,NA,Health Centre,-11.28806,33.61431,11338,26716
MZ161006,Mphofwa,North Zone,NA,Health Post,-11.680054,33.620114,8015,31469
RU141007,Mphompha,North Zone,NA,Health Centre,-11.00662,34.07305,4102,11472
DE031008,Mphunzi,Centrals West Zone,NA,Health Centre,-14.37933,34.17539,21175,72440
MC191010,Mpiri,South West Zone,NA,Health Centre,-14.7721997,35.606633,31924,121328
DE031011,Tchetsa,Centrals West Zone,NA,Health Post,-13.985608,34.306285,7466,29850
MG201012,Mpondasi,South West Zone,NA,Clinic,-14.45347,35.24387,70918,137328
DA021013,Mponela,Central East Zone,NA,Hospital,-13.53264,33.73713,42707,119704
MC191014,Mposa,South West Zone,NA,Health Centre,-15.14906,35.51849,11157,53650
DA021015,Msakambewa,Central East Zone,NA,Health Centre,-13.55296,33.89719,21370,74965
LL041016,Daeyang,Centrals West Zone,NA,Health Centre,-13.78,33.91,21453,108637
MC191017,Nselema,South West Zone,NA,Clinic,-14.72,35.55,33851,103201
NK101018,Msenjere,Central East Zone,NA,Health Centre,-12.7324996,34.1705763,12935,30914
MZ161019,Msese,North Zone,NA,Health Centre,-12.36,33.74,5495,20048
MU211020,msithe,South West Zone,NA,Health Post,-16.0026202,35.413573,43623,169486
CP061021,Msumbe,North Zone,NA,Health Centre,-9.75123,33.67563,1792,6537
DE031023,Mtakataka,Centrals West Zone,NA,Health Centre,-14.22745,34.51474,24655,62984
DA021024,mtambalika,Central East Zone,NA,Health Post,-13.277929,33.597239,16581,76589
MC011026,Mtanga,Centrals West Zone,NA,Health Post,-13.923819,33.26125,26617,95043
DE031028,Mtemwende,Centrals West Zone,NA,Health Post,-14.151969,34.264936,18497,87218
MZ161029,Mtende,North Zone,NA,Health Centre,-11.49724,33.54894,9077,34585
DE031030,Mtendere Community Hospital,Centrals West Zone,NA,Clinic,-14.32271,34.09373,30081,119145
KU071031,Mtendere,Central East Zone,NA,Clinic,-13.046124,33.49675,72152,114282
BT241032,Mtengoumodzi,South East Zone,NA,Hospital,-15.7245,35.01637,172205,576248
DA021033,Mtengowanthenga Dream Project,Central East Zone,NA,Clinic,-13.671048,33.776073,24934,108972
LL041034,Mtenthela,Centrals West Zone,NA,Health Centre,-14.10884,34.00567,32046,130188
DA021035,Mtengowanthenga,Central East Zone,NA,Hospital,-13.67165,33.77623,24919,109064
MG201036,Mtimabi,South West Zone,NA,Health Centre,-14.6110653,35.0826738,13550,42889
NT121037,Ntonda,Centrals West Zone,NA,Health Centre,-15.02,34.75144,13217,38676
NK101038,Mtosa,Central East Zone,NA,Health Centre,-13.43876,34.27365,18611,59793
KU071039,Mtunthama,Central East Zone,NA,Health Centre,-13.03145,33.68209,12534,40810
MZ161040,Mtwalo,North Zone,NA,Health Centre,-11.39671,33.74591,8995,32440
DE031041,Mua Mission hospital,Centrals West Zone,NA,Hospital,-14.28307,34.50972,23004,57794
SA091042,Muchila,Central East Zone,NA,Dispensary,-13.77774,34.43803,69900,127220
NE291043,Mufelanji Clinic,South East Zone,NA,Dispensary,-15.36514,34.65447,13146,38728
MU211044,Banja la mtsogolo,South West Zone,NA,Clinic,-16.01418,35.49317,43000,140683
MU211045,Mulanje Hospital,South West Zone,NA,Hospital,-16.02549,35.50785,40846,137308
MU211046,ku Ulongwe,South West Zone,NA,Hospital,-16.0208672,35.4646005,54545,159913
MG201047,Mulibwanji Community Hospital,South West Zone,NA,Hospital,-14.5115273,35.5880048,15555,58557
MU211048,Mulomba,South West Zone,NA,Health Centre,-15.76535,35.51182,32247,98704
MU211049,Muloza,South West Zone,NA,Health Centre,-16.08016,35.71573,35145,69089
NT121050,Muluma,Centrals West Zone,NA,Clinic,-15.752,35.8193,10100,40497
MU211051,Mulungu Alinafe Clinic,South West Zone,NA,Dispensary,-15.856828,35.815601,11238,41057
PH221052,Mulungu Alinafe,South West Zone,NA,Dispensary,-15.85719,35.81552,11275,41101
MZ161053,"Mumbwe,Mzuzu",North Zone,NA,Hospital,-11.4610291,34.0260232,178496,223226
MC191054,Mungomo,South West Zone,NA,Clinic,-14.72,35.55,33851,103201
BT241055,"Munthali Ndalakwanji, N, Pra",South East Zone,NA,Clinic,-15.72915,35.05581,196324,604523
BT241056,Joyce Munthali Private Hospital,South East Zone,NA,Hospital,-15.8044,35.0082,329908,863551
BT241057,Muopo Private Clinic,South East Zone,NA,Clinic,-15.83,35.09,207912,664986
LL041058,Chifundo,Centrals West Zone,NA,Clinic,-13.98105,33.80223,493450,1146428
MW281059,Muyendebwino,South East Zone,NA,Clinic,-15.57835,34.47736,34600,77144
DA021060,Mvera Army,Central East Zone,NA,Health Centre,-13.77963,34.1398,14873,51452
DA021061,Mvera mission,Central East Zone,NA,Health Centre,-13.73673,34.12876,17566,65129
BT241062,Mwachila private clinic,South East Zone,NA,Clinic,-15.65548,35.02158,43042,183718
BT241063,Mwai Medical Pvt Clinic,South East Zone,NA,Clinic,-15.82,35.01,246412,843072
BT241064,Mwai medical clinic,South East Zone,NA,Clinic,-15.817263,35.013087,258016,852840
BT241065,Proff Mbvundula,South East Zone,NA,Clinic,-15.81191,35.04788,364648,908433
BT241067,Mwaiwathu,South East Zone,NA,Hospital,-15.78547,35.01691,393751,879522
TH311068,Mwalanthunzi,South East Zone,NA,Clinic,-16.06408,35.106607,35775,136432
LL041069,Yankho,Centrals West Zone,NA,Clinic,-14.25007,33.7767,47794,139697
BT241070,Banja Clinic,South East Zone,NA,Clinic,-15.762,34.9797,214354,654156
CK271071,Mwanawanjovu,South East Zone,NA,Clinic,-16.515473,35.029718,20991,52868
CK271072,Mwanayaya,South East Zone,NA,Health Post,-16.164028,34.940736,18209,78035
ZA231073,Mwandama,South West Zone,NA,Health Centre,-15.49803,35.18803,24365,92416
PH221074,Mwanga,South West Zone,NA,Health Centre,-15.64601,35.532758,19842,89864
DA021075,Mwangala,Central East Zone,NA,Health Centre,-13.487476,33.92326,15446,70981
CR261076,DAPP,South East Zone,NA,Health Post,-15.657096,35.200483,37306,138927
NK101077,Mwasambo,Central East Zone,NA,Health Centre,-13.3066933,34.118526,19269,45864
NK101078,Mwansambo Private Clinic,Central East Zone,NA,Clinic,-13.227,34.297332,23017,56992
MW281079,Banja la mtsogolo,South East Zone,NA,Clinic,-15.59747,34.51505,43198,81551
CK271080,Mwanza,South East Zone,NA,Clinic,-15.5991687,34.5171667,42508,81347
MW281081,Mwanza District Hospital,South East Zone,NA,District Hospital,-15.59118,34.50998,44798,82304
MC011082,Mwase,Centrals West Zone,NA,Clinic,-13.474622,32.859528,6981,24759
MG201083,Chiunda Clinic,South West Zone,NA,Health Post,-14.755091,35.112111,9800,63003
KU071084,Mwatitha,Central East Zone,NA,Clinic,-13.43552,33.3898,17572,52891
KB051085,Mwaya,North Zone,NA,Dispensary,-11.97658,34.07603,12148,29370
RU141087,mwazisi,North Zone,NA,Health Centre,-10.94356,33.5792,7137,20643
LL041088,Mwenyekonde,Centrals West Zone,NA,Dispensary,-14.00775,33.81726,571596,915402
BK171089,Mwima,South West Zone,NA,Health Centre,-14.92967,35.18498,18193,76157
MZ161090,Mzalangwe,North Zone,NA,Health Centre,-11.61228,33.5651,9532,29365
NT121091,Mzama,Centrals West Zone,NA,Health Centre,-14.89375,34.58597,11676,33531
MZ161092,Mission,North Zone,NA,Hospital,-11.4276539,33.450285,13632,45596
NT081093,Mzandu,Central East Zone,NA,Health Centre,-13.48916,34.02738,15237,48519
KB051094,Mzenga,North Zone,NA,Health Centre,-11.73249,34.07401,6191,21326
MZ161095,Ku Boma,North Zone,NA,District Hospital,-11.89805,33.58421,39465,65198
MZ161096,Prison,North Zone,NA,Clinic,-11.9107,33.58414,38976,65166
RU141097,Mzokoto,North Zone,NA,Health Centre,-10.90777,34.02735,13548,35249
MZ161098,Central,North Zone,NA,Central Hospital,-11.4235559,33.9943344,161656,233884
MZ161099,Prison,North Zone,NA,Clinic,-11.46474,34.01991,180229,224123
MZ161100,Mapale,North Zone,NA,Health Centre,-11.4617887,34.0151188,183845,225908
MZ161101,Police,North Zone,NA,Dispensary,-11.46211,34.02489,178736,223325
MZ161102,Mzuzu Sobo Clinic,North Zone,NA,Clinic,-11.41853,34.00645,158265,230977
MZ161103,Mzuni,North Zone,NA,Clinic,-11.4222522,33.9958708,160957,233518
CP061104,Naching'anda,North Zone,NA,Health Post,-9.684917,33.418491,6068,31641
CP061105,Nachipananga off Nthalire road to the west,North Zone,NA,Health Post,-9.872516,33.381377,4870,15191
ZA231106,Chopi,South West Zone,NA,Health Centre,-15.35785,35.3849,67536,213596
DE031107,Nakalanzi H/C,Centrals West Zone,NA,Health Centre,-14.20233,34.54819,25990,63022
DA021108,Nalunga,Central East Zone,NA,Health Centre,-13.64378,34.0567,18843,73503
ZA231109,Namadidi,South West Zone,NA,Health Centre,-15.41079,35.24736,26834,159817
CR261110,Namadzi,South East Zone,NA,Health Centre,-15.54663,35.18761,28728,115557
CR261111,Njoka,South East Zone,NA,Hospital,-15.5494,35.18197,28948,114315
CR261112,Namakhwa,South East Zone,NA,Clinic,-15.83562,35.11578,148708,470708
MG201113,Namalaka,South West Zone,NA,Clinic,-14.1236333,35.1929633,18663,32353
ZA231114,Namalitha,South West Zone,NA,Dispensary,-15.430886,35.490891,31239,118531
MC191115,Mission,South West Zone,NA,Health Centre,-14.88211,35.48324,25970,89450
MC191116,Namanja,South West Zone,NA,Health Centre,-14.9646301,35.6793543,12080,55001
BK171117,Namanolo,South West Zone,NA,Health Centre,-15.00071,35.19004,23246,84297
MU211118,Namasalima,South West Zone,NA,Health Centre,-15.80407,35.3491,30277,103838
ZA231119,Namasalima,South West Zone,NA,Health Centre,-15.23142,35.48876,24141,85211
PH221120,Nambazo,South West Zone,NA,Health Centre,-15.5566963,35.8193749,19145,40621
BK171121,Nambira health post,South West Zone,NA,Health Post,-14.80259,35.06411,12902,59534
PH221122,Nambiti,South West Zone,NA,Health Post,-15.802794,35.763953,21640,58475
BT241123,Namboya Felix,South East Zone,NA,Clinic,-15.81381,35.0612,325593,857094
LL041124,Nambuma,Centrals West Zone,NA,Health Centre,-13.72409,33.55789,30265,115447
BK171125,Nandumbo,South West Zone,NA,Health Centre,-14.85169,35.22552,26484,74444
ZA231126,Namikango,South West Zone,NA,Clinic,-15.47723,35.24056,31791,115148
BT241127,Namikoko,South East Zone,NA,Health Centre,-15.486510000000001,35.07379,14455,72258
TH311128,Namingomba,South East Zone,NA,Dispensary,-16.04009,35.08996,28945,151536
NT121129,Namisu,Centrals West Zone,NA,Dispensary,-15.08352,34.78138,4399,30036
CR261130,Namitambo,South East Zone,NA,Health Centre,-15.7106126,35.1741967,33894,160594
MC011131,Namizana,Centrals West Zone,NA,Dispensary,-14.00195,33.2463,15650,58751
MU211132,Namphungo,South West Zone,NA,Health Centre,-15.80407,35.3491,30277,103838
MU211133,namulenga health centre,South West Zone,NA,Health Centre,-15.86563,35.32718,35155,128753
MG201134,Namwera,South West Zone,NA,Hospital,-14.3637,35.50221,29913,85822
MG201135,Namwera Private Clinic,South West Zone,NA,Clinic,-14.36,35.48,32902,87271
MG201136,Namcholi,South West Zone,NA,Dispensary,-14.4783763,35.5870485,17912,51364
MG201137,Nangalamu,South West Zone,NA,Health Centre,-14.6110653,35.0826738,13550,42889
MG201138,Nankhwali,South West Zone,NA,Health Centre,-15.614421,35.6281461,21927,98923
MG201139,Nankumba,South West Zone,NA,Health Centre,-14.36521,34.82361,8704,27834
ZA231140,Nasawa,South West Zone,NA,Health Centre,-15.6023,35.25956,35363,142096
MU211143,Naphimba Health Centre,South West Zone,NA,Health Centre,-16.045639,35.445462,46568,167587
NK101144,Naso,Central East Zone,NA,Clinic,-12.92739,34.28465,42376,70054
TH311145,Nasonia Dispensary,South East Zone,NA,Clinic,-16.02475,35.1565,28922,152400
LL041146,NÃÂÃÂ thenje,Centrals West Zone,NA,Health Centre,-14.08504,33.90823,39391,149637
LL041147,NRC clinic,Centrals West Zone,NA,Clinic,-14.02247,33.67422,103445,307976
MC191148,Nayinunje,South West Zone,NA,Health Centre,-14.7406,35.56503,39306,111506
MC191149,Nayuchi,South West Zone,NA,Health Centre,-14.97585,35.86726,9370,16565
PH221150,Gogo Nazombe,South West Zone,NA,Health Centre,-15.7525616,35.7777647,22427,63388
MG201151,Ndagha Private Clinic,South West Zone,NA,Clinic,-14.48,35.25,81994,130667
CK271152,ndakwera health centre,South East Zone,NA,Health Centre,-16.22357,34.68896,8639,29317
NS301153,Ndamera,South East Zone,NA,Health Centre,-17.09569,35.21902,14881,35491
ZA231154,Ndau Clinic,South West Zone,NA,Dispensary,-15.4533752,35.2830107,32320,193712
LL041155,Ndaula,Centrals West Zone,NA,Health Centre,-14.1385,33.50757,22826,87117
SA091156,Ndimoyo,Central East Zone,NA,Clinic,-13.78274,34.45888,70311,125474
BT241157,BLM Ndirande clinic,South East Zone,NA,Clinic,-15.77364,35.03081,354086,882549
BT241158,Ndirande,South East Zone,NA,Health Centre,-15.7781,35.03946,345441,911159
CR261159,Ndunde,South East Zone,NA,Health Centre,-15.69615,35.23355,36837,144795
NE291160,Neno District Hospital,South East Zone,NA,District Hospital,-15.39524,34.65349,14146,39999
NE291161,Neno Parish Health Center,South East Zone,NA,Health Centre,-15.43701,34.60843,13299,42840
LL041162,new State house,Centrals West Zone,NA,Unclassified,-13.96051,33.85089,82664,775483
KU071163,Newa Health Centre,Central East Zone,NA,Health Centre,-12.58333,33.38174,10866,41304
NS301164,Newts Medicare Private clinic,South East Zone,NA,Clinic,-16.929706,35.257962,30734,56532
RU141165,Ng'onga,North Zone,NA,Health Centre,-10.93922,33.94348,12731,35010
CK271166,Ngabu BLM,South East Zone,NA,Clinic,-16.46679,34.87297,32146,90199
CK271167,Ngabu,South East Zone,NA,Hospital,-16.45928,34.89253,33644,88032
CK271168,Ngabu Sda Health Centre,South East Zone,NA,Health Centre,-16.46516,34.87901,32578,89899
NK101169,Ngala,Central East Zone,NA,Health Centre,-12.36529,34.06552,8354,30680
MG201170,Ngatala,South West Zone,NA,Health Post,-14.65773,35.07712,14139,44267
KA151171,Ngana,North Zone,NA,Health Centre,-9.62021,33.69891,3587,17394
MG201172,Ngapani,South West Zone,NA,Health Centre,-14.0296,35.33773,3754,8734
KA151173,Ngara,North Zone,NA,Health Post,-10.225176,34.10207,12125,33355
MG201174,Ngatala,South West Zone,NA,Health Post,-14.657656,35.077156,14136,44256
KA151175,Ngisi,North Zone,NA,Clinic,-9.595399,33.7218983,7106,17051
SA091176,Kwa Bishop,Central East Zone,NA,Health Centre,-14.08926,34.50896,26601,45663
MC191177,Ngokwe,South West Zone,NA,Health Centre,-14.7067782,35.8015545,20206,58010
MU211178,Ngolowera,South West Zone,NA,Health Post,-16.0456627,35.4452708,46525,167655
LL041179,Chidalanda,Centrals West Zone,NA,Health Centre,-13.77509,33.64018,32520,122607
ZA231180,Ngotangota,South West Zone,NA,Health Post,-15.295999,35.82282,846,1546
CP061181,Ngoya,North Zone,NA,Clinic,-9.617792,33.293329,7727,40079
ZA231182,Ngwelero,South West Zone,NA,Clinic,-15.66645,35.42718,24570,93036
MC191184,Nice Private,South West Zone,NA,Clinic,-15.06796,35.2282,41363,82926
CR261186,Njuli Quary,South East Zone,NA,Clinic,-15.7064356,35.116452,40113,256895
MZ161187,Njuyu,North Zone,NA,Health Centre,-11.52455,33.69953,8272,29241
CR261188,Nkalo,South East Zone,NA,Health Centre,-15.97065,35.30997,42195,165038
ZA231189,Nkasala,South West Zone,NA,Health Centre,-15.32778,35.21661,17849,65770
LL041190,Nkhalango,Centrals West Zone,NA,Clinic,-14.01291,33.70483,166945,630162
KU071191,Nkhamenya,Central East Zone,NA,Hospital,-12.56606,33.50098,22738,62065
NS301192,Nkhande,South East Zone,NA,Dispensary,-17.11489,35.15688,5289,27592
KB051193,Mkondezi,North Zone,NA,District Hospital,-11.60159,34.29872,22580,52268
KB051194,Nkhatabay private clinic,North Zone,NA,Clinic,-11.60663,34.29549,24100,54188
TH311195,Nkhataombere,South East Zone,NA,Health Post,-16.323986,35.264013,23172,83153
CK271196,Mkhate,South East Zone,NA,Health Post,-16.1467,34.95886,24117,89754
LL041197,Nkhoma,Centrals West Zone,NA,Hospital,-14.04389,34.1036,39597,126278
TH311198,Nkhoma Private Clinic,South East Zone,NA,Clinic,-16.07,35.14,34490,128794
RU141199,Nkhomboli,North Zone,NA,Health Post,-10.775985,34.039194,6812,17936
MZ161200,Nkholongo,North Zone,NA,Health Centre,-11.3901,33.98514,35039,202163
NK101201,Banja la mtsogolo,Central East Zone,NA,Clinic,-12.92429,34.28346,42523,69711
NK101202,Nkhotakota,Central East Zone,NA,District Hospital,-12.92508,34.27939,43054,70620
PH221203,Nkhulambe,South West Zone,NA,Health Centre,-15.85977618,35.751342,15109,46332
NK101204,Nkhunga,Central East Zone,NA,Health Centre,-12.48023,34.10842,28209,59267
MZ161205,Khuyukuyu,North Zone,NA,Health Centre,-11.22183,33.91461,10190,39003
MC011206,Nkhwazi,Centrals West Zone,NA,Health Centre,-13.92369,33.22672,22858,79996
CK271207,Nkombedzi Health Centre,South East Zone,NA,Health Centre,-16.47944,34.72431,7665,22694
MG201208,Nkope,South West Zone,NA,Health Centre,-14.211004,35.032449,14725,29124
NE291209,Nkula,South East Zone,NA,Clinic,-15.52193,34.82512,7207,34556
CK271210,Nkumaniza,South East Zone,NA,Health Centre,-16.47944,34.72431,7665,22694
KU071211,Nkuriza,Central East Zone,NA,Clinic,-12.92741,33.79628,15397,57199
TH311212,Nsabwe Health Centre,South East Zone,NA,Health Post,-16.043512,34.952745,25711,117977
LL041213,Nsaru,Centrals West Zone,NA,Health Centre,-13.8855,33.5043,25740,94260
NE291214,Nsambe health centre,South East Zone,NA,Health Centre,-15.26135,34.6135,10275,28178
MC191215,Mission,South West Zone,NA,Health Centre,-14.99491,35.49477,30965,97132
NS301216,Nsanje,South East Zone,NA,District Hospital,-16.91794,35.26001,29444,55094
NS301217,Nsanje Private Clinic,South East Zone,NA,Clinic,-16.93,35.26,30497,55944
NT121218,Nsipe,Centrals West Zone,NA,Health Centre,-14.86434,34.75233,23959,77415
NT121219,Nsiyaludzu,Centrals West Zone,NA,Health Centre,-14.93648,34.87425,22703,91574
CK271220,Nsomo,South East Zone,NA,Health Post,-16.036946,34.72376,6745,34502
MU211221,Nsuwadzi,South West Zone,NA,Dispensary,-16.084325,35.677584,37607,91412
MC191222,Ntaja,South West Zone,NA,Health Centre,-14.86828,35.52911,33656,100941
DE031223,Mtakataka,Centrals West Zone,NA,Health Centre,-14.22581,34.51119,23052,61994
ZA231224,Ntata Anthony Clinic,South West Zone,NA,Clinic,-15.38929,35.32056,124538,201419
NT121225,Ntcheu District Hospital,Centrals West Zone,NA,District Hospital,-14.817077,34.6382088,36979,83765
NT081226,Ntchisi,Central East Zone,NA,District Hospital,-13.36345,33.91061,30371,77521
KU071227,Ntepa,Central East Zone,NA,Health Centre,-12.62202,33.32681,11399,34677
CP061228,Nthalire,North Zone,NA,Health Centre,-10.34894,33.64394,10065,23523
RU141229,Nthenje,North Zone,NA,Health Centre,-10.91788,33.98786,15876,38824
NT081231,Nthondo,Central East Zone,NA,Health Centre,-13.24723,34.00699,14246,28582
LL041232,Nthondo,Centrals West Zone,NA,Health Centre,-14.03153,33.44849,35499,118772
CK271233,NTHONDO HEALTH POST,South East Zone,NA,Health Post,-16.86,35.16,3542,10398
MC191234,Ntholowa,South West Zone,NA,Health Centre,-14.99492,35.57325,28155,85293
KB051235,Nthungwa,North Zone,NA,Health Centre,-11.66014,33.80046,944,6688
BT241237,Nyambadwe,South East Zone,NA,Hospital,-15.77139,35.02323,369123,856406
MC191238,Nyambi,South West Zone,NA,Health Centre,-14.68999,35.57257,32763,95692
CK271239,Nyambisoni,South East Zone,NA,Clinic,-16.460228,34.892456,33541,88368
NS301240,Nyamithuthu,South East Zone,NA,Health Centre,-16.68213,35.19821,13990,38544
NK101241,Nyamvuu,Central East Zone,NA,Clinic,-12.47912,34.13604,29656,54780
LL041242,Nyangulu clinic,Centrals West Zone,NA,Clinic,-14.00717,33.78419,600320,1075295
LL041243,Nyanja,Centrals West Zone,NA,Health Post,-14.138646,33.942874,35845,143145
BK171244,Nyanyala  under 5 clinic,South West Zone,NA,Clinic,-15.189789,34.921519,8675,31951
MC011245,Nyoka,Centrals West Zone,NA,Clinic,-13.699629,32.906609,7751,42703
KA151246,Nyungwe,North Zone,NA,Health Centre,-10.28546,34.10851,18098,42790
KU071247,Ofesi,Central East Zone,NA,Health Centre,-12.77939,33.54904,13107,51485
KA151248,Old Hospital,North Zone,NA,Dispensary,-9.932075,33.940017,54976,97355
MC011250,Our lady,Centrals West Zone,NA,Hospital,-13.56199,33.17369,26272,66583
MZ161251,Padley PIO,North Zone,NA,Health Centre,-11.4999552,33.9428955,10743,154431
SA091253,Parachute Battalion,Central East Zone,NA,Dispensary,-13.74314,34.58826,24550,45466
LL041255,Partners,Centrals West Zone,NA,Clinic,-14.02341,33.78783,551037,973686
LL041256,Partners,Centrals West Zone,NA,Dispensary,-14.02341,33.78783,551037,973686
DE031257,Partners Private Clinic,Centrals West Zone,NA,Clinic,-14.395257,34.336701,25593,67344
NT121258,Chilitseni,Centrals West Zone,NA,Clinic,-14.81517,34.64374,38235,86462
CK271259,Pende,South East Zone,NA,Health Post,-16.485763,34.820457,15748,66966
BT241260,Joshua Clinic,South East Zone,NA,Health Centre,-15.81,34.96,117013,587063
MG201261,Perekamoyo,South West Zone,NA,Dispensary,-14.08575,34.91427,13859,36378
NT121262,Machanza,Centrals West Zone,NA,Clinic,-14.65035,34.56074,14548,57247
PH221263,Phalombe,South West Zone,NA,Health Centre,-15.80677,35.64918,36757,98816
BK171264,Phalula,South West Zone,NA,Health Centre,-15.22557,34.89322,11279,25177
NT121265,Phanga,Centrals West Zone,NA,Dispensary,-14.34498,34.72016,6390,31473
KU071266,Phanga,Central East Zone,NA,Clinic,-13.21163,33.50302,18718,60060
NK101267,Private,Central East Zone,NA,Clinic,-12.23777,33.996066,13291,28495
BK171269,Phimbi,South West Zone,NA,Health Centre,-15.25075,35.10716,14797,49155
KU071270,Phiri,Central East Zone,NA,Clinic,-13.4379,33.38416,17451,53142
LL041271,Phirilanjuzi,Centrals West Zone,NA,Health Post,-14.153696,33.575306,28560,93749
MG201272,Damu,South West Zone,NA,Health Centre,-14.5880382,34.8985585,6563,28414
NS301274,Phokera,South East Zone,NA,Health Centre,-16.62831,35.15663,15131,49095
DE031275,Tanyaze,Centrals West Zone,NA,Clinic,-14.30778,34.08123,33782,119624
RU141276,Phuno,North Zone,NA,Health Post,-11.027859,34.074571,4022,10120
MU211277,Phwazi,South West Zone,NA,Clinic,-16.01792,35.68294,24122,91427
RU141278,Pwezi Clinic,North Zone,NA,Clinic,-10.88762,34.04446,11089,32194
BT241279,Evangelical,South East Zone,NA,Clinic,-15.89,35.07,64175,429134
CR261281,PIM,South East Zone,NA,Health Centre,-15.7530736,35.1922365,41704,163499
ZA231282,Pirimiti,South West Zone,NA,Health Centre,-15.48302,35.45048,29311,123455
MC011283,Pitala,Centrals West Zone,NA,Clinic,-13.549752,33.025904,14161,60571
ZA231284,Police,South West Zone,NA,Hospital,-15.39112,35.32685,128985,203501
BT241285,Portland Cement Clinic,South East Zone,NA,Clinic,-15.79,35.03,356108,913896
SA091286,Pothawira,Central East Zone,NA,Health Centre,-13.787595,34.485217,61940,124723
NK101287,praise,Central East Zone,NA,Clinic,-13.126145,34.323687,19347,45185
BT241288,KwaMnthali,South East Zone,NA,Clinic,-15.43446578,35.31996884,88849,223117
MG201289,Precious Dental and Medical centre,South West Zone,NA,Clinic,-14.48,35.26,80841,131886
BT241290,PACE CLINIC,South East Zone,NA,Clinic,-15.67511836,35.02571499,48984,267019
TH311291,Puteni,South East Zone,NA,Health Post,-16.043512,34.952745,25711,117977
BT241292,PVHO Private Clinic,South East Zone,NA,Clinic,-15.78605,35.01818,389830,883590
BT241293,Queen Elizabeth Central Hospital,South East Zone,NA,Central Hospital,-15.80214,35.021,373982,900671
MZ161294,Rafiki,North Zone,NA,Clinic,-11.894184600000001,33.5843197,39543,65075
KB051295,Raha,North Zone,NA,Clinic,-11.61228,34.26874,28978,60187
MZ161296,Raiply,North Zone,NA,Dispensary,-11.91644,33.75598,5902,16856
BT241297,Rapha Pvt Clinic,South East Zone,NA,Clinic,-15.79,35.08,252991,832531
LL041298,Reserve Bank of Malawi,Centrals West Zone,NA,Dispensary,-13.96335,33.78926,353528,1231423
ZA231299,Rhema,South West Zone,NA,Clinic,-15.398069,35.324604,126480,206685
KB051300,Ruarwe dispensary,North Zone,NA,Dispensary,-11.11377,34.23093,3042,6776
RU141301,Banja La Mtsogolo,North Zone,NA,Clinic,-11.02279,33.85523,26398,60212
RU141302,Rumphi,North Zone,NA,District Hospital,-11.01993,33.85422,26416,59581
MU211303,Ruo,South West Zone,NA,Clinic,-16.08964,35.66507,27638,93415
ZA231305,Sadzi,South West Zone,NA,Health Centre,-15.40882,35.31969,111094,211549
MU211306,Albino,South West Zone,NA,Clinic,-16.07894,35.73156,32978,63167
BT241307,DREAM Saint Egidio,South East Zone,NA,Clinic,-15.8366432,34.99651928,211323,700800
MU211308,Salamba,South West Zone,NA,Health Post,-16.1079577,35.4626325,27070,118866
SA091309,Admarc,Central East Zone,NA,Dispensary,-13.78623,34.46243,70112,125309
SA091310,SASO,Central East Zone,NA,Dispensary,-13.77165,34.44055,69396,127024
SA091311,BLM,Central East Zone,NA,Clinic,-13.77042,34.43792,69120,126914
SA091312,District hospital,Central East Zone,NA,District Hospital,-13.76214,34.42199,57501,121986
TH311313,Samu,South East Zone,NA,Health Centre,-16.13981,35.09852,38086,151571
NT081314,Sambakusi,Central East Zone,NA,Health Post,-13.349658,33.983158,9570,56308
TH311315,sambankhanga health centre,South East Zone,NA,Clinic,-15.981874,35.225924,50197,180478
TH311316,sandama,South East Zone,NA,Clinic,-16.207048,35.295703,16767,77278
KA151317,Sangiro,North Zone,NA,Health Centre,-10.51609,34.21346,15091,47816
NS301319,Sankhulani,South East Zone,NA,Health Centre,-16.456861,35.258889,4596,27460
KU071320,Santhe,Central East Zone,NA,Health Centre,-13.46712,33.39378,16626,54048
CK271321,Saopa,South East Zone,NA,Clinic,-16.485763,34.820457,15748,66966
TH311322,Satemwa Dispensary,South East Zone,NA,Health Centre,-16.07641,35.07692,38239,146158
MU211323,Sayama,South West Zone,NA,Clinic,-16.07107,35.5471,41220,138154
BT241325,Semema,South East Zone,NA,Clinic,-15.73135,35.05798,208249,609384
LL041326,Victory Medical Clinic,Centrals West Zone,NA,Clinic,-13.77251,33.81345,52162,134509
NT121327,Senzani,Centrals West Zone,NA,Health Centre,-15.07865,34.85783,9466,39560
NT121329,Sharpe Valley Health Centre,Centrals West Zone,NA,Health Centre,-14.61103,34.7369,20544,60410
BT241330,Shifa Private Hospital,South East Zone,NA,Clinic,-15.78715,35.01045,405610,864800
KA151331,Silo,North Zone,NA,Health Post,-9.938145,33.823415,12868,59050
KU071332,Simlemba Health Centre,Central East Zone,NA,Health Centre,-12.74081,33.6764,11477,39779
MG201333,Sinyala,South West Zone,NA,Clinic,-14.5837511,35.5764571,26203,66883
MG201334,Chigweche,South West Zone,NA,Health Centre,-14.3852808,35.5355813,26654,83344
BT241335,Magita Private Clinic,South East Zone,NA,Clinic,-15.79,35.03,356108,913896
BT241336,Soche Clinic,South East Zone,NA,Health Centre,-15.85726,35.02761,191209,591854
BT241337,Soche SDA Clinic,South East Zone,NA,Unclassified,-15.80918,35.01977,325897,887691
BT241339,Society Medical Clinic,South East Zone,NA,Clinic,-15.725756,35.058386,149428,588442
CP061340,Near Sokola Primary school,North Zone,NA,Health Post,-9.722825,33.583947,3988,15903
NT121341,Salomon clinic,Centrals West Zone,NA,Dispensary,-14.70821,34.87077,14594,61673
MG201342,Somba,South West Zone,NA,Health Centre,-14.64701,35.53803,22040,82069
NS301343,Sorgin,South East Zone,NA,Health Centre,-16.54278,35.01159,27525,61041
BT241344,Miracle Private Clinic,South East Zone,NA,Clinic,-15.72562,35.05823,148983,588308
MZ161345,SOS,North Zone,NA,Clinic,-11.47174,34.00439,170130,226427
LL041346,SOS,Centrals West Zone,NA,Clinic,-14.01976,33.79275,573548,989650
BT241347,South Lunzu,South East Zone,NA,Health Centre,-15.72678,35.05471,177343,597910
MZ161348,Sobo,North Zone,NA,Dispensary,-11.41853,34.00645,158265,230977
NT121349,Mikoke,Centrals West Zone,NA,Hospital,-14.99902,34.82815,15295,58841
LL041350,SSH,Centrals West Zone,NA,Dispensary,-13.97345,33.77328,403554,1220729
KA151351,St. Anne's,North Zone,NA,Clinic,-10.4130292,34.2111016,22147,52289
LK181355,St. Marys,North Zone,NA,Health Centre,-12.0293441,34.62425,102,102
CK271356,Montfort,South East Zone,NA,Hospital,-16.25716,34.86831,36316,66549
BT241357,St Vincent,South East Zone,NA,Health Centre,-15.91421,34.94984,31288,119608
KU071358,St. Andrews,Central East Zone,NA,Hospital,-13.03263,33.67114,12117,39577
KA151359,Vinthukutu,North Zone,NA,Health Centre,-10.41184,34.21188,21525,51689
NK101360,St. Annies,Central East Zone,NA,Hospital,-12.92747,34.29554,39617,67519
KU071361,St. Faith Anglican Clinic,Central East Zone,NA,Health Centre,-12.92886,33.7952,15261,57040
LL041362,Namitondo,Centrals West Zone,NA,Hospital,-13.98418,33.35128,31028,114160
TH311363,St. Hellena Oakley (Ntambanyama),South East Zone,NA,Dispensary,-16.32104,35.20741,42011,112728
MZ161364,St. John of God,North Zone,NA,Hospital,-11.45571,34.01381,187354,227186
MZ161366,St. Johns,North Zone,NA,Hospital,-11.45161,34.02806,180840,224027
MG201367,St. Johns Nutrition Centre,South West Zone,NA,Clinic,-14.54678,35.17842,18835,51848
MC011368,Ludzi community hospital,Centrals West Zone,NA,Hospital,-13.75862,32.99271,21786,86963
CR261369,Nguludi,South East Zone,NA,Hospital,-15.80173,35.16825,47660,286657
LL041370,St. Louis,Centrals West Zone,NA,Dispensary,-13.93157,33.76995,368049,914667
ZA231371,Malosa,South West Zone,NA,Hospital,-15.20914,35.35291,23686,75861
MU211372,St.Mamwene,South West Zone,NA,Clinic,-15.91661,35.35795,32207,136997
KU071373,St. Mark Private,Central East Zone,NA,Clinic,-13.04312,33.48049,73564,115431
MG201374,St. Martins Mission Hospital,South West Zone,NA,Hospital,-14.3478865,35.294217,22964,46502
DA021375,Diocese,Central East Zone,NA,Health Centre,-13.7252,34.03707,21998,76614
MC011376,St. Michaels community,Centrals West Zone,NA,Hospital,-13.88998,33.07557,22430,96899
RU141377,St. Patricks,North Zone,NA,Health Centre,-11.02297,33.87319,26163,60900
ZA231378,State house,South West Zone,NA,Clinic,-15.38153,35.31027,104718,195685
KB051380,Stevata Private Clinic,North Zone,NA,Clinic,-11.607064,34.298432,23492,53472
CK271381,Sucoma Clinic Illovo (Armumend,South East Zone,NA,Clinic,-16.40314,34.8832,24287,75052
CK271382,Illove factory,South East Zone,NA,Clinic,-16.25773,34.89181,40740,65885
CK271383,Kalulu,South East Zone,NA,Clinic,-16.24144,34.91164,17322,69804
CK271384,Lengwe,South East Zone,NA,Clinic,-16.20038,34.7997,7423,46864
CK271385,Mangulenje,South East Zone,NA,Clinic,-16.22227,34.8544,13869,68915
CK271386,Mkombezi,South East Zone,NA,Clinic,-16.27633,34.88054,41414,70021
CK271387,Mwanza Clinic,South East Zone,NA,Clinic,-16.1894,34.88065,8673,68063
PH221388,Sukasanje,South West Zone,NA,Health Centre,-15.93052,35.765755,19536,44845
BT241389,Sunganis Medical Centre,South East Zone,NA,Clinic,-15.72832,35.01953,205410,602867
BT241391,Sunny Side B,South East Zone,NA,Clinic,-15.80025,34.9964,306525,806509
LL041392,Tachila,Centrals West Zone,NA,Clinic,-14.033349,33.809026,513867,890157
BT241393,Tadala Private Clinic,South East Zone,NA,Clinic,-15.83304,35.0852,219120,678462
RU141395,Tcharo,North Zone,NA,Health Centre,-10.96193,34.22225,1834,4581
NE291396,Tedzani,South East Zone,NA,Dispensary,-15.3947344,34.653817,14103,39961
MC011397,Tembwe,Centrals West Zone,NA,Health Centre,-13.90113,33.06226,21730,91118
MZ161398,Temwa,North Zone,NA,Clinic,-11.9020422,33.7688572,7032,16397
NS301399,Mpatsa,South East Zone,NA,Health Centre,-16.73308,35.27015,17713,36400
CK271400,Thabwani,South East Zone,NA,Clinic,-16.033598,34.914286,16146,99322
MW281401,Thambani,South East Zone,NA,Health Centre,-15.72609,34.39953,16925,45839
MC011402,Thandizo private clinic,Centrals West Zone,NA,Clinic,-13.7929621,32.8897913,34331,64166
BT241403,Thandizo Clinic,South East Zone,NA,Clinic,-15.74337,35.01677,330943,687653
SA091404,Thavite,Central East Zone,NA,Health Centre,-13.498,34.26122,20112,62575
RU141405,Thazima,North Zone,NA,Health Post,-10.8298,33.592408,3537,22826
LL041406,The Clinic,Centrals West Zone,NA,Dispensary,-13.98495,33.76415,450948,1187277
LL041407,Dr. Humera A,Centrals West Zone,NA,Dispensary,-13.98495,33.76415,450948,1187277
BT241409,Thejopal Rotta. S,South East Zone,NA,Clinic,-15.78392,35.00238,399213,819922
TH311410,Thekerani Rural Hospital,South East Zone,NA,Hospital,-16.32104,35.20741,42011,112728
MU211411,Thembe Health Centre,South West Zone,NA,Dispensary,-16.06936,35.63033,36022,119352
CK271412,Thendo,South East Zone,NA,Clinic,-16.670226,34.879987,850,4959
CK271413,Therere,South East Zone,NA,Health Post,-16.36776,34.682238,10688,18982
CP061414,Therere,North Zone,NA,Health Post,-10.417667,33.663209,4485,15647
TH311415,Thomas Health Centre,South East Zone,NA,Health Centre,-16.02878,34.97881,38166,129449
ZA231416,Thondwe,South West Zone,NA,Dispensary,-15.48458,35.23696,31157,114234
ZA231417,Katolika,South West Zone,NA,Health Centre,-15.49429,35.21861,30548,109815
DA021418,Thonje,Central East Zone,NA,Health Centre,-13.72624,34.23725,16436,52309
MU211419,Thornwood,South West Zone,NA,Clinic,-16.06936,35.63033,36022,119352
KB051420,Thoto,North Zone,NA,Dispensary,-11.45315,34.27732,6057,14104
TH311423,Thukuta Improved Health post,South East Zone,NA,Health Post,-16.394465,35.263278,13091,53004
CR261424,Thumbwe,South East Zone,NA,Health Centre,-15.76823,35.24849,37346,145673
MZ161425,Thunduwike,North Zone,NA,Health Centre,-11.17665,33.57636,5450,15856
TH311426,Thunga,South East Zone,NA,Health Centre,-16.00096,35.06532,41375,163745
KU071427,Thupa,Central East Zone,NA,Health Centre,-12.682667,33.393528,10549,48940
TH311428,Thyolo Hospital,South East Zone,NA,Health Post,-16.06937,35.14806,34466,128593
TH311429,Thyolo Private Clinic,South East Zone,NA,Clinic,-16.07,35.14,34490,128794
NS301431,Tikondane,South East Zone,NA,Health Centre,-16.58035,35.10953,25460,59975
BT241432,Tilinanu,South East Zone,NA,Clinic,-15.77382,35.03262,354807,887010
KA151433,Tilola,North Zone,NA,Health Post,-10.329445,34.175349,8724,37163
KA151434,Timunyazye,North Zone,NA,Clinic,-10.21191,34.08743,10987,31913
KU071435,Titani,Central East Zone,NA,Clinic,-12.98491,33.69437,10911,39583
MW281436,Tiyende Private Clinic,South East Zone,NA,Clinic,-15.59467,34.51102,44374,81823
DE031437,Maganga,Centrals West Zone,NA,Clinic,-14.29613,34.16295,24501,81593
DA021439,TIWOOS,Central East Zone,NA,Clinic,-13.70579,33.60186,34864,122227
NS301440,Trinity,South East Zone,NA,Hospital,-16.41919,35.17154,24434,70086
BT241441,Tirzah,South East Zone,NA,Clinic,-15.81,35.06,350824,888399
BT241442,Trumate,South East Zone,NA,Clinic,-15.791433,35.084593,230329,811886
BT241443,Truzag Clinic,South East Zone,NA,Clinic,-15.81196,35.05753,350513,887224
NT121444,Tsangano,Centrals West Zone,NA,Health Centre,-15.174010000000001,34.61117,13762,34838
DE031445,Tsoyo,Centrals West Zone,NA,Clinic,-14.08098,34.16138,29544,115045
KB051446,Tukombo,North Zone,NA,Dispensary,-11.6080859,34.3012409,22874,52964
MW281448,Tulonkhondo Health Centre,South East Zone,NA,Health Centre,-15.7496,34.52277,14870,43837
RU141449,Twisile,North Zone,NA,Clinic,-10.9776,33.74598,19279,47007
NK101450,Ukasi,Central East Zone,NA,Clinic,-12.52926,34.16337,14753,47889
LL041451,Ukwe,Centrals West Zone,NA,Health Centre,-13.82586,33.60129,26873,108972
BT241452,Ulemu,South East Zone,NA,Clinic,-15.77529,35.00207,377753,789382
KA151453,Uliwa,North Zone,NA,Health Post,-10.454047,34.207592,28225,59271
BK171454,ulongwe health centre,South West Zone,NA,Health Centre,-14.86247,35.17734,32377,80099
MG201455,Umodzi,South West Zone,NA,Clinic,-14.47692,35.2643,79666,133463
KU071457,Umoyo Private clinic,Central East Zone,NA,Clinic,-13.039873,33.481274,73190,114900
MC191458,Umoyo,South West Zone,NA,Clinic,-14.99987,35.49031,30391,96451
BT241460,Umunthu Foundation private Clinic,South East Zone,NA,Clinic,-15.84,35.1,167305,567730
CK271461,Umuoneke,South East Zone,NA,Clinic,-16.062656,34.819652,35000,83699
MZ161462,Ungweru,North Zone,NA,Clinic,-11.8951925,33.5919896,38903,63212
BT241463,Ungweru,South East Zone,NA,Clinic,-15.75,35,301927,691939
KB051466,Usisya health centre,North Zone,NA,Health Centre,-11.2394,34.20941,8714,13188
BK171467,Utale 1,South West Zone,NA,Health Centre,-15.17774,35.06424,12665,40151
BK171468,Utale 2,South West Zone,NA,Health Centre,-15.16981,35.07239,12240,39978
KU071469,Mphatso zathu,Central East Zone,NA,Clinic,-13.0675,33.48297,69333,116197
MZ161470,Vibangalala,North Zone,NA,Dispensary,-12.23433,33.48619,10478,44040
KA151471,Vilaule,North Zone,NA,Health Post,-9.944731,33.773907,4263,18147
BT241474,Viyuyi Mathews M. Yankho Priv,South East Zone,NA,Clinic,-15.74251,35.0776,184005,607200
MZ161476,Vitumbiko,North Zone,NA,Clinic,-11.46986,34.06929,26820,200613
KB051477,Vizara,North Zone,NA,Dispensary,-11.66656,34.26115,14585,65844
MZ161478,WAFC,North Zone,NA,Clinic,-12.35458,33.55284,16986,41121
MC011480,Waliranji 2,Centrals West Zone,NA,Clinic,-13.97113,33.272523,28512,86529
PH221481,Waruma,South West Zone,NA,Health Post,-15.77083,35.550567,35330,128244
ZA231483,We care,South West Zone,NA,Clinic,-15.37806,35.36123,103138,213593
BT241484,Wehmat,South East Zone,NA,Clinic,-15.8,35.01,369749,873435
CP061485,Wenya,North Zone,NA,Health Centre,-10.11286,33.56344,6116,12427
LL041486,Westclif,Centrals West Zone,NA,Clinic,-14.00768,33.81013,607263,982481
MZ161487,Wezi,North Zone,NA,Hospital,-11.4659514,34.0133805,181267,225564
BT241488,White Dove,South East Zone,NA,Clinic,-15.767186,34.999598,343434,763101
KA151489,Wililo,North Zone,NA,Health Centre,-9.89312,33.61404,2333,4968
KU071490,Wimbe,Central East Zone,NA,Health Centre,-12.99126,33.68694,11975,38372
RU141491,Wongani,North Zone,NA,Clinic,-11.02379,33.85419,26484,60356
NK101492,World Medical Fund,Central East Zone,NA,Clinic,-12.91536,34.28338,42221,69737
KA151493,Escom,North Zone,NA,Clinic,-10.44389,34.08461,4209,20970
NK101494,Yamikani,Central East Zone,NA,Clinic,-12.927064,34.290048,41127,68818
KU071496,"Yankho,Tunza",Central East Zone,NA,Clinic,-13.04044,33.48111,73254,114999
NE291498,Zalewa DAPP Clinic,South East Zone,NA,Clinic,-15.44995,34.8504,12545,47611
NE291499,Zalewa PIH,South East Zone,NA,Clinic,-15.45,34.85,12524,47457
MC191500,Zasintha,South West Zone,NA,Clinic,-14.74521,35.56532,40738,111628
MZ161501,Zawanja,North Zone,NA,Clinic,-12.35,33.55,16807,41739
ZA231502,Zilindo,South West Zone,NA,Health Centre,-15.3805,35.3013,87340,192505
BT241505,Zingwangwa private clinic,South East Zone,NA,Clinic,-15.817047,35.014587,261220,856093
TH311506,Zoa Health Centre,South East Zone,NA,Health Centre,-16.23764,35.19992,35727,143006
MZ161507,Zolozolo,North Zone,NA,Health Centre,-11.4352564,34.0241716,179828,226172
ZA231508,Banja la mtsogolo,South West Zone,NA,Clinic,-15.38919,35.31989,124005,201218
ZA231509,General,South West Zone,NA,Central Hospital,-15.3994,35.31378,109243,204087
ZA231510,Zomba Prison Hospital,South West Zone,NA,Dispensary,-15.39611,35.31248,108574,201903
ZA231511,city clinic,South West Zone,NA,Dispensary,-15.383472,35.321326,124088,200029
ZA231513,Mental,South West Zone,NA,Hospital,-15.39874,35.30477,96959,200512
RU141514,Zunga,North Zone,NA,Health Centre,-10.84628,34.21231,1906,5933
NT081516,Chasolo,Central East Zone,NA,Health Centre,-13.2512161,34.3015278,22766,50962
NT081517,Chinkhande,Central East Zone,NA,Health Centre,-13.2512161,34.3015278,22766,50962
PH221518,Namasoko Dispensary,South West Zone,NA,Dispensary,-15.739998,35.604002,32859,148800
BT241520,Ntonda Health Centre,South East Zone,NA,Health Centre,-13.2512161,34.3015278,22766,50962
BT241521,Kachere,South East Zone,NA,Health Centre,-13.2512161,34.3015278,22766,50962
BT241522,Khungulu,South East Zone,NA,Health Centre,-13.2512161,34.3015278,22766,50962
NS301523,New Makhanga,South East Zone,NA,Health Centre,-13.2512161,34.3015278,22766,50962
BK171524,Balaka OPD Health Centre,South West Zone,NA,Health Centre,-14.990816,34.960833,59128,111125
BT241525,Bangwe Madina Health Centre,South East Zone,NA,Health Centre,-15.82429634,35.08775711,221849,687455
KU071526,Bua Dispensary,Central East Zone,NA,Dispensary,-13.29372,33.5385,26068,78242
TH311527,Bvumbwe Research Health Centre,South East Zone,NA,Health Centre,-15.8905,35.06825,62819,430682
CP061528,Chisasu Health Post,North Zone,NA,Health Post,-9.728244458,33.44372241,6229,29495
NE291529,Dambe Health Centre,South East Zone,NA,Health Centre,-15.56075495,34.50506393,35439,81348
BT241530,Blantyre,South East Zone,NA,Clinic,-15.862694,34.970778,71110,358186
BT241531,MACRO Chirimba,South East Zone,NA,Clinic,-15.74368425,35.01398563,327586,686880
LL041532,Diamphwi Health Centre,Centrals West Zone,NA,Health Centre,-14.13436,34.08153,30852,121620
NK101534,Dwangwa Matiki Clinic,Central East Zone,NA,Clinic,-12.499,34.154,25357,49417
MZ161535,Enukweni Mission Health Centre,North Zone,NA,Health Centre,-11.18005,33.88592,17924,44374
NK101536,Kaongozi Health Centre,Central East Zone,NA,Health Centre,-12.9290803,34.2780554,43474,71462
MG201537,Kapire Health Centre,South West Zone,NA,Health Centre,-14.7858441,34.9994002,16732,63643
KA151538,Kayerekera Health Centre,North Zone,NA,Health Centre,-9.94921887,33.9233951,64207,100884
DE031539,Police College Mua,Centrals West Zone,NA,Health Centre,-14.22589,34.51142,23154,62058
MU211540,Ruo Dispensary,South West Zone,NA,Dispensary,-16.08964,35.66507,27638,93415
SA091541,Senga Bay Baptist Health Centre,Central East Zone,NA,Health Centre,-13.74117,34.59536,24767,41870
TH311544,Thekerani Health Centre,South East Zone,NA,Health Centre,-16.32106,35.20716,42016,112857
LL041548,Umoyo Private Clinic,Centrals West Zone,NA,Clinic,-14.99987,35.49031,30391,96451
PH221549,Phalombe District Hospital,South West Zone,NA,District Hospital,-15.7170604,35.7038228,37134,117310
LL041551,MASM Area 12,Centrals West Zone,NA,Private,-13.95170261,33.78546407,355336,1192035
BT241552,Chisomo,South East Zone,NA,Clinic,-15.652717,35.019541,42394,171379
BT241553,MDF Secondary School Clinic,South East Zone,NA,Clinic,-15.70130052,35.00832081,81617,495635
BT241554,Makata Dispensary Ndirande,South East Zone,NA,Dispensary,-15.63006,35.07975,30427,126540
MZ161563,Manolo Health Centre,North Zone,NA,Health Centre,-11.89804079,33.58455561,39434,65112
LL041564,McGuire Wellness Center (Child Legacy),Centrals West Zone,NA,Clinic,-14.06792776,33.4719913,26462,109800
MG201565,Mehboob Clinic,South West Zone,NA,Clinic,-14.36357094,35.16665224,26417,49923
MG201571,Namalweso,South West Zone,NA,Health Centre,-13.95226,35.137631,11385,19433
MG201573,Njereza,South West Zone,NA,Health Centre,-14.3392413,35.0317026,4010,29105
MG201574,Cape Mclear Dispensary,South West Zone,NA,Health Centre,-14.0259407,34.8521397,10896,24786
MG201575,Msaka Dispendary,South West Zone,NA,Dispensary,-14.0792622,34.8522917,7175,39905
CP061576,St. Cynthia Health Centre,North Zone,NA,Health Centre,-9.660097314,33.32054152,10543,67800
MC011577,Chiwanga Health Post,Centrals West Zone,NA,Health Post,-14.22809624,33.40584972,383,15712
CP061578,Chinongo,North Zone,NA,Health Post,-9.713222615,33.4161471,8164,32393
CP061579,Damsca,North Zone,NA,Health Post,-9.773001,33.522856,3116,16109
CP061580,Kasaghala,North Zone,NA,Health Post,-9.773001,33.522856,3116,16109
CP061581,Moto,North Zone,NA,Health Post,-9.773001,33.522856,3116,16109
CP061582,Mtogha,North Zone,NA,Health Post,-9.773001,33.522856,3116,16109
CP061583,St. Clara,North Zone,NA,Health Centre,-9.9776826,33.4102447,4860,12568
CP061584,St. Cynthia,North Zone,NA,Health Centre,-9.773001,33.522856,3116,16109
CP061585,Zambwe,North Zone,NA,Health Post,-9.773001,33.522856,3116,16109
DE031586,Bema,Centrals West Zone,NA,Dispensary,-14.15069,34.31881,18338,74191
DE031587,Chejero,Centrals West Zone,NA,Health Post,-14.15069,34.31881,18338,74191
DE031588,Chiluzi,Centrals West Zone,NA,Health Post,-14.15069,34.31881,18338,74191
DE031589,Chinkombero,Centrals West Zone,NA,Health Centre,-14.15069,34.31881,18338,74191
DA021590,Nadzikhale,Central East Zone,NA,Health Centre,-14.15069,34.31881,18338,74191
DE031591,Tchetsa,Centrals West Zone,NA,Dispensary,-14.15069,34.31881,18338,74191
DA021592,Chikhobwe,Central East Zone,NA,Health Post,-13.27878,33.68392,16365,61863
DA021593,Chimwanjati,Central East Zone,NA,Health Post,-13.27878,33.68392,16365,61863
DA021594,Chingondo,Central East Zone,NA,Health Post,-13.27878,33.68392,16365,61863
DA021595,Dzalo,Central East Zone,NA,Health Post,-13.27878,33.68392,16365,61863
DA021596,Jonasi,Central East Zone,NA,Health Post,-13.27878,33.68392,16365,61863
DA021597,Manondo,Central East Zone,NA,Health Post,-13.27878,33.68392,16365,61863
DA021598,Mtayafuko,Central East Zone,NA,Health Post,-13.27878,33.68392,16365,61863
DA021599,Tchawale,Central East Zone,NA,Health Post,-13.27878,33.68392,16365,61863
KU071600,Chanthunthu,Central East Zone,NA,Health Post,-13.29403,33.53859,26069,78228
KU071601,Chima,Central East Zone,NA,Health Post,-13.29403,33.53859,26069,78228
KU071602,Kadifula,Central East Zone,NA,Health Post,-13.29403,33.53859,26069,78228
KU071603,Kamphotola,Central East Zone,NA,Health Post,-13.29403,33.53859,26069,78228
KU071604,Kaphaizi,Central East Zone,NA,Health Centre,-13.29403,33.53859,26069,78228
KU071605,Liziri,Central East Zone,NA,Health Post,-13.29403,33.53859,26069,78228
KU071606,Mankhaka,Central East Zone,NA,Clinic,-13.29403,33.53859,26069,78228
KU071607,Mbongozi,Central East Zone,NA,Health Post,-13.29403,33.53859,26069,78228
KU071608,Miyowe,Central East Zone,NA,Health Post,-13.29403,33.53859,26069,78228
KU071609,Mnthumbo,Central East Zone,NA,Health Post,-13.29403,33.53859,26069,78228
KU071610,Mphomwa,Central East Zone,NA,Clinic,-13.29403,33.53859,26069,78228
LL041611,Chiputu,Centrals West Zone,NA,Health Post,-13.95473,33.7793,360302,1228732
LL041612,Kandiyani,Centrals West Zone,NA,Health Post,-13.95473,33.7793,360302,1228732
LL041613,Kanyerere,Centrals West Zone,NA,Health Post,-13.95473,33.7793,360302,1228732
LL041614,Kapudzama,Centrals West Zone,NA,Health Post,-13.95473,33.7793,360302,1228732
LL041615,Katenje,Centrals West Zone,NA,Health Post,-13.95473,33.7793,360302,1228732
LL041616,Masinja,Centrals West Zone,NA,Health Post,-13.95473,33.7793,360302,1228732
LL041617,Mthang'ombe,Centrals West Zone,NA,Health Post,-13.95473,33.7793,360302,1228732
LL041618,Nyanda,Centrals West Zone,NA,Health Post,-13.95473,33.7793,360302,1228732
LL041619,Sese,Centrals West Zone,NA,Health Post,-13.95473,33.7793,360302,1228732
LL041620,St. Chavala,Centrals West Zone,NA,Health Centre,-13.95473,33.7793,360302,1228732
LL041621,Zabira,Centrals West Zone,NA,Health Post,-13.95473,33.7793,360302,1228732
LL041622,Zabira,Centrals West Zone,NA,Health Post,-13.95473,33.7793,360302,1228732
MC191623,Chipamba,South West Zone,NA,Health Post,-14.7655,35.66691,27785,100061
MG201624,Lupetere,South West Zone,NA,Health Post,-14.48,35.26,80841,131886
MG201625,Makoli,South West Zone,NA,Health Post,-14.4434386,35.341996,24143,99231
MG201626,Nalikolo,South West Zone,NA,Health Post,-14.48,35.26,80841,131886
MC011628,Border Wellness Centre,Centrals West Zone,NA,Health Post,-13.79508,32.89221,34596,64475
MC011629,Kamchere,Centrals West Zone,NA,Health Post,-13.79508,32.89221,34596,64475
MC011630,Kanyanda,Centrals West Zone,NA,Health Post,-13.79508,32.89221,34596,64475
MC011633,Matutu,Centrals West Zone,NA,Health Post,-13.79508,32.89221,34596,64475
MC011634,Sunama,Centrals West Zone,NA,Health Post,-13.79508,32.89221,34596,64475
MC011635,Tongozara,Centrals West Zone,NA,Health Post,-13.79508,32.89221,34596,64475
MW281636,Chimbwinda,South East Zone,NA,Health Post,-15.59747,34.51505,43198,81551
MW281637,Chimlango,South East Zone,NA,Health Post,-15.59747,34.51505,43198,81551
MW281638,Chimweta,South East Zone,NA,Health Post,-15.59747,34.51505,43198,81551
MW281639,Galafa,South East Zone,NA,Health Post,-15.59747,34.51505,43198,81551
MW281640,Gunde,South East Zone,NA,Health Post,-15.59747,34.51505,43198,81551
MW281641,Kalanga,South East Zone,NA,Health Post,-15.59747,34.51505,43198,81551
MW281642,Kapiseni,South East Zone,NA,Health Post,-15.59747,34.51505,43198,81551
MW281643,Samu,South East Zone,NA,Health Post,-15.59747,34.51505,43198,81551
MW281644,Samu,South East Zone,NA,Health Post,-15.59747,34.51505,43198,81551
MW281645,Thambala,South East Zone,NA,Health Post,-15.59747,34.51505,43198,81551
MZ161646,Chaboli,North Zone,NA,Health Post,-11.6781,33.44798,9515,33817
MZ161647,Chasefu,North Zone,NA,Health Centre,-11.6781,33.44798,9515,33817
MZ161648,Chikwa,North Zone,NA,Health Post,-11.6781,33.44798,9515,33817
MZ161649,Dimi,North Zone,NA,Unclassified,-11.6781,33.44798,9515,33817
MZ161650,Emthuzini,North Zone,NA,Health Centre,-11.6781,33.44798,9515,33817
MZ161651,Jandalala,North Zone,NA,Health Centre,-11.6781,33.44798,9515,33817
MZ161652,Kajorwe,North Zone,NA,Health Post,-11.6781,33.44798,9515,33817
MZ161653,Kakombwe,North Zone,NA,Health Centre,-11.6781,33.44798,9515,33817
MZ161654,Kaluwe,North Zone,NA,Health Centre,-11.6781,33.44798,9515,33817
MZ161655,Kalweya,North Zone,NA,Health Post,-11.6781,33.44798,9515,33817
MZ161656,Kasenga,North Zone,NA,Health Post,-11.6781,33.44798,9515,33817
MZ161657,Lukwelukwe,North Zone,NA,Health Centre,-11.6781,33.44798,9515,33817
MZ161658,Machecheta,North Zone,NA,Health Post,-11.6781,33.44798,9515,33817
MZ161659,Malinyete,North Zone,NA,Health Post,-11.6781,33.44798,9515,33817
MZ161660,Mkwangwali,North Zone,NA,Health Centre,-11.6781,33.44798,9515,33817
MZ161661,Mtuzuzu,North Zone,NA,Unclassified,-11.6781,33.44798,9515,33817
MZ161662,Mzoma,North Zone,NA,Unclassified,-11.6781,33.44798,9515,33817
MZ161663,Phembe,North Zone,NA,Health Centre,-12.54903193,33.51304244,22062,58986
MZ161664,Tangatanga,North Zone,NA,Health Post,-11.6781,33.44798,9515,33817
MZ161665,Zowe,North Zone,NA,Unclassified,-11.6781,33.44798,9515,33817
NE291666,Binje,South East Zone,NA,Health Post,-15.59825,34.69892,2976,13518
NE291667,Chawe,South East Zone,NA,Health Post,-15.59825,34.69892,2976,13518
NE291668,Feremu,South East Zone,NA,Health Post,-15.59825,34.69892,2976,13518
NE291669,Gonthi,South East Zone,NA,Health Post,-15.59825,34.69892,2976,13518
NE291670,Kam'mwamba,South East Zone,NA,Health Post,-15.59825,34.69892,2976,13518
NE291671,Mbemba,South East Zone,NA,Health Post,-15.59825,34.69892,2976,13518
NE291672,Mwetang'ombe,South East Zone,NA,Health Post,-15.59825,34.69892,2976,13518
NE291673,Nsenjere,South East Zone,NA,Health Post,-15.59825,34.69892,2976,13518
NE291674,Ntanja,South East Zone,NA,Health Post,-15.59825,34.69892,2976,13518
KB051675,Chituka,North Zone,NA,Health Post,-11.22268,34.12324,1564,7264
KB051676,Makumbo,North Zone,NA,Health Post,-11.22268,34.12324,1564,7264
KB051677,Mazamba,North Zone,NA,Health Post,-11.22268,34.12324,1564,7264
NS301678,Lundu,South East Zone,NA,Health Post,-17.0468,35.21658,19973,54489
NT081679,Chafumbwa,Central East Zone,NA,Health Post,-13.26166,33.86851,14251,56424
NT081680,Chanjoka,Central East Zone,NA,Health Post,-13.26166,33.86851,14251,56424
NT081681,Chazim'bobo,Central East Zone,NA,Health Post,-13.26166,33.86851,14251,56424
NT081682,Mndimba,Central East Zone,NA,Health Post,-13.26166,33.86851,14251,56424
NT081683,Mthiransembe,Central East Zone,NA,Health Post,-13.26166,33.86851,14251,56424
NT081684,Namdzomba,Central East Zone,NA,Health Post,-13.26166,33.86851,14251,56424
NT081685,Ndendere,Central East Zone,NA,Health Post,-13.26166,33.86851,14251,56424
NT081686,Njakwa,Central East Zone,NA,Health Post,-13.26166,33.86851,14251,56424
NT081687,Nyanga,Central East Zone,NA,Health Post,-13.26166,33.86851,14251,56424
RU141688,Bembe,North Zone,NA,Health Post,-10.76924,33.55751,8140,20288
RU141689,Chaguwu,North Zone,NA,Health Post,-10.76924,33.55751,8140,20288
RU141690,Chakaka,North Zone,NA,Health Post,-10.76924,33.55751,8140,20288
RU141691,Junju,North Zone,NA,Health Post,-10.76924,33.55751,8140,20288
RU141692,Kanyerere,North Zone,NA,Health Centre,-10.76924,33.55751,8140,20288
RU141693,Kasenga,North Zone,NA,Health Post,-10.76924,33.55751,8140,20288
RU141694,Mala,North Zone,NA,Health Post,-10.76924,33.55751,8140,20288
RU141695,Mjuma,North Zone,NA,Health Post,-10.76924,33.55751,8140,20288
RU141696,Mweyeye,North Zone,NA,Health Post,-10.76924,33.55751,8140,20288
RU141697,Nkhombwa,North Zone,NA,Health Post,-10.76924,33.55751,8140,20288
SA091698,Hope,Central East Zone,NA,Health Centre,-13.77065,34.44174,69211,126933
SA091699,Mnema,Central East Zone,NA,Health Centre,-13.77065,34.44174,69211,126933
ZA231700,Chuluchosema,South West Zone,NA,Health Centre,-15.46571,35.51662,31127,112954
ZA231702,Hope Medi,South West Zone,NA,Clinic,-15.46571,35.51662,31127,112954
ZA231704,Khanda,South West Zone,NA,Health Centre,-15.5566963,35.8193749,19145,40621
ZA231705,Makina,South West Zone,NA,Health Centre,-15.46571,35.51662,31127,112954
ZA231706,Sitima,South West Zone,NA,Health Post,-15.46571,35.51662,31127,112954
CP061707,Kasitu,North Zone,NA,Health Post,-9.692779353,33.36424422,11939,58681
DE031708,Magomero,Centrals West Zone,NA,Dispensary,-14.37970566,34.30903158,31191,70766
MG201709,St. Mary's,South West Zone,NA,Hospital,-14.5422193,35.1821163,19855,63950
RU141710,Luviri,North Zone,NA,Health Post,-11.02445329,33.86422674,26184,60667
MC011711,Mzama,Centrals West Zone,NA,Health Post,-14.13307181,33.40829109,19010,68836
MC011712,Mzenga,Centrals West Zone,NA,Health Post,-13.74374865,32.93412449,13503,83524
MC011713,Santhe,Centrals West Zone,NA,Health Post,-13.65297195,32.89864784,7197,39301
MU211714,Chimbalanga,South West Zone,NA,Health Post,-16.06445179,35.46579245,46667,155918
DA021715,Nambuma,Central East Zone,NA,Health Centre,-13.6014645,33.95193377,12503,69564
BK171716,Tayanda,South West Zone,NA,Clinic,-14.984486,34.949439,59656,115576
RU141719,Kasenga,North Zone,NA,Health Centre,-11.17229855,33.82341468,12288,43137
MW281720,Mwanza Boarder Clinic,South East Zone,NA,Health Centre,-15.79889772,35.35815763,27107,97639
MW281722,Mwanza Border Clinic,South East Zone,NA,Health Centre,-15.63436273,35.46692835,21008,91690
ZA231723,Chuluchosema,South West Zone,NA,Health Centre,-15.4429457,35.3669177,35024,230395
ZA231724,Sitima,South West Zone,NA,Health Centre,-15.4117893,35.4436095,28535,159854
NT121725,Extending Hope,Centrals West Zone,NA,Health Centre,-14.83362526,34.78717755,20219,82262
NT121726,Livulezi Health Centre,Centrals West Zone,NA,Health Post,-14.85176922,34.74434966,24608,81614
CK271727,Mindanti,South East Zone,NA,Health Centre,-16.0791,34.568655,15059,30889
KU071728,St. Denis Health Centre,Central East Zone,NA,Health Centre,-12.9953214,33.3779012,11039,39515
MG201729,Monkeybay DIC-Pakachere,South West Zone,NA,Health Centre,-14.0847423,34.9128377,13845,37044
MZ161732,Hora,North Zone,NA,Health Centre,-11.645009,33.651632,7036,29913
MZ161733,Engalaweni,North Zone,NA,Health Centre,-11.908296,33.365893,11265,39203
CK271734,Majete,South East Zone,NA,Health Centre,-15.873873,34.767251,2417,13487
CK271735,Majete 6,South East Zone,NA,Health Centre,-16.156663000000002,34.712992,17451,41674
CK271737,Majete 3,South East Zone,NA,Health Centre,-16.020747,34.525114,10729,28213
TH311738,Asamala Clini,South East Zone,NA,Dispensary,-16.0667812,35.1445823,34269,128789
TH311739,Queens Care Clinic,South East Zone,NA,Health Post,-16.0729497,35.1403255,34621,129522
LL041740,Tiyamike Clinic,Centrals West Zone,NA,Dispensary,-14.0199445,33.7779498,526151,1010520
LL041741,Chigonjetso Private Clinic,Centrals West Zone,NA,Health Post,-14.018808,33.7765284,527108,1015798
LL041742,Morning Side Clinic,Centrals West Zone,NA,Dispensary,-14.0101752,33.7846637,592457,1059520
LL041743,T & J Dental Clinic,Centrals West Zone,NA,Dispensary,-13.909956,33.7490188,356564,652151
LL041744,Liberty Medical Clinic,Centrals West Zone,NA,Clinic,-13.8987058,33.7527068,311381,630376
LL041745,24 Hours Nsungwi,Centrals West Zone,NA,Dispensary,-13.8882744,33.755233,287746,587886
LL041746,TRUST CLINIC,Centrals West Zone,NA,Dispensary,-14.0200611,33.7932912,573830,985286
LL041747,Nguluwe,Centrals West Zone,NA,Health Centre,-14.0753967,33.6188717,30516,131059
LL041748,Nguluwe,Centrals West Zone,NA,Health Centre,-14.0753967,33.6188717,30516,131059
LL041749,Vivida,Centrals West Zone,NA,Dispensary,-14.0119727,33.7787036,560438,1051244
DA021750,Chuzu,Central East Zone,NA,Health Post,-13.7293643,33.8702651,25542,128008
DA021751,Mtimaukanena,Central East Zone,NA,Health Post,-13.7457348,33.8058742,54741,126712
DA021752,Chivala,Central East Zone,NA,Health Post,-13.7107599,33.8063273,28030,135323
DA021753,Charity Private clinic,Central East Zone,NA,Dispensary,-13.65767,33.8741402,33919,97429
DA021754,Innocent souls medical clinic,Central East Zone,NA,Dispensary,-13.6584457,33.9374209,23856,86001
DA021755,Kasese health center,Central East Zone,NA,Health Centre,-13.6,33.8,24451,108029
DA021756,Kawere,Central East Zone,NA,Health Post,-13.5130923,33.7139905,41079,116022
DA021757,Daimoni,Central East Zone,NA,Health Post,-13.6417786,33.5328729,24207,95014
DA021758,Lipiri,Central East Zone,NA,Health Post,-13.5715895,33.6013386,21338,83867
DA021759,Chilima,Central East Zone,NA,Health Post,-13.5719406,33.7958093,24078,116861
NT081761,Chister Private Clinic,Central East Zone,NA,Private,-13.3625742,33.9181166,29439,75293
NT081762,Ovie private Clinic,Central East Zone,NA,Private,-13.3630462,33.9071874,30679,78414
NT081763,Peace Private Clinic,Central East Zone,NA,Private,-13.3630462,33.9071874,30679,78414
DE031764,Banja La Mtsogolo,Centrals West Zone,NA,Clinic,-14.01,33.77,529950,1056136
DE031765,Tunza Clinic,Centrals West Zone,NA,Health Post,-14,33,5513,18781
DE031766,St Cornelius,Centrals West Zone,NA,Health Centre,-14.3825698,34.2963398,32351,67476
NT121767,Dochas,Centrals West Zone,NA,Health Centre,-14.9297308,34.5981342,13910,26242
DE031768,Thamanda Private  Clinc,Centrals West Zone,NA,Dispensary,-14.442691,34.0068314,25440,75515
DE031769,Thete Private  Clinc,Centrals West Zone,NA,Dispensary,-14.3076823,34.0798918,33808,120209
DE031770,Viano Private Clinic,Centrals West Zone,NA,Health Post,-14.1718331,34.1151144,27146,108998
DE031771,Kabwazi Private Clinic,Centrals West Zone,NA,Health Post,-14.2769258,34.0009519,27391,124244
DE031772,Shangarayi Private Clinic,Centrals West Zone,NA,Health Post,-14.302401,34.0806719,35144,118579
BT241773,B Y medical clinic,South East Zone,NA,Unclassified,-14,33,5513,18781
BT241774,Mphatso clinic,South East Zone,NA,Unclassified,-14,33,5513,18781
BT241775,Kuhes,South East Zone,NA,Unclassified,-14,33,5513,18781
NT121778,Doviko,Centrals West Zone,NA,Health Centre,-15.5566,35.8193,19164,40617
NK101781,Tiyamike Clinic,Central East Zone,NA,Dispensary,-13.3090984,34.113709,19491,45940
NK101782,Ngwamoyo Clinic,Central East Zone,NA,Dispensary,-13.3714102,34.2660195,20703,45536
NK101783,Tamandani Clinic,Central East Zone,NA,Dispensary,-15,35.8,3522,20384
NK101784,Nkhotakota Hospita,Central East Zone,NA,District Hospital,-12.9242558,34.2782753,43147,70849
NK101785,Tachira Clinic,Central East Zone,NA,Health Centre,-11.6104042,34.2975954,23960,54367
MZ161787,Chizani Clinic,North Zone,NA,Health Post,-12.50329685,33.62274169,13517,39309
MZ161788,St John Of God,North Zone,NA,Unclassified,-11.4562213,34.0139769,187058,227072
MZ161789,Uchembere Wabwino Clinic,North Zone,NA,Clinic,-11.4602792,34.0069417,185563,228291
MZ161791,Mpostoli Clinix,North Zone,NA,Dispensary,-11.4608198,33.9937933,180380,231485
MU131792,Muzu Eye Clinic,North Zone,NA,Dispensary,-11.4605414,34.0228737,181380,224116
MC011793,Dumasi Private Clinic,Centrals West Zone,NA,Health Centre,-13.7933738,32.8936653,34830,65406
MC011795,Good Samaritan Clinic,Centrals West Zone,NA,Private,-13.7933738,32.8936653,34830,65406
KA151796,Songer Border Dispensary,North Zone,NA,Dispensary,-9.590913,33.7757792,11710,21375
KA151797,Thawiro Dispensary,North Zone,NA,Dispensary,-15.3581515,35.5116866,23168,94997
MG201798,Marine Clinic,South West Zone,NA,Health Centre,-14.0717805,34.9158617,14229,38687
MC011800,Good Samaritan Clinic,Centrals West Zone,NA,Dispensary,-13.7933738,32.8936653,34830,65406
MG201801,Megboob hospital,South West Zone,NA,Hospital,-14.21,35.1,6454,24466
MG201802,DMI clinic,South West Zone,NA,Dispensary,-14.5470019,35.178185,18753,51391
MC191803,Alena Clinic,South West Zone,NA,Health Post,-14.7657972,35.6689335,27876,99401
MZ161804,Lunjika,North Zone,NA,Health Centre,-11.764361,33.685696,11243,32020
SA091805,Chisamba,Central East Zone,NA,Health Centre,-13.784275,34.400132,45258,116174
MG201806,Kuchinga,South West Zone,NA,Health Centre,-14.359361,35.530167,33319,84311
KU071807,Kakwale,Central East Zone,NA,Clinic,-12.503054,33.544323,10507,47202
KB051808,Kwidu,North Zone,NA,Clinic,-11.541639,34.180138,16109,38341
MZ161809,Ekwendeni,North Zone,NA,Clinic,-11.369831,33.882877,22739,54312
MZ161810,FPAM,North Zone,NA,Clinic,-11.461489,34.017365,183474,225374
BT241811,Bangwe,South East Zone,NA,Dispensary,-15.84015,35.083595,214871,653847
MZ161812,Katoto,North Zone,NA,Dispensary,-11.458099,34.012962,186393,227064
BT241813,Blantyre,South East Zone,NA,Dispensary,-15.455379,35.116379,8675,63299
BT241814,Blantyre,South East Zone,NA,Health Centre,-15.80401,35.016811,361541,891010
BT241815,Chirimba,South East Zone,NA,Dispensary,-15.743391,35.018944,332278,688621
BT241816,COM,South East Zone,NA,Clinic,-15.80489,35.005669,313259,852383
MZ161817,Watipa,North Zone,NA,Clinic,-11.46048,34.018162,183841,225335
MZ161818,Zolozolo,North Zone,NA,Dispensary,-11.44384,34.02528,184150,225381
MZ161819,Zolozolo,North Zone,NA,Dispensary,-11.43551,34.02417,180037,226159
BT241820,Mthunzi-wathu,South East Zone,NA,Clinic,-15.735082,35.06031,231719,624398
BT241821,Naperi,South East Zone,NA,Dispensary,-15.810602,35.013298,300202,869049
NE291822,FPAM,South East Zone,NA,Clinic,-15.404709,34.654583,14701,40635
BT241823,Sos,South East Zone,NA,Health Centre,-15.72571,35.05822,149825,588612
KB051825,BLM,North Zone,NA,Clinic,-11.609069999999999,34.298988,23580,53815
CK271826,Nchalo,South East Zone,NA,Health Centre,-16.270485,34.86367,36256,70221
CR261827,Malavi,South East Zone,NA,Health Centre,-15.83686,35.14867,52095,332642
NK101828,Mazunga,Central East Zone,NA,Clinic,-12.510015,34.111526,26481,54597
DE031829,FPAM,Centrals West Zone,NA,Clinic,-14.388437,34.317677,28385,67840
NT081830,St.,Central East Zone,NA,Clinic,-13.149629,33.839478,18423,56428
KA151831,Ngerenge,North Zone,NA,Dispensary,-9.8193669,33.8281918,23222,69956
KU071833,Emmanuel,Central East Zone,NA,Clinic,-13.29402,33.53675,26193,78081
LL041835,Area,Centrals West Zone,NA,Dispensary,-13.89561,33.761448,309240,629857
LL041836,Area,Centrals West Zone,NA,Dispensary,-14.01632,33.785866,572368,1027224
TH311837,MUST,South East Zone,NA,Clinic,-15.901806,35.216888,40803,163584
LL041838,Asha,Centrals West Zone,NA,Health Centre,-13.961618,33.761932,325269,1232662
ZA231839,Matawale,South West Zone,NA,Dispensary,-15.385289,35.357662,116046,213436
LL041840,Likuni,Centrals West Zone,NA,Dispensary,-14.03051,33.712784,164116,658094
LL041841,Lilongwe District Health Office,Centrals West Zone,NA,Health Centre,-13.9927,33.774879,533560,1156205
LL041843,Biwi,Centrals West Zone,NA,Health Centre,-14.0013,33.4727,35377,114900
KU071844,Chambwe,Central East Zone,NA,Health Centre,-13.19416667,33.65666667,13081,53183
KU071845,Kasungu BLM,Central East Zone,NA,Clinic,-13.04628,33.4791,73699,115902
BK171846,Phalula,South West Zone,NA,Clinic,-15.22476,34.89033,11146,24952
BK171847,Primary,South West Zone,NA,Clinic,-15.05602,35.21495,42421,88301
ZA231848,Malmed,South West Zone,NA,Clinic,-15.38361,35.32215,124639,200322
LL041849,Area 25 BLM,Centrals West Zone,NA,Clinic,-13.89558,33.76382,310493,630341
LL041850,Falls BLM,Centrals West Zone,NA,Clinic,-13.99657,33.77887,564856,1132884
LL041851,kawale BLM,Centrals West Zone,NA,Clinic,-13.99154,33.79512,594978,1125304
LL041852,NRC,Centrals West Zone,NA,Clinic,-14.0007,33.394199,33402,119653
LL041853,Nthambi,Centrals West Zone,NA,Clinic,-13.55546,33.770401,42129,119940
ZA231854,Zomba Airbase Clinic,South West Zone,NA,Clinic,-15.388428,35.384308,75767,222432
MC191855,Machinga DIC,South West Zone,NA,Dispensary,-15.062584,35.22348,42356,85694
MC191856,Ntaja DIC,South West Zone,NA,Dispensary,-14.867734,35.532791,33736,101872
MG201857,FPAM,South West Zone,NA,Clinic,-14.465004,35.246414,76960,134302
MG201858,Mangochi DIC 2,South West Zone,NA,Dispensary,-14.480145,35.266258,79920,133117
MG201859,Masasa,South West Zone,NA,Clinic,-13.671981,34.3512,13152,55424
MG201860,Mbalama,South West Zone,NA,Health Centre,-14.71431,35.498909,15397,86098
MG201861,Medicare,South West Zone,NA,Clinic,-14.48247,35.25959,81343,131093
MC011862,Funuel,Centrals West Zone,NA,Dispensary,-13.50413,33.03624,12450,57035
MC011863,Home of Hope,Centrals West Zone,NA,Clinic,-13.715006,32.900158,7539,59642
MC011864,Mchinji,Centrals West Zone,NA,Clinic,-13.794971,32.892204,34597,64497
MC011865,Mchinji,Centrals West Zone,NA,Health Centre,-13.753247,32.799061,8026,16624
BT241884,Nancholi,South East Zone,NA,Health Centre,-15.827409,34.969353,147904,548072
NT081885,Malindi,Central East Zone,NA,Dispensary,-13.395518,34.208982,6791,47860
NT081886,Chandawe,Central East Zone,NA,Health Centre,-13.228351,33.882811,13688,48100
MZ161887,ECOHS,North Zone,NA,Clinic,-11.374623,33.8786,22989,54852
NK101888,Shukran,Central East Zone,NA,Clinic,-13.1633149,34.3332745,15574,53278
BT241889,New Life,South East Zone,NA,Dispensary,-15.4338446,35.1906024,16969,84183
DA021890,Tunza,Central East Zone,NA,Dispensary,-13.551705,33.741792,44338,119192
LL041892,Wungweru,Centrals West Zone,NA,Dispensary,-13.896568,33.759526,310239,630966
LL041893,Mpingu Medical Clinic,Centrals West Zone,NA,Clinic,-13.9902535,33.5919834,33151,119913
BT241894,Homecare,South East Zone,NA,Clinic,-15.809939,34.992444,241745,766894
LL041895,Kauma Pvt Clinic,Centrals West Zone,NA,Clinic,-13.945187,33.818601,179611,1043247
LL041896,Angoni Pharmacy,Centrals West Zone,NA,Unclassified,-13.995482,33.808584,601294,1062839
BT241899,Prima Pharmacy,South East Zone,NA,Unclassified,-15.47231,35.5231772,29921,112451
BT241900,BKM,South East Zone,NA,Clinic,-15.809658,34.991799,241865,761187
LL041902,COCHI,Centrals West Zone,NA,Unclassified,-13.53498,33.45413,15474,61009
LL041903,Home Care,Centrals West Zone,NA,Unclassified,-14.021168,33.801051,579890,946548
KU071904,JVC Pharmacy,Central East Zone,NA,Unclassified,-13.040142,33.480668,73217,114986
LL041905,Mitch,Centrals West Zone,NA,Unclassified,-13.985137,33.767411,458790,1186015
MC011907,Nafuse Health Centre,Centrals West Zone,NA,Health Centre,-13.81432209,33.15905278,23452,80273
SA091908,Pemba Health Centre,Central East Zone,NA,Health Centre,-13.76214,34.42199,57501,121986
MC011909,Mphelero Health Centre,Centrals West Zone,NA,Health Centre,-13.80273,32.88716,33615,60657
SA091910,Hope Clinic,Central East Zone,NA,Clinic,-13.76214,34.42199,57501,121986
BT241911,Makwasa,South East Zone,NA,Clinic,-15.748188,35.080911,202640,629974
ZA231912,Machilitso Health Centre,South West Zone,NA,Health Centre,-15.451539,35.407192,31853,167554
ZA231913,Hope Clinic,South West Zone,NA,Private,-15.379586,35.360051,106616,213429
ZA231914,Hope Clinic,South West Zone,NA,Clinic,-15.379586,35.360051,106616,213429
TH311915,Lomola,South East Zone,NA,Health Centre,-16.10158,35.287508,42313,147680
TH311916,Thowela,South East Zone,NA,Health Centre,-16.030848,35.2750725,51663,178211
BT241917,Klaus,South East Zone,NA,Health Centre,-15.66774,35.09414,29724,198445
SA091918,Chifundo Health Centre,Central East Zone,NA,Unclassified,-13.59695,34.31111,27068,82711
MZ161919,Madise,North Zone,NA,Health Centre,-13.2512161,34.3015278,22766,50962
DE031920,Linthipe,Centrals West Zone,NA,Private,-14.200862,34.130391,25437,100824
CP061921,Right Care Pvt Clinic,North Zone,NA,Private,-10.343823,33.63828,10230,24500
MZ161923,Uchizi,North Zone,NA,Clinic,-11.894834,33.591575,38935,63311
MZ161924,Tinachimwemwe,North Zone,NA,Clinic,-11.3675,33.8825,22612,53979
KU071925,Kapichira,Central East Zone,NA,Health Centre,-12.899257,33.935962,17750,42390
MZ161926,CHC Clinic,North Zone,NA,Clinic,-11.402139,33.997889,85874,227311
MZ161927,Sunrise,North Zone,NA,Clinic,-11.44613,34.02615,183538,225007
RU141928,Mlare,North Zone,NA,Clinic,-10.854243,34.000653,10492,30363
KA151929,Uchindami,North Zone,NA,Private,-10.4496276,34.2098134,28964,58563
RU141931,Hewe Medical Clinic,North Zone,NA,Clinic,-10.81194444,33.52444444,15306,29514
MC191932,Chaone,South West Zone,NA,Health Centre,-15.125573,35.424026,5814,64657
BT241933,Butterfly Child Care,South East Zone,NA,Clinic,-14,34,26720,108529
SA091934,Mary Lou,Central East Zone,NA,Clinic,-14.110214,34.52324,25978,45996
BK171935,Khwisa Community Hospital,South West Zone,NA,Hospital,-14.8965465,34.9464315,16384,91074
RU141937,Evademaya,North Zone,NA,Private,-10.96002,33.64862,9942,35426
DA021938,Wandikweza,Central East Zone,NA,Health Centre,-13.435191,33.617826,31039,85277
DA021939,Grace,Central East Zone,NA,Health Centre,-13.762986,34.208915,14779,45934
LK181940,Chima,North Zone,NA,Dispensary,-12.085324,34.734633,4828,6526
